ID,time,latitude,longitude,ve,vn,gap,drogue_lost_date,typebuoy
,UTC,degrees_north,degrees_east,m/s,m/s,seconds,UTC,
116364,2015-01-05T12:00:00Z,27.38751,-39.17993,-0.1163,0.0145,1015.9583,2015-01-25T00:00:00Z,SVP
116364,2015-01-05T13:00:00Z,27.38809,-39.18414,-0.116,0.0149,1015.9583,2015-01-25T00:00:00Z,SVP
116364,2015-01-05T14:00:00Z,27.3888,-39.18868,-0.1157,0.0156,1015.9583,2015-01-25T00:00:00Z,SVP
116364,2015-01-05T15:00:00Z,27.3897,-39.19357,-0.1153,0.0167,1015.9583,2015-01-25T00:00:00Z,SVP
116364,2015-01-05T16:00:00Z,27.39097,-39.19893,-0.1147,0.0184,1015.9583,2015-01-25T00:00:00Z,SVP
116364,2015-01-05T17:00:00Z,27.38917,-39.19636,0.1521,-0.0041,253.20834,2015-01-25T00:00:00Z,SVP
116364,2015-01-05T18:00:00Z,27.37211,-39.1907,0.1615,0.3597,253.20834,2015-01-25T00:00:00Z,SVP
116364,2015-01-05T19:00:00Z,27.38409,-39.18481,0.1615,0.3595,253.20834,2015-01-25T00:00:00Z,SVP
116364,2015-01-05T20:00:00Z,27.3956,-39.18032,-0.0811,-0.0393,237.29167,2015-01-25T00:00:00Z,SVP
116364,2015-01-05T21:00:00Z,27.39307,-39.18429,-0.0813,-0.032,237.29167,2015-01-25T00:00:00Z,SVP
116364,2015-01-05T22:00:00Z,27.39225,-39.18801,-0.1008,-0.0653,318.16666,2015-01-25T00:00:00Z,SVP
116364,2015-01-05T23:00:00Z,27.3905,-39.19086,-0.1027,-0.0662,318.16666,2015-01-25T00:00:00Z,SVP
116364,2015-01-06T00:00:00Z,27.3882,-39.19441,-0.1018,-0.1096,144.16667,2015-01-25T00:00:00Z,SVP
116364,2015-01-06T01:00:00Z,27.38378,-39.19855,-0.0391,-0.1921,601.2084,2015-01-25T00:00:00Z,SVP
116364,2015-01-06T02:00:00Z,27.37736,-39.19968,-0.039,-0.1919,601.2084,2015-01-25T00:00:00Z,SVP
116364,2015-01-06T03:00:00Z,27.37108,-39.20125,-0.0385,-0.1918,601.2084,2015-01-25T00:00:00Z,SVP
116364,2015-01-06T04:00:00Z,27.36486,-39.20346,-0.0375,-0.1918,601.2084,2015-01-25T00:00:00Z,SVP
116364,2015-01-06T05:00:00Z,27.35905,-39.20536,-0.0017,-0.1867,246.16667,2015-01-25T00:00:00Z,SVP
116364,2015-01-06T06:00:00Z,27.35276,-39.20406,-0.015,-0.1854,246.16667,2015-01-25T00:00:00Z,SVP
116364,2015-01-06T07:00:00Z,27.34777,-39.20504,-0.0191,-0.1415,249.58333,2015-01-25T00:00:00Z,SVP
116364,2015-01-06T08:00:00Z,27.34343,-39.20509,-0.0165,-0.124,144.16667,2015-01-25T00:00:00Z,SVP
116364,2015-01-06T09:00:00Z,27.34003,-39.21525,0.0341,-0.0663,115.958336,2015-01-25T00:00:00Z,SVP
116364,2015-01-06T10:00:00Z,27.33744,-39.19527,-0.1632,-0.0292,355.0417,2015-01-25T00:00:00Z,SVP
116364,2015-01-06T11:00:00Z,27.33679,-39.20197,-0.1551,-0.0306,355.0417,2015-01-25T00:00:00Z,SVP
116364,2015-01-06T12:00:00Z,27.33617,-39.2082,-0.1418,-0.0336,355.0417,2015-01-25T00:00:00Z,SVP
116364,2015-01-06T13:00:00Z,27.3351,-39.2127,-0.034,0.0551,126.58333,2015-01-25T00:00:00Z,SVP
116364,2015-01-06T14:00:00Z,27.34828,-39.21372,-0.0281,3.0E-4,337.5,2015-01-25T00:00:00Z,SVP
116364,2015-01-06T15:00:00Z,27.33997,-39.21484,-0.0285,0.0714,337.5,2015-01-25T00:00:00Z,SVP
116364,2015-01-06T16:00:00Z,27.34101,-39.21587,-0.0286,0.0686,337.5,2015-01-25T00:00:00Z,SVP
116364,2015-01-06T17:00:00Z,27.34438,-39.21769,-0.0504,0.0327,256.66666,2015-01-25T00:00:00Z,SVP
116364,2015-01-06T18:00:00Z,27.34854,-39.21992,-0.0791,-0.0771,235.50002,2015-01-25T00:00:00Z,SVP
116364,2015-01-06T19:00:00Z,27.34416,-39.22336,-0.0821,-0.0427,235.50002,2015-01-25T00:00:00Z,SVP
116364,2015-01-06T20:00:00Z,27.34307,-39.22658,-0.1014,-0.0666,249.58333,2015-01-25T00:00:00Z,SVP
116364,2015-01-06T21:00:00Z,27.33973,-39.23065,-0.1009,-0.0717,249.58333,2015-01-25T00:00:00Z,SVP
116364,2015-01-06T22:00:00Z,27.34063,-39.23405,-0.0983,-0.0143,355.0417,2015-01-25T00:00:00Z,SVP
116364,2015-01-06T23:00:00Z,27.34222,-39.23741,-0.0992,-0.0107,355.0417,2015-01-25T00:00:00Z,SVP
116364,2015-01-07T00:00:00Z,27.33973,-39.24184,-0.124,-0.026,147.58333,2015-01-25T00:00:00Z,SVP
116364,2015-01-07T01:00:00Z,27.33876,-39.24821,-0.1695,-0.1244,102.0,2015-01-25T00:00:00Z,SVP
116364,2015-01-07T02:00:00Z,27.33231,-39.24448,0.018,-0.1566,506.25,2015-01-25T00:00:00Z,SVP
116364,2015-01-07T03:00:00Z,27.32702,-39.24339,0.0181,-0.1569,506.25,2015-01-25T00:00:00Z,SVP
116364,2015-01-07T04:00:00Z,27.3222,-39.24253,0.0182,-0.1581,506.25,2015-01-25T00:00:00Z,SVP
116364,2015-01-07T05:00:00Z,27.31773,-39.24351,-0.0164,-0.1682,256.66666,2015-01-25T00:00:00Z,SVP
116364,2015-01-07T06:00:00Z,27.31124,-39.24305,-0.0334,-0.1666,256.66666,2015-01-25T00:00:00Z,SVP
116364,2015-01-07T07:00:00Z,27.30758,-39.24613,-0.0683,-0.1329,235.50002,2015-01-25T00:00:00Z,SVP
116364,2015-01-07T08:00:00Z,27.30383,-39.24875,-0.0526,-0.1045,232.04169,2015-01-25T00:00:00Z,SVP
116364,2015-01-07T09:00:00Z,27.29918,-39.24997,-0.0505,-0.1084,232.04169,2015-01-25T00:00:00Z,SVP
116364,2015-01-07T10:00:00Z,27.29741,-39.25312,-0.0652,-0.0721,499.20834,2015-01-25T00:00:00Z,SVP
116364,2015-01-07T11:00:00Z,27.29585,-39.25573,-0.067,-0.0666,499.20834,2015-01-25T00:00:00Z,SVP
116364,2015-01-07T12:00:00Z,27.29336,-39.25754,-0.0643,-0.0674,499.20834,2015-01-25T00:00:00Z,SVP
116364,2015-01-07T13:00:00Z,27.29164,-39.26284,-0.1828,-0.0563,123.166664,2015-01-25T00:00:00Z,SVP
116364,2015-01-07T14:00:00Z,27.29334,-39.26969,-0.1716,-0.1316,383.0833,2015-01-25T00:00:00Z,SVP
116364,2015-01-07T15:00:00Z,27.28522,-39.27596,-0.1699,-0.0911,383.0833,2015-01-25T00:00:00Z,SVP
116364,2015-01-07T16:00:00Z,27.28102,-39.2828,-0.1379,-0.101,242.54167,2015-01-25T00:00:00Z,SVP
116364,2015-01-07T17:00:00Z,27.28035,-39.28711,-0.1397,-0.1216,242.54167,2015-01-25T00:00:00Z,SVP
116364,2015-01-07T18:00:00Z,27.27708,-39.29186,-0.1318,-0.0874,203.83333,2015-01-25T00:00:00Z,SVP
116364,2015-01-07T19:00:00Z,27.27189,-39.29737,0.066,0.0615,249.58333,2015-01-25T00:00:00Z,SVP
116364,2015-01-07T20:00:00Z,27.27431,-39.29399,0.0719,0.0664,249.58333,2015-01-25T00:00:00Z,SVP
116364,2015-01-07T21:00:00Z,27.27602,-39.29035,0.0995,0.0664,263.7083,2015-01-25T00:00:00Z,SVP
116364,2015-01-07T22:00:00Z,27.27918,-39.28804,0.0888,0.0729,263.7083,2015-01-25T00:00:00Z,SVP
116364,2015-01-07T23:00:00Z,27.28022,-39.2841,0.1008,0.0313,242.54167,2015-01-25T00:00:00Z,SVP
116364,2015-01-08T00:00:00Z,27.28012,-39.24832,-0.1383,0.0277,112.5,2015-01-25T00:00:00Z,SVP
116364,2015-01-08T01:00:00Z,27.28191,-39.27731,0.054,0.0176,527.4166,2015-01-25T00:00:00Z,SVP
116364,2015-01-08T02:00:00Z,27.28209,-39.27459,0.051,0.0143,527.4166,2015-01-25T00:00:00Z,SVP
116364,2015-01-08T03:00:00Z,27.28274,-39.27226,0.0483,0.0147,527.4166,2015-01-25T00:00:00Z,SVP
116364,2015-01-08T04:00:00Z,27.28392,-39.26999,0.0432,0.0171,527.4166,2015-01-25T00:00:00Z,SVP
116364,2015-01-08T05:00:00Z,27.27655,-39.26843,0.0646,-0.2047,256.66666,2015-01-25T00:00:00Z,SVP
116364,2015-01-08T06:00:00Z,27.26391,-39.268,-5.0E-4,-0.139,284.83334,2015-01-25T00:00:00Z,SVP
116364,2015-01-08T07:00:00Z,27.26276,-39.26653,0.0043,-0.1904,284.83334,2015-01-25T00:00:00Z,SVP
116364,2015-01-08T08:00:00Z,27.25722,-39.26282,-0.2655,-0.1796,151.20834,2015-01-25T00:00:00Z,SVP
116364,2015-01-08T09:00:00Z,27.25061,-39.27263,-0.2739,-0.1482,102.0,2015-01-25T00:00:00Z,SVP
116364,2015-01-08T10:00:00Z,27.24852,-39.27514,-0.045,-0.0418,407.83334,2015-01-25T00:00:00Z,SVP
116364,2015-01-08T11:00:00Z,27.24684,-39.27618,-0.0443,-0.0446,407.83334,2015-01-25T00:00:00Z,SVP
116364,2015-01-08T12:00:00Z,27.24174,-39.27799,-0.0433,-0.0775,407.83334,2015-01-25T00:00:00Z,SVP
116369,2015-01-05T12:00:00Z,15.73798,-46.47784,0.0159,0.1036,118.79167,2015-02-02T00:00:00Z,SVP
116369,2015-01-05T13:00:00Z,15.73786,-46.4744,0.0506,-0.0381,539.99994,2015-02-02T00:00:00Z,SVP
116369,2015-01-05T14:00:00Z,15.73575,-46.47478,0.038,-0.0401,539.99994,2015-02-02T00:00:00Z,SVP
116369,2015-01-05T15:00:00Z,15.73451,-46.47534,0.0262,-0.0407,539.99994,2015-02-02T00:00:00Z,SVP
116369,2015-01-05T16:00:00Z,15.73405,-46.4768,0.0141,-0.0418,539.99994,2015-02-02T00:00:00Z,SVP
116369,2015-01-05T17:00:00Z,15.73093,-46.4701,0.0032,-0.0849,244.79167,2015-02-02T00:00:00Z,SVP
116369,2015-01-05T18:00:00Z,15.73121,-46.46758,-0.0301,0.3175,284.41666,2015-02-02T00:00:00Z,SVP
116369,2015-01-05T19:00:00Z,15.74515,-46.47041,-0.004,0.2569,284.41666,2015-02-02T00:00:00Z,SVP
116369,2015-01-05T20:00:00Z,15.7534,-46.47022,0.0041,0.2383,324.0,2015-02-02T00:00:00Z,SVP
116369,2015-01-05T21:00:00Z,15.7603,-46.4696,0.0127,0.2275,324.0,2015-02-02T00:00:00Z,SVP
116369,2015-01-05T22:00:00Z,15.76527,-46.4671,0.1248,0.1124,284.41666,2015-02-02T00:00:00Z,SVP
116369,2015-01-05T23:00:00Z,15.76344,-46.46003,0.1187,0.0947,284.41666,2015-02-02T00:00:00Z,SVP
116369,2015-01-06T00:00:00Z,15.76528,-46.45603,0.1247,0.2154,140.41666,2015-02-02T00:00:00Z,SVP
116369,2015-01-06T01:00:00Z,15.77438,-46.45165,0.1026,0.2203,612.0,2015-02-02T00:00:00Z,SVP
116369,2015-01-06T02:00:00Z,15.78037,-46.44809,0.1022,0.2242,612.0,2015-02-02T00:00:00Z,SVP
116369,2015-01-06T03:00:00Z,15.78692,-46.44452,0.1016,0.2273,612.0,2015-02-02T00:00:00Z,SVP
116369,2015-01-06T04:00:00Z,15.79355,-46.44089,0.1005,0.2314,612.0,2015-02-02T00:00:00Z,SVP
116369,2015-01-06T05:00:00Z,15.8002,-46.43766,0.0706,0.1985,255.58333,2015-02-02T00:00:00Z,SVP
116369,2015-01-06T06:00:00Z,15.80981,-46.43546,0.0672,0.219,255.58333,2015-02-02T00:00:00Z,SVP
116369,2015-01-06T07:00:00Z,15.8136,-46.43757,-0.085,-0.0,244.79167,2015-02-02T00:00:00Z,SVP
116369,2015-01-06T08:00:00Z,15.81358,-46.44173,-0.0842,-0.0021,244.79167,2015-02-02T00:00:00Z,SVP
116369,2015-01-06T09:00:00Z,15.81338,-46.44562,-0.1303,-0.0127,608.4167,2015-02-02T00:00:00Z,SVP
116369,2015-01-06T10:00:00Z,15.81292,-46.4498,-0.13,-0.0127,608.4167,2015-02-02T00:00:00Z,SVP
116369,2015-01-06T11:00:00Z,15.81241,-46.45385,-0.1297,-0.0127,608.4167,2015-02-02T00:00:00Z,SVP
116369,2015-01-06T12:00:00Z,15.81166,-46.45698,-0.128,-0.0126,608.4167,2015-02-02T00:00:00Z,SVP
116369,2015-01-06T13:00:00Z,15.81206,-46.46393,-0.1297,-0.0138,144.0,2015-02-02T00:00:00Z,SVP
116369,2015-01-06T14:00:00Z,15.81255,-46.46282,0.0097,0.0222,424.79166,2015-02-02T00:00:00Z,SVP
116369,2015-01-06T15:00:00Z,15.81149,-46.46152,0.0093,0.0037,424.79166,2015-02-02T00:00:00Z,SVP
116369,2015-01-06T16:00:00Z,15.81076,-46.46074,0.0118,0.0921,273.58334,2015-02-02T00:00:00Z,SVP
116369,2015-01-06T17:00:00Z,15.81783,-46.46219,0.0071,0.0616,273.58334,2015-02-02T00:00:00Z,SVP
116369,2015-01-06T18:00:00Z,15.82055,-46.46205,-0.0012,-0.0137,216.00002,2015-02-02T00:00:00Z,SVP
116369,2015-01-06T19:00:00Z,15.82007,-46.46177,6.0E-4,-0.0243,216.00002,2015-02-02T00:00:00Z,SVP
116369,2015-01-06T20:00:00Z,15.81732,-46.46257,-0.0258,-0.0871,255.58333,2015-02-02T00:00:00Z,SVP
116369,2015-01-06T21:00:00Z,15.81491,-46.46179,-0.0812,-0.0713,370.79166,2015-02-02T00:00:00Z,SVP
116369,2015-01-06T22:00:00Z,15.81272,-46.46533,-0.0802,-0.0693,370.79166,2015-02-02T00:00:00Z,SVP
116369,2015-01-06T23:00:00Z,15.80967,-46.46787,-0.0834,-0.0711,370.79166,2015-02-02T00:00:00Z,SVP
116369,2015-01-07T00:00:00Z,15.8168,-46.49069,-0.3197,0.1226,118.79167,2015-02-02T00:00:00Z,SVP
116369,2015-01-07T01:00:00Z,15.82156,-46.49223,-0.0233,0.1911,658.7917,2015-02-02T00:00:00Z,SVP
116369,2015-01-07T02:00:00Z,15.82629,-46.48038,-0.1155,0.1817,658.7917,2015-02-02T00:00:00Z,SVP
116369,2015-01-07T03:00:00Z,15.82954,-46.48346,-0.1143,0.1636,658.7917,2015-02-02T00:00:00Z,SVP
116369,2015-01-07T04:00:00Z,15.83303,-46.48616,-0.1121,0.1564,658.7917,2015-02-02T00:00:00Z,SVP
116369,2015-01-07T05:00:00Z,15.84017,-46.48964,0.0026,0.2354,248.41667,2015-02-02T00:00:00Z,SVP
116369,2015-01-07T06:00:00Z,15.85314,-46.49762,-0.0253,0.1854,248.41667,2015-02-02T00:00:00Z,SVP
116369,2015-01-07T07:00:00Z,15.85705,-46.49293,0.1807,0.2108,233.99998,2015-02-02T00:00:00Z,SVP
116369,2015-01-07T08:00:00Z,15.86341,-46.48684,0.1613,0.1314,90.0,2015-02-02T00:00:00Z,SVP
116369,2015-01-07T09:00:00Z,15.8684,-46.48302,0.0722,0.1476,514.7916,2015-02-02T00:00:00Z,SVP
116369,2015-01-07T10:00:00Z,15.87226,-46.48061,0.0718,0.1423,514.7916,2015-02-02T00:00:00Z,SVP
116369,2015-01-07T11:00:00Z,15.87548,-46.47793,0.0722,0.1349,514.7916,2015-02-02T00:00:00Z,SVP
116369,2015-01-07T12:00:00Z,15.87793,-46.47511,0.0638,0.0998,594.0,2015-02-02T00:00:00Z,SVP
116369,2015-01-07T13:00:00Z,15.88189,-46.4734,0.0628,0.1043,594.0,2015-02-02T00:00:00Z,SVP
116369,2015-01-07T14:00:00Z,15.89164,-46.47155,0.0623,0.1468,594.0,2015-02-02T00:00:00Z,SVP
116369,2015-01-07T15:00:00Z,15.89845,-46.46976,0.0618,0.1542,594.0,2015-02-02T00:00:00Z,SVP
116369,2015-01-07T16:00:00Z,15.90224,-46.46733,0.0968,-0.0421,269.99997,2015-02-02T00:00:00Z,SVP
116369,2015-01-07T17:00:00Z,15.89331,-46.4638,0.1008,0.0442,269.99997,2015-02-02T00:00:00Z,SVP
116369,2015-01-07T18:00:00Z,15.89491,-46.46034,0.1226,0.0125,464.41666,2015-02-02T00:00:00Z,SVP
116369,2015-01-07T19:00:00Z,15.89685,-46.45557,0.121,0.0038,464.41666,2015-02-02T00:00:00Z,SVP
116369,2015-01-07T20:00:00Z,15.89792,-46.45038,0.1176,-0.0037,464.41666,2015-02-02T00:00:00Z,SVP
116369,2015-01-07T21:00:00Z,15.89744,-46.44552,0.1094,0.0167,493.20834,2015-02-02T00:00:00Z,SVP
116369,2015-01-07T22:00:00Z,15.89723,-46.44311,0.1148,0.0189,493.20834,2015-02-02T00:00:00Z,SVP
116369,2015-01-07T23:00:00Z,15.89736,-46.43993,0.1186,0.0208,493.20834,2015-02-02T00:00:00Z,SVP
116369,2015-01-08T00:00:00Z,15.89772,-46.43631,0.1322,0.032,662.4166,2015-02-02T00:00:00Z,SVP
116369,2015-01-08T01:00:00Z,15.89909,-46.43152,0.1322,0.032,662.4166,2015-02-02T00:00:00Z,SVP
116369,2015-01-08T02:00:00Z,15.9003,-46.4269,0.1321,0.032,662.4166,2015-02-02T00:00:00Z,SVP
116369,2015-01-08T03:00:00Z,15.90141,-46.42238,0.1322,0.0321,662.4166,2015-02-02T00:00:00Z,SVP
116369,2015-01-08T04:00:00Z,15.90239,-46.41801,0.1325,0.0323,662.4166,2015-02-02T00:00:00Z,SVP
116369,2015-01-08T05:00:00Z,15.90332,-46.41267,0.1503,0.0332,252.0,2015-02-02T00:00:00Z,SVP
116369,2015-01-08T06:00:00Z,15.90491,-46.40728,0.2098,0.0103,0.0,2015-02-02T00:00:00Z,SVP
116369,2015-01-08T07:00:00Z,15.89738,-46.39815,0.228,-0.1137,273.58334,2015-02-02T00:00:00Z,SVP
116369,2015-01-08T08:00:00Z,15.89146,-46.39003,0.1939,-0.1802,162.0,2015-02-02T00:00:00Z,SVP
116369,2015-01-08T09:00:00Z,15.8892,-46.38566,0.0339,-0.1339,82.791664,2015-02-02T00:00:00Z,SVP
116369,2015-01-08T10:00:00Z,15.88415,-46.38961,-0.0782,-0.0883,298.7917,2015-02-02T00:00:00Z,SVP
116369,2015-01-08T11:00:00Z,15.88152,-46.39041,-0.071,-0.0878,298.7917,2015-02-02T00:00:00Z,SVP
116369,2015-01-08T12:00:00Z,15.87972,-46.39122,-0.4622,0.0082,126.0,2015-02-02T00:00:00Z,SVP
116474,2015-01-05T12:00:00Z,32.69975,-30.65779,-0.036,-0.2554,118.79167,2015-11-21T00:00:00Z,SVPB
116474,2015-01-05T13:00:00Z,32.69156,-30.65728,0.0501,-0.2239,136.79167,2015-11-21T00:00:00Z,SVPB
116474,2015-01-05T14:00:00Z,32.68593,-30.65582,0.0365,-0.1595,198.00002,2015-11-21T00:00:00Z,SVPB
116474,2015-01-05T15:00:00Z,32.67986,-30.65432,0.0359,-0.1674,230.41667,2015-11-21T00:00:00Z,SVPB
116474,2015-01-05T16:00:00Z,32.67644,-30.65302,0.0366,-0.1638,230.41667,2015-11-21T00:00:00Z,SVPB
116474,2015-01-05T17:00:00Z,32.66846,-30.65064,0.0811,-0.2438,273.58334,2015-11-21T00:00:00Z,SVPB
116474,2015-01-05T18:00:00Z,32.66071,-30.64889,0.1273,-0.2611,255.58333,2015-11-21T00:00:00Z,SVPB
116474,2015-01-05T19:00:00Z,32.65233,-30.63945,0.1756,-0.2604,255.58333,2015-11-21T00:00:00Z,SVPB
116474,2015-01-05T20:00:00Z,32.64349,-30.63391,-0.0036,-0.2675,327.58334,2015-11-21T00:00:00Z,SVPB
116474,2015-01-05T21:00:00Z,32.63508,-30.63483,-0.0095,-0.2663,327.58334,2015-11-21T00:00:00Z,SVPB
116474,2015-01-05T22:00:00Z,32.62751,-30.63441,-0.0169,-0.2573,154.79166,2015-11-21T00:00:00Z,SVPB
116474,2015-01-05T23:00:00Z,32.61729,-30.63688,0.1508,-0.1053,122.416664,2015-11-21T00:00:00Z,SVPB
116474,2015-01-06T00:00:00Z,32.61428,-30.63043,0.1619,-0.082,493.20834,2015-11-21T00:00:00Z,SVPB
116474,2015-01-06T01:00:00Z,32.61138,-30.62459,0.1619,-0.0821,493.20834,2015-11-21T00:00:00Z,SVPB
116474,2015-01-06T02:00:00Z,32.60862,-30.61844,0.1618,-0.0822,493.20834,2015-11-21T00:00:00Z,SVPB
116474,2015-01-06T03:00:00Z,32.60592,-30.61249,0.106,-0.0887,241.20834,2015-11-21T00:00:00Z,SVPB
116474,2015-01-06T04:00:00Z,32.60324,-30.60837,0.1024,-0.0891,241.20834,2015-11-21T00:00:00Z,SVPB
116474,2015-01-06T05:00:00Z,32.60018,-30.60412,0.0655,-0.0998,255.58333,2015-11-21T00:00:00Z,SVPB
116474,2015-01-06T06:00:00Z,32.59701,-30.60271,0.0705,-0.1009,255.58333,2015-11-21T00:00:00Z,SVPB
116474,2015-01-06T07:00:00Z,32.59195,-30.59794,0.1069,-0.1645,129.58333,2015-11-21T00:00:00Z,SVPB
116474,2015-01-06T08:00:00Z,32.58679,-30.59375,0.1447,0.0448,144.0,2015-11-21T00:00:00Z,SVPB
116474,2015-01-06T09:00:00Z,32.59148,-30.59576,0.0702,0.1112,345.5833,2015-11-21T00:00:00Z,SVPB
116474,2015-01-06T10:00:00Z,32.59158,-30.58305,0.1673,0.0685,345.5833,2015-11-21T00:00:00Z,SVPB
116474,2015-01-06T11:00:00Z,32.59225,-30.57537,0.1681,0.0619,345.5833,2015-11-21T00:00:00Z,SVPB
116474,2015-01-06T12:00:00Z,32.6012,-30.5819,0.1555,0.0886,118.79167,2015-11-21T00:00:00Z,SVPB
116474,2015-01-06T13:00:00Z,32.59436,-30.56898,0.2758,-0.0639,223.20834,2015-11-21T00:00:00Z,SVPB
116474,2015-01-06T14:00:00Z,32.59371,-30.55974,0.2813,-0.0738,223.20834,2015-11-21T00:00:00Z,SVPB
116474,2015-01-06T15:00:00Z,32.59108,-30.54946,0.245,-0.0544,248.41667,2015-11-21T00:00:00Z,SVPB
116474,2015-01-06T16:00:00Z,32.58883,-30.53847,0.2449,-0.053,248.41667,2015-11-21T00:00:00Z,SVPB
116474,2015-01-06T17:00:00Z,32.58669,-30.53152,0.1946,-0.0878,244.79167,2015-11-21T00:00:00Z,SVPB
116474,2015-01-06T18:00:00Z,32.58452,-30.52529,0.143,-0.086,233.99998,2015-11-21T00:00:00Z,SVPB
116474,2015-01-06T19:00:00Z,32.57446,-30.51849,0.1547,-0.1639,233.99998,2015-11-21T00:00:00Z,SVPB
116474,2015-01-06T20:00:00Z,32.57796,-30.51539,0.1111,-0.0416,277.20834,2015-11-21T00:00:00Z,SVPB
116474,2015-01-06T21:00:00Z,32.57784,-30.51467,0.0919,-0.0582,277.20834,2015-11-21T00:00:00Z,SVPB
116474,2015-01-06T22:00:00Z,32.57248,-30.50904,0.0336,-0.2167,129.58333,2015-11-21T00:00:00Z,SVPB
116474,2015-01-06T23:00:00Z,32.5677,-30.50782,0.0138,-8.0E-4,118.79167,2015-11-21T00:00:00Z,SVPB
116474,2015-01-07T00:00:00Z,32.56991,-30.5049,0.0982,0.0913,147.58333,2015-11-21T00:00:00Z,SVPB
116474,2015-01-07T01:00:00Z,32.57257,-30.50091,0.1403,0.0904,370.79166,2015-11-21T00:00:00Z,SVPB
116474,2015-01-07T02:00:00Z,32.57562,-30.49594,0.1413,0.0898,370.79166,2015-11-21T00:00:00Z,SVPB
116474,2015-01-07T03:00:00Z,32.57857,-30.49158,0.1281,0.0691,241.20834,2015-11-21T00:00:00Z,SVPB
116474,2015-01-07T04:00:00Z,32.58035,-30.47947,0.2188,0.0677,241.20834,2015-11-21T00:00:00Z,SVPB
116474,2015-01-07T05:00:00Z,32.58301,-30.48258,0.0861,0.0744,252.0,2015-11-21T00:00:00Z,SVPB
116474,2015-01-07T06:00:00Z,32.58533,-30.48478,0.064,0.0751,252.0,2015-11-21T00:00:00Z,SVPB
116474,2015-01-07T07:00:00Z,32.59101,-30.47834,-0.2506,0.2167,118.79167,2015-11-21T00:00:00Z,SVPB
116474,2015-01-07T08:00:00Z,32.59842,-30.48749,-0.2512,0.2437,126.0,2015-11-21T00:00:00Z,SVPB
116474,2015-01-07T09:00:00Z,32.60537,-30.4942,-0.1001,0.1772,126.0,2015-11-21T00:00:00Z,SVPB
116474,2015-01-07T10:00:00Z,32.60954,-30.49774,-0.0599,0.1063,255.58333,2015-11-21T00:00:00Z,SVPB
116474,2015-01-07T11:00:00Z,32.61196,-30.50019,0.1651,-0.0089,115.208336,2015-11-21T00:00:00Z,SVPB
116474,2015-01-07T12:00:00Z,32.61009,-30.49373,0.174,-0.1239,129.58333,2015-11-21T00:00:00Z,SVPB
116474,2015-01-07T13:00:00Z,32.60586,-30.4889,0.0158,-0.1577,241.20834,2015-11-21T00:00:00Z,SVPB
116474,2015-01-07T14:00:00Z,32.60115,-30.49012,0.0034,-0.1567,241.20834,2015-11-21T00:00:00Z,SVPB
116474,2015-01-07T15:00:00Z,32.5968,-30.48621,0.0452,-0.1313,262.79166,2015-11-21T00:00:00Z,SVPB
116474,2015-01-07T16:00:00Z,32.59136,-30.46686,-0.1893,-0.1426,244.79167,2015-11-21T00:00:00Z,SVPB
116474,2015-01-07T17:00:00Z,32.58851,-30.48323,0.0432,-0.1278,244.79167,2015-11-21T00:00:00Z,SVPB
116474,2015-01-07T18:00:00Z,32.58328,-30.48181,-0.043,-0.1836,212.41667,2015-11-21T00:00:00Z,SVPB
116474,2015-01-07T19:00:00Z,32.56361,-30.48299,0.0184,0.0791,241.20834,2015-11-21T00:00:00Z,SVPB
116474,2015-01-07T20:00:00Z,32.56715,-30.48156,0.0238,0.0727,241.20834,2015-11-21T00:00:00Z,SVPB
116474,2015-01-07T21:00:00Z,32.56944,-30.47965,0.0934,0.0836,367.20834,2015-11-21T00:00:00Z,SVPB
116474,2015-01-07T22:00:00Z,32.57195,-30.47586,0.0959,0.0833,367.20834,2015-11-21T00:00:00Z,SVPB
116474,2015-01-07T23:00:00Z,32.57464,-30.47366,0.0925,0.0831,367.20834,2015-11-21T00:00:00Z,SVPB
116474,2015-01-08T00:00:00Z,32.57693,-30.46351,-0.0639,0.0588,637.2083,2015-11-21T00:00:00Z,SVPB
116474,2015-01-08T01:00:00Z,32.57903,-30.46778,-0.0539,0.0589,637.2083,2015-11-21T00:00:00Z,SVPB
116474,2015-01-08T02:00:00Z,32.58125,-30.47074,-0.047,0.059,637.2083,2015-11-21T00:00:00Z,SVPB
116474,2015-01-08T03:00:00Z,32.58363,-30.47289,-0.043,0.0587,637.2083,2015-11-21T00:00:00Z,SVPB
116474,2015-01-08T04:00:00Z,32.58629,-30.4746,-0.0419,0.0566,637.2083,2015-11-21T00:00:00Z,SVPB
116474,2015-01-08T05:00:00Z,32.58555,-30.47668,-0.0718,-0.0414,259.20834,2015-11-21T00:00:00Z,SVPB
116474,2015-01-08T06:00:00Z,32.5839,-30.47952,-0.1122,-0.0447,176.41667,2015-11-21T00:00:00Z,SVPB
116474,2015-01-08T07:00:00Z,32.58281,-30.48492,-0.1195,-0.0433,176.41667,2015-11-21T00:00:00Z,SVPB
116474,2015-01-08T08:00:00Z,32.58345,-30.49342,-0.2223,0.0654,187.20833,2015-11-21T00:00:00Z,SVPB
116474,2015-01-08T09:00:00Z,32.58489,-30.50141,-0.1129,0.0548,266.41666,2015-11-21T00:00:00Z,SVPB
116474,2015-01-08T10:00:00Z,32.58741,-30.50423,-0.1058,0.0634,266.41666,2015-11-21T00:00:00Z,SVPB
116474,2015-01-08T11:00:00Z,32.58552,-30.50494,-0.0075,-0.1381,111.583336,2015-11-21T00:00:00Z,SVPB
116474,2015-01-08T12:00:00Z,32.5811,-30.50417,0.033,-0.1491,133.20833,2015-11-21T00:00:00Z,SVPB
122644,2015-01-05T12:00:00Z,27.57154,-41.00035,-0.0848,-0.006,116.083336,2015-06-15T00:00:00Z,SVP
122644,2015-01-05T13:00:00Z,27.56993,-41.00367,-0.0858,-0.0886,130.04166,2015-06-15T00:00:00Z,SVP
122644,2015-01-05T14:00:00Z,27.56614,-41.0063,-0.0925,-0.138,133.66667,2015-06-15T00:00:00Z,SVP
122644,2015-01-05T15:00:00Z,27.56437,-41.00988,-0.1048,-0.0122,239.08334,2015-06-15T00:00:00Z,SVP
122644,2015-01-05T16:00:00Z,27.56558,-41.01255,-0.1037,-0.0044,239.08334,2015-06-15T00:00:00Z,SVP
122644,2015-01-05T17:00:00Z,27.56378,-41.01703,-0.0886,-0.0161,267.16666,2015-06-15T00:00:00Z,SVP
122644,2015-01-05T18:00:00Z,27.56212,-41.02109,0.0467,-0.0244,260.0833,2015-06-15T00:00:00Z,SVP
122644,2015-01-05T19:00:00Z,27.5624,-41.01795,0.0431,-0.0242,260.0833,2015-06-15T00:00:00Z,SVP
122644,2015-01-05T20:00:00Z,27.56206,-41.01746,0.0207,0.0366,52.666664,2015-06-15T00:00:00Z,SVP
122644,2015-01-05T21:00:00Z,27.56425,-41.01675,-0.0308,0.0545,263.7083,2015-06-15T00:00:00Z,SVP
122644,2015-01-05T22:00:00Z,27.56578,-41.01816,-0.0487,0.0326,172.33334,2015-06-15T00:00:00Z,SVP
122644,2015-01-05T23:00:00Z,27.56648,-41.01992,-0.0469,0.015,115.958336,2015-06-15T00:00:00Z,SVP
122644,2015-01-06T00:00:00Z,27.56544,-41.01827,0.0654,-0.0468,154.66667,2015-06-15T00:00:00Z,SVP
122644,2015-01-06T01:00:00Z,27.56757,-41.01238,0.0428,-0.1001,587.0834,2015-06-15T00:00:00Z,SVP
122644,2015-01-06T02:00:00Z,27.56375,-41.01158,0.0455,-0.0973,587.0834,2015-06-15T00:00:00Z,SVP
122644,2015-01-06T03:00:00Z,27.56041,-41.01055,0.0494,-0.0962,587.0834,2015-06-15T00:00:00Z,SVP
122644,2015-01-06T04:00:00Z,27.55727,-41.00962,0.0623,-0.0962,587.0834,2015-06-15T00:00:00Z,SVP
122644,2015-01-06T05:00:00Z,27.55473,-41.00706,0.0719,-0.0899,253.20834,2015-06-15T00:00:00Z,SVP
122644,2015-01-06T06:00:00Z,27.55181,-41.0034,0.0686,-0.0881,253.20834,2015-06-15T00:00:00Z,SVP
122644,2015-01-06T07:00:00Z,27.55125,-40.99858,0.138,-0.0497,140.70834,2015-06-15T00:00:00Z,SVP
122644,2015-01-06T08:00:00Z,27.5411,-40.99102,-0.0695,0.1883,137.08333,2015-06-15T00:00:00Z,SVP
122644,2015-01-06T09:00:00Z,27.54739,-40.99483,-0.078,0.1727,119.54167,2015-06-15T00:00:00Z,SVP
122644,2015-01-06T10:00:00Z,27.54993,-40.99525,0.0317,-0.0237,242.54167,2015-06-15T00:00:00Z,SVP
122644,2015-01-06T11:00:00Z,27.54898,-40.99431,0.0334,-0.0271,242.54167,2015-06-15T00:00:00Z,SVP
122644,2015-01-06T12:00:00Z,27.54742,-40.99323,-0.0202,-0.0559,112.5,2015-06-15T00:00:00Z,SVP
122644,2015-01-06T13:00:00Z,27.54752,-40.99576,-0.0347,0.0298,137.08333,2015-06-15T00:00:00Z,SVP
122644,2015-01-06T14:00:00Z,27.54683,-40.99484,0.0015,-0.0717,77.41667,2015-06-15T00:00:00Z,SVP
122644,2015-01-06T15:00:00Z,27.54395,-40.99499,-0.0188,-0.0061,235.50002,2015-06-15T00:00:00Z,SVP
122644,2015-01-06T16:00:00Z,27.54249,-40.99928,0.0077,0.0388,256.66666,2015-06-15T00:00:00Z,SVP
122644,2015-01-06T17:00:00Z,27.54422,-40.99622,-0.0027,0.0367,256.66666,2015-06-15T00:00:00Z,SVP
122644,2015-01-06T18:00:00Z,27.54546,-40.99554,-0.0075,0.0352,242.54167,2015-06-15T00:00:00Z,SVP
122644,2015-01-06T19:00:00Z,27.54632,-40.99849,-0.0083,0.035,242.54167,2015-06-15T00:00:00Z,SVP
122644,2015-01-06T20:00:00Z,27.54863,-40.99985,-0.0543,0.066,270.74997,2015-06-15T00:00:00Z,SVP
122644,2015-01-06T21:00:00Z,27.55005,-40.99461,-2.0E-4,0.0652,270.74997,2015-06-15T00:00:00Z,SVP
122644,2015-01-06T22:00:00Z,27.55477,-40.99356,0.056,0.1183,246.16667,2015-06-15T00:00:00Z,SVP
122644,2015-01-06T23:00:00Z,27.55861,-41.00278,0.1489,0.1384,94.958336,2015-06-15T00:00:00Z,SVP
122644,2015-01-07T00:00:00Z,27.5496,-40.99444,-0.22,-0.2345,151.20834,2015-06-15T00:00:00Z,SVP
122644,2015-01-07T01:00:00Z,27.54449,-41.0019,-0.1749,-0.2879,105.458336,2015-06-15T00:00:00Z,SVP
122644,2015-01-07T02:00:00Z,27.5335,-41.00585,-0.1123,-0.2557,506.25,2015-06-15T00:00:00Z,SVP
122644,2015-01-07T03:00:00Z,27.5246,-41.00996,-0.1119,-0.2531,506.25,2015-06-15T00:00:00Z,SVP
122644,2015-01-07T04:00:00Z,27.51583,-41.01439,-0.1101,-0.2504,506.25,2015-06-15T00:00:00Z,SVP
122644,2015-01-07T05:00:00Z,27.50866,-41.01863,-0.0942,-0.2028,256.66666,2015-06-15T00:00:00Z,SVP
122644,2015-01-07T06:00:00Z,27.5023,-41.02144,-0.0936,-0.1948,256.66666,2015-06-15T00:00:00Z,SVP
122644,2015-01-07T07:00:00Z,27.49824,-41.02586,-0.0538,-0.1618,123.0,2015-06-15T00:00:00Z,SVP
122644,2015-01-07T08:00:00Z,27.49262,-41.02745,0.0086,-0.2036,123.0,2015-06-15T00:00:00Z,SVP
122644,2015-01-07T09:00:00Z,27.48578,-41.02896,-0.0742,-0.2018,133.66667,2015-06-15T00:00:00Z,SVP
122644,2015-01-07T10:00:00Z,27.48104,-41.03362,-0.1043,-0.1112,115.958336,2015-06-15T00:00:00Z,SVP
122644,2015-01-07T11:00:00Z,27.4793,-41.03436,-0.0659,-0.0614,249.58333,2015-06-15T00:00:00Z,SVP
122644,2015-01-07T12:00:00Z,27.47647,-41.03337,0.0807,-0.2319,133.66667,2015-06-15T00:00:00Z,SVP
122644,2015-01-07T13:00:00Z,27.46888,-41.03048,0.0847,-0.2209,123.0,2015-06-15T00:00:00Z,SVP
122644,2015-01-07T14:00:00Z,27.46171,-41.027,0.0379,-0.1689,351.58334,2015-06-15T00:00:00Z,SVP
122644,2015-01-07T15:00:00Z,27.45683,-41.02563,0.036,-0.1713,351.58334,2015-06-15T00:00:00Z,SVP
122644,2015-01-07T16:00:00Z,27.45121,-41.02623,-0.1466,-0.1853,270.74997,2015-06-15T00:00:00Z,SVP
122644,2015-01-07T17:00:00Z,27.44466,-41.04539,-0.1514,-0.1856,270.74997,2015-06-15T00:00:00Z,SVP
122644,2015-01-07T18:00:00Z,27.43868,-41.04818,0.0739,-0.1976,207.45834,2015-06-15T00:00:00Z,SVP
122644,2015-01-07T19:00:00Z,27.43235,-41.04307,0.0013,0.1495,246.16667,2015-06-15T00:00:00Z,SVP
122644,2015-01-07T20:00:00Z,27.43832,-41.0459,0.0136,0.1424,246.16667,2015-06-15T00:00:00Z,SVP
122644,2015-01-07T21:00:00Z,27.44237,-41.04577,-0.018,0.1389,263.7083,2015-06-15T00:00:00Z,SVP
122644,2015-01-07T22:00:00Z,27.44673,-41.04491,-0.0173,0.1358,263.7083,2015-06-15T00:00:00Z,SVP
122644,2015-01-07T23:00:00Z,27.44296,-41.045,0.0721,-0.0254,102.0,2015-06-15T00:00:00Z,SVP
122644,2015-01-08T00:00:00Z,27.44314,-41.03982,0.0846,-0.0984,256.66666,2015-06-15T00:00:00Z,SVP
122644,2015-01-08T01:00:00Z,27.44081,-41.03724,-0.0729,-0.0966,527.4166,2015-06-15T00:00:00Z,SVP
122644,2015-01-08T02:00:00Z,27.43673,-41.04058,-0.0717,-0.0965,527.4166,2015-06-15T00:00:00Z,SVP
122644,2015-01-08T03:00:00Z,27.43287,-41.04371,-0.0698,-0.0951,527.4166,2015-06-15T00:00:00Z,SVP
122644,2015-01-08T04:00:00Z,27.429,-41.0468,-0.0652,-0.0916,527.4166,2015-06-15T00:00:00Z,SVP
122644,2015-01-08T05:00:00Z,27.42728,-41.04802,-0.059,-0.0867,253.20834,2015-06-15T00:00:00Z,SVP
122644,2015-01-08T06:00:00Z,27.42522,-41.0498,-0.0401,-0.0831,182.83333,2015-06-15T00:00:00Z,SVP
122644,2015-01-08T07:00:00Z,27.42174,-41.05158,-0.0399,-0.0825,182.83333,2015-06-15T00:00:00Z,SVP
122644,2015-01-08T08:00:00Z,27.41681,-41.05242,-0.0165,-0.1652,189.91667,2015-06-15T00:00:00Z,SVP
122644,2015-01-08T09:00:00Z,27.41376,-41.05355,-0.0753,0.038,63.291664,2015-06-15T00:00:00Z,SVP
122644,2015-01-08T10:00:00Z,27.42716,-41.0604,-0.2415,-0.1388,312.91666,2015-06-15T00:00:00Z,SVP
122644,2015-01-08T11:00:00Z,27.41695,-41.06711,-0.2324,0.0484,312.91666,2015-06-15T00:00:00Z,SVP
122644,2015-01-08T12:00:00Z,27.41888,-41.07891,-0.2916,-0.1173,126.58333,2015-06-15T00:00:00Z,SVP
122645,2015-01-05T12:00:00Z,27.53258,-43.90435,-0.1214,-0.0588,108.91667,2015-04-03T00:00:00Z,SVP
122645,2015-01-05T13:00:00Z,27.53059,-43.90458,-0.0183,-0.1501,133.66667,2015-04-03T00:00:00Z,SVP
122645,2015-01-05T14:00:00Z,27.52445,-43.91391,0.0145,-0.2399,137.08333,2015-04-03T00:00:00Z,SVP
122645,2015-01-05T15:00:00Z,27.51687,-43.90932,-0.0754,-0.2241,291.75003,2015-04-03T00:00:00Z,SVP
122645,2015-01-05T16:00:00Z,27.51008,-43.91035,-0.0741,-0.2242,291.75003,2015-04-03T00:00:00Z,SVP
122645,2015-01-05T17:00:00Z,27.50181,-43.91663,-0.1782,-0.2462,267.16666,2015-04-03T00:00:00Z,SVP
122645,2015-01-05T18:00:00Z,27.49353,-43.92378,-0.1919,-0.2602,260.0833,2015-04-03T00:00:00Z,SVP
122645,2015-01-05T19:00:00Z,27.48534,-43.93023,-0.1919,-0.2604,260.0833,2015-04-03T00:00:00Z,SVP
122645,2015-01-05T20:00:00Z,27.47836,-43.93628,-0.0923,-0.0852,52.666664,2015-04-03T00:00:00Z,SVP
122645,2015-01-05T21:00:00Z,27.47682,-43.9387,-0.0859,-0.0696,260.0833,2015-04-03T00:00:00Z,SVP
122645,2015-01-05T22:00:00Z,27.47455,-43.94203,-0.16,-0.1386,291.75003,2015-04-03T00:00:00Z,SVP
122645,2015-01-05T23:00:00Z,27.46894,-43.9488,-0.1606,-0.1376,291.75003,2015-04-03T00:00:00Z,SVP
122645,2015-01-06T00:00:00Z,27.46328,-43.95575,-0.1854,-0.1705,154.66667,2015-04-03T00:00:00Z,SVP
122645,2015-01-06T01:00:00Z,27.45772,-43.96037,-0.1158,-0.248,102.0,2015-04-03T00:00:00Z,SVP
122645,2015-01-06T02:00:00Z,27.43983,-43.97839,0.0204,-0.1483,492.16663,2015-04-03T00:00:00Z,SVP
122645,2015-01-06T03:00:00Z,27.44212,-43.96795,-0.0877,-0.2353,492.16663,2015-04-03T00:00:00Z,SVP
122645,2015-01-06T04:00:00Z,27.4343,-43.97166,-0.0825,-0.2322,492.16663,2015-04-03T00:00:00Z,SVP
122645,2015-01-06T05:00:00Z,27.42627,-43.97605,-0.0839,-0.1398,242.54167,2015-04-03T00:00:00Z,SVP
122645,2015-01-06T06:00:00Z,27.42094,-43.97771,-0.0796,-0.1358,242.54167,2015-04-03T00:00:00Z,SVP
122645,2015-01-06T07:00:00Z,27.41691,-43.98538,-0.1562,-0.1448,144.16667,2015-04-03T00:00:00Z,SVP
122645,2015-01-06T08:00:00Z,27.41256,-43.99009,-0.144,-0.1273,249.58333,2015-04-03T00:00:00Z,SVP
122645,2015-01-06T09:00:00Z,27.40815,-43.99323,-0.0539,-0.0853,112.5,2015-04-03T00:00:00Z,SVP
122645,2015-01-06T10:00:00Z,27.40604,-43.99481,0.0649,-0.0618,358.6667,2015-04-03T00:00:00Z,SVP
122645,2015-01-06T11:00:00Z,27.40386,-43.99229,0.0657,-0.0621,358.6667,2015-04-03T00:00:00Z,SVP
122645,2015-01-06T12:00:00Z,27.40213,-43.99041,0.0708,-0.0647,358.6667,2015-04-03T00:00:00Z,SVP
122645,2015-01-06T13:00:00Z,27.39759,-43.98892,-0.0563,-0.1824,140.70834,2015-04-03T00:00:00Z,SVP
122645,2015-01-06T14:00:00Z,27.39217,-43.99235,0.0442,-0.2198,309.45834,2015-04-03T00:00:00Z,SVP
122645,2015-01-06T15:00:00Z,27.38467,-43.99065,0.0482,-0.2207,309.45834,2015-04-03T00:00:00Z,SVP
122645,2015-01-06T16:00:00Z,27.37679,-43.99299,0.0074,-0.2388,274.2083,2015-04-03T00:00:00Z,SVP
122645,2015-01-06T17:00:00Z,27.36983,-43.98569,0.0716,-0.2349,274.2083,2015-04-03T00:00:00Z,SVP
122645,2015-01-06T18:00:00Z,27.36333,-43.98318,-0.027,-0.2106,228.58334,2015-04-03T00:00:00Z,SVP
122645,2015-01-06T19:00:00Z,27.35356,-43.99204,0.0097,-0.2329,228.58334,2015-04-03T00:00:00Z,SVP
122645,2015-01-06T20:00:00Z,27.34874,-43.9869,-0.0355,-0.1265,267.16666,2015-04-03T00:00:00Z,SVP
122645,2015-01-06T21:00:00Z,27.34498,-43.98647,-0.0374,-0.1298,267.16666,2015-04-03T00:00:00Z,SVP
122645,2015-01-06T22:00:00Z,27.34022,-43.98803,-0.0026,-0.1174,270.74997,2015-04-03T00:00:00Z,SVP
122645,2015-01-06T23:00:00Z,27.33607,-43.98867,-0.001,-0.1647,70.333336,2015-04-03T00:00:00Z,SVP
122645,2015-01-07T00:00:00Z,27.33035,-43.98936,-0.0834,-0.1732,154.66667,2015-04-03T00:00:00Z,SVP
122645,2015-01-07T01:00:00Z,27.32537,-43.99609,-0.1667,-0.1174,105.458336,2015-04-03T00:00:00Z,SVP
122645,2015-01-07T02:00:00Z,27.32189,-43.99508,0.0172,-0.11,506.25,2015-04-03T00:00:00Z,SVP
122645,2015-01-07T03:00:00Z,27.31853,-43.99446,0.019,-0.1097,506.25,2015-04-03T00:00:00Z,SVP
122645,2015-01-07T04:00:00Z,27.31533,-43.99672,0.0013,-0.1093,506.25,2015-04-03T00:00:00Z,SVP
122645,2015-01-07T05:00:00Z,27.31087,-43.99348,0.0512,-0.1303,249.58333,2015-04-03T00:00:00Z,SVP
122645,2015-01-07T06:00:00Z,27.30651,-43.98899,0.0519,-0.133,249.58333,2015-04-03T00:00:00Z,SVP
122645,2015-01-07T07:00:00Z,27.30019,-43.99093,-0.06,-0.1898,235.50002,2015-04-03T00:00:00Z,SVP
122645,2015-01-07T08:00:00Z,27.29383,-43.99284,-0.0608,-0.1983,105.458336,2015-04-03T00:00:00Z,SVP
122645,2015-01-07T09:00:00Z,27.28699,-43.99323,0.0507,-0.2207,133.66667,2015-04-03T00:00:00Z,SVP
122645,2015-01-07T10:00:00Z,27.28105,-43.99239,0.0343,-0.1929,365.70834,2015-04-03T00:00:00Z,SVP
122645,2015-01-07T11:00:00Z,27.27478,-43.99041,0.0416,-0.1922,365.70834,2015-04-03T00:00:00Z,SVP
122645,2015-01-07T12:00:00Z,27.27069,-43.99285,-0.0375,0.14,137.08333,2015-04-03T00:00:00Z,SVP
122645,2015-01-07T13:00:00Z,27.27522,-43.99627,-0.0177,0.0904,119.54167,2015-04-03T00:00:00Z,SVP
122645,2015-01-07T14:00:00Z,27.27435,-43.99577,0.0569,-0.0876,376.2083,2015-04-03T00:00:00Z,SVP
122645,2015-01-07T15:00:00Z,27.27121,-43.99469,0.0528,-0.0875,376.2083,2015-04-03T00:00:00Z,SVP
122645,2015-01-07T16:00:00Z,27.26832,-43.99477,0.0537,-0.1349,249.58333,2015-04-03T00:00:00Z,SVP
122645,2015-01-07T17:00:00Z,27.26398,-43.9896,0.063,-0.1365,249.58333,2015-04-03T00:00:00Z,SVP
122645,2015-01-07T18:00:00Z,27.25888,-43.98705,0.0393,-0.1898,203.83333,2015-04-03T00:00:00Z,SVP
122645,2015-01-07T19:00:00Z,27.25228,-43.98844,0.0785,-0.1594,249.58333,2015-04-03T00:00:00Z,SVP
122645,2015-01-07T20:00:00Z,27.24703,-43.98439,0.0661,-0.1554,249.58333,2015-04-03T00:00:00Z,SVP
122645,2015-01-07T21:00:00Z,27.24162,-43.98238,0.07,-0.1295,260.0833,2015-04-03T00:00:00Z,SVP
122645,2015-01-07T22:00:00Z,27.23843,-43.97979,0.0682,-0.1262,260.0833,2015-04-03T00:00:00Z,SVP
122645,2015-01-07T23:00:00Z,27.2319,-43.98281,-0.1565,-0.1603,105.458336,2015-04-03T00:00:00Z,SVP
122645,2015-01-08T00:00:00Z,27.22861,-43.99343,-0.0305,-0.0247,119.54167,2015-04-03T00:00:00Z,SVP
122645,2015-01-08T01:00:00Z,27.22844,-43.99089,0.0577,-0.1028,130.04166,2015-04-03T00:00:00Z,SVP
122645,2015-01-08T02:00:00Z,27.22499,-43.99135,0.0525,-0.0972,407.83334,2015-04-03T00:00:00Z,SVP
122645,2015-01-08T03:00:00Z,27.2221,-43.98051,-0.0509,-0.0966,407.83334,2015-04-03T00:00:00Z,SVP
122645,2015-01-08T04:00:00Z,27.21871,-43.98156,-0.062,-0.0955,407.83334,2015-04-03T00:00:00Z,SVP
122645,2015-01-08T05:00:00Z,27.21459,-43.98414,0.046,-0.11,246.16667,2015-04-03T00:00:00Z,SVP
122645,2015-01-08T06:00:00Z,27.21317,-43.98437,0.0793,-0.153,182.83333,2015-04-03T00:00:00Z,SVP
122645,2015-01-08T07:00:00Z,27.20598,-43.9804,0.0611,-0.1365,182.83333,2015-04-03T00:00:00Z,SVP
122645,2015-01-08T08:00:00Z,27.20381,-43.979,-0.06,-0.0638,210.91667,2015-04-03T00:00:00Z,SVP
122645,2015-01-08T09:00:00Z,27.20253,-43.98105,-0.0623,-0.0659,210.91667,2015-04-03T00:00:00Z,SVP
122645,2015-01-08T10:00:00Z,27.20038,-43.98309,-0.0717,-0.0829,442.95834,2015-04-03T00:00:00Z,SVP
122645,2015-01-08T11:00:00Z,27.19708,-43.98595,-0.0723,-0.0843,442.95834,2015-04-03T00:00:00Z,SVP
122645,2015-01-08T12:00:00Z,27.19371,-43.98892,-0.0728,-0.0846,442.95834,2015-04-03T00:00:00Z,SVP
122646,2015-01-05T12:00:00Z,26.97722,-42.01884,-0.1539,0.1209,112.5,2015-03-25T00:00:00Z,SVP
122646,2015-01-05T13:00:00Z,26.98181,-42.02477,-0.1618,0.1655,133.66667,2015-03-25T00:00:00Z,SVP
122646,2015-01-05T14:00:00Z,26.98688,-42.02945,-0.1073,0.151,133.66667,2015-03-25T00:00:00Z,SVP
122646,2015-01-05T15:00:00Z,26.99093,-42.03155,-0.0615,0.1294,562.5,2015-03-25T00:00:00Z,SVP
122646,2015-01-05T16:00:00Z,26.99533,-42.03378,-0.0612,0.1311,562.5,2015-03-25T00:00:00Z,SVP
122646,2015-01-05T17:00:00Z,27.00015,-42.0367,-0.0655,0.1349,562.5,2015-03-25T00:00:00Z,SVP
122646,2015-01-05T18:00:00Z,27.005,-42.03986,0.0958,-0.1077,256.66666,2015-03-25T00:00:00Z,SVP
122646,2015-01-05T19:00:00Z,26.99994,-42.03289,0.0333,-0.0989,256.66666,2015-03-25T00:00:00Z,SVP
122646,2015-01-05T20:00:00Z,26.99838,-42.03168,-0.0375,0.0905,263.7083,2015-03-25T00:00:00Z,SVP
122646,2015-01-05T21:00:00Z,27.00126,-42.03166,-0.0506,0.0864,263.7083,2015-03-25T00:00:00Z,SVP
122646,2015-01-05T22:00:00Z,27.00319,-42.03387,-0.1227,-0.0534,172.20833,2015-03-25T00:00:00Z,SVP
122646,2015-01-05T23:00:00Z,27.00094,-42.03846,-0.0923,-0.0711,119.54167,2015-03-25T00:00:00Z,SVP
122646,2015-01-06T00:00:00Z,26.99897,-42.04086,0.0378,0.0076,154.66667,2015-03-25T00:00:00Z,SVP
122646,2015-01-06T01:00:00Z,26.99956,-42.03999,-0.0144,0.0458,102.0,2015-03-25T00:00:00Z,SVP
122646,2015-01-06T02:00:00Z,27.001,-42.0402,-0.0282,0.0248,481.66666,2015-03-25T00:00:00Z,SVP
122646,2015-01-06T03:00:00Z,27.00188,-42.04134,-0.0279,0.0242,481.66666,2015-03-25T00:00:00Z,SVP
122646,2015-01-06T04:00:00Z,27.00304,-42.04237,-0.0279,0.0227,481.66666,2015-03-25T00:00:00Z,SVP
122646,2015-01-06T05:00:00Z,27.00337,-42.04304,-0.019,-0.0326,256.66666,2015-03-25T00:00:00Z,SVP
122646,2015-01-06T06:00:00Z,27.00179,-42.04382,-0.0181,-0.0343,256.66666,2015-03-25T00:00:00Z,SVP
122646,2015-01-06T07:00:00Z,26.99795,-42.04133,0.037,-0.108,140.70834,2015-03-25T00:00:00Z,SVP
122646,2015-01-06T08:00:00Z,26.99216,-42.0405,-0.1505,-0.1118,144.16667,2015-03-25T00:00:00Z,SVP
122646,2015-01-06T09:00:00Z,26.98854,-42.04575,-0.1619,-0.0639,115.958336,2015-03-25T00:00:00Z,SVP
122646,2015-01-06T10:00:00Z,26.98688,-42.05184,-0.1434,-0.0432,351.58334,2015-03-25T00:00:00Z,SVP
122646,2015-01-06T11:00:00Z,26.9853,-42.0569,-0.1429,-0.0435,351.58334,2015-03-25T00:00:00Z,SVP
122646,2015-01-06T12:00:00Z,26.98328,-42.06229,-0.1422,-0.0441,351.58334,2015-03-25T00:00:00Z,SVP
122646,2015-01-06T13:00:00Z,26.98452,-42.06755,-0.186,0.0514,137.08333,2015-03-25T00:00:00Z,SVP
122646,2015-01-06T14:00:00Z,26.98712,-42.07669,-0.167,0.0614,316.3333,2015-03-25T00:00:00Z,SVP
122646,2015-01-06T15:00:00Z,26.98771,-42.0811,-0.1594,0.043,316.3333,2015-03-25T00:00:00Z,SVP
122646,2015-01-06T16:00:00Z,26.98838,-42.08614,-0.0563,0.0681,270.74997,2015-03-25T00:00:00Z,SVP
122646,2015-01-06T17:00:00Z,26.99279,-42.086,-0.0513,0.0735,270.74997,2015-03-25T00:00:00Z,SVP
122646,2015-01-06T18:00:00Z,27.00429,-42.08289,-0.0601,-0.031,225.0,2015-03-25T00:00:00Z,SVP
122646,2015-01-06T19:00:00Z,26.99654,-42.08991,-0.0217,0.081,225.0,2015-03-25T00:00:00Z,SVP
122646,2015-01-06T20:00:00Z,26.99967,-42.09003,0.0052,-0.0037,256.66666,2015-03-25T00:00:00Z,SVP
122646,2015-01-06T21:00:00Z,27.0017,-42.08941,-9.0E-4,-0.0652,235.50002,2015-03-25T00:00:00Z,SVP
122646,2015-01-06T22:00:00Z,26.99863,-42.08996,-0.0018,-0.0558,235.50002,2015-03-25T00:00:00Z,SVP
122646,2015-01-06T23:00:00Z,26.99686,-42.08988,-0.0011,-0.0658,119.54167,2015-03-25T00:00:00Z,SVP
122646,2015-01-07T00:00:00Z,26.99779,-42.0873,0.0627,0.0382,154.66667,2015-03-25T00:00:00Z,SVP
122646,2015-01-07T01:00:00Z,26.99969,-42.09182,-0.01,0.0527,102.0,2015-03-25T00:00:00Z,SVP
122646,2015-01-07T02:00:00Z,26.9978,-42.09014,-0.0232,-0.0358,509.70834,2015-03-25T00:00:00Z,SVP
122646,2015-01-07T03:00:00Z,26.99503,-42.08801,-0.0487,-0.049,509.70834,2015-03-25T00:00:00Z,SVP
122646,2015-01-07T04:00:00Z,26.99156,-42.08854,-0.0594,-0.059,509.70834,2015-03-25T00:00:00Z,SVP
122646,2015-01-07T05:00:00Z,26.99246,-42.08986,0.0118,0.1439,249.58333,2015-03-25T00:00:00Z,SVP
122646,2015-01-07T06:00:00Z,26.99751,-42.09321,-2.0E-4,0.1397,249.58333,2015-03-25T00:00:00Z,SVP
122646,2015-01-07T07:00:00Z,26.99589,-42.09125,-0.0717,-0.2199,126.58333,2015-03-25T00:00:00Z,SVP
122646,2015-01-07T08:00:00Z,26.98881,-42.09391,-0.0888,-0.122,123.0,2015-03-25T00:00:00Z,SVP
122646,2015-01-07T09:00:00Z,26.98572,-42.09682,-0.0653,-0.0672,133.66667,2015-03-25T00:00:00Z,SVP
122646,2015-01-07T10:00:00Z,26.98306,-42.10052,-0.1192,-0.0787,112.5,2015-03-25T00:00:00Z,SVP
122646,2015-01-07T11:00:00Z,26.98083,-42.10504,-0.1114,-0.0716,253.20834,2015-03-25T00:00:00Z,SVP
122646,2015-01-07T12:00:00Z,26.97838,-42.10987,-0.079,-0.0274,249.58333,2015-03-25T00:00:00Z,SVP
122646,2015-01-07T13:00:00Z,26.97733,-42.11163,-0.0836,-0.0257,249.58333,2015-03-25T00:00:00Z,SVP
122646,2015-01-07T14:00:00Z,26.97696,-42.11496,-0.087,-0.004,355.0417,2015-03-25T00:00:00Z,SVP
122646,2015-01-07T15:00:00Z,26.97718,-42.11879,-0.0899,-0.0024,355.0417,2015-03-25T00:00:00Z,SVP
122646,2015-01-07T16:00:00Z,26.97722,-42.12192,-0.0866,0.0037,274.2083,2015-03-25T00:00:00Z,SVP
122646,2015-01-07T17:00:00Z,26.97709,-42.1246,-0.0844,0.003,274.2083,2015-03-25T00:00:00Z,SVP
122646,2015-01-07T18:00:00Z,26.97725,-42.12756,-0.0618,0.0045,450.0,2015-03-25T00:00:00Z,SVP
122646,2015-01-07T19:00:00Z,26.97747,-42.12975,-0.0616,0.0047,450.0,2015-03-25T00:00:00Z,SVP
122646,2015-01-07T20:00:00Z,26.97758,-42.13213,-0.0614,0.0048,450.0,2015-03-25T00:00:00Z,SVP
122646,2015-01-07T21:00:00Z,26.97845,-42.13401,-0.0383,0.038,263.7083,2015-03-25T00:00:00Z,SVP
122646,2015-01-07T22:00:00Z,26.97986,-42.13493,-0.0363,0.0406,263.7083,2015-03-25T00:00:00Z,SVP
122646,2015-01-07T23:00:00Z,26.9841,-42.13397,0.0413,0.1069,105.458336,2015-03-25T00:00:00Z,SVP
122646,2015-01-08T00:00:00Z,26.98723,-42.13045,0.0842,0.1019,249.58333,2015-03-25T00:00:00Z,SVP
122646,2015-01-08T01:00:00Z,26.98926,-42.12831,-0.0541,-0.0302,544.9583,2015-03-25T00:00:00Z,SVP
122646,2015-01-08T02:00:00Z,26.98723,-42.13129,-0.0513,-0.0285,544.9583,2015-03-25T00:00:00Z,SVP
122646,2015-01-08T03:00:00Z,26.98511,-42.13444,-0.0445,-0.026,544.9583,2015-03-25T00:00:00Z,SVP
122646,2015-01-08T04:00:00Z,26.98244,-42.13808,-0.021,-0.0206,544.9583,2015-03-25T00:00:00Z,SVP
122646,2015-01-08T05:00:00Z,26.98312,-42.13782,-0.0395,0.0248,242.54167,2015-03-25T00:00:00Z,SVP
122646,2015-01-08T06:00:00Z,26.98481,-42.13766,-0.0278,0.022,217.95833,2015-03-25T00:00:00Z,SVP
122646,2015-01-08T07:00:00Z,26.98418,-42.14096,-0.0516,0.0086,217.95833,2015-03-25T00:00:00Z,SVP
122646,2015-01-08T08:00:00Z,26.98327,-42.14312,-0.0153,-0.0296,144.16667,2015-03-25T00:00:00Z,SVP
122646,2015-01-08T09:00:00Z,26.98223,-42.14388,-0.0513,-0.0967,73.791664,2015-03-25T00:00:00Z,SVP
122646,2015-01-08T10:00:00Z,26.9799,-42.14648,-0.0925,-0.0736,316.3333,2015-03-25T00:00:00Z,SVP
122646,2015-01-08T11:00:00Z,26.97662,-42.14929,-0.0935,-0.0776,316.3333,2015-03-25T00:00:00Z,SVP
122646,2015-01-08T12:00:00Z,26.97746,-42.15287,-0.0891,0.0125,126.58333,2015-03-25T00:00:00Z,SVP
122647,2015-01-05T12:00:00Z,22.61849,-38.56176,-0.1187,-0.1172,116.083336,2015-03-11T00:00:00Z,SVP
122647,2015-01-05T13:00:00Z,22.61511,-38.56638,-0.1449,-0.0531,130.04166,2015-03-11T00:00:00Z,SVP
122647,2015-01-05T14:00:00Z,22.6127,-38.57004,-0.1161,-0.0759,133.66667,2015-03-11T00:00:00Z,SVP
122647,2015-01-05T15:00:00Z,22.61132,-38.56876,0.0377,-0.047,291.75003,2015-03-11T00:00:00Z,SVP
122647,2015-01-05T16:00:00Z,22.61,-38.57801,-0.0906,-0.0465,291.75003,2015-03-11T00:00:00Z,SVP
122647,2015-01-05T17:00:00Z,22.6083,-38.56567,0.0561,-0.0408,249.58333,2015-03-11T00:00:00Z,SVP
122647,2015-01-05T18:00:00Z,22.60627,-38.5634,-0.1409,-0.101,277.66666,2015-03-11T00:00:00Z,SVP
122647,2015-01-05T19:00:00Z,22.60266,-38.56864,-0.1462,-0.1048,277.66666,2015-03-11T00:00:00Z,SVP
122647,2015-01-05T20:00:00Z,22.59833,-38.57493,-0.1422,-0.1021,56.25,2015-03-11T00:00:00Z,SVP
122647,2015-01-05T21:00:00Z,22.59805,-38.5756,-0.025,0.0124,263.7083,2015-03-11T00:00:00Z,SVP
122647,2015-01-05T22:00:00Z,22.59806,-38.57689,-0.0327,0.0378,432.4583,2015-03-11T00:00:00Z,SVP
122647,2015-01-05T23:00:00Z,22.59959,-38.57894,-0.0407,0.0393,432.4583,2015-03-11T00:00:00Z,SVP
122647,2015-01-06T00:00:00Z,22.6011,-38.5805,-0.0421,0.0401,432.4583,2015-03-11T00:00:00Z,SVP
122647,2015-01-06T01:00:00Z,22.60176,-38.58252,-0.0555,0.0189,112.5,2015-03-11T00:00:00Z,SVP
122647,2015-01-06T02:00:00Z,22.60208,-38.58654,-0.0668,-0.0034,485.08334,2015-03-11T00:00:00Z,SVP
122647,2015-01-06T03:00:00Z,22.60194,-38.58557,-0.0402,-0.0032,485.08334,2015-03-11T00:00:00Z,SVP
122647,2015-01-06T04:00:00Z,22.60164,-38.584,-0.0243,-0.0031,485.08334,2015-03-11T00:00:00Z,SVP
122647,2015-01-06T05:00:00Z,22.6026,-38.58594,-0.1613,0.0502,256.66666,2015-03-11T00:00:00Z,SVP
122647,2015-01-06T06:00:00Z,22.60435,-38.5961,-0.0664,0.0529,256.66666,2015-03-11T00:00:00Z,SVP
122647,2015-01-06T07:00:00Z,22.6074,-38.59764,-0.1636,0.1163,130.04166,2015-03-11T00:00:00Z,SVP
122647,2015-01-06T08:00:00Z,22.61035,-38.60433,-0.1493,0.0807,123.0,2015-03-11T00:00:00Z,SVP
122647,2015-01-06T09:00:00Z,22.60911,-38.6087,-0.2057,-0.0455,372.5833,2015-03-11T00:00:00Z,SVP
122647,2015-01-06T10:00:00Z,22.60762,-38.61767,-0.1998,-0.0443,372.5833,2015-03-11T00:00:00Z,SVP
122647,2015-01-06T11:00:00Z,22.60519,-38.62606,-0.192,-0.0469,372.5833,2015-03-11T00:00:00Z,SVP
122647,2015-01-06T12:00:00Z,22.60771,-38.62868,0.1032,0.0114,102.0,2015-03-11T00:00:00Z,SVP
122647,2015-01-06T13:00:00Z,22.60642,-38.62587,-0.1385,-0.0709,133.66667,2015-03-11T00:00:00Z,SVP
122647,2015-01-06T14:00:00Z,22.60335,-38.63414,-0.1379,-0.0369,312.91666,2015-03-11T00:00:00Z,SVP
122647,2015-01-06T15:00:00Z,22.60867,-38.63645,-0.1221,0.0565,312.91666,2015-03-11T00:00:00Z,SVP
122647,2015-01-06T16:00:00Z,22.61264,-38.64054,0.0305,0.0386,249.58333,2015-03-11T00:00:00Z,SVP
122647,2015-01-06T17:00:00Z,22.60943,-38.63693,0.0192,0.056,249.58333,2015-03-11T00:00:00Z,SVP
122647,2015-01-06T18:00:00Z,22.60259,-38.63569,0.0037,0.2065,274.2083,2015-03-11T00:00:00Z,SVP
122647,2015-01-06T19:00:00Z,22.6153,-38.63669,0.0145,0.0457,274.2083,2015-03-11T00:00:00Z,SVP
122647,2015-01-06T20:00:00Z,22.61628,-38.63726,-0.0467,0.0294,256.66666,2015-03-11T00:00:00Z,SVP
122647,2015-01-06T21:00:00Z,22.61723,-38.63674,-0.0317,0.0266,256.66666,2015-03-11T00:00:00Z,SVP
122647,2015-01-06T22:00:00Z,22.61624,-38.64006,-0.0535,-0.0185,334.04166,2015-03-11T00:00:00Z,SVP
122647,2015-01-06T23:00:00Z,22.61578,-38.64375,-0.0607,-0.0189,334.04166,2015-03-11T00:00:00Z,SVP
122647,2015-01-07T00:00:00Z,22.61448,-38.64345,-0.0409,-0.0174,144.16667,2015-03-11T00:00:00Z,SVP
122647,2015-01-07T01:00:00Z,22.61575,-38.64493,-0.024,0.071,618.75,2015-03-11T00:00:00Z,SVP
122647,2015-01-07T02:00:00Z,22.61862,-38.6464,-0.0225,0.0685,618.75,2015-03-11T00:00:00Z,SVP
122647,2015-01-07T03:00:00Z,22.62107,-38.64762,-0.0211,0.0673,618.75,2015-03-11T00:00:00Z,SVP
122647,2015-01-07T04:00:00Z,22.62338,-38.64888,-0.0187,0.0664,618.75,2015-03-11T00:00:00Z,SVP
122647,2015-01-07T05:00:00Z,22.62436,-38.6485,0.0213,0.0205,256.66666,2015-03-11T00:00:00Z,SVP
122647,2015-01-07T06:00:00Z,22.62571,-38.6469,0.0143,0.0131,256.66666,2015-03-11T00:00:00Z,SVP
122647,2015-01-07T07:00:00Z,22.62412,-38.64689,0.0137,-0.0408,232.04169,2015-03-11T00:00:00Z,SVP
122647,2015-01-07T08:00:00Z,22.6229,-38.64698,-0.0472,-0.0548,232.04169,2015-03-11T00:00:00Z,SVP
122647,2015-01-07T09:00:00Z,22.62006,-38.65234,-0.0935,-0.0658,232.04169,2015-03-11T00:00:00Z,SVP
122647,2015-01-07T10:00:00Z,22.62139,-38.6518,-0.0491,0.0025,369.16666,2015-03-11T00:00:00Z,SVP
122647,2015-01-07T11:00:00Z,22.62212,-38.65187,-0.0421,0.0043,369.16666,2015-03-11T00:00:00Z,SVP
122647,2015-01-07T12:00:00Z,22.62215,-38.65352,-0.1508,0.0396,130.04166,2015-03-11T00:00:00Z,SVP
122647,2015-01-07T13:00:00Z,22.62324,-38.65922,-0.0677,-0.0122,130.04166,2015-03-11T00:00:00Z,SVP
122647,2015-01-07T14:00:00Z,22.62327,-38.66153,0.0012,0.0015,348.0,2015-03-11T00:00:00Z,SVP
122647,2015-01-07T15:00:00Z,22.62278,-38.66178,0.0022,-0.0,348.0,2015-03-11T00:00:00Z,SVP
122647,2015-01-07T16:00:00Z,22.62282,-38.66253,-0.0017,0.058,270.74997,2015-03-11T00:00:00Z,SVP
122647,2015-01-07T17:00:00Z,22.62588,-38.66029,0.018,0.0539,270.74997,2015-03-11T00:00:00Z,SVP
122647,2015-01-07T18:00:00Z,22.62743,-38.66084,-0.0632,0.0618,242.54167,2015-03-11T00:00:00Z,SVP
122647,2015-01-07T19:00:00Z,22.62939,-38.66519,-0.0424,0.0595,242.54167,2015-03-11T00:00:00Z,SVP
122647,2015-01-07T20:00:00Z,22.62967,-38.66628,-0.0708,0.0239,207.45834,2015-03-11T00:00:00Z,SVP
122647,2015-01-07T21:00:00Z,22.63135,-38.66803,-0.0292,0.0868,270.74997,2015-03-11T00:00:00Z,SVP
122647,2015-01-07T22:00:00Z,22.63525,-38.6687,-0.0278,0.0852,270.74997,2015-03-11T00:00:00Z,SVP
122647,2015-01-07T23:00:00Z,22.64021,-38.66964,-0.0076,0.1945,98.416664,2015-03-11T00:00:00Z,SVP
122647,2015-01-08T00:00:00Z,22.64425,-38.64595,-0.2331,-0.003,115.958336,2015-03-11T00:00:00Z,SVP
122647,2015-01-08T01:00:00Z,22.64188,-38.66552,-0.1146,0.0193,537.9166,2015-03-11T00:00:00Z,SVP
122647,2015-01-08T02:00:00Z,22.64303,-38.66945,-0.1145,0.0166,537.9166,2015-03-11T00:00:00Z,SVP
122647,2015-01-08T03:00:00Z,22.64373,-38.67373,-0.1128,0.0156,537.9166,2015-03-11T00:00:00Z,SVP
122647,2015-01-08T04:00:00Z,22.64428,-38.67825,-0.1085,0.0153,537.9166,2015-03-11T00:00:00Z,SVP
122647,2015-01-08T05:00:00Z,22.6454,-38.68076,-0.0816,0.0415,253.20834,2015-03-11T00:00:00Z,SVP
122647,2015-01-08T06:00:00Z,22.64643,-38.68303,-0.0799,0.0637,186.29166,2015-03-11T00:00:00Z,SVP
122647,2015-01-08T07:00:00Z,22.64959,-38.68715,-0.0936,0.0703,186.29166,2015-03-11T00:00:00Z,SVP
122647,2015-01-08T08:00:00Z,22.6529,-38.68915,0.0125,0.1077,179.25,2015-03-11T00:00:00Z,SVP
122647,2015-01-08T09:00:00Z,22.65636,-38.68858,-0.0057,0.0682,102.0,2015-03-11T00:00:00Z,SVP
122647,2015-01-08T10:00:00Z,22.65918,-38.69047,-0.0728,0.0894,277.79166,2015-03-11T00:00:00Z,SVP
122647,2015-01-08T11:00:00Z,22.66129,-38.69278,-0.0711,0.081,277.79166,2015-03-11T00:00:00Z,SVP
122647,2015-01-08T12:00:00Z,22.66529,-38.69578,-0.0804,0.1015,140.70834,2015-03-11T00:00:00Z,SVP
127226,2015-01-05T12:00:00Z,20.99772,-46.34437,0.0801,0.1067,460.66666,2016-03-31T00:00:00Z,SVP
127226,2015-01-05T13:00:00Z,20.99986,-46.34186,0.0682,0.017,137.08333,2016-03-31T00:00:00Z,SVP
127226,2015-01-05T14:00:00Z,21.00036,-46.33991,0.0209,0.0012,414.9167,2016-03-31T00:00:00Z,SVP
127226,2015-01-05T15:00:00Z,21.00019,-46.33934,0.0203,0.0011,414.9167,2016-03-31T00:00:00Z,SVP
127226,2015-01-05T16:00:00Z,20.9998,-46.33839,0.019,0.001,414.9167,2016-03-31T00:00:00Z,SVP
127226,2015-01-05T17:00:00Z,21.00196,-46.33858,-8.0E-4,0.0495,260.0833,2016-03-31T00:00:00Z,SVP
127226,2015-01-05T18:00:00Z,21.00371,-46.33758,0.069,0.0635,263.7083,2016-03-31T00:00:00Z,SVP
127226,2015-01-05T19:00:00Z,21.00553,-46.32674,0.1248,0.0602,263.7083,2016-03-31T00:00:00Z,SVP
127226,2015-01-05T20:00:00Z,20.99684,-46.32349,-0.1433,-0.1022,77.41667,2016-03-31T00:00:00Z,SVP
127226,2015-01-05T21:00:00Z,20.99912,-46.32845,-0.1666,0.269,179.25,2016-03-31T00:00:00Z,SVP
127226,2015-01-05T22:00:00Z,21.00695,-46.33303,-0.0562,0.0165,288.2917,2016-03-31T00:00:00Z,SVP
127226,2015-01-05T23:00:00Z,21.0066,-46.33548,-0.0582,0.0234,288.2917,2016-03-31T00:00:00Z,SVP
127226,2015-01-06T00:00:00Z,21.00655,-46.3401,-0.0655,-0.0277,144.16667,2016-03-31T00:00:00Z,SVP
127226,2015-01-06T01:00:00Z,21.0072,-46.33946,-0.0472,0.0375,108.91667,2016-03-31T00:00:00Z,SVP
127226,2015-01-06T02:00:00Z,21.00341,-46.34173,-0.0409,0.1281,502.79166,2016-03-31T00:00:00Z,SVP
127226,2015-01-06T03:00:00Z,21.00771,-46.34236,-0.047,0.1274,502.79166,2016-03-31T00:00:00Z,SVP
127226,2015-01-06T04:00:00Z,21.01112,-46.34381,-0.0485,0.139,502.79166,2016-03-31T00:00:00Z,SVP
127226,2015-01-06T05:00:00Z,21.01512,-46.34553,-0.002,0.1547,256.66666,2016-03-31T00:00:00Z,SVP
127226,2015-01-06T06:00:00Z,21.02111,-46.34681,-0.0072,0.1598,256.66666,2016-03-31T00:00:00Z,SVP
127226,2015-01-06T07:00:00Z,21.02394,-46.34688,-0.0046,0.0872,242.54167,2016-03-31T00:00:00Z,SVP
127226,2015-01-06T08:00:00Z,21.02348,-46.34097,0.0446,0.0854,242.54167,2016-03-31T00:00:00Z,SVP
127226,2015-01-06T09:00:00Z,21.02973,-46.34723,-0.0927,0.1963,126.58333,2016-03-31T00:00:00Z,SVP
127226,2015-01-06T10:00:00Z,21.03678,-46.3499,-0.0565,0.1317,348.1667,2016-03-31T00:00:00Z,SVP
127226,2015-01-06T11:00:00Z,21.04046,-46.3522,-0.0574,0.1277,348.1667,2016-03-31T00:00:00Z,SVP
127226,2015-01-06T12:00:00Z,21.04522,-46.35491,-0.0584,0.1261,348.1667,2016-03-31T00:00:00Z,SVP
127226,2015-01-06T13:00:00Z,21.04191,-46.3527,0.0048,-0.0216,137.08333,2016-03-31T00:00:00Z,SVP
127226,2015-01-06T14:00:00Z,21.04201,-46.35305,-0.0346,0.0931,327.0,2016-03-31T00:00:00Z,SVP
127226,2015-01-06T15:00:00Z,21.04474,-46.35426,-0.0343,0.0922,327.0,2016-03-31T00:00:00Z,SVP
127226,2015-01-06T16:00:00Z,21.04628,-46.35564,-0.0339,0.0843,327.0,2016-03-31T00:00:00Z,SVP
127226,2015-01-06T17:00:00Z,21.05182,-46.35815,-0.063,0.113,256.66666,2016-03-31T00:00:00Z,SVP
127226,2015-01-06T18:00:00Z,21.05658,-46.36003,-0.1295,0.1167,228.45833,2016-03-31T00:00:00Z,SVP
127226,2015-01-06T19:00:00Z,21.05835,-46.36615,-0.1187,0.1232,228.45833,2016-03-31T00:00:00Z,SVP
127226,2015-01-06T20:00:00Z,21.06204,-46.36932,-0.0951,0.0872,276.0,2016-03-31T00:00:00Z,SVP
127226,2015-01-06T21:00:00Z,21.06791,-46.37264,-0.0931,0.1055,276.0,2016-03-31T00:00:00Z,SVP
127226,2015-01-06T22:00:00Z,21.06748,-46.376,-0.0879,0.04,335.7083,2016-03-31T00:00:00Z,SVP
127226,2015-01-06T23:00:00Z,21.06793,-46.37844,-0.0859,0.0524,335.7083,2016-03-31T00:00:00Z,SVP
127226,2015-01-07T00:00:00Z,21.06998,-46.3823,-0.0953,0.0299,144.16667,2016-03-31T00:00:00Z,SVP
127226,2015-01-07T01:00:00Z,21.07267,-46.37228,0.1075,0.0781,112.5,2016-03-31T00:00:00Z,SVP
127226,2015-01-07T02:00:00Z,21.07523,-46.37455,-0.033,0.0883,523.7917,2016-03-31T00:00:00Z,SVP
127226,2015-01-07T03:00:00Z,21.07781,-46.38065,0.0181,0.0885,523.7917,2016-03-31T00:00:00Z,SVP
127226,2015-01-07T04:00:00Z,21.0802,-46.38064,0.0245,0.0889,523.7917,2016-03-31T00:00:00Z,SVP
127226,2015-01-07T05:00:00Z,21.08298,-46.37911,-0.0181,0.0863,246.16667,2016-03-31T00:00:00Z,SVP
127226,2015-01-07T06:00:00Z,21.08695,-46.37837,-0.0312,0.084,246.16667,2016-03-31T00:00:00Z,SVP
127226,2015-01-07T07:00:00Z,21.08798,-46.3804,-0.0422,0.0337,228.45833,2016-03-31T00:00:00Z,SVP
127226,2015-01-07T08:00:00Z,21.08891,-46.38322,-0.1163,0.0136,102.0,2016-03-31T00:00:00Z,SVP
127226,2015-01-07T09:00:00Z,21.09009,-46.38831,-0.1676,0.0511,144.16667,2016-03-31T00:00:00Z,SVP
127226,2015-01-07T10:00:00Z,21.09098,-46.3939,-0.1436,0.0385,102.0,2016-03-31T00:00:00Z,SVP
127226,2015-01-07T11:00:00Z,21.09337,-46.39644,-0.0876,0.0558,267.16666,2016-03-31T00:00:00Z,SVP
127226,2015-01-07T12:00:00Z,21.0959,-46.40026,-0.0455,0.2583,123.0,2016-03-31T00:00:00Z,SVP
127226,2015-01-07T13:00:00Z,21.10542,-46.40141,-0.0434,0.1122,123.0,2016-03-31T00:00:00Z,SVP
127226,2015-01-07T14:00:00Z,21.11062,-46.4022,0.0122,0.1561,369.16666,2016-03-31T00:00:00Z,SVP
127226,2015-01-07T15:00:00Z,21.11118,-46.40079,0.0128,0.0814,369.16666,2016-03-31T00:00:00Z,SVP
127226,2015-01-07T16:00:00Z,21.11314,-46.39985,0.002,0.2609,249.58333,2016-03-31T00:00:00Z,SVP
127226,2015-01-07T17:00:00Z,21.12809,-46.40168,-0.0056,0.1871,249.58333,2016-03-31T00:00:00Z,SVP
127226,2015-01-07T18:00:00Z,21.13439,-46.4038,-0.1259,0.1542,246.16667,2016-03-31T00:00:00Z,SVP
127226,2015-01-07T19:00:00Z,21.13861,-46.40975,-0.1307,0.1626,246.16667,2016-03-31T00:00:00Z,SVP
127226,2015-01-07T20:00:00Z,21.14475,-46.41096,-0.0739,0.1754,203.83333,2016-03-31T00:00:00Z,SVP
127226,2015-01-07T21:00:00Z,21.14966,-46.41276,-0.03,0.1692,270.74997,2016-03-31T00:00:00Z,SVP
127226,2015-01-07T22:00:00Z,21.15657,-46.41502,-0.0293,0.1767,270.74997,2016-03-31T00:00:00Z,SVP
127226,2015-01-07T23:00:00Z,21.16036,-46.41464,0.0628,0.0871,232.04169,2016-03-31T00:00:00Z,SVP
127226,2015-01-08T00:00:00Z,21.16278,-46.41251,0.1146,0.1043,115.958336,2016-03-31T00:00:00Z,SVP
127226,2015-01-08T01:00:00Z,21.16672,-46.40819,0.0677,0.119,133.66667,2016-03-31T00:00:00Z,SVP
127226,2015-01-08T02:00:00Z,21.17124,-46.40574,0.0354,0.1152,414.9167,2016-03-31T00:00:00Z,SVP
127226,2015-01-08T03:00:00Z,21.17453,-46.40458,0.0355,0.1152,414.9167,2016-03-31T00:00:00Z,SVP
127226,2015-01-08T04:00:00Z,21.17753,-46.40337,0.0355,0.1154,414.9167,2016-03-31T00:00:00Z,SVP
127226,2015-01-08T05:00:00Z,21.18208,-46.4025,0.0209,0.1333,246.16667,2016-03-31T00:00:00Z,SVP
127226,2015-01-08T06:00:00Z,21.18714,-46.40141,-0.0114,0.1616,0.0,2016-03-31T00:00:00Z,SVP
127226,2015-01-08T07:00:00Z,21.19109,-46.40458,-0.0439,0.1407,221.54167,2016-03-31T00:00:00Z,SVP
127226,2015-01-08T08:00:00Z,21.19426,-46.40707,-0.0722,0.0968,214.5,2016-03-31T00:00:00Z,SVP
127226,2015-01-08T09:00:00Z,21.19793,-46.40805,-0.0814,0.0369,91.33333,2016-03-31T00:00:00Z,SVP
127226,2015-01-08T10:00:00Z,21.19854,-46.41216,-0.0768,0.0795,418.33334,2016-03-31T00:00:00Z,SVP
127226,2015-01-08T11:00:00Z,21.20138,-46.41431,-0.0782,0.0819,418.33334,2016-03-31T00:00:00Z,SVP
127226,2015-01-08T12:00:00Z,21.2033,-46.41668,-0.0798,0.0825,418.33334,2016-03-31T00:00:00Z,SVP
127229,2015-01-05T12:00:00Z,15.50126,-42.99124,-0.0563,0.1784,604.7916,2016-01-04T00:00:00Z,SVP
127229,2015-01-05T13:00:00Z,15.50761,-42.9936,-0.0546,0.1793,604.7916,2016-01-04T00:00:00Z,SVP
127229,2015-01-05T14:00:00Z,15.50981,-42.99388,-0.009,-0.0108,406.79166,2016-01-04T00:00:00Z,SVP
127229,2015-01-05T15:00:00Z,15.50917,-42.99295,-0.0068,-0.0107,406.79166,2016-01-04T00:00:00Z,SVP
127229,2015-01-05T16:00:00Z,15.5086,-42.99227,-0.0069,-0.0104,406.79166,2016-01-04T00:00:00Z,SVP
127229,2015-01-05T17:00:00Z,15.50962,-42.99405,-0.0151,0.0102,269.99997,2016-01-04T00:00:00Z,SVP
127229,2015-01-05T18:00:00Z,15.51034,-42.9953,-0.0879,0.1533,259.20834,2016-01-04T00:00:00Z,SVP
127229,2015-01-05T19:00:00Z,15.51737,-43.00206,-0.1174,0.1349,259.20834,2016-01-04T00:00:00Z,SVP
127229,2015-01-05T20:00:00Z,15.52966,-43.00504,-0.1469,0.3435,72.0,2016-01-04T00:00:00Z,SVP
127229,2015-01-05T21:00:00Z,15.54161,-43.01092,-0.1356,0.1894,252.0,2016-01-04T00:00:00Z,SVP
127229,2015-01-05T22:00:00Z,15.54838,-43.01538,-0.1339,0.0973,284.41666,2016-01-04T00:00:00Z,SVP
127229,2015-01-05T23:00:00Z,15.55083,-43.01952,-0.1328,0.0989,284.41666,2016-01-04T00:00:00Z,SVP
127229,2015-01-06T00:00:00Z,15.55368,-43.02425,-0.1307,0.0814,140.41666,2016-01-04T00:00:00Z,SVP
127229,2015-01-06T01:00:00Z,15.5565,-43.02864,-0.1261,0.0826,111.583336,2016-01-04T00:00:00Z,SVP
127229,2015-01-06T02:00:00Z,15.55933,-43.03549,-0.0863,0.0862,504.0,2016-01-04T00:00:00Z,SVP
127229,2015-01-06T03:00:00Z,15.56211,-43.03757,-0.0948,0.0865,504.0,2016-01-04T00:00:00Z,SVP
127229,2015-01-06T04:00:00Z,15.56476,-43.04057,-0.0976,0.0875,504.0,2016-01-04T00:00:00Z,SVP
127229,2015-01-06T05:00:00Z,15.56729,-43.04419,-0.1019,0.087,255.58333,2016-01-04T00:00:00Z,SVP
127229,2015-01-06T06:00:00Z,15.57097,-43.04776,-0.1028,0.0953,255.58333,2016-01-04T00:00:00Z,SVP
127229,2015-01-06T07:00:00Z,15.55723,-43.051,-0.1054,-0.1469,241.20834,2016-01-04T00:00:00Z,SVP
127229,2015-01-06T08:00:00Z,15.55117,-43.05526,-0.1068,-0.1456,241.20834,2016-01-04T00:00:00Z,SVP
127229,2015-01-06T09:00:00Z,15.55102,-43.05733,-0.1683,0.0177,486.00003,2016-01-04T00:00:00Z,SVP
127229,2015-01-06T10:00:00Z,15.55204,-43.0655,-0.1668,0.0232,486.00003,2016-01-04T00:00:00Z,SVP
127229,2015-01-06T11:00:00Z,15.5537,-43.07197,-0.1687,0.0306,486.00003,2016-01-04T00:00:00Z,SVP
127229,2015-01-06T12:00:00Z,15.55623,-43.07907,-0.1716,0.0386,486.00003,2016-01-04T00:00:00Z,SVP
127229,2015-01-06T13:00:00Z,15.5496,-43.0805,-0.1086,-0.0912,147.58333,2016-01-04T00:00:00Z,SVP
127229,2015-01-06T14:00:00Z,15.54625,-43.08547,-0.1282,-0.1467,428.41666,2016-01-04T00:00:00Z,SVP
127229,2015-01-06T15:00:00Z,15.54309,-43.08961,-0.1293,-0.1392,428.41666,2016-01-04T00:00:00Z,SVP
127229,2015-01-06T16:00:00Z,15.54037,-43.09286,-0.1493,-0.2449,269.99997,2016-01-04T00:00:00Z,SVP
127229,2015-01-06T17:00:00Z,15.53151,-43.09943,-0.154,-0.2362,269.99997,2016-01-04T00:00:00Z,SVP
127229,2015-01-06T18:00:00Z,15.52389,-43.10539,-0.1376,-0.2381,230.41667,2016-01-04T00:00:00Z,SVP
127229,2015-01-06T19:00:00Z,15.51615,-43.10779,-0.1352,-0.2364,230.41667,2016-01-04T00:00:00Z,SVP
127229,2015-01-06T20:00:00Z,15.51096,-43.11175,-0.0946,-0.1528,275.41666,2016-01-04T00:00:00Z,SVP
127229,2015-01-06T21:00:00Z,15.50554,-43.11755,-0.1047,-0.1511,275.41666,2016-01-04T00:00:00Z,SVP
127229,2015-01-06T22:00:00Z,15.50268,-43.1182,-0.0815,-0.0993,333.0,2016-01-04T00:00:00Z,SVP
127229,2015-01-06T23:00:00Z,15.49938,-43.12028,-0.0835,-0.0979,333.0,2016-01-04T00:00:00Z,SVP
127229,2015-01-07T00:00:00Z,15.49645,-43.12909,-0.3903,-0.0894,144.0,2016-01-04T00:00:00Z,SVP
127229,2015-01-07T01:00:00Z,15.49199,-43.14402,-0.4178,-0.1123,111.583336,2016-01-04T00:00:00Z,SVP
127229,2015-01-07T02:00:00Z,15.49339,-43.14825,-0.1152,0.0185,525.5833,2016-01-04T00:00:00Z,SVP
127229,2015-01-07T03:00:00Z,15.49516,-43.15586,-0.1708,0.0203,525.5833,2016-01-04T00:00:00Z,SVP
127229,2015-01-07T04:00:00Z,15.50561,-43.16316,-0.1839,0.1178,525.5833,2016-01-04T00:00:00Z,SVP
127229,2015-01-07T05:00:00Z,15.50634,-43.16629,-0.0322,-0.1113,478.79163,2016-01-04T00:00:00Z,SVP
127229,2015-01-07T06:00:00Z,15.49488,-43.16265,-0.0938,0.0075,478.79163,2016-01-04T00:00:00Z,SVP
127229,2015-01-07T07:00:00Z,15.49481,-43.16536,-0.0952,0.0087,478.79163,2016-01-04T00:00:00Z,SVP
127229,2015-01-07T08:00:00Z,15.49549,-43.16881,-0.0539,-0.0749,90.0,2016-01-04T00:00:00Z,SVP
127229,2015-01-07T09:00:00Z,15.49773,-43.17109,-0.064,0.0861,158.41667,2016-01-04T00:00:00Z,SVP
127229,2015-01-07T10:00:00Z,15.49972,-43.17276,-0.0388,0.0675,363.58334,2016-01-04T00:00:00Z,SVP
127229,2015-01-07T11:00:00Z,15.50172,-43.17406,-0.0384,0.0667,363.58334,2016-01-04T00:00:00Z,SVP
127229,2015-01-07T12:00:00Z,15.50447,-43.17577,-0.032,0.0504,129.58333,2016-01-04T00:00:00Z,SVP
127229,2015-01-07T13:00:00Z,15.50806,-43.17582,0.0084,0.1503,118.79167,2016-01-04T00:00:00Z,SVP
127229,2015-01-07T14:00:00Z,15.5149,-43.17622,0.0238,0.0746,345.5833,2016-01-04T00:00:00Z,SVP
127229,2015-01-07T15:00:00Z,15.51741,-43.1746,0.019,0.0709,345.5833,2016-01-04T00:00:00Z,SVP
127229,2015-01-07T16:00:00Z,15.5203,-43.17329,0.066,0.0208,266.41666,2016-01-04T00:00:00Z,SVP
127229,2015-01-07T17:00:00Z,15.52086,-43.17338,0.0524,0.0207,266.41666,2016-01-04T00:00:00Z,SVP
127229,2015-01-07T18:00:00Z,15.52094,-43.16959,0.1888,-0.0129,223.20834,2016-01-04T00:00:00Z,SVP
127229,2015-01-07T19:00:00Z,15.52094,-43.16088,0.1479,-0.0109,223.20834,2016-01-04T00:00:00Z,SVP
127229,2015-01-07T20:00:00Z,15.50627,-43.15654,0.197,-0.2099,226.79166,2016-01-04T00:00:00Z,SVP
127229,2015-01-07T21:00:00Z,15.50104,-43.15066,0.1695,-0.0827,367.20834,2016-01-04T00:00:00Z,SVP
127229,2015-01-07T22:00:00Z,15.49961,-43.14419,0.174,-0.0795,367.20834,2016-01-04T00:00:00Z,SVP
127229,2015-01-07T23:00:00Z,15.5048,-43.13693,0.1628,-0.3594,136.79167,2016-01-04T00:00:00Z,SVP
127229,2015-01-08T00:00:00Z,15.49229,-43.1347,7.0E-4,-0.0987,115.208336,2016-01-04T00:00:00Z,SVP
127229,2015-01-08T01:00:00Z,15.48702,-43.1343,0.0344,-0.0943,554.4167,2016-01-04T00:00:00Z,SVP
127229,2015-01-08T02:00:00Z,15.48531,-43.13332,0.0338,-0.0857,554.4167,2016-01-04T00:00:00Z,SVP
127229,2015-01-08T03:00:00Z,15.48408,-43.13277,0.0317,-0.0757,554.4167,2016-01-04T00:00:00Z,SVP
127229,2015-01-08T04:00:00Z,15.48303,-43.13288,0.0288,-0.0709,554.4167,2016-01-04T00:00:00Z,SVP
127229,2015-01-08T05:00:00Z,15.47794,-43.12958,0.1737,-0.2163,244.79167,2016-01-04T00:00:00Z,SVP
127229,2015-01-08T06:00:00Z,15.47005,-43.12375,0.193,-0.2224,0.0,2016-01-04T00:00:00Z,SVP
127229,2015-01-08T07:00:00Z,15.46359,-43.11795,0.174,-0.2224,194.41666,2016-01-04T00:00:00Z,SVP
127229,2015-01-08T08:00:00Z,15.45904,-43.11758,-0.0645,-0.08,180.0,2016-01-04T00:00:00Z,SVP
127229,2015-01-08T09:00:00Z,15.45748,-43.11937,0.0226,-0.0601,82.791664,2016-01-04T00:00:00Z,SVP
127229,2015-01-08T10:00:00Z,15.45292,-43.12219,-0.087,-0.1297,298.7917,2016-01-04T00:00:00Z,SVP
127229,2015-01-08T11:00:00Z,15.45054,-43.1239,-0.0766,-0.1166,298.7917,2016-01-04T00:00:00Z,SVP
127229,2015-01-08T12:00:00Z,15.44382,-43.12825,-0.099,-0.1549,129.58333,2016-01-04T00:00:00Z,SVP
132676,2015-01-05T12:00:00Z,16.70648,-50.38601,-0.2257,0.1036,471.16666,2015-02-28T00:00:00Z,SVPB
132676,2015-01-05T13:00:00Z,16.71096,-50.39423,-0.2506,0.1562,256.66666,2015-02-28T00:00:00Z,SVPB
132676,2015-01-05T14:00:00Z,16.7237,-50.40551,-0.249,0.2052,256.66666,2015-02-28T00:00:00Z,SVPB
132676,2015-01-05T15:00:00Z,16.72297,-50.41177,-0.1987,0.1633,284.70834,2015-02-28T00:00:00Z,SVPB
132676,2015-01-05T16:00:00Z,16.72589,-50.41845,-0.0995,0.1678,284.70834,2015-02-28T00:00:00Z,SVPB
132676,2015-01-05T17:00:00Z,16.73324,-50.41811,-0.0032,0.2234,267.16666,2015-02-28T00:00:00Z,SVPB
132676,2015-01-05T18:00:00Z,16.74057,-50.41684,0.0603,0.2097,260.0833,2015-02-28T00:00:00Z,SVPB
132676,2015-01-05T19:00:00Z,16.74716,-50.41638,0.0485,0.2085,260.0833,2015-02-28T00:00:00Z,SVPB
132676,2015-01-05T20:00:00Z,16.75427,-50.41533,0.113,0.1954,256.66666,2015-02-28T00:00:00Z,SVPB
132676,2015-01-05T21:00:00Z,16.76018,-50.40965,0.0933,0.1957,256.66666,2015-02-28T00:00:00Z,SVPB
132676,2015-01-05T22:00:00Z,16.76741,-50.41025,-0.1242,0.2102,281.25,2015-02-28T00:00:00Z,SVPB
132676,2015-01-05T23:00:00Z,16.77385,-50.41461,-0.1258,0.203,281.25,2015-02-28T00:00:00Z,SVPB
132676,2015-01-06T00:00:00Z,16.77956,-50.4091,0.0621,0.142,144.16667,2015-02-28T00:00:00Z,SVPB
132676,2015-01-06T01:00:00Z,16.78369,-50.40508,-0.0214,0.1858,108.91667,2015-02-28T00:00:00Z,SVPB
132676,2015-01-06T02:00:00Z,16.7903,-50.4054,-0.0338,0.2434,502.79166,2015-02-28T00:00:00Z,SVPB
132676,2015-01-06T03:00:00Z,16.79726,-50.40655,-0.0337,0.2358,502.79166,2015-02-28T00:00:00Z,SVPB
132676,2015-01-06T04:00:00Z,16.80373,-50.40778,-0.0331,0.2307,502.79166,2015-02-28T00:00:00Z,SVPB
132676,2015-01-06T05:00:00Z,16.81099,-50.40858,0.0115,0.2702,253.20834,2015-02-28T00:00:00Z,SVPB
132676,2015-01-06T06:00:00Z,16.82414,-50.40861,0.0137,0.2699,253.20834,2015-02-28T00:00:00Z,SVPB
132676,2015-01-06T07:00:00Z,16.83166,-50.40539,0.1039,0.1283,242.54167,2015-02-28T00:00:00Z,SVPB
132676,2015-01-06T08:00:00Z,16.83577,-50.4007,0.0947,0.1229,242.54167,2015-02-28T00:00:00Z,SVPB
132676,2015-01-06T09:00:00Z,16.83829,-50.39962,-0.0326,0.0698,140.70834,2015-02-28T00:00:00Z,SVPB
132676,2015-01-06T10:00:00Z,16.84152,-50.39931,0.0637,0.1095,105.458336,2015-02-28T00:00:00Z,SVPB
132676,2015-01-06T11:00:00Z,16.84424,-50.39685,0.1313,0.1038,249.58333,2015-02-28T00:00:00Z,SVPB
132676,2015-01-06T12:00:00Z,16.84903,-50.39229,0.1347,0.111,249.58333,2015-02-28T00:00:00Z,SVPB
132676,2015-01-06T13:00:00Z,16.84717,-50.38522,0.2338,0.0041,154.66667,2015-02-28T00:00:00Z,SVPB
132676,2015-01-06T14:00:00Z,16.84923,-50.40412,-0.1313,0.0349,583.6666,2015-02-28T00:00:00Z,SVPB
132676,2015-01-06T15:00:00Z,16.84952,-50.4076,-0.1372,0.0383,583.6666,2015-02-28T00:00:00Z,SVPB
132676,2015-01-06T16:00:00Z,16.85066,-50.41215,-0.1377,0.0385,583.6666,2015-02-28T00:00:00Z,SVPB
132676,2015-01-06T17:00:00Z,16.85204,-50.41702,-0.1345,0.0372,583.6666,2015-02-28T00:00:00Z,SVPB
132676,2015-01-06T18:00:00Z,16.85319,-50.42173,-0.1164,0.0055,232.04169,2015-02-28T00:00:00Z,SVPB
132676,2015-01-06T19:00:00Z,16.85306,-50.42523,-0.1178,0.006,232.04169,2015-02-28T00:00:00Z,SVPB
132676,2015-01-06T20:00:00Z,16.85342,-50.42977,-0.1509,0.0124,256.66666,2015-02-28T00:00:00Z,SVPB
132676,2015-01-06T21:00:00Z,16.85347,-50.4342,-0.2339,0.0243,0.0,2015-02-28T00:00:00Z,SVPB
132676,2015-01-06T22:00:00Z,16.85503,-50.44247,-0.2318,0.0424,495.75,2015-02-28T00:00:00Z,SVPB
132676,2015-01-06T23:00:00Z,16.85635,-50.45063,-0.2326,0.0425,495.75,2015-02-28T00:00:00Z,SVPB
132676,2015-01-07T00:00:00Z,16.85723,-50.45888,-0.233,0.0407,495.75,2015-02-28T00:00:00Z,SVPB
132676,2015-01-07T01:00:00Z,16.86332,-50.46414,-0.125,0.1031,115.958336,2015-02-28T00:00:00Z,SVPB
132676,2015-01-07T02:00:00Z,16.86696,-50.46752,-0.0914,0.1635,523.7917,2015-02-28T00:00:00Z,SVPB
132676,2015-01-07T03:00:00Z,16.87132,-50.47064,-0.0913,0.1601,523.7917,2015-02-28T00:00:00Z,SVPB
132676,2015-01-07T04:00:00Z,16.87528,-50.47383,-0.0909,0.1567,523.7917,2015-02-28T00:00:00Z,SVPB
132676,2015-01-07T05:00:00Z,16.88086,-50.47709,-0.0921,0.2111,246.16667,2015-02-28T00:00:00Z,SVPB
132676,2015-01-07T06:00:00Z,16.89008,-50.47979,-0.0924,0.1835,246.16667,2015-02-28T00:00:00Z,SVPB
132676,2015-01-07T07:00:00Z,16.89664,-50.48354,-0.103,0.2352,232.04169,2015-02-28T00:00:00Z,SVPB
132676,2015-01-07T08:00:00Z,16.90383,-50.48788,-0.1299,0.234,91.33333,2015-02-28T00:00:00Z,SVPB
132676,2015-01-07T09:00:00Z,16.91082,-50.49187,-0.1092,0.1336,154.66667,2015-02-28T00:00:00Z,SVPB
132676,2015-01-07T10:00:00Z,16.91233,-50.49412,-0.0425,0.0296,91.33333,2015-02-28T00:00:00Z,SVPB
132676,2015-01-07T11:00:00Z,16.92394,-50.49501,-0.0145,0.2898,407.83334,2015-02-28T00:00:00Z,SVPB
132676,2015-01-07T12:00:00Z,16.93382,-50.49563,-0.0145,0.2835,407.83334,2015-02-28T00:00:00Z,SVPB
132676,2015-01-07T13:00:00Z,16.94269,-50.4959,0.0123,0.3009,112.5,2015-02-28T00:00:00Z,SVPB
132676,2015-01-07T14:00:00Z,16.94969,-50.49491,0.0607,0.1666,615.1666,2015-02-28T00:00:00Z,SVPB
132676,2015-01-07T15:00:00Z,16.95481,-50.49314,0.0576,0.166,615.1666,2015-02-28T00:00:00Z,SVPB
132676,2015-01-07T16:00:00Z,16.95989,-50.49168,0.0543,0.1656,615.1666,2015-02-28T00:00:00Z,SVPB
132676,2015-01-07T17:00:00Z,16.9647,-50.49063,0.0506,0.1651,615.1666,2015-02-28T00:00:00Z,SVPB
132676,2015-01-07T18:00:00Z,16.97079,-50.48575,0.3503,0.1849,239.08334,2015-02-28T00:00:00Z,SVPB
132676,2015-01-07T19:00:00Z,16.97813,-50.47424,0.3558,0.1848,239.08334,2015-02-28T00:00:00Z,SVPB
132676,2015-01-07T20:00:00Z,16.98249,-50.4596,0.4013,0.139,214.5,2015-02-28T00:00:00Z,SVPB
132676,2015-01-07T21:00:00Z,16.9866,-50.47195,-0.0458,0.0319,274.2083,2015-02-28T00:00:00Z,SVPB
132676,2015-01-07T22:00:00Z,16.98736,-50.47381,-0.0439,0.0267,274.2083,2015-02-28T00:00:00Z,SVPB
132676,2015-01-07T23:00:00Z,16.98427,-50.47594,-0.1672,-0.1341,221.54167,2015-02-28T00:00:00Z,SVPB
132676,2015-01-08T00:00:00Z,16.97833,-50.48015,-0.1505,0.0163,675.0,2015-02-28T00:00:00Z,SVPB
132676,2015-01-08T01:00:00Z,16.98024,-50.48589,-0.1516,0.0215,675.0,2015-02-28T00:00:00Z,SVPB
132676,2015-01-08T02:00:00Z,16.98173,-50.49136,-0.1521,0.0213,675.0,2015-02-28T00:00:00Z,SVPB
132676,2015-01-08T03:00:00Z,16.98275,-50.49689,-0.1527,0.0208,675.0,2015-02-28T00:00:00Z,SVPB
132676,2015-01-08T04:00:00Z,16.98323,-50.50313,-0.1548,0.0236,675.0,2015-02-28T00:00:00Z,SVPB
132676,2015-01-08T05:00:00Z,16.99502,-50.50919,-0.029,0.5045,242.54167,2015-02-28T00:00:00Z,SVPB
132676,2015-01-08T06:00:00Z,17.01394,-50.5106,-0.0095,0.3222,242.54167,2015-02-28T00:00:00Z,SVPB
132676,2015-01-08T07:00:00Z,17.02412,-50.51021,0.0017,0.3455,253.20834,2015-02-28T00:00:00Z,SVPB
132676,2015-01-08T08:00:00Z,17.03562,-50.51045,-0.0184,0.352,179.41666,2015-02-28T00:00:00Z,SVPB
132676,2015-01-08T09:00:00Z,17.04683,-50.51091,0.0277,0.3351,73.791664,2015-02-28T00:00:00Z,SVPB
132676,2015-01-08T10:00:00Z,17.05814,-50.51022,0.0711,0.2912,446.54166,2015-02-28T00:00:00Z,SVPB
132676,2015-01-08T11:00:00Z,17.06736,-50.50762,0.0706,0.2917,446.54166,2015-02-28T00:00:00Z,SVPB
132676,2015-01-08T12:00:00Z,17.07707,-50.50535,0.072,0.2882,446.54166,2015-02-28T00:00:00Z,SVPB
132677,2015-01-05T12:00:00Z,16.79153,-42.70328,0.047,0.198,249.58333,2016-03-23T00:00:00Z,SVPB
132677,2015-01-05T13:00:00Z,16.79888,-42.69974,0.0438,0.2017,249.58333,2016-03-23T00:00:00Z,SVPB
132677,2015-01-05T14:00:00Z,16.80414,-42.69891,0.0217,0.1447,414.9167,2016-03-23T00:00:00Z,SVPB
132677,2015-01-05T15:00:00Z,16.80848,-42.69876,0.0217,0.1439,414.9167,2016-03-23T00:00:00Z,SVPB
132677,2015-01-05T16:00:00Z,16.81337,-42.69814,0.0213,0.1428,414.9167,2016-03-23T00:00:00Z,SVPB
132677,2015-01-05T17:00:00Z,16.81854,-42.69755,0.0054,0.1414,523.7917,2016-03-23T00:00:00Z,SVPB
132677,2015-01-05T18:00:00Z,16.82307,-42.69731,0.0055,0.1413,523.7917,2016-03-23T00:00:00Z,SVPB
132677,2015-01-05T19:00:00Z,16.82713,-42.69709,0.0056,0.139,523.7917,2016-03-23T00:00:00Z,SVPB
132677,2015-01-05T20:00:00Z,16.83421,-42.69752,-0.0225,0.1678,73.791664,2016-03-23T00:00:00Z,SVPB
132677,2015-01-05T21:00:00Z,16.83867,-42.69966,-0.0607,0.1332,246.16667,2016-03-23T00:00:00Z,SVPB
132677,2015-01-05T22:00:00Z,16.84316,-42.70134,0.0109,0.0953,291.91666,2016-03-23T00:00:00Z,SVPB
132677,2015-01-05T23:00:00Z,16.84619,-42.69945,0.0043,0.0954,291.91666,2016-03-23T00:00:00Z,SVPB
132677,2015-01-06T00:00:00Z,16.84949,-42.69746,-0.1434,0.1355,130.04166,2016-03-23T00:00:00Z,SVPB
132677,2015-01-06T01:00:00Z,16.85347,-42.70205,-0.1506,0.1438,622.3334,2016-03-23T00:00:00Z,SVPB
132677,2015-01-06T02:00:00Z,16.85827,-42.70719,-0.1506,0.1442,622.3334,2016-03-23T00:00:00Z,SVPB
132677,2015-01-06T03:00:00Z,16.86314,-42.71239,-0.1506,0.1446,622.3334,2016-03-23T00:00:00Z,SVPB
132677,2015-01-06T04:00:00Z,16.86816,-42.71768,-0.1506,0.1451,622.3334,2016-03-23T00:00:00Z,SVPB
132677,2015-01-06T05:00:00Z,16.87232,-42.72379,-0.1729,0.053,253.20834,2016-03-23T00:00:00Z,SVPB
132677,2015-01-06T06:00:00Z,16.87339,-42.72896,-0.1681,0.0561,253.20834,2016-03-23T00:00:00Z,SVPB
132677,2015-01-06T07:00:00Z,16.87531,-42.73794,-0.2314,0.0477,246.16667,2016-03-23T00:00:00Z,SVPB
132677,2015-01-06T08:00:00Z,16.87668,-42.74693,-0.2309,0.0485,246.16667,2016-03-23T00:00:00Z,SVPB
132677,2015-01-06T09:00:00Z,16.881,-42.75369,-0.2368,0.1356,488.7083,2016-03-23T00:00:00Z,SVPB
132677,2015-01-06T10:00:00Z,16.88542,-42.76265,-0.2386,0.1353,488.7083,2016-03-23T00:00:00Z,SVPB
132677,2015-01-06T11:00:00Z,16.89111,-42.77144,-0.2408,0.1472,488.7083,2016-03-23T00:00:00Z,SVPB
132677,2015-01-06T12:00:00Z,16.89831,-42.79125,-0.3258,0.1626,488.7083,2016-03-23T00:00:00Z,SVPB
132677,2015-01-06T13:00:00Z,16.89607,-42.78613,-0.1451,-0.0441,140.70834,2016-03-23T00:00:00Z,SVPB
132677,2015-01-06T14:00:00Z,16.89457,-42.79176,-0.1491,-0.0685,428.8333,2016-03-23T00:00:00Z,SVPB
132677,2015-01-06T15:00:00Z,16.89301,-42.79683,-0.1498,-0.0672,428.8333,2016-03-23T00:00:00Z,SVPB
132677,2015-01-06T16:00:00Z,16.89151,-42.80133,-0.1521,-0.106,270.74997,2016-03-23T00:00:00Z,SVPB
132677,2015-01-06T17:00:00Z,16.88673,-42.80694,-0.1545,-0.1013,270.74997,2016-03-23T00:00:00Z,SVPB
132677,2015-01-06T18:00:00Z,16.8831,-42.81182,-0.0959,-0.1229,228.45833,2016-03-23T00:00:00Z,SVPB
132677,2015-01-06T19:00:00Z,16.87946,-42.81399,-0.097,-0.1218,228.45833,2016-03-23T00:00:00Z,SVPB
132677,2015-01-06T20:00:00Z,16.87574,-42.81648,-0.0445,-0.1057,279.45834,2016-03-23T00:00:00Z,SVPB
132677,2015-01-06T21:00:00Z,16.8721,-42.81868,-0.0468,-0.106,279.45834,2016-03-23T00:00:00Z,SVPB
132677,2015-01-06T22:00:00Z,16.86976,-42.81819,-0.0058,-0.0835,476.4167,2016-03-23T00:00:00Z,SVPB
132677,2015-01-06T23:00:00Z,16.8672,-42.81784,-0.003,-0.0824,476.4167,2016-03-23T00:00:00Z,SVPB
132677,2015-01-07T00:00:00Z,16.8642,-42.81792,-0.0024,-0.0834,476.4167,2016-03-23T00:00:00Z,SVPB
132677,2015-01-07T01:00:00Z,16.86481,-42.81603,0.0283,0.0653,112.5,2016-03-23T00:00:00Z,SVPB
132677,2015-01-07T02:00:00Z,16.86677,-42.81538,0.0383,0.0758,523.7917,2016-03-23T00:00:00Z,SVPB
132677,2015-01-07T03:00:00Z,16.86926,-42.81436,0.0398,0.0755,523.7917,2016-03-23T00:00:00Z,SVPB
132677,2015-01-07T04:00:00Z,16.87182,-42.8133,0.0419,0.0748,523.7917,2016-03-23T00:00:00Z,SVPB
132677,2015-01-07T05:00:00Z,16.87329,-42.81191,0.0395,0.0201,253.20834,2016-03-23T00:00:00Z,SVPB
132677,2015-01-07T06:00:00Z,16.87408,-42.80964,0.0413,0.0174,253.20834,2016-03-23T00:00:00Z,SVPB
132677,2015-01-07T07:00:00Z,16.87288,-42.80947,0.0278,-0.0189,221.41666,2016-03-23T00:00:00Z,SVPB
132677,2015-01-07T08:00:00Z,16.87262,-42.80927,-0.0607,0.0322,98.416664,2016-03-23T00:00:00Z,SVPB
132677,2015-01-07T09:00:00Z,16.87715,-42.81207,-0.0793,0.1817,151.20834,2016-03-23T00:00:00Z,SVPB
132677,2015-01-07T10:00:00Z,16.88262,-42.81436,-0.0602,0.1876,358.6667,2016-03-23T00:00:00Z,SVPB
132677,2015-01-07T11:00:00Z,16.88885,-42.81612,-0.0609,0.1871,358.6667,2016-03-23T00:00:00Z,SVPB
132677,2015-01-07T12:00:00Z,16.89505,-42.81826,-0.0347,0.1796,133.66667,2016-03-23T00:00:00Z,SVPB
132677,2015-01-07T13:00:00Z,16.90016,-42.81968,-0.0575,0.1719,464.08337,2016-03-23T00:00:00Z,SVPB
132677,2015-01-07T14:00:00Z,16.90616,-42.82138,-0.057,0.1722,464.08337,2016-03-23T00:00:00Z,SVPB
132677,2015-01-07T15:00:00Z,16.9122,-42.82276,-0.0558,0.172,464.08337,2016-03-23T00:00:00Z,SVPB
132677,2015-01-07T16:00:00Z,16.91772,-42.82479,-0.1104,0.1204,270.74997,2016-03-23T00:00:00Z,SVPB
132677,2015-01-07T17:00:00Z,16.92103,-42.83012,-0.1061,0.12,270.74997,2016-03-23T00:00:00Z,SVPB
132677,2015-01-07T18:00:00Z,16.92354,-42.83309,-0.0774,0.0601,246.16667,2016-03-23T00:00:00Z,SVPB
132677,2015-01-07T19:00:00Z,16.92593,-42.83547,-0.0737,0.0611,246.16667,2016-03-23T00:00:00Z,SVPB
132677,2015-01-07T20:00:00Z,16.92194,-42.83657,-0.0131,-0.0449,207.45834,2016-03-23T00:00:00Z,SVPB
132677,2015-01-07T21:00:00Z,16.92056,-42.83443,0.1044,0.0019,369.16666,2016-03-23T00:00:00Z,SVPB
132677,2015-01-07T22:00:00Z,16.9215,-42.82983,0.1096,-4.0E-4,369.16666,2016-03-23T00:00:00Z,SVPB
132677,2015-01-07T23:00:00Z,16.92222,-42.80937,0.2385,-0.0071,369.16666,2016-03-23T00:00:00Z,SVPB
132677,2015-01-08T00:00:00Z,16.92093,-42.82459,-0.0581,-0.0397,119.54167,2016-03-23T00:00:00Z,SVPB
132677,2015-01-08T01:00:00Z,16.91886,-42.82929,-0.022,-0.0354,552.0,2016-03-23T00:00:00Z,SVPB
132677,2015-01-08T02:00:00Z,16.91804,-42.82911,-0.0242,-0.035,552.0,2016-03-23T00:00:00Z,SVPB
132677,2015-01-08T03:00:00Z,16.91714,-42.82951,-0.0258,-0.0349,552.0,2016-03-23T00:00:00Z,SVPB
132677,2015-01-08T04:00:00Z,16.91634,-42.83001,-0.0277,-0.0351,552.0,2016-03-23T00:00:00Z,SVPB
132677,2015-01-08T05:00:00Z,16.91394,-42.83184,-0.0369,-0.0677,249.58333,2016-03-23T00:00:00Z,SVPB
132677,2015-01-08T06:00:00Z,16.91057,-42.83452,-0.0442,-0.0875,249.58333,2016-03-23T00:00:00Z,SVPB
132677,2015-01-08T07:00:00Z,16.89719,-42.8375,-0.086,-0.2484,246.16667,2016-03-23T00:00:00Z,SVPB
132677,2015-01-08T08:00:00Z,16.88835,-42.84111,-0.1542,-0.3395,186.29166,2016-03-23T00:00:00Z,SVPB
132677,2015-01-08T09:00:00Z,16.87867,-42.84599,-0.2132,-0.3454,87.91667,2016-03-23T00:00:00Z,SVPB
132677,2015-01-08T10:00:00Z,16.87198,-42.85313,-0.1457,-0.0127,295.33334,2016-03-23T00:00:00Z,SVPB
132677,2015-01-08T11:00:00Z,16.87562,-42.85764,-0.1474,-0.0648,295.33334,2016-03-23T00:00:00Z,SVPB
132677,2015-01-08T12:00:00Z,16.87108,-42.86177,-0.0825,-0.0093,130.04166,2016-03-23T00:00:00Z,SVPB
132678,2015-01-05T12:00:00Z,17.08962,-48.30483,0.0073,0.0899,464.41666,2015-11-05T00:00:00Z,SVPB
132678,2015-01-05T13:00:00Z,17.09077,-48.30433,0.0131,-0.0947,136.79167,2015-11-05T00:00:00Z,SVPB
132678,2015-01-05T14:00:00Z,17.08719,-48.30413,-0.0077,-0.1204,414.0,2015-11-05T00:00:00Z,SVPB
132678,2015-01-05T15:00:00Z,17.08354,-48.30493,-0.0087,-0.1199,414.0,2015-11-05T00:00:00Z,SVPB
132678,2015-01-05T16:00:00Z,17.08024,-48.30604,-0.0094,-0.1188,414.0,2015-11-05T00:00:00Z,SVPB
132678,2015-01-05T17:00:00Z,17.07471,-48.30569,-0.0162,-0.1449,266.41666,2015-11-05T00:00:00Z,SVPB
132678,2015-01-05T18:00:00Z,17.06996,-48.30544,-0.117,-0.1636,259.20834,2015-11-05T00:00:00Z,SVPB
132678,2015-01-05T19:00:00Z,17.06404,-48.31301,-0.0951,-0.1702,259.20834,2015-11-05T00:00:00Z,SVPB
132678,2015-01-05T20:00:00Z,17.06252,-48.31902,-0.0306,-0.0021,324.0,2015-11-05T00:00:00Z,SVPB
132678,2015-01-05T21:00:00Z,17.06913,-48.31846,-0.0798,-0.0014,324.0,2015-11-05T00:00:00Z,SVPB
132678,2015-01-05T22:00:00Z,17.06919,-48.32085,-7.0E-4,-0.1085,284.41666,2015-11-05T00:00:00Z,SVPB
132678,2015-01-05T23:00:00Z,17.06464,-48.31987,0.0107,-0.1118,284.41666,2015-11-05T00:00:00Z,SVPB
132678,2015-01-06T00:00:00Z,17.06076,-48.3213,-0.0846,-0.1099,255.58333,2015-11-05T00:00:00Z,SVPB
132678,2015-01-06T01:00:00Z,17.05822,-48.32584,-0.0754,-0.1106,255.58333,2015-11-05T00:00:00Z,SVPB
132678,2015-01-06T02:00:00Z,17.05438,-48.32719,-0.1143,-0.1126,500.4167,2015-11-05T00:00:00Z,SVPB
132678,2015-01-06T03:00:00Z,17.05048,-48.3307,-0.1163,-0.1113,500.4167,2015-11-05T00:00:00Z,SVPB
132678,2015-01-06T04:00:00Z,17.04685,-48.3344,-0.1182,-0.1114,500.4167,2015-11-05T00:00:00Z,SVPB
132678,2015-01-06T05:00:00Z,17.04378,-48.33862,-0.1512,-0.0857,252.0,2015-11-05T00:00:00Z,SVPB
132678,2015-01-06T06:00:00Z,17.04037,-48.34372,-0.1529,-0.0893,252.0,2015-11-05T00:00:00Z,SVPB
132678,2015-01-06T07:00:00Z,17.04052,-48.3489,-0.1595,0.0252,244.79167,2015-11-05T00:00:00Z,SVPB
132678,2015-01-06T08:00:00Z,17.0417,-48.35504,-0.1602,0.0225,244.79167,2015-11-05T00:00:00Z,SVPB
132678,2015-01-06T09:00:00Z,17.04553,-48.35839,-0.0981,0.1533,136.79167,2015-11-05T00:00:00Z,SVPB
132678,2015-01-06T10:00:00Z,17.04978,-48.36372,-0.044,0.1079,349.20834,2015-11-05T00:00:00Z,SVPB
132678,2015-01-06T11:00:00Z,17.05351,-48.36424,-0.0519,0.1087,349.20834,2015-11-05T00:00:00Z,SVPB
132678,2015-01-06T12:00:00Z,17.05951,-48.36665,-0.0363,0.1267,349.20834,2015-11-05T00:00:00Z,SVPB
132678,2015-01-06T13:00:00Z,17.05609,-48.36666,-0.0031,0.0174,140.41666,2015-11-05T00:00:00Z,SVPB
132678,2015-01-06T14:00:00Z,17.05513,-48.36854,-0.0627,-0.1509,320.41666,2015-11-05T00:00:00Z,SVPB
132678,2015-01-06T15:00:00Z,17.04937,-48.36974,-0.0559,-0.1502,320.41666,2015-11-05T00:00:00Z,SVPB
132678,2015-01-06T16:00:00Z,17.04496,-48.36984,-0.0455,-0.1561,320.41666,2015-11-05T00:00:00Z,SVPB
132678,2015-01-06T17:00:00Z,17.03916,-48.37557,-0.1204,-0.1774,259.20834,2015-11-05T00:00:00Z,SVPB
132678,2015-01-06T18:00:00Z,17.03339,-48.38005,-0.1607,-0.1414,226.79166,2015-11-05T00:00:00Z,SVPB
132678,2015-01-06T19:00:00Z,17.02965,-48.3851,-0.1609,-0.1336,226.79166,2015-11-05T00:00:00Z,SVPB
132678,2015-01-06T20:00:00Z,17.04434,-48.39013,-0.1397,0.1864,259.20834,2015-11-05T00:00:00Z,SVPB
132678,2015-01-06T21:00:00Z,17.05291,-48.39624,-0.1208,0.1839,352.7917,2015-11-05T00:00:00Z,SVPB
132678,2015-01-06T22:00:00Z,17.05712,-48.39493,-0.0465,0.1872,352.7917,2015-11-05T00:00:00Z,SVPB
132678,2015-01-06T23:00:00Z,17.06088,-48.39377,-0.0422,0.2479,352.7917,2015-11-05T00:00:00Z,SVPB
132678,2015-01-07T00:00:00Z,17.07081,-48.40408,-0.1016,0.2381,144.0,2015-11-05T00:00:00Z,SVPB
132678,2015-01-07T01:00:00Z,17.07982,-48.40596,0.0405,0.2789,111.583336,2015-11-05T00:00:00Z,SVPB
132678,2015-01-07T02:00:00Z,17.08187,-48.40499,0.0671,0.0822,525.5833,2015-11-05T00:00:00Z,SVPB
132678,2015-01-07T03:00:00Z,17.08488,-48.40289,0.0679,0.082,525.5833,2015-11-05T00:00:00Z,SVPB
132678,2015-01-07T04:00:00Z,17.08852,-48.40079,0.0691,0.0816,525.5833,2015-11-05T00:00:00Z,SVPB
132678,2015-01-07T05:00:00Z,17.08991,-48.39877,0.0514,-0.038,248.41667,2015-11-05T00:00:00Z,SVPB
132678,2015-01-07T06:00:00Z,17.08794,-48.39614,0.0533,-0.0299,248.41667,2015-11-05T00:00:00Z,SVPB
132678,2015-01-07T07:00:00Z,17.08494,-48.39787,-0.0161,-0.0924,226.79166,2015-11-05T00:00:00Z,SVPB
132678,2015-01-07T08:00:00Z,17.08334,-48.39999,-0.1026,-0.0534,97.20833,2015-11-05T00:00:00Z,SVPB
132678,2015-01-07T09:00:00Z,17.08257,-48.40456,-0.2077,0.0421,158.41667,2015-11-05T00:00:00Z,SVPB
132678,2015-01-07T10:00:00Z,17.08393,-48.41069,0.0061,0.0833,273.58334,2015-11-05T00:00:00Z,SVPB
132678,2015-01-07T11:00:00Z,17.08826,-48.40812,0.0075,0.0933,273.58334,2015-11-05T00:00:00Z,SVPB
132678,2015-01-07T12:00:00Z,17.09337,-48.40094,-0.1428,-0.0494,129.58333,2015-11-05T00:00:00Z,SVPB
132678,2015-01-07T13:00:00Z,17.09098,-48.40739,0.1574,-0.0687,118.79167,2015-11-05T00:00:00Z,SVPB
132678,2015-01-07T14:00:00Z,17.08807,-48.40195,0.1712,-0.1037,356.41666,2015-11-05T00:00:00Z,SVPB
132678,2015-01-07T15:00:00Z,17.08461,-48.40883,-0.0268,-0.1054,356.41666,2015-11-05T00:00:00Z,SVPB
132678,2015-01-07T16:00:00Z,17.08218,-48.39215,-0.2585,-0.1258,252.0,2015-11-05T00:00:00Z,SVPB
132678,2015-01-07T17:00:00Z,17.077,-48.41283,-0.0763,-0.1258,252.0,2015-11-05T00:00:00Z,SVPB
132678,2015-01-07T18:00:00Z,17.07339,-48.41548,-0.1183,-0.069,248.41667,2015-11-05T00:00:00Z,SVPB
132678,2015-01-07T19:00:00Z,17.07127,-48.41798,-0.143,-0.0671,248.41667,2015-11-05T00:00:00Z,SVPB
132678,2015-01-07T20:00:00Z,17.07044,-48.42433,-0.1784,-0.0179,208.79167,2015-11-05T00:00:00Z,SVPB
132678,2015-01-07T21:00:00Z,17.075,-48.43157,-0.2383,0.239,277.20834,2015-11-05T00:00:00Z,SVPB
132678,2015-01-07T22:00:00Z,17.08621,-48.4441,-0.2775,0.1922,277.20834,2015-11-05T00:00:00Z,SVPB
132678,2015-01-07T23:00:00Z,17.09173,-48.45098,-0.067,0.2209,219.58333,2015-11-05T00:00:00Z,SVPB
132678,2015-01-08T00:00:00Z,17.09789,-48.45309,-0.054,0.1867,122.416664,2015-11-05T00:00:00Z,SVPB
132678,2015-01-08T01:00:00Z,17.10483,-48.45457,-0.0715,0.1951,547.2084,2015-11-05T00:00:00Z,SVPB
132678,2015-01-08T02:00:00Z,17.11068,-48.45716,-0.0716,0.1953,547.2084,2015-11-05T00:00:00Z,SVPB
132678,2015-01-08T03:00:00Z,17.11676,-48.45949,-0.0719,0.1956,547.2084,2015-11-05T00:00:00Z,SVPB
132678,2015-01-08T04:00:00Z,17.12274,-48.46163,-0.0726,0.1962,547.2084,2015-11-05T00:00:00Z,SVPB
132678,2015-01-08T05:00:00Z,17.12952,-48.46519,-0.1282,0.2012,248.41667,2015-11-05T00:00:00Z,SVPB
132678,2015-01-08T06:00:00Z,17.13691,-48.46934,-0.1468,0.2114,0.0,2015-11-05T00:00:00Z,SVPB
132678,2015-01-08T07:00:00Z,17.14184,-48.47487,-0.1485,0.1788,248.41667,2015-11-05T00:00:00Z,SVPB
132678,2015-01-08T08:00:00Z,17.14754,-48.48059,-0.1709,0.1462,190.79166,2015-11-05T00:00:00Z,SVPB
132678,2015-01-08T09:00:00Z,17.15164,-48.48527,-0.142,0.1329,68.416664,2015-11-05T00:00:00Z,SVPB
132678,2015-01-08T10:00:00Z,17.15627,-48.49042,-0.0883,0.1233,439.2083,2015-11-05T00:00:00Z,SVPB
132678,2015-01-08T11:00:00Z,17.16012,-48.49332,-0.0856,0.1235,439.2083,2015-11-05T00:00:00Z,SVPB
132678,2015-01-08T12:00:00Z,17.16411,-48.49739,-0.0796,0.1234,439.2083,2015-11-05T00:00:00Z,SVPB
139285,2015-01-05T12:00:00Z,34.19604,-30.07026,-0.0369,-0.0893,590.4167,2015-03-28T00:00:00Z,SVPB
139285,2015-01-05T13:00:00Z,34.19068,-30.07186,-0.032,-0.1968,579.5834,2015-03-28T00:00:00Z,SVPB
139285,2015-01-05T14:00:00Z,34.18364,-30.07313,-0.0321,-0.1966,579.5834,2015-03-28T00:00:00Z,SVPB
139285,2015-01-05T15:00:00Z,34.17639,-30.0743,-0.032,-0.194,579.5834,2015-03-28T00:00:00Z,SVPB
139285,2015-01-05T16:00:00Z,34.16829,-30.07521,-0.0317,-0.156,579.5834,2015-03-28T00:00:00Z,SVPB
139285,2015-01-05T17:00:00Z,34.16446,-30.07766,-0.0472,-0.179,280.79166,2015-03-28T00:00:00Z,SVPB
139285,2015-01-05T18:00:00Z,34.1599,-30.07987,-0.0486,-0.1771,280.79166,2015-03-28T00:00:00Z,SVPB
139285,2015-01-05T19:00:00Z,34.16848,-30.08431,-0.1031,0.2465,280.79166,2015-03-28T00:00:00Z,SVPB
139285,2015-01-05T20:00:00Z,34.17775,-30.08763,-0.1065,0.2197,302.4167,2015-03-28T00:00:00Z,SVPB
139285,2015-01-05T21:00:00Z,34.18381,-30.09252,-0.1096,0.2259,302.4167,2015-03-28T00:00:00Z,SVPB
139285,2015-01-05T22:00:00Z,34.19158,-30.09717,0.3302,0.1903,259.20834,2015-03-28T00:00:00Z,SVPB
139285,2015-01-05T23:00:00Z,34.19785,-30.08295,0.3239,0.1902,259.20834,2015-03-28T00:00:00Z,SVPB
139285,2015-01-06T00:00:00Z,34.19921,-30.06996,0.3154,-0.3086,730.7917,2015-03-28T00:00:00Z,SVPB
139285,2015-01-06T01:00:00Z,34.18896,-30.05812,0.3131,-0.308,730.7917,2015-03-28T00:00:00Z,SVPB
139285,2015-01-06T02:00:00Z,34.17883,-30.04609,0.3122,-0.3076,730.7917,2015-03-28T00:00:00Z,SVPB
139285,2015-01-06T03:00:00Z,34.16874,-30.03393,0.312,-0.3071,730.7917,2015-03-28T00:00:00Z,SVPB
139285,2015-01-06T04:00:00Z,34.15864,-30.02157,0.3123,-0.3064,730.7917,2015-03-28T00:00:00Z,SVPB
139285,2015-01-06T05:00:00Z,34.14895,-30.0355,0.1654,-0.3061,255.58333,2015-03-28T00:00:00Z,SVPB
139285,2015-01-06T06:00:00Z,34.13932,-30.03012,0.166,-0.3054,255.58333,2015-03-28T00:00:00Z,SVPB
139285,2015-01-06T07:00:00Z,34.13168,-30.03211,-0.182,-0.2339,151.20834,2015-03-28T00:00:00Z,SVPB
139285,2015-01-06T08:00:00Z,34.12576,-30.03928,-0.1633,-0.1603,111.583336,2015-03-28T00:00:00Z,SVPB
139285,2015-01-06T09:00:00Z,34.12062,-30.03908,-0.0052,-0.1468,597.5834,2015-03-28T00:00:00Z,SVPB
139285,2015-01-06T10:00:00Z,34.11585,-30.03884,-0.0035,-0.1468,597.5834,2015-03-28T00:00:00Z,SVPB
139285,2015-01-06T11:00:00Z,34.11113,-30.03858,-0.0026,-0.1468,597.5834,2015-03-28T00:00:00Z,SVPB
139285,2015-01-06T12:00:00Z,34.10648,-30.03817,-0.002,-0.1468,597.5834,2015-03-28T00:00:00Z,SVPB
139285,2015-01-06T13:00:00Z,34.10138,-30.03756,0.0137,-0.1516,338.4167,2015-03-28T00:00:00Z,SVPB
139285,2015-01-06T14:00:00Z,34.09636,-30.0379,0.0121,-0.1517,338.4167,2015-03-28T00:00:00Z,SVPB
139285,2015-01-06T15:00:00Z,34.09131,-30.03678,0.0087,-0.1631,262.79166,2015-03-28T00:00:00Z,SVPB
139285,2015-01-06T16:00:00Z,34.08639,-30.03532,0.0063,-0.1631,262.79166,2015-03-28T00:00:00Z,SVPB
139285,2015-01-06T17:00:00Z,34.07519,-30.03882,-0.0937,-0.3199,514.7916,2015-03-28T00:00:00Z,SVPB
139285,2015-01-06T18:00:00Z,34.06354,-30.04257,-0.0935,-0.3213,514.7916,2015-03-28T00:00:00Z,SVPB
139285,2015-01-06T19:00:00Z,34.04717,-30.04625,-0.0935,-0.3315,514.7916,2015-03-28T00:00:00Z,SVPB
139285,2015-01-06T20:00:00Z,34.03869,-30.04969,-0.0909,-0.1008,241.20834,2015-03-28T00:00:00Z,SVPB
139285,2015-01-06T21:00:00Z,34.03501,-30.05348,-0.0912,-0.0902,241.20834,2015-03-28T00:00:00Z,SVPB
139285,2015-01-06T22:00:00Z,34.03554,-30.04785,0.1517,-0.0199,334.7917,2015-03-28T00:00:00Z,SVPB
139285,2015-01-06T23:00:00Z,34.03689,-30.04235,0.1522,-0.0185,334.7917,2015-03-28T00:00:00Z,SVPB
139285,2015-01-07T00:00:00Z,34.03482,-30.03585,0.1669,-0.0313,522.0,2015-03-28T00:00:00Z,SVPB
139285,2015-01-07T01:00:00Z,34.03283,-30.02903,0.167,-0.0319,522.0,2015-03-28T00:00:00Z,SVPB
139285,2015-01-07T02:00:00Z,34.03166,-30.02234,0.167,-0.0326,522.0,2015-03-28T00:00:00Z,SVPB
139285,2015-01-07T03:00:00Z,34.02833,-30.01597,0.1519,-0.3823,244.79167,2015-03-28T00:00:00Z,SVPB
139285,2015-01-07T04:00:00Z,34.01525,-30.0101,0.149,-0.3756,244.79167,2015-03-28T00:00:00Z,SVPB
139285,2015-01-07T05:00:00Z,34.00354,-30.01105,-0.1259,-0.3648,252.0,2015-03-28T00:00:00Z,SVPB
139285,2015-01-07T06:00:00Z,33.99187,-30.01605,-0.1281,-0.3642,252.0,2015-03-28T00:00:00Z,SVPB
139285,2015-01-07T07:00:00Z,33.9809,-30.0225,-0.1744,-0.3171,241.20834,2015-03-28T00:00:00Z,SVPB
139285,2015-01-07T08:00:00Z,33.96981,-30.02956,-0.1739,-0.3238,241.20834,2015-03-28T00:00:00Z,SVPB
139285,2015-01-07T09:00:00Z,33.96335,-30.03504,-0.1416,-0.0826,133.20833,2015-03-28T00:00:00Z,SVPB
139285,2015-01-07T10:00:00Z,33.96014,-30.03506,-0.014,-0.0874,626.4167,2015-03-28T00:00:00Z,SVPB
139285,2015-01-07T11:00:00Z,33.95736,-30.035,-0.0094,-0.087,626.4167,2015-03-28T00:00:00Z,SVPB
139285,2015-01-07T12:00:00Z,33.95499,-30.03472,-0.0055,-0.0836,626.4167,2015-03-28T00:00:00Z,SVPB
139285,2015-01-07T13:00:00Z,33.95355,-30.01088,0.1334,-0.076,626.4167,2015-03-28T00:00:00Z,SVPB
139285,2015-01-07T14:00:00Z,33.94521,-30.03651,-0.0058,-0.1201,115.208336,2015-03-28T00:00:00Z,SVPB
139285,2015-01-07T15:00:00Z,33.94202,-30.03666,-0.0212,-0.1119,507.5833,2015-03-28T00:00:00Z,SVPB
139285,2015-01-07T16:00:00Z,33.93901,-30.03664,-0.0264,-0.1164,507.5833,2015-03-28T00:00:00Z,SVPB
139285,2015-01-07T17:00:00Z,33.93534,-30.03655,-0.039,-0.1171,507.5833,2015-03-28T00:00:00Z,SVPB
139285,2015-01-07T18:00:00Z,33.93101,-30.03856,-0.0445,-0.1032,241.20834,2015-03-28T00:00:00Z,SVPB
139285,2015-01-07T19:00:00Z,33.92773,-30.04076,-0.0426,-0.1046,241.20834,2015-03-28T00:00:00Z,SVPB
139285,2015-01-07T20:00:00Z,33.92429,-30.04633,-0.1686,-0.101,212.41667,2015-03-28T00:00:00Z,SVPB
139285,2015-01-07T21:00:00Z,33.92077,-30.05242,-0.1894,-0.0865,237.58334,2015-03-28T00:00:00Z,SVPB
139285,2015-01-07T22:00:00Z,33.91865,-30.06101,-0.1894,-0.0884,237.58334,2015-03-28T00:00:00Z,SVPB
139285,2015-01-07T23:00:00Z,33.91457,-30.05814,0.1302,-0.1191,259.20834,2015-03-28T00:00:00Z,SVPB
139285,2015-01-08T00:00:00Z,33.91033,-30.05284,0.1179,-0.1637,118.79167,2015-03-28T00:00:00Z,SVPB
139285,2015-01-08T01:00:00Z,33.90397,-30.0498,0.0182,-0.2579,280.79166,2015-03-28T00:00:00Z,SVPB
139285,2015-01-08T02:00:00Z,33.89593,-30.04904,0.018,-0.2585,280.79166,2015-03-28T00:00:00Z,SVPB
139285,2015-01-08T03:00:00Z,33.88764,-30.04867,0.0019,-0.2729,244.79167,2015-03-28T00:00:00Z,SVPB
139285,2015-01-08T04:00:00Z,33.87802,-30.0484,7.0E-4,-0.2713,244.79167,2015-03-28T00:00:00Z,SVPB
139285,2015-01-08T05:00:00Z,33.8706,-30.05074,-0.0801,-0.2263,302.4167,2015-03-28T00:00:00Z,SVPB
139285,2015-01-08T06:00:00Z,33.86281,-30.05168,-0.0668,-0.2216,302.4167,2015-03-28T00:00:00Z,SVPB
139285,2015-01-08T07:00:00Z,33.85807,-30.06042,-0.1521,-0.1568,136.79167,2015-03-28T00:00:00Z,SVPB
139285,2015-01-08T08:00:00Z,33.85416,-30.06382,0.0295,-0.1357,133.20833,2015-03-28T00:00:00Z,SVPB
139285,2015-01-08T09:00:00Z,33.84949,-30.06227,0.028,-0.205,626.4167,2015-03-28T00:00:00Z,SVPB
139285,2015-01-08T10:00:00Z,33.8423,-30.06141,0.0275,-0.2061,626.4167,2015-03-28T00:00:00Z,SVPB
139285,2015-01-08T11:00:00Z,33.83504,-30.06026,0.0275,-0.2075,626.4167,2015-03-28T00:00:00Z,SVPB
139285,2015-01-08T12:00:00Z,33.82203,-30.05882,0.0277,-0.26,626.4167,2015-03-28T00:00:00Z,SVPB
300234012007220,2015-01-05T12:00:00Z,31.36429,-31.03775,0.0207,0.1165,0.0,2015-06-30T00:00:00Z,SVPB
300234012007220,2015-01-05T13:00:00Z,31.36829,-31.03603,0.0764,0.1363,3629.0,2015-06-30T00:00:00Z,SVPB
300234012007220,2015-01-05T14:00:00Z,31.37188,-31.03329,0.0745,0.0935,3629.0,2015-06-30T00:00:00Z,SVPB
300234012007220,2015-01-05T15:00:00Z,31.374,-31.03153,0.0179,0.0334,0.0,2015-06-30T00:00:00Z,SVPB
300234012007220,2015-01-05T16:00:00Z,31.37409,-31.03135,-0.013,-0.0253,3629.0,2015-06-30T00:00:00Z,SVPB
300234012007220,2015-01-05T17:00:00Z,31.37303,-31.03152,0.0031,-0.0492,3629.0,2015-06-30T00:00:00Z,SVPB
300234012007220,2015-01-05T18:00:00Z,31.37177,-31.03148,0.0026,-0.0277,0.0,2015-06-30T00:00:00Z,SVPB
300234012007220,2015-01-05T19:00:00Z,31.3704,-31.03149,-0.0056,-0.0496,3629.0,2015-06-30T00:00:00Z,SVPB
300234012007220,2015-01-05T20:00:00Z,31.36857,-31.03156,0.0028,-0.071,3629.0,2015-06-30T00:00:00Z,SVPB
300234012007220,2015-01-05T21:00:00Z,31.36675,-31.03169,-0.0076,-0.0429,0.0,2015-06-30T00:00:00Z,SVPB
300234012007220,2015-01-05T22:00:00Z,31.36549,-31.03226,-0.0237,-0.0311,3629.0,2015-06-30T00:00:00Z,SVPB
300234012007220,2015-01-05T23:00:00Z,31.36417,-31.03303,-0.0186,-0.0495,3629.0,2015-06-30T00:00:00Z,SVPB
300234012007220,2015-01-06T00:00:00Z,31.36269,-31.03371,-0.0156,-0.046,0.0,2015-06-30T00:00:00Z,SVPB
300234012007220,2015-01-06T01:00:00Z,31.3614,-31.03463,-0.0319,-0.0311,3629.0,2015-06-30T00:00:00Z,SVPB
300234012007220,2015-01-06T02:00:00Z,31.36045,-31.03618,-0.0506,-0.028,3629.0,2015-06-30T00:00:00Z,SVPB
300234012007220,2015-01-06T03:00:00Z,31.35931,-31.03855,-0.073,-0.0398,0.0,2015-06-30T00:00:00Z,SVPB
300234012007220,2015-01-06T04:00:00Z,31.35809,-31.04154,-0.0872,-0.0402,3629.0,2015-06-30T00:00:00Z,SVPB
300234012007220,2015-01-06T05:00:00Z,31.35705,-31.04447,-0.0695,-0.0219,3629.0,2015-06-30T00:00:00Z,SVPB
300234012007220,2015-01-06T06:00:00Z,31.35593,-31.04733,-0.0756,-0.0427,0.0,2015-06-30T00:00:00Z,SVPB
300234012007220,2015-01-06T07:00:00Z,31.35466,-31.05025,-0.0841,-0.0429,3629.0,2015-06-30T00:00:00Z,SVPB
300234012007220,2015-01-06T08:00:00Z,31.35383,-31.05343,-0.0796,-0.0059,3629.0,2015-06-30T00:00:00Z,SVPB
300234012007220,2015-01-06T09:00:00Z,31.35408,-31.05632,-0.0762,0.0211,0.0,2015-06-30T00:00:00Z,SVPB
300234012007220,2015-01-06T10:00:00Z,31.35542,-31.05833,-0.0345,0.0587,3629.0,2015-06-30T00:00:00Z,SVPB
300234012007220,2015-01-06T11:00:00Z,31.35788,-31.05919,-0.0051,0.0964,3629.0,2015-06-30T00:00:00Z,SVPB
300234012007220,2015-01-06T12:00:00Z,31.36103,-31.05888,0.0182,0.1012,0.0,2015-06-30T00:00:00Z,SVPB
300234012007220,2015-01-06T13:00:00Z,31.36408,-31.05733,0.0632,0.0869,3629.0,2015-06-30T00:00:00Z,SVPB
300234012007220,2015-01-06T14:00:00Z,31.36646,-31.0547,0.0797,0.0623,3629.0,2015-06-30T00:00:00Z,SVPB
300234012007220,2015-01-06T15:00:00Z,31.36734,-31.05204,0.0626,-2.0E-4,0.0,2015-06-30T00:00:00Z,SVPB
300234012007220,2015-01-06T16:00:00Z,31.36691,-31.05002,0.0421,-0.0366,3629.0,2015-06-30T00:00:00Z,SVPB
300234012007220,2015-01-06T17:00:00Z,31.36568,-31.04854,0.0342,-0.0373,3629.0,2015-06-30T00:00:00Z,SVPB
300234012007220,2015-01-06T18:00:00Z,31.36393,-31.04767,0.0157,-0.0672,0.0,2015-06-30T00:00:00Z,SVPB
300234012007220,2015-01-06T19:00:00Z,31.3618,-31.04734,-0.0022,-0.0709,3629.0,2015-06-30T00:00:00Z,SVPB
300234012007220,2015-01-06T20:00:00Z,31.35986,-31.0471,0.0135,-0.0465,3629.0,2015-06-30T00:00:00Z,SVPB
300234012007220,2015-01-06T21:00:00Z,31.3584,-31.04634,0.0287,-0.0429,0.0,2015-06-30T00:00:00Z,SVPB
300234012007220,2015-01-06T22:00:00Z,31.35677,-31.04473,0.0524,-0.0555,3629.0,2015-06-30T00:00:00Z,SVPB
300234012007220,2015-01-06T23:00:00Z,31.35492,-31.04304,0.0446,-0.0618,3629.0,2015-06-30T00:00:00Z,SVPB
300234012007220,2015-01-07T00:00:00Z,31.3534,-31.04214,-2.0E-4,-0.0334,0.0,2015-06-30T00:00:00Z,SVPB
300234012007220,2015-01-07T01:00:00Z,31.35277,-31.04257,-0.0237,-0.0033,3629.0,2015-06-30T00:00:00Z,SVPB
300234012007220,2015-01-07T02:00:00Z,31.35274,-31.043,-0.005,0.0031,3629.0,2015-06-30T00:00:00Z,SVPB
300234012007220,2015-01-07T03:00:00Z,31.3528,-31.04285,0.0186,-0.0,0.0,2015-06-30T00:00:00Z,SVPB
300234012007220,2015-01-07T04:00:00Z,31.35196,-31.04298,-0.0159,-0.04,3629.0,2015-06-30T00:00:00Z,SVPB
300234012007220,2015-01-07T05:00:00Z,31.35025,-31.04422,-0.059,-0.0772,3629.0,2015-06-30T00:00:00Z,SVPB
300234012007220,2015-01-07T06:00:00Z,31.34786,-31.04694,-0.0836,-0.0706,0.0,2015-06-30T00:00:00Z,SVPB
300234012007220,2015-01-07T07:00:00Z,31.34613,-31.05011,-0.0873,-0.0406,3629.0,2015-06-30T00:00:00Z,SVPB
300234012007220,2015-01-07T08:00:00Z,31.3456,-31.05314,-0.0711,0.0098,3629.0,2015-06-30T00:00:00Z,SVPB
300234012007220,2015-01-07T09:00:00Z,31.34609,-31.0559,-0.0735,0.0246,0.0,2015-06-30T00:00:00Z,SVPB
300234012007220,2015-01-07T10:00:00Z,31.34709,-31.05827,-0.0562,0.0338,3629.0,2015-06-30T00:00:00Z,SVPB
300234012007220,2015-01-07T11:00:00Z,31.34887,-31.05965,-0.0154,0.0747,3629.0,2015-06-30T00:00:00Z,SVPB
300234012007220,2015-01-07T12:00:00Z,31.3516,-31.05944,0.0259,0.0981,0.0,2015-06-30T00:00:00Z,SVPB
300234012007220,2015-01-07T13:00:00Z,31.35497,-31.05743,0.0787,0.1084,3629.0,2015-06-30T00:00:00Z,SVPB
300234012007220,2015-01-07T14:00:00Z,31.35832,-31.05345,0.1319,0.1023,3629.0,2015-06-30T00:00:00Z,SVPB
300234012007220,2015-01-07T15:00:00Z,31.36068,-31.04849,0.1359,0.0485,0.0,2015-06-30T00:00:00Z,SVPB
300234012007220,2015-01-07T16:00:00Z,31.36169,-31.04387,0.104,0.0067,3629.0,2015-06-30T00:00:00Z,SVPB
300234012007220,2015-01-07T17:00:00Z,31.36102,-31.04104,0.0555,-0.0375,3629.0,2015-06-30T00:00:00Z,SVPB
300234012007220,2015-01-07T18:00:00Z,31.35935,-31.03924,0.0293,-0.0768,0.0,2015-06-30T00:00:00Z,SVPB
300234012007220,2015-01-07T19:00:00Z,31.35663,-31.03794,0.0395,-0.0899,3629.0,2015-06-30T00:00:00Z,SVPB
300234012007220,2015-01-07T20:00:00Z,31.3536,-31.0364,0.0423,-0.0993,3629.0,2015-06-30T00:00:00Z,SVPB
300234012007220,2015-01-07T21:00:00Z,31.35023,-31.03514,0.0264,-0.1072,0.0,2015-06-30T00:00:00Z,SVPB
300234012007220,2015-01-07T22:00:00Z,31.34683,-31.03451,0.0054,-0.1054,3629.0,2015-06-30T00:00:00Z,SVPB
300234012007220,2015-01-07T23:00:00Z,31.34348,-31.03428,0.0052,-0.0991,3629.0,2015-06-30T00:00:00Z,SVPB
300234012007220,2015-01-08T00:00:00Z,31.34054,-31.03411,0.0052,-0.0859,0.0,2015-06-30T00:00:00Z,SVPB
300234012007220,2015-01-08T01:00:00Z,31.33829,-31.03423,-0.0105,-0.0529,3629.0,2015-06-30T00:00:00Z,SVPB
300234012007220,2015-01-08T02:00:00Z,31.33697,-31.03485,-0.024,-0.0278,3629.0,2015-06-30T00:00:00Z,SVPB
300234012007220,2015-01-08T03:00:00Z,31.33626,-31.03602,-0.0367,-0.0153,0.0,2015-06-30T00:00:00Z,SVPB
300234012007220,2015-01-08T04:00:00Z,31.33603,-31.03783,-0.058,-2.0E-4,3629.0,2015-06-30T00:00:00Z,SVPB
300234012007220,2015-01-08T05:00:00Z,31.3362,-31.04072,-0.0928,0.0123,3629.0,2015-06-30T00:00:00Z,SVPB
300234012007220,2015-01-08T06:00:00Z,31.33643,-31.04453,-0.1126,0.003,0.0,2015-06-30T00:00:00Z,SVPB
300234012007220,2015-01-08T07:00:00Z,31.33663,-31.04879,-0.1115,0.006,3629.0,2015-06-30T00:00:00Z,SVPB
300234012007220,2015-01-08T08:00:00Z,31.33747,-31.05265,-0.0954,0.0434,3629.0,2015-06-30T00:00:00Z,SVPB
300234012007220,2015-01-08T09:00:00Z,31.33971,-31.05566,-0.0629,0.0947,0.0,2015-06-30T00:00:00Z,SVPB
300234012007220,2015-01-08T10:00:00Z,31.34326,-31.05697,-0.0109,0.1269,3629.0,2015-06-30T00:00:00Z,SVPB
300234012007220,2015-01-08T11:00:00Z,31.34729,-31.0561,0.0591,0.1239,3629.0,2015-06-30T00:00:00Z,SVPB
300234012007220,2015-01-08T12:00:00Z,31.35137,-31.05301,0.1075,0.1257,0.0,2015-06-30T00:00:00Z,SVPB
300234060207590,2015-01-05T12:00:00Z,35.38006,-38.39886,-0.2223,0.0093,0.0,2015-10-19T00:00:00Z,SVPB
300234060207590,2015-01-05T13:00:00Z,35.38058,-38.40808,-0.2398,0.0216,3629.0,2015-10-19T00:00:00Z,SVPB
300234060207590,2015-01-05T14:00:00Z,35.38112,-38.41803,-0.2626,0.0156,3629.0,2015-10-19T00:00:00Z,SVPB
300234060207590,2015-01-05T15:00:00Z,35.38065,-38.42884,-0.2804,-0.038,0.0,2015-10-19T00:00:00Z,SVPB
300234060207590,2015-01-05T16:00:00Z,35.3768,-38.43946,-0.2648,-0.1619,3629.0,2015-10-19T00:00:00Z,SVPB
300234060207590,2015-01-05T17:00:00Z,35.37075,-38.44956,-0.229,-0.2469,3629.0,2015-10-19T00:00:00Z,SVPB
300234060207590,2015-01-05T18:00:00Z,35.36323,-38.45847,-0.2202,-0.2244,0.0,2015-10-19T00:00:00Z,SVPB
300234060207590,2015-01-05T19:00:00Z,35.3569,-38.46772,-0.2407,-0.1665,3629.0,2015-10-19T00:00:00Z,SVPB
300234060207590,2015-01-05T20:00:00Z,35.35316,-38.47851,-0.2963,-0.0804,3629.0,2015-10-19T00:00:00Z,SVPB
300234060207590,2015-01-05T21:00:00Z,35.35169,-38.49131,-0.3552,0.0051,0.0,2015-10-19T00:00:00Z,SVPB
300234060207590,2015-01-05T22:00:00Z,35.35265,-38.50565,-0.374,0.0558,3629.0,2015-10-19T00:00:00Z,SVPB
300234060207590,2015-01-05T23:00:00Z,35.35486,-38.51959,-0.3317,0.0835,3629.0,2015-10-19T00:00:00Z,SVPB
300234060207590,2015-01-06T00:00:00Z,35.35706,-38.53124,-0.2601,0.0582,0.0,2015-10-19T00:00:00Z,SVPB
300234060207590,2015-01-06T01:00:00Z,35.35804,-38.54071,-0.2101,-0.0,3629.0,2015-10-19T00:00:00Z,SVPB
300234060207590,2015-01-06T02:00:00Z,35.35682,-38.54856,-0.1864,-0.0721,3629.0,2015-10-19T00:00:00Z,SVPB
300234060207590,2015-01-06T03:00:00Z,35.354,-38.55547,-0.1598,-0.1104,0.0,2015-10-19T00:00:00Z,SVPB
300234060207590,2015-01-06T04:00:00Z,35.34998,-38.5608,-0.1143,-0.133,3629.0,2015-10-19T00:00:00Z,SVPB
300234060207590,2015-01-06T05:00:00Z,35.34528,-38.56429,-0.0581,-0.1613,3629.0,2015-10-19T00:00:00Z,SVPB
300234060207590,2015-01-06T06:00:00Z,35.34,-38.56685,-0.0633,-0.1656,0.0,2015-10-19T00:00:00Z,SVPB
300234060207590,2015-01-06T07:00:00Z,35.3349,-38.57301,-0.1896,-0.155,3629.0,2015-10-19T00:00:00Z,SVPB
300234060207590,2015-01-06T08:00:00Z,35.33016,-38.58154,-0.2897,-0.1268,3629.0,2015-10-19T00:00:00Z,SVPB
300234060207590,2015-01-06T09:00:00Z,35.32638,-38.59396,-0.3321,-0.1073,0.0,2015-10-19T00:00:00Z,SVPB
300234060207590,2015-01-06T10:00:00Z,35.32352,-38.60761,-0.3615,-0.0714,3629.0,2015-10-19T00:00:00Z,SVPB
300234060207590,2015-01-06T11:00:00Z,35.32216,-38.62169,-0.3493,-0.0133,3629.0,2015-10-19T00:00:00Z,SVPB
300234060207590,2015-01-06T12:00:00Z,35.32214,-38.63424,-0.292,0.0153,0.0,2015-10-19T00:00:00Z,SVPB
300234060207590,2015-01-06T13:00:00Z,35.3226,-38.64491,-0.2353,0.0124,3629.0,2015-10-19T00:00:00Z,SVPB
300234060207590,2015-01-06T14:00:00Z,35.32264,-38.65333,-0.1943,-0.0063,3629.0,2015-10-19T00:00:00Z,SVPB
300234060207590,2015-01-06T15:00:00Z,35.32225,-38.66028,-0.1507,-0.0215,0.0,2015-10-19T00:00:00Z,SVPB
300234060207590,2015-01-06T16:00:00Z,35.32072,-38.66549,-0.1168,-0.0618,3629.0,2015-10-19T00:00:00Z,SVPB
300234060207590,2015-01-06T17:00:00Z,35.31797,-38.66958,-0.0851,-0.1184,3629.0,2015-10-19T00:00:00Z,SVPB
300234060207590,2015-01-06T18:00:00Z,35.31371,-38.67215,-0.0472,-0.1441,0.0,2015-10-19T00:00:00Z,SVPB
300234060207590,2015-01-06T19:00:00Z,35.30886,-38.67364,-0.0229,-0.1581,3629.0,2015-10-19T00:00:00Z,SVPB
300234060207590,2015-01-06T20:00:00Z,35.30452,-38.67483,-0.0354,-0.1182,3629.0,2015-10-19T00:00:00Z,SVPB
300234060207590,2015-01-06T21:00:00Z,35.30187,-38.67667,-0.0575,-0.0432,0.0,2015-10-19T00:00:00Z,SVPB
300234060207590,2015-01-06T22:00:00Z,35.30155,-38.67998,-0.1043,0.0219,3629.0,2015-10-19T00:00:00Z,SVPB
300234060207590,2015-01-06T23:00:00Z,35.3026,-38.68489,-0.1499,0.0494,3629.0,2015-10-19T00:00:00Z,SVPB
300234060207590,2015-01-07T00:00:00Z,35.3038,-38.69124,-0.1701,0.0278,0.0,2015-10-19T00:00:00Z,SVPB
300234060207590,2015-01-07T01:00:00Z,35.304,-38.69855,-0.1969,-0.0149,3629.0,2015-10-19T00:00:00Z,SVPB
300234060207590,2015-01-07T02:00:00Z,35.30278,-38.70603,-0.1871,-0.0593,3629.0,2015-10-19T00:00:00Z,SVPB
300234060207590,2015-01-07T03:00:00Z,35.30015,-38.71318,-0.1677,-0.1047,0.0,2015-10-19T00:00:00Z,SVPB
300234060207590,2015-01-07T04:00:00Z,35.29617,-38.72012,-0.1822,-0.1425,3629.0,2015-10-19T00:00:00Z,SVPB
300234060207590,2015-01-07T05:00:00Z,35.29122,-38.72764,-0.197,-0.1642,3629.0,2015-10-19T00:00:00Z,SVPB
300234060207590,2015-01-07T06:00:00Z,35.2858,-38.73485,-0.1729,-0.1716,0.0,2015-10-19T00:00:00Z,SVPB
300234060207590,2015-01-07T07:00:00Z,35.2805,-38.74062,-0.1168,-0.1581,3629.0,2015-10-19T00:00:00Z,SVPB
300234060207590,2015-01-07T08:00:00Z,35.27588,-38.74458,-0.0805,-0.1269,3629.0,2015-10-19T00:00:00Z,SVPB
300234060207590,2015-01-07T09:00:00Z,35.2724,-38.74714,-0.0501,-0.089,0.0,2015-10-19T00:00:00Z,SVPB
300234060207590,2015-01-07T10:00:00Z,35.27009,-38.7484,-0.0132,-0.0531,3629.0,2015-10-19T00:00:00Z,SVPB
300234060207590,2015-01-07T11:00:00Z,35.26932,-38.74878,-0.0025,5.0E-4,3629.0,2015-10-19T00:00:00Z,SVPB
300234060207590,2015-01-07T12:00:00Z,35.26996,-38.74927,-0.0228,0.0461,0.0,2015-10-19T00:00:00Z,SVPB
300234060207590,2015-01-07T13:00:00Z,35.27183,-38.7508,-0.0528,0.0679,3629.0,2015-10-19T00:00:00Z,SVPB
300234060207590,2015-01-07T14:00:00Z,35.27379,-38.75386,-0.099,0.0588,3629.0,2015-10-19T00:00:00Z,SVPB
300234060207590,2015-01-07T15:00:00Z,35.27494,-38.75872,-0.1479,0.0121,0.0,2015-10-19T00:00:00Z,SVPB
300234060207590,2015-01-07T16:00:00Z,35.27457,-38.76463,-0.1551,-0.0352,3629.0,2015-10-19T00:00:00Z,SVPB
300234060207590,2015-01-07T17:00:00Z,35.27235,-38.76909,-0.085,-0.0934,3629.0,2015-10-19T00:00:00Z,SVPB
300234060207590,2015-01-07T18:00:00Z,35.26884,-38.77131,-0.0108,-0.1325,0.0,2015-10-19T00:00:00Z,SVPB
300234060207590,2015-01-07T19:00:00Z,35.26417,-38.77116,0.0199,-0.155,3629.0,2015-10-19T00:00:00Z,SVPB
300234060207590,2015-01-07T20:00:00Z,35.25882,-38.7706,0.0128,-0.1766,3629.0,2015-10-19T00:00:00Z,SVPB
300234060207590,2015-01-07T21:00:00Z,35.2534,-38.77022,0.0026,-0.1625,0.0,2015-10-19T00:00:00Z,SVPB
300234060207590,2015-01-07T22:00:00Z,35.24881,-38.76959,0.0272,-0.1217,3629.0,2015-10-19T00:00:00Z,SVPB
300234060207590,2015-01-07T23:00:00Z,35.24538,-38.76721,0.0869,-0.0897,3629.0,2015-10-19T00:00:00Z,SVPB
300234060207590,2015-01-08T00:00:00Z,35.24271,-38.76309,0.1298,-0.0736,0.0,2015-10-19T00:00:00Z,SVPB
300234060207590,2015-01-08T01:00:00Z,35.24108,-38.75854,0.1066,-0.0346,3629.0,2015-10-19T00:00:00Z,SVPB
300234060207590,2015-01-08T02:00:00Z,35.24068,-38.75513,0.0603,0.016,3629.0,2015-10-19T00:00:00Z,SVPB
300234060207590,2015-01-08T03:00:00Z,35.24112,-38.75333,0.0301,0.0157,0.0,2015-10-19T00:00:00Z,SVPB
300234060207590,2015-01-08T04:00:00Z,35.24104,-38.75318,-0.0175,-0.0184,3629.0,2015-10-19T00:00:00Z,SVPB
300234060207590,2015-01-08T05:00:00Z,35.24048,-38.75418,-0.0402,-0.0215,3629.0,2015-10-19T00:00:00Z,SVPB
300234060207590,2015-01-08T06:00:00Z,35.23977,-38.75502,-0.0048,-0.0185,0.0,2015-10-19T00:00:00Z,SVPB
300234060207590,2015-01-08T07:00:00Z,35.239,-38.75463,0.028,-0.031,3629.0,2015-10-19T00:00:00Z,SVPB
300234060207590,2015-01-08T08:00:00Z,35.23841,-38.75291,0.0558,-0.0094,3629.0,2015-10-19T00:00:00Z,SVPB
300234060207590,2015-01-08T09:00:00Z,35.23812,-38.75006,0.0899,-0.0032,0.0,2015-10-19T00:00:00Z,SVPB
300234060207590,2015-01-08T10:00:00Z,35.23757,-38.74586,0.1215,-0.0308,3629.0,2015-10-19T00:00:00Z,SVPB
300234060207590,2015-01-08T11:00:00Z,35.23671,-38.74049,0.1504,-0.0267,3629.0,2015-10-19T00:00:00Z,SVPB
300234060207590,2015-01-08T12:00:00Z,35.23647,-38.73594,0.1004,0.0061,0.0,2015-10-19T00:00:00Z,SVPB
300234060441290,2015-01-05T12:00:00Z,30.92855,-30.57244,-0.0209,0.0215,0.0,2015-01-18T00:00:00Z,SVPB
300234060441290,2015-01-05T13:00:00Z,30.92863,-30.57328,-0.0263,-0.0214,3629.0,2015-01-18T00:00:00Z,SVPB
300234060441290,2015-01-05T14:00:00Z,30.92727,-30.57461,-0.04,-0.0586,3629.0,2015-01-18T00:00:00Z,SVPB
300234060441290,2015-01-05T15:00:00Z,30.92551,-30.57612,-0.0448,-0.058,0.0,2015-01-18T00:00:00Z,SVPB
300234060441290,2015-01-05T16:00:00Z,30.92372,-30.57789,-0.0452,-0.0468,3629.0,2015-01-18T00:00:00Z,SVPB
300234060441290,2015-01-05T17:00:00Z,30.92212,-30.57987,-0.0613,-0.0556,3629.0,2015-01-18T00:00:00Z,SVPB
300234060441290,2015-01-05T18:00:00Z,30.92091,-30.58232,-0.0681,-0.0221,0.0,2015-01-18T00:00:00Z,SVPB
300234060441290,2015-01-05T19:00:00Z,30.9212,-30.58441,-0.0478,0.037,3629.0,2015-01-18T00:00:00Z,SVPB
300234060441290,2015-01-05T20:00:00Z,30.92285,-30.58552,-0.0078,0.0711,3629.0,2015-01-18T00:00:00Z,SVPB
300234060441290,2015-01-05T21:00:00Z,30.92467,-30.58502,0.0315,0.0462,0.0,2015-01-18T00:00:00Z,SVPB
300234060441290,2015-01-05T22:00:00Z,30.92528,-30.58334,0.0611,-0.0094,3629.0,2015-01-18T00:00:00Z,SVPB
300234060441290,2015-01-05T23:00:00Z,30.92482,-30.58117,0.0558,-0.025,3629.0,2015-01-18T00:00:00Z,SVPB
300234060441290,2015-01-06T00:00:00Z,30.92373,-30.57978,0.021,-0.0366,0.0,2015-01-18T00:00:00Z,SVPB
300234060441290,2015-01-06T01:00:00Z,30.92186,-30.5798,-0.0238,-0.0805,3629.0,2015-01-18T00:00:00Z,SVPB
300234060441290,2015-01-06T02:00:00Z,30.91859,-30.58141,-0.0612,-0.1211,3629.0,2015-01-18T00:00:00Z,SVPB
300234060441290,2015-01-06T03:00:00Z,30.91451,-30.58444,-0.1001,-0.1348,0.0,2015-01-18T00:00:00Z,SVPB
300234060441290,2015-01-06T04:00:00Z,30.91021,-30.58887,-0.1353,-0.1302,3629.0,2015-01-18T00:00:00Z,SVPB
300234060441290,2015-01-06T05:00:00Z,30.90692,-30.59415,-0.1466,-0.0834,3629.0,2015-01-18T00:00:00Z,SVPB
300234060441290,2015-01-06T06:00:00Z,30.90502,-30.59988,-0.1553,-0.0241,0.0,2015-01-18T00:00:00Z,SVPB
300234060441290,2015-01-06T07:00:00Z,30.90469,-30.60565,-0.1543,0.0029,3629.0,2015-01-18T00:00:00Z,SVPB
300234060441290,2015-01-06T08:00:00Z,30.90523,-30.61085,-0.1223,0.0312,3629.0,2015-01-18T00:00:00Z,SVPB
300234060441290,2015-01-06T09:00:00Z,30.90657,-30.61492,-0.0918,0.0521,0.0,2015-01-18T00:00:00Z,SVPB
300234060441290,2015-01-06T10:00:00Z,30.90857,-30.61802,-0.0721,0.0711,3629.0,2015-01-18T00:00:00Z,SVPB
300234060441290,2015-01-06T11:00:00Z,30.91071,-30.62001,-0.0373,0.0653,3629.0,2015-01-18T00:00:00Z,SVPB
300234060441290,2015-01-06T12:00:00Z,30.913,-30.62055,0.0105,0.0706,0.0,2015-01-18T00:00:00Z,SVPB
300234060441290,2015-01-06T13:00:00Z,30.9152,-30.6202,0.0134,0.0714,3629.0,2015-01-18T00:00:00Z,SVPB
300234060441290,2015-01-06T14:00:00Z,30.91661,-30.6203,-0.0189,0.0182,3629.0,2015-01-18T00:00:00Z,SVPB
300234060441290,2015-01-06T15:00:00Z,30.91657,-30.62154,-0.0475,-0.0247,0.0,2015-01-18T00:00:00Z,SVPB
300234060441290,2015-01-06T16:00:00Z,30.91531,-30.62383,-0.074,-0.0524,3629.0,2015-01-18T00:00:00Z,SVPB
300234060441290,2015-01-06T17:00:00Z,30.91393,-30.62674,-0.0824,-0.04,3629.0,2015-01-18T00:00:00Z,SVPB
300234060441290,2015-01-06T18:00:00Z,30.91294,-30.62991,-0.0843,-0.0154,0.0,2015-01-18T00:00:00Z,SVPB
300234060441290,2015-01-06T19:00:00Z,30.91234,-30.63274,-0.0695,-0.0217,3629.0,2015-01-18T00:00:00Z,SVPB
300234060441290,2015-01-06T20:00:00Z,30.91172,-30.63518,-0.0556,-0.0184,3629.0,2015-01-18T00:00:00Z,SVPB
300234060441290,2015-01-06T21:00:00Z,30.91148,-30.63711,-0.0499,0.0029,0.0,2015-01-18T00:00:00Z,SVPB
300234060441290,2015-01-06T22:00:00Z,30.91186,-30.63821,-0.0111,0.0216,3629.0,2015-01-18T00:00:00Z,SVPB
300234060441290,2015-01-06T23:00:00Z,30.91271,-30.63809,0.0211,0.0308,3629.0,2015-01-18T00:00:00Z,SVPB
300234060441290,2015-01-07T00:00:00Z,30.91334,-30.63732,0.0213,0.0123,0.0,2015-01-18T00:00:00Z,SVPB
300234060441290,2015-01-07T01:00:00Z,30.91311,-30.63655,0.0187,-0.0277,3629.0,2015-01-18T00:00:00Z,SVPB
300234060441290,2015-01-07T02:00:00Z,30.91171,-30.63609,0.0081,-0.0589,3629.0,2015-01-18T00:00:00Z,SVPB
300234060441290,2015-01-07T03:00:00Z,30.90914,-30.63668,-0.0358,-0.0973,0.0,2015-01-18T00:00:00Z,SVPB
300234060441290,2015-01-07T04:00:00Z,30.90518,-30.63961,-0.1138,-0.1453,3629.0,2015-01-18T00:00:00Z,SVPB
300234060441290,2015-01-07T05:00:00Z,30.90084,-30.64518,-0.1869,-0.1318,3629.0,2015-01-18T00:00:00Z,SVPB
300234060441290,2015-01-07T06:00:00Z,30.89744,-30.65265,-0.2131,-0.0735,0.0,2015-01-18T00:00:00Z,SVPB
300234060441290,2015-01-07T07:00:00Z,30.89616,-30.66061,-0.2104,-0.0104,3629.0,2015-01-18T00:00:00Z,SVPB
300234060441290,2015-01-07T08:00:00Z,30.89699,-30.66782,-0.175,0.0627,3629.0,2015-01-18T00:00:00Z,SVPB
300234060441290,2015-01-07T09:00:00Z,30.89951,-30.6735,-0.1234,0.0981,0.0,2015-01-18T00:00:00Z,SVPB
300234060441290,2015-01-07T10:00:00Z,30.90297,-30.67705,-0.0677,0.1144,3629.0,2015-01-18T00:00:00Z,SVPB
300234060441290,2015-01-07T11:00:00Z,30.9065,-30.6781,0.009,0.1081,3629.0,2015-01-18T00:00:00Z,SVPB
300234060441290,2015-01-07T12:00:00Z,30.90974,-30.67703,0.0555,0.0888,0.0,2015-01-18T00:00:00Z,SVPB
300234060441290,2015-01-07T13:00:00Z,30.91213,-30.67515,0.048,0.0622,3629.0,2015-01-18T00:00:00Z,SVPB
300234060441290,2015-01-07T14:00:00Z,30.91357,-30.67348,0.0372,0.0247,3629.0,2015-01-18T00:00:00Z,SVPB
300234060441290,2015-01-07T15:00:00Z,30.9133,-30.67229,0.029,-0.0334,0.0,2015-01-18T00:00:00Z,SVPB
300234060441290,2015-01-07T16:00:00Z,30.91137,-30.67184,-0.0057,-0.093,3629.0,2015-01-18T00:00:00Z,SVPB
300234060441290,2015-01-07T17:00:00Z,30.90854,-30.67251,-0.0322,-0.0866,3629.0,2015-01-18T00:00:00Z,SVPB
300234060441290,2015-01-07T18:00:00Z,30.90594,-30.67402,-0.0474,-0.0705,0.0,2015-01-18T00:00:00Z,SVPB
300234060441290,2015-01-07T19:00:00Z,30.90349,-30.67617,-0.0664,-0.0805,3629.0,2015-01-18T00:00:00Z,SVPB
300234060441290,2015-01-07T20:00:00Z,30.90121,-30.67844,-0.0583,-0.0649,3629.0,2015-01-18T00:00:00Z,SVPB
300234060441290,2015-01-07T21:00:00Z,30.8994,-30.68029,-0.0369,-0.0429,0.0,2015-01-18T00:00:00Z,SVPB
300234060441290,2015-01-07T22:00:00Z,30.89823,-30.68131,-0.0188,-0.0311,3629.0,2015-01-18T00:00:00Z,SVPB
300234060441290,2015-01-07T23:00:00Z,30.89717,-30.6818,-0.0051,-0.0311,3629.0,2015-01-18T00:00:00Z,SVPB
300234060441290,2015-01-08T00:00:00Z,30.896,-30.6816,0.0133,-0.0429,0.0,2015-01-18T00:00:00Z,SVPB
300234060441290,2015-01-08T01:00:00Z,30.89466,-30.68068,0.0372,-0.0403,3629.0,2015-01-18T00:00:00Z,SVPB
300234060441290,2015-01-08T02:00:00Z,30.89328,-30.67955,0.0262,-0.0434,3629.0,2015-01-18T00:00:00Z,SVPB
300234060441290,2015-01-08T03:00:00Z,30.89191,-30.6793,-0.0125,-0.0431,0.0,2015-01-18T00:00:00Z,SVPB
300234060441290,2015-01-08T04:00:00Z,30.88982,-30.68069,-0.058,-0.0771,3629.0,2015-01-18T00:00:00Z,SVPB
300234060441290,2015-01-08T05:00:00Z,30.88652,-30.68384,-0.1101,-0.1335,3629.0,2015-01-18T00:00:00Z,SVPB
300234060441290,2015-01-08T06:00:00Z,30.88245,-30.68874,-0.1524,-0.1229,0.0,2015-01-18T00:00:00Z,SVPB
300234060441290,2015-01-08T07:00:00Z,30.87958,-30.69456,-0.1595,-0.0591,3629.0,2015-01-18T00:00:00Z,SVPB
300234060441290,2015-01-08T08:00:00Z,30.87848,-30.70035,-0.1464,-0.0026,3629.0,2015-01-18T00:00:00Z,SVPB
300234060441290,2015-01-08T09:00:00Z,30.87906,-30.70546,-0.126,0.0368,0.0,2015-01-18T00:00:00Z,SVPB
300234060441290,2015-01-08T10:00:00Z,30.88071,-30.70977,-0.1013,0.068,3629.0,2015-01-18T00:00:00Z,SVPB
300234060441290,2015-01-08T11:00:00Z,30.88329,-30.71282,-0.0642,0.0897,3629.0,2015-01-18T00:00:00Z,SVPB
300234060441290,2015-01-08T12:00:00Z,30.88628,-30.714,2.0E-4,0.0981,0.0,2015-01-18T00:00:00Z,SVPB
300234061512840,2015-01-05T12:00:00Z,21.552046,-50.648716,-0.019273115,0.0035099082,7257.0,2015-07-17T00:00:00Z,SVPB
300234061512840,2015-01-05T13:00:00Z,21.551723,-50.64946,-0.01075522,-0.019350013,3543.0,2015-07-17T00:00:00Z,SVPB
300234061512840,2015-01-05T14:00:00Z,21.550566,-50.649456,0.010034851,-0.037890237,3628.0,2015-07-17T00:00:00Z,SVPB
300234061512840,2015-01-05T15:00:00Z,21.547512,-50.649162,0.009047654,-0.088805825,7172.0,2015-07-17T00:00:00Z,SVPB
300234061512840,2015-01-05T16:00:00Z,21.544178,-50.64897,-0.0025784306,-0.09699968,7172.0,2015-07-17T00:00:00Z,SVPB
300234061512840,2015-01-05T17:00:00Z,21.54114,-50.64884,-0.010152761,-0.09701938,7257.0,2015-07-17T00:00:00Z,SVPB
300234061512840,2015-01-05T18:00:00Z,21.539522,-50.649,0.0017854802,-0.057673726,7257.0,2015-07-17T00:00:00Z,SVPB
300234061512840,2015-01-05T19:00:00Z,21.538004,-50.649097,0.020957334,-0.019945731,3543.0,2015-07-17T00:00:00Z,SVPB
300234061512840,2015-01-05T20:00:00Z,21.537182,-50.648468,0.07297572,7.842023E-4,3628.0,2015-07-17T00:00:00Z,SVPB
300234061512840,2015-01-05T21:00:00Z,21.537125,-50.645714,0.09421669,-0.011746309,3629.0,2015-07-17T00:00:00Z,SVPB
300234061512840,2015-01-05T22:00:00Z,21.537167,-50.642014,0.11641697,0.008536195,3543.0,2015-07-17T00:00:00Z,SVPB
300234061512840,2015-01-05T23:00:00Z,21.537514,-50.63726,0.15580468,0.019679083,3628.0,2015-07-17T00:00:00Z,SVPB
300234061512840,2015-01-06T00:00:00Z,21.537863,-50.631893,0.15896682,-0.0011653814,3629.0,2015-07-17T00:00:00Z,SVPB
300234061512840,2015-01-06T01:00:00Z,21.537996,-50.627018,0.122016616,0.0069839926,3543.0,2015-07-17T00:00:00Z,SVPB
300234061512840,2015-01-06T02:00:00Z,21.53785,-50.62332,0.08990281,-0.00964488,3628.0,2015-07-17T00:00:00Z,SVPB
300234061512840,2015-01-06T03:00:00Z,21.537115,-50.62068,0.061252017,-0.04094844,3629.0,2015-07-17T00:00:00Z,SVPB
300234061512840,2015-01-06T04:00:00Z,21.535887,-50.61897,0.036391236,-0.037934095,3543.0,2015-07-17T00:00:00Z,SVPB
300234061512840,2015-01-06T05:00:00Z,21.535803,-50.61837,0.00404551,0.019072598,3628.0,2015-07-17T00:00:00Z,SVPB
300234061512840,2015-01-06T06:00:00Z,21.537317,-50.618786,-0.035871133,0.09114987,3629.0,2015-07-17T00:00:00Z,SVPB
300234061512840,2015-01-06T07:00:00Z,21.540716,-50.620197,-0.047934834,0.120876275,3543.0,2015-07-17T00:00:00Z,SVPB
300234061512840,2015-01-06T08:00:00Z,21.544125,-50.62161,-0.034566276,0.09719831,3628.0,2015-07-17T00:00:00Z,SVPB
300234061512840,2015-01-06T09:00:00Z,21.546623,-50.6221,0.0045447396,0.05213607,3629.0,2015-07-17T00:00:00Z,SVPB
300234061512840,2015-01-06T10:00:00Z,21.548065,-50.62096,0.061032336,0.036127903,3543.0,2015-07-17T00:00:00Z,SVPB
300234061512840,2015-01-06T11:00:00Z,21.549185,-50.618496,0.08615697,0.03196996,3628.0,2015-07-17T00:00:00Z,SVPB
300234061512840,2015-01-06T12:00:00Z,21.550335,-50.615856,0.067643486,0.03832662,3629.0,2015-07-17T00:00:00Z,SVPB
300234061512840,2015-01-06T13:00:00Z,21.5517,-50.613457,0.06585891,0.046554696,3543.0,2015-07-17T00:00:00Z,SVPB
300234061512840,2015-01-06T14:00:00Z,21.553123,-50.61102,0.07678452,0.042775754,3628.0,2015-07-17T00:00:00Z,SVPB
300234061512840,2015-01-06T15:00:00Z,21.554153,-50.608475,0.06953082,0.02205838,3629.0,2015-07-17T00:00:00Z,SVPB
300234061512840,2015-01-06T16:00:00Z,21.554712,-50.60631,0.055518992,0.009806306,3543.0,2015-07-17T00:00:00Z,SVPB
300234061512840,2015-01-06T17:00:00Z,21.555132,-50.605118,0.017711835,0.015552619,3628.0,2015-07-17T00:00:00Z,SVPB
300234061512840,2015-01-06T18:00:00Z,21.556017,-50.605824,-0.050414722,0.035970554,3629.0,2015-07-17T00:00:00Z,SVPB
300234061512840,2015-01-06T19:00:00Z,21.55757,-50.60803,-0.08784133,0.0647701,3543.0,2015-07-17T00:00:00Z,SVPB
300234061512840,2015-01-06T20:00:00Z,21.559746,-50.61082,-0.07428487,0.07173239,3628.0,2015-07-17T00:00:00Z,SVPB
300234061512840,2015-01-06T21:00:00Z,21.561737,-50.612633,-0.03372749,0.05344245,3629.0,2015-07-17T00:00:00Z,SVPB
300234061512840,2015-01-06T22:00:00Z,21.563074,-50.612885,0.019299682,0.027873304,3543.0,2015-07-17T00:00:00Z,SVPB
300234061512840,2015-01-06T23:00:00Z,21.564135,-50.61149,0.05039979,0.03305136,3628.0,2015-07-17T00:00:00Z,SVPB
300234061512840,2015-01-07T00:00:00Z,21.56568,-50.60899,0.07988096,0.053342808,7172.0,2015-07-17T00:00:00Z,SVPB
300234061512840,2015-01-07T01:00:00Z,21.567877,-50.60549,0.092664,0.055609334,7172.0,2015-07-17T00:00:00Z,SVPB
300234061512840,2015-01-07T02:00:00Z,21.57,-50.602028,0.0997565,0.05561701,3628.0,2015-07-17T00:00:00Z,SVPB
300234061512840,2015-01-07T03:00:00Z,21.57172,-50.59887,0.07680538,0.047034536,3629.0,2015-07-17T00:00:00Z,SVPB
300234061512840,2015-01-07T04:00:00Z,21.573244,-50.596653,0.0382891,0.048635405,3543.0,2015-07-17T00:00:00Z,SVPB
300234061512840,2015-01-07T05:00:00Z,21.574654,-50.596138,-0.00986768,0.03965671,3628.0,2015-07-17T00:00:00Z,SVPB
300234061512840,2015-01-07T06:00:00Z,21.575657,-50.59712,-0.04685945,0.022371352,3629.0,2015-07-17T00:00:00Z,SVPB
300234061512840,2015-01-07T07:00:00Z,21.576725,-50.599174,-0.072548926,0.037960716,3543.0,2015-07-17T00:00:00Z,SVPB
300234061512840,2015-01-07T08:00:00Z,21.579077,-50.602123,-0.094082154,0.09987814,3628.0,2015-07-17T00:00:00Z,SVPB
300234061512840,2015-01-07T09:00:00Z,21.582386,-50.60545,-0.10059561,0.11420136,3629.0,2015-07-17T00:00:00Z,SVPB
300234061512840,2015-01-07T10:00:00Z,21.58573,-50.608803,-0.09161217,0.09102937,3543.0,2015-07-17T00:00:00Z,SVPB
300234061512840,2015-01-07T11:00:00Z,21.5883,-50.61184,-0.08525932,0.075052075,3628.0,2015-07-17T00:00:00Z,SVPB
300234061512840,2015-01-07T12:00:00Z,21.589994,-50.614006,-0.0568405,0.045797363,7172.0,2015-07-17T00:00:00Z,SVPB
300234061512840,2015-01-07T13:00:00Z,21.590796,-50.61494,-0.02382685,0.032196097,7172.0,2015-07-17T00:00:00Z,SVPB
300234061512840,2015-01-07T14:00:00Z,21.591494,-50.61563,0.0074468814,0.016626388,3628.0,2015-07-17T00:00:00Z,SVPB
300234061512840,2015-01-07T15:00:00Z,21.59162,-50.615086,0.027838543,-0.011236139,3629.0,2015-07-17T00:00:00Z,SVPB
300234061512840,2015-01-07T16:00:00Z,21.591105,-50.61412,0.033395488,-0.04681165,3543.0,2015-07-17T00:00:00Z,SVPB
300234061512840,2015-01-07T17:00:00Z,21.589727,-50.613136,0.02385561,-0.04041795,3628.0,2015-07-17T00:00:00Z,SVPB
300234061512840,2015-01-07T18:00:00Z,21.58919,-50.612846,-0.0031709496,0.0014932337,3629.0,2015-07-17T00:00:00Z,SVPB
300234061512840,2015-01-07T19:00:00Z,21.590227,-50.613194,-0.021379108,0.066038005,3543.0,2015-07-17T00:00:00Z,SVPB
300234061512840,2015-01-07T20:00:00Z,21.592863,-50.613728,-0.011722083,0.099002324,3628.0,2015-07-17T00:00:00Z,SVPB
300234061512840,2015-01-07T21:00:00Z,21.596521,-50.613503,0.0063974005,0.11316979,3629.0,2015-07-17T00:00:00Z,SVPB
300234061512840,2015-01-07T22:00:00Z,21.600092,-50.612198,0.032540955,0.112372704,10800.0,2015-07-17T00:00:00Z,SVPB
300234061512840,2015-01-07T23:00:00Z,21.603287,-50.60922,0.054809887,0.09943964,10800.0,2015-07-17T00:00:00Z,SVPB
300234061512840,2015-01-08T00:00:00Z,21.606483,-50.60624,0.07707882,0.08650659,10800.0,2015-07-17T00:00:00Z,SVPB
300234061512840,2015-01-08T01:00:00Z,21.60956,-50.603218,0.095175706,0.075394295,7171.0,2015-07-17T00:00:00Z,SVPB
300234061512840,2015-01-08T02:00:00Z,21.611988,-50.59998,0.090719774,0.07412447,7171.0,2015-07-17T00:00:00Z,SVPB
300234061512840,2015-01-08T03:00:00Z,21.614403,-50.596775,0.084316224,0.07304241,3629.0,2015-07-17T00:00:00Z,SVPB
300234061512840,2015-01-08T04:00:00Z,21.61672,-50.59385,0.06718786,0.06976195,3543.0,2015-07-17T00:00:00Z,SVPB
300234061512840,2015-01-08T05:00:00Z,21.61872,-50.591774,0.045943588,0.04935102,3628.0,2015-07-17T00:00:00Z,SVPB
300234061512840,2015-01-08T06:00:00Z,21.619957,-50.59113,0.016260613,0.032553345,3629.0,2015-07-17T00:00:00Z,SVPB
300234061512840,2015-01-08T07:00:00Z,21.621206,-50.59336,-0.05595062,0.037028395,7171.0,2015-07-17T00:00:00Z,SVPB
300234061512840,2015-01-08T08:00:00Z,21.622503,-50.595913,-0.091853276,0.046547387,7171.0,2015-07-17T00:00:00Z,SVPB
300234061512840,2015-01-08T09:00:00Z,21.62393,-50.598675,-0.11975671,0.055801857,7172.0,2015-07-17T00:00:00Z,SVPB
300234061512840,2015-01-08T10:00:00Z,21.626026,-50.602505,-0.106933184,0.06370957,7172.0,2015-07-17T00:00:00Z,SVPB
300234061512840,2015-01-08T11:00:00Z,21.628126,-50.60633,-0.082206845,0.07509674,3628.0,2015-07-17T00:00:00Z,SVPB
300234061512840,2015-01-08T12:00:00Z,21.630583,-50.609497,-0.008663147,0.10617854,3629.0,2015-07-17T00:00:00Z,SVPB
300234061610040,2015-01-05T12:00:00Z,23.35033,-48.82378,0.0605,0.0197,3629.0,2015-10-27T00:00:00Z,SVPB
300234061610040,2015-01-05T13:00:00Z,23.3501,-48.82215,0.0328,-0.0301,3542.0,2015-10-27T00:00:00Z,SVPB
300234061610040,2015-01-05T14:00:00Z,23.34836,-48.82149,0.0041,-0.081,3629.0,2015-10-27T00:00:00Z,SVPB
300234061610040,2015-01-05T15:00:00Z,23.34513,-48.82215,-0.0385,-0.1172,3629.0,2015-10-27T00:00:00Z,SVPB
300234061610040,2015-01-05T16:00:00Z,23.34116,-48.8242,-0.082,-0.1326,3542.0,2015-10-27T00:00:00Z,SVPB
300234061610040,2015-01-05T17:00:00Z,23.33734,-48.82771,-0.1154,-0.107,3629.0,2015-10-27T00:00:00Z,SVPB
300234061610040,2015-01-05T18:00:00Z,23.33432,-48.83258,-0.1599,-0.0775,3629.0,2015-10-27T00:00:00Z,SVPB
300234061610040,2015-01-05T19:00:00Z,23.33251,-48.83899,-0.2042,-0.0385,3542.0,2015-10-27T00:00:00Z,SVPB
300234061610040,2015-01-05T20:00:00Z,23.33255,-48.84623,-0.2101,0.0371,3629.0,2015-10-27T00:00:00Z,SVPB
300234061610040,2015-01-05T21:00:00Z,23.33475,-48.8529,-0.1699,0.1029,3629.0,2015-10-27T00:00:00Z,SVPB
300234061610040,2015-01-05T22:00:00Z,23.33837,-48.85794,-0.1133,0.1254,3542.0,2015-10-27T00:00:00Z,SVPB
300234061610040,2015-01-05T23:00:00Z,23.34256,-48.86098,-0.0592,0.1318,3629.0,2015-10-27T00:00:00Z,SVPB
300234061610040,2015-01-06T00:00:00Z,23.34655,-48.86218,-0.0098,0.1191,3629.0,2015-10-27T00:00:00Z,SVPB
300234061610040,2015-01-06T01:00:00Z,23.3498,-48.86226,0.0103,0.0792,3542.0,2015-10-27T00:00:00Z,SVPB
300234061610040,2015-01-06T02:00:00Z,23.35156,-48.86193,0.0081,0.032,3629.0,2015-10-27T00:00:00Z,SVPB
300234061610040,2015-01-06T03:00:00Z,23.35187,-48.8614,0.021,-0.0145,3629.0,2015-10-27T00:00:00Z,SVPB
300234061610040,2015-01-06T04:00:00Z,23.35103,-48.86072,0.0206,-0.0403,3542.0,2015-10-27T00:00:00Z,SVPB
300234061610040,2015-01-06T05:00:00Z,23.34981,-48.86068,-0.0149,-0.0371,3629.0,2015-10-27T00:00:00Z,SVPB
300234061610040,2015-01-06T06:00:00Z,23.34889,-48.86171,-0.0472,-0.0189,3629.0,2015-10-27T00:00:00Z,SVPB
300234061610040,2015-01-06T07:00:00Z,23.34858,-48.86354,-0.0578,-9.0E-4,3542.0,2015-10-27T00:00:00Z,SVPB
300234061610040,2015-01-06T08:00:00Z,23.34922,-48.86566,-0.0618,0.0368,3629.0,2015-10-27T00:00:00Z,SVPB
300234061610040,2015-01-06T09:00:00Z,23.35113,-48.86764,-0.0526,0.0828,3629.0,2015-10-27T00:00:00Z,SVPB
300234061610040,2015-01-06T10:00:00Z,23.35369,-48.8691,-0.0301,0.0804,3542.0,2015-10-27T00:00:00Z,SVPB
300234061610040,2015-01-06T11:00:00Z,23.35609,-48.86979,-0.0083,0.0641,3629.0,2015-10-27T00:00:00Z,SVPB
300234061610040,2015-01-06T12:00:00Z,23.3579,-48.86985,0.006,0.0511,3629.0,2015-10-27T00:00:00Z,SVPB
300234061610040,2015-01-06T13:00:00Z,23.35876,-48.86969,0.0041,0.0049,3542.0,2015-10-27T00:00:00Z,SVPB
300234061610040,2015-01-06T14:00:00Z,23.35813,-48.87011,-0.0249,-0.0446,3629.0,2015-10-27T00:00:00Z,SVPB
300234061610040,2015-01-06T15:00:00Z,23.35604,-48.8714,-0.0514,-0.0857,3629.0,2015-10-27T00:00:00Z,SVPB
300234061610040,2015-01-06T16:00:00Z,23.35288,-48.87363,-0.0735,-0.1122,3542.0,2015-10-27T00:00:00Z,SVPB
300234061610040,2015-01-06T17:00:00Z,23.34965,-48.87685,-0.1085,-0.0923,3629.0,2015-10-27T00:00:00Z,SVPB
300234061610040,2015-01-06T18:00:00Z,23.34728,-48.88125,-0.1419,-0.0516,3629.0,2015-10-27T00:00:00Z,SVPB
300234061610040,2015-01-06T19:00:00Z,23.34627,-48.88659,-0.1626,-0.0115,3542.0,2015-10-27T00:00:00Z,SVPB
300234061610040,2015-01-06T20:00:00Z,23.34654,-48.89233,-0.1642,0.0291,3629.0,2015-10-27T00:00:00Z,SVPB
300234061610040,2015-01-06T21:00:00Z,23.34784,-48.89794,-0.1546,0.0526,3629.0,2015-10-27T00:00:00Z,SVPB
300234061610040,2015-01-06T22:00:00Z,23.34997,-48.90307,-0.1368,0.0776,3542.0,2015-10-27T00:00:00Z,SVPB
300234061610040,2015-01-06T23:00:00Z,23.35308,-48.90764,-0.1217,0.1136,3629.0,2015-10-27T00:00:00Z,SVPB
300234061610040,2015-01-07T00:00:00Z,23.35682,-48.91183,-0.1152,0.1217,3629.0,2015-10-27T00:00:00Z,SVPB
300234061610040,2015-01-07T01:00:00Z,23.3607,-48.91543,-0.0921,0.1162,3542.0,2015-10-27T00:00:00Z,SVPB
300234061610040,2015-01-07T02:00:00Z,23.3642,-48.91773,-0.0418,0.1031,3629.0,2015-10-27T00:00:00Z,SVPB
300234061610040,2015-01-07T03:00:00Z,23.36703,-48.91884,-0.0141,0.072,3629.0,2015-10-27T00:00:00Z,SVPB
300234061610040,2015-01-07T04:00:00Z,23.36876,-48.9198,-0.0307,0.0459,3542.0,2015-10-27T00:00:00Z,SVPB
300234061610040,2015-01-07T05:00:00Z,23.37001,-48.92098,-0.0396,0.0344,7258.0,2015-10-27T00:00:00Z,SVPB
300234061610040,2015-01-07T06:00:00Z,23.37116,-48.92223,-0.0384,0.0521,7258.0,2015-10-27T00:00:00Z,SVPB
300234061610040,2015-01-07T07:00:00Z,23.37252,-48.9235,-0.0385,0.0718,3542.0,2015-10-27T00:00:00Z,SVPB
300234061610040,2015-01-07T08:00:00Z,23.37512,-48.92493,-0.0446,0.0986,3629.0,2015-10-27T00:00:00Z,SVPB
300234061610040,2015-01-07T09:00:00Z,23.3783,-48.92654,-0.0481,0.1015,3629.0,2015-10-27T00:00:00Z,SVPB
300234061610040,2015-01-07T10:00:00Z,23.38117,-48.92825,-0.0492,0.0789,3542.0,2015-10-27T00:00:00Z,SVPB
300234061610040,2015-01-07T11:00:00Z,23.3829,-48.93007,-0.0532,0.0316,3629.0,2015-10-27T00:00:00Z,SVPB
300234061610040,2015-01-07T12:00:00Z,23.38393,-48.93183,-0.0482,0.0248,3629.0,2015-10-27T00:00:00Z,SVPB
300234061610040,2015-01-07T13:00:00Z,23.38531,-48.93333,-0.036,0.0604,3542.0,2015-10-27T00:00:00Z,SVPB
300234061610040,2015-01-07T14:00:00Z,23.38758,-48.93447,-0.0289,0.082,3629.0,2015-10-27T00:00:00Z,SVPB
300234061610040,2015-01-07T15:00:00Z,23.38996,-48.9353,-0.0186,0.0684,3629.0,2015-10-27T00:00:00Z,SVPB
300234061610040,2015-01-07T16:00:00Z,23.39157,-48.93622,-0.0296,0.0318,3542.0,2015-10-27T00:00:00Z,SVPB
300234061610040,2015-01-07T17:00:00Z,23.39167,-48.93779,-0.0592,-0.0206,3629.0,2015-10-27T00:00:00Z,SVPB
300234061610040,2015-01-07T18:00:00Z,23.39075,-48.94038,-0.0883,-0.0437,3629.0,2015-10-27T00:00:00Z,SVPB
300234061610040,2015-01-07T19:00:00Z,23.38959,-48.94371,-0.1039,-0.0283,3542.0,2015-10-27T00:00:00Z,SVPB
300234061610040,2015-01-07T20:00:00Z,23.38939,-48.94757,-0.1129,0.0104,3629.0,2015-10-27T00:00:00Z,SVPB
300234061610040,2015-01-07T21:00:00Z,23.39027,-48.95171,-0.1239,0.0498,3629.0,2015-10-27T00:00:00Z,SVPB
300234061610040,2015-01-07T22:00:00Z,23.39225,-48.95614,-0.1269,0.0721,3542.0,2015-10-27T00:00:00Z,SVPB
300234061610040,2015-01-07T23:00:00Z,23.395,-48.96069,-0.1314,0.0974,3629.0,2015-10-27T00:00:00Z,SVPB
300234061610040,2015-01-08T00:00:00Z,23.39858,-48.96494,-0.1126,0.1228,3629.0,2015-10-27T00:00:00Z,SVPB
300234061610040,2015-01-08T01:00:00Z,23.40281,-48.96836,-0.0793,0.1405,3542.0,2015-10-27T00:00:00Z,SVPB
300234061610040,2015-01-08T02:00:00Z,23.40737,-48.97046,-0.0426,0.1423,3629.0,2015-10-27T00:00:00Z,SVPB
300234061610040,2015-01-08T03:00:00Z,23.41157,-48.97143,-0.01,0.1193,3629.0,2015-10-27T00:00:00Z,SVPB
300234061610040,2015-01-08T04:00:00Z,23.41482,-48.97143,0.0098,0.0811,3542.0,2015-10-27T00:00:00Z,SVPB
300234061610040,2015-01-08T05:00:00Z,23.41688,-48.97141,-0.0035,0.0468,3629.0,2015-10-27T00:00:00Z,SVPB
300234061610040,2015-01-08T06:00:00Z,23.41829,-48.97203,-0.0356,0.0368,3629.0,2015-10-27T00:00:00Z,SVPB
300234061610040,2015-01-08T07:00:00Z,23.41982,-48.97346,-0.0461,0.0565,3542.0,2015-10-27T00:00:00Z,SVPB
300234061610040,2015-01-08T08:00:00Z,23.42209,-48.97549,-0.0661,0.0831,3629.0,2015-10-27T00:00:00Z,SVPB
300234061610040,2015-01-08T09:00:00Z,23.42525,-48.97808,-0.0838,0.1116,3629.0,2015-10-27T00:00:00Z,SVPB
300234061610040,2015-01-08T10:00:00Z,23.4289,-48.98101,-0.0821,0.1183,3542.0,2015-10-27T00:00:00Z,SVPB
300234061610040,2015-01-08T11:00:00Z,23.43292,-48.98385,-0.0792,0.1255,3629.0,2015-10-27T00:00:00Z,SVPB
300234061610040,2015-01-08T12:00:00Z,23.43731,-48.98654,-0.0738,0.1484,3629.0,2015-10-27T00:00:00Z,SVPB
300234061611040,2015-01-05T12:00:00Z,20.8036,-48.54563,0.0156,0.1248,3629.0,2016-01-01T00:00:00Z,SVPB
300234061611040,2015-01-05T13:00:00Z,20.80771,-48.54455,0.0448,0.1308,3542.0,2016-01-01T00:00:00Z,SVPB
300234061611040,2015-01-05T14:00:00Z,20.8111,-48.542,0.0924,0.0934,3629.0,2016-01-01T00:00:00Z,SVPB
300234061611040,2015-01-05T15:00:00Z,20.81298,-48.53837,0.1125,0.0426,3629.0,2016-01-01T00:00:00Z,SVPB
300234061611040,2015-01-05T16:00:00Z,20.81467,-48.53439,0.1167,0.0468,7171.0005,2016-01-01T00:00:00Z,SVPB
300234061611040,2015-01-05T17:00:00Z,20.81684,-48.53042,0.115,0.0676,7171.0005,2016-01-01T00:00:00Z,SVPB
300234061611040,2015-01-05T18:00:00Z,20.81921,-48.52668,0.1096,0.0866,7171.0005,2016-01-01T00:00:00Z,SVPB
300234061611040,2015-01-05T19:00:00Z,20.82255,-48.52417,0.0852,0.0969,7171.0005,2016-01-01T00:00:00Z,SVPB
300234061611040,2015-01-05T20:00:00Z,20.8259,-48.52172,0.058,0.1041,7258.0,2016-01-01T00:00:00Z,SVPB
300234061611040,2015-01-05T21:00:00Z,20.82927,-48.5196,0.0166,0.0962,7258.0,2016-01-01T00:00:00Z,SVPB
300234061611040,2015-01-05T22:00:00Z,20.83257,-48.5179,-0.0193,0.0901,3542.0,2016-01-01T00:00:00Z,SVPB
300234061611040,2015-01-05T23:00:00Z,20.83549,-48.51855,-0.0241,0.0927,3629.0,2016-01-01T00:00:00Z,SVPB
300234061611040,2015-01-06T00:00:00Z,20.83844,-48.51938,-0.0203,0.0896,3629.0,2016-01-01T00:00:00Z,SVPB
300234061611040,2015-01-06T01:00:00Z,20.84109,-48.52019,-0.025,0.0765,3542.0,2016-01-01T00:00:00Z,SVPB
300234061611040,2015-01-06T02:00:00Z,20.84339,-48.52144,-0.036,0.0707,3629.0,2016-01-01T00:00:00Z,SVPB
300234061611040,2015-01-06T03:00:00Z,20.84583,-48.52328,-0.0485,0.0752,10800.0,2016-01-01T00:00:00Z,SVPB
300234061611040,2015-01-06T04:00:00Z,20.84885,-48.52612,-0.0492,0.101,10800.0,2016-01-01T00:00:00Z,SVPB
300234061611040,2015-01-06T05:00:00Z,20.85186,-48.52896,-0.0498,0.1268,10800.0,2016-01-01T00:00:00Z,SVPB
300234061611040,2015-01-06T06:00:00Z,20.8552,-48.53151,-0.0474,0.1489,7171.0005,2016-01-01T00:00:00Z,SVPB
300234061611040,2015-01-06T07:00:00Z,20.86019,-48.53257,-0.0294,0.1525,7171.0005,2016-01-01T00:00:00Z,SVPB
300234061611040,2015-01-06T08:00:00Z,20.86518,-48.53355,-0.0122,0.1511,3629.0,2016-01-01T00:00:00Z,SVPB
300234061611040,2015-01-06T09:00:00Z,20.86997,-48.53404,-0.0014,0.129,7171.0005,2016-01-01T00:00:00Z,SVPB
300234061611040,2015-01-06T10:00:00Z,20.87394,-48.53412,-0.0043,0.121,7171.0005,2016-01-01T00:00:00Z,SVPB
300234061611040,2015-01-06T11:00:00Z,20.87765,-48.53433,-0.0082,0.1111,7258.0,2016-01-01T00:00:00Z,SVPB
300234061611040,2015-01-06T12:00:00Z,20.88012,-48.53517,-0.0168,0.092,7258.0,2016-01-01T00:00:00Z,SVPB
300234061611040,2015-01-06T13:00:00Z,20.88261,-48.53599,-0.0267,0.07,7171.0005,2016-01-01T00:00:00Z,SVPB
300234061611040,2015-01-06T14:00:00Z,20.88515,-48.53676,-0.0435,0.0324,7171.0005,2016-01-01T00:00:00Z,SVPB
300234061611040,2015-01-06T15:00:00Z,20.88732,-48.53774,-0.058,0.0041,3629.0,2016-01-01T00:00:00Z,SVPB
300234061611040,2015-01-06T16:00:00Z,20.88774,-48.53979,-0.061,0.0291,3542.0,2016-01-01T00:00:00Z,SVPB
300234061611040,2015-01-06T17:00:00Z,20.88926,-48.54205,-0.0713,0.0809,3629.0,2016-01-01T00:00:00Z,SVPB
300234061611040,2015-01-06T18:00:00Z,20.89195,-48.54486,-0.0932,0.0996,3629.0,2016-01-01T00:00:00Z,SVPB
300234061611040,2015-01-06T19:00:00Z,20.89377,-48.54801,-0.0927,0.0265,3542.0,2016-01-01T00:00:00Z,SVPB
300234061611040,2015-01-06T20:00:00Z,20.89359,-48.55145,-0.0964,-0.0516,3629.0,2016-01-01T00:00:00Z,SVPB
300234061611040,2015-01-06T21:00:00Z,20.89153,-48.55561,-0.1235,-0.0663,3629.0,2016-01-01T00:00:00Z,SVPB
300234061611040,2015-01-06T22:00:00Z,20.88972,-48.56021,-0.1355,-0.065,10800.0,2016-01-01T00:00:00Z,SVPB
300234061611040,2015-01-06T23:00:00Z,20.89046,-48.56521,-0.1258,-0.0102,10800.0,2016-01-01T00:00:00Z,SVPB
300234061611040,2015-01-07T00:00:00Z,20.8912,-48.57021,-0.1161,0.0446,10800.0,2016-01-01T00:00:00Z,SVPB
300234061611040,2015-01-07T01:00:00Z,20.8923,-48.57501,-0.1074,0.0919,3542.0,2016-01-01T00:00:00Z,SVPB
300234061611040,2015-01-07T02:00:00Z,20.89534,-48.5787,-0.1042,0.0988,3629.0,2016-01-01T00:00:00Z,SVPB
300234061611040,2015-01-07T03:00:00Z,20.89871,-48.58224,-0.0974,0.1152,3629.0,2016-01-01T00:00:00Z,SVPB
300234061611040,2015-01-07T04:00:00Z,20.90323,-48.58525,-0.079,0.1613,3542.0,2016-01-01T00:00:00Z,SVPB
300234061611040,2015-01-07T05:00:00Z,20.90857,-48.58727,-0.056,0.1726,3629.0,2016-01-01T00:00:00Z,SVPB
300234061611040,2015-01-07T06:00:00Z,20.91328,-48.58685,0.0051,0.146,7171.0005,2016-01-01T00:00:00Z,SVPB
300234061611040,2015-01-07T07:00:00Z,20.91763,-48.58617,0.0396,0.1033,7171.0005,2016-01-01T00:00:00Z,SVPB
300234061611040,2015-01-07T08:00:00Z,20.92154,-48.58517,0.0695,0.0658,7258.0,2016-01-01T00:00:00Z,SVPB
300234061611040,2015-01-07T09:00:00Z,20.92327,-48.5826,0.0768,0.0535,7258.0,2016-01-01T00:00:00Z,SVPB
300234061611040,2015-01-07T10:00:00Z,20.92496,-48.57998,0.0841,0.0437,3542.0,2016-01-01T00:00:00Z,SVPB
300234061611040,2015-01-07T11:00:00Z,20.92647,-48.57697,0.0914,0.0474,3629.0,2016-01-01T00:00:00Z,SVPB
300234061611040,2015-01-07T12:00:00Z,20.92834,-48.57339,0.0981,0.0546,10800.0,2016-01-01T00:00:00Z,SVPB
300234061611040,2015-01-07T13:00:00Z,20.9316,-48.56804,0.1166,0.0682,10800.0,2016-01-01T00:00:00Z,SVPB
300234061611040,2015-01-07T14:00:00Z,20.93486,-48.56269,0.135,0.0817,10800.0,2016-01-01T00:00:00Z,SVPB
300234061611040,2015-01-07T15:00:00Z,20.93799,-48.55749,0.1424,0.0851,3629.0,2016-01-01T00:00:00Z,SVPB
300234061611040,2015-01-07T16:00:00Z,20.94015,-48.55346,0.0989,0.0438,14342.001,2016-01-01T00:00:00Z,SVPB
300234061611040,2015-01-07T17:00:00Z,20.94084,-48.5517,0.0867,0.0381,14342.001,2016-01-01T00:00:00Z,SVPB
300234061611040,2015-01-07T18:00:00Z,20.94154,-48.54994,0.0745,0.0324,14342.001,2016-01-01T00:00:00Z,SVPB
300234061611040,2015-01-07T19:00:00Z,20.94223,-48.54818,0.0623,0.0267,14342.001,2016-01-01T00:00:00Z,SVPB
300234061611040,2015-01-07T20:00:00Z,20.94293,-48.54643,0.052,0.0219,3629.0,2016-01-01T00:00:00Z,SVPB
300234061611040,2015-01-07T21:00:00Z,20.94447,-48.5466,0.0376,0.0281,10800.0,2016-01-01T00:00:00Z,SVPB
300234061611040,2015-01-07T22:00:00Z,20.9503,-48.55637,-0.0419,0.0659,10800.0,2016-01-01T00:00:00Z,SVPB
300234061611040,2015-01-07T23:00:00Z,20.95612,-48.56614,-0.1215,0.1038,10800.0,2016-01-01T00:00:00Z,SVPB
300234061611040,2015-01-08T00:00:00Z,20.96347,-48.57561,-0.1895,0.1233,14429.0,2016-01-01T00:00:00Z,SVPB
300234061611040,2015-01-08T01:00:00Z,20.97858,-48.58355,-0.1983,0.0494,14429.0,2016-01-01T00:00:00Z,SVPB
300234061611040,2015-01-08T02:00:00Z,20.99369,-48.59149,-0.2072,-0.0245,14429.0,2016-01-01T00:00:00Z,SVPB
300234061611040,2015-01-08T03:00:00Z,21.00879,-48.59944,-0.2161,-0.0984,14429.0,2016-01-01T00:00:00Z,SVPB
300234061611040,2015-01-08T04:00:00Z,21.02074,-48.60738,-0.2229,-0.1609,10800.0,2016-01-01T00:00:00Z,SVPB
300234061611040,2015-01-08T05:00:00Z,21.01558,-48.61534,-0.2184,-0.1621,10800.0,2016-01-01T00:00:00Z,SVPB
300234061611040,2015-01-08T06:00:00Z,21.01043,-48.62329,-0.214,-0.1633,10800.0,2016-01-01T00:00:00Z,SVPB
300234061611040,2015-01-08T07:00:00Z,21.00525,-48.63115,-0.2104,-0.1643,3542.0,2016-01-01T00:00:00Z,SVPB
300234061611040,2015-01-08T08:00:00Z,20.99993,-48.63844,-0.21,-0.1644,3629.0,2016-01-01T00:00:00Z,SVPB
300234061611040,2015-01-08T09:00:00Z,20.99459,-48.64564,-0.2052,-0.1657,3629.0,2016-01-01T00:00:00Z,SVPB
300234061611040,2015-01-08T10:00:00Z,20.98986,-48.6517,-0.1926,-0.16,14342.001,2016-01-01T00:00:00Z,SVPB
300234061611040,2015-01-08T11:00:00Z,20.98866,-48.65224,-0.1277,-0.1192,14342.001,2016-01-01T00:00:00Z,SVPB
300234061611040,2015-01-08T12:00:00Z,20.98745,-48.65279,-0.0627,-0.0785,14342.001,2016-01-01T00:00:00Z,SVPB
300234061614060,2015-01-05T12:00:00Z,16.54424,-51.62356,-0.1554,0.0256,3629.0,2015-10-30T00:00:00Z,SVPB
300234061614060,2015-01-05T13:00:00Z,16.54523,-51.62832,-0.1213,0.0342,3542.0,2015-10-30T00:00:00Z,SVPB
300234061614060,2015-01-05T14:00:00Z,16.54656,-51.63205,-0.1011,0.0486,3629.0,2015-10-30T00:00:00Z,SVPB
300234061614060,2015-01-05T15:00:00Z,16.54786,-51.63522,-0.0855,0.0376,3629.0,2015-10-30T00:00:00Z,SVPB
300234061614060,2015-01-05T16:00:00Z,16.54822,-51.63776,-0.0728,0.0025,3542.0,2015-10-30T00:00:00Z,SVPB
300234061614060,2015-01-05T17:00:00Z,16.54793,-51.64045,-0.0754,-0.0165,7258.0,2015-10-30T00:00:00Z,SVPB
300234061614060,2015-01-05T18:00:00Z,16.54739,-51.64426,-0.1118,0.0044,7258.0,2015-10-30T00:00:00Z,SVPB
300234061614060,2015-01-05T19:00:00Z,16.54709,-51.64826,-0.1512,0.0372,3542.0,2015-10-30T00:00:00Z,SVPB
300234061614060,2015-01-05T20:00:00Z,16.54864,-51.65354,-0.1987,0.1245,3629.0,2015-10-30T00:00:00Z,SVPB
300234061614060,2015-01-05T21:00:00Z,16.55323,-51.66037,-0.208,0.1688,3629.0,2015-10-30T00:00:00Z,SVPB
300234061614060,2015-01-05T22:00:00Z,16.55952,-51.6679,-0.2358,0.2254,3542.0,2015-10-30T00:00:00Z,SVPB
300234061614060,2015-01-05T23:00:00Z,16.56719,-51.67592,-0.2455,0.251,3629.0,2015-10-30T00:00:00Z,SVPB
300234061614060,2015-01-06T00:00:00Z,16.57553,-51.68388,-0.225,0.2645,3629.0,2015-10-30T00:00:00Z,SVPB
300234061614060,2015-01-06T01:00:00Z,16.58406,-51.6908,-0.1944,0.2664,3542.0,2015-10-30T00:00:00Z,SVPB
300234061614060,2015-01-06T02:00:00Z,16.59189,-51.6954,-0.1277,0.2384,3629.0,2015-10-30T00:00:00Z,SVPB
300234061614060,2015-01-06T03:00:00Z,16.59819,-51.6976,-0.0471,0.179,7171.0005,2015-10-30T00:00:00Z,SVPB
300234061614060,2015-01-06T04:00:00Z,16.60264,-51.69752,-0.0082,0.1134,7171.0005,2015-10-30T00:00:00Z,SVPB
300234061614060,2015-01-06T05:00:00Z,16.60656,-51.69734,0.0222,0.0513,3629.0,2015-10-30T00:00:00Z,SVPB
300234061614060,2015-01-06T06:00:00Z,16.60783,-51.69675,0.0112,0.0117,3629.0,2015-10-30T00:00:00Z,SVPB
300234061614060,2015-01-06T07:00:00Z,16.60831,-51.6965,-0.0041,0.0102,3542.0,2015-10-30T00:00:00Z,SVPB
300234061614060,2015-01-06T08:00:00Z,16.60949,-51.69691,-0.0184,0.0561,3629.0,2015-10-30T00:00:00Z,SVPB
300234061614060,2015-01-06T09:00:00Z,16.61179,-51.69823,-0.0585,0.0918,3629.0,2015-10-30T00:00:00Z,SVPB
300234061614060,2015-01-06T10:00:00Z,16.61471,-51.70079,-0.0974,0.0897,3542.0,2015-10-30T00:00:00Z,SVPB
300234061614060,2015-01-06T11:00:00Z,16.61768,-51.70421,-0.1068,0.0919,3629.0,2015-10-30T00:00:00Z,SVPB
300234061614060,2015-01-06T12:00:00Z,16.62083,-51.70781,-0.1064,0.1033,3629.0,2015-10-30T00:00:00Z,SVPB
300234061614060,2015-01-06T13:00:00Z,16.62434,-51.71138,-0.1054,0.1135,3542.0,2015-10-30T00:00:00Z,SVPB
300234061614060,2015-01-06T14:00:00Z,16.62777,-51.71434,-0.0752,0.1022,3629.0,2015-10-30T00:00:00Z,SVPB
300234061614060,2015-01-06T15:00:00Z,16.63048,-51.71629,-0.0356,0.0639,3629.0,2015-10-30T00:00:00Z,SVPB
300234061614060,2015-01-06T16:00:00Z,16.63186,-51.7179,-0.0514,0.0232,3542.0,2015-10-30T00:00:00Z,SVPB
300234061614060,2015-01-06T17:00:00Z,16.63169,-51.72135,-0.1326,-0.0224,3629.0,2015-10-30T00:00:00Z,SVPB
300234061614060,2015-01-06T18:00:00Z,16.6309,-51.72619,-0.1778,-0.0361,3629.0,2015-10-30T00:00:00Z,SVPB
300234061614060,2015-01-06T19:00:00Z,16.63017,-51.73161,-0.1495,-0.0124,3542.0,2015-10-30T00:00:00Z,SVPB
300234061614060,2015-01-06T20:00:00Z,16.63044,-51.73667,-0.1414,0.03,3629.0,2015-10-30T00:00:00Z,SVPB
300234061614060,2015-01-06T21:00:00Z,16.6322,-51.74231,-0.1892,0.0765,3629.0,2015-10-30T00:00:00Z,SVPB
300234061614060,2015-01-06T22:00:00Z,16.63542,-51.74998,-0.2602,0.1216,3542.0,2015-10-30T00:00:00Z,SVPB
300234061614060,2015-01-06T23:00:00Z,16.63994,-51.75951,-0.313,0.161,3629.0,2015-10-30T00:00:00Z,SVPB
300234061614060,2015-01-07T00:00:00Z,16.64557,-51.76962,-0.296,0.1873,3629.0,2015-10-30T00:00:00Z,SVPB
300234061614060,2015-01-07T01:00:00Z,16.65222,-51.77778,-0.2123,0.2151,3542.0,2015-10-30T00:00:00Z,SVPB
300234061614060,2015-01-07T02:00:00Z,16.65933,-51.78448,-0.1588,0.2348,3629.0,2015-10-30T00:00:00Z,SVPB
300234061614060,2015-01-07T03:00:00Z,16.66672,-51.78971,-0.1511,0.2232,3629.0,2015-10-30T00:00:00Z,SVPB
300234061614060,2015-01-07T04:00:00Z,16.67353,-51.7947,-0.1439,0.1981,3542.0,2015-10-30T00:00:00Z,SVPB
300234061614060,2015-01-07T05:00:00Z,16.67916,-51.79975,-0.1521,0.1547,3629.0,2015-10-30T00:00:00Z,SVPB
300234061614060,2015-01-07T06:00:00Z,16.68376,-51.80484,-0.1525,0.1231,3629.0,2015-10-30T00:00:00Z,SVPB
300234061614060,2015-01-07T07:00:00Z,16.68793,-51.80966,-0.1329,0.1321,3542.0,2015-10-30T00:00:00Z,SVPB
300234061614060,2015-01-07T08:00:00Z,16.69291,-51.81378,-0.1116,0.171,3629.0,2015-10-30T00:00:00Z,SVPB
300234061614060,2015-01-07T09:00:00Z,16.69958,-51.81768,-0.1149,0.2336,3629.0,2015-10-30T00:00:00Z,SVPB
300234061614060,2015-01-07T10:00:00Z,16.70743,-51.82145,-0.113,0.2631,3542.0,2015-10-30T00:00:00Z,SVPB
300234061614060,2015-01-07T11:00:00Z,16.71551,-51.82479,-0.0853,0.2385,3629.0,2015-10-30T00:00:00Z,SVPB
300234061614060,2015-01-07T12:00:00Z,16.72259,-51.82721,-0.0584,0.1991,3629.0,2015-10-30T00:00:00Z,SVPB
300234061614060,2015-01-07T13:00:00Z,16.72836,-51.82847,-0.0187,0.1582,3542.0,2015-10-30T00:00:00Z,SVPB
300234061614060,2015-01-07T14:00:00Z,16.73291,-51.82885,0.0019,0.121,3629.0,2015-10-30T00:00:00Z,SVPB
300234061614060,2015-01-07T15:00:00Z,16.73626,-51.8293,-0.025,0.0872,3629.0,2015-10-30T00:00:00Z,SVPB
300234061614060,2015-01-07T16:00:00Z,16.73869,-51.83079,-0.0653,0.0608,3542.0,2015-10-30T00:00:00Z,SVPB
300234061614060,2015-01-07T17:00:00Z,16.74065,-51.83319,-0.0796,0.0584,3629.0,2015-10-30T00:00:00Z,SVPB
300234061614060,2015-01-07T18:00:00Z,16.74275,-51.83591,-0.0804,0.0711,3629.0,2015-10-30T00:00:00Z,SVPB
300234061614060,2015-01-07T19:00:00Z,16.74507,-51.8387,-0.0852,0.0739,3542.0,2015-10-30T00:00:00Z,SVPB
300234061614060,2015-01-07T20:00:00Z,16.74755,-51.84151,-0.0819,0.0768,3629.0,2015-10-30T00:00:00Z,SVPB
300234061614060,2015-01-07T21:00:00Z,16.75068,-51.84451,-0.0921,0.1123,3629.0,2015-10-30T00:00:00Z,SVPB
300234061614060,2015-01-07T22:00:00Z,16.75504,-51.84788,-0.1106,0.1608,3542.0,2015-10-30T00:00:00Z,SVPB
300234061614060,2015-01-07T23:00:00Z,16.76074,-51.85122,-0.093,0.1909,3629.0,2015-10-30T00:00:00Z,SVPB
300234061614060,2015-01-08T00:00:00Z,16.76699,-51.85368,-0.0634,0.1954,3629.0,2015-10-30T00:00:00Z,SVPB
300234061614060,2015-01-08T01:00:00Z,16.77267,-51.85498,-0.0294,0.1699,7171.0005,2015-10-30T00:00:00Z,SVPB
300234061614060,2015-01-08T02:00:00Z,16.77716,-51.85516,-0.0073,0.1339,7171.0005,2015-10-30T00:00:00Z,SVPB
300234061614060,2015-01-08T03:00:00Z,16.78146,-51.85527,0.0112,0.1021,3629.0,2015-10-30T00:00:00Z,SVPB
300234061614060,2015-01-08T04:00:00Z,16.78474,-51.85492,0.0132,0.0959,3542.0,2015-10-30T00:00:00Z,SVPB
300234061614060,2015-01-08T05:00:00Z,16.78801,-51.85421,0.0271,0.1116,3629.0,2015-10-30T00:00:00Z,SVPB
300234061614060,2015-01-08T06:00:00Z,16.79184,-51.85293,0.0565,0.1267,3629.0,2015-10-30T00:00:00Z,SVPB
300234061614060,2015-01-08T07:00:00Z,16.79597,-51.85084,0.0653,0.1297,3542.0,2015-10-30T00:00:00Z,SVPB
300234061614060,2015-01-08T08:00:00Z,16.80012,-51.84831,0.0845,0.1264,3629.0,2015-10-30T00:00:00Z,SVPB
300234061614060,2015-01-08T09:00:00Z,16.80412,-51.84498,0.1111,0.1213,3629.0,2015-10-30T00:00:00Z,SVPB
300234061614060,2015-01-08T10:00:00Z,16.80789,-51.84073,0.1414,0.1113,3542.0,2015-10-30T00:00:00Z,SVPB
300234061614060,2015-01-08T11:00:00Z,16.81113,-51.83574,0.155,0.091,3629.0,2015-10-30T00:00:00Z,SVPB
300234061614060,2015-01-08T12:00:00Z,16.81395,-51.82997,0.1822,0.0802,3629.0,2015-10-30T00:00:00Z,SVPB
71187,2015-01-05T12:00:00Z,19.68689,-41.22233,0.0385,-0.0729,241.20834,2015-03-13T00:00:00Z,SVP
71187,2015-01-05T13:00:00Z,19.68396,-41.24167,-0.2696,-0.1093,140.41666,2015-03-13T00:00:00Z,SVP
71187,2015-01-05T14:00:00Z,19.67974,-41.25028,-0.2457,-0.1824,414.0,2015-03-13T00:00:00Z,SVP
71187,2015-01-05T15:00:00Z,19.67411,-41.25943,-0.2383,-0.1842,414.0,2015-03-13T00:00:00Z,SVP
71187,2015-01-05T16:00:00Z,19.6692,-41.26912,-0.2098,-0.1903,414.0,2015-03-13T00:00:00Z,SVP
71187,2015-01-05T17:00:00Z,19.66111,-41.27314,-0.1144,-0.2243,255.58333,2015-03-13T00:00:00Z,SVP
71187,2015-01-05T18:00:00Z,19.65568,-41.27643,-0.0808,0.2826,273.58334,2015-03-13T00:00:00Z,SVP
71187,2015-01-05T19:00:00Z,19.66514,-41.27937,-0.0808,0.2805,273.58334,2015-03-13T00:00:00Z,SVP
71187,2015-01-05T20:00:00Z,19.67455,-41.2814,-0.0727,0.2931,61.208332,2015-03-13T00:00:00Z,SVP
71187,2015-01-05T21:00:00Z,19.68262,-41.28549,-0.0947,0.2538,194.41666,2015-03-13T00:00:00Z,SVP
71187,2015-01-05T22:00:00Z,19.68832,-41.28775,-0.0172,0.0184,284.41666,2015-03-13T00:00:00Z,SVP
71187,2015-01-05T23:00:00Z,19.68959,-41.28885,-0.0161,0.0178,284.41666,2015-03-13T00:00:00Z,SVP
71187,2015-01-06T00:00:00Z,19.69088,-41.28984,-0.0266,0.0071,748.7916,2015-03-13T00:00:00Z,SVP
71187,2015-01-06T01:00:00Z,19.69063,-41.29031,-0.0236,0.006,748.7916,2015-03-13T00:00:00Z,SVP
71187,2015-01-06T02:00:00Z,19.69053,-41.29078,-0.022,0.0054,748.7916,2015-03-13T00:00:00Z,SVP
71187,2015-01-06T03:00:00Z,19.69043,-41.29118,-0.0208,0.005,748.7916,2015-03-13T00:00:00Z,SVP
71187,2015-01-06T04:00:00Z,19.69021,-41.29138,-0.0194,0.0046,748.7916,2015-03-13T00:00:00Z,SVP
71187,2015-01-06T05:00:00Z,19.69093,-41.29316,-0.0922,0.0709,259.20834,2015-03-13T00:00:00Z,SVP
71187,2015-01-06T06:00:00Z,19.69365,-41.30097,-0.0603,0.0716,259.20834,2015-03-13T00:00:00Z,SVP
71187,2015-01-06T07:00:00Z,19.69661,-41.30106,-0.0654,0.1008,244.79167,2015-03-13T00:00:00Z,SVP
71187,2015-01-06T08:00:00Z,19.70016,-41.3027,-0.074,0.1,244.79167,2015-03-13T00:00:00Z,SVP
71187,2015-01-06T09:00:00Z,19.7038,-41.30445,-0.0586,0.161,475.2083,2015-03-13T00:00:00Z,SVP
71187,2015-01-06T10:00:00Z,19.7094,-41.30707,-0.0649,0.1611,475.2083,2015-03-13T00:00:00Z,SVP
71187,2015-01-06T11:00:00Z,19.71475,-41.31033,-0.0726,0.1611,475.2083,2015-03-13T00:00:00Z,SVP
71187,2015-01-06T12:00:00Z,19.72009,-41.31466,-0.0814,0.1609,475.2083,2015-03-13T00:00:00Z,SVP
71187,2015-01-06T13:00:00Z,19.72459,-41.30979,-0.0197,0.1533,154.79166,2015-03-13T00:00:00Z,SVP
71187,2015-01-06T14:00:00Z,19.72385,-41.31043,-0.0387,-0.1129,302.4167,2015-03-13T00:00:00Z,SVP
71187,2015-01-06T15:00:00Z,19.7195,-41.31092,-0.0378,-0.1114,302.4167,2015-03-13T00:00:00Z,SVP
71187,2015-01-06T16:00:00Z,19.71566,-41.31093,-0.1216,-0.0816,277.20834,2015-03-13T00:00:00Z,SVP
71187,2015-01-06T17:00:00Z,19.7134,-41.3155,-0.1211,-0.0752,277.20834,2015-03-13T00:00:00Z,SVP
71187,2015-01-06T18:00:00Z,19.71298,-41.3196,-0.1405,0.1182,232.20833,2015-03-13T00:00:00Z,SVP
71187,2015-01-06T19:00:00Z,19.71906,-41.3249,-0.1395,0.0859,232.20833,2015-03-13T00:00:00Z,SVP
71187,2015-01-06T20:00:00Z,19.72115,-41.32929,-0.1264,0.0874,297.0,2015-03-13T00:00:00Z,SVP
71187,2015-01-06T21:00:00Z,19.72414,-41.33364,-0.126,0.0839,297.0,2015-03-13T00:00:00Z,SVP
71187,2015-01-06T22:00:00Z,19.72681,-41.33754,-0.1066,0.0719,306.0,2015-03-13T00:00:00Z,SVP
71187,2015-01-06T23:00:00Z,19.72853,-41.34139,-0.1069,0.0689,306.0,2015-03-13T00:00:00Z,SVP
71187,2015-01-07T00:00:00Z,19.73681,-41.34059,-0.0301,0.1721,151.20834,2015-03-13T00:00:00Z,SVP
71187,2015-01-07T01:00:00Z,19.74182,-41.34207,-0.1279,0.0025,108.00001,2015-03-13T00:00:00Z,SVP
71187,2015-01-07T02:00:00Z,19.7421,-41.34554,-0.1427,0.002,514.7916,2015-03-13T00:00:00Z,SVP
71187,2015-01-07T03:00:00Z,19.74185,-41.3506,-0.1413,0.0027,514.7916,2015-03-13T00:00:00Z,SVP
71187,2015-01-07T04:00:00Z,19.74136,-41.35593,-0.137,0.0045,514.7916,2015-03-13T00:00:00Z,SVP
71187,2015-01-07T05:00:00Z,19.74169,-41.36036,-0.1205,0.01,252.0,2015-03-13T00:00:00Z,SVP
71187,2015-01-07T06:00:00Z,19.74337,-41.36385,-0.1221,0.0085,252.0,2015-03-13T00:00:00Z,SVP
71187,2015-01-07T07:00:00Z,19.74258,-41.3688,-0.13,0.0018,237.58334,2015-03-13T00:00:00Z,SVP
71187,2015-01-07T08:00:00Z,19.74327,-41.37414,-0.177,0.0725,90.0,2015-03-13T00:00:00Z,SVP
71187,2015-01-07T09:00:00Z,19.74728,-41.38074,-0.1965,0.1303,144.0,2015-03-13T00:00:00Z,SVP
71187,2015-01-07T10:00:00Z,19.75122,-41.38691,-0.1724,0.112,370.79166,2015-03-13T00:00:00Z,SVP
71187,2015-01-07T11:00:00Z,19.75468,-41.3931,-0.1733,0.1119,370.79166,2015-03-13T00:00:00Z,SVP
71187,2015-01-07T12:00:00Z,19.75879,-41.39747,-0.0232,0.1225,133.20833,2015-03-13T00:00:00Z,SVP
71187,2015-01-07T13:00:00Z,19.76292,-41.39707,-0.0492,0.12,115.208336,2015-03-13T00:00:00Z,SVP
71187,2015-01-07T14:00:00Z,19.76605,-41.39938,-0.1162,0.0216,349.20834,2015-03-13T00:00:00Z,SVP
71187,2015-01-07T15:00:00Z,19.76676,-41.4022,-0.1139,0.0195,349.20834,2015-03-13T00:00:00Z,SVP
71187,2015-01-07T16:00:00Z,19.76832,-41.40549,-0.1232,0.013,273.58334,2015-03-13T00:00:00Z,SVP
71187,2015-01-07T17:00:00Z,19.76763,-41.41155,-0.1201,0.0058,273.58334,2015-03-13T00:00:00Z,SVP
71187,2015-01-07T18:00:00Z,19.76947,-41.41526,-0.1085,0.1215,180.0,2015-03-13T00:00:00Z,SVP
71187,2015-01-07T19:00:00Z,19.77318,-41.41871,-0.1205,0.0248,61.208332,2015-03-13T00:00:00Z,SVP
71187,2015-01-07T20:00:00Z,19.77327,-41.42268,-0.0964,0.006,212.41667,2015-03-13T00:00:00Z,SVP
71187,2015-01-07T21:00:00Z,19.77432,-41.4264,-0.0287,0.1673,266.41666,2015-03-13T00:00:00Z,SVP
71187,2015-01-07T22:00:00Z,19.77992,-41.42632,-0.0359,0.1673,266.41666,2015-03-13T00:00:00Z,SVP
71187,2015-01-07T23:00:00Z,19.78554,-41.42961,-0.1634,0.0741,255.58333,2015-03-13T00:00:00Z,SVP
71187,2015-01-08T00:00:00Z,19.78725,-41.43508,-0.1618,0.0712,255.58333,2015-03-13T00:00:00Z,SVP
71187,2015-01-08T01:00:00Z,19.78973,-41.44077,-0.1457,0.0555,543.5834,2015-03-13T00:00:00Z,SVP
71187,2015-01-08T02:00:00Z,19.79165,-41.44562,-0.1457,0.0554,543.5834,2015-03-13T00:00:00Z,SVP
71187,2015-01-08T03:00:00Z,19.79354,-41.45066,-0.1456,0.0553,543.5834,2015-03-13T00:00:00Z,SVP
71187,2015-01-08T04:00:00Z,19.7955,-41.45584,-0.1452,0.0551,543.5834,2015-03-13T00:00:00Z,SVP
71187,2015-01-08T05:00:00Z,19.7968,-41.4609,-0.1437,0.0368,252.0,2015-03-13T00:00:00Z,SVP
71187,2015-01-08T06:00:00Z,19.79818,-41.46531,-0.1561,0.0149,0.0,2015-03-13T00:00:00Z,SVP
71187,2015-01-08T07:00:00Z,19.79826,-41.47158,-0.1637,0.0136,221.41666,2015-03-13T00:00:00Z,SVP
71187,2015-01-08T08:00:00Z,19.79768,-41.47723,-0.1696,-0.02,210.58334,2015-03-13T00:00:00Z,SVP
71187,2015-01-08T09:00:00Z,19.7974,-41.4828,-0.1458,-0.0722,90.0,2015-03-13T00:00:00Z,SVP
71187,2015-01-08T10:00:00Z,19.79534,-41.48813,-0.1478,0.0082,284.41666,2015-03-13T00:00:00Z,SVP
71187,2015-01-08T11:00:00Z,19.79566,-41.4927,-0.1444,0.0145,284.41666,2015-03-13T00:00:00Z,SVP
71187,2015-01-08T12:00:00Z,19.7977,-41.49774,-0.1363,0.0573,140.41666,2015-03-13T00:00:00Z,SVP
