ID,time,latitude,longitude,ve,vn,gap,drogue_lost_date,typebuoy
,UTC,degrees_north,degrees_east,m/s,m/s,seconds,UTC,
116352,2015-05-11T01:00:00Z,-28.55828,-47.40981,-0.2237,-0.119,119.54167,2015-09-14T00:00:00Z,SVP
116352,2015-05-11T02:00:00Z,-28.56227,-47.41826,-0.2188,-0.118,316.3333,2015-09-14T00:00:00Z,SVP
116352,2015-05-11T03:00:00Z,-28.56642,-47.42609,-0.2187,-0.1178,316.3333,2015-09-14T00:00:00Z,SVP
116352,2015-05-11T04:00:00Z,-28.57059,-47.43433,-0.175,-0.1224,256.66666,2015-09-14T00:00:00Z,SVP
116352,2015-05-11T05:00:00Z,-28.57338,-47.44187,-0.1654,-0.1279,256.66666,2015-09-14T00:00:00Z,SVP
116352,2015-05-11T06:00:00Z,-28.5782,-47.44501,-0.0625,-0.1503,414.9167,2015-09-14T00:00:00Z,SVP
116352,2015-05-11T07:00:00Z,-28.58345,-47.4471,-0.0618,-0.1501,414.9167,2015-09-14T00:00:00Z,SVP
116352,2015-05-11T08:00:00Z,-28.58871,-47.44985,-0.0512,-0.1568,70.333336,2015-09-14T00:00:00Z,SVP
116352,2015-05-11T09:00:00Z,-28.59231,-47.44986,0.0063,-0.0908,207.45834,2015-09-14T00:00:00Z,SVP
116352,2015-05-11T10:00:00Z,-28.59651,-47.45212,0.038,-0.0384,291.75003,2015-09-14T00:00:00Z,SVP
116352,2015-05-11T11:00:00Z,-28.59696,-47.44892,0.0278,-0.0389,291.75003,2015-09-14T00:00:00Z,SVP
116352,2015-05-11T12:00:00Z,-28.59704,-47.4474,0.0532,0.0871,126.58333,2015-09-14T00:00:00Z,SVP
116352,2015-05-11T13:00:00Z,-28.59369,-47.45845,-0.3125,0.0904,1244.5416,2015-09-14T00:00:00Z,SVP
116352,2015-05-11T14:00:00Z,-28.59337,-47.47407,-0.3574,0.0523,1244.5416,2015-09-14T00:00:00Z,SVP
116352,2015-05-11T15:00:00Z,-28.59182,-47.48751,-0.3581,0.0516,1244.5416,2015-09-14T00:00:00Z,SVP
116352,2015-05-11T16:00:00Z,-28.59011,-47.50075,-0.3582,0.0517,1244.5416,2015-09-14T00:00:00Z,SVP
116352,2015-05-11T17:00:00Z,-28.5882,-47.51383,-0.358,0.0525,1244.5416,2015-09-14T00:00:00Z,SVP
116352,2015-05-11T18:00:00Z,-28.57976,-47.52663,-0.3574,0.0875,1244.5416,2015-09-14T00:00:00Z,SVP
116352,2015-05-11T19:00:00Z,-28.5765,-47.52965,-0.3182,0.0889,1244.5416,2015-09-14T00:00:00Z,SVP
116352,2015-05-11T20:00:00Z,-28.57303,-47.54065,-0.3165,0.0906,1244.5416,2015-09-14T00:00:00Z,SVP
116352,2015-05-11T21:00:00Z,-28.56942,-47.55174,-0.4844,-0.1155,492.16663,2015-09-14T00:00:00Z,SVP
116352,2015-05-11T22:00:00Z,-28.57302,-47.57052,-0.4791,-0.1166,492.16663,2015-09-14T00:00:00Z,SVP
116352,2015-05-11T23:00:00Z,-28.5764,-47.58927,-0.4695,-0.1198,492.16663,2015-09-14T00:00:00Z,SVP
116352,2015-05-12T00:00:00Z,-28.57948,-47.60808,-0.4331,-0.1302,492.16663,2015-09-14T00:00:00Z,SVP
116352,2015-05-12T01:00:00Z,-28.58501,-47.62349,-0.4094,-0.1697,256.66666,2015-09-14T00:00:00Z,SVP
116352,2015-05-12T02:00:00Z,-28.59209,-47.63849,-0.3683,-0.3129,907.0417,2015-09-14T00:00:00Z,SVP
116352,2015-05-12T03:00:00Z,-28.60336,-47.65127,-0.3623,-0.3141,907.0417,2015-09-14T00:00:00Z,SVP
116352,2015-05-12T04:00:00Z,-28.61417,-47.66418,-0.3594,-0.3142,907.0417,2015-09-14T00:00:00Z,SVP
116352,2015-05-12T05:00:00Z,-28.62477,-47.67721,-0.3582,-0.3142,907.0417,2015-09-14T00:00:00Z,SVP
116352,2015-05-12T06:00:00Z,-28.63529,-47.69048,-0.3583,-0.3141,907.0417,2015-09-14T00:00:00Z,SVP
116352,2015-05-12T07:00:00Z,-28.64586,-47.70419,-0.36,-0.3139,907.0417,2015-09-14T00:00:00Z,SVP
116352,2015-05-12T08:00:00Z,-28.65636,-47.71832,-0.2111,-0.3092,200.41666,2015-09-14T00:00:00Z,SVP
116352,2015-05-12T09:00:00Z,-28.66441,-47.71693,-0.2983,-0.3078,200.41666,2015-09-14T00:00:00Z,SVP
116352,2015-05-12T10:00:00Z,-28.67352,-47.72066,-0.0441,-0.2601,337.5,2015-09-14T00:00:00Z,SVP
116352,2015-05-12T11:00:00Z,-28.68211,-47.73993,-0.2255,-0.2602,337.5,2015-09-14T00:00:00Z,SVP
116352,2015-05-12T12:00:00Z,-28.68983,-47.72613,-0.0815,-0.2367,102.0,2015-09-14T00:00:00Z,SVP
116352,2015-05-12T13:00:00Z,-28.69465,-47.734,-0.1006,-0.0697,147.58333,2015-09-14T00:00:00Z,SVP
116352,2015-05-12T14:00:00Z,-28.69674,-47.73638,-0.1041,-0.0334,625.7917,2015-09-14T00:00:00Z,SVP
116352,2015-05-12T15:00:00Z,-28.69778,-47.73986,-0.1058,-0.0329,625.7917,2015-09-14T00:00:00Z,SVP
116352,2015-05-12T16:00:00Z,-28.69908,-47.74388,-0.1048,-0.0327,625.7917,2015-09-14T00:00:00Z,SVP
116352,2015-05-12T17:00:00Z,-28.7006,-47.74807,-0.1018,-0.0324,625.7917,2015-09-14T00:00:00Z,SVP
116352,2015-05-12T18:00:00Z,-28.69856,-47.75218,-0.0992,0.0998,428.8333,2015-09-14T00:00:00Z,SVP
116352,2015-05-12T19:00:00Z,-28.69247,-47.75565,-0.0991,0.1354,428.8333,2015-09-14T00:00:00Z,SVP
116352,2015-05-12T20:00:00Z,-28.68603,-47.75872,-0.0983,0.0583,428.8333,2015-09-14T00:00:00Z,SVP
116352,2015-05-12T21:00:00Z,-28.6838,-47.76622,-0.2096,0.1279,256.66666,2015-09-14T00:00:00Z,SVP
116352,2015-05-12T22:00:00Z,-28.68855,-47.77696,-0.3915,0.1597,288.2917,2015-09-14T00:00:00Z,SVP
116352,2015-05-12T23:00:00Z,-28.67821,-47.79402,-0.3728,0.0972,288.2917,2015-09-14T00:00:00Z,SVP
116352,2015-05-13T00:00:00Z,-28.67199,-47.80772,-0.3051,-0.0331,123.0,2015-09-14T00:00:00Z,SVP
116352,2015-05-13T01:00:00Z,-28.67371,-47.81892,-0.232,-0.0596,137.08333,2015-09-14T00:00:00Z,SVP
116352,2015-05-13T02:00:00Z,-28.67825,-47.82758,-0.2634,-0.3,485.08334,2015-09-14T00:00:00Z,SVP
116352,2015-05-13T03:00:00Z,-28.68829,-47.83788,-0.2641,-0.3001,485.08334,2015-09-14T00:00:00Z,SVP
116352,2015-05-13T04:00:00Z,-28.69777,-47.84842,-0.265,-0.3012,485.08334,2015-09-14T00:00:00Z,SVP
116352,2015-05-13T05:00:00Z,-28.70688,-47.87697,-0.0446,-0.3233,411.2917,2015-09-14T00:00:00Z,SVP
116352,2015-05-13T06:00:00Z,-28.71809,-47.87845,-0.0454,-0.3235,411.2917,2015-09-14T00:00:00Z,SVP
116352,2015-05-13T07:00:00Z,-28.72868,-47.88041,-0.0389,-0.3238,411.2917,2015-09-14T00:00:00Z,SVP
116352,2015-05-13T08:00:00Z,-28.73892,-47.88059,0.0268,-0.3319,182.83333,2015-09-14T00:00:00Z,SVP
116352,2015-05-13T09:00:00Z,-28.7484,-47.87977,-0.0275,-0.2412,66.75,2015-09-14T00:00:00Z,SVP
116352,2015-05-13T10:00:00Z,-28.75421,-47.88429,-0.1685,-0.1259,179.25,2015-09-14T00:00:00Z,SVP
116352,2015-05-13T11:00:00Z,-28.75694,-47.88559,0.0966,-0.0643,109.041664,2015-09-14T00:00:00Z,SVP
116352,2015-05-13T12:00:00Z,-28.7567,-47.88231,-0.0106,0.0209,137.08333,2015-09-14T00:00:00Z,SVP
116352,2015-05-13T13:00:00Z,-28.7584,-47.88552,-0.2132,-0.0129,115.958336,2015-09-14T00:00:00Z,SVP
116352,2015-05-13T14:00:00Z,-28.75237,-47.89461,-0.2109,-0.0789,555.4583,2015-09-14T00:00:00Z,SVP
116352,2015-05-13T15:00:00Z,-28.75934,-47.90139,-0.2098,-0.0326,555.4583,2015-09-14T00:00:00Z,SVP
116352,2015-05-13T16:00:00Z,-28.76036,-47.90906,-0.2093,-0.0334,555.4583,2015-09-14T00:00:00Z,SVP
116352,2015-05-13T17:00:00Z,-28.76038,-47.91703,-0.2092,-0.0767,555.4583,2015-09-14T00:00:00Z,SVP
116352,2015-05-13T18:00:00Z,-28.7621,-47.92028,-0.0703,-0.0797,249.58333,2015-09-14T00:00:00Z,SVP
116352,2015-05-13T19:00:00Z,-28.76638,-47.90807,-0.5305,0.0204,137.08333,2015-09-14T00:00:00Z,SVP
116352,2015-05-13T20:00:00Z,-28.76152,-47.92692,-0.3841,-0.0689,260.0833,2015-09-14T00:00:00Z,SVP
116352,2015-05-13T21:00:00Z,-28.76397,-47.94715,-0.5165,-0.0705,260.0833,2015-09-14T00:00:00Z,SVP
116352,2015-05-13T22:00:00Z,-28.7654,-47.96191,-0.3154,-0.0742,407.83334,2015-09-14T00:00:00Z,SVP
116352,2015-05-13T23:00:00Z,-28.76808,-47.96916,-0.36,-0.074,407.83334,2015-09-14T00:00:00Z,SVP
116352,2015-05-14T00:00:00Z,-28.77104,-47.98131,-0.3648,-0.073,407.83334,2015-09-14T00:00:00Z,SVP
116352,2015-05-14T01:00:00Z,-28.77247,-47.99669,-0.5385,-0.0646,126.58333,2015-09-14T00:00:00Z,SVP
116352,2015-05-14T02:00:00Z,-28.78533,-48.01881,-0.3291,-0.3404,407.83334,2015-09-14T00:00:00Z,SVP
116352,2015-05-14T03:00:00Z,-28.79343,-48.02724,-0.37,-0.3483,407.83334,2015-09-14T00:00:00Z,SVP
116352,2015-05-14T04:00:00Z,-28.80384,-48.04123,-0.366,-0.349,407.83334,2015-09-14T00:00:00Z,SVP
116352,2015-05-14T05:00:00Z,-28.81493,-48.05459,-0.2788,-0.3794,239.08334,2015-09-14T00:00:00Z,SVP
116352,2015-05-14T06:00:00Z,-28.82852,-48.06416,-0.2784,-0.3686,239.08334,2015-09-14T00:00:00Z,SVP
116352,2015-05-14T07:00:00Z,-28.83912,-48.07499,-0.2788,-0.3476,153.0,2015-09-14T00:00:00Z,SVP
116352,2015-05-14T08:00:00Z,-28.85076,-48.07839,-0.1486,-0.3428,149.41667,2015-09-14T00:00:00Z,SVP
116352,2015-05-14T09:00:00Z,-28.86383,-48.08415,-0.11,-0.3489,161.70833,2015-09-14T00:00:00Z,SVP
116352,2015-05-14T10:00:00Z,-28.87676,-48.09268,-0.0408,-0.2826,253.20834,2015-09-14T00:00:00Z,SVP
116352,2015-05-14T11:00:00Z,-28.88413,-48.09037,-0.0646,-0.2862,253.20834,2015-09-14T00:00:00Z,SVP
116352,2015-05-14T12:00:00Z,-28.89227,-48.09461,-0.2543,-0.1924,123.0,2015-09-14T00:00:00Z,SVP
116352,2015-05-14T13:00:00Z,-28.89847,-48.10494,-0.2514,-0.2209,116.083336,2015-09-14T00:00:00Z,SVP
116352,2015-05-14T14:00:00Z,-28.90564,-48.11428,-0.2287,-0.2344,583.6666,2015-09-14T00:00:00Z,SVP
116352,2015-05-14T15:00:00Z,-28.91343,-48.1226,-0.2292,-0.2336,583.6666,2015-09-14T00:00:00Z,SVP
116352,2015-05-14T16:00:00Z,-28.92109,-48.13112,-0.2287,-0.2332,583.6666,2015-09-14T00:00:00Z,SVP
116352,2015-05-14T17:00:00Z,-28.92872,-48.13979,-0.2269,-0.2327,583.6666,2015-09-14T00:00:00Z,SVP
116352,2015-05-14T18:00:00Z,-28.93735,-48.14674,-0.1988,-0.2612,242.54167,2015-09-14T00:00:00Z,SVP
116352,2015-05-14T19:00:00Z,-28.94658,-48.15449,-0.1966,-0.3006,112.5,2015-09-14T00:00:00Z,SVP
116352,2015-05-14T20:00:00Z,-28.95548,-48.17252,-0.3167,-0.0882,196.95833,2015-09-14T00:00:00Z,SVP
116352,2015-05-14T21:00:00Z,-28.95853,-48.18359,-0.319,-0.1004,196.95833,2015-09-14T00:00:00Z,SVP
116352,2015-05-14T22:00:00Z,-28.96623,-48.19613,-0.3137,-0.2244,418.33334,2015-09-14T00:00:00Z,SVP
116352,2015-05-14T23:00:00Z,-28.97441,-48.20793,-0.3159,-0.2276,418.33334,2015-09-14T00:00:00Z,SVP
116352,2015-05-15T00:00:00Z,-28.98285,-48.21897,-0.6644,-0.242,140.70834,2015-09-14T00:00:00Z,SVP
116352,2015-05-15T01:00:00Z,-28.98876,-48.24879,-0.3882,-0.2496,115.958336,2015-09-14T00:00:00Z,SVP
116352,2015-05-15T02:00:00Z,-28.99815,-48.26369,-0.3531,-0.3126,425.41666,2015-09-14T00:00:00Z,SVP
116352,2015-05-15T03:00:00Z,-29.00661,-48.27669,-0.353,-0.2903,425.41666,2015-09-14T00:00:00Z,SVP
116352,2015-05-15T04:00:00Z,-29.01439,-48.28982,-0.3527,-0.2791,425.41666,2015-09-14T00:00:00Z,SVP
116352,2015-05-15T05:00:00Z,-29.02579,-48.30262,-0.3418,-0.4818,239.08334,2015-09-14T00:00:00Z,SVP
116352,2015-05-15T06:00:00Z,-29.04174,-48.31524,-0.3414,-0.4772,239.08334,2015-09-14T00:00:00Z,SVP
116352,2015-05-15T07:00:00Z,-29.05728,-48.32681,-0.2981,-0.4853,161.70833,2015-09-14T00:00:00Z,SVP
116352,2015-05-15T08:00:00Z,-29.07338,-48.33486,-0.2258,-0.4963,182.83333,2015-09-14T00:00:00Z,SVP
116352,2015-05-15T09:00:00Z,-29.0896,-48.33901,-0.0301,-0.3746,84.458336,2015-09-14T00:00:00Z,SVP
116352,2015-05-15T10:00:00Z,-29.10292,-48.34301,-0.1562,-0.375,270.74997,2015-09-14T00:00:00Z,SVP
116352,2015-05-15T11:00:00Z,-29.11355,-48.34299,-0.0985,-0.3715,270.74997,2015-09-14T00:00:00Z,SVP
116352,2015-05-15T12:00:00Z,-29.12815,-48.35578,-0.199,-0.4055,144.16667,2015-09-14T00:00:00Z,SVP
116352,2015-05-15T13:00:00Z,-29.13641,-48.3549,0.0143,-0.3082,601.2084,2015-09-14T00:00:00Z,SVP
116352,2015-05-15T14:00:00Z,-29.14827,-48.35562,0.0178,-0.308,601.2084,2015-09-14T00:00:00Z,SVP
116352,2015-05-15T15:00:00Z,-29.15915,-48.35529,0.0187,-0.3093,601.2084,2015-09-14T00:00:00Z,SVP
116352,2015-05-15T16:00:00Z,-29.17017,-48.35486,0.0196,-0.3106,601.2084,2015-09-14T00:00:00Z,SVP
116352,2015-05-15T17:00:00Z,-29.18167,-48.35445,0.0033,-0.1915,242.54167,2015-09-14T00:00:00Z,SVP
116352,2015-05-15T18:00:00Z,-29.18735,-48.35341,0.0015,-0.1965,242.54167,2015-09-14T00:00:00Z,SVP
116352,2015-05-15T19:00:00Z,-29.19304,-48.35461,-0.0743,-0.1637,168.75,2015-09-14T00:00:00Z,SVP
116352,2015-05-15T20:00:00Z,-29.19842,-48.35721,-0.0989,-0.1521,140.70834,2015-09-14T00:00:00Z,SVP
116352,2015-05-15T21:00:00Z,-29.20285,-48.36086,-0.1072,-0.1126,105.458336,2015-09-14T00:00:00Z,SVP
116352,2015-05-15T22:00:00Z,-29.20707,-48.36439,-0.1867,-0.1213,478.2083,2015-09-14T00:00:00Z,SVP
116352,2015-05-15T23:00:00Z,-29.21055,-48.37272,-0.1736,-0.1188,478.2083,2015-09-14T00:00:00Z,SVP
116352,2015-05-16T00:00:00Z,-29.21366,-48.37833,-0.194,-0.1157,478.2083,2015-09-14T00:00:00Z,SVP
116352,2015-05-16T01:00:00Z,-29.21829,-48.3864,-0.2234,-0.1162,123.0,2015-09-14T00:00:00Z,SVP
116352,2015-05-16T02:00:00Z,-29.22139,-48.39089,-0.1363,-0.1414,133.66667,2015-09-14T00:00:00Z,SVP
116352,2015-05-16T03:00:00Z,-29.22692,-48.39668,-0.1136,-0.1753,319.9583,2015-09-14T00:00:00Z,SVP
116352,2015-05-16T04:00:00Z,-29.23235,-48.40133,-0.1102,-0.1805,319.9583,2015-09-14T00:00:00Z,SVP
116352,2015-05-16T05:00:00Z,-29.2393,-48.40635,-0.1564,-0.2371,239.08334,2015-09-14T00:00:00Z,SVP
116352,2015-05-16T06:00:00Z,-29.2468,-48.41082,-0.2717,-0.269,175.79167,2015-09-14T00:00:00Z,SVP
116352,2015-05-16T07:00:00Z,-29.25622,-48.42266,-0.2366,-0.2692,175.79167,2015-09-14T00:00:00Z,SVP
116352,2015-05-16T08:00:00Z,-29.26483,-48.4309,-0.2449,-0.2834,140.70834,2015-09-14T00:00:00Z,SVP
116352,2015-05-16T09:00:00Z,-29.27512,-48.42998,-0.0177,-0.3063,277.79166,2015-09-14T00:00:00Z,SVP
116352,2015-05-16T10:00:00Z,-29.28616,-48.43439,-0.0421,-0.3186,277.79166,2015-09-14T00:00:00Z,SVP
116352,2015-05-16T11:00:00Z,-29.29532,-48.43617,0.0887,-0.1543,193.33334,2015-09-14T00:00:00Z,SVP
116352,2015-05-16T12:00:00Z,-29.29994,-48.432,0.0503,-0.128,112.5,2015-09-14T00:00:00Z,SVP
116352,2015-05-16T13:00:00Z,-29.30278,-48.43121,0.0476,-0.1166,622.3334,2015-09-14T00:00:00Z,SVP
116352,2015-05-16T14:00:00Z,-29.30723,-48.42882,0.0466,-0.1202,622.3334,2015-09-14T00:00:00Z,SVP
116352,2015-05-16T15:00:00Z,-29.31175,-48.42694,0.0465,-0.1232,622.3334,2015-09-14T00:00:00Z,SVP
116352,2015-05-16T16:00:00Z,-29.3167,-48.42516,0.0464,-0.1269,622.3334,2015-09-14T00:00:00Z,SVP
116352,2015-05-16T17:00:00Z,-29.32192,-48.42401,0.0332,-0.1427,242.54167,2015-09-14T00:00:00Z,SVP
116352,2015-05-16T18:00:00Z,-29.3218,-48.42268,0.0275,-0.1176,242.54167,2015-09-14T00:00:00Z,SVP
116352,2015-05-16T19:00:00Z,-29.32612,-48.42229,0.0132,-0.0934,175.79167,2015-09-14T00:00:00Z,SVP
116352,2015-05-16T20:00:00Z,-29.32845,-48.42135,0.0169,-0.0944,107.25,2015-09-14T00:00:00Z,SVP
116352,2015-05-16T21:00:00Z,-29.33091,-48.42289,-0.056,0.0322,142.33334,2015-09-14T00:00:00Z,SVP
116352,2015-05-16T22:00:00Z,-29.33001,-48.4265,-0.1054,-0.0055,365.70834,2015-09-14T00:00:00Z,SVP
116352,2015-05-16T23:00:00Z,-29.33057,-48.43002,-0.1037,-0.0052,365.70834,2015-09-14T00:00:00Z,SVP
116352,2015-05-17T00:00:00Z,-29.33075,-48.43287,-0.1005,-0.0057,365.70834,2015-09-14T00:00:00Z,SVP
116352,2015-05-17T01:00:00Z,-29.33225,-48.44015,-0.1762,-0.1452,717.1667,2015-09-14T00:00:00Z,SVP
116352,2015-05-17T02:00:00Z,-29.33739,-48.44605,-0.1772,-0.1464,717.1667,2015-09-14T00:00:00Z,SVP
116352,2015-05-17T03:00:00Z,-29.34217,-48.45245,-0.1775,-0.1466,717.1667,2015-09-14T00:00:00Z,SVP
116352,2015-05-17T04:00:00Z,-29.34679,-48.45892,-0.1777,-0.1466,717.1667,2015-09-14T00:00:00Z,SVP
116352,2015-05-17T05:00:00Z,-29.35108,-48.4654,-0.178,-0.1463,717.1667,2015-09-14T00:00:00Z,SVP
116352,2015-05-17T06:00:00Z,-29.35545,-48.47222,-0.1778,-0.237,158.25,2015-09-14T00:00:00Z,SVP
116352,2015-05-17T07:00:00Z,-29.36414,-48.47899,-0.1772,-0.2943,116.083336,2015-09-14T00:00:00Z,SVP
116352,2015-05-17T08:00:00Z,-29.37498,-48.4816,-0.0483,-0.3661,126.58333,2015-09-14T00:00:00Z,SVP
116352,2015-05-17T09:00:00Z,-29.38796,-48.48432,-0.0686,-0.4372,130.04166,2015-09-14T00:00:00Z,SVP
116352,2015-05-17T10:00:00Z,-29.40189,-48.48699,-0.0321,-0.3882,105.458336,2015-09-14T00:00:00Z,SVP
116352,2015-05-17T11:00:00Z,-29.4114,-48.48582,0.0064,-0.3089,221.54167,2015-09-14T00:00:00Z,SVP
116352,2015-05-17T12:00:00Z,-29.41859,-48.48354,0.1148,-0.1949,108.91667,2015-09-14T00:00:00Z,SVP
116352,2015-05-17T13:00:00Z,-29.42496,-48.47844,0.0935,-0.1296,140.70834,2015-09-14T00:00:00Z,SVP
116352,2015-05-17T14:00:00Z,-29.42702,-48.47623,0.0589,-0.0505,509.8333,2015-09-14T00:00:00Z,SVP
116352,2015-05-17T15:00:00Z,-29.42849,-48.47521,0.0528,-0.0506,509.8333,2015-09-14T00:00:00Z,SVP
116352,2015-05-17T16:00:00Z,-29.4302,-48.47498,0.0483,-0.0501,509.8333,2015-09-14T00:00:00Z,SVP
116352,2015-05-17T17:00:00Z,-29.43201,-48.47379,0.0305,-0.0451,242.54167,2015-09-14T00:00:00Z,SVP
116352,2015-05-17T18:00:00Z,-29.43293,-48.46547,0.0698,-0.0434,242.54167,2015-09-14T00:00:00Z,SVP
116352,2015-05-17T19:00:00Z,-29.43349,-48.46919,-0.101,-0.0193,267.16666,2015-09-14T00:00:00Z,SVP
116352,2015-05-17T20:00:00Z,-29.43673,-48.47397,-0.1078,-0.0102,165.29167,2015-09-14T00:00:00Z,SVP
116352,2015-05-17T21:00:00Z,-29.43333,-48.47669,-0.1121,-0.009,165.29167,2015-09-14T00:00:00Z,SVP
116352,2015-05-17T22:00:00Z,-29.43691,-48.48171,-0.1443,-0.0876,337.5,2015-09-14T00:00:00Z,SVP
116352,2015-05-17T23:00:00Z,-29.43914,-48.48718,-0.1443,-0.0872,337.5,2015-09-14T00:00:00Z,SVP
116352,2015-05-18T00:00:00Z,-29.44202,-48.4935,-0.1549,-0.0874,112.5,2015-09-14T00:00:00Z,SVP
116352,2015-05-18T01:00:00Z,-29.44549,-48.49904,-0.1934,-0.1083,123.0,2015-09-14T00:00:00Z,SVP
116352,2015-05-18T02:00:00Z,-29.45075,-48.50491,-0.129,-0.1692,362.08334,2015-09-14T00:00:00Z,SVP
116352,2015-05-18T03:00:00Z,-29.45561,-48.50973,-0.1277,-0.1662,362.08334,2015-09-14T00:00:00Z,SVP
116352,2015-05-18T04:00:00Z,-29.45682,-48.51628,-0.1018,-0.2631,253.20834,2015-09-14T00:00:00Z,SVP
116352,2015-05-18T05:00:00Z,-29.46813,-48.51868,-0.1068,-0.2043,253.20834,2015-09-14T00:00:00Z,SVP
116352,2015-05-18T06:00:00Z,-29.47508,-48.52216,-0.0833,-0.2572,154.66667,2015-09-14T00:00:00Z,SVP
116352,2015-05-18T07:00:00Z,-29.48405,-48.52454,-0.0536,-0.303,87.91667,2015-09-14T00:00:00Z,SVP
116352,2015-05-18T08:00:00Z,-29.49391,-48.5266,-0.0326,-0.3165,168.75,2015-09-14T00:00:00Z,SVP
116352,2015-05-18T09:00:00Z,-29.50224,-48.52548,0.1429,-0.238,94.958336,2015-09-14T00:00:00Z,SVP
116352,2015-05-18T10:00:00Z,-29.51026,-48.52314,0.0592,-0.2752,242.54167,2015-09-14T00:00:00Z,SVP
116352,2015-05-18T11:00:00Z,-29.52057,-48.5173,-0.1004,-0.2831,242.54167,2015-09-14T00:00:00Z,SVP
116352,2015-05-18T12:00:00Z,-29.52658,-48.52322,-0.0145,-0.1112,133.66667,2015-09-14T00:00:00Z,SVP
116352,2015-05-18T13:00:00Z,-29.52985,-48.52345,-0.1188,-0.0054,115.958336,2015-09-14T00:00:00Z,SVP
116352,2015-05-18T14:00:00Z,-29.52715,-48.52815,-0.1074,-0.0737,418.33334,2015-09-14T00:00:00Z,SVP
116352,2015-05-18T15:00:00Z,-29.53085,-48.53182,-0.1079,-0.0557,418.33334,2015-09-14T00:00:00Z,SVP
116352,2015-05-18T16:00:00Z,-29.53093,-48.53638,-0.1034,-0.1079,418.33334,2015-09-14T00:00:00Z,SVP
116352,2015-05-18T17:00:00Z,-29.5355,-48.54061,-0.0517,-0.167,242.54167,2015-09-14T00:00:00Z,SVP
116352,2015-05-18T18:00:00Z,-29.54145,-48.54267,-0.2059,-0.1762,407.83334,2015-09-14T00:00:00Z,SVP
116352,2015-05-18T19:00:00Z,-29.54678,-48.5514,-0.2134,-0.1751,407.83334,2015-09-14T00:00:00Z,SVP
116352,2015-05-18T20:00:00Z,-29.55224,-48.55965,-0.2166,-0.1748,407.83334,2015-09-14T00:00:00Z,SVP
116352,2015-05-18T21:00:00Z,-29.55807,-48.57146,-0.2954,-0.1742,73.791664,2015-09-14T00:00:00Z,SVP
116352,2015-05-18T22:00:00Z,-29.56551,-48.58709,-0.4424,-0.252,172.20833,2015-09-14T00:00:00Z,SVP
116352,2015-05-18T23:00:00Z,-29.57372,-48.5908,-0.1863,-0.2614,281.25,2015-09-14T00:00:00Z,SVP
116352,2015-05-19T00:00:00Z,-29.58293,-48.5968,-0.1918,-0.2616,281.25,2015-09-14T00:00:00Z,SVP
116352,2015-05-19T01:00:00Z,-29.59158,-48.60593,-0.2431,-0.2962,144.16667,2015-09-14T00:00:00Z,SVP
116352,2015-05-19T02:00:00Z,-29.60598,-48.6282,-0.1513,-0.2829,270.74997,2015-09-14T00:00:00Z,SVP
116352,2015-05-19T03:00:00Z,-29.61354,-48.63372,-0.1507,-0.3,270.74997,2015-09-14T00:00:00Z,SVP
116352,2015-05-19T04:00:00Z,-29.62377,-48.64047,-0.1365,-0.2967,249.58333,2015-09-14T00:00:00Z,SVP
116352,2015-05-19T05:00:00Z,-29.63344,-48.64473,-0.1411,-0.2997,249.58333,2015-09-14T00:00:00Z,SVP
116352,2015-05-19T06:00:00Z,-29.64365,-48.65061,-0.1466,-0.3144,158.25,2015-09-14T00:00:00Z,SVP
116352,2015-05-19T07:00:00Z,-29.65303,-48.65666,-0.1511,-0.2726,253.20834,2015-09-14T00:00:00Z,SVP
116352,2015-05-19T08:00:00Z,-29.66165,-48.66135,-0.153,-0.2706,253.20834,2015-09-14T00:00:00Z,SVP
116352,2015-05-19T09:00:00Z,-29.67307,-48.66136,-0.0396,-0.378,249.58333,2015-09-14T00:00:00Z,SVP
116352,2015-05-19T10:00:00Z,-29.68448,-48.67306,-0.1245,-0.3674,249.58333,2015-09-14T00:00:00Z,SVP
116352,2015-05-19T11:00:00Z,-29.68994,-48.66591,-0.1016,0.0624,126.58333,2015-09-14T00:00:00Z,SVP
116352,2015-05-19T12:00:00Z,-29.68775,-48.66826,-0.0851,0.0038,260.0833,2015-09-14T00:00:00Z,SVP
116352,2015-05-19T13:00:00Z,-29.68779,-48.68355,-0.0651,0.002,260.0833,2015-09-14T00:00:00Z,SVP
116352,2015-05-19T14:00:00Z,-29.6873,-48.6839,-0.013,-0.0017,696.1666,2015-09-14T00:00:00Z,SVP
116352,2015-05-19T15:00:00Z,-29.68735,-48.67617,-0.0619,-0.0016,696.1666,2015-09-14T00:00:00Z,SVP
116352,2015-05-19T16:00:00Z,-29.68754,-48.67791,-0.0631,-0.0019,696.1666,2015-09-14T00:00:00Z,SVP
116352,2015-05-19T17:00:00Z,-29.68803,-48.68006,-0.0634,-0.0031,696.1666,2015-09-14T00:00:00Z,SVP
116352,2015-05-19T18:00:00Z,-29.68888,-48.68402,-0.0207,0.0108,333.9167,2015-09-14T00:00:00Z,SVP
116352,2015-05-19T19:00:00Z,-29.68725,-48.68636,-0.0186,0.0108,333.9167,2015-09-14T00:00:00Z,SVP
116352,2015-05-19T20:00:00Z,-29.68618,-48.6873,-0.0191,0.0105,333.9167,2015-09-14T00:00:00Z,SVP
116352,2015-05-19T21:00:00Z,-29.6879,-48.69854,-0.3764,-0.0684,172.20833,2015-09-14T00:00:00Z,SVP
116352,2015-05-19T22:00:00Z,-29.69069,-48.71242,-0.2142,-0.143,94.958336,2015-09-14T00:00:00Z,SVP
116352,2015-05-19T23:00:00Z,-29.69473,-48.71565,-0.0745,-0.139,221.54167,2015-09-14T00:00:00Z,SVP
116352,2015-05-20T00:00:00Z,-29.70187,-48.71075,-0.3254,-0.0813,137.08333,2015-09-14T00:00:00Z,SVP
116352,2015-05-20T01:00:00Z,-29.70261,-48.72386,-0.0912,-0.0489,115.958336,2015-09-14T00:00:00Z,SVP
116352,2015-05-20T02:00:00Z,-29.70544,-48.7291,-0.0681,-0.0443,537.9166,2015-09-14T00:00:00Z,SVP
116352,2015-05-20T03:00:00Z,-29.70624,-48.73079,-0.0676,-0.0454,537.9166,2015-09-14T00:00:00Z,SVP
116352,2015-05-20T04:00:00Z,-29.70737,-48.73279,-0.0681,-0.0462,537.9166,2015-09-14T00:00:00Z,SVP
116352,2015-05-20T05:00:00Z,-29.70854,-48.7348,-0.0691,-0.0474,537.9166,2015-09-14T00:00:00Z,SVP
116352,2015-05-20T06:00:00Z,-29.71134,-48.73644,-0.0425,-0.0662,411.2917,2015-09-14T00:00:00Z,SVP
116352,2015-05-20T07:00:00Z,-29.71458,-48.7406,-0.0639,-0.0759,411.2917,2015-09-14T00:00:00Z,SVP
116352,2015-05-20T08:00:00Z,-29.71843,-48.74547,-0.0759,-0.1314,77.41667,2015-09-14T00:00:00Z,SVP
116352,2015-05-20T09:00:00Z,-29.72474,-48.7462,-0.0088,-0.0929,249.58333,2015-09-14T00:00:00Z,SVP
116352,2015-05-20T10:00:00Z,-29.72779,-48.74812,0.0131,-0.0865,249.58333,2015-09-14T00:00:00Z,SVP
116352,2015-05-20T11:00:00Z,-29.72923,-48.73978,-0.1295,-0.0347,161.70833,2015-09-14T00:00:00Z,SVP
116352,2015-05-20T12:00:00Z,-29.73014,-48.74717,-0.0283,-0.018,133.66667,2015-09-14T00:00:00Z,SVP
116352,2015-05-20T13:00:00Z,-29.73017,-48.75026,-0.0915,-0.0182,706.6666,2015-09-14T00:00:00Z,SVP
116352,2015-05-20T14:00:00Z,-29.73101,-48.75366,-0.0913,-0.0205,706.6666,2015-09-14T00:00:00Z,SVP
116352,2015-05-20T15:00:00Z,-29.73161,-48.75713,-0.0916,-0.0203,706.6666,2015-09-14T00:00:00Z,SVP
116352,2015-05-20T16:00:00Z,-29.73202,-48.76069,-0.0921,-0.0192,706.6666,2015-09-14T00:00:00Z,SVP
116352,2015-05-20T17:00:00Z,-29.73212,-48.7644,-0.0931,-0.0172,706.6666,2015-09-14T00:00:00Z,SVP
116352,2015-05-20T18:00:00Z,-29.73171,-48.76558,0.0319,-0.0103,309.45834,2015-09-14T00:00:00Z,SVP
116352,2015-05-20T19:00:00Z,-29.73255,-48.76315,0.0211,-0.012,309.45834,2015-09-14T00:00:00Z,SVP
116352,2015-05-20T20:00:00Z,-29.73162,-48.75882,-0.2333,0.0586,102.0,2015-09-14T00:00:00Z,SVP
116352,2015-05-20T21:00:00Z,-29.72951,-48.76624,-0.1516,0.0772,144.16667,2015-09-14T00:00:00Z,SVP
116352,2015-05-20T22:00:00Z,-29.7323,-48.76802,-0.0857,-0.0379,108.91667,2015-09-14T00:00:00Z,SVP
116352,2015-05-20T23:00:00Z,-29.73257,-48.77365,-0.1141,-0.0569,369.16666,2015-09-14T00:00:00Z,SVP
116352,2015-05-21T00:00:00Z,-29.73378,-48.77784,-0.1158,-0.0576,369.16666,2015-09-14T00:00:00Z,SVP
116352,2015-05-21T01:00:00Z,-29.73581,-48.78248,-0.1419,-0.0302,119.54167,2015-09-14T00:00:00Z,SVP
116352,2015-05-21T02:00:00Z,-29.7365,-48.78561,-0.077,-0.0659,133.66667,2015-09-14T00:00:00Z,SVP
116352,2015-05-21T03:00:00Z,-29.74097,-48.78717,-0.0109,-0.1539,432.4583,2015-09-14T00:00:00Z,SVP
116352,2015-05-21T04:00:00Z,-29.74583,-48.78826,-0.0101,-0.155,432.4583,2015-09-14T00:00:00Z,SVP
116352,2015-05-21T05:00:00Z,-29.74992,-48.79096,-0.007,-0.1594,432.4583,2015-09-14T00:00:00Z,SVP
116352,2015-05-21T06:00:00Z,-29.75609,-48.78861,0.0114,-0.1777,390.1667,2015-09-14T00:00:00Z,SVP
116352,2015-05-21T07:00:00Z,-29.76198,-48.78788,0.0092,-0.1772,390.1667,2015-09-14T00:00:00Z,SVP
116352,2015-05-21T08:00:00Z,-29.7675,-48.7873,0.0689,-0.166,249.58333,2015-09-14T00:00:00Z,SVP
116352,2015-05-21T09:00:00Z,-29.77327,-48.78563,0.0707,-0.1639,249.58333,2015-09-14T00:00:00Z,SVP
116352,2015-05-21T10:00:00Z,-29.77764,-48.78252,0.0835,-0.1326,365.70834,2015-09-14T00:00:00Z,SVP
116352,2015-05-21T11:00:00Z,-29.78167,-48.77848,0.0885,-0.1304,365.70834,2015-09-14T00:00:00Z,SVP
116352,2015-05-21T12:00:00Z,-29.78371,-48.77428,0.1151,-0.0185,109.041664,2015-09-14T00:00:00Z,SVP
116352,2015-05-21T13:00:00Z,-29.78288,-48.77013,0.1043,0.0386,144.16667,2015-09-14T00:00:00Z,SVP
116352,2015-05-21T14:00:00Z,-29.78187,-48.76849,-0.0383,0.0183,611.7083,2015-09-14T00:00:00Z,SVP
116352,2015-05-21T15:00:00Z,-29.78054,-48.77028,-0.0377,0.0197,611.7083,2015-09-14T00:00:00Z,SVP
116352,2015-05-21T16:00:00Z,-29.7793,-48.77197,-0.0369,0.0198,611.7083,2015-09-14T00:00:00Z,SVP
116352,2015-05-21T17:00:00Z,-29.77791,-48.77369,-0.0353,0.0187,611.7083,2015-09-14T00:00:00Z,SVP
116352,2015-05-21T18:00:00Z,-29.77594,-48.77548,-0.0492,0.0534,249.58333,2015-09-14T00:00:00Z,SVP
116352,2015-05-21T19:00:00Z,-29.77716,-48.77662,-0.049,0.0374,249.58333,2015-09-14T00:00:00Z,SVP
116352,2015-05-21T20:00:00Z,-29.77104,-48.78012,-0.2122,-0.0283,123.0,2015-09-14T00:00:00Z,SVP
116352,2015-05-21T21:00:00Z,-29.77241,-48.78735,-0.1817,-0.1714,126.58333,2015-09-14T00:00:00Z,SVP
116352,2015-05-21T22:00:00Z,-29.77831,-48.7939,-0.0838,-0.2267,379.66666,2015-09-14T00:00:00Z,SVP
116352,2015-05-21T23:00:00Z,-29.78561,-48.7964,-0.0801,-0.2266,379.66666,2015-09-14T00:00:00Z,SVP
116352,2015-05-22T00:00:00Z,-29.79276,-48.79959,-0.0791,-0.2261,379.66666,2015-09-14T00:00:00Z,SVP
116352,2015-05-22T01:00:00Z,-29.80193,-48.79985,0.0027,-0.2932,119.54167,2015-09-14T00:00:00Z,SVP
116352,2015-05-22T02:00:00Z,-29.81176,-48.80836,0.1089,-0.2746,471.16666,2015-09-14T00:00:00Z,SVP
116352,2015-05-22T03:00:00Z,-29.82058,-48.80407,0.1088,-0.2744,471.16666,2015-09-14T00:00:00Z,SVP
116352,2015-05-22T04:00:00Z,-29.8295,-48.80004,0.1091,-0.2743,471.16666,2015-09-14T00:00:00Z,SVP
116352,2015-05-22T05:00:00Z,-29.83833,-48.79571,0.1297,-0.265,351.58334,2015-09-14T00:00:00Z,SVP
116352,2015-05-22T06:00:00Z,-29.84669,-48.79034,0.1308,-0.2647,351.58334,2015-09-14T00:00:00Z,SVP
116352,2015-05-22T07:00:00Z,-29.85524,-48.78547,0.1313,-0.2645,351.58334,2015-09-14T00:00:00Z,SVP
116352,2015-05-22T08:00:00Z,-29.86369,-48.77737,0.2662,-0.2715,193.33334,2015-09-14T00:00:00Z,SVP
116352,2015-05-22T09:00:00Z,-29.87248,-48.76804,0.2477,-0.281,52.666664,2015-09-14T00:00:00Z,SVP
116352,2015-05-22T10:00:00Z,-29.88167,-48.76367,0.1199,-0.282,228.58334,2015-09-14T00:00:00Z,SVP
116352,2015-05-22T11:00:00Z,-29.8907,-48.76163,0.5425,-0.2699,91.33333,2015-09-14T00:00:00Z,SVP
116352,2015-05-22T12:00:00Z,-29.89719,-48.74876,0.2821,-0.1402,123.0,2015-09-14T00:00:00Z,SVP
116352,2015-05-22T13:00:00Z,-29.89914,-48.74112,0.0617,-0.0259,137.08333,2015-09-14T00:00:00Z,SVP
116352,2015-05-22T14:00:00Z,-29.90041,-48.73799,0.0333,-0.0234,632.8333,2015-09-14T00:00:00Z,SVP
116352,2015-05-22T15:00:00Z,-29.90104,-48.73601,0.03,-0.0238,632.8333,2015-09-14T00:00:00Z,SVP
116352,2015-05-22T16:00:00Z,-29.90156,-48.73414,0.0246,-0.0245,632.8333,2015-09-14T00:00:00Z,SVP
116352,2015-05-22T17:00:00Z,-29.9019,-48.73251,0.0157,-0.0262,632.8333,2015-09-14T00:00:00Z,SVP
116352,2015-05-22T18:00:00Z,-29.90311,-48.73174,0.0391,-0.0359,407.83334,2015-09-14T00:00:00Z,SVP
116352,2015-05-22T19:00:00Z,-29.90469,-48.73127,0.0363,-0.0358,407.83334,2015-09-14T00:00:00Z,SVP
116352,2015-05-22T20:00:00Z,-29.90629,-48.73125,0.0348,-0.0353,407.83334,2015-09-14T00:00:00Z,SVP
116352,2015-05-22T21:00:00Z,-29.90763,-48.72587,0.0647,-0.0509,179.25,2015-09-14T00:00:00Z,SVP
116352,2015-05-22T22:00:00Z,-29.91017,-48.72519,-0.0362,-0.0169,428.8333,2015-09-14T00:00:00Z,SVP
116352,2015-05-22T23:00:00Z,-29.91025,-48.72648,-0.0363,-0.0185,428.8333,2015-09-14T00:00:00Z,SVP
116352,2015-05-23T00:00:00Z,-29.91104,-48.72778,-0.0365,-0.0165,428.8333,2015-09-14T00:00:00Z,SVP
116352,2015-05-23T01:00:00Z,-29.91175,-48.72958,-0.059,0.0147,133.66667,2015-09-14T00:00:00Z,SVP
116352,2015-05-23T02:00:00Z,-29.91384,-48.7307,0.0066,-0.0667,116.083336,2015-09-14T00:00:00Z,SVP
116352,2015-05-23T03:00:00Z,-29.91565,-48.73022,0.0192,-0.0792,362.08334,2015-09-14T00:00:00Z,SVP
116352,2015-05-23T04:00:00Z,-29.91767,-48.72899,0.0173,-0.0813,362.08334,2015-09-14T00:00:00Z,SVP
116352,2015-05-23T05:00:00Z,-29.91959,-48.72851,-0.0109,-0.0096,249.58333,2015-09-14T00:00:00Z,SVP
116352,2015-05-23T06:00:00Z,-29.92378,-48.72911,-0.0117,0.0434,249.58333,2015-09-14T00:00:00Z,SVP
116352,2015-05-23T07:00:00Z,-29.92027,-48.73036,-0.0334,0.0119,168.75,2015-09-14T00:00:00Z,SVP
116352,2015-05-23T08:00:00Z,-29.92049,-48.72927,0.0323,0.0231,154.66667,2015-09-14T00:00:00Z,SVP
116352,2015-05-23T09:00:00Z,-29.92126,-48.72689,0.0647,-0.0967,87.91667,2015-09-14T00:00:00Z,SVP
116352,2015-05-23T10:00:00Z,-29.93311,-48.72457,0.1193,-0.3158,172.20833,2015-09-14T00:00:00Z,SVP
116352,2015-05-23T11:00:00Z,-29.93336,-48.71839,0.1272,-0.1536,249.58333,2015-09-14T00:00:00Z,SVP
116352,2015-05-23T12:00:00Z,-29.93797,-48.71119,0.1391,-0.079,133.66667,2015-09-14T00:00:00Z,SVP
116352,2015-05-23T13:00:00Z,-29.94221,-48.70951,0.1495,-0.0644,653.8334,2015-09-14T00:00:00Z,SVP
116352,2015-05-23T14:00:00Z,-29.94381,-48.70308,0.1483,-0.0652,653.8334,2015-09-14T00:00:00Z,SVP
116352,2015-05-23T15:00:00Z,-29.94578,-48.697,0.1467,-0.0654,653.8334,2015-09-14T00:00:00Z,SVP
116352,2015-05-23T16:00:00Z,-29.9479,-48.69101,0.1441,-0.0652,653.8334,2015-09-14T00:00:00Z,SVP
116352,2015-05-23T17:00:00Z,-29.95017,-48.68499,0.1385,-0.0645,653.8334,2015-09-14T00:00:00Z,SVP
116352,2015-05-23T18:00:00Z,-29.95208,-48.67964,0.1625,-0.0567,242.54167,2015-09-14T00:00:00Z,SVP
116352,2015-05-23T19:00:00Z,-29.95408,-48.67683,0.1065,-0.0731,154.66667,2015-09-14T00:00:00Z,SVP
116352,2015-05-23T20:00:00Z,-29.95637,-48.66235,-0.2085,-0.0564,154.66667,2015-09-14T00:00:00Z,SVP
116352,2015-05-23T21:00:00Z,-29.95847,-48.67037,-0.1211,-0.0764,91.33333,2015-09-14T00:00:00Z,SVP
116352,2015-05-23T22:00:00Z,-29.96184,-48.66518,0.1638,-0.1397,421.95834,2015-09-14T00:00:00Z,SVP
116352,2015-05-23T23:00:00Z,-29.96748,-48.65834,0.1681,-0.147,421.95834,2015-09-14T00:00:00Z,SVP
116352,2015-05-24T00:00:00Z,-29.97335,-48.65124,0.1711,-0.1513,421.95834,2015-09-14T00:00:00Z,SVP
116352,2015-05-24T01:00:00Z,-29.97471,-48.65085,-0.0447,-0.1422,137.08333,2015-09-14T00:00:00Z,SVP
116352,2015-05-24T02:00:00Z,-29.98034,-48.65257,0.1102,-0.1557,365.70834,2015-09-14T00:00:00Z,SVP
116352,2015-05-24T03:00:00Z,-29.98531,-48.64721,0.1042,-0.1547,365.70834,2015-09-14T00:00:00Z,SVP
116352,2015-05-24T04:00:00Z,-29.9909,-48.64221,0.0932,-0.1504,365.70834,2015-09-14T00:00:00Z,SVP
116352,2015-05-24T05:00:00Z,-29.99573,-48.63906,0.0987,-0.1425,267.16666,2015-09-14T00:00:00Z,SVP
116352,2015-05-24T06:00:00Z,-29.99905,-48.63658,0.1012,-0.1382,267.16666,2015-09-14T00:00:00Z,SVP
116352,2015-05-24T07:00:00Z,-30.00743,-48.63037,0.1352,-0.205,144.16667,2015-09-14T00:00:00Z,SVP
116352,2015-05-24T08:00:00Z,-30.01369,-48.62355,0.1765,-0.2147,147.58333,2015-09-14T00:00:00Z,SVP
116352,2015-05-24T09:00:00Z,-30.01678,-48.62186,-0.0223,-0.0112,130.04166,2015-09-14T00:00:00Z,SVP
116352,2015-05-24T10:00:00Z,-30.01711,-48.62146,0.0589,0.0119,267.16666,2015-09-14T00:00:00Z,SVP
116352,2015-05-24T11:00:00Z,-30.01651,-48.61782,0.0673,0.013,267.16666,2015-09-14T00:00:00Z,SVP
116352,2015-05-24T12:00:00Z,-30.01677,-48.61659,0.0316,-0.0085,249.58333,2015-09-14T00:00:00Z,SVP
116352,2015-05-24T13:00:00Z,-30.01625,-48.6155,0.0285,-0.0074,249.58333,2015-09-14T00:00:00Z,SVP
116352,2015-05-24T14:00:00Z,-30.01787,-48.61465,-0.0354,-0.058,569.5417,2015-09-14T00:00:00Z,SVP
116352,2015-05-24T15:00:00Z,-30.01985,-48.61513,-0.0389,-0.0579,569.5417,2015-09-14T00:00:00Z,SVP
116352,2015-05-24T16:00:00Z,-30.02162,-48.61527,-0.05,-0.0585,569.5417,2015-09-14T00:00:00Z,SVP
116352,2015-05-24T17:00:00Z,-30.02317,-48.61604,-0.059,-0.0779,239.08334,2015-09-14T00:00:00Z,SVP
116352,2015-05-24T18:00:00Z,-30.02616,-48.61995,-0.0434,-0.0768,239.08334,2015-09-14T00:00:00Z,SVP
116352,2015-05-24T19:00:00Z,-30.02831,-48.62141,-0.0408,-0.0653,165.16666,2015-09-14T00:00:00Z,SVP
116352,2015-05-24T20:00:00Z,-30.03034,-48.62261,-0.0218,-0.0512,116.083336,2015-09-14T00:00:00Z,SVP
116352,2015-05-24T21:00:00Z,-30.03208,-48.62405,-0.0514,-0.0488,123.0,2015-09-14T00:00:00Z,SVP
116352,2015-05-24T22:00:00Z,-30.03335,-48.6263,-0.0516,-0.0711,123.0,2015-09-14T00:00:00Z,SVP
116352,2015-05-24T23:00:00Z,-30.03839,-48.62403,0.027,-0.119,274.2083,2015-09-14T00:00:00Z,SVP
116352,2015-05-25T00:00:00Z,-30.04271,-48.62188,0.0285,-0.1029,126.58333,2015-09-14T00:00:00Z,SVP
116352,2015-05-25T01:00:00Z,-30.0451,-48.62231,0.074,-0.0223,126.58333,2015-09-14T00:00:00Z,SVP
116352,2015-05-25T02:00:00Z,-30.0458,-48.61965,0.0836,0.0047,393.75,2015-09-14T00:00:00Z,SVP
116352,2015-05-25T03:00:00Z,-30.04556,-48.61645,0.0835,0.0053,393.75,2015-09-14T00:00:00Z,SVP
116352,2015-05-25T04:00:00Z,-30.04578,-48.61306,0.0832,0.0062,393.75,2015-09-14T00:00:00Z,SVP
116352,2015-05-25T05:00:00Z,-30.04473,-48.61083,0.0682,0.0271,263.7083,2015-09-14T00:00:00Z,SVP
116352,2015-05-25T06:00:00Z,-30.04349,-48.60814,0.0455,0.0582,154.66667,2015-09-14T00:00:00Z,SVP
116352,2015-05-25T07:00:00Z,-30.04186,-48.60695,0.0544,0.0708,98.416664,2015-09-14T00:00:00Z,SVP
116352,2015-05-25T08:00:00Z,-30.03903,-48.60354,0.114,0.0863,154.66667,2015-09-14T00:00:00Z,SVP
116352,2015-05-25T09:00:00Z,-30.037,-48.59974,0.0869,0.0369,73.791664,2015-09-14T00:00:00Z,SVP
116352,2015-05-25T10:00:00Z,-30.03659,-48.59435,0.1368,0.001,246.16667,2015-09-14T00:00:00Z,SVP
116352,2015-05-25T11:00:00Z,-30.03532,-48.59611,0.0402,0.2584,52.791668,2015-09-14T00:00:00Z,SVP
116352,2015-05-25T12:00:00Z,-30.02594,-48.5946,-0.1209,0.3336,133.66667,2015-09-14T00:00:00Z,SVP
116352,2015-05-25T13:00:00Z,-30.01857,-48.5958,0.0202,0.1287,140.70834,2015-09-14T00:00:00Z,SVP
116352,2015-05-25T14:00:00Z,-30.01461,-48.59471,0.0037,0.0845,464.08337,2015-09-14T00:00:00Z,SVP
116352,2015-05-25T15:00:00Z,-30.01149,-48.595,0.0035,0.0848,464.08337,2015-09-14T00:00:00Z,SVP
116352,2015-05-25T16:00:00Z,-30.00823,-48.59449,0.0018,0.0849,464.08337,2015-09-14T00:00:00Z,SVP
116352,2015-05-25T17:00:00Z,-30.00486,-48.59394,-0.0463,0.0742,246.16667,2015-09-14T00:00:00Z,SVP
116352,2015-05-25T18:00:00Z,-30.00397,-48.5965,-0.046,0.072,246.16667,2015-09-14T00:00:00Z,SVP
116352,2015-05-25T19:00:00Z,-30.00119,-48.59942,-0.0815,0.0728,158.25,2015-09-14T00:00:00Z,SVP
116352,2015-05-25T20:00:00Z,-29.99787,-48.60176,0.0176,0.0487,52.791668,2015-09-14T00:00:00Z,SVP
116352,2015-05-25T21:00:00Z,-29.99651,-48.60115,-0.0046,0.013,115.958336,2015-09-14T00:00:00Z,SVP
116352,2015-05-25T22:00:00Z,-29.99369,-48.60181,0.0165,0.0488,56.25,2015-09-14T00:00:00Z,SVP
116352,2015-05-25T23:00:00Z,-29.99295,-48.60039,0.0343,0.0236,608.0833,2015-09-14T00:00:00Z,SVP
116352,2015-05-26T00:00:00Z,-29.99237,-48.59915,0.0343,0.0236,608.0833,2015-09-14T00:00:00Z,SVP
116352,2015-05-26T01:00:00Z,-29.99177,-48.59807,0.0342,0.0237,608.0833,2015-09-14T00:00:00Z,SVP
116352,2015-05-26T02:00:00Z,-29.9913,-48.5974,0.0336,0.0239,608.0833,2015-09-14T00:00:00Z,SVP
116352,2015-05-26T03:00:00Z,-29.98922,-48.5952,0.0471,0.0396,295.33334,2015-09-14T00:00:00Z,SVP
116352,2015-05-26T04:00:00Z,-29.98809,-48.59268,0.0459,0.0425,295.33334,2015-09-14T00:00:00Z,SVP
116352,2015-05-26T05:00:00Z,-29.98508,-48.59133,0.0535,0.0889,256.66666,2015-09-14T00:00:00Z,SVP
116352,2015-05-26T06:00:00Z,-29.98206,-48.58956,0.0614,0.1232,151.20834,2015-09-14T00:00:00Z,SVP
116352,2015-05-26T07:00:00Z,-29.97732,-48.58658,0.081,0.1582,66.91667,2015-09-14T00:00:00Z,SVP
116352,2015-05-26T08:00:00Z,-29.9729,-48.58473,0.037,0.1323,189.91667,2015-09-14T00:00:00Z,SVP
116352,2015-05-26T09:00:00Z,-29.9698,-48.58398,0.0368,0.07,207.45834,2015-09-14T00:00:00Z,SVP
116352,2015-05-26T10:00:00Z,-29.96909,-48.58255,0.039,0.0424,207.45834,2015-09-14T00:00:00Z,SVP
116352,2015-05-26T11:00:00Z,-29.96223,-48.58067,0.0611,0.1839,210.91667,2015-09-14T00:00:00Z,SVP
116352,2015-05-26T12:00:00Z,-29.95709,-48.57808,0.0774,0.1175,109.041664,2015-09-14T00:00:00Z,SVP
116352,2015-05-26T13:00:00Z,-29.95622,-48.57516,0.078,-0.0015,144.16667,2015-09-14T00:00:00Z,SVP
116352,2015-05-26T14:00:00Z,-29.95591,-48.57303,0.0431,0.0013,478.2083,2015-09-14T00:00:00Z,SVP
116352,2015-05-26T15:00:00Z,-29.9557,-48.57112,0.0437,0.003,478.2083,2015-09-14T00:00:00Z,SVP
116352,2015-05-26T16:00:00Z,-29.95583,-48.56844,0.0467,0.0024,478.2083,2015-09-14T00:00:00Z,SVP
116352,2015-05-26T17:00:00Z,-29.95012,-48.56731,-0.0173,0.3913,235.50002,2015-09-14T00:00:00Z,SVP
116352,2015-05-26T18:00:00Z,-29.93439,-48.56902,0.007,0.1626,235.50002,2015-09-14T00:00:00Z,SVP
116352,2015-05-26T19:00:00Z,-29.92829,-48.57207,-0.0857,0.2599,168.75,2015-09-14T00:00:00Z,SVP
116352,2015-05-26T20:00:00Z,-29.92422,-48.57406,0.0375,0.021,151.20834,2015-09-14T00:00:00Z,SVP
116352,2015-05-26T21:00:00Z,-29.92372,-48.57271,0.0504,0.031,56.25,2015-09-14T00:00:00Z,SVP
116352,2015-05-26T22:00:00Z,-29.92264,-48.57062,0.0452,0.0331,425.41666,2015-09-14T00:00:00Z,SVP
116352,2015-05-26T23:00:00Z,-29.92164,-48.56913,0.0454,0.033,425.41666,2015-09-14T00:00:00Z,SVP
116352,2015-05-27T00:00:00Z,-29.92063,-48.56771,0.046,0.0326,425.41666,2015-09-14T00:00:00Z,SVP
116352,2015-05-27T01:00:00Z,-29.91871,-48.5651,0.0763,0.0539,126.58333,2015-09-14T00:00:00Z,SVP
116352,2015-05-27T02:00:00Z,-29.91645,-48.56226,0.1096,0.0047,327.0,2015-09-14T00:00:00Z,SVP
116352,2015-05-27T03:00:00Z,-29.91666,-48.55817,0.1103,0.0049,327.0,2015-09-14T00:00:00Z,SVP
116352,2015-05-27T04:00:00Z,-29.9163,-48.55424,0.1488,-0.0013,253.20834,2015-09-14T00:00:00Z,SVP
116352,2015-05-27T05:00:00Z,-29.91626,-48.54811,0.1512,-7.0E-4,253.20834,2015-09-14T00:00:00Z,SVP
116352,2015-05-27T06:00:00Z,-29.91599,-48.54207,0.1806,0.0227,154.66667,2015-09-14T00:00:00Z,SVP
116352,2015-05-27T07:00:00Z,-29.91479,-48.53571,0.1094,0.0535,253.20834,2015-09-14T00:00:00Z,SVP
116352,2015-05-27T08:00:00Z,-29.91336,-48.5318,0.1058,0.053,253.20834,2015-09-14T00:00:00Z,SVP
116352,2015-05-27T09:00:00Z,-29.91103,-48.52835,0.079,0.0731,464.08337,2015-09-14T00:00:00Z,SVP
116352,2015-05-27T10:00:00Z,-29.90848,-48.52555,0.0787,0.0736,464.08337,2015-09-14T00:00:00Z,SVP
116352,2015-05-27T11:00:00Z,-29.90609,-48.52274,0.0786,0.0738,464.08337,2015-09-14T00:00:00Z,SVP
116352,2015-05-27T12:00:00Z,-29.90409,-48.51875,0.1012,0.0638,112.5,2015-09-14T00:00:00Z,SVP
116352,2015-05-27T13:00:00Z,-29.90573,-48.51274,0.1465,-0.0696,133.66667,2015-09-14T00:00:00Z,SVP
116352,2015-05-27T14:00:00Z,-29.9077,-48.5146,-0.0114,-0.0754,499.20834,2015-09-14T00:00:00Z,SVP
116352,2015-05-27T15:00:00Z,-29.91031,-48.51523,-0.0119,-0.0757,499.20834,2015-09-14T00:00:00Z,SVP
116352,2015-05-27T16:00:00Z,-29.91343,-48.51505,-0.0136,-0.0774,499.20834,2015-09-14T00:00:00Z,SVP
116352,2015-05-27T17:00:00Z,-29.91514,-48.51616,-0.0338,-0.0639,242.54167,2015-09-14T00:00:00Z,SVP
116352,2015-05-27T18:00:00Z,-29.91603,-48.51851,0.0105,-0.1214,404.25,2015-09-14T00:00:00Z,SVP
116352,2015-05-27T19:00:00Z,-29.9204,-48.51766,0.0107,-0.1278,404.25,2015-09-14T00:00:00Z,SVP
116352,2015-05-27T20:00:00Z,-29.92369,-48.51735,0.0112,-0.1248,404.25,2015-09-14T00:00:00Z,SVP
116352,2015-05-27T21:00:00Z,-29.92713,-48.51755,0.0154,-0.1461,565.9583,2015-09-14T00:00:00Z,SVP
116352,2015-05-27T22:00:00Z,-29.93304,-48.51674,0.0157,-0.1487,565.9583,2015-09-14T00:00:00Z,SVP
116352,2015-05-27T23:00:00Z,-29.93856,-48.51596,0.0158,-0.1498,565.9583,2015-09-14T00:00:00Z,SVP
116352,2015-05-28T00:00:00Z,-29.94415,-48.51501,0.016,-0.1503,565.9583,2015-09-14T00:00:00Z,SVP
116352,2015-05-28T01:00:00Z,-29.94872,-48.51685,-0.0943,-0.1633,144.16667,2015-09-14T00:00:00Z,SVP
116352,2015-05-28T02:00:00Z,-29.95498,-48.52141,-0.1127,-0.1678,115.958336,2015-09-14T00:00:00Z,SVP
116352,2015-05-28T03:00:00Z,-29.95869,-48.51532,0.1225,-0.1186,228.45833,2015-09-14T00:00:00Z,SVP
116352,2015-05-28T04:00:00Z,-29.96292,-48.50994,0.1942,-0.081,253.20834,2015-09-14T00:00:00Z,SVP
116352,2015-05-28T05:00:00Z,-29.96553,-48.50594,0.1872,-0.0811,253.20834,2015-09-14T00:00:00Z,SVP
116352,2015-05-28T06:00:00Z,-29.96784,-48.49775,0.266,-0.0679,397.3333,2015-09-14T00:00:00Z,SVP
116352,2015-05-28T07:00:00Z,-29.97018,-48.48732,0.2644,-0.0678,397.3333,2015-09-14T00:00:00Z,SVP
116352,2015-05-28T08:00:00Z,-29.97292,-48.47727,0.2639,-0.0678,397.3333,2015-09-14T00:00:00Z,SVP
116352,2015-05-28T09:00:00Z,-29.97194,-48.46789,0.2608,-0.0092,182.83333,2015-09-14T00:00:00Z,SVP
116352,2015-05-28T10:00:00Z,-29.9698,-48.45867,0.2464,0.0726,246.16667,2015-09-14T00:00:00Z,SVP
116352,2015-05-28T11:00:00Z,-29.9676,-48.45088,0.4501,0.122,133.66667,2015-09-14T00:00:00Z,SVP
116352,2015-05-28T12:00:00Z,-29.96266,-48.42819,0.173,0.1811,133.66667,2015-09-14T00:00:00Z,SVP
116352,2015-05-28T13:00:00Z,-29.95684,-48.42183,0.1678,0.2044,112.5,2015-09-14T00:00:00Z,SVP
116352,2015-05-28T14:00:00Z,-29.949,-48.41822,0.1057,0.241,664.49994,2015-09-14T00:00:00Z,SVP
116352,2015-05-28T15:00:00Z,-29.94208,-48.41373,0.1108,0.2317,664.49994,2015-09-14T00:00:00Z,SVP
116352,2015-05-28T16:00:00Z,-29.93596,-48.40002,0.1974,0.22,664.49994,2015-09-14T00:00:00Z,SVP
116352,2015-05-28T17:00:00Z,-29.93015,-48.39187,0.2012,0.2122,664.49994,2015-09-14T00:00:00Z,SVP
116352,2015-05-28T18:00:00Z,-29.92387,-48.38487,-0.1798,0.228,386.70834,2015-09-14T00:00:00Z,SVP
116352,2015-05-28T19:00:00Z,-29.91368,-48.39069,-0.1828,0.2264,386.70834,2015-09-14T00:00:00Z,SVP
116352,2015-05-28T20:00:00Z,-29.90073,-48.3953,-0.1939,0.2435,386.70834,2015-09-14T00:00:00Z,SVP
116352,2015-05-28T21:00:00Z,-29.89339,-48.40257,-0.2221,0.1726,559.0417,2015-09-14T00:00:00Z,SVP
116352,2015-05-28T22:00:00Z,-29.88883,-48.41168,-0.2179,0.1805,559.0417,2015-09-14T00:00:00Z,SVP
116352,2015-05-28T23:00:00Z,-29.88422,-48.42005,-0.2167,0.2006,559.0417,2015-09-14T00:00:00Z,SVP
116352,2015-05-29T00:00:00Z,-29.87837,-48.42799,-0.219,0.2213,559.0417,2015-09-14T00:00:00Z,SVP
116352,2015-05-29T01:00:00Z,-29.87189,-48.43926,-0.2902,0.1541,126.58333,2015-09-14T00:00:00Z,SVP
116352,2015-05-29T02:00:00Z,-29.8821,-48.47414,-0.1381,-0.2804,502.6667,2015-09-14T00:00:00Z,SVP
116352,2015-05-29T03:00:00Z,-29.88853,-48.47937,-0.1371,-0.2529,502.6667,2015-09-14T00:00:00Z,SVP
116352,2015-05-29T04:00:00Z,-29.89498,-48.48523,-0.132,-0.2428,502.6667,2015-09-14T00:00:00Z,SVP
116352,2015-05-29T05:00:00Z,-29.90168,-48.49123,-0.1198,-0.2432,502.6667,2015-09-14T00:00:00Z,SVP
116352,2015-05-29T06:00:00Z,-29.91345,-48.49444,-0.0821,-0.3878,369.16666,2015-09-14T00:00:00Z,SVP
116352,2015-05-29T07:00:00Z,-29.92654,-48.49723,-0.0802,-0.3826,369.16666,2015-09-14T00:00:00Z,SVP
116352,2015-05-29T08:00:00Z,-29.93852,-48.49389,0.3933,-0.3724,161.70833,2015-09-14T00:00:00Z,SVP
116352,2015-05-29T09:00:00Z,-29.94934,-48.48296,-0.0645,-0.3077,87.91667,2015-09-14T00:00:00Z,SVP
116352,2015-05-29T10:00:00Z,-29.95895,-48.48509,-0.0425,-0.279,158.25,2015-09-14T00:00:00Z,SVP
116352,2015-05-29T11:00:00Z,-29.96101,-48.47814,0.2684,0.0753,291.75003,2015-09-14T00:00:00Z,SVP
116352,2015-05-29T12:00:00Z,-29.95876,-48.46631,0.2743,0.0794,291.75003,2015-09-14T00:00:00Z,SVP
116352,2015-05-29T13:00:00Z,-29.95147,-48.45961,0.1262,0.1449,116.083336,2015-09-14T00:00:00Z,SVP
116352,2015-05-29T14:00:00Z,-29.94783,-48.45698,0.0489,0.1425,671.4166,2015-09-14T00:00:00Z,SVP
116352,2015-05-29T15:00:00Z,-29.9438,-48.45471,0.0494,0.1445,671.4166,2015-09-14T00:00:00Z,SVP
116352,2015-05-29T16:00:00Z,-29.9395,-48.45185,0.0514,0.1461,671.4166,2015-09-14T00:00:00Z,SVP
116352,2015-05-29T17:00:00Z,-29.93519,-48.44635,0.0671,0.1482,671.4166,2015-09-14T00:00:00Z,SVP
116352,2015-05-29T18:00:00Z,-29.92988,-48.4436,-0.083,0.1605,404.25,2015-09-14T00:00:00Z,SVP
116352,2015-05-29T19:00:00Z,-29.9242,-48.44631,-0.0873,0.1581,404.25,2015-09-14T00:00:00Z,SVP
116352,2015-05-29T20:00:00Z,-29.91927,-48.44828,-0.1074,0.1613,404.25,2015-09-14T00:00:00Z,SVP
116352,2015-05-29T21:00:00Z,-29.91323,-48.4553,-0.184,0.1813,196.95833,2015-09-14T00:00:00Z,SVP
116352,2015-05-29T22:00:00Z,-29.91049,-48.46297,-0.2019,-0.0467,464.08337,2015-09-14T00:00:00Z,SVP
116352,2015-05-29T23:00:00Z,-29.91277,-48.46971,-0.1978,-0.0428,464.08337,2015-09-14T00:00:00Z,SVP
116352,2015-05-30T00:00:00Z,-29.91431,-48.47644,-0.1957,-0.0425,464.08337,2015-09-14T00:00:00Z,SVP
116352,2015-05-30T01:00:00Z,-29.91662,-48.48479,-0.2295,-0.0982,123.0,2015-09-14T00:00:00Z,SVP
116352,2015-05-30T02:00:00Z,-29.92215,-48.49111,-0.1309,-0.1862,530.8334,2015-09-14T00:00:00Z,SVP
116352,2015-05-30T03:00:00Z,-29.92772,-48.49382,-0.1148,-0.1832,530.8334,2015-09-14T00:00:00Z,SVP
116352,2015-05-30T04:00:00Z,-29.93029,-48.51157,-0.2356,-0.1526,530.8334,2015-09-14T00:00:00Z,SVP
116352,2015-05-30T05:00:00Z,-29.93286,-48.5212,-0.2383,-0.1383,530.8334,2015-09-14T00:00:00Z,SVP
116352,2015-05-30T06:00:00Z,-29.94348,-48.51605,0.126,-0.2961,327.0,2015-09-14T00:00:00Z,SVP
116352,2015-05-30T07:00:00Z,-29.95446,-48.50842,-0.0431,-0.2252,327.0,2015-09-14T00:00:00Z,SVP
116352,2015-05-30T08:00:00Z,-29.96209,-48.50528,0.1918,-0.2408,172.20833,2015-09-14T00:00:00Z,SVP
116352,2015-05-30T09:00:00Z,-29.96946,-48.49591,0.289,-0.1622,147.58333,2015-09-14T00:00:00Z,SVP
116352,2015-05-30T10:00:00Z,-29.97429,-48.48876,0.304,-0.0353,319.9583,2015-09-14T00:00:00Z,SVP
116352,2015-05-30T11:00:00Z,-29.9744,-48.47502,0.2975,-0.0272,319.9583,2015-09-14T00:00:00Z,SVP
116352,2015-05-30T12:00:00Z,-29.97671,-48.46184,0.2032,0.2639,0.0,2015-09-14T00:00:00Z,SVP
116352,2015-05-30T13:00:00Z,-29.96936,-48.45748,0.1035,0.0941,717.1667,2015-09-14T00:00:00Z,SVP
116352,2015-05-30T14:00:00Z,-29.96715,-48.45343,0.1044,0.096,717.1667,2015-09-14T00:00:00Z,SVP
116352,2015-05-30T15:00:00Z,-29.96432,-48.44935,0.105,0.0968,717.1667,2015-09-14T00:00:00Z,SVP
116352,2015-05-30T16:00:00Z,-29.96129,-48.44517,0.1057,0.0971,717.1667,2015-09-14T00:00:00Z,SVP
116352,2015-05-30T17:00:00Z,-29.95815,-48.44072,0.1069,0.097,717.1667,2015-09-14T00:00:00Z,SVP
116352,2015-05-30T18:00:00Z,-29.95533,-48.43905,-0.0353,0.0754,242.54167,2015-09-14T00:00:00Z,SVP
116352,2015-05-30T19:00:00Z,-29.95278,-48.44023,-0.0394,0.0753,242.54167,2015-09-14T00:00:00Z,SVP
116352,2015-05-30T20:00:00Z,-29.95032,-48.44408,-0.0912,0.0828,161.70833,2015-09-14T00:00:00Z,SVP
116352,2015-05-30T21:00:00Z,-29.94754,-48.45281,-0.2089,0.0603,130.04166,2015-09-14T00:00:00Z,SVP
116352,2015-05-30T22:00:00Z,-29.95107,-48.44791,-0.1667,-0.0848,379.66666,2015-09-14T00:00:00Z,SVP
116352,2015-05-30T23:00:00Z,-29.95299,-48.45502,-0.1607,-0.0871,379.66666,2015-09-14T00:00:00Z,SVP
116352,2015-05-31T00:00:00Z,-29.95531,-48.46062,-0.1718,-0.0898,379.66666,2015-09-14T00:00:00Z,SVP
116352,2015-05-31T01:00:00Z,-29.95883,-48.46829,-0.1921,-0.0797,119.54167,2015-09-14T00:00:00Z,SVP
116352,2015-05-31T02:00:00Z,-29.96136,-48.47277,-0.0765,-0.1969,428.8333,2015-09-14T00:00:00Z,SVP
116352,2015-05-31T03:00:00Z,-29.96849,-48.47699,-0.0768,-0.1942,428.8333,2015-09-14T00:00:00Z,SVP
116352,2015-05-31T04:00:00Z,-29.97504,-48.4807,-0.0706,-0.1928,428.8333,2015-09-14T00:00:00Z,SVP
116352,2015-05-31T05:00:00Z,-29.98204,-48.48317,0.0666,-0.2431,246.16667,2015-09-14T00:00:00Z,SVP
116352,2015-05-31T06:00:00Z,-29.9899,-48.48005,0.0645,-0.2453,246.16667,2015-09-14T00:00:00Z,SVP
116352,2015-05-31T07:00:00Z,-29.99898,-48.47773,0.0694,-0.2812,161.70833,2015-09-14T00:00:00Z,SVP
116352,2015-05-31T08:00:00Z,-30.00755,-48.47486,0.0769,-0.2037,140.70834,2015-09-14T00:00:00Z,SVP
116352,2015-05-31T09:00:00Z,-30.01255,-48.4692,0.1544,-0.1538,102.0,2015-09-14T00:00:00Z,SVP
116352,2015-05-31T10:00:00Z,-30.01634,-48.46312,0.1946,-0.1135,369.16666,2015-09-14T00:00:00Z,SVP
116352,2015-05-31T11:00:00Z,-30.02215,-48.45667,0.1969,-0.1277,369.16666,2015-09-14T00:00:00Z,SVP
116352,2015-05-31T12:00:00Z,-30.02694,-48.44992,0.1769,0.0671,239.08334,2015-09-14T00:00:00Z,SVP
116352,2015-05-31T13:00:00Z,-30.02552,-48.44049,0.1826,0.0843,239.08334,2015-09-14T00:00:00Z,SVP
116352,2015-05-31T14:00:00Z,-30.02143,-48.43558,0.1245,0.1291,608.24994,2015-09-14T00:00:00Z,SVP
116352,2015-05-31T15:00:00Z,-30.01692,-48.4314,0.1253,0.1291,608.24994,2015-09-14T00:00:00Z,SVP
116352,2015-05-31T16:00:00Z,-30.01263,-48.42697,0.126,0.1292,608.24994,2015-09-14T00:00:00Z,SVP
116352,2015-05-31T17:00:00Z,-30.0085,-48.42235,0.1262,0.1294,608.24994,2015-09-14T00:00:00Z,SVP
116352,2015-05-31T18:00:00Z,-30.00437,-48.41927,0.0929,0.136,239.08334,2015-09-14T00:00:00Z,SVP
116352,2015-05-31T19:00:00Z,-29.99986,-48.41581,-0.0409,0.106,161.70833,2015-09-14T00:00:00Z,SVP
116352,2015-05-31T20:00:00Z,-29.99655,-48.41842,-0.0894,0.0971,126.58333,2015-09-14T00:00:00Z,SVP
116352,2015-05-31T21:00:00Z,-29.99392,-48.42016,-0.0698,0.0877,492.16663,2015-09-14T00:00:00Z,SVP
116352,2015-05-31T22:00:00Z,-29.99093,-48.42353,-0.0765,0.0888,492.16663,2015-09-14T00:00:00Z,SVP
116352,2015-05-31T23:00:00Z,-29.98783,-48.42715,-0.0815,0.0898,492.16663,2015-09-14T00:00:00Z,SVP
116352,2015-06-01T00:00:00Z,-29.98415,-48.43191,-0.0899,0.093,492.16663,2015-09-14T00:00:00Z,SVP
116352,2015-06-01T01:00:00Z,-29.98397,-48.43283,-0.059,-0.015,140.70834,2015-09-14T00:00:00Z,SVP
116352,2015-06-01T02:00:00Z,-29.98395,-48.43618,-0.0192,-0.042,457.04166,2015-09-14T00:00:00Z,SVP
116352,2015-06-01T03:00:00Z,-29.98567,-48.43643,-0.0186,-0.0424,457.04166,2015-09-14T00:00:00Z,SVP
116352,2015-06-01T04:00:00Z,-29.98706,-48.43725,-0.0175,-0.0428,457.04166,2015-09-14T00:00:00Z,SVP
116352,2015-06-01T05:00:00Z,-29.98869,-48.43778,0.006,-0.0658,242.54167,2015-09-14T00:00:00Z,SVP
116352,2015-06-01T06:00:00Z,-29.99104,-48.4368,0.006,-0.0664,242.54167,2015-09-14T00:00:00Z,SVP
116352,2015-06-01T07:00:00Z,-29.99335,-48.43651,0.021,-0.0763,158.25,2015-09-14T00:00:00Z,SVP
116352,2015-06-01T08:00:00Z,-29.99573,-48.43432,0.094,-0.077,105.458336,2015-09-14T00:00:00Z,SVP
116352,2015-06-01T09:00:00Z,-29.99798,-48.42837,0.0771,-0.0409,246.16667,2015-09-14T00:00:00Z,SVP
116352,2015-06-01T10:00:00Z,-29.99917,-48.42958,0.0511,-0.038,246.16667,2015-09-14T00:00:00Z,SVP
116352,2015-06-01T11:00:00Z,-29.99738,-48.4224,0.3631,0.0944,119.54167,2015-09-14T00:00:00Z,SVP
116352,2015-06-01T12:00:00Z,-29.99155,-48.40934,0.1387,0.1693,0.0,2015-09-14T00:00:00Z,SVP
116352,2015-06-01T13:00:00Z,-29.98596,-48.40565,0.0817,0.2551,618.75,2015-09-14T00:00:00Z,SVP
116352,2015-06-01T14:00:00Z,-29.97736,-48.40241,0.0813,0.2546,618.75,2015-09-14T00:00:00Z,SVP
116352,2015-06-01T15:00:00Z,-29.9691,-48.39933,0.0812,0.2548,618.75,2015-09-14T00:00:00Z,SVP
116352,2015-06-01T16:00:00Z,-29.961,-48.39628,0.0812,0.2554,618.75,2015-09-14T00:00:00Z,SVP
116352,2015-06-01T17:00:00Z,-29.95311,-48.39326,0.0813,0.2571,618.75,2015-09-14T00:00:00Z,SVP
116352,2015-06-01T18:00:00Z,-29.94387,-48.39163,0.0543,0.2713,239.08334,2015-09-14T00:00:00Z,SVP
116352,2015-06-01T19:00:00Z,-29.9351,-48.3913,-0.0386,0.2637,161.70833,2015-09-14T00:00:00Z,SVP
116352,2015-06-01T20:00:00Z,-29.92714,-48.39322,-0.0755,0.2079,98.416664,2015-09-14T00:00:00Z,SVP
116352,2015-06-01T21:00:00Z,-29.92034,-48.39613,-0.0758,0.2075,144.16667,2015-09-14T00:00:00Z,SVP
116352,2015-06-01T22:00:00Z,-29.91369,-48.40008,-0.0912,0.1785,102.0,2015-09-14T00:00:00Z,SVP
116352,2015-06-01T23:00:00Z,-29.91003,-48.40355,-0.1076,0.128,351.58334,2015-09-14T00:00:00Z,SVP
116352,2015-06-02T00:00:00Z,-29.90614,-48.40643,-0.1024,0.1281,351.58334,2015-09-14T00:00:00Z,SVP
116352,2015-06-02T01:00:00Z,-29.90329,-48.41294,-0.2976,0.069,140.70834,2015-09-14T00:00:00Z,SVP
116352,2015-06-02T02:00:00Z,-29.90427,-48.42549,-0.3281,0.023,112.5,2015-09-14T00:00:00Z,SVP
116352,2015-06-02T03:00:00Z,-29.90178,-48.42701,-0.0386,0.0327,362.08334,2015-09-14T00:00:00Z,SVP
116352,2015-06-02T04:00:00Z,-29.8979,-48.42862,-0.0353,0.0417,362.08334,2015-09-14T00:00:00Z,SVP
116352,2015-06-02T05:00:00Z,-29.89763,-48.43066,-0.0396,-0.0632,242.54167,2015-09-14T00:00:00Z,SVP
116352,2015-06-02T06:00:00Z,-29.90085,-48.43103,-0.0354,-0.0339,242.54167,2015-09-14T00:00:00Z,SVP
116352,2015-06-02T07:00:00Z,-29.90178,-48.43669,-0.0946,-0.0617,158.25,2015-09-14T00:00:00Z,SVP
116352,2015-06-02T08:00:00Z,-29.90467,-48.43767,0.0214,-0.1142,172.20833,2015-09-14T00:00:00Z,SVP
116352,2015-06-02T09:00:00Z,-29.90852,-48.43768,-0.0318,-0.1298,77.41667,2015-09-14T00:00:00Z,SVP
116352,2015-06-02T10:00:00Z,-29.91248,-48.44169,0.0803,-0.0497,256.66666,2015-09-14T00:00:00Z,SVP
116352,2015-06-02T11:00:00Z,-29.91348,-48.4347,0.0507,-0.0476,256.66666,2015-09-14T00:00:00Z,SVP
116352,2015-06-02T12:00:00Z,-29.91417,-48.43279,-0.1071,0.0117,137.08333,2015-09-14T00:00:00Z,SVP
116352,2015-06-02T13:00:00Z,-29.91265,-48.43798,-0.1638,0.0875,119.54167,2015-09-14T00:00:00Z,SVP
116352,2015-06-02T14:00:00Z,-29.90982,-48.43558,0.1792,0.0906,527.4166,2015-09-14T00:00:00Z,SVP
116352,2015-06-02T15:00:00Z,-29.90707,-48.42543,0.1506,0.0911,527.4166,2015-09-14T00:00:00Z,SVP
116352,2015-06-02T16:00:00Z,-29.9042,-48.4187,0.1386,0.0913,527.4166,2015-09-14T00:00:00Z,SVP
116352,2015-06-02T17:00:00Z,-29.90143,-48.41319,0.1515,0.0731,242.54167,2015-09-14T00:00:00Z,SVP
116352,2015-06-02T18:00:00Z,-29.89884,-48.40904,0.1574,0.0735,242.54167,2015-09-14T00:00:00Z,SVP
116352,2015-06-02T19:00:00Z,-29.89591,-48.40627,0.0688,0.0833,144.16667,2015-09-14T00:00:00Z,SVP
116352,2015-06-02T20:00:00Z,-29.89084,-48.40894,-0.0753,0.1619,77.41667,2015-09-14T00:00:00Z,SVP
116352,2015-06-02T21:00:00Z,-29.88677,-48.41343,-0.154,0.1456,172.33334,2015-09-14T00:00:00Z,SVP
116352,2015-06-02T22:00:00Z,-29.88538,-48.41716,-0.0814,0.0184,365.70834,2015-09-14T00:00:00Z,SVP
116352,2015-06-02T23:00:00Z,-29.88447,-48.41993,-0.0806,0.0183,365.70834,2015-09-14T00:00:00Z,SVP
116352,2015-06-03T00:00:00Z,-29.88364,-48.41845,-0.0439,0.0176,365.70834,2015-09-14T00:00:00Z,SVP
116352,2015-06-03T01:00:00Z,-29.88363,-48.42873,-0.1779,0.0015,119.54167,2015-09-14T00:00:00Z,SVP
116352,2015-06-03T02:00:00Z,-29.88494,-48.43723,-0.0766,-0.0409,372.5833,2015-09-14T00:00:00Z,SVP
116352,2015-06-03T03:00:00Z,-29.88529,-48.43955,-0.0777,-0.0348,372.5833,2015-09-14T00:00:00Z,SVP
116352,2015-06-03T04:00:00Z,-29.8839,-48.44389,-0.0564,-0.0171,372.5833,2015-09-14T00:00:00Z,SVP
116352,2015-06-03T05:00:00Z,-29.88753,-48.44556,-0.0329,-0.1607,249.58333,2015-09-14T00:00:00Z,SVP
116352,2015-06-03T06:00:00Z,-29.89296,-48.446,-0.0903,-0.1839,172.20833,2015-09-14T00:00:00Z,SVP
116352,2015-06-03T07:00:00Z,-29.89877,-48.4504,-0.086,-0.1842,172.20833,2015-09-14T00:00:00Z,SVP
116352,2015-06-03T08:00:00Z,-29.90547,-48.45303,-0.0863,-0.2044,228.45833,2015-09-14T00:00:00Z,SVP
116352,2015-06-03T09:00:00Z,-29.91236,-48.4555,-0.0224,-0.2293,130.04166,2015-09-14T00:00:00Z,SVP
116352,2015-06-03T10:00:00Z,-29.91996,-48.45346,0.0727,-0.2317,288.2917,2015-09-14T00:00:00Z,SVP
116352,2015-06-03T11:00:00Z,-29.92702,-48.44768,0.1066,-0.2281,288.2917,2015-09-14T00:00:00Z,SVP
116352,2015-06-03T12:00:00Z,-29.93319,-48.44978,0.0473,-0.1935,130.04166,2015-09-14T00:00:00Z,SVP
116352,2015-06-03T13:00:00Z,-29.93072,-48.44959,0.076,-0.125,558.9167,2015-09-14T00:00:00Z,SVP
116352,2015-06-03T14:00:00Z,-29.93688,-48.44666,0.0761,-0.1126,558.9167,2015-09-14T00:00:00Z,SVP
116352,2015-06-03T15:00:00Z,-29.94162,-48.44405,0.077,-0.1031,558.9167,2015-09-14T00:00:00Z,SVP
116352,2015-06-03T16:00:00Z,-29.94558,-48.44168,0.0791,-0.0956,558.9167,2015-09-14T00:00:00Z,SVP
116352,2015-06-03T17:00:00Z,-29.94849,-48.4398,0.0666,-0.0361,242.54167,2015-09-14T00:00:00Z,SVP
116352,2015-06-03T18:00:00Z,-29.94981,-48.43508,0.079,-0.027,242.54167,2015-09-14T00:00:00Z,SVP
116352,2015-06-03T19:00:00Z,-29.94924,-48.43553,0.0448,-0.0015,161.70833,2015-09-14T00:00:00Z,SVP
116352,2015-06-03T20:00:00Z,-29.95066,-48.43489,0.0111,-0.0653,186.29166,2015-09-14T00:00:00Z,SVP
116352,2015-06-03T21:00:00Z,-29.95337,-48.43527,-0.1704,-0.0446,0.0,2015-09-14T00:00:00Z,SVP
116352,2015-06-03T22:00:00Z,-29.95522,-48.44131,-0.188,-0.0588,548.4166,2015-09-14T00:00:00Z,SVP
116352,2015-06-03T23:00:00Z,-29.95702,-48.44792,-0.1881,-0.0587,548.4166,2015-09-14T00:00:00Z,SVP
116352,2015-06-04T00:00:00Z,-29.95866,-48.45436,-0.1884,-0.0585,548.4166,2015-09-14T00:00:00Z,SVP
116352,2015-06-04T01:00:00Z,-29.96083,-48.46114,-0.1601,-0.0643,115.958336,2015-09-14T00:00:00Z,SVP
116352,2015-06-04T02:00:00Z,-29.96367,-48.46727,-0.0949,-0.0799,407.83334,2015-09-14T00:00:00Z,SVP
116352,2015-06-04T03:00:00Z,-29.96568,-48.46973,-0.1024,-0.0803,407.83334,2015-09-14T00:00:00Z,SVP
116352,2015-06-04T04:00:00Z,-29.9673,-48.47287,-0.109,-0.0816,407.83334,2015-09-14T00:00:00Z,SVP
116352,2015-06-04T05:00:00Z,-29.97165,-48.47784,-0.0968,-0.1061,242.54167,2015-09-14T00:00:00Z,SVP
116352,2015-06-04T06:00:00Z,-29.9756,-48.4816,-0.1089,-0.1591,158.25,2015-09-14T00:00:00Z,SVP
116352,2015-06-04T07:00:00Z,-29.9806,-48.48528,-0.0809,-0.1988,242.54167,2015-09-14T00:00:00Z,SVP
116352,2015-06-04T08:00:00Z,-29.98744,-48.48838,-0.0803,-0.2017,242.54167,2015-09-14T00:00:00Z,SVP
116352,2015-06-04T09:00:00Z,-29.99554,-48.48928,0.0055,-0.2805,246.16667,2015-09-14T00:00:00Z,SVP
116352,2015-06-04T10:00:00Z,-30.00436,-48.49399,-0.0753,-0.2758,246.16667,2015-09-14T00:00:00Z,SVP
116352,2015-06-04T11:00:00Z,-30.01034,-48.49419,-0.0916,-0.1594,70.333336,2015-09-14T00:00:00Z,SVP
116352,2015-06-04T12:00:00Z,-30.0122,-48.49951,0.0269,-0.0406,112.5,2015-09-14T00:00:00Z,SVP
116352,2015-06-04T13:00:00Z,-30.01312,-48.49818,-0.0064,-0.0583,140.70834,2015-09-14T00:00:00Z,SVP
116352,2015-06-04T14:00:00Z,-30.01551,-48.49717,0.0227,-0.0328,439.5,2015-09-14T00:00:00Z,SVP
116352,2015-06-04T15:00:00Z,-30.01618,-48.49674,0.02,-0.0339,439.5,2015-09-14T00:00:00Z,SVP
116352,2015-06-04T16:00:00Z,-30.01734,-48.49866,-1.0E-4,-0.033,439.5,2015-09-14T00:00:00Z,SVP
116352,2015-06-04T17:00:00Z,-30.018,-48.49715,0.1437,0.0083,239.08334,2015-09-14T00:00:00Z,SVP
116352,2015-06-04T18:00:00Z,-30.01807,-48.49087,0.1289,0.0107,239.08334,2015-09-14T00:00:00Z,SVP
116352,2015-06-04T19:00:00Z,-30.0158,-48.48715,0.115,0.0606,284.83334,2015-09-14T00:00:00Z,SVP
116352,2015-06-04T20:00:00Z,-30.01328,-48.48223,0.1171,0.0592,284.83334,2015-09-14T00:00:00Z,SVP
116352,2015-06-04T21:00:00Z,-30.01131,-48.49368,-0.1535,0.054,144.16667,2015-09-14T00:00:00Z,SVP
116352,2015-06-04T22:00:00Z,-30.0066,-48.50029,-0.1143,0.0094,372.5833,2015-09-14T00:00:00Z,SVP
116352,2015-06-04T23:00:00Z,-30.00791,-48.50377,-0.1145,0.0233,372.5833,2015-09-14T00:00:00Z,SVP
116352,2015-06-05T00:00:00Z,-30.0076,-48.50749,-0.1152,0.0273,372.5833,2015-09-14T00:00:00Z,SVP
116352,2015-06-05T01:00:00Z,-30.00671,-48.51319,-0.1508,-0.0039,256.66666,2015-09-14T00:00:00Z,SVP
116352,2015-06-05T02:00:00Z,-30.00643,-48.51837,-0.1547,-0.0322,291.75003,2015-09-14T00:00:00Z,SVP
116352,2015-06-05T03:00:00Z,-30.00814,-48.52475,-0.1565,-0.0377,291.75003,2015-09-14T00:00:00Z,SVP
116352,2015-06-05T04:00:00Z,-30.00877,-48.53214,-0.13,-0.0912,253.20834,2015-09-14T00:00:00Z,SVP
116352,2015-06-05T05:00:00Z,-30.01245,-48.5355,-0.1378,-0.0877,253.20834,2015-09-14T00:00:00Z,SVP
116352,2015-06-05T06:00:00Z,-30.01594,-48.54103,-0.1683,-0.1356,144.16667,2015-09-14T00:00:00Z,SVP
116352,2015-06-05T07:00:00Z,-30.02058,-48.54757,-0.1799,-0.174,232.04169,2015-09-14T00:00:00Z,SVP
116352,2015-06-05T08:00:00Z,-30.02686,-48.55427,-0.1789,-0.1728,232.04169,2015-09-14T00:00:00Z,SVP
116352,2015-06-05T09:00:00Z,-30.03192,-48.55167,0.0542,-0.172,769.9584,2015-09-14T00:00:00Z,SVP
116352,2015-06-05T10:00:00Z,-30.03732,-48.54889,0.053,-0.1713,769.9584,2015-09-14T00:00:00Z,SVP
116352,2015-06-05T11:00:00Z,-30.04283,-48.54616,0.0494,-0.1711,769.9584,2015-09-14T00:00:00Z,SVP
116352,2015-06-05T12:00:00Z,-30.04845,-48.54263,0.0268,-0.1712,769.9584,2015-09-14T00:00:00Z,SVP
116352,2015-06-05T13:00:00Z,-30.0542,-48.54132,0.0248,-0.1716,769.9584,2015-09-14T00:00:00Z,SVP
116352,2015-06-05T14:00:00Z,-30.05565,-48.54056,0.0501,-0.0252,471.16666,2015-09-14T00:00:00Z,SVP
116352,2015-06-05T15:00:00Z,-30.05582,-48.53946,0.0497,-0.0261,471.16666,2015-09-14T00:00:00Z,SVP
116352,2015-06-05T16:00:00Z,-30.05269,-48.53851,0.0497,-0.0931,471.16666,2015-09-14T00:00:00Z,SVP
116352,2015-06-05T17:00:00Z,-30.05696,-48.53587,0.048,-0.0231,239.08334,2015-09-14T00:00:00Z,SVP
116352,2015-06-05T18:00:00Z,-30.05915,-48.53435,-0.0274,-0.0424,246.16667,2015-09-14T00:00:00Z,SVP
116352,2015-06-05T19:00:00Z,-30.0594,-48.53578,-0.0312,-0.0432,246.16667,2015-09-14T00:00:00Z,SVP
116352,2015-06-05T20:00:00Z,-30.06085,-48.53772,-0.0625,-0.0372,126.58333,2015-09-14T00:00:00Z,SVP
116352,2015-06-05T21:00:00Z,-30.06198,-48.53997,-0.0562,-0.0425,119.54167,2015-09-14T00:00:00Z,SVP
116352,2015-06-05T22:00:00Z,-30.06436,-48.54137,-0.0445,-0.0934,130.04166,2015-09-14T00:00:00Z,SVP
116352,2015-06-05T23:00:00Z,-30.06875,-48.54305,-0.0369,-0.1483,284.70834,2015-09-14T00:00:00Z,SVP
116352,2015-06-06T00:00:00Z,-30.07466,-48.54523,-0.0414,-0.1505,0.0,2015-09-14T00:00:00Z,SVP
116352,2015-06-06T01:00:00Z,-30.075,-48.5477,-0.1338,-0.0598,130.04166,2015-09-14T00:00:00Z,SVP
116352,2015-06-06T02:00:00Z,-30.07746,-48.55255,-0.1123,-0.1429,305.83334,2015-09-14T00:00:00Z,SVP
116352,2015-06-06T03:00:00Z,-30.08216,-48.5569,-0.1105,-0.1432,305.83334,2015-09-14T00:00:00Z,SVP
116352,2015-06-06T04:00:00Z,-30.0872,-48.56145,-0.0834,-0.1737,249.58333,2015-09-14T00:00:00Z,SVP
116352,2015-06-06T05:00:00Z,-30.09244,-48.56349,-0.0875,-0.1759,249.58333,2015-09-14T00:00:00Z,SVP
116352,2015-06-06T06:00:00Z,-30.09886,-48.56573,-0.0482,-0.2227,344.54166,2015-09-14T00:00:00Z,SVP
116352,2015-06-06T07:00:00Z,-30.10613,-48.56856,-0.0521,-0.2234,344.54166,2015-09-14T00:00:00Z,SVP
116352,2015-06-06T08:00:00Z,-30.11482,-48.56726,0.0183,-0.3098,56.25,2015-09-14T00:00:00Z,SVP
116352,2015-06-06T09:00:00Z,-30.12517,-48.56636,0.0897,-0.3193,196.95833,2015-09-14T00:00:00Z,SVP
116352,2015-06-06T10:00:00Z,-30.1316,-48.56332,0.0597,-0.1728,393.75,2015-09-14T00:00:00Z,SVP
116352,2015-06-06T11:00:00Z,-30.13663,-48.56035,0.0618,-0.176,393.75,2015-09-14T00:00:00Z,SVP
116352,2015-06-06T12:00:00Z,-30.14244,-48.55655,0.0396,-0.139,140.70834,2015-09-14T00:00:00Z,SVP
116352,2015-06-06T13:00:00Z,-30.14596,-48.55742,0.0027,0.0027,727.6666,2015-09-14T00:00:00Z,SVP
116352,2015-06-06T14:00:00Z,-30.14531,-48.55676,0.0045,0.0036,727.6666,2015-09-14T00:00:00Z,SVP
116352,2015-06-06T15:00:00Z,-30.14501,-48.55626,0.0054,0.0039,727.6666,2015-09-14T00:00:00Z,SVP
116352,2015-06-06T16:00:00Z,-30.14483,-48.55567,0.0064,0.004,727.6666,2015-09-14T00:00:00Z,SVP
116352,2015-06-06T17:00:00Z,-30.14475,-48.55457,0.0086,0.0041,727.6666,2015-09-14T00:00:00Z,SVP
116352,2015-06-06T18:00:00Z,-30.1455,-48.55345,-0.0503,0.0027,341.0833,2015-09-14T00:00:00Z,SVP
116352,2015-06-06T19:00:00Z,-30.14558,-48.55787,-0.0102,0.002,341.0833,2015-09-14T00:00:00Z,SVP
116352,2015-06-06T20:00:00Z,-30.14491,-48.55823,-0.0115,0.0027,341.0833,2015-09-14T00:00:00Z,SVP
116352,2015-06-06T21:00:00Z,-30.14917,-48.56281,-0.1067,-0.1345,182.83333,2015-09-14T00:00:00Z,SVP
116352,2015-06-06T22:00:00Z,-30.15333,-48.56708,-0.1279,-0.1283,404.25,2015-09-14T00:00:00Z,SVP
116352,2015-06-06T23:00:00Z,-30.1578,-48.57237,-0.1328,-0.1291,404.25,2015-09-14T00:00:00Z,SVP
116352,2015-06-07T00:00:00Z,-30.16224,-48.57683,-0.1311,-0.1293,404.25,2015-09-14T00:00:00Z,SVP
116352,2015-06-07T01:00:00Z,-30.16714,-48.58654,-0.2066,-0.1547,126.58333,2015-09-14T00:00:00Z,SVP
116352,2015-06-07T02:00:00Z,-30.17881,-48.59598,-0.2789,-0.2917,123.0,2015-09-14T00:00:00Z,SVP
116352,2015-06-07T03:00:00Z,-30.18164,-48.59611,-0.0528,-0.1285,471.16666,2015-09-14T00:00:00Z,SVP
116352,2015-06-07T04:00:00Z,-30.1847,-48.59751,-0.0553,-0.1392,471.16666,2015-09-14T00:00:00Z,SVP
116352,2015-06-07T05:00:00Z,-30.18873,-48.59903,-0.0584,-0.1468,471.16666,2015-09-14T00:00:00Z,SVP
116352,2015-06-07T06:00:00Z,-30.19437,-48.60138,-0.0373,-0.1427,309.45834,2015-09-14T00:00:00Z,SVP
116352,2015-06-07T07:00:00Z,-30.19893,-48.60374,-0.037,-0.1467,309.45834,2015-09-14T00:00:00Z,SVP
116352,2015-06-07T08:00:00Z,-30.20757,-48.60425,-0.0261,-0.2832,253.20834,2015-09-14T00:00:00Z,SVP
116352,2015-06-07T09:00:00Z,-30.21674,-48.60316,0.0256,-0.2918,256.66666,2015-09-14T00:00:00Z,SVP
116352,2015-06-07T10:00:00Z,-30.22608,-48.60529,-0.0098,-0.2896,256.66666,2015-09-14T00:00:00Z,SVP
116352,2015-06-07T11:00:00Z,-30.23085,-48.60285,0.1966,0.0576,151.20834,2015-09-14T00:00:00Z,SVP
116352,2015-06-07T12:00:00Z,-30.22784,-48.59191,-0.0934,0.0583,133.66667,2015-09-14T00:00:00Z,SVP
116352,2015-06-07T13:00:00Z,-30.22614,-48.59513,-0.0552,0.0502,115.958336,2015-09-14T00:00:00Z,SVP
116352,2015-06-07T14:00:00Z,-30.22492,-48.59783,-0.0334,0.0436,643.3334,2015-09-14T00:00:00Z,SVP
116352,2015-06-07T15:00:00Z,-30.22362,-48.59862,-0.0344,0.0433,643.3334,2015-09-14T00:00:00Z,SVP
116352,2015-06-07T16:00:00Z,-30.22208,-48.59964,-0.0352,0.043,643.3334,2015-09-14T00:00:00Z,SVP
116352,2015-06-07T17:00:00Z,-30.2203,-48.60065,-0.0363,0.0422,643.3334,2015-09-14T00:00:00Z,SVP
116352,2015-06-07T18:00:00Z,-30.21821,-48.60196,-0.0293,0.0427,295.33334,2015-09-14T00:00:00Z,SVP
116352,2015-06-07T19:00:00Z,-30.21796,-48.60374,-0.0306,0.0341,295.33334,2015-09-14T00:00:00Z,SVP
116352,2015-06-07T20:00:00Z,-30.21274,-48.60559,-0.0615,0.0838,80.83333,2015-09-14T00:00:00Z,SVP
116352,2015-06-07T21:00:00Z,-30.21176,-48.61664,-0.3122,0.1062,172.33334,2015-09-14T00:00:00Z,SVP
116352,2015-06-07T22:00:00Z,-30.21117,-48.62999,-0.1762,-0.1042,327.0,2015-09-14T00:00:00Z,SVP
116352,2015-06-07T23:00:00Z,-30.21549,-48.63279,-0.1974,-0.0989,327.0,2015-09-14T00:00:00Z,SVP
116352,2015-06-08T00:00:00Z,-30.21944,-48.63421,-0.1609,-0.0926,327.0,2015-09-14T00:00:00Z,SVP
116352,2015-06-08T01:00:00Z,-30.22169,-48.64974,-0.3531,-0.0952,119.54167,2015-09-14T00:00:00Z,SVP
116352,2015-06-08T02:00:00Z,-30.22579,-48.65662,-0.0702,-0.0846,492.16663,2015-09-14T00:00:00Z,SVP
116352,2015-06-08T03:00:00Z,-30.22801,-48.65831,-0.0647,-0.0847,492.16663,2015-09-14T00:00:00Z,SVP
116352,2015-06-08T04:00:00Z,-30.23057,-48.66142,-0.0652,-0.0847,492.16663,2015-09-14T00:00:00Z,SVP
116352,2015-06-08T05:00:00Z,-30.23319,-48.66978,-0.1063,-0.0848,492.16663,2015-09-14T00:00:00Z,SVP
116352,2015-06-08T06:00:00Z,-30.23591,-48.66655,-0.0331,-0.0695,400.79166,2015-09-14T00:00:00Z,SVP
116352,2015-06-08T07:00:00Z,-30.2384,-48.66685,-0.0368,-0.0693,400.79166,2015-09-14T00:00:00Z,SVP
116352,2015-06-08T08:00:00Z,-30.24028,-48.66826,-0.0288,-0.0449,119.54167,2015-09-14T00:00:00Z,SVP
116352,2015-06-08T09:00:00Z,-30.24192,-48.66883,-0.0049,-0.0596,253.20834,2015-09-14T00:00:00Z,SVP
116352,2015-06-08T10:00:00Z,-30.24376,-48.6693,-0.0046,-0.0608,253.20834,2015-09-14T00:00:00Z,SVP
116352,2015-06-08T11:00:00Z,-30.2462,-48.66942,0.0032,-0.0788,175.79167,2015-09-14T00:00:00Z,SVP
116352,2015-06-08T12:00:00Z,-30.24685,-48.67222,-0.1521,0.0315,130.04166,2015-09-14T00:00:00Z,SVP
116352,2015-06-08T13:00:00Z,-30.24437,-48.67792,-0.1155,0.0207,678.5834,2015-09-14T00:00:00Z,SVP
116352,2015-06-08T14:00:00Z,-30.24421,-48.68223,-0.1154,0.0215,678.5834,2015-09-14T00:00:00Z,SVP
116352,2015-06-08T15:00:00Z,-30.24362,-48.68666,-0.1154,0.0217,678.5834,2015-09-14T00:00:00Z,SVP
116352,2015-06-08T16:00:00Z,-30.24293,-48.69121,-0.1154,0.0216,678.5834,2015-09-14T00:00:00Z,SVP
116352,2015-06-08T17:00:00Z,-30.24216,-48.696,-0.1154,0.0213,678.5834,2015-09-14T00:00:00Z,SVP
116352,2015-06-08T18:00:00Z,-30.24138,-48.69901,-0.0473,0.0143,242.54167,2015-09-14T00:00:00Z,SVP
116352,2015-06-08T19:00:00Z,-30.24111,-48.70007,-0.0359,0.0139,242.54167,2015-09-14T00:00:00Z,SVP
116352,2015-06-08T20:00:00Z,-30.23974,-48.70786,-0.2342,0.0392,66.75,2015-09-14T00:00:00Z,SVP
116352,2015-06-08T21:00:00Z,-30.24035,-48.71551,-0.206,-0.0611,77.41667,2015-09-14T00:00:00Z,SVP
116352,2015-06-08T22:00:00Z,-30.24378,-48.72577,-0.2522,-0.0968,425.41666,2015-09-14T00:00:00Z,SVP
116352,2015-06-08T23:00:00Z,-30.24612,-48.7332,-0.2339,-0.0921,425.41666,2015-09-14T00:00:00Z,SVP
116352,2015-06-09T00:00:00Z,-30.24839,-48.74101,-0.2334,-0.0905,425.41666,2015-09-14T00:00:00Z,SVP
116352,2015-06-09T01:00:00Z,-30.25279,-48.74926,-0.1936,-0.1519,112.5,2015-09-14T00:00:00Z,SVP
116352,2015-06-09T02:00:00Z,-30.25796,-48.76135,-0.0712,-0.1351,516.75,2015-09-14T00:00:00Z,SVP
116352,2015-06-09T03:00:00Z,-30.26209,-48.76334,-0.075,-0.1353,516.75,2015-09-14T00:00:00Z,SVP
116352,2015-06-09T04:00:00Z,-30.26677,-48.76618,-0.0745,-0.1337,516.75,2015-09-14T00:00:00Z,SVP
116352,2015-06-09T05:00:00Z,-30.27193,-48.7694,-0.0576,-0.1169,390.29166,2015-09-14T00:00:00Z,SVP
116352,2015-06-09T06:00:00Z,-30.27544,-48.77164,-0.0575,-0.1172,390.29166,2015-09-14T00:00:00Z,SVP
116352,2015-06-09T07:00:00Z,-30.27893,-48.77386,-0.0573,-0.1179,390.29166,2015-09-14T00:00:00Z,SVP
116352,2015-06-09T08:00:00Z,-30.28354,-48.77518,-0.0222,-0.1285,98.416664,2015-09-14T00:00:00Z,SVP
116352,2015-06-09T09:00:00Z,-30.28778,-48.7704,0.1002,-0.1482,154.66667,2015-09-14T00:00:00Z,SVP
116352,2015-06-09T10:00:00Z,-30.29282,-48.76884,0.0198,-0.1284,319.9583,2015-09-14T00:00:00Z,SVP
116352,2015-06-09T11:00:00Z,-30.29693,-48.76761,0.0197,-0.1266,319.9583,2015-09-14T00:00:00Z,SVP
116352,2015-06-09T12:00:00Z,-30.3015,-48.76623,-0.0521,-0.059,112.5,2015-09-14T00:00:00Z,SVP
116352,2015-06-09T13:00:00Z,-30.30242,-48.76869,-0.0469,-0.0596,699.5834,2015-09-14T00:00:00Z,SVP
116352,2015-06-09T14:00:00Z,-30.30469,-48.77028,-0.047,-0.0591,699.5834,2015-09-14T00:00:00Z,SVP
116352,2015-06-09T15:00:00Z,-30.30675,-48.77205,-0.0469,-0.0588,699.5834,2015-09-14T00:00:00Z,SVP
116352,2015-06-09T16:00:00Z,-30.30877,-48.77392,-0.0466,-0.0585,699.5834,2015-09-14T00:00:00Z,SVP
116352,2015-06-09T17:00:00Z,-30.31082,-48.77597,-0.046,-0.058,699.5834,2015-09-14T00:00:00Z,SVP
116352,2015-06-09T18:00:00Z,-30.31254,-48.77821,-0.0523,-0.0635,239.08334,2015-09-14T00:00:00Z,SVP
116352,2015-06-09T19:00:00Z,-30.31433,-48.77977,-0.1205,-0.0634,151.20834,2015-09-14T00:00:00Z,SVP
116352,2015-06-09T20:00:00Z,-30.31662,-48.78495,-0.1502,-0.0729,84.458336,2015-09-14T00:00:00Z,SVP
116352,2015-06-09T21:00:00Z,-30.31986,-48.78881,-0.1218,-0.1556,105.458336,2015-09-14T00:00:00Z,SVP
116352,2015-06-09T22:00:00Z,-30.32499,-48.79328,-0.1038,-0.1649,84.458336,2015-09-14T00:00:00Z,SVP
116352,2015-06-09T23:00:00Z,-30.33004,-48.79649,-0.0769,-0.1533,316.3333,2015-09-14T00:00:00Z,SVP
116352,2015-06-10T00:00:00Z,-30.33517,-48.79973,-0.0787,-0.1537,316.3333,2015-09-14T00:00:00Z,SVP
116352,2015-06-10T01:00:00Z,-30.34016,-48.79937,-0.0835,-0.1905,137.08333,2015-09-14T00:00:00Z,SVP
116352,2015-06-10T02:00:00Z,-30.34747,-48.80357,-0.0726,-0.1758,411.2917,2015-09-14T00:00:00Z,SVP
116352,2015-06-10T03:00:00Z,-30.35283,-48.80609,-0.0712,-0.1767,411.2917,2015-09-14T00:00:00Z,SVP
116352,2015-06-10T04:00:00Z,-30.3586,-48.80924,-0.0679,-0.176,411.2917,2015-09-14T00:00:00Z,SVP
116352,2015-06-10T05:00:00Z,-30.36405,-48.81061,0.0131,-0.1522,249.58333,2015-09-14T00:00:00Z,SVP
116352,2015-06-10T06:00:00Z,-30.36882,-48.80791,2.0E-4,-0.1513,249.58333,2015-09-14T00:00:00Z,SVP
116352,2015-06-10T07:00:00Z,-30.37405,-48.80908,0.01,-0.1548,154.66667,2015-09-14T00:00:00Z,SVP
116352,2015-06-10T08:00:00Z,-30.37854,-48.8076,0.0967,-0.1046,189.91667,2015-09-14T00:00:00Z,SVP
116352,2015-06-10T09:00:00Z,-30.38134,-48.80381,0.0526,-0.1601,63.291664,2015-09-14T00:00:00Z,SVP
116352,2015-06-10T10:00:00Z,-30.38548,-48.80354,-0.0014,-0.0975,207.45834,2015-09-14T00:00:00Z,SVP
116352,2015-06-10T11:00:00Z,-30.38858,-48.80322,0.0468,-0.036,116.083336,2015-09-14T00:00:00Z,SVP
116352,2015-06-10T12:00:00Z,-30.389,-48.79984,0.1091,0.0127,105.458336,2015-09-14T00:00:00Z,SVP
116352,2015-06-10T13:00:00Z,-30.38913,-48.79687,-0.0553,-0.0496,144.16667,2015-09-14T00:00:00Z,SVP
116352,2015-06-10T14:00:00Z,-30.39052,-48.79824,-0.0678,-0.0458,587.0834,2015-09-14T00:00:00Z,SVP
116352,2015-06-10T15:00:00Z,-30.39237,-48.80071,-0.0679,-0.046,587.0834,2015-09-14T00:00:00Z,SVP
116352,2015-06-10T16:00:00Z,-30.39433,-48.80337,-0.0673,-0.0458,587.0834,2015-09-14T00:00:00Z,SVP
116352,2015-06-10T17:00:00Z,-30.39672,-48.80626,-0.0654,-0.0442,587.0834,2015-09-14T00:00:00Z,SVP
116352,2015-06-10T18:00:00Z,-30.39737,-48.80882,-0.0681,-0.0495,249.58333,2015-09-14T00:00:00Z,SVP
116352,2015-06-10T19:00:00Z,-30.39806,-48.81091,-0.0775,-0.0667,140.70834,2015-09-14T00:00:00Z,SVP
116352,2015-06-10T20:00:00Z,-30.40191,-48.8147,-0.0888,-0.1285,87.91667,2015-09-14T00:00:00Z,SVP
116352,2015-06-10T21:00:00Z,-30.40551,-48.81906,-0.1122,-0.0986,154.66667,2015-09-14T00:00:00Z,SVP
116352,2015-06-10T22:00:00Z,-30.40886,-48.82139,0.0419,-0.1239,446.54166,2015-09-14T00:00:00Z,SVP
116352,2015-06-10T23:00:00Z,-30.4132,-48.81939,0.0423,-0.1238,446.54166,2015-09-14T00:00:00Z,SVP
116352,2015-06-11T00:00:00Z,-30.4175,-48.81731,0.0423,-0.1232,446.54166,2015-09-14T00:00:00Z,SVP
116352,2015-06-11T01:00:00Z,-30.42105,-48.8164,0.0283,-0.1169,137.08333,2015-09-14T00:00:00Z,SVP
116352,2015-06-11T02:00:00Z,-30.42369,-48.81714,-0.0177,-0.0676,112.5,2015-09-14T00:00:00Z,SVP
116352,2015-06-11T03:00:00Z,-30.42597,-48.81739,0.0404,-0.0781,326.8333,2015-09-14T00:00:00Z,SVP
116352,2015-06-11T04:00:00Z,-30.42844,-48.81693,0.0559,-0.0784,326.8333,2015-09-14T00:00:00Z,SVP
116352,2015-06-11T05:00:00Z,-30.43071,-48.81535,0.1298,-0.0686,383.25,2015-09-14T00:00:00Z,SVP
116352,2015-06-11T06:00:00Z,-30.43315,-48.81118,0.1308,-0.069,383.25,2015-09-14T00:00:00Z,SVP
116352,2015-06-11T07:00:00Z,-30.43596,-48.80695,0.1357,-0.0698,383.25,2015-09-14T00:00:00Z,SVP
116352,2015-06-11T08:00:00Z,-30.43545,-48.80464,0.0846,-0.0306,228.58334,2015-09-14T00:00:00Z,SVP
116352,2015-06-11T09:00:00Z,-30.43615,-48.80342,-0.0697,0.0063,193.33334,2015-09-14T00:00:00Z,SVP
116352,2015-06-11T10:00:00Z,-30.43692,-48.8064,-0.0632,0.0029,193.33334,2015-09-14T00:00:00Z,SVP
116352,2015-06-11T11:00:00Z,-30.43338,-48.80754,-0.0441,0.1118,140.70834,2015-09-14T00:00:00Z,SVP
116352,2015-06-11T12:00:00Z,-30.42943,-48.81107,-0.0814,0.1446,365.70834,2015-09-14T00:00:00Z,SVP
116352,2015-06-11T13:00:00Z,-30.42474,-48.81575,-0.0854,0.144,365.70834,2015-09-14T00:00:00Z,SVP
116352,2015-06-11T14:00:00Z,-30.42383,-48.81912,-0.0785,-0.1312,492.16663,2015-09-14T00:00:00Z,SVP
116352,2015-06-11T15:00:00Z,-30.42882,-48.82057,-0.0832,-0.1251,492.16663,2015-09-14T00:00:00Z,SVP
116352,2015-06-11T16:00:00Z,-30.43316,-48.82317,-0.0843,-0.1218,492.16663,2015-09-14T00:00:00Z,SVP
116352,2015-06-11T17:00:00Z,-30.43671,-48.82574,-0.0481,-0.1182,242.54167,2015-09-14T00:00:00Z,SVP
116352,2015-06-11T18:00:00Z,-30.44062,-48.8292,-0.0498,-0.1158,242.54167,2015-09-14T00:00:00Z,SVP
116352,2015-06-11T19:00:00Z,-30.44357,-48.8298,-0.0071,-0.0848,154.66667,2015-09-14T00:00:00Z,SVP
116352,2015-06-11T20:00:00Z,-30.44551,-48.82893,0.0345,-0.06,239.08334,2015-09-14T00:00:00Z,SVP
116352,2015-06-11T21:00:00Z,-30.44949,-48.83029,0.017,-0.0709,239.08334,2015-09-14T00:00:00Z,SVP
116352,2015-06-11T22:00:00Z,-30.44964,-48.82688,0.0826,-0.0128,481.66666,2015-09-14T00:00:00Z,SVP
116352,2015-06-11T23:00:00Z,-30.44959,-48.82309,0.082,-0.0129,481.66666,2015-09-14T00:00:00Z,SVP
116352,2015-06-12T00:00:00Z,-30.44993,-48.81949,0.08,-0.0123,481.66666,2015-09-14T00:00:00Z,SVP
116352,2015-06-12T01:00:00Z,-30.45028,-48.81788,0.0774,-0.003,126.58333,2015-09-14T00:00:00Z,SVP
116352,2015-06-12T02:00:00Z,-30.45838,-48.81873,0.1438,0.0762,330.45834,2015-09-14T00:00:00Z,SVP
116352,2015-06-12T03:00:00Z,-30.45291,-48.81352,0.1478,0.04,330.45834,2015-09-14T00:00:00Z,SVP
116352,2015-06-12T04:00:00Z,-30.45086,-48.80919,0.1706,0.0224,330.45834,2015-09-14T00:00:00Z,SVP
116352,2015-06-12T05:00:00Z,-30.45022,-48.80159,0.2092,0.0588,263.7083,2015-09-14T00:00:00Z,SVP
116352,2015-06-12T06:00:00Z,-30.44856,-48.79413,0.1693,0.095,140.70834,2015-09-14T00:00:00Z,SVP
116352,2015-06-12T07:00:00Z,-30.44487,-48.78803,0.1189,0.1284,246.16667,2015-09-14T00:00:00Z,SVP
116352,2015-06-12T08:00:00Z,-30.44076,-48.78457,0.1173,0.1282,246.16667,2015-09-14T00:00:00Z,SVP
116352,2015-06-12T09:00:00Z,-30.43682,-48.78027,0.1182,0.1151,467.5417,2015-09-14T00:00:00Z,SVP
116352,2015-06-12T10:00:00Z,-30.43309,-48.77531,0.1215,0.115,467.5417,2015-09-14T00:00:00Z,SVP
116352,2015-06-12T11:00:00Z,-30.42927,-48.77014,0.1242,0.1153,467.5417,2015-09-14T00:00:00Z,SVP
116352,2015-06-12T12:00:00Z,-30.42498,-48.76839,0.0913,0.1235,123.0,2015-09-14T00:00:00Z,SVP
116352,2015-06-12T13:00:00Z,-30.42059,-48.77141,-0.0469,0.1076,116.083336,2015-09-14T00:00:00Z,SVP
116352,2015-06-12T14:00:00Z,-30.41792,-48.7722,0.0107,0.064,530.8334,2015-09-14T00:00:00Z,SVP
116352,2015-06-12T15:00:00Z,-30.41573,-48.77154,0.0098,0.0637,530.8334,2015-09-14T00:00:00Z,SVP
116352,2015-06-12T16:00:00Z,-30.4129,-48.7711,0.0096,0.0665,530.8334,2015-09-14T00:00:00Z,SVP
116352,2015-06-12T17:00:00Z,-30.41093,-48.77057,0.0274,-0.0709,246.16667,2015-09-14T00:00:00Z,SVP
116352,2015-06-12T18:00:00Z,-30.41427,-48.76965,0.0276,-0.0555,246.16667,2015-09-14T00:00:00Z,SVP
116352,2015-06-12T19:00:00Z,-30.4155,-48.76591,0.1064,-0.0431,144.16667,2015-09-14T00:00:00Z,SVP
116352,2015-06-12T20:00:00Z,-30.41516,-48.75955,0.1687,0.014,228.45833,2015-09-14T00:00:00Z,SVP
116352,2015-06-12T21:00:00Z,-30.4134,-48.75108,0.0757,-0.0309,464.08337,2015-09-14T00:00:00Z,SVP
116352,2015-06-12T22:00:00Z,-30.41528,-48.74938,0.0825,-0.0262,464.08337,2015-09-14T00:00:00Z,SVP
116352,2015-06-12T23:00:00Z,-30.4163,-48.74629,0.0817,-0.0253,464.08337,2015-09-14T00:00:00Z,SVP
116352,2015-06-13T00:00:00Z,-30.41676,-48.74165,0.0094,-0.0676,137.08333,2015-09-14T00:00:00Z,SVP
116352,2015-06-13T01:00:00Z,-30.41879,-48.74152,0.0819,-0.0238,119.54167,2015-09-14T00:00:00Z,SVP
116352,2015-06-13T02:00:00Z,-30.42051,-48.73869,0.1277,-0.0085,355.0417,2015-09-14T00:00:00Z,SVP
116352,2015-06-13T03:00:00Z,-30.41993,-48.73345,0.1277,-0.008,355.0417,2015-09-14T00:00:00Z,SVP
116352,2015-06-13T04:00:00Z,-30.41927,-48.72886,0.1289,-0.0079,355.0417,2015-09-14T00:00:00Z,SVP
116352,2015-06-13T05:00:00Z,-30.42161,-48.72265,0.1824,-0.0574,256.66666,2015-09-14T00:00:00Z,SVP
116352,2015-06-13T06:00:00Z,-30.42286,-48.71655,0.1672,-0.036,137.08333,2015-09-14T00:00:00Z,SVP
116352,2015-06-13T07:00:00Z,-30.42412,-48.70931,0.1335,0.0492,232.04169,2015-09-14T00:00:00Z,SVP
116352,2015-06-13T08:00:00Z,-30.42177,-48.70514,0.1393,0.0428,232.04169,2015-09-14T00:00:00Z,SVP
116352,2015-06-13T09:00:00Z,-30.42089,-48.70018,0.1027,0.0445,147.58333,2015-09-14T00:00:00Z,SVP
116352,2015-06-13T10:00:00Z,-30.41873,-48.69403,0.1527,0.0524,246.16667,2015-09-14T00:00:00Z,SVP
116352,2015-06-13T11:00:00Z,-30.41692,-48.69192,0.0892,0.0767,56.25,2015-09-14T00:00:00Z,SVP
116352,2015-06-13T12:00:00Z,-30.4138,-48.68969,-0.0752,0.1284,144.16667,2015-09-14T00:00:00Z,SVP
116352,2015-06-13T13:00:00Z,-30.40888,-48.69162,0.0189,0.1291,544.9583,2015-09-14T00:00:00Z,SVP
116352,2015-06-13T14:00:00Z,-30.41079,-48.69077,0.0199,-0.021,544.9583,2015-09-14T00:00:00Z,SVP
116352,2015-06-13T15:00:00Z,-30.41154,-48.69019,0.0195,-0.0217,544.9583,2015-09-14T00:00:00Z,SVP
116352,2015-06-13T16:00:00Z,-30.39745,-48.69073,0.0142,0.1205,544.9583,2015-09-14T00:00:00Z,SVP
116352,2015-06-13T17:00:00Z,-30.40032,-48.68923,0.0455,-0.2378,235.50002,2015-09-14T00:00:00Z,SVP
116352,2015-06-13T18:00:00Z,-30.41494,-48.6863,0.0382,-0.1253,235.50002,2015-09-14T00:00:00Z,SVP
116352,2015-06-13T19:00:00Z,-30.41858,-48.68528,0.0411,-0.128,390.29166,2015-09-14T00:00:00Z,SVP
116352,2015-06-13T20:00:00Z,-30.42277,-48.68374,0.04,-0.1266,390.29166,2015-09-14T00:00:00Z,SVP
116352,2015-06-13T21:00:00Z,-30.426,-48.68157,0.0488,-0.0603,200.41666,2015-09-14T00:00:00Z,SVP
116352,2015-06-13T22:00:00Z,-30.42611,-48.68545,0.001,-0.0663,200.41666,2015-09-14T00:00:00Z,SVP
116352,2015-06-13T23:00:00Z,-30.42919,-48.67791,0.0684,-0.0544,358.6667,2015-09-14T00:00:00Z,SVP
116352,2015-06-14T00:00:00Z,-30.43108,-48.67474,0.0674,-0.0549,358.6667,2015-09-14T00:00:00Z,SVP
116352,2015-06-14T01:00:00Z,-30.43269,-48.67264,0.0864,-0.0571,115.958336,2015-09-14T00:00:00Z,SVP
116352,2015-06-14T02:00:00Z,-30.43352,-48.66868,0.1151,-0.0438,140.70834,2015-09-14T00:00:00Z,SVP
116352,2015-06-14T03:00:00Z,-30.43603,-48.66432,0.1298,-0.0841,267.16666,2015-09-14T00:00:00Z,SVP
116352,2015-06-14T04:00:00Z,-30.43856,-48.65788,0.0883,-0.095,242.54167,2015-09-14T00:00:00Z,SVP
116352,2015-06-14T05:00:00Z,-30.4416,-48.65576,0.0922,-0.0945,242.54167,2015-09-14T00:00:00Z,SVP
116352,2015-06-14T06:00:00Z,-30.44435,-48.65208,0.0903,-0.0788,140.70834,2015-09-14T00:00:00Z,SVP
116352,2015-06-14T07:00:00Z,-30.44639,-48.64867,0.1038,-0.0579,175.79167,2015-09-14T00:00:00Z,SVP
116352,2015-06-14T08:00:00Z,-30.44825,-48.64442,0.1275,-0.0466,77.41667,2015-09-14T00:00:00Z,SVP
116352,2015-06-14T09:00:00Z,-30.45023,-48.64174,0.0344,-0.0848,102.0,2015-09-14T00:00:00Z,SVP
116352,2015-06-14T10:00:00Z,-30.45131,-48.64076,-0.0084,0.0274,144.16667,2015-09-14T00:00:00Z,SVP
116352,2015-06-14T11:00:00Z,-30.44869,-48.6412,-0.0013,0.1063,225.0,2015-09-14T00:00:00Z,SVP
116352,2015-06-14T12:00:00Z,-30.44544,-48.64106,-0.0191,0.1223,112.5,2015-09-14T00:00:00Z,SVP
116352,2015-06-14T13:00:00Z,-30.44387,-48.64204,0.0166,-0.0342,130.04166,2015-09-14T00:00:00Z,SVP
116352,2015-06-14T14:00:00Z,-30.44446,-48.64188,0.0481,-0.0607,675.0,2015-09-14T00:00:00Z,SVP
116352,2015-06-14T15:00:00Z,-30.44641,-48.64046,0.0485,-0.0607,675.0,2015-09-14T00:00:00Z,SVP
116352,2015-06-14T16:00:00Z,-30.44839,-48.63893,0.049,-0.0606,675.0,2015-09-14T00:00:00Z,SVP
116352,2015-06-14T17:00:00Z,-30.45041,-48.63748,0.0499,-0.0605,675.0,2015-09-14T00:00:00Z,SVP
116352,2015-06-14T18:00:00Z,-30.45245,-48.63654,0.0362,-0.0554,288.2917,2015-09-14T00:00:00Z,SVP
116352,2015-06-14T19:00:00Z,-30.45399,-48.63384,0.0437,-0.0547,288.2917,2015-09-14T00:00:00Z,SVP
116352,2015-06-14T20:00:00Z,-30.45518,-48.63229,-0.2344,-0.0191,102.0,2015-09-14T00:00:00Z,SVP
116352,2015-06-14T21:00:00Z,-30.45539,-48.64157,-0.1822,-0.001,147.58333,2015-09-14T00:00:00Z,SVP
116352,2015-06-14T22:00:00Z,-30.45522,-48.64503,0.008,-0.0113,397.20834,2015-09-14T00:00:00Z,SVP
116352,2015-06-14T23:00:00Z,-30.45577,-48.64454,0.0086,-0.0115,397.20834,2015-09-14T00:00:00Z,SVP
116352,2015-06-15T00:00:00Z,-30.45629,-48.6444,0.0094,-0.0114,397.20834,2015-09-14T00:00:00Z,SVP
116352,2015-06-15T01:00:00Z,-30.45631,-48.64282,0.0404,0.0251,133.66667,2015-09-14T00:00:00Z,SVP
116352,2015-06-15T02:00:00Z,-30.45596,-48.64193,0.1022,0.0589,277.66666,2015-09-14T00:00:00Z,SVP
116352,2015-06-15T03:00:00Z,-30.45367,-48.63787,0.1028,0.0588,277.66666,2015-09-14T00:00:00Z,SVP
116352,2015-06-15T04:00:00Z,-30.45118,-48.6346,0.0984,0.0788,253.20834,2015-09-14T00:00:00Z,SVP
116352,2015-06-15T05:00:00Z,-30.44956,-48.63028,0.0983,0.0768,253.20834,2015-09-14T00:00:00Z,SVP
116352,2015-06-15T06:00:00Z,-30.44622,-48.62794,0.0279,0.1231,281.25,2015-09-14T00:00:00Z,SVP
116352,2015-06-15T07:00:00Z,-30.44146,-48.62701,0.0248,0.1236,281.25,2015-09-14T00:00:00Z,SVP
116352,2015-06-15T08:00:00Z,-30.44018,-48.63639,-0.0923,0.057,112.5,2015-09-14T00:00:00Z,SVP
116352,2015-06-15T09:00:00Z,-30.44003,-48.6163,0.1294,0.1829,126.58333,2015-09-14T00:00:00Z,SVP
116352,2015-06-15T10:00:00Z,-30.43306,-48.61332,0.0699,0.2652,355.0417,2015-09-14T00:00:00Z,SVP
116352,2015-06-15T11:00:00Z,-30.42399,-48.61033,0.0717,0.2664,355.0417,2015-09-14T00:00:00Z,SVP
116352,2015-06-15T12:00:00Z,-30.41513,-48.60613,0.0788,0.2668,355.0417,2015-09-14T00:00:00Z,SVP
116352,2015-06-15T13:00:00Z,-30.40716,-48.60651,-0.0135,0.1856,144.16667,2015-09-14T00:00:00Z,SVP
116352,2015-06-15T14:00:00Z,-30.40157,-48.60675,-0.0212,0.1661,1082.8334,2015-09-14T00:00:00Z,SVP
116352,2015-06-15T15:00:00Z,-30.39629,-48.60737,-0.0214,0.1661,1082.8334,2015-09-14T00:00:00Z,SVP
116352,2015-06-15T16:00:00Z,-30.39094,-48.60809,-0.0215,0.1661,1082.8334,2015-09-14T00:00:00Z,SVP
116352,2015-06-15T17:00:00Z,-30.38557,-48.60883,-0.0216,0.1661,1082.8334,2015-09-14T00:00:00Z,SVP
116352,2015-06-15T18:00:00Z,-30.38016,-48.60959,-0.0217,0.1661,1082.8334,2015-09-14T00:00:00Z,SVP
116352,2015-06-15T19:00:00Z,-30.37472,-48.61033,-0.0218,0.166,1082.8334,2015-09-14T00:00:00Z,SVP
116352,2015-06-15T20:00:00Z,-30.36914,-48.61101,-0.0221,0.1657,1082.8334,2015-09-14T00:00:00Z,SVP
116352,2015-06-15T21:00:00Z,-30.36481,-48.6118,-0.0108,0.1376,140.70834,2015-09-14T00:00:00Z,SVP
116352,2015-06-15T22:00:00Z,-30.36083,-48.61099,0.0255,0.1135,499.20834,2015-09-14T00:00:00Z,SVP
116352,2015-06-15T23:00:00Z,-30.35715,-48.60828,0.0416,0.1135,499.20834,2015-09-14T00:00:00Z,SVP
116352,2015-06-16T00:00:00Z,-30.35352,-48.6046,0.0546,0.1136,499.20834,2015-09-14T00:00:00Z,SVP
116352,2015-06-16T01:00:00Z,-30.35017,-48.60512,-0.1848,0.1067,126.58333,2015-09-14T00:00:00Z,SVP
116352,2015-06-16T02:00:00Z,-30.34797,-48.60988,-0.0329,0.0804,123.0,2015-09-14T00:00:00Z,SVP
116352,2015-06-16T03:00:00Z,-30.34477,-48.60811,0.0676,0.1047,435.91666,2015-09-14T00:00:00Z,SVP
116352,2015-06-16T04:00:00Z,-30.34045,-48.60565,0.0678,0.1029,435.91666,2015-09-14T00:00:00Z,SVP
116352,2015-06-16T05:00:00Z,-30.33645,-48.60372,0.0665,0.1019,435.91666,2015-09-14T00:00:00Z,SVP
116352,2015-06-16T06:00:00Z,-30.33394,-48.60041,0.0892,0.1122,390.29166,2015-09-14T00:00:00Z,SVP
116352,2015-06-16T07:00:00Z,-30.3313,-48.59674,0.0883,0.1273,390.29166,2015-09-14T00:00:00Z,SVP
116352,2015-06-16T08:00:00Z,-30.32745,-48.59265,0.1229,0.0985,115.958336,2015-09-14T00:00:00Z,SVP
116352,2015-06-16T09:00:00Z,-30.32412,-48.58778,0.1364,0.0933,112.5,2015-09-14T00:00:00Z,SVP
116352,2015-06-16T10:00:00Z,-30.32044,-48.5823,0.1432,0.115,274.2083,2015-09-14T00:00:00Z,SVP
116352,2015-06-16T11:00:00Z,-30.31712,-48.57849,0.135,0.1146,274.2083,2015-09-14T00:00:00Z,SVP
116352,2015-06-16T12:00:00Z,-30.30953,-48.57022,0.1576,0.283,123.0,2015-09-14T00:00:00Z,SVP
116352,2015-06-16T13:00:00Z,-30.30359,-48.56917,-0.1017,0.1807,126.58333,2015-09-14T00:00:00Z,SVP
116352,2015-06-16T14:00:00Z,-30.28782,-48.57576,-0.1025,0.0748,608.24994,2015-09-14T00:00:00Z,SVP
116352,2015-06-16T15:00:00Z,-30.28563,-48.5775,-0.1078,0.0755,608.24994,2015-09-14T00:00:00Z,SVP
116352,2015-06-16T16:00:00Z,-30.28272,-48.58083,-0.1094,0.0709,608.24994,2015-09-14T00:00:00Z,SVP
116352,2015-06-16T17:00:00Z,-30.27975,-48.58424,-0.1116,0.0628,608.24994,2015-09-14T00:00:00Z,SVP
116352,2015-06-16T18:00:00Z,-30.27822,-48.58829,-0.14,-0.0142,393.75,2015-09-14T00:00:00Z,SVP
116352,2015-06-16T19:00:00Z,-30.27907,-48.59404,-0.1398,-0.0148,393.75,2015-09-14T00:00:00Z,SVP
116352,2015-06-16T20:00:00Z,-30.27951,-48.60004,-0.1374,-0.0164,393.75,2015-09-14T00:00:00Z,SVP
116352,2015-06-16T21:00:00Z,-30.28358,-48.60258,-0.0201,-0.2179,253.20834,2015-09-14T00:00:00Z,SVP
116352,2015-06-16T22:00:00Z,-30.28982,-48.60371,-0.021,-0.2132,253.20834,2015-09-14T00:00:00Z,SVP
116352,2015-06-16T23:00:00Z,-30.29633,-48.60508,-0.039,-0.2244,256.66666,2015-09-14T00:00:00Z,SVP
116352,2015-06-17T00:00:00Z,-30.30548,-48.60566,-0.0368,-0.2293,256.66666,2015-09-14T00:00:00Z,SVP
116352,2015-06-17T01:00:00Z,-30.31076,-48.61192,-0.1625,-0.2217,140.70834,2015-09-14T00:00:00Z,SVP
116352,2015-06-17T02:00:00Z,-30.31876,-48.6168,0.0416,-0.1201,460.5,2015-09-14T00:00:00Z,SVP
116352,2015-06-17T03:00:00Z,-30.32114,-48.61463,0.0425,-0.1249,460.5,2015-09-14T00:00:00Z,SVP
116352,2015-06-17T04:00:00Z,-30.32461,-48.61324,0.0431,-0.1274,460.5,2015-09-14T00:00:00Z,SVP
116352,2015-06-17T05:00:00Z,-30.32829,-48.61248,0.0445,-0.1299,460.5,2015-09-14T00:00:00Z,SVP
116352,2015-06-17T06:00:00Z,-30.33289,-48.61141,0.0415,-0.1111,393.75,2015-09-14T00:00:00Z,SVP
116352,2015-06-17T07:00:00Z,-30.33689,-48.60903,0.0448,-0.1111,393.75,2015-09-14T00:00:00Z,SVP
116352,2015-06-17T08:00:00Z,-30.33982,-48.61054,0.0184,-0.0742,73.791664,2015-09-14T00:00:00Z,SVP
116352,2015-06-17T09:00:00Z,-30.34036,-48.60831,0.0349,0.0019,502.79166,2015-09-14T00:00:00Z,SVP
116352,2015-06-17T10:00:00Z,-30.3408,-48.60538,0.0283,9.0E-4,502.79166,2015-09-14T00:00:00Z,SVP
116352,2015-06-17T11:00:00Z,-30.34228,-48.5893,0.1358,-0.0038,502.79166,2015-09-14T00:00:00Z,SVP
116352,2015-06-17T12:00:00Z,-30.34152,-48.58974,-0.0574,0.0264,256.66666,2015-09-14T00:00:00Z,SVP
116352,2015-06-17T13:00:00Z,-30.33842,-48.60393,0.0255,0.0148,256.66666,2015-09-14T00:00:00Z,SVP
116352,2015-06-17T14:00:00Z,-30.33837,-48.60294,-0.0074,0.0156,639.9166,2015-09-14T00:00:00Z,SVP
116352,2015-06-17T15:00:00Z,-30.33829,-48.60233,-0.0093,0.0176,639.9166,2015-09-14T00:00:00Z,SVP
116352,2015-06-17T16:00:00Z,-30.33799,-48.60135,-0.0179,0.0193,639.9166,2015-09-14T00:00:00Z,SVP
116352,2015-06-17T17:00:00Z,-30.3376,-48.59976,-0.0642,0.0213,639.9166,2015-09-14T00:00:00Z,SVP
116352,2015-06-17T18:00:00Z,-30.33722,-48.60255,-0.0861,0.0027,242.54167,2015-09-14T00:00:00Z,SVP
116352,2015-06-17T19:00:00Z,-30.33647,-48.6064,-0.075,0.0023,242.54167,2015-09-14T00:00:00Z,SVP
116352,2015-06-17T20:00:00Z,-30.33882,-48.61039,-0.1446,-0.1073,77.41667,2015-09-14T00:00:00Z,SVP
116352,2015-06-17T21:00:00Z,-30.34196,-48.61679,-0.1727,-0.091,182.83333,2015-09-14T00:00:00Z,SVP
116352,2015-06-17T22:00:00Z,-30.34529,-48.62283,-0.1279,-0.1277,66.75,2015-09-14T00:00:00Z,SVP
116352,2015-06-17T23:00:00Z,-30.3506,-48.62533,-0.077,-0.162,270.74997,2015-09-14T00:00:00Z,SVP
116352,2015-06-18T00:00:00Z,-30.358,-48.62048,-0.2825,-0.1269,137.08333,2015-09-14T00:00:00Z,SVP
116352,2015-06-18T01:00:00Z,-30.36022,-48.63234,-0.0774,-0.0742,112.5,2015-09-14T00:00:00Z,SVP
116352,2015-06-18T02:00:00Z,-30.3635,-48.6363,-0.0843,-0.0656,485.08334,2015-09-14T00:00:00Z,SVP
116352,2015-06-18T03:00:00Z,-30.36511,-48.63856,-0.0764,-0.066,485.08334,2015-09-14T00:00:00Z,SVP
116352,2015-06-18T04:00:00Z,-30.36704,-48.64007,-0.0675,-0.0662,485.08334,2015-09-14T00:00:00Z,SVP
116352,2015-06-18T05:00:00Z,-30.3696,-48.6414,-0.0649,-0.0722,249.58333,2015-09-14T00:00:00Z,SVP
116352,2015-06-18T06:00:00Z,-30.3723,-48.64682,-0.0713,-0.0732,249.58333,2015-09-14T00:00:00Z,SVP
116352,2015-06-18T07:00:00Z,-30.37481,-48.64978,0.1837,-0.0889,151.20834,2015-09-14T00:00:00Z,SVP
116352,2015-06-18T08:00:00Z,-30.38006,-48.64678,0.0341,-0.1871,112.5,2015-09-14T00:00:00Z,SVP
116352,2015-06-18T09:00:00Z,-30.38821,-48.64789,-0.0491,-0.2577,172.20833,2015-09-14T00:00:00Z,SVP
116352,2015-06-18T10:00:00Z,-30.39498,-48.65046,0.003,-0.0826,189.91667,2015-09-14T00:00:00Z,SVP
116352,2015-06-18T11:00:00Z,-30.39718,-48.64769,0.0028,-0.0812,189.91667,2015-09-14T00:00:00Z,SVP
116352,2015-06-18T12:00:00Z,-30.39885,-48.64933,-0.0779,0.0016,137.08333,2015-09-14T00:00:00Z,SVP
116352,2015-06-18T13:00:00Z,-30.39667,-48.65019,0.0653,0.0809,660.9167,2015-09-14T00:00:00Z,SVP
116352,2015-06-18T14:00:00Z,-30.39444,-48.64719,0.0653,0.0781,660.9167,2015-09-14T00:00:00Z,SVP
116352,2015-06-18T15:00:00Z,-30.39222,-48.64467,0.0654,0.0766,660.9167,2015-09-14T00:00:00Z,SVP
116352,2015-06-18T16:00:00Z,-30.39017,-48.64231,0.0656,0.075,660.9167,2015-09-14T00:00:00Z,SVP
116352,2015-06-18T17:00:00Z,-30.38848,-48.64015,0.0661,0.0731,660.9167,2015-09-14T00:00:00Z,SVP
116352,2015-06-18T18:00:00Z,-30.38402,-48.63792,0.068,0.1171,242.54167,2015-09-14T00:00:00Z,SVP
116352,2015-06-18T19:00:00Z,-30.3785,-48.63496,-0.1007,0.1473,151.20834,2015-09-14T00:00:00Z,SVP
116352,2015-06-18T20:00:00Z,-30.37596,-48.63941,-0.1016,0.1122,179.41666,2015-09-14T00:00:00Z,SVP
116352,2015-06-18T21:00:00Z,-30.3708,-48.64273,-0.0902,0.1171,179.41666,2015-09-14T00:00:00Z,SVP
116352,2015-06-18T22:00:00Z,-30.368,-48.64236,-0.0057,0.0918,442.95834,2015-09-14T00:00:00Z,SVP
116352,2015-06-18T23:00:00Z,-30.36487,-48.64279,-0.0055,0.0918,442.95834,2015-09-14T00:00:00Z,SVP
116352,2015-06-19T00:00:00Z,-30.36185,-48.64301,-0.0057,0.0918,442.95834,2015-09-14T00:00:00Z,SVP
116352,2015-06-19T01:00:00Z,-30.35825,-48.64252,0.0011,0.1159,112.5,2015-09-14T00:00:00Z,SVP
116352,2015-06-19T02:00:00Z,-30.35216,-48.63815,0.0696,0.2036,140.70834,2015-09-14T00:00:00Z,SVP
116352,2015-06-19T03:00:00Z,-30.34614,-48.63642,0.0191,0.1896,369.16666,2015-09-14T00:00:00Z,SVP
116352,2015-06-19T04:00:00Z,-30.33893,-48.63519,0.0142,0.1868,369.16666,2015-09-14T00:00:00Z,SVP
116352,2015-06-19T05:00:00Z,-30.33252,-48.63414,0.004,0.1345,393.75,2015-09-14T00:00:00Z,SVP
116352,2015-06-19T06:00:00Z,-30.32846,-48.63429,0.0049,0.1356,393.75,2015-09-14T00:00:00Z,SVP
116352,2015-06-19T07:00:00Z,-30.32391,-48.63454,0.0069,0.1329,393.75,2015-09-14T00:00:00Z,SVP
116352,2015-06-19T08:00:00Z,-30.32084,-48.63281,0.035,0.0987,263.7083,2015-09-14T00:00:00Z,SVP
116352,2015-06-19T09:00:00Z,-30.31763,-48.63155,0.0335,0.1004,63.291664,2015-09-14T00:00:00Z,SVP
116352,2015-06-19T10:00:00Z,-30.31394,-48.63055,-0.0105,0.1435,358.6667,2015-09-14T00:00:00Z,SVP
116352,2015-06-19T11:00:00Z,-30.30932,-48.63119,-0.0111,0.144,358.6667,2015-09-14T00:00:00Z,SVP
116352,2015-06-19T12:00:00Z,-30.30484,-48.63093,0.0045,0.1543,102.0,2015-09-14T00:00:00Z,SVP
116352,2015-06-19T13:00:00Z,-30.30033,-48.62897,0.0279,0.12,147.58333,2015-09-14T00:00:00Z,SVP
116352,2015-06-19T14:00:00Z,-30.29612,-48.62442,-0.0091,0.1182,544.9583,2015-09-14T00:00:00Z,SVP
116352,2015-06-19T15:00:00Z,-30.29219,-48.62601,-0.0,0.118,544.9583,2015-09-14T00:00:00Z,SVP
116352,2015-06-19T16:00:00Z,-30.28842,-48.6266,0.0061,0.1184,544.9583,2015-09-14T00:00:00Z,SVP
116352,2015-06-19T17:00:00Z,-30.28477,-48.62677,0.0127,0.1197,544.9583,2015-09-14T00:00:00Z,SVP
116352,2015-06-19T18:00:00Z,-30.28127,-48.62457,0.0469,0.1122,253.20834,2015-09-14T00:00:00Z,SVP
116352,2015-06-19T19:00:00Z,-30.2782,-48.62195,0.0823,0.0635,133.66667,2015-09-14T00:00:00Z,SVP
116352,2015-06-19T20:00:00Z,-30.27755,-48.61944,0.0756,-0.0642,137.08333,2015-09-14T00:00:00Z,SVP
116352,2015-06-19T21:00:00Z,-30.28019,-48.61774,0.002,-0.1016,105.458336,2015-09-14T00:00:00Z,SVP
116352,2015-06-19T22:00:00Z,-30.28258,-48.62055,-0.084,-0.0543,147.58333,2015-09-14T00:00:00Z,SVP
116352,2015-06-19T23:00:00Z,-30.28324,-48.62283,-0.0495,-0.011,281.25,2015-09-14T00:00:00Z,SVP
116352,2015-06-20T00:00:00Z,-30.28338,-48.6245,-0.0488,-0.0105,281.25,2015-09-14T00:00:00Z,SVP
116352,2015-06-20T01:00:00Z,-30.28168,-48.62619,-0.0659,0.0607,126.58333,2015-09-14T00:00:00Z,SVP
116352,2015-06-20T02:00:00Z,-30.2788,-48.62937,-0.0551,0.028,411.2917,2015-09-14T00:00:00Z,SVP
116352,2015-06-20T03:00:00Z,-30.27793,-48.63127,-0.056,0.0277,411.2917,2015-09-14T00:00:00Z,SVP
116352,2015-06-20T04:00:00Z,-30.2767,-48.63356,-0.0537,0.0242,411.2917,2015-09-14T00:00:00Z,SVP
116352,2015-06-20T05:00:00Z,-30.27581,-48.63601,-0.0598,0.0128,242.54167,2015-09-14T00:00:00Z,SVP
116352,2015-06-20T06:00:00Z,-30.27596,-48.63764,-0.0608,0.014,242.54167,2015-09-14T00:00:00Z,SVP
116352,2015-06-20T07:00:00Z,-30.27575,-48.64228,-0.0726,-0.1043,242.54167,2015-09-14T00:00:00Z,SVP
116352,2015-06-20T08:00:00Z,-30.28015,-48.64413,-0.0738,-0.0974,242.54167,2015-09-14T00:00:00Z,SVP
116352,2015-06-20T09:00:00Z,-30.28363,-48.64653,-0.0773,-0.1001,239.08334,2015-09-14T00:00:00Z,SVP
116352,2015-06-20T10:00:00Z,-30.27722,-48.64886,-0.0691,0.129,239.08334,2015-09-14T00:00:00Z,SVP
116352,2015-06-20T11:00:00Z,-30.29035,-48.65408,-0.1119,-0.1156,140.70834,2015-09-14T00:00:00Z,SVP
116352,2015-06-20T12:00:00Z,-30.29331,-48.65786,-0.0915,-0.2781,115.958336,2015-09-14T00:00:00Z,SVP
116352,2015-06-20T13:00:00Z,-30.30201,-48.66095,-0.0795,-0.1817,130.04166,2015-09-14T00:00:00Z,SVP
116352,2015-06-20T14:00:00Z,-30.30766,-48.66319,-0.0559,-0.1882,576.5834,2015-09-14T00:00:00Z,SVP
116352,2015-06-20T15:00:00Z,-30.31359,-48.66586,-0.0594,-0.1886,576.5834,2015-09-14T00:00:00Z,SVP
116352,2015-06-20T16:00:00Z,-30.31955,-48.66902,-0.063,-0.1891,576.5834,2015-09-14T00:00:00Z,SVP
116352,2015-06-20T17:00:00Z,-30.32545,-48.67223,0.0391,-0.1827,242.54167,2015-09-14T00:00:00Z,SVP
116352,2015-06-20T18:00:00Z,-30.33187,-48.6695,0.0307,-0.1844,242.54167,2015-09-14T00:00:00Z,SVP
116352,2015-06-20T19:00:00Z,-30.33801,-48.66941,-0.0028,-0.1879,235.50002,2015-09-14T00:00:00Z,SVP
116352,2015-06-20T20:00:00Z,-30.34318,-48.67012,-0.0134,-0.1831,235.50002,2015-09-14T00:00:00Z,SVP
116352,2015-06-20T21:00:00Z,-30.35096,-48.67397,-0.0627,-0.214,151.20834,2015-09-14T00:00:00Z,SVP
116352,2015-06-20T22:00:00Z,-30.35745,-48.67527,-0.0439,-0.2196,520.3334,2015-09-14T00:00:00Z,SVP
116352,2015-06-20T23:00:00Z,-30.36457,-48.67667,-0.0446,-0.2193,520.3334,2015-09-14T00:00:00Z,SVP
116352,2015-06-21T00:00:00Z,-30.37193,-48.67814,-0.0454,-0.2187,520.3334,2015-09-14T00:00:00Z,SVP
116352,2015-06-21T01:00:00Z,-30.37863,-48.68033,-0.0628,-0.2082,130.04166,2015-09-14T00:00:00Z,SVP
116352,2015-06-21T02:00:00Z,-30.38517,-48.68279,-0.085,-0.2101,411.2917,2015-09-14T00:00:00Z,SVP
116352,2015-06-21T03:00:00Z,-30.39222,-48.68602,-0.0849,-0.2095,411.2917,2015-09-14T00:00:00Z,SVP
116352,2015-06-21T04:00:00Z,-30.39923,-48.6893,-0.0846,-0.2087,411.2917,2015-09-14T00:00:00Z,SVP
116352,2015-06-21T05:00:00Z,-30.40555,-48.6918,-0.0739,-0.2075,263.7083,2015-09-14T00:00:00Z,SVP
116352,2015-06-21T06:00:00Z,-30.41195,-48.69442,-0.0455,-0.1858,137.08333,2015-09-14T00:00:00Z,SVP
116352,2015-06-21T07:00:00Z,-30.41814,-48.69579,-0.0065,-0.1682,193.33334,2015-09-14T00:00:00Z,SVP
116352,2015-06-21T08:00:00Z,-30.42331,-48.69591,-0.006,-0.168,193.33334,2015-09-14T00:00:00Z,SVP
116352,2015-06-21T09:00:00Z,-30.43132,-48.69664,-0.0214,-0.2749,221.41666,2015-09-14T00:00:00Z,SVP
116352,2015-06-21T10:00:00Z,-30.44217,-48.69813,-0.0203,-0.2866,221.41666,2015-09-14T00:00:00Z,SVP
116352,2015-06-21T11:00:00Z,-30.44793,-48.69824,-0.0166,-0.2231,277.79166,2015-09-14T00:00:00Z,SVP
116352,2015-06-21T12:00:00Z,-30.45499,-48.69895,-0.05,-0.159,126.58333,2015-09-14T00:00:00Z,SVP
116352,2015-06-21T13:00:00Z,-30.45961,-48.70083,-0.0341,-0.1251,116.083336,2015-09-14T00:00:00Z,SVP
116352,2015-06-21T14:00:00Z,-30.46396,-48.70827,0.0512,-0.1357,492.16663,2015-09-14T00:00:00Z,SVP
116352,2015-06-21T15:00:00Z,-30.46825,-48.70248,0.0127,-0.1358,492.16663,2015-09-14T00:00:00Z,SVP
116352,2015-06-21T16:00:00Z,-30.47236,-48.70194,0.0123,-0.1359,492.16663,2015-09-14T00:00:00Z,SVP
116352,2015-06-21T17:00:00Z,-30.47674,-48.70213,0.0487,-0.1748,232.04169,2015-09-14T00:00:00Z,SVP
116352,2015-06-21T18:00:00Z,-30.48307,-48.70083,0.0451,-0.1769,232.04169,2015-09-14T00:00:00Z,SVP
116352,2015-06-21T19:00:00Z,-30.48938,-48.70288,-0.0297,-0.1935,147.58333,2015-09-14T00:00:00Z,SVP
116352,2015-06-21T20:00:00Z,-30.49397,-48.70439,-0.0627,-0.1324,175.79167,2015-09-14T00:00:00Z,SVP
116352,2015-06-21T21:00:00Z,-30.49845,-48.70694,-0.0371,-0.1439,109.041664,2015-09-14T00:00:00Z,SVP
116352,2015-06-21T22:00:00Z,-30.50707,-48.70681,0.0081,-0.2515,144.16667,2015-09-14T00:00:00Z,SVP
116352,2015-06-21T23:00:00Z,-30.51399,-48.70416,0.0869,-0.2388,309.45834,2015-09-14T00:00:00Z,SVP
116352,2015-06-22T00:00:00Z,-30.5219,-48.70109,0.0857,-0.2379,309.45834,2015-09-14T00:00:00Z,SVP
116352,2015-06-22T01:00:00Z,-30.52817,-48.69862,0.0708,-0.2183,137.08333,2015-09-14T00:00:00Z,SVP
116352,2015-06-22T02:00:00Z,-30.54087,-48.71465,0.1198,-0.0721,334.04166,2015-09-14T00:00:00Z,SVP
116352,2015-06-22T03:00:00Z,-30.54236,-48.70871,0.116,-0.0779,334.04166,2015-09-14T00:00:00Z,SVP
116352,2015-06-22T04:00:00Z,-30.54443,-48.7015,0.0371,-0.0845,334.04166,2015-09-14T00:00:00Z,SVP
116352,2015-06-22T05:00:00Z,-30.54843,-48.70123,0.0599,-0.1111,242.54167,2015-09-14T00:00:00Z,SVP
116352,2015-06-22T06:00:00Z,-30.55207,-48.69865,0.0604,-0.174,295.33334,2015-09-14T00:00:00Z,SVP
116352,2015-06-22T07:00:00Z,-30.55812,-48.69625,0.0614,-0.1726,295.33334,2015-09-14T00:00:00Z,SVP
116352,2015-06-22T08:00:00Z,-30.56456,-48.69339,0.1033,-0.2535,91.33333,2015-09-14T00:00:00Z,SVP
116352,2015-06-22T09:00:00Z,-30.57363,-48.68904,0.1291,-0.2837,165.29167,2015-09-14T00:00:00Z,SVP
116352,2015-06-22T10:00:00Z,-30.58009,-48.68374,0.1412,-0.1786,305.83334,2015-09-14T00:00:00Z,SVP
116352,2015-06-22T11:00:00Z,-30.58466,-48.67739,0.1492,-0.176,305.83334,2015-09-14T00:00:00Z,SVP
116352,2015-06-22T12:00:00Z,-30.58908,-48.67394,0.1268,-0.1225,140.70834,2015-09-14T00:00:00Z,SVP
116352,2015-06-22T13:00:00Z,-30.59154,-48.6731,0.1715,-0.1083,116.083336,2015-09-14T00:00:00Z,SVP
116352,2015-06-22T14:00:00Z,-30.59531,-48.6683,0.1965,-0.1096,741.75006,2015-09-14T00:00:00Z,SVP
116352,2015-06-22T15:00:00Z,-30.59921,-48.65978,0.1896,-0.1083,741.75006,2015-09-14T00:00:00Z,SVP
116352,2015-06-22T16:00:00Z,-30.60288,-48.65208,0.1849,-0.1075,741.75006,2015-09-14T00:00:00Z,SVP
116352,2015-06-22T17:00:00Z,-30.60649,-48.64482,0.1814,-0.1067,741.75006,2015-09-14T00:00:00Z,SVP
116352,2015-06-22T18:00:00Z,-30.61009,-48.63783,0.1779,-0.1055,741.75006,2015-09-14T00:00:00Z,SVP
116352,2015-06-22T19:00:00Z,-30.61243,-48.63113,0.1959,-0.0907,291.75003,2015-09-14T00:00:00Z,SVP
116352,2015-06-22T20:00:00Z,-30.61515,-48.62444,0.1952,-0.0889,291.75003,2015-09-14T00:00:00Z,SVP
116352,2015-06-22T21:00:00Z,-30.61748,-48.61743,0.1982,-0.1475,161.70833,2015-09-14T00:00:00Z,SVP
116352,2015-06-22T22:00:00Z,-30.62012,-48.61147,0.1775,-0.0919,319.9583,2015-09-14T00:00:00Z,SVP
116352,2015-06-22T23:00:00Z,-30.62345,-48.60391,0.1824,-0.0947,319.9583,2015-09-14T00:00:00Z,SVP
116352,2015-06-23T00:00:00Z,-30.63655,-48.58415,-0.1437,0.1368,126.58333,2015-09-14T00:00:00Z,SVP
116352,2015-06-23T01:00:00Z,-30.62864,-48.59191,0.1587,0.0107,112.5,2015-09-14T00:00:00Z,SVP
116352,2015-06-23T02:00:00Z,-30.6296,-48.58667,0.1479,-0.0227,358.6667,2015-09-14T00:00:00Z,SVP
116352,2015-06-23T03:00:00Z,-30.62886,-48.58049,0.1486,-0.0243,358.6667,2015-09-14T00:00:00Z,SVP
116352,2015-06-23T04:00:00Z,-30.62787,-48.5735,0.0775,-0.0957,253.20834,2015-09-14T00:00:00Z,SVP
116352,2015-06-23T05:00:00Z,-30.63206,-48.5713,0.0835,-0.0754,253.20834,2015-09-14T00:00:00Z,SVP
116352,2015-06-23T06:00:00Z,-30.63528,-48.56962,0.0158,-0.1281,137.08333,2015-09-14T00:00:00Z,SVP
116352,2015-06-23T07:00:00Z,-30.64128,-48.5679,0.0498,-0.1998,126.58333,2015-09-14T00:00:00Z,SVP
116352,2015-06-23T08:00:00Z,-30.64873,-48.56499,0.0751,-0.2419,123.0,2015-09-14T00:00:00Z,SVP
116352,2015-06-23T09:00:00Z,-30.65646,-48.5637,0.0069,-0.2877,246.16667,2015-09-14T00:00:00Z,SVP
116352,2015-06-23T10:00:00Z,-30.6696,-48.56317,0.0113,-0.3577,246.16667,2015-09-14T00:00:00Z,SVP
116352,2015-06-23T11:00:00Z,-30.67538,-48.55815,0.0966,-0.2694,80.83333,2015-09-14T00:00:00Z,SVP
116352,2015-06-23T12:00:00Z,-30.68296,-48.55372,-0.0053,-0.2138,126.58333,2015-09-14T00:00:00Z,SVP
116352,2015-06-23T13:00:00Z,-30.68905,-48.55128,-0.0097,-0.1936,766.3334,2015-09-14T00:00:00Z,SVP
116352,2015-06-23T14:00:00Z,-30.69581,-48.55297,-0.0073,-0.1969,766.3334,2015-09-14T00:00:00Z,SVP
116352,2015-06-23T15:00:00Z,-30.70249,-48.55358,-0.0068,-0.1982,766.3334,2015-09-14T00:00:00Z,SVP
116352,2015-06-23T16:00:00Z,-30.70926,-48.554,-0.0065,-0.1994,766.3334,2015-09-14T00:00:00Z,SVP
116352,2015-06-23T17:00:00Z,-30.71622,-48.55439,-0.0062,-0.2006,766.3334,2015-09-14T00:00:00Z,SVP
116352,2015-06-23T18:00:00Z,-30.72338,-48.55442,0.0038,-0.012,256.66666,2015-09-14T00:00:00Z,SVP
116352,2015-06-23T19:00:00Z,-30.72355,-48.55349,0.0035,-0.0116,256.66666,2015-09-14T00:00:00Z,SVP
116352,2015-06-23T20:00:00Z,-30.72385,-48.5525,0.035,-0.0149,80.83333,2015-09-14T00:00:00Z,SVP
116352,2015-06-23T21:00:00Z,-30.72466,-48.55139,0.0299,-0.0177,168.75,2015-09-14T00:00:00Z,SVP
116352,2015-06-23T22:00:00Z,-30.72516,-48.55308,-0.1223,-0.1155,390.29166,2015-09-14T00:00:00Z,SVP
116352,2015-06-23T23:00:00Z,-30.72983,-48.5578,-0.1233,-0.1106,390.29166,2015-09-14T00:00:00Z,SVP
116352,2015-06-24T00:00:00Z,-30.73344,-48.56208,-0.1232,-0.1113,390.29166,2015-09-14T00:00:00Z,SVP
116352,2015-06-24T01:00:00Z,-30.73695,-48.56635,-0.1049,-0.1297,112.5,2015-09-14T00:00:00Z,SVP
116352,2015-06-24T02:00:00Z,-30.74024,-48.56682,-0.0748,-0.14,140.70834,2015-09-14T00:00:00Z,SVP
116352,2015-06-24T03:00:00Z,-30.74491,-48.5702,-0.0816,-0.1406,488.7083,2015-09-14T00:00:00Z,SVP
116352,2015-06-24T04:00:00Z,-30.75004,-48.57361,-0.0797,-0.1416,488.7083,2015-09-14T00:00:00Z,SVP
116352,2015-06-24T05:00:00Z,-30.75525,-48.57677,-0.0784,-0.1409,488.7083,2015-09-14T00:00:00Z,SVP
116352,2015-06-24T06:00:00Z,-30.75828,-48.57938,-0.0801,-0.1143,228.45833,2015-09-14T00:00:00Z,SVP
116352,2015-06-24T07:00:00Z,-30.75535,-48.58266,-0.0848,-0.2636,235.50002,2015-09-14T00:00:00Z,SVP
116352,2015-06-24T08:00:00Z,-30.76488,-48.58493,-0.0768,-0.2558,235.50002,2015-09-14T00:00:00Z,SVP
116352,2015-06-24T09:00:00Z,-30.77091,-48.59096,-0.1635,-0.1955,249.58333,2015-09-14T00:00:00Z,SVP
116352,2015-06-24T10:00:00Z,-30.78238,-48.60084,-0.1393,-0.2613,249.58333,2015-09-14T00:00:00Z,SVP
116352,2015-06-24T11:00:00Z,-30.78309,-48.60566,0.003,-0.0941,239.08334,2015-09-14T00:00:00Z,SVP
116352,2015-06-24T12:00:00Z,-30.78601,-48.60557,0.0556,-0.1139,249.58333,2015-09-14T00:00:00Z,SVP
116352,2015-06-24T13:00:00Z,-30.78967,-48.60177,0.0717,-0.118,249.58333,2015-09-14T00:00:00Z,SVP
116352,2015-06-24T14:00:00Z,-30.79395,-48.60325,-0.0624,-0.1391,942.1667,2015-09-14T00:00:00Z,SVP
116352,2015-06-24T15:00:00Z,-30.79866,-48.60741,-0.0635,-0.1395,942.1667,2015-09-14T00:00:00Z,SVP
116352,2015-06-24T16:00:00Z,-30.8033,-48.62414,-0.1244,-0.1398,942.1667,2015-09-14T00:00:00Z,SVP
116352,2015-06-24T17:00:00Z,-30.80794,-48.62911,-0.124,-0.14,942.1667,2015-09-14T00:00:00Z,SVP
116352,2015-06-24T18:00:00Z,-30.81262,-48.63384,-0.1239,-0.1402,942.1667,2015-09-14T00:00:00Z,SVP
116352,2015-06-24T19:00:00Z,-30.81755,-48.63826,-0.1247,-0.1409,942.1667,2015-09-14T00:00:00Z,SVP
116352,2015-06-24T20:00:00Z,-30.8212,-48.64389,-0.1882,-0.1317,98.416664,2015-09-14T00:00:00Z,SVP
116352,2015-06-24T21:00:00Z,-30.82352,-48.65292,-0.2031,-0.0596,63.291664,2015-09-14T00:00:00Z,SVP
116352,2015-06-24T22:00:00Z,-30.82552,-48.65938,-0.1332,-0.0794,418.33334,2015-09-14T00:00:00Z,SVP
116352,2015-06-24T23:00:00Z,-30.82823,-48.6644,-0.1327,-0.0793,418.33334,2015-09-14T00:00:00Z,SVP
116352,2015-06-25T00:00:00Z,-30.83069,-48.67003,-0.1314,-0.0802,418.33334,2015-09-14T00:00:00Z,SVP
116352,2015-06-25T01:00:00Z,-30.83388,-48.67494,-0.2113,-0.1314,126.58333,2015-09-14T00:00:00Z,SVP
116352,2015-06-25T02:00:00Z,-30.83925,-48.68528,-0.241,-0.2602,520.3334,2015-09-14T00:00:00Z,SVP
116352,2015-06-25T03:00:00Z,-30.84832,-48.69339,-0.2375,-0.2625,520.3334,2015-09-14T00:00:00Z,SVP
116352,2015-06-25T04:00:00Z,-30.85681,-48.70122,-0.2333,-0.263,520.3334,2015-09-14T00:00:00Z,SVP
116352,2015-06-25T05:00:00Z,-30.86466,-48.70569,-0.2097,-0.2627,520.3334,2015-09-14T00:00:00Z,SVP
116352,2015-06-25T06:00:00Z,-30.87395,-48.72044,-0.2439,-0.2823,393.75,2015-09-14T00:00:00Z,SVP
116352,2015-06-25T07:00:00Z,-30.88339,-48.7305,-0.2418,-0.2825,393.75,2015-09-14T00:00:00Z,SVP
116352,2015-06-25T08:00:00Z,-30.89239,-48.7398,-0.3051,-0.2736,56.25,2015-09-14T00:00:00Z,SVP
116352,2015-06-25T09:00:00Z,-30.90069,-48.74669,-0.1881,-0.2537,210.91667,2015-09-14T00:00:00Z,SVP
116352,2015-06-25T10:00:00Z,-30.90822,-48.75325,-0.1913,-0.2401,267.16666,2015-09-14T00:00:00Z,SVP
116352,2015-06-25T11:00:00Z,-30.91641,-48.76149,-0.1894,-0.2406,267.16666,2015-09-14T00:00:00Z,SVP
116352,2015-06-25T12:00:00Z,-30.92103,-48.76843,-0.2488,-0.1543,112.5,2015-09-14T00:00:00Z,SVP
116352,2015-06-25T13:00:00Z,-30.92583,-48.77927,-0.3276,-0.1492,699.5834,2015-09-14T00:00:00Z,SVP
116352,2015-06-25T14:00:00Z,-30.93035,-48.79166,-0.3274,-0.1501,699.5834,2015-09-14T00:00:00Z,SVP
116352,2015-06-25T15:00:00Z,-30.9351,-48.80423,-0.3266,-0.1505,699.5834,2015-09-14T00:00:00Z,SVP
116352,2015-06-25T16:00:00Z,-30.9399,-48.8169,-0.3253,-0.1508,699.5834,2015-09-14T00:00:00Z,SVP
116352,2015-06-25T17:00:00Z,-30.94469,-48.82965,-0.3226,-0.1512,699.5834,2015-09-14T00:00:00Z,SVP
116352,2015-06-25T18:00:00Z,-30.94952,-48.84158,-0.2852,-0.1479,407.83334,2015-09-14T00:00:00Z,SVP
116352,2015-06-25T19:00:00Z,-30.95444,-48.85187,-0.2833,-0.1482,407.83334,2015-09-14T00:00:00Z,SVP
116352,2015-06-25T20:00:00Z,-30.95941,-48.86238,-0.2821,-0.1485,407.83334,2015-09-14T00:00:00Z,SVP
116352,2015-06-25T21:00:00Z,-30.96687,-48.87091,-0.2101,-0.3159,207.45834,2015-09-14T00:00:00Z,SVP
116352,2015-06-25T22:00:00Z,-30.97825,-48.88001,-0.2075,-0.3131,207.45834,2015-09-14T00:00:00Z,SVP
116352,2015-06-25T23:00:00Z,-30.98665,-48.88707,-0.1939,-0.2613,344.54166,2015-09-14T00:00:00Z,SVP
116352,2015-06-26T00:00:00Z,-30.99479,-48.89294,-0.1841,-0.2594,344.54166,2015-09-14T00:00:00Z,SVP
116352,2015-06-26T01:00:00Z,-31.00396,-48.90195,-0.1994,-0.2644,140.70834,2015-09-14T00:00:00Z,SVP
116352,2015-06-26T02:00:00Z,-31.01598,-48.90915,-0.138,-0.3376,112.5,2015-09-14T00:00:00Z,SVP
116352,2015-06-26T03:00:00Z,-31.02278,-48.91398,-0.1107,-0.2416,425.41666,2015-09-14T00:00:00Z,SVP
116352,2015-06-26T04:00:00Z,-31.02915,-48.91776,-0.1121,-0.2512,425.41666,2015-09-14T00:00:00Z,SVP
116352,2015-06-26T05:00:00Z,-31.03586,-48.92047,-0.0849,-0.2816,393.75,2015-09-14T00:00:00Z,SVP
116352,2015-06-26T06:00:00Z,-31.04585,-48.92528,-0.0934,-0.2732,393.75,2015-09-14T00:00:00Z,SVP
116352,2015-06-26T07:00:00Z,-31.05468,-48.93022,-0.0929,-0.2746,393.75,2015-09-14T00:00:00Z,SVP
116352,2015-06-26T08:00:00Z,-31.0639,-48.93245,0.0454,-0.3267,217.95833,2015-09-14T00:00:00Z,SVP
116352,2015-06-26T09:00:00Z,-31.07426,-48.92955,0.0415,-0.329,217.95833,2015-09-14T00:00:00Z,SVP
116352,2015-06-26T10:00:00Z,-31.08546,-48.93386,-0.0487,-0.3366,246.16667,2015-09-14T00:00:00Z,SVP
116352,2015-06-26T11:00:00Z,-31.09818,-48.94186,-0.16,-0.3543,151.20834,2015-09-14T00:00:00Z,SVP
116352,2015-06-26T12:00:00Z,-31.09973,-48.94213,-0.4722,-0.7375,140.70834,2015-09-14T00:00:00Z,SVP
116352,2015-06-26T13:00:00Z,-31.12,-48.96113,-0.5298,-0.3703,115.958336,2015-09-14T00:00:00Z,SVP
116352,2015-06-26T14:00:00Z,-31.13146,-48.96786,-0.2507,-0.3537,590.7083,2015-09-14T00:00:00Z,SVP
116352,2015-06-26T15:00:00Z,-31.14348,-48.97658,-0.2508,-0.3552,590.7083,2015-09-14T00:00:00Z,SVP
116352,2015-06-26T16:00:00Z,-31.15537,-48.98575,-0.2507,-0.3561,590.7083,2015-09-14T00:00:00Z,SVP
116352,2015-06-26T17:00:00Z,-31.16748,-48.99489,-0.2507,-0.3571,590.7083,2015-09-14T00:00:00Z,SVP
116352,2015-06-26T18:00:00Z,-31.17889,-49.00294,-0.1754,-0.3667,256.66666,2015-09-14T00:00:00Z,SVP
116352,2015-06-26T19:00:00Z,-31.18856,-49.01282,-0.1845,-0.365,256.66666,2015-09-14T00:00:00Z,SVP
116352,2015-06-26T20:00:00Z,-31.20373,-49.01598,-0.1858,-0.419,159.91667,2015-09-14T00:00:00Z,SVP
116352,2015-06-26T21:00:00Z,-31.21781,-49.02924,-0.3415,-0.4607,223.20834,2015-09-14T00:00:00Z,SVP
116352,2015-06-26T22:00:00Z,-31.23168,-49.03957,-0.1414,-0.4046,376.2083,2015-09-14T00:00:00Z,SVP
116352,2015-06-26T23:00:00Z,-31.24386,-49.0432,-0.1489,-0.3903,376.2083,2015-09-14T00:00:00Z,SVP
116352,2015-06-27T00:00:00Z,-31.25918,-49.0447,-0.1955,-0.4137,376.2083,2015-09-14T00:00:00Z,SVP
116352,2015-06-27T01:00:00Z,-31.26313,-49.05605,-0.2224,-0.3042,126.58333,2015-09-14T00:00:00Z,SVP
116352,2015-06-27T02:00:00Z,-31.27487,-49.07232,-0.1369,-0.3048,450.0,2015-09-14T00:00:00Z,SVP
116352,2015-06-27T03:00:00Z,-31.28381,-49.07577,-0.1476,-0.3066,450.0,2015-09-14T00:00:00Z,SVP
116352,2015-06-27T04:00:00Z,-31.29318,-49.08016,-0.1622,-0.3084,450.0,2015-09-14T00:00:00Z,SVP
116352,2015-06-27T05:00:00Z,-31.30302,-49.08584,-0.1102,-0.3373,376.2083,2015-09-14T00:00:00Z,SVP
116352,2015-06-27T06:00:00Z,-31.3146,-49.09089,-0.1168,-0.3386,376.2083,2015-09-14T00:00:00Z,SVP
116352,2015-06-27T07:00:00Z,-31.32562,-49.0974,-0.1281,-0.3402,376.2083,2015-09-14T00:00:00Z,SVP
116352,2015-06-27T08:00:00Z,-31.3373,-49.10128,-0.1248,-0.3618,182.83333,2015-09-14T00:00:00Z,SVP
116352,2015-06-27T09:00:00Z,-31.34896,-49.10735,-0.4302,-0.4355,0.0,2015-09-14T00:00:00Z,SVP
116352,2015-06-27T10:00:00Z,-31.36355,-49.12153,-0.3829,-0.401,179.25,2015-09-14T00:00:00Z,SVP
116352,2015-06-27T11:00:00Z,-31.3736,-49.12997,-0.2555,-0.3601,186.29166,2015-09-14T00:00:00Z,SVP
116352,2015-06-27T12:00:00Z,-31.38511,-49.13938,-0.2146,-0.3146,133.66667,2015-09-14T00:00:00Z,SVP
116352,2015-06-27T13:00:00Z,-31.3954,-49.14481,-0.2225,-0.4002,112.5,2015-09-14T00:00:00Z,SVP
116352,2015-06-27T14:00:00Z,-31.40984,-49.15478,-0.2188,-0.431,629.25006,2015-09-14T00:00:00Z,SVP
116352,2015-06-27T15:00:00Z,-31.42392,-49.16339,-0.2177,-0.4319,629.25006,2015-09-14T00:00:00Z,SVP
116352,2015-06-27T16:00:00Z,-31.43754,-49.17171,-0.2175,-0.4323,629.25006,2015-09-14T00:00:00Z,SVP
116352,2015-06-27T17:00:00Z,-31.45068,-49.17989,-0.218,-0.4341,629.25006,2015-09-14T00:00:00Z,SVP
116352,2015-06-27T18:00:00Z,-31.4673,-49.18793,-0.2282,-0.5486,239.08334,2015-09-14T00:00:00Z,SVP
116352,2015-06-27T19:00:00Z,-31.48489,-49.19647,-0.2122,-0.5394,119.54167,2015-09-14T00:00:00Z,SVP
116352,2015-06-27T20:00:00Z,-31.50263,-49.20336,-0.197,-0.518,249.58333,2015-09-14T00:00:00Z,SVP
116352,2015-06-27T21:00:00Z,-31.51292,-49.21222,-0.1981,-0.4326,249.58333,2015-09-14T00:00:00Z,SVP
116352,2015-06-27T22:00:00Z,-31.53086,-49.21916,-0.1668,-0.6201,502.79166,2015-09-14T00:00:00Z,SVP
116352,2015-06-27T23:00:00Z,-31.55116,-49.2252,-0.1674,-0.6195,502.79166,2015-09-14T00:00:00Z,SVP
116352,2015-06-28T00:00:00Z,-31.57111,-49.23159,-0.1667,-0.6209,502.79166,2015-09-14T00:00:00Z,SVP
116352,2015-06-28T01:00:00Z,-31.59179,-49.23729,-0.13,-0.6539,115.958336,2015-09-14T00:00:00Z,SVP
116352,2015-06-28T02:00:00Z,-31.61378,-49.23609,0.0729,-0.6832,485.08334,2015-09-14T00:00:00Z,SVP
116352,2015-06-28T03:00:00Z,-31.63549,-49.23317,0.0749,-0.6821,485.08334,2015-09-14T00:00:00Z,SVP
116352,2015-06-28T04:00:00Z,-31.65697,-49.23106,0.0721,-0.681,485.08334,2015-09-14T00:00:00Z,SVP
116352,2015-06-28T05:00:00Z,-31.67819,-49.22738,0.182,-0.669,239.08334,2015-09-14T00:00:00Z,SVP
116352,2015-06-28T06:00:00Z,-31.70214,-49.21839,0.1427,-0.6793,239.08334,2015-09-14T00:00:00Z,SVP
116352,2015-06-28T07:00:00Z,-31.72054,-49.21259,0.1962,-0.5894,144.16667,2015-09-14T00:00:00Z,SVP
116352,2015-06-28T08:00:00Z,-31.73941,-49.20431,0.2164,-0.5512,196.95833,2015-09-14T00:00:00Z,SVP
116352,2015-06-28T09:00:00Z,-31.75733,-49.19921,0.1268,-0.5646,379.66666,2015-09-14T00:00:00Z,SVP
116352,2015-06-28T10:00:00Z,-31.77549,-49.19498,0.1234,-0.5646,379.66666,2015-09-14T00:00:00Z,SVP
116352,2015-06-28T11:00:00Z,-31.79369,-49.17921,0.2178,-0.5646,379.66666,2015-09-14T00:00:00Z,SVP
116352,2015-06-28T12:00:00Z,-31.81164,-49.18738,0.0126,-0.5367,123.0,2015-09-14T00:00:00Z,SVP
116352,2015-06-28T13:00:00Z,-31.82848,-49.18682,0.0089,-0.552,130.04166,2015-09-14T00:00:00Z,SVP
116352,2015-06-28T14:00:00Z,-31.84732,-49.18622,-0.0159,-0.5648,509.70834,2015-09-14T00:00:00Z,SVP
116352,2015-06-28T15:00:00Z,-31.86506,-49.18708,-0.0159,-0.5646,509.70834,2015-09-14T00:00:00Z,SVP
116352,2015-06-28T16:00:00Z,-31.88292,-49.18771,-0.0161,-0.5645,509.70834,2015-09-14T00:00:00Z,SVP
116352,2015-06-28T17:00:00Z,-31.90029,-49.18815,-0.0164,-0.5642,509.70834,2015-09-14T00:00:00Z,SVP
116352,2015-06-28T18:00:00Z,-31.92037,-49.18903,-0.0241,-0.5861,242.54167,2015-09-14T00:00:00Z,SVP
116352,2015-06-28T19:00:00Z,-31.93957,-49.19133,-0.0725,-0.6055,330.45834,2015-09-14T00:00:00Z,SVP
116352,2015-06-28T20:00:00Z,-31.959,-49.19446,-0.0754,-0.6048,330.45834,2015-09-14T00:00:00Z,SVP
116352,2015-06-28T21:00:00Z,-31.9783,-49.19739,-0.0914,-0.5838,52.791668,2015-09-14T00:00:00Z,SVP
116352,2015-06-28T22:00:00Z,-31.99752,-49.20143,-0.1086,-0.6073,200.41666,2015-09-14T00:00:00Z,SVP
116352,2015-06-28T23:00:00Z,-32.01701,-49.20634,-0.1338,-0.6253,270.74997,2015-09-14T00:00:00Z,SVP
116352,2015-06-29T00:00:00Z,-32.03771,-49.21114,-0.1393,-0.6237,270.74997,2015-09-14T00:00:00Z,SVP
116352,2015-06-29T01:00:00Z,-32.05768,-49.2177,-0.2221,-0.6206,242.54167,2015-09-14T00:00:00Z,SVP
116352,2015-06-29T02:00:00Z,-32.0778,-49.22595,-0.2142,-0.616,355.0417,2015-09-14T00:00:00Z,SVP
116352,2015-06-29T03:00:00Z,-32.09775,-49.23423,-0.2142,-0.6161,355.0417,2015-09-14T00:00:00Z,SVP
116352,2015-06-29T04:00:00Z,-32.11762,-49.24307,-0.2169,-0.6162,355.0417,2015-09-14T00:00:00Z,SVP
116352,2015-06-29T05:00:00Z,-32.13814,-49.25087,-0.2064,-0.6315,263.7083,2015-09-14T00:00:00Z,SVP
116352,2015-06-29T06:00:00Z,-32.15858,-49.25403,-0.1759,-0.6322,263.7083,2015-09-14T00:00:00Z,SVP
116352,2015-06-29T07:00:00Z,-32.1791,-49.26905,-0.2461,-0.6215,140.70834,2015-09-14T00:00:00Z,SVP
116352,2015-06-29T08:00:00Z,-32.19778,-49.27783,-0.2727,-0.5976,172.20833,2015-09-14T00:00:00Z,SVP
116352,2015-06-29T09:00:00Z,-32.21929,-49.28014,0.0631,-0.7465,70.333336,2015-09-14T00:00:00Z,SVP
116352,2015-06-29T10:00:00Z,-32.23692,-49.29862,-0.3564,-0.5649,239.08334,2015-09-14T00:00:00Z,SVP
116352,2015-06-29T11:00:00Z,-32.25629,-49.31201,-0.3494,-0.5471,133.66667,2015-09-14T00:00:00Z,SVP
116352,2015-06-29T12:00:00Z,-32.27253,-49.32512,-0.3466,-0.5544,239.08334,2015-09-14T00:00:00Z,SVP
116352,2015-06-29T13:00:00Z,-32.29194,-49.3381,-0.3493,-0.5384,239.08334,2015-09-14T00:00:00Z,SVP
116352,2015-06-29T14:00:00Z,-32.30983,-49.3527,-0.3879,-0.5719,544.9583,2015-09-14T00:00:00Z,SVP
116352,2015-06-29T15:00:00Z,-32.32777,-49.36754,-0.3881,-0.57,544.9583,2015-09-14T00:00:00Z,SVP
116352,2015-06-29T16:00:00Z,-32.34522,-49.38174,-0.3857,-0.5665,544.9583,2015-09-14T00:00:00Z,SVP
116352,2015-06-29T17:00:00Z,-32.36231,-49.39553,-0.4206,-0.5882,242.54167,2015-09-14T00:00:00Z,SVP
116352,2015-06-29T18:00:00Z,-32.38387,-49.41397,-0.4104,-0.5771,242.54167,2015-09-14T00:00:00Z,SVP
116352,2015-06-29T19:00:00Z,-32.40201,-49.42932,-0.4087,-0.5649,147.58333,2015-09-14T00:00:00Z,SVP
116352,2015-06-29T20:00:00Z,-32.4203,-49.44549,-0.4199,-0.5558,133.66667,2015-09-14T00:00:00Z,SVP
116352,2015-06-29T21:00:00Z,-32.43864,-49.46594,-0.6203,-0.5643,102.0,2015-09-14T00:00:00Z,SVP
116352,2015-06-29T22:00:00Z,-32.44125,-49.49282,-0.679,-0.252,144.16667,2015-09-14T00:00:00Z,SVP
116352,2015-06-29T23:00:00Z,-32.46284,-49.5086,-0.4753,-0.6439,295.33334,2015-09-14T00:00:00Z,SVP
116352,2015-06-30T00:00:00Z,-32.48333,-49.52723,-0.4987,-0.6161,112.5,2015-09-14T00:00:00Z,SVP
116352,2015-06-30T01:00:00Z,-32.49989,-49.54759,-0.6011,-0.4519,144.16667,2015-09-14T00:00:00Z,SVP
116352,2015-06-30T02:00:00Z,-32.51306,-49.57009,-0.5715,-0.4037,112.5,2015-09-14T00:00:00Z,SVP
116352,2015-06-30T03:00:00Z,-32.52703,-49.5916,-0.5061,-0.4282,281.25,2015-09-14T00:00:00Z,SVP
116352,2015-06-30T04:00:00Z,-32.53947,-49.61194,-0.4805,-0.4314,281.25,2015-09-14T00:00:00Z,SVP
116352,2015-06-30T05:00:00Z,-32.55413,-49.62984,-0.4392,-0.469,242.54167,2015-09-14T00:00:00Z,SVP
116352,2015-06-30T06:00:00Z,-32.56997,-49.64576,-0.4812,-0.4795,130.04166,2015-09-14T00:00:00Z,SVP
116352,2015-06-30T07:00:00Z,-32.58497,-49.66519,-0.4672,-0.4978,144.16667,2015-09-14T00:00:00Z,SVP
116352,2015-06-30T08:00:00Z,-32.60103,-49.68306,-0.4527,-0.4888,109.041664,2015-09-14T00:00:00Z,SVP
116352,2015-06-30T09:00:00Z,-32.61683,-49.70206,-0.5457,-0.4807,140.70834,2015-09-14T00:00:00Z,SVP
116352,2015-06-30T10:00:00Z,-32.63346,-49.72536,-0.6206,-0.5047,130.04166,2015-09-14T00:00:00Z,SVP
116352,2015-06-30T11:00:00Z,-32.64564,-49.73947,-0.4155,-0.4071,270.74997,2015-09-14T00:00:00Z,SVP
116352,2015-06-30T12:00:00Z,-32.65721,-49.75434,-0.4269,-0.4162,270.74997,2015-09-14T00:00:00Z,SVP
116352,2015-06-30T13:00:00Z,-32.67203,-49.77028,-0.2969,-0.4274,562.5,2015-09-14T00:00:00Z,SVP
116352,2015-06-30T14:00:00Z,-32.68547,-49.78145,-0.2968,-0.4279,562.5,2015-09-14T00:00:00Z,SVP
116352,2015-06-30T15:00:00Z,-32.69912,-49.79292,-0.2965,-0.4283,562.5,2015-09-14T00:00:00Z,SVP
116352,2015-06-30T16:00:00Z,-32.71275,-49.80465,-0.2958,-0.4289,562.5,2015-09-14T00:00:00Z,SVP
116352,2015-06-30T17:00:00Z,-32.72625,-49.81592,-0.2785,-0.4163,242.54167,2015-09-14T00:00:00Z,SVP
116352,2015-06-30T18:00:00Z,-32.74066,-49.82574,-0.2756,-0.4199,242.54167,2015-09-14T00:00:00Z,SVP
116352,2015-06-30T19:00:00Z,-32.75182,-49.83505,-0.2383,-0.3539,232.04169,2015-09-14T00:00:00Z,SVP
116352,2015-06-30T20:00:00Z,-32.76206,-49.84495,-0.2844,-0.3263,151.20834,2015-09-14T00:00:00Z,SVP
116352,2015-06-30T21:00:00Z,-32.77389,-49.85609,-0.6011,-0.3848,94.958336,2015-09-14T00:00:00Z,SVP
116352,2015-06-30T22:00:00Z,-32.7854,-49.86798,-0.1956,-0.3818,442.95834,2015-09-14T00:00:00Z,SVP
116352,2015-06-30T23:00:00Z,-32.79831,-49.87425,-0.1996,-0.3828,442.95834,2015-09-14T00:00:00Z,SVP
116352,2015-07-01T00:00:00Z,-32.81121,-49.88125,-0.2044,-0.3826,442.95834,2015-09-14T00:00:00Z,SVP
116352,2015-07-01T01:00:00Z,-32.82256,-49.89721,-0.609,-0.3754,137.08333,2015-09-14T00:00:00Z,SVP
116352,2015-07-01T02:00:00Z,-32.83469,-49.92093,-0.6055,-0.3547,112.5,2015-09-14T00:00:00Z,SVP
116352,2015-07-01T03:00:00Z,-32.84613,-49.93184,-0.2882,-0.4049,302.4167,2015-09-14T00:00:00Z,SVP
116352,2015-07-01T04:00:00Z,-32.85791,-49.94321,-0.2818,-0.4125,302.4167,2015-09-14T00:00:00Z,SVP
116352,2015-07-01T05:00:00Z,-32.87261,-49.95366,-0.2585,-0.4223,242.54167,2015-09-14T00:00:00Z,SVP
116352,2015-07-01T06:00:00Z,-32.88754,-49.9639,-0.2728,-0.472,130.04166,2015-09-14T00:00:00Z,SVP
116352,2015-07-01T07:00:00Z,-32.90366,-49.97398,-0.2491,-0.5727,108.91667,2015-09-14T00:00:00Z,SVP
116352,2015-07-01T08:00:00Z,-32.92261,-49.98292,-0.2275,-0.6139,144.16667,2015-09-14T00:00:00Z,SVP
116352,2015-07-01T09:00:00Z,-32.94166,-49.99215,-0.2074,-0.545,108.91667,2015-09-14T00:00:00Z,SVP
116352,2015-07-01T10:00:00Z,-32.9551,-49.99456,-0.0905,-0.4329,397.3333,2015-09-14T00:00:00Z,SVP
116352,2015-07-01T11:00:00Z,-32.96902,-49.99755,-0.092,-0.4326,397.3333,2015-09-14T00:00:00Z,SVP
116352,2015-07-01T12:00:00Z,-32.9825,-50.00177,-0.0903,-0.4028,147.58333,2015-09-14T00:00:00Z,SVP
116352,2015-07-01T13:00:00Z,-32.99478,-50.00742,-0.2006,-0.3668,115.958336,2015-09-14T00:00:00Z,SVP
116352,2015-07-01T14:00:00Z,-33.00615,-50.01538,-0.1935,-0.3771,703.2083,2015-09-14T00:00:00Z,SVP
116352,2015-07-01T15:00:00Z,-33.0188,-50.02256,-0.1931,-0.3772,703.2083,2015-09-14T00:00:00Z,SVP
116352,2015-07-01T16:00:00Z,-33.0312,-50.02995,-0.193,-0.3772,703.2083,2015-09-14T00:00:00Z,SVP
116352,2015-07-01T17:00:00Z,-33.04355,-50.0374,-0.1929,-0.3772,703.2083,2015-09-14T00:00:00Z,SVP
116352,2015-07-01T18:00:00Z,-33.05596,-50.04494,-0.1929,-0.3772,703.2083,2015-09-14T00:00:00Z,SVP
116352,2015-07-01T19:00:00Z,-33.06817,-50.05317,-0.1964,-0.3909,390.29166,2015-09-14T00:00:00Z,SVP
116352,2015-07-01T20:00:00Z,-33.08042,-50.06108,-0.199,-0.39,390.29166,2015-09-14T00:00:00Z,SVP
116352,2015-07-01T21:00:00Z,-33.09372,-50.07174,-0.2361,-0.4208,87.91667,2015-09-14T00:00:00Z,SVP
116352,2015-07-01T22:00:00Z,-33.10735,-50.08289,-0.1061,-0.4344,418.33334,2015-09-14T00:00:00Z,SVP
116352,2015-07-01T23:00:00Z,-33.12159,-50.08186,-0.1652,-0.4334,418.33334,2015-09-14T00:00:00Z,SVP
116352,2015-07-02T00:00:00Z,-33.1366,-50.08456,-0.193,-0.4289,418.33334,2015-09-14T00:00:00Z,SVP
116352,2015-07-02T01:00:00Z,-33.14909,-50.09614,-0.2291,-0.459,112.5,2015-09-14T00:00:00Z,SVP
116352,2015-07-02T02:00:00Z,-33.16549,-50.10502,-0.149,-0.4569,323.41666,2015-09-14T00:00:00Z,SVP
116352,2015-07-02T03:00:00Z,-33.17936,-50.11021,-0.1434,-0.4596,323.41666,2015-09-14T00:00:00Z,SVP
116352,2015-07-02T04:00:00Z,-33.19374,-50.1165,-0.0444,-0.3988,249.58333,2015-09-14T00:00:00Z,SVP
116352,2015-07-02T05:00:00Z,-33.20862,-50.11715,-0.0438,-0.4173,249.58333,2015-09-14T00:00:00Z,SVP
116352,2015-07-02T06:00:00Z,-33.22402,-50.11829,-0.027,-0.4676,210.91667,2015-09-14T00:00:00Z,SVP
116352,2015-07-02T07:00:00Z,-33.22697,-50.1235,-0.1258,-0.7166,168.75,2015-09-14T00:00:00Z,SVP
116352,2015-07-02T08:00:00Z,-33.25569,-50.12688,-0.125,-0.481,168.75,2015-09-14T00:00:00Z,SVP
116352,2015-07-02T09:00:00Z,-33.27196,-50.13292,-0.188,-0.586,98.416664,2015-09-14T00:00:00Z,SVP
116352,2015-07-02T10:00:00Z,-33.28996,-50.13493,-0.0528,-0.5703,246.16667,2015-09-14T00:00:00Z,SVP
116352,2015-07-02T11:00:00Z,-33.30732,-50.14307,-0.1149,-0.2609,73.791664,2015-09-14T00:00:00Z,SVP
116352,2015-07-02T12:00:00Z,-33.31505,-50.14493,-0.3313,-0.1939,126.58333,2015-09-14T00:00:00Z,SVP
116352,2015-07-02T13:00:00Z,-33.32105,-50.15678,-0.2028,-0.3962,1117.9584,2015-09-14T00:00:00Z,SVP
116352,2015-07-02T14:00:00Z,-33.33578,-50.16372,-0.2011,-0.3915,1117.9584,2015-09-14T00:00:00Z,SVP
116352,2015-07-02T15:00:00Z,-33.34918,-50.17127,-0.2006,-0.3893,1117.9584,2015-09-14T00:00:00Z,SVP
116352,2015-07-02T16:00:00Z,-33.36208,-50.17895,-0.2004,-0.3885,1117.9584,2015-09-14T00:00:00Z,SVP
116352,2015-07-02T17:00:00Z,-33.37481,-50.18668,-0.2003,-0.3881,1117.9584,2015-09-14T00:00:00Z,SVP
116352,2015-07-02T18:00:00Z,-33.38749,-50.19447,-0.2002,-0.3877,1117.9584,2015-09-14T00:00:00Z,SVP
116352,2015-07-02T19:00:00Z,-33.40017,-50.20234,-0.2003,-0.3873,1117.9584,2015-09-14T00:00:00Z,SVP
116352,2015-07-02T20:00:00Z,-33.41294,-50.21053,-0.2007,-0.3866,1117.9584,2015-09-14T00:00:00Z,SVP
116352,2015-07-02T21:00:00Z,-33.42495,-50.21703,-0.2527,-0.4609,175.79167,2015-09-14T00:00:00Z,SVP
116352,2015-07-02T22:00:00Z,-33.43893,-50.23893,-0.4026,-0.4666,175.79167,2015-09-14T00:00:00Z,SVP
116352,2015-07-02T23:00:00Z,-33.45494,-50.23766,-0.2633,-0.5016,386.70834,2015-09-14T00:00:00Z,SVP
116352,2015-07-03T00:00:00Z,-33.47126,-50.24709,-0.2669,-0.5018,386.70834,2015-09-14T00:00:00Z,SVP
116352,2015-07-03T01:00:00Z,-33.48771,-50.25755,-0.2539,-0.5268,115.958336,2015-09-14T00:00:00Z,SVP
116352,2015-07-03T02:00:00Z,-33.5048,-50.2691,-0.3015,-0.5307,123.0,2015-09-14T00:00:00Z,SVP
116352,2015-07-03T03:00:00Z,-33.52096,-50.27491,-0.1247,-0.4777,217.95833,2015-09-14T00:00:00Z,SVP
116352,2015-07-03T04:00:00Z,-33.53521,-50.28895,-0.0222,-0.3315,253.20834,2015-09-14T00:00:00Z,SVP
116352,2015-07-03T05:00:00Z,-33.5397,-50.28303,-0.093,-0.3587,253.20834,2015-09-14T00:00:00Z,SVP
116352,2015-07-03T06:00:00Z,-33.55196,-50.28653,-0.057,-0.4327,418.33334,2015-09-14T00:00:00Z,SVP
116352,2015-07-03T07:00:00Z,-33.56628,-50.28986,-0.0583,-0.4331,418.33334,2015-09-14T00:00:00Z,SVP
116352,2015-07-03T08:00:00Z,-33.58003,-50.29331,-0.0481,-0.436,418.33334,2015-09-14T00:00:00Z,SVP
116352,2015-07-03T09:00:00Z,-33.59545,-50.2993,-0.2309,-0.3961,246.16667,2015-09-14T00:00:00Z,SVP
116352,2015-07-03T10:00:00Z,-33.60806,-50.31497,-0.2848,-0.3951,246.16667,2015-09-14T00:00:00Z,SVP
116352,2015-07-03T11:00:00Z,-33.62069,-50.32208,-0.0978,-0.3533,235.50002,2015-09-14T00:00:00Z,SVP
116352,2015-07-03T12:00:00Z,-33.63263,-50.32523,-0.1075,-0.3981,109.041664,2015-09-14T00:00:00Z,SVP
116360,2015-05-28T01:00:00Z,-35.49269,-42.00327,-0.2242,-0.0251,140.70834,2015-10-20T00:00:00Z,SVP
116360,2015-05-28T02:00:00Z,-35.49341,-42.01113,-0.1935,0.012,355.0417,2015-10-20T00:00:00Z,SVP
116360,2015-05-28T03:00:00Z,-35.49264,-42.01959,-0.1908,0.0104,355.0417,2015-10-20T00:00:00Z,SVP
116360,2015-05-28T04:00:00Z,-35.4923,-42.028,-0.0975,0.0032,249.58333,2015-10-20T00:00:00Z,SVP
116360,2015-05-28T05:00:00Z,-35.49257,-42.03165,-0.0967,0.0043,249.58333,2015-10-20T00:00:00Z,SVP
116360,2015-05-28T06:00:00Z,-35.49299,-42.03451,-0.0592,-0.0327,154.66667,2015-10-20T00:00:00Z,SVP
116360,2015-05-28T07:00:00Z,-35.49394,-42.03824,-0.1039,-0.0312,246.16667,2015-10-20T00:00:00Z,SVP
116360,2015-05-28T08:00:00Z,-35.49832,-42.04154,-0.1,-0.0671,246.16667,2015-10-20T00:00:00Z,SVP
116360,2015-05-28T09:00:00Z,-35.49719,-42.04666,-0.1205,-0.0344,425.41666,2015-10-20T00:00:00Z,SVP
116360,2015-05-28T10:00:00Z,-35.4965,-42.05217,-0.1237,-0.0239,425.41666,2015-10-20T00:00:00Z,SVP
116360,2015-05-28T11:00:00Z,-35.49724,-42.0577,-0.1228,-0.2947,140.70834,2015-10-20T00:00:00Z,SVP
116360,2015-05-28T12:00:00Z,-35.51301,-42.06109,-0.0926,0.0349,126.58333,2015-10-20T00:00:00Z,SVP
116360,2015-05-28T13:00:00Z,-35.51192,-42.06625,-0.0581,0.0655,516.75,2015-10-20T00:00:00Z,SVP
116360,2015-05-28T14:00:00Z,-35.50987,-42.06838,-0.0582,0.0655,516.75,2015-10-20T00:00:00Z,SVP
116360,2015-05-28T15:00:00Z,-35.50791,-42.07071,-0.0579,0.0655,516.75,2015-10-20T00:00:00Z,SVP
116360,2015-05-28T16:00:00Z,-35.50623,-42.07326,-0.0572,0.0655,516.75,2015-10-20T00:00:00Z,SVP
116360,2015-05-28T17:00:00Z,-35.50401,-42.07535,-0.0565,0.0571,242.54167,2015-10-20T00:00:00Z,SVP
116360,2015-05-28T18:00:00Z,-35.50187,-42.07955,-0.2335,-0.0167,397.20834,2015-10-20T00:00:00Z,SVP
116360,2015-05-28T19:00:00Z,-35.50332,-42.09062,-0.2255,-0.0194,397.20834,2015-10-20T00:00:00Z,SVP
116360,2015-05-28T20:00:00Z,-35.50393,-42.10118,-0.2007,-0.0221,397.20834,2015-10-20T00:00:00Z,SVP
116360,2015-05-28T21:00:00Z,-35.50583,-42.11117,-0.2768,-0.057,249.58333,2015-10-20T00:00:00Z,SVP
116360,2015-05-28T22:00:00Z,-35.51532,-42.11787,-0.2501,-0.1127,249.58333,2015-10-20T00:00:00Z,SVP
116360,2015-05-28T23:00:00Z,-35.50971,-42.13435,-0.3183,-0.0094,312.91666,2015-10-20T00:00:00Z,SVP
116360,2015-05-29T00:00:00Z,-35.50937,-42.14734,-0.3163,-0.0235,312.91666,2015-10-20T00:00:00Z,SVP
116360,2015-05-29T01:00:00Z,-35.51049,-42.16117,-0.3814,-0.0279,130.04166,2015-10-20T00:00:00Z,SVP
116360,2015-05-29T02:00:00Z,-35.51357,-42.17283,-0.0443,-0.0644,256.66666,2015-10-20T00:00:00Z,SVP
116360,2015-05-29T03:00:00Z,-35.51297,-42.17421,-0.0456,-0.0469,256.66666,2015-10-20T00:00:00Z,SVP
116360,2015-05-29T04:00:00Z,-35.51471,-42.1767,-0.0423,-0.1388,256.66666,2015-10-20T00:00:00Z,SVP
116360,2015-05-29T05:00:00Z,-35.52054,-42.17763,-0.0407,-0.1005,256.66666,2015-10-20T00:00:00Z,SVP
116360,2015-05-29T06:00:00Z,-35.52369,-42.18484,-0.1378,-0.1303,151.20834,2015-10-20T00:00:00Z,SVP
116360,2015-05-29T07:00:00Z,-35.52652,-42.1875,-0.093,-0.0816,217.95833,2015-10-20T00:00:00Z,SVP
116360,2015-05-29T08:00:00Z,-35.52901,-42.19153,-0.0542,-0.0572,154.66667,2015-10-20T00:00:00Z,SVP
116360,2015-05-29T09:00:00Z,-35.52981,-42.19455,-0.183,0.05,246.16667,2015-10-20T00:00:00Z,SVP
116360,2015-05-29T10:00:00Z,-35.52864,-42.20188,-0.1861,0.0488,246.16667,2015-10-20T00:00:00Z,SVP
116360,2015-05-29T11:00:00Z,-35.52506,-42.20942,-0.1917,0.0917,161.70833,2015-10-20T00:00:00Z,SVP
116360,2015-05-29T12:00:00Z,-35.52228,-42.21667,-0.1825,0.101,137.08333,2015-10-20T00:00:00Z,SVP
116360,2015-05-29T13:00:00Z,-35.51998,-42.23281,-0.3006,0.0473,115.958336,2015-10-20T00:00:00Z,SVP
116360,2015-05-29T14:00:00Z,-35.51944,-42.23985,-0.2901,0.0208,667.9583,2015-10-20T00:00:00Z,SVP
116360,2015-05-29T15:00:00Z,-35.51871,-42.25054,-0.2928,0.0207,667.9583,2015-10-20T00:00:00Z,SVP
116360,2015-05-29T16:00:00Z,-35.51778,-42.26194,-0.2935,0.0209,667.9583,2015-10-20T00:00:00Z,SVP
116360,2015-05-29T17:00:00Z,-35.51641,-42.27348,-0.2939,0.0217,667.9583,2015-10-20T00:00:00Z,SVP
116360,2015-05-29T18:00:00Z,-35.51572,-42.28607,-0.2987,-0.026,355.0417,2015-10-20T00:00:00Z,SVP
116360,2015-05-29T19:00:00Z,-35.51717,-42.29801,-0.3002,-0.0211,355.0417,2015-10-20T00:00:00Z,SVP
116360,2015-05-29T20:00:00Z,-35.51765,-42.30886,-0.2926,-0.0401,249.58333,2015-10-20T00:00:00Z,SVP
116360,2015-05-29T21:00:00Z,-35.51916,-42.32297,-0.3152,-0.0394,249.58333,2015-10-20T00:00:00Z,SVP
116360,2015-05-29T22:00:00Z,-35.52045,-42.33442,-0.1828,-0.0306,316.3333,2015-10-20T00:00:00Z,SVP
116360,2015-05-29T23:00:00Z,-35.52117,-42.34095,-0.1812,-0.0298,316.3333,2015-10-20T00:00:00Z,SVP
116360,2015-05-30T00:00:00Z,-35.52306,-42.34942,-0.1931,-0.0669,144.16667,2015-10-20T00:00:00Z,SVP
116360,2015-05-30T01:00:00Z,-35.52643,-42.35452,-0.1555,-0.1394,119.54167,2015-10-20T00:00:00Z,SVP
116360,2015-05-30T02:00:00Z,-35.53099,-42.36508,-0.0072,-0.132,277.66666,2015-10-20T00:00:00Z,SVP
116360,2015-05-30T03:00:00Z,-35.53512,-42.36501,-0.0103,-0.1324,277.66666,2015-10-20T00:00:00Z,SVP
116360,2015-05-30T04:00:00Z,-35.53893,-42.36511,0.0089,-0.1066,253.20834,2015-10-20T00:00:00Z,SVP
116360,2015-05-30T05:00:00Z,-35.54302,-42.36547,0.0078,-0.1076,253.20834,2015-10-20T00:00:00Z,SVP
116360,2015-05-30T06:00:00Z,-35.53953,-42.35951,0.0706,0.0095,154.66667,2015-10-20T00:00:00Z,SVP
116360,2015-05-30T07:00:00Z,-35.54034,-42.35283,0.1711,0.0274,182.83333,2015-10-20T00:00:00Z,SVP
116360,2015-05-30T08:00:00Z,-35.53764,-42.34916,-0.3243,0.189,73.791664,2015-10-20T00:00:00Z,SVP
116360,2015-05-30T09:00:00Z,-35.53054,-42.36025,-0.2837,0.246,246.16667,2015-10-20T00:00:00Z,SVP
116360,2015-05-30T10:00:00Z,-35.52323,-42.37224,-0.1374,0.2808,189.91667,2015-10-20T00:00:00Z,SVP
116360,2015-05-30T11:00:00Z,-35.5131,-42.3764,-0.1343,0.2794,189.91667,2015-10-20T00:00:00Z,SVP
116360,2015-05-30T12:00:00Z,-35.50312,-42.38981,-0.4504,0.3613,0.0,2015-10-20T00:00:00Z,SVP
116360,2015-05-30T13:00:00Z,-35.49114,-42.41158,-0.2245,0.1013,1008.9167,2015-10-20T00:00:00Z,SVP
116360,2015-05-30T14:00:00Z,-35.48912,-42.41922,-0.229,0.1066,1008.9167,2015-10-20T00:00:00Z,SVP
116360,2015-05-30T15:00:00Z,-35.48632,-42.4276,-0.2323,0.1101,1008.9167,2015-10-20T00:00:00Z,SVP
116360,2015-05-30T16:00:00Z,-35.48312,-42.43627,-0.2357,0.1125,1008.9167,2015-10-20T00:00:00Z,SVP
116360,2015-05-30T17:00:00Z,-35.47967,-42.44492,-0.2419,0.1142,1008.9167,2015-10-20T00:00:00Z,SVP
116360,2015-05-30T18:00:00Z,-35.47605,-42.45374,-0.2527,0.1152,1008.9167,2015-10-20T00:00:00Z,SVP
116360,2015-05-30T19:00:00Z,-35.47232,-42.46358,-0.2572,0.1152,1008.9167,2015-10-20T00:00:00Z,SVP
116360,2015-05-30T20:00:00Z,-35.46894,-42.47441,-0.2512,0.087,91.33333,2015-10-20T00:00:00Z,SVP
116360,2015-05-30T21:00:00Z,-35.46676,-42.48578,-0.2809,0.0654,151.20834,2015-10-20T00:00:00Z,SVP
116360,2015-05-30T22:00:00Z,-35.46409,-42.48554,-0.0313,0.0763,495.75,2015-10-20T00:00:00Z,SVP
116360,2015-05-30T23:00:00Z,-35.46169,-42.48594,-0.0342,0.0761,495.75,2015-10-20T00:00:00Z,SVP
116360,2015-05-31T00:00:00Z,-35.45958,-42.48705,-0.0352,0.0748,495.75,2015-10-20T00:00:00Z,SVP
116360,2015-05-31T01:00:00Z,-35.4547,-42.48759,-0.0054,0.1225,109.041664,2015-10-20T00:00:00Z,SVP
116360,2015-05-31T02:00:00Z,-35.44556,-42.48809,-0.0093,0.2667,309.45834,2015-10-20T00:00:00Z,SVP
116360,2015-05-31T03:00:00Z,-35.43479,-42.48869,-0.0083,0.2728,309.45834,2015-10-20T00:00:00Z,SVP
116360,2015-05-31T04:00:00Z,-35.42832,-42.48908,-0.0244,0.2536,256.66666,2015-10-20T00:00:00Z,SVP
116360,2015-05-31T05:00:00Z,-35.42173,-42.4908,-0.289,0.2574,407.83334,2015-10-20T00:00:00Z,SVP
116360,2015-05-31T06:00:00Z,-35.41234,-42.50266,-0.2879,0.2554,407.83334,2015-10-20T00:00:00Z,SVP
116360,2015-05-31T07:00:00Z,-35.40317,-42.51403,-0.2891,0.2513,407.83334,2015-10-20T00:00:00Z,SVP
116360,2015-05-31T08:00:00Z,-35.39582,-42.52568,-0.2967,0.2059,133.66667,2015-10-20T00:00:00Z,SVP
116360,2015-05-31T09:00:00Z,-35.39094,-42.53933,-0.3398,0.1308,337.5,2015-10-20T00:00:00Z,SVP
116360,2015-05-31T10:00:00Z,-35.38631,-42.55224,-0.3386,0.1312,337.5,2015-10-20T00:00:00Z,SVP
116360,2015-05-31T11:00:00Z,-35.38233,-42.56478,-0.346,0.0872,144.16667,2015-10-20T00:00:00Z,SVP
116360,2015-05-31T12:00:00Z,-35.3807,-42.57895,-0.1536,-0.0264,109.041664,2015-10-20T00:00:00Z,SVP
116360,2015-05-31T13:00:00Z,-35.38104,-42.58509,-0.1346,-0.0117,713.7084,2015-10-20T00:00:00Z,SVP
116360,2015-05-31T14:00:00Z,-35.38166,-42.59039,-0.1342,-0.0128,713.7084,2015-10-20T00:00:00Z,SVP
116360,2015-05-31T15:00:00Z,-35.38244,-42.5959,-0.1347,-0.0142,713.7084,2015-10-20T00:00:00Z,SVP
116360,2015-05-31T16:00:00Z,-35.38348,-42.6016,-0.1355,-0.0161,713.7084,2015-10-20T00:00:00Z,SVP
116360,2015-05-31T17:00:00Z,-35.38488,-42.60756,-0.1365,-0.0182,713.7084,2015-10-20T00:00:00Z,SVP
116360,2015-05-31T18:00:00Z,-35.38348,-42.60882,-0.0198,0.0528,400.79166,2015-10-20T00:00:00Z,SVP
116360,2015-05-31T19:00:00Z,-35.38148,-42.60876,-0.0185,0.0532,400.79166,2015-10-20T00:00:00Z,SVP
116360,2015-05-31T20:00:00Z,-35.37899,-42.60809,0.0163,0.237,123.0,2015-10-20T00:00:00Z,SVP
116360,2015-05-31T21:00:00Z,-35.3705,-42.60556,0.1106,0.274,509.70834,2015-10-20T00:00:00Z,SVP
116360,2015-05-31T22:00:00Z,-35.36205,-42.60026,0.1068,0.2713,509.70834,2015-10-20T00:00:00Z,SVP
116360,2015-05-31T23:00:00Z,-35.354,-42.5958,0.1059,0.2678,509.70834,2015-10-20T00:00:00Z,SVP
116360,2015-06-01T00:00:00Z,-35.34651,-42.5914,0.1049,0.2648,509.70834,2015-10-20T00:00:00Z,SVP
116360,2015-06-01T01:00:00Z,-35.33465,-42.58789,0.0922,0.3202,239.08334,2015-10-20T00:00:00Z,SVP
116360,2015-06-01T02:00:00Z,-35.32482,-42.58669,-0.0066,0.1743,200.41666,2015-10-20T00:00:00Z,SVP
116360,2015-06-01T03:00:00Z,-35.32049,-42.58989,-0.0739,0.1352,0.0,2015-10-20T00:00:00Z,SVP
116360,2015-06-01T04:00:00Z,-35.31503,-42.59491,-0.1166,0.1472,256.66666,2015-10-20T00:00:00Z,SVP
116360,2015-06-01T05:00:00Z,-35.31035,-42.59618,-0.2206,0.1453,256.66666,2015-10-20T00:00:00Z,SVP
116360,2015-06-01T06:00:00Z,-35.30577,-42.60719,-0.177,0.1448,256.66666,2015-10-20T00:00:00Z,SVP
116360,2015-06-01T07:00:00Z,-35.30263,-42.61183,-0.0686,0.0802,151.20834,2015-10-20T00:00:00Z,SVP
116360,2015-06-01T08:00:00Z,-35.30155,-42.61369,-0.0564,0.0168,98.416664,2015-10-20T00:00:00Z,SVP
116360,2015-06-01T09:00:00Z,-35.30185,-42.61992,-0.204,-0.018,242.54167,2015-10-20T00:00:00Z,SVP
116360,2015-06-01T10:00:00Z,-35.30271,-42.62724,-0.2004,-0.0187,242.54167,2015-10-20T00:00:00Z,SVP
116360,2015-06-01T11:00:00Z,-35.30228,-42.63598,-0.2094,0.0141,133.66667,2015-10-20T00:00:00Z,SVP
116360,2015-06-01T12:00:00Z,-35.3012,-42.64096,-0.0579,0.0287,116.083336,2015-10-20T00:00:00Z,SVP
116360,2015-06-01T13:00:00Z,-35.30101,-42.64199,-0.0187,0.0544,137.08333,2015-10-20T00:00:00Z,SVP
116360,2015-06-01T14:00:00Z,-35.29792,-42.64188,0.0097,0.0902,608.24994,2015-10-20T00:00:00Z,SVP
116360,2015-06-01T15:00:00Z,-35.29497,-42.64228,0.0029,0.0905,608.24994,2015-10-20T00:00:00Z,SVP
116360,2015-06-01T16:00:00Z,-35.29225,-42.64297,-0.0012,0.0906,608.24994,2015-10-20T00:00:00Z,SVP
116360,2015-06-01T17:00:00Z,-35.29003,-42.6442,-0.0051,0.0905,608.24994,2015-10-20T00:00:00Z,SVP
116360,2015-06-01T18:00:00Z,-35.28413,-42.63697,0.036,0.1818,246.16667,2015-10-20T00:00:00Z,SVP
116360,2015-06-01T19:00:00Z,-35.27779,-42.63338,-0.0197,0.2351,158.25,2015-10-20T00:00:00Z,SVP
116360,2015-06-01T20:00:00Z,-35.26944,-42.63439,0.0433,0.2737,94.958336,2015-10-20T00:00:00Z,SVP
116360,2015-06-01T21:00:00Z,-35.26035,-42.63093,0.1081,0.2866,147.58333,2015-10-20T00:00:00Z,SVP
116360,2015-06-01T22:00:00Z,-35.25074,-42.62845,0.0559,0.3276,102.0,2015-10-20T00:00:00Z,SVP
116360,2015-06-01T23:00:00Z,-35.24028,-42.62569,0.0595,0.3022,249.58333,2015-10-20T00:00:00Z,SVP
116360,2015-06-02T00:00:00Z,-35.23057,-42.62294,0.1454,0.2642,105.458336,2015-10-20T00:00:00Z,SVP
116360,2015-06-02T01:00:00Z,-35.22214,-42.61773,0.1069,0.261,137.08333,2015-10-20T00:00:00Z,SVP
116360,2015-06-02T02:00:00Z,-35.21536,-42.61717,-0.013,0.1606,112.5,2015-10-20T00:00:00Z,SVP
116360,2015-06-02T03:00:00Z,-35.21089,-42.6172,-0.0021,0.116,365.70834,2015-10-20T00:00:00Z,SVP
116360,2015-06-02T04:00:00Z,-35.20695,-42.61798,-4.0E-4,0.1147,365.70834,2015-10-20T00:00:00Z,SVP
116360,2015-06-02T05:00:00Z,-35.20309,-42.6187,-0.0019,0.1033,404.4167,2015-10-20T00:00:00Z,SVP
116360,2015-06-02T06:00:00Z,-35.19982,-42.61832,-1.0E-4,0.1034,404.4167,2015-10-20T00:00:00Z,SVP
116360,2015-06-02T07:00:00Z,-35.19662,-42.61652,0.0073,0.1038,404.4167,2015-10-20T00:00:00Z,SVP
116360,2015-06-02T08:00:00Z,-35.19628,-42.61744,0.0265,-0.1405,87.91667,2015-10-20T00:00:00Z,SVP
116360,2015-06-02T09:00:00Z,-35.20025,-42.61731,0.0391,-0.1418,249.58333,2015-10-20T00:00:00Z,SVP
116360,2015-06-02T10:00:00Z,-35.20575,-42.61517,0.0111,-0.0585,154.66667,2015-10-20T00:00:00Z,SVP
116360,2015-06-02T11:00:00Z,-35.20699,-42.61293,0.2128,-0.0487,108.91667,2015-10-20T00:00:00Z,SVP
116360,2015-06-02T12:00:00Z,-35.20859,-42.60361,0.206,-0.049,140.70834,2015-10-20T00:00:00Z,SVP
116360,2015-06-02T13:00:00Z,-35.20852,-42.59718,0.0817,0.1161,636.2916,2015-10-20T00:00:00Z,SVP
116360,2015-06-02T14:00:00Z,-35.20447,-42.59419,0.0815,0.1167,636.2916,2015-10-20T00:00:00Z,SVP
116360,2015-06-02T15:00:00Z,-35.20069,-42.59115,0.0814,0.117,636.2916,2015-10-20T00:00:00Z,SVP
116360,2015-06-02T16:00:00Z,-35.19713,-42.58816,0.0815,0.1173,636.2916,2015-10-20T00:00:00Z,SVP
116360,2015-06-02T17:00:00Z,-35.19321,-42.58496,0.0872,0.1514,246.16667,2015-10-20T00:00:00Z,SVP
116360,2015-06-02T18:00:00Z,-35.18602,-42.58025,0.0916,0.1562,246.16667,2015-10-20T00:00:00Z,SVP
116360,2015-06-02T19:00:00Z,-35.18168,-42.57859,0.0589,0.156,144.16667,2015-10-20T00:00:00Z,SVP
116360,2015-06-02T20:00:00Z,-35.17716,-42.58026,-0.1239,0.1827,172.20833,2015-10-20T00:00:00Z,SVP
116360,2015-06-02T21:00:00Z,-35.17,-42.58499,-0.1138,0.1942,172.20833,2015-10-20T00:00:00Z,SVP
116360,2015-06-02T22:00:00Z,-35.16761,-42.58483,-0.0181,0.0743,365.70834,2015-10-20T00:00:00Z,SVP
116360,2015-06-02T23:00:00Z,-35.16476,-42.58596,-0.0184,0.0742,365.70834,2015-10-20T00:00:00Z,SVP
116360,2015-06-03T00:00:00Z,-35.16206,-42.58646,-0.02,0.0737,365.70834,2015-10-20T00:00:00Z,SVP
116360,2015-06-03T01:00:00Z,-35.16053,-42.58967,-0.1037,0.0675,123.0,2015-10-20T00:00:00Z,SVP
116360,2015-06-03T02:00:00Z,-35.15975,-42.60396,0.0066,0.1216,386.70834,2015-10-20T00:00:00Z,SVP
116360,2015-06-03T03:00:00Z,-35.15519,-42.5977,-0.0619,0.1193,386.70834,2015-10-20T00:00:00Z,SVP
116360,2015-06-03T04:00:00Z,-35.15142,-42.60056,-0.0543,0.1207,386.70834,2015-10-20T00:00:00Z,SVP
116360,2015-06-03T05:00:00Z,-35.14811,-42.60246,0.0147,0.1207,242.54167,2015-10-20T00:00:00Z,SVP
116360,2015-06-03T06:00:00Z,-35.14408,-42.60218,0.0358,-0.0057,158.25,2015-10-20T00:00:00Z,SVP
116360,2015-06-03T07:00:00Z,-35.14908,-42.60056,0.0379,0.0235,158.25,2015-10-20T00:00:00Z,SVP
116360,2015-06-03T08:00:00Z,-35.14569,-42.59852,0.0539,-8.0E-4,242.54167,2015-10-20T00:00:00Z,SVP
116360,2015-06-03T09:00:00Z,-35.14563,-42.59607,0.0619,0.0059,302.4167,2015-10-20T00:00:00Z,SVP
116360,2015-06-03T10:00:00Z,-35.14665,-42.59385,0.0604,0.001,302.4167,2015-10-20T00:00:00Z,SVP
116360,2015-06-03T11:00:00Z,-35.14609,-42.5911,0.0674,-5.0E-4,112.5,2015-10-20T00:00:00Z,SVP
116360,2015-06-03T12:00:00Z,-35.14488,-42.58916,0.0094,0.0796,137.08333,2015-10-20T00:00:00Z,SVP
116360,2015-06-03T13:00:00Z,-35.14082,-42.59315,-0.1031,0.1579,112.5,2015-10-20T00:00:00Z,SVP
116360,2015-06-03T14:00:00Z,-35.1351,-42.58329,0.1182,0.1832,548.4166,2015-10-20T00:00:00Z,SVP
116360,2015-06-03T15:00:00Z,-35.12929,-42.57809,0.1157,0.1834,548.4166,2015-10-20T00:00:00Z,SVP
116360,2015-06-03T16:00:00Z,-35.12366,-42.57333,0.1147,0.1838,548.4166,2015-10-20T00:00:00Z,SVP
116360,2015-06-03T17:00:00Z,-35.11811,-42.56932,0.0924,0.1934,242.54167,2015-10-20T00:00:00Z,SVP
116360,2015-06-03T18:00:00Z,-35.11093,-42.56558,0.0831,0.1924,242.54167,2015-10-20T00:00:00Z,SVP
116360,2015-06-03T19:00:00Z,-35.1063,-42.5672,-0.0045,0.1349,154.66667,2015-10-20T00:00:00Z,SVP
116360,2015-06-03T20:00:00Z,-35.10317,-42.56714,-0.0144,0.0615,246.16667,2015-10-20T00:00:00Z,SVP
116360,2015-06-03T21:00:00Z,-35.10036,-42.56732,-7.0E-4,-0.0593,0.0,2015-10-20T00:00:00Z,SVP
116360,2015-06-03T22:00:00Z,-35.10434,-42.56873,-0.0184,-0.0686,407.83334,2015-10-20T00:00:00Z,SVP
116360,2015-06-03T23:00:00Z,-35.10746,-42.5695,-0.0193,-0.0602,407.83334,2015-10-20T00:00:00Z,SVP
116360,2015-06-04T00:00:00Z,-35.11041,-42.57239,-0.1165,-0.116,140.70834,2015-10-20T00:00:00Z,SVP
116360,2015-06-04T01:00:00Z,-35.11437,-42.57899,0.0581,-0.1367,112.5,2015-10-20T00:00:00Z,SVP
116360,2015-06-04T02:00:00Z,-35.11858,-42.57625,0.1252,-0.1047,414.9167,2015-10-20T00:00:00Z,SVP
116360,2015-06-04T03:00:00Z,-35.12204,-42.57124,0.1253,-0.1038,414.9167,2015-10-20T00:00:00Z,SVP
116360,2015-06-04T04:00:00Z,-35.12603,-42.56645,0.1264,-0.0999,414.9167,2015-10-20T00:00:00Z,SVP
116360,2015-06-04T05:00:00Z,-35.12749,-42.5622,0.1114,-0.0431,239.08334,2015-10-20T00:00:00Z,SVP
116360,2015-06-04T06:00:00Z,-35.12846,-42.55789,0.0398,0.0265,161.70833,2015-10-20T00:00:00Z,SVP
116360,2015-06-04T07:00:00Z,-35.12742,-42.55715,0.0255,0.0033,239.08334,2015-10-20T00:00:00Z,SVP
116360,2015-06-04T08:00:00Z,-35.12809,-42.55551,0.0304,-0.0062,239.08334,2015-10-20T00:00:00Z,SVP
116360,2015-06-04T09:00:00Z,-35.12964,-42.55368,0.0713,-0.0082,249.58333,2015-10-20T00:00:00Z,SVP
116360,2015-06-04T10:00:00Z,-35.12959,-42.55136,0.0688,-0.0061,249.58333,2015-10-20T00:00:00Z,SVP
116360,2015-06-04T11:00:00Z,-35.12816,-42.54756,0.0696,0.1108,73.791664,2015-10-20T00:00:00Z,SVP
116360,2015-06-04T12:00:00Z,-35.12352,-42.55502,-0.168,0.1323,242.54167,2015-10-20T00:00:00Z,SVP
116360,2015-06-04T13:00:00Z,-35.11837,-42.56181,-0.1529,0.1136,573.0,2015-10-20T00:00:00Z,SVP
116360,2015-06-04T14:00:00Z,-35.11524,-42.5674,-0.1536,0.1152,573.0,2015-10-20T00:00:00Z,SVP
116360,2015-06-04T15:00:00Z,-35.11175,-42.57352,-0.1532,0.1161,573.0,2015-10-20T00:00:00Z,SVP
116360,2015-06-04T16:00:00Z,-35.10819,-42.57999,-0.1512,0.117,573.0,2015-10-20T00:00:00Z,SVP
116360,2015-06-04T17:00:00Z,-35.10454,-42.58608,-0.1422,0.1037,246.16667,2015-10-20T00:00:00Z,SVP
116360,2015-06-04T18:00:00Z,-35.10066,-42.59029,-0.1386,0.1038,246.16667,2015-10-20T00:00:00Z,SVP
116360,2015-06-04T19:00:00Z,-35.09802,-42.59943,-0.1811,0.1003,154.66667,2015-10-20T00:00:00Z,SVP
116360,2015-06-04T20:00:00Z,-35.09389,-42.60808,-0.2435,0.103,133.66667,2015-10-20T00:00:00Z,SVP
116360,2015-06-04T21:00:00Z,-35.09399,-42.6232,-0.5145,-0.0939,154.66667,2015-10-20T00:00:00Z,SVP
116360,2015-06-04T22:00:00Z,-35.09665,-42.64111,-0.0749,-0.039,242.54167,2015-10-20T00:00:00Z,SVP
116360,2015-06-04T23:00:00Z,-35.09769,-42.63768,-0.2127,-0.0367,242.54167,2015-10-20T00:00:00Z,SVP
116360,2015-06-05T00:00:00Z,-35.09856,-42.64673,-0.1942,-0.0138,123.0,2015-10-20T00:00:00Z,SVP
116360,2015-06-05T01:00:00Z,-35.10253,-42.65377,-0.0703,-0.1233,144.16667,2015-10-20T00:00:00Z,SVP
116360,2015-06-05T02:00:00Z,-35.10444,-42.65487,-0.0619,0.1289,302.4167,2015-10-20T00:00:00Z,SVP
116360,2015-06-05T03:00:00Z,-35.09911,-42.65818,-0.0555,0.1209,302.4167,2015-10-20T00:00:00Z,SVP
116360,2015-06-05T04:00:00Z,-35.09475,-42.65996,-0.0755,0.147,242.54167,2015-10-20T00:00:00Z,SVP
116360,2015-06-05T05:00:00Z,-35.09083,-42.66291,-0.0751,0.1447,242.54167,2015-10-20T00:00:00Z,SVP
116360,2015-06-05T06:00:00Z,-35.08563,-42.66616,-0.084,0.1614,130.04166,2015-10-20T00:00:00Z,SVP
116360,2015-06-05T07:00:00Z,-35.08044,-42.66965,-0.107,0.1484,253.20834,2015-10-20T00:00:00Z,SVP
116360,2015-06-05T08:00:00Z,-35.07553,-42.67368,-0.1091,0.1456,253.20834,2015-10-20T00:00:00Z,SVP
116360,2015-06-05T09:00:00Z,-35.07075,-42.67902,-0.146,0.1405,284.83334,2015-10-20T00:00:00Z,SVP
116360,2015-06-05T10:00:00Z,-35.06693,-42.68431,-0.1467,0.1403,284.83334,2015-10-20T00:00:00Z,SVP
116360,2015-06-05T11:00:00Z,-35.06089,-42.69181,-0.1688,0.1588,239.08334,2015-10-20T00:00:00Z,SVP
116360,2015-06-05T12:00:00Z,-35.05624,-42.69875,-0.1824,0.0731,112.5,2015-10-20T00:00:00Z,SVP
116360,2015-06-05T13:00:00Z,-35.05395,-42.70538,-0.1565,0.0486,590.7083,2015-10-20T00:00:00Z,SVP
116360,2015-06-05T14:00:00Z,-35.05255,-42.71168,-0.1568,0.0484,590.7083,2015-10-20T00:00:00Z,SVP
116360,2015-06-05T15:00:00Z,-35.05121,-42.71832,-0.1582,0.0482,590.7083,2015-10-20T00:00:00Z,SVP
116360,2015-06-05T16:00:00Z,-35.05014,-42.72563,-0.1611,0.0479,590.7083,2015-10-20T00:00:00Z,SVP
116360,2015-06-05T17:00:00Z,-35.0472,-42.7295,-0.0921,0.0765,246.16667,2015-10-20T00:00:00Z,SVP
116360,2015-06-05T18:00:00Z,-35.04476,-42.73263,-0.0789,0.079,154.66667,2015-10-20T00:00:00Z,SVP
116360,2015-06-05T19:00:00Z,-35.04212,-42.7367,-0.1944,-0.0835,94.958336,2015-10-20T00:00:00Z,SVP
116360,2015-06-05T20:00:00Z,-35.04505,-42.74454,-0.2217,-0.0745,123.0,2015-10-20T00:00:00Z,SVP
116360,2015-06-05T21:00:00Z,-35.0469,-42.75154,-0.0712,-0.0432,123.0,2015-10-20T00:00:00Z,SVP
116360,2015-06-05T22:00:00Z,-35.04991,-42.75476,-0.0862,-0.0616,126.58333,2015-10-20T00:00:00Z,SVP
116360,2015-06-05T23:00:00Z,-35.05078,-42.75921,-0.118,-0.0543,284.70834,2015-10-20T00:00:00Z,SVP
116360,2015-06-06T00:00:00Z,-35.0525,-42.76396,-0.1327,-0.0124,0.0,2015-10-20T00:00:00Z,SVP
116360,2015-06-06T01:00:00Z,-35.05157,-42.7681,-0.0861,0.0417,453.5833,2015-10-20T00:00:00Z,SVP
116360,2015-06-06T02:00:00Z,-35.05025,-42.77163,-0.0858,0.0419,453.5833,2015-10-20T00:00:00Z,SVP
116360,2015-06-06T03:00:00Z,-35.04906,-42.77559,-0.0858,0.0424,453.5833,2015-10-20T00:00:00Z,SVP
116360,2015-06-06T04:00:00Z,-35.04783,-42.77974,-0.0521,0.0685,242.54167,2015-10-20T00:00:00Z,SVP
116360,2015-06-06T05:00:00Z,-35.04539,-42.78065,-0.0569,0.0682,242.54167,2015-10-20T00:00:00Z,SVP
116360,2015-06-06T06:00:00Z,-35.04217,-42.78428,-0.1192,0.1135,154.66667,2015-10-20T00:00:00Z,SVP
116360,2015-06-06T07:00:00Z,-35.03644,-42.78954,-0.15,0.1941,186.29166,2015-10-20T00:00:00Z,SVP
116360,2015-06-06T08:00:00Z,-35.03015,-42.79419,-0.1282,0.2117,56.25,2015-10-20T00:00:00Z,SVP
116360,2015-06-06T09:00:00Z,-35.02287,-42.80513,-0.3079,0.2096,214.5,2015-10-20T00:00:00Z,SVP
116360,2015-06-06T10:00:00Z,-35.01732,-42.81749,-0.3372,0.184,263.7083,2015-10-20T00:00:00Z,SVP
116360,2015-06-06T11:00:00Z,-35.01053,-42.83168,-0.3355,0.1841,263.7083,2015-10-20T00:00:00Z,SVP
116360,2015-06-06T12:00:00Z,-35.00637,-42.84439,-0.2971,0.0891,249.58333,2015-10-20T00:00:00Z,SVP
116360,2015-06-06T13:00:00Z,-35.0042,-42.85659,-0.2713,-0.0088,481.66666,2015-10-20T00:00:00Z,SVP
116360,2015-06-06T14:00:00Z,-35.00542,-42.86706,-0.2696,-0.0105,481.66666,2015-10-20T00:00:00Z,SVP
116360,2015-06-06T15:00:00Z,-35.00717,-42.87784,-0.2697,-0.0149,481.66666,2015-10-20T00:00:00Z,SVP
116360,2015-06-06T16:00:00Z,-35.01876,-42.88909,-0.2709,-0.0874,481.66666,2015-10-20T00:00:00Z,SVP
116360,2015-06-06T17:00:00Z,-35.01237,-42.8913,-0.0252,0.1895,242.54167,2015-10-20T00:00:00Z,SVP
116360,2015-06-06T18:00:00Z,-35.0057,-42.89263,-0.037,0.114,400.79166,2015-10-20T00:00:00Z,SVP
116360,2015-06-06T19:00:00Z,-35.00334,-42.89424,-0.0389,0.1204,400.79166,2015-10-20T00:00:00Z,SVP
116360,2015-06-06T20:00:00Z,-35.00044,-42.89496,-0.0342,0.1303,400.79166,2015-10-20T00:00:00Z,SVP
116360,2015-06-06T21:00:00Z,-34.99535,-42.90063,-0.1372,0.1286,186.29166,2015-10-20T00:00:00Z,SVP
116360,2015-06-06T22:00:00Z,-34.99101,-42.90623,-0.1321,0.1553,302.4167,2015-10-20T00:00:00Z,SVP
116360,2015-06-06T23:00:00Z,-34.98592,-42.91096,-0.1302,0.1548,302.4167,2015-10-20T00:00:00Z,SVP
116360,2015-06-07T00:00:00Z,-34.98063,-42.91589,-0.1039,0.1587,105.458336,2015-10-20T00:00:00Z,SVP
116360,2015-06-07T01:00:00Z,-34.97526,-42.92188,-0.1916,0.1574,123.0,2015-10-20T00:00:00Z,SVP
116360,2015-06-07T02:00:00Z,-34.98137,-42.93184,-0.2501,-0.0437,126.58333,2015-10-20T00:00:00Z,SVP
116360,2015-06-07T03:00:00Z,-34.96056,-42.92738,-0.0571,0.2395,232.04169,2015-10-20T00:00:00Z,SVP
116360,2015-06-07T04:00:00Z,-34.95315,-42.92909,-0.1047,0.2586,242.54167,2015-10-20T00:00:00Z,SVP
116360,2015-06-07T05:00:00Z,-34.94527,-42.93512,-0.0796,0.2621,242.54167,2015-10-20T00:00:00Z,SVP
116360,2015-06-07T06:00:00Z,-34.9369,-42.9377,-0.1122,0.2505,147.58333,2015-10-20T00:00:00Z,SVP
116360,2015-06-07T07:00:00Z,-34.927,-42.94351,-0.1207,0.3134,161.70833,2015-10-20T00:00:00Z,SVP
116360,2015-06-07T08:00:00Z,-34.91636,-42.94965,-0.2404,0.2674,161.70833,2015-10-20T00:00:00Z,SVP
116360,2015-06-07T09:00:00Z,-34.90766,-42.95811,-0.253,0.2494,295.33334,2015-10-20T00:00:00Z,SVP
116360,2015-06-07T10:00:00Z,-34.89959,-42.96891,-0.2548,0.2496,295.33334,2015-10-20T00:00:00Z,SVP
116360,2015-06-07T11:00:00Z,-34.89222,-42.97957,-0.1969,0.1856,112.5,2015-10-20T00:00:00Z,SVP
116360,2015-06-07T12:00:00Z,-34.88704,-42.9867,-0.1618,0.0372,133.66667,2015-10-20T00:00:00Z,SVP
116360,2015-06-07T13:00:00Z,-34.88595,-42.98904,0.0406,0.0155,748.7916,2015-10-20T00:00:00Z,SVP
116360,2015-06-07T14:00:00Z,-34.88526,-42.98676,0.0394,0.0157,748.7916,2015-10-20T00:00:00Z,SVP
116360,2015-06-07T15:00:00Z,-34.8846,-42.98475,0.0382,0.0158,748.7916,2015-10-20T00:00:00Z,SVP
116360,2015-06-07T16:00:00Z,-34.88389,-42.98278,0.0364,0.0159,748.7916,2015-10-20T00:00:00Z,SVP
116360,2015-06-07T17:00:00Z,-34.88295,-42.98069,0.0325,0.016,748.7916,2015-10-20T00:00:00Z,SVP
116360,2015-06-07T18:00:00Z,-34.88166,-42.97882,0.0528,0.0263,302.4167,2015-10-20T00:00:00Z,SVP
116360,2015-06-07T19:00:00Z,-34.88206,-42.97829,0.0471,0.0204,302.4167,2015-10-20T00:00:00Z,SVP
116360,2015-06-07T20:00:00Z,-34.87683,-42.96735,0.1462,0.2957,84.458336,2015-10-20T00:00:00Z,SVP
116360,2015-06-07T21:00:00Z,-34.86824,-42.96226,0.2721,0.2751,165.29167,2015-10-20T00:00:00Z,SVP
116360,2015-06-07T22:00:00Z,-34.87179,-42.95234,0.1519,0.3759,319.9583,2015-10-20T00:00:00Z,SVP
116360,2015-06-07T23:00:00Z,-34.85353,-42.94783,0.1569,0.2507,319.9583,2015-10-20T00:00:00Z,SVP
116360,2015-06-08T00:00:00Z,-34.846,-42.94098,0.1483,0.2701,319.9583,2015-10-20T00:00:00Z,SVP
116360,2015-06-08T01:00:00Z,-34.83672,-42.93995,-0.0229,0.2404,115.958336,2015-10-20T00:00:00Z,SVP
116360,2015-06-08T02:00:00Z,-34.83163,-42.94126,0.0227,0.2343,246.16667,2015-10-20T00:00:00Z,SVP
116360,2015-06-08T03:00:00Z,-34.82174,-42.94038,0.0248,0.2202,246.16667,2015-10-20T00:00:00Z,SVP
116360,2015-06-08T04:00:00Z,-34.81558,-42.93919,0.0469,0.2109,253.20834,2015-10-20T00:00:00Z,SVP
116360,2015-06-08T05:00:00Z,-34.80953,-42.93712,0.047,0.2224,253.20834,2015-10-20T00:00:00Z,SVP
116360,2015-06-08T06:00:00Z,-34.80427,-42.93733,-0.026,0.1191,0.0,2015-10-20T00:00:00Z,SVP
116360,2015-06-08T07:00:00Z,-34.80236,-42.93839,0.0365,0.0047,123.0,2015-10-20T00:00:00Z,SVP
116360,2015-06-08T08:00:00Z,-34.80247,-42.93693,0.0442,-0.0329,126.58333,2015-10-20T00:00:00Z,SVP
116360,2015-06-08T09:00:00Z,-34.80306,-42.93431,0.0656,-0.0244,239.08334,2015-10-20T00:00:00Z,SVP
116360,2015-06-08T10:00:00Z,-34.80502,-42.93356,0.0509,-0.034,239.08334,2015-10-20T00:00:00Z,SVP
116360,2015-06-08T11:00:00Z,-34.80354,-42.92672,0.1161,5.0E-4,182.83333,2015-10-20T00:00:00Z,SVP
116360,2015-06-08T12:00:00Z,-34.80458,-42.92324,0.0856,-0.0062,130.04166,2015-10-20T00:00:00Z,SVP
116360,2015-06-08T13:00:00Z,-34.80449,-42.92424,-0.0019,0.0565,657.4584,2015-10-20T00:00:00Z,SVP
116360,2015-06-08T14:00:00Z,-34.80262,-42.92297,0.0134,0.0569,657.4584,2015-10-20T00:00:00Z,SVP
116360,2015-06-08T15:00:00Z,-34.80083,-42.92194,0.0171,0.0567,657.4584,2015-10-20T00:00:00Z,SVP
116360,2015-06-08T16:00:00Z,-34.79914,-42.92112,0.018,0.0561,657.4584,2015-10-20T00:00:00Z,SVP
116360,2015-06-08T17:00:00Z,-34.79778,-42.92069,0.017,0.0544,657.4584,2015-10-20T00:00:00Z,SVP
116360,2015-06-08T18:00:00Z,-34.79366,-42.88742,0.1996,0.0818,260.0833,2015-10-20T00:00:00Z,SVP
116360,2015-06-08T19:00:00Z,-34.78991,-42.87982,0.2011,0.0887,260.0833,2015-10-20T00:00:00Z,SVP
116360,2015-06-08T20:00:00Z,-34.77274,-42.87141,0.0286,0.329,168.75,2015-10-20T00:00:00Z,SVP
116360,2015-06-08T21:00:00Z,-34.76413,-42.87083,0.0032,0.2309,77.41667,2015-10-20T00:00:00Z,SVP
116360,2015-06-08T22:00:00Z,-34.75737,-42.87447,-0.0276,0.1543,351.58334,2015-10-20T00:00:00Z,SVP
116360,2015-06-08T23:00:00Z,-34.75295,-42.87338,-0.0361,0.1576,351.58334,2015-10-20T00:00:00Z,SVP
116360,2015-06-09T00:00:00Z,-34.74831,-42.87147,-0.219,0.1257,137.08333,2015-10-20T00:00:00Z,SVP
116360,2015-06-09T01:00:00Z,-34.74385,-42.87968,-0.0528,0.1472,108.91667,2015-10-20T00:00:00Z,SVP
116360,2015-06-09T02:00:00Z,-34.74024,-42.8815,-0.0314,0.1035,274.2083,2015-10-20T00:00:00Z,SVP
116360,2015-06-09T03:00:00Z,-34.73355,-42.88178,-0.0311,0.1336,274.2083,2015-10-20T00:00:00Z,SVP
116360,2015-06-09T04:00:00Z,-34.73377,-42.88418,-0.0418,0.0191,256.66666,2015-10-20T00:00:00Z,SVP
116360,2015-06-09T05:00:00Z,-34.73354,-42.88626,-0.0368,0.0257,235.50002,2015-10-20T00:00:00Z,SVP
116360,2015-06-09T06:00:00Z,-34.73175,-42.88605,-0.0171,0.0364,235.50002,2015-10-20T00:00:00Z,SVP
116360,2015-06-09T07:00:00Z,-34.72957,-42.88347,0.051,0.0807,235.50002,2015-10-20T00:00:00Z,SVP
116360,2015-06-09T08:00:00Z,-34.72607,-42.87089,0.1294,0.0803,235.50002,2015-10-20T00:00:00Z,SVP
116360,2015-06-09T09:00:00Z,-34.72474,-42.87894,0.0691,0.0601,235.50002,2015-10-20T00:00:00Z,SVP
116360,2015-06-09T10:00:00Z,-34.72233,-42.87883,-0.0328,0.0727,207.45834,2015-10-20T00:00:00Z,SVP
116360,2015-06-09T11:00:00Z,-34.71998,-42.86294,-0.1753,0.1898,137.08333,2015-10-20T00:00:00Z,SVP
116360,2015-06-09T12:00:00Z,-34.71226,-42.87957,0.052,0.1999,119.54167,2015-10-20T00:00:00Z,SVP
116360,2015-06-09T13:00:00Z,-34.70484,-42.87567,0.0478,0.1754,675.0,2015-10-20T00:00:00Z,SVP
116360,2015-06-09T14:00:00Z,-34.69931,-42.87461,0.0509,0.1757,675.0,2015-10-20T00:00:00Z,SVP
116360,2015-06-09T15:00:00Z,-34.69369,-42.87291,0.0522,0.1759,675.0,2015-10-20T00:00:00Z,SVP
116360,2015-06-09T16:00:00Z,-34.68806,-42.87104,0.0533,0.1761,675.0,2015-10-20T00:00:00Z,SVP
116360,2015-06-09T17:00:00Z,-34.68245,-42.86913,0.0548,0.1765,675.0,2015-10-20T00:00:00Z,SVP
116360,2015-06-09T18:00:00Z,-34.67645,-42.86809,0.0218,0.1787,302.4167,2015-10-20T00:00:00Z,SVP
116360,2015-06-09T19:00:00Z,-34.67059,-42.86638,0.0205,0.1786,302.4167,2015-10-20T00:00:00Z,SVP
116360,2015-06-09T20:00:00Z,-34.66486,-42.86923,-0.1136,0.1664,91.33333,2015-10-20T00:00:00Z,SVP
116360,2015-06-09T21:00:00Z,-34.65863,-42.87037,0.0429,0.2171,105.458336,2015-10-20T00:00:00Z,SVP
116360,2015-06-09T22:00:00Z,-34.65394,-42.87075,-0.0746,0.1023,80.83333,2015-10-20T00:00:00Z,SVP
116360,2015-06-09T23:00:00Z,-34.64931,-42.8733,-0.0778,0.0489,319.9583,2015-10-20T00:00:00Z,SVP
116360,2015-06-10T00:00:00Z,-34.64716,-42.87667,-0.0775,0.0351,319.9583,2015-10-20T00:00:00Z,SVP
116360,2015-06-10T01:00:00Z,-34.64601,-42.87382,0.1322,0.071,562.5,2015-10-20T00:00:00Z,SVP
116360,2015-06-10T02:00:00Z,-34.64302,-42.86843,0.1341,0.0802,562.5,2015-10-20T00:00:00Z,SVP
116360,2015-06-10T03:00:00Z,-34.64073,-42.86285,0.1362,0.0778,562.5,2015-10-20T00:00:00Z,SVP
116360,2015-06-10T04:00:00Z,-34.63915,-42.85696,0.139,0.072,562.5,2015-10-20T00:00:00Z,SVP
116360,2015-06-10T05:00:00Z,-34.63637,-42.85449,-0.1593,0.1647,393.75,2015-10-20T00:00:00Z,SVP
116360,2015-06-10T06:00:00Z,-34.62962,-42.86137,-0.1541,0.1487,393.75,2015-10-20T00:00:00Z,SVP
116360,2015-06-10T07:00:00Z,-34.62401,-42.87113,-0.0028,0.1377,393.75,2015-10-20T00:00:00Z,SVP
116360,2015-06-10T08:00:00Z,-34.61786,-42.86654,0.2851,0.2456,193.33334,2015-10-20T00:00:00Z,SVP
116360,2015-06-10T09:00:00Z,-34.60098,-42.84613,0.4624,0.4598,0.0,2015-10-20T00:00:00Z,SVP
116360,2015-06-10T10:00:00Z,-34.60143,-42.84501,0.056,0.0705,249.58333,2015-10-20T00:00:00Z,SVP
116360,2015-06-10T11:00:00Z,-34.5984,-42.85326,-0.1586,0.0819,130.04166,2015-10-20T00:00:00Z,SVP
116360,2015-06-10T12:00:00Z,-34.59448,-42.85901,0.0766,0.1473,105.458336,2015-10-20T00:00:00Z,SVP
116360,2015-06-10T13:00:00Z,-34.58995,-42.8556,0.0771,0.1901,147.58333,2015-10-20T00:00:00Z,SVP
116360,2015-06-10T14:00:00Z,-34.58253,-42.85679,-0.0212,0.2401,576.5834,2015-10-20T00:00:00Z,SVP
116360,2015-06-10T15:00:00Z,-34.57442,-42.85844,-0.021,0.2394,576.5834,2015-10-20T00:00:00Z,SVP
116360,2015-06-10T16:00:00Z,-34.56675,-42.86001,-0.0205,0.2402,576.5834,2015-10-20T00:00:00Z,SVP
116360,2015-06-10T17:00:00Z,-34.55949,-42.86201,-0.0195,0.2434,576.5834,2015-10-20T00:00:00Z,SVP
116360,2015-06-10T18:00:00Z,-34.55171,-42.86018,-0.0096,0.2423,246.16667,2015-10-20T00:00:00Z,SVP
116360,2015-06-10T19:00:00Z,-34.5445,-42.85923,0.0391,0.087,193.33334,2015-10-20T00:00:00Z,SVP
116360,2015-06-10T20:00:00Z,-34.54207,-42.85923,0.0707,0.1021,49.208332,2015-10-20T00:00:00Z,SVP
116360,2015-06-10T21:00:00Z,-34.53718,-42.85491,0.1076,0.1797,151.20834,2015-10-20T00:00:00Z,SVP
116360,2015-06-10T22:00:00Z,-34.531,-42.8515,0.0608,0.1948,340.95834,2015-10-20T00:00:00Z,SVP
116360,2015-06-10T23:00:00Z,-34.52486,-42.84983,0.0575,0.1943,340.95834,2015-10-20T00:00:00Z,SVP
116360,2015-06-11T00:00:00Z,-34.5187,-42.8478,0.1624,0.2096,105.458336,2015-10-20T00:00:00Z,SVP
116360,2015-06-11T01:00:00Z,-34.51068,-42.84022,0.1661,0.2618,130.04166,2015-10-20T00:00:00Z,SVP
116360,2015-06-11T02:00:00Z,-34.50331,-42.83899,-0.0588,0.2268,450.0,2015-10-20T00:00:00Z,SVP
116360,2015-06-11T03:00:00Z,-34.49497,-42.84229,-0.0592,0.2309,450.0,2015-10-20T00:00:00Z,SVP
116360,2015-06-11T04:00:00Z,-34.48536,-42.84651,-0.0603,0.2438,450.0,2015-10-20T00:00:00Z,SVP
116360,2015-06-11T05:00:00Z,-34.47812,-42.84894,0.0095,0.1466,397.3333,2015-10-20T00:00:00Z,SVP
116360,2015-06-11T06:00:00Z,-34.47375,-42.84833,0.0099,0.1493,397.3333,2015-10-20T00:00:00Z,SVP
116360,2015-06-11T07:00:00Z,-34.46879,-42.84837,0.0166,0.1454,397.3333,2015-10-20T00:00:00Z,SVP
116360,2015-06-11T08:00:00Z,-34.46446,-42.84457,0.0772,0.1321,210.91667,2015-10-20T00:00:00Z,SVP
116360,2015-06-11T09:00:00Z,-34.45974,-42.84081,0.0774,0.116,0.0,2015-10-20T00:00:00Z,SVP
116360,2015-06-11T10:00:00Z,-34.45532,-42.83761,0.0812,0.1775,186.29166,2015-10-20T00:00:00Z,SVP
116360,2015-06-11T11:00:00Z,-34.44276,-42.83444,0.0792,0.2422,130.04166,2015-10-20T00:00:00Z,SVP
116360,2015-06-11T12:00:00Z,-34.43622,-42.83184,0.0565,0.2084,263.7083,2015-10-20T00:00:00Z,SVP
116360,2015-06-11T13:00:00Z,-34.42944,-42.8298,-0.0014,0.1999,604.6667,2015-10-20T00:00:00Z,SVP
116360,2015-06-11T14:00:00Z,-34.42272,-42.8315,-0.0094,0.2002,604.6667,2015-10-20T00:00:00Z,SVP
116360,2015-06-11T15:00:00Z,-34.41613,-42.83511,-0.0294,0.2003,604.6667,2015-10-20T00:00:00Z,SVP
116360,2015-06-11T16:00:00Z,-34.40956,-42.83748,-0.0301,0.2004,604.6667,2015-10-20T00:00:00Z,SVP
116360,2015-06-11T17:00:00Z,-34.40334,-42.83913,0.0785,0.1894,239.08334,2015-10-20T00:00:00Z,SVP
116360,2015-06-11T18:00:00Z,-34.39765,-42.8321,0.008,0.1849,239.08334,2015-10-20T00:00:00Z,SVP
116360,2015-06-11T19:00:00Z,-34.39384,-42.83114,0.0871,0.1227,175.79167,2015-10-20T00:00:00Z,SVP
116360,2015-06-11T20:00:00Z,-34.39043,-42.82854,0.0805,0.1564,221.54167,2015-10-20T00:00:00Z,SVP
116360,2015-06-11T21:00:00Z,-34.38514,-42.8239,0.0744,0.1571,221.54167,2015-10-20T00:00:00Z,SVP
116360,2015-06-11T22:00:00Z,-34.37967,-42.8214,0.0803,0.1811,478.2083,2015-10-20T00:00:00Z,SVP
116360,2015-06-11T23:00:00Z,-34.37387,-42.81879,0.0788,0.1809,478.2083,2015-10-20T00:00:00Z,SVP
116360,2015-06-12T00:00:00Z,-34.36814,-42.8162,0.078,0.1806,478.2083,2015-10-20T00:00:00Z,SVP
116360,2015-06-12T01:00:00Z,-34.3636,-42.81309,0.0658,0.1546,130.04166,2015-10-20T00:00:00Z,SVP
116360,2015-06-12T02:00:00Z,-34.36331,-42.81094,0.1312,0.3236,355.0417,2015-10-20T00:00:00Z,SVP
116360,2015-06-12T03:00:00Z,-34.35155,-42.80468,0.1292,0.3168,355.0417,2015-10-20T00:00:00Z,SVP
116360,2015-06-12T04:00:00Z,-34.34036,-42.79857,0.1249,0.306,355.0417,2015-10-20T00:00:00Z,SVP
116360,2015-06-12T05:00:00Z,-34.33112,-42.79366,0.1366,0.3107,383.25,2015-10-20T00:00:00Z,SVP
116360,2015-06-12T06:00:00Z,-34.32165,-42.78956,0.1316,0.3079,383.25,2015-10-20T00:00:00Z,SVP
116360,2015-06-12T07:00:00Z,-34.31099,-42.78583,0.1071,0.3136,172.33334,2015-10-20T00:00:00Z,SVP
116360,2015-06-12T08:00:00Z,-34.30082,-42.7798,0.1107,0.3169,172.33334,2015-10-20T00:00:00Z,SVP
116360,2015-06-12T09:00:00Z,-34.28743,-42.77787,0.0263,0.4507,175.79167,2015-10-20T00:00:00Z,SVP
116360,2015-06-12T10:00:00Z,-34.27352,-42.77735,-0.0185,0.4187,288.2917,2015-10-20T00:00:00Z,SVP
116360,2015-06-12T11:00:00Z,-34.25974,-42.7793,-0.0211,0.4195,288.2917,2015-10-20T00:00:00Z,SVP
116360,2015-06-12T12:00:00Z,-34.24731,-42.78124,-0.0862,0.3639,126.58333,2015-10-20T00:00:00Z,SVP
116360,2015-06-12T13:00:00Z,-34.24122,-42.78759,-0.153,0.1611,123.0,2015-10-20T00:00:00Z,SVP
116360,2015-06-12T14:00:00Z,-34.23618,-42.79392,-0.111,0.1583,520.3334,2015-10-20T00:00:00Z,SVP
116360,2015-06-12T15:00:00Z,-34.23037,-42.79748,-0.1163,0.1568,520.3334,2015-10-20T00:00:00Z,SVP
116360,2015-06-12T16:00:00Z,-34.22473,-42.80252,-0.11,0.1554,520.3334,2015-10-20T00:00:00Z,SVP
116360,2015-06-12T17:00:00Z,-34.21949,-42.80763,-0.0741,0.113,232.04169,2015-10-20T00:00:00Z,SVP
116360,2015-06-12T18:00:00Z,-34.21674,-42.81009,-0.0735,0.1086,232.04169,2015-10-20T00:00:00Z,SVP
116360,2015-06-12T19:00:00Z,-34.21548,-42.82142,-0.2001,0.0616,133.66667,2015-10-20T00:00:00Z,SVP
116360,2015-06-12T20:00:00Z,-34.2122,-42.8034,0.1156,0.0656,249.58333,2015-10-20T00:00:00Z,SVP
116360,2015-06-12T21:00:00Z,-34.20766,-42.77507,-0.0967,0.0265,464.08337,2015-10-20T00:00:00Z,SVP
116360,2015-06-12T22:00:00Z,-34.20762,-42.77939,-0.0946,0.0298,464.08337,2015-10-20T00:00:00Z,SVP
116360,2015-06-12T23:00:00Z,-34.21378,-42.79672,0.1681,0.1839,464.08337,2015-10-20T00:00:00Z,SVP
116360,2015-06-13T00:00:00Z,-34.20693,-42.78694,-0.0576,0.1323,140.70834,2015-10-20T00:00:00Z,SVP
116360,2015-06-13T01:00:00Z,-34.20151,-42.78689,0.1289,0.2132,112.5,2015-10-20T00:00:00Z,SVP
116360,2015-06-13T02:00:00Z,-34.19393,-42.78195,0.1227,0.2058,351.58334,2015-10-20T00:00:00Z,SVP
116360,2015-06-13T03:00:00Z,-34.18764,-42.77687,0.1207,0.2075,351.58334,2015-10-20T00:00:00Z,SVP
116360,2015-06-13T04:00:00Z,-34.18104,-42.77126,0.0773,0.2473,267.16666,2015-10-20T00:00:00Z,SVP
116360,2015-06-13T05:00:00Z,-34.17277,-42.76865,0.0789,0.2503,267.16666,2015-10-20T00:00:00Z,SVP
116360,2015-06-13T06:00:00Z,-34.16451,-42.76593,0.0378,0.3135,151.20834,2015-10-20T00:00:00Z,SVP
116360,2015-06-13T07:00:00Z,-34.15365,-42.76417,0.0232,0.34,221.54167,2015-10-20T00:00:00Z,SVP
116360,2015-06-13T08:00:00Z,-34.14321,-42.76473,0.0078,0.3366,221.54167,2015-10-20T00:00:00Z,SVP
116360,2015-06-13T09:00:00Z,-34.13251,-42.75617,0.1011,0.316,140.70834,2015-10-20T00:00:00Z,SVP
116360,2015-06-13T10:00:00Z,-34.124,-42.76543,-0.0173,0.2611,302.4167,2015-10-20T00:00:00Z,SVP
116360,2015-06-13T11:00:00Z,-34.11473,-42.76806,-0.0159,0.2599,302.4167,2015-10-20T00:00:00Z,SVP
116360,2015-06-13T12:00:00Z,-34.10931,-42.76537,-0.0803,0.2075,144.16667,2015-10-20T00:00:00Z,SVP
116360,2015-06-13T13:00:00Z,-34.0934,-42.79042,-0.0115,-0.061,534.4583,2015-10-20T00:00:00Z,SVP
116360,2015-06-13T14:00:00Z,-34.0961,-42.79064,-0.0113,-0.0574,534.4583,2015-10-20T00:00:00Z,SVP
116360,2015-06-13T15:00:00Z,-34.09831,-42.79142,-0.0101,-0.0549,534.4583,2015-10-20T00:00:00Z,SVP
116360,2015-06-13T16:00:00Z,-34.10037,-42.79279,-0.0071,-0.0517,534.4583,2015-10-20T00:00:00Z,SVP
116360,2015-06-13T17:00:00Z,-34.10132,-42.79248,0.0197,-0.042,246.16667,2015-10-20T00:00:00Z,SVP
116360,2015-06-13T18:00:00Z,-34.10273,-42.79057,0.0124,-0.0381,246.16667,2015-10-20T00:00:00Z,SVP
116360,2015-06-13T19:00:00Z,-34.09975,-42.78893,0.0741,0.0584,158.25,2015-10-20T00:00:00Z,SVP
116360,2015-06-13T20:00:00Z,-34.09741,-42.78377,0.1335,0.1041,232.04169,2015-10-20T00:00:00Z,SVP
116360,2015-06-13T21:00:00Z,-34.09447,-42.77883,0.1482,0.1551,432.4583,2015-10-20T00:00:00Z,SVP
116360,2015-06-13T22:00:00Z,-34.08872,-42.77336,0.1454,0.1563,432.4583,2015-10-20T00:00:00Z,SVP
116360,2015-06-13T23:00:00Z,-34.08339,-42.76758,0.1456,0.1567,432.4583,2015-10-20T00:00:00Z,SVP
116360,2015-06-14T00:00:00Z,-34.07706,-42.76618,0.0785,0.199,126.58333,2015-10-20T00:00:00Z,SVP
116360,2015-06-14T01:00:00Z,-34.06991,-42.76401,0.0021,0.2391,123.0,2015-10-20T00:00:00Z,SVP
116360,2015-06-14T02:00:00Z,-34.06288,-42.76584,-0.0526,0.2029,130.04166,2015-10-20T00:00:00Z,SVP
116360,2015-06-14T03:00:00Z,-34.05645,-42.76729,-0.0488,0.1977,270.58334,2015-10-20T00:00:00Z,SVP
116360,2015-06-14T04:00:00Z,-34.05025,-42.76999,-0.0561,0.1915,242.54167,2015-10-20T00:00:00Z,SVP
116360,2015-06-14T05:00:00Z,-34.04383,-42.77163,-0.0559,0.191,242.54167,2015-10-20T00:00:00Z,SVP
116360,2015-06-14T06:00:00Z,-34.03727,-42.77466,-0.0908,0.2057,151.20834,2015-10-20T00:00:00Z,SVP
116360,2015-06-14T07:00:00Z,-34.03019,-42.7784,-0.1,0.2494,168.75,2015-10-20T00:00:00Z,SVP
116360,2015-06-14T08:00:00Z,-34.02303,-42.78011,-0.0072,0.2043,70.333336,2015-10-20T00:00:00Z,SVP
116360,2015-06-14T09:00:00Z,-34.02212,-42.77962,-0.2887,0.0558,246.16667,2015-10-20T00:00:00Z,SVP
116360,2015-06-14T10:00:00Z,-34.01989,-42.79146,-0.2973,0.0602,246.16667,2015-10-20T00:00:00Z,SVP
116360,2015-06-14T11:00:00Z,-34.01705,-42.80419,0.1408,0.0376,133.66667,2015-10-20T00:00:00Z,SVP
116360,2015-06-14T12:00:00Z,-34.01582,-42.79338,-0.0552,-0.0011,108.91667,2015-10-20T00:00:00Z,SVP
116360,2015-06-14T13:00:00Z,-34.01612,-42.79572,-0.0352,0.0032,566.0833,2015-10-20T00:00:00Z,SVP
116360,2015-06-14T14:00:00Z,-34.01592,-42.79697,-0.0336,0.0031,566.0833,2015-10-20T00:00:00Z,SVP
116360,2015-06-14T15:00:00Z,-34.01577,-42.79878,-0.0355,0.0031,566.0833,2015-10-20T00:00:00Z,SVP
116360,2015-06-14T16:00:00Z,-34.01563,-42.80119,-0.038,0.003,566.0833,2015-10-20T00:00:00Z,SVP
116360,2015-06-14T17:00:00Z,-34.01502,-42.79872,0.1076,0.0172,235.50002,2015-10-20T00:00:00Z,SVP
116360,2015-06-14T18:00:00Z,-34.01449,-42.79348,0.1158,0.0591,151.20834,2015-10-20T00:00:00Z,SVP
116360,2015-06-14T19:00:00Z,-34.0113,-42.78999,0.1086,0.0886,130.04166,2015-10-20T00:00:00Z,SVP
116360,2015-06-14T20:00:00Z,-34.00882,-42.78557,0.0838,0.1507,112.5,2015-10-20T00:00:00Z,SVP
116360,2015-06-14T21:00:00Z,-34.00177,-42.78395,0.0184,0.2836,147.58333,2015-10-20T00:00:00Z,SVP
116360,2015-06-14T22:00:00Z,-33.99297,-42.78372,0.0305,0.2874,393.75,2015-10-20T00:00:00Z,SVP
116360,2015-06-14T23:00:00Z,-33.98356,-42.78164,0.0302,0.2876,393.75,2015-10-20T00:00:00Z,SVP
116360,2015-06-15T00:00:00Z,-33.97384,-42.78021,0.0303,0.2885,393.75,2015-10-20T00:00:00Z,SVP
116360,2015-06-15T01:00:00Z,-33.96769,-42.77959,1.0E-4,0.1442,421.95834,2015-10-20T00:00:00Z,SVP
116360,2015-06-15T02:00:00Z,-33.96236,-42.78005,5.0E-4,0.1485,421.95834,2015-10-20T00:00:00Z,SVP
116360,2015-06-15T03:00:00Z,-33.95522,-42.78069,0.0015,0.1692,421.95834,2015-10-20T00:00:00Z,SVP
116360,2015-06-15T04:00:00Z,-33.94919,-42.78169,0.0224,0.0542,242.54167,2015-10-20T00:00:00Z,SVP
116360,2015-06-15T05:00:00Z,-33.94956,-42.77936,0.0189,0.0957,242.54167,2015-10-20T00:00:00Z,SVP
116360,2015-06-15T06:00:00Z,-33.94576,-42.78184,-0.0868,0.081,137.08333,2015-10-20T00:00:00Z,SVP
116360,2015-06-15T07:00:00Z,-33.94369,-42.78466,-0.0799,0.0799,151.20834,2015-10-20T00:00:00Z,SVP
116360,2015-06-15T08:00:00Z,-33.94208,-42.78235,0.096,0.037,147.58333,2015-10-20T00:00:00Z,SVP
116360,2015-06-15T09:00:00Z,-33.93807,-42.77936,0.0917,-0.0903,123.0,2015-10-20T00:00:00Z,SVP
116360,2015-06-15T10:00:00Z,-33.94177,-42.77367,0.261,-0.1129,119.54167,2015-10-20T00:00:00Z,SVP
116360,2015-06-15T11:00:00Z,-33.93906,-42.76235,0.2903,0.1469,126.58333,2015-10-20T00:00:00Z,SVP
116360,2015-06-15T12:00:00Z,-33.93406,-42.7506,0.328,0.181,115.958336,2015-10-20T00:00:00Z,SVP
116360,2015-06-15T13:00:00Z,-33.92604,-42.73804,0.3347,0.2358,587.0834,2015-10-20T00:00:00Z,SVP
116360,2015-06-15T14:00:00Z,-33.91861,-42.72501,0.3347,0.2345,587.0834,2015-10-20T00:00:00Z,SVP
116360,2015-06-15T15:00:00Z,-33.9159,-42.71188,0.3346,0.1872,587.0834,2015-10-20T00:00:00Z,SVP
116360,2015-06-15T16:00:00Z,-33.91174,-42.69847,0.3343,0.1762,587.0834,2015-10-20T00:00:00Z,SVP
116360,2015-06-15T17:00:00Z,-33.89425,-42.68655,0.319,0.2766,242.54167,2015-10-20T00:00:00Z,SVP
116360,2015-06-15T18:00:00Z,-33.88442,-42.67668,0.1257,0.3824,267.16666,2015-10-20T00:00:00Z,SVP
116360,2015-06-15T19:00:00Z,-33.87389,-42.67332,0.1249,0.3752,267.16666,2015-10-20T00:00:00Z,SVP
116360,2015-06-15T20:00:00Z,-33.86285,-42.67231,0.0337,0.33,126.58333,2015-10-20T00:00:00Z,SVP
116360,2015-06-15T21:00:00Z,-33.85343,-42.67764,-0.0974,0.1315,119.54167,2015-10-20T00:00:00Z,SVP
116360,2015-06-15T22:00:00Z,-33.84829,-42.68063,-0.0825,0.1424,400.79166,2015-10-20T00:00:00Z,SVP
116360,2015-06-15T23:00:00Z,-33.84401,-42.68369,-0.0831,0.1418,400.79166,2015-10-20T00:00:00Z,SVP
116360,2015-06-16T00:00:00Z,-33.8395,-42.68749,-0.0834,0.2571,116.083336,2015-10-20T00:00:00Z,SVP
116360,2015-06-16T01:00:00Z,-33.83079,-42.69119,-0.1285,0.2012,130.04166,2015-10-20T00:00:00Z,SVP
116360,2015-06-16T02:00:00Z,-33.82599,-42.69554,-0.1014,0.083,305.83334,2015-10-20T00:00:00Z,SVP
116360,2015-06-16T03:00:00Z,-33.82316,-42.70012,-0.1059,0.0817,305.83334,2015-10-20T00:00:00Z,SVP
116360,2015-06-16T04:00:00Z,-33.82007,-42.70113,-0.0117,0.0766,253.20834,2015-10-20T00:00:00Z,SVP
116360,2015-06-16T05:00:00Z,-33.81925,-42.70007,-0.0256,0.0665,253.20834,2015-10-20T00:00:00Z,SVP
116360,2015-06-16T06:00:00Z,-33.81474,-42.70134,0.001,0.0851,151.20834,2015-10-20T00:00:00Z,SVP
116360,2015-06-16T07:00:00Z,-33.81414,-42.69975,0.1589,-0.0021,144.16667,2015-10-20T00:00:00Z,SVP
116360,2015-06-16T08:00:00Z,-33.81352,-42.6919,0.0663,0.0661,105.458336,2015-10-20T00:00:00Z,SVP
116360,2015-06-16T09:00:00Z,-33.81125,-42.68887,0.0923,0.0948,386.70834,2015-10-20T00:00:00Z,SVP
116360,2015-06-16T10:00:00Z,-33.80813,-42.68552,0.0912,0.0952,386.70834,2015-10-20T00:00:00Z,SVP
116360,2015-06-16T11:00:00Z,-33.80536,-42.68413,0.0769,0.0959,386.70834,2015-10-20T00:00:00Z,SVP
116360,2015-06-16T12:00:00Z,-33.80144,-42.67426,0.1639,0.1272,242.54167,2015-10-20T00:00:00Z,SVP
116360,2015-06-16T13:00:00Z,-33.79596,-42.66712,0.1581,0.2384,720.74994,2015-10-20T00:00:00Z,SVP
116360,2015-06-16T14:00:00Z,-33.78753,-42.66167,0.1557,0.2391,720.74994,2015-10-20T00:00:00Z,SVP
116360,2015-06-16T15:00:00Z,-33.77937,-42.65593,0.1547,0.2391,720.74994,2015-10-20T00:00:00Z,SVP
116360,2015-06-16T16:00:00Z,-33.77132,-42.64996,0.1544,0.2389,720.74994,2015-10-20T00:00:00Z,SVP
116360,2015-06-16T17:00:00Z,-33.76326,-42.64376,0.1545,0.2385,720.74994,2015-10-20T00:00:00Z,SVP
116360,2015-06-16T18:00:00Z,-33.75602,-42.64096,-0.0372,0.2389,393.75,2015-10-20T00:00:00Z,SVP
116360,2015-06-16T19:00:00Z,-33.74896,-42.64265,-0.0382,0.2375,393.75,2015-10-20T00:00:00Z,SVP
116360,2015-06-16T20:00:00Z,-33.7416,-42.64361,-0.04,0.2369,393.75,2015-10-20T00:00:00Z,SVP
116360,2015-06-16T21:00:00Z,-33.73695,-42.64878,-0.1816,-0.0136,154.66667,2015-10-20T00:00:00Z,SVP
116360,2015-06-16T22:00:00Z,-33.73885,-42.65632,-0.1213,0.0043,246.16667,2015-10-20T00:00:00Z,SVP
116360,2015-06-16T23:00:00Z,-33.73772,-42.66034,-0.1129,-0.0017,246.16667,2015-10-20T00:00:00Z,SVP
116360,2015-06-17T00:00:00Z,-33.73729,-42.66186,-0.0243,0.0547,101.833336,2015-10-20T00:00:00Z,SVP
116360,2015-06-17T01:00:00Z,-33.73593,-42.66514,-0.0793,0.0274,144.16667,2015-10-20T00:00:00Z,SVP
116360,2015-06-17T02:00:00Z,-33.74789,-42.66607,0.1245,0.137,210.91667,2015-10-20T00:00:00Z,SVP
116360,2015-06-17T03:00:00Z,-33.73986,-42.66138,0.1313,0.0732,210.91667,2015-10-20T00:00:00Z,SVP
116360,2015-06-17T04:00:00Z,-33.73849,-42.65635,0.2048,0.1027,249.58333,2015-10-20T00:00:00Z,SVP
116360,2015-06-17T05:00:00Z,-33.73478,-42.64873,0.2544,0.0481,221.54167,2015-10-20T00:00:00Z,SVP
116360,2015-06-17T06:00:00Z,-33.73343,-42.63881,0.2558,0.0471,221.54167,2015-10-20T00:00:00Z,SVP
116360,2015-06-17T07:00:00Z,-33.73184,-42.62865,0.2656,0.0439,175.79167,2015-10-20T00:00:00Z,SVP
116360,2015-06-17T08:00:00Z,-33.73,-42.61899,0.2169,0.0693,70.333336,2015-10-20T00:00:00Z,SVP
116360,2015-06-17T09:00:00Z,-33.7266,-42.61157,0.1804,0.1106,404.25,2015-10-20T00:00:00Z,SVP
116360,2015-06-17T10:00:00Z,-33.72341,-42.60465,0.18,0.1079,404.25,2015-10-20T00:00:00Z,SVP
116360,2015-06-17T11:00:00Z,-33.71901,-42.59817,0.1752,0.1588,115.958336,2015-10-20T00:00:00Z,SVP
116360,2015-06-17T12:00:00Z,-33.71273,-42.59119,0.0402,0.2015,137.08333,2015-10-20T00:00:00Z,SVP
116360,2015-06-17T13:00:00Z,-33.70615,-42.58911,0.0143,0.191,1117.9584,2015-10-20T00:00:00Z,SVP
116360,2015-06-17T14:00:00Z,-33.69988,-42.58873,0.0138,0.191,1117.9584,2015-10-20T00:00:00Z,SVP
116360,2015-06-17T15:00:00Z,-33.69366,-42.58825,0.0135,0.191,1117.9584,2015-10-20T00:00:00Z,SVP
116360,2015-06-17T16:00:00Z,-33.68744,-42.58772,0.0135,0.191,1117.9584,2015-10-20T00:00:00Z,SVP
116360,2015-06-17T17:00:00Z,-33.68122,-42.58712,0.0136,0.191,1117.9584,2015-10-20T00:00:00Z,SVP
116360,2015-06-17T18:00:00Z,-33.67498,-42.5864,0.014,0.1909,1117.9584,2015-10-20T00:00:00Z,SVP
116360,2015-06-17T19:00:00Z,-33.66868,-42.58537,0.0148,0.1909,1117.9584,2015-10-20T00:00:00Z,SVP
116360,2015-06-17T20:00:00Z,-33.66253,-42.5835,-0.1629,0.1769,73.791664,2015-10-20T00:00:00Z,SVP
116360,2015-06-17T21:00:00Z,-33.66275,-42.58873,-0.0715,-0.0462,182.83333,2015-10-20T00:00:00Z,SVP
116360,2015-06-17T22:00:00Z,-33.66395,-42.58901,0.0407,-0.0338,66.75,2015-10-20T00:00:00Z,SVP
116360,2015-06-17T23:00:00Z,-33.66446,-42.58679,0.0842,-2.0E-4,270.74997,2015-10-20T00:00:00Z,SVP
116360,2015-06-18T00:00:00Z,-33.66577,-42.58468,0.0411,-0.0579,126.58333,2015-10-20T00:00:00Z,SVP
116360,2015-06-18T01:00:00Z,-33.66785,-42.59217,-0.2054,-0.1112,112.5,2015-10-20T00:00:00Z,SVP
116360,2015-06-18T02:00:00Z,-33.6716,-42.59332,0.2764,-0.0255,246.16667,2015-10-20T00:00:00Z,SVP
116360,2015-06-18T03:00:00Z,-33.67243,-42.58448,0.2765,-0.0228,246.16667,2015-10-20T00:00:00Z,SVP
116360,2015-06-18T04:00:00Z,-33.6721,-42.57163,0.2897,0.0254,256.66666,2015-10-20T00:00:00Z,SVP
116360,2015-06-18T05:00:00Z,-33.67128,-42.55924,0.2421,0.1179,397.20834,2015-10-20T00:00:00Z,SVP
116360,2015-06-18T06:00:00Z,-33.66679,-42.55077,0.2439,0.117,397.20834,2015-10-20T00:00:00Z,SVP
116360,2015-06-18T07:00:00Z,-33.66276,-42.54215,0.2483,0.1167,397.20834,2015-10-20T00:00:00Z,SVP
116360,2015-06-18T08:00:00Z,-33.65828,-42.53246,0.2203,0.1526,109.041664,2015-10-20T00:00:00Z,SVP
116360,2015-06-18T09:00:00Z,-33.65215,-42.53106,0.023,0.215,249.58333,2015-10-20T00:00:00Z,SVP
116360,2015-06-18T10:00:00Z,-33.64608,-42.53123,0.0587,0.2186,196.95833,2015-10-20T00:00:00Z,SVP
116360,2015-06-18T11:00:00Z,-33.63763,-42.52757,0.0481,0.2226,196.95833,2015-10-20T00:00:00Z,SVP
116360,2015-06-18T12:00:00Z,-33.63204,-42.52606,0.0528,0.2096,137.08333,2015-10-20T00:00:00Z,SVP
116360,2015-06-18T13:00:00Z,-33.6255,-42.53995,-0.003,0.0993,653.8334,2015-10-20T00:00:00Z,SVP
116360,2015-06-18T14:00:00Z,-33.62365,-42.5393,-0.0027,0.0961,653.8334,2015-10-20T00:00:00Z,SVP
116360,2015-06-18T15:00:00Z,-33.62162,-42.53932,-0.0022,0.0921,653.8334,2015-10-20T00:00:00Z,SVP
116360,2015-06-18T16:00:00Z,-33.61983,-42.53966,-0.0015,0.0884,653.8334,2015-10-20T00:00:00Z,SVP
116360,2015-06-18T17:00:00Z,-33.61828,-42.5403,-7.0E-4,0.0862,653.8334,2015-10-20T00:00:00Z,SVP
116360,2015-06-18T18:00:00Z,-33.61363,-42.53699,0.0622,0.1282,334.04166,2015-10-20T00:00:00Z,SVP
116360,2015-06-18T19:00:00Z,-33.60784,-42.53224,0.048,0.0998,334.04166,2015-10-20T00:00:00Z,SVP
116360,2015-06-18T20:00:00Z,-33.60487,-42.53205,-0.1275,0.1057,186.29166,2015-10-20T00:00:00Z,SVP
116360,2015-06-18T21:00:00Z,-33.60017,-42.53613,-0.1245,0.1135,186.29166,2015-10-20T00:00:00Z,SVP
116360,2015-06-18T22:00:00Z,-33.60027,-42.53717,-0.0144,-0.0169,309.45834,2015-10-20T00:00:00Z,SVP
116360,2015-06-18T23:00:00Z,-33.60162,-42.53705,-0.0144,-0.0193,309.45834,2015-10-20T00:00:00Z,SVP
116360,2015-06-19T00:00:00Z,-33.60204,-42.5364,-0.1345,0.0313,133.66667,2015-10-20T00:00:00Z,SVP
116360,2015-06-19T01:00:00Z,-33.60129,-42.53976,0.103,0.1265,112.5,2015-10-20T00:00:00Z,SVP
116360,2015-06-19T02:00:00Z,-33.59679,-42.53564,0.1146,0.1148,900.0,2015-10-20T00:00:00Z,SVP
116360,2015-06-19T03:00:00Z,-33.59237,-42.53074,0.1146,0.116,900.0,2015-10-20T00:00:00Z,SVP
116360,2015-06-19T04:00:00Z,-33.58825,-42.52608,0.1145,0.1163,900.0,2015-10-20T00:00:00Z,SVP
116360,2015-06-19T05:00:00Z,-33.58418,-42.52146,0.1144,0.1164,900.0,2015-10-20T00:00:00Z,SVP
116360,2015-06-19T06:00:00Z,-33.58007,-42.51683,0.1144,0.1164,900.0,2015-10-20T00:00:00Z,SVP
116360,2015-06-19T07:00:00Z,-33.57579,-42.51209,0.1142,0.1163,900.0,2015-10-20T00:00:00Z,SVP
116360,2015-06-19T08:00:00Z,-33.57311,-42.51016,0.047,0.1154,263.7083,2015-10-20T00:00:00Z,SVP
116360,2015-06-19T09:00:00Z,-33.57209,-42.51015,0.0,0.1486,63.291664,2015-10-20T00:00:00Z,SVP
116360,2015-06-19T10:00:00Z,-33.56643,-42.5134,0.0387,0.1624,344.54166,2015-10-20T00:00:00Z,SVP
116360,2015-06-19T11:00:00Z,-33.5611,-42.51096,0.0222,0.1603,344.54166,2015-10-20T00:00:00Z,SVP
116360,2015-06-19T12:00:00Z,-33.55605,-42.51029,0.0732,0.068,119.54167,2015-10-20T00:00:00Z,SVP
116360,2015-06-19T13:00:00Z,-33.55366,-42.50746,0.0889,0.0636,685.50006,2015-10-20T00:00:00Z,SVP
116360,2015-06-19T14:00:00Z,-33.55173,-42.50391,0.089,0.0634,685.50006,2015-10-20T00:00:00Z,SVP
116360,2015-06-19T15:00:00Z,-33.54985,-42.50051,0.0891,0.0633,685.50006,2015-10-20T00:00:00Z,SVP
116360,2015-06-19T16:00:00Z,-33.54815,-42.49727,0.0892,0.0629,685.50006,2015-10-20T00:00:00Z,SVP
116360,2015-06-19T17:00:00Z,-33.54698,-42.49447,0.0893,0.0619,685.50006,2015-10-20T00:00:00Z,SVP
116360,2015-06-19T18:00:00Z,-33.54324,-42.48975,0.102,0.079,390.1667,2015-10-20T00:00:00Z,SVP
116360,2015-06-19T19:00:00Z,-33.54018,-42.48544,0.1024,0.0787,390.1667,2015-10-20T00:00:00Z,SVP
116360,2015-06-19T20:00:00Z,-33.53685,-42.47971,0.1661,0.1199,140.70834,2015-10-20T00:00:00Z,SVP
116360,2015-06-19T21:00:00Z,-33.53294,-42.47134,0.2184,0.1128,105.458336,2015-10-20T00:00:00Z,SVP
116360,2015-06-19T22:00:00Z,-33.53025,-42.46959,-0.007,0.0658,432.4583,2015-10-20T00:00:00Z,SVP
116360,2015-06-19T23:00:00Z,-33.528,-42.47024,-0.0076,0.0661,432.4583,2015-10-20T00:00:00Z,SVP
116360,2015-06-20T00:00:00Z,-33.52513,-42.47053,-0.0082,0.0689,432.4583,2015-10-20T00:00:00Z,SVP
116360,2015-06-20T01:00:00Z,-33.52524,-42.47038,0.124,0.1,541.3334,2015-10-20T00:00:00Z,SVP
116360,2015-06-20T02:00:00Z,-33.52126,-42.46553,0.1246,0.0959,541.3334,2015-10-20T00:00:00Z,SVP
116360,2015-06-20T03:00:00Z,-33.51805,-42.4614,0.1281,0.0953,541.3334,2015-10-20T00:00:00Z,SVP
116360,2015-06-20T04:00:00Z,-33.51502,-42.4575,0.1383,0.096,541.3334,2015-10-20T00:00:00Z,SVP
116360,2015-06-20T05:00:00Z,-33.51205,-42.45182,0.1912,0.1049,358.6667,2015-10-20T00:00:00Z,SVP
116360,2015-06-20T06:00:00Z,-33.50872,-42.44422,0.1912,0.1049,358.6667,2015-10-20T00:00:00Z,SVP
116360,2015-06-20T07:00:00Z,-33.50509,-42.43686,0.2024,0.1144,270.74997,2015-10-20T00:00:00Z,SVP
116360,2015-06-20T08:00:00Z,-33.50149,-42.42857,0.2046,0.1143,270.74997,2015-10-20T00:00:00Z,SVP
116360,2015-06-20T09:00:00Z,-33.49905,-42.42118,0.186,0.0928,267.16666,2015-10-20T00:00:00Z,SVP
116360,2015-06-20T10:00:00Z,-33.4942,-42.41518,0.1737,0.1111,267.16666,2015-10-20T00:00:00Z,SVP
116360,2015-06-20T11:00:00Z,-33.49394,-42.42216,-0.0053,0.0555,130.04166,2015-10-20T00:00:00Z,SVP
116360,2015-06-20T12:00:00Z,-33.49207,-42.42036,0.1602,-0.0138,126.58333,2015-10-20T00:00:00Z,SVP
116360,2015-06-20T13:00:00Z,-33.49264,-42.41424,0.1138,-0.0026,137.08333,2015-10-20T00:00:00Z,SVP
116360,2015-06-20T14:00:00Z,-33.49255,-42.4106,0.097,-0.0096,565.9583,2015-10-20T00:00:00Z,SVP
116360,2015-06-20T15:00:00Z,-33.49285,-42.40767,0.0949,-0.0096,565.9583,2015-10-20T00:00:00Z,SVP
116360,2015-06-20T16:00:00Z,-33.49319,-42.40476,0.0944,-0.0095,565.9583,2015-10-20T00:00:00Z,SVP
116360,2015-06-20T17:00:00Z,-33.49377,-42.4016,0.161,-0.0175,242.54167,2015-10-20T00:00:00Z,SVP
116360,2015-06-20T18:00:00Z,-33.49429,-42.3939,0.1478,-0.0181,242.54167,2015-10-20T00:00:00Z,SVP
116360,2015-06-20T19:00:00Z,-33.49537,-42.38736,0.1802,-0.0384,154.66667,2015-10-20T00:00:00Z,SVP
116360,2015-06-20T20:00:00Z,-33.49645,-42.37939,0.2181,-0.031,84.458336,2015-10-20T00:00:00Z,SVP
116360,2015-06-20T21:00:00Z,-33.49649,-42.37269,0.1151,-0.022,130.04166,2015-10-20T00:00:00Z,SVP
116360,2015-06-20T22:00:00Z,-33.49365,-42.38316,0.3338,-0.0883,312.91666,2015-10-20T00:00:00Z,SVP
116360,2015-06-20T23:00:00Z,-33.49825,-42.36989,0.3313,-0.0623,312.91666,2015-10-20T00:00:00Z,SVP
116360,2015-06-21T00:00:00Z,-33.50011,-42.35801,0.3031,-0.0546,98.416664,2015-10-20T00:00:00Z,SVP
116360,2015-06-21T01:00:00Z,-33.50139,-42.34716,0.2424,-0.0427,144.16667,2015-10-20T00:00:00Z,SVP
116360,2015-06-21T02:00:00Z,-33.50246,-42.33736,0.2308,-0.0427,407.83334,2015-10-20T00:00:00Z,SVP
116360,2015-06-21T03:00:00Z,-33.50405,-42.32822,0.2309,-0.0429,407.83334,2015-10-20T00:00:00Z,SVP
116360,2015-06-21T04:00:00Z,-33.5059,-42.31933,0.2316,-0.0432,407.83334,2015-10-20T00:00:00Z,SVP
116360,2015-06-21T05:00:00Z,-33.50516,-42.30885,0.2573,-0.0073,260.0833,2015-10-20T00:00:00Z,SVP
116360,2015-06-21T06:00:00Z,-33.50547,-42.29959,0.2475,-0.0026,84.458336,2015-10-20T00:00:00Z,SVP
116360,2015-06-21T07:00:00Z,-33.50627,-42.29141,0.1957,0.0792,186.29166,2015-10-20T00:00:00Z,SVP
116360,2015-06-21T08:00:00Z,-33.50309,-42.28345,0.1999,0.0811,186.29166,2015-10-20T00:00:00Z,SVP
116360,2015-06-21T09:00:00Z,-33.50177,-42.27489,0.2172,0.0098,495.75,2015-10-20T00:00:00Z,SVP
116360,2015-06-21T10:00:00Z,-33.50151,-42.26662,0.2171,0.0097,495.75,2015-10-20T00:00:00Z,SVP
116360,2015-06-21T11:00:00Z,-33.50122,-42.25841,0.2172,0.0097,495.75,2015-10-20T00:00:00Z,SVP
116360,2015-06-21T12:00:00Z,-33.50109,-42.25065,0.1996,-0.0127,126.58333,2015-10-20T00:00:00Z,SVP
116360,2015-06-21T13:00:00Z,-33.50207,-42.24184,0.1549,-0.1023,608.24994,2015-10-20T00:00:00Z,SVP
116360,2015-06-21T14:00:00Z,-33.50559,-42.23634,0.1538,-0.1024,608.24994,2015-10-20T00:00:00Z,SVP
116360,2015-06-21T15:00:00Z,-33.50897,-42.23083,0.1533,-0.1024,608.24994,2015-10-20T00:00:00Z,SVP
116360,2015-06-21T16:00:00Z,-33.51227,-42.22559,0.153,-0.1025,608.24994,2015-10-20T00:00:00Z,SVP
116360,2015-06-21T17:00:00Z,-33.51584,-42.22019,0.1481,-0.1164,235.50002,2015-10-20T00:00:00Z,SVP
116360,2015-06-21T18:00:00Z,-33.51976,-42.21208,0.1535,-0.1173,235.50002,2015-10-20T00:00:00Z,SVP
116360,2015-06-21T19:00:00Z,-33.52405,-42.20833,0.0396,-0.1333,161.70833,2015-10-20T00:00:00Z,SVP
116360,2015-06-21T20:00:00Z,-33.52706,-42.2068,0.0265,-0.0793,158.25,2015-10-20T00:00:00Z,SVP
116360,2015-06-21T21:00:00Z,-33.52713,-42.19616,0.1957,0.0503,89.70833,2015-10-20T00:00:00Z,SVP
116360,2015-06-21T22:00:00Z,-33.52464,-42.19079,0.1664,0.0932,472.79166,2015-10-20T00:00:00Z,SVP
116360,2015-06-21T23:00:00Z,-33.52187,-42.18417,0.1644,0.093,472.79166,2015-10-20T00:00:00Z,SVP
116360,2015-06-22T00:00:00Z,-33.5196,-42.1764,0.1593,0.0927,472.79166,2015-10-20T00:00:00Z,SVP
116360,2015-06-22T01:00:00Z,-33.51531,-42.17405,0.0684,0.0923,133.66667,2015-10-20T00:00:00Z,SVP
116360,2015-06-22T02:00:00Z,-33.51924,-42.17241,0.061,0.1094,337.5,2015-10-20T00:00:00Z,SVP
116360,2015-06-22T03:00:00Z,-33.5111,-42.17022,0.061,0.0716,337.5,2015-10-20T00:00:00Z,SVP
116360,2015-06-22T04:00:00Z,-33.5076,-42.16856,0.06,0.0673,337.5,2015-10-20T00:00:00Z,SVP
116360,2015-06-22T05:00:00Z,-33.50757,-42.16471,0.0805,-0.0078,242.54167,2015-10-20T00:00:00Z,SVP
116360,2015-06-22T06:00:00Z,-33.50932,-42.16054,0.0857,-0.0801,298.7917,2015-10-20T00:00:00Z,SVP
116360,2015-06-22T07:00:00Z,-33.51261,-42.15839,0.0831,-0.0859,298.7917,2015-10-20T00:00:00Z,SVP
116360,2015-06-22T08:00:00Z,-33.51585,-42.15498,0.0857,-0.1282,87.91667,2015-10-20T00:00:00Z,SVP
116360,2015-06-22T09:00:00Z,-33.51908,-42.15063,0.1327,-0.0732,172.33334,2015-10-20T00:00:00Z,SVP
116360,2015-06-22T10:00:00Z,-33.52201,-42.14515,0.1297,-0.0756,186.29166,2015-10-20T00:00:00Z,SVP
116360,2015-06-22T11:00:00Z,-33.52484,-42.13944,0.2073,-0.1404,112.5,2015-10-20T00:00:00Z,SVP
116360,2015-06-22T12:00:00Z,-33.5292,-42.1314,0.2125,-0.1307,144.16667,2015-10-20T00:00:00Z,SVP
116360,2015-06-22T13:00:00Z,-33.53141,-42.12514,0.1974,-0.032,112.5,2015-10-20T00:00:00Z,SVP
116360,2015-06-22T14:00:00Z,-33.53207,-42.11598,0.2493,-0.0035,499.20834,2015-10-20T00:00:00Z,SVP
116360,2015-06-22T15:00:00Z,-33.5323,-42.10664,0.2623,-0.0031,499.20834,2015-10-20T00:00:00Z,SVP
116360,2015-06-22T16:00:00Z,-33.53268,-42.09836,0.2877,-0.0021,499.20834,2015-10-20T00:00:00Z,SVP
116360,2015-06-22T17:00:00Z,-33.53305,-42.08583,0.4074,-0.004,242.54167,2015-10-20T00:00:00Z,SVP
116360,2015-06-22T18:00:00Z,-33.53228,-42.06915,0.3874,-0.0026,242.54167,2015-10-20T00:00:00Z,SVP
116360,2015-06-22T19:00:00Z,-33.54106,-42.05818,0.257,-0.1084,137.08333,2015-10-20T00:00:00Z,SVP
116360,2015-06-22T20:00:00Z,-33.53025,-42.05332,0.1916,0.0579,154.66667,2015-10-20T00:00:00Z,SVP
116360,2015-06-22T21:00:00Z,-33.52662,-42.04215,0.2384,0.0878,151.20834,2015-10-20T00:00:00Z,SVP
116360,2015-06-22T22:00:00Z,-33.52297,-42.03316,0.204,0.0655,323.41666,2015-10-20T00:00:00Z,SVP
116360,2015-06-22T23:00:00Z,-33.52166,-42.02487,0.2054,0.0617,323.41666,2015-10-20T00:00:00Z,SVP
116360,2015-06-23T00:00:00Z,-33.51945,-42.01748,0.0147,0.1307,130.04166,2015-10-20T00:00:00Z,SVP
116360,2015-06-23T01:00:00Z,-33.51445,-42.0171,0.0112,0.1449,112.5,2015-10-20T00:00:00Z,SVP
116360,2015-06-23T02:00:00Z,-33.51005,-42.01583,0.1121,0.0991,372.5833,2015-10-20T00:00:00Z,SVP
116360,2015-06-23T03:00:00Z,-33.50671,-42.01121,0.1113,0.0987,372.5833,2015-10-20T00:00:00Z,SVP
116360,2015-06-23T04:00:00Z,-33.50297,-42.00727,0.1019,0.0913,242.54167,2015-10-20T00:00:00Z,SVP
116360,2015-06-23T05:00:00Z,-33.50061,-42.00355,0.0999,0.0916,242.54167,2015-10-20T00:00:00Z,SVP
116360,2015-06-23T06:00:00Z,-33.49731,-42.00112,0.0093,0.1094,133.66667,2015-10-20T00:00:00Z,SVP
116360,2015-06-23T07:00:00Z,-33.49393,-42.00097,4.0E-4,0.1031,126.58333,2015-10-20T00:00:00Z,SVP
116360,2015-06-23T13:00:00Z,-33.48209,-42.00079,0.1252,-0.0405,520.3334,2015-10-20T00:00:00Z,SVP
116360,2015-07-02T09:00:00Z,-33.93322,-42.00635,-0.2709,0.0622,421.95834,2015-10-20T00:00:00Z,SVP
116360,2015-07-02T10:00:00Z,-33.93087,-42.01678,-0.2705,0.0619,421.95834,2015-10-20T00:00:00Z,SVP
116360,2015-07-02T11:00:00Z,-33.92869,-42.02684,-0.2693,0.0615,421.95834,2015-10-20T00:00:00Z,SVP
116360,2015-07-02T12:00:00Z,-33.92631,-42.03925,-0.2992,0.0894,123.0,2015-10-20T00:00:00Z,SVP
116360,2015-07-02T13:00:00Z,-33.91806,-42.06457,-0.6174,0.2206,126.58333,2015-10-20T00:00:00Z,SVP
116360,2015-07-02T14:00:00Z,-33.91198,-42.06721,-0.3316,0.2284,485.08334,2015-10-20T00:00:00Z,SVP
116360,2015-07-02T15:00:00Z,-33.90481,-42.08001,-0.3306,0.2285,485.08334,2015-10-20T00:00:00Z,SVP
116360,2015-07-02T16:00:00Z,-33.89755,-42.09417,-0.2329,0.2287,485.08334,2015-10-20T00:00:00Z,SVP
116360,2015-07-02T17:00:00Z,-33.89006,-42.09929,-0.0937,0.2135,256.66666,2015-10-20T00:00:00Z,SVP
116360,2015-07-02T18:00:00Z,-33.88277,-42.10228,-0.0879,0.215,0.0,2015-10-20T00:00:00Z,SVP
116360,2015-07-02T19:00:00Z,-33.87603,-42.10522,-0.0723,0.2157,365.70834,2015-10-20T00:00:00Z,SVP
116360,2015-07-02T20:00:00Z,-33.86918,-42.10854,-0.0735,0.2157,365.70834,2015-10-20T00:00:00Z,SVP
116360,2015-07-02T21:00:00Z,-33.86191,-42.10827,0.0958,0.2305,425.41666,2015-10-20T00:00:00Z,SVP
116360,2015-07-02T22:00:00Z,-33.85451,-42.10478,0.0933,0.2302,425.41666,2015-10-20T00:00:00Z,SVP
116360,2015-07-02T23:00:00Z,-33.84705,-42.10086,0.0943,0.2301,425.41666,2015-10-20T00:00:00Z,SVP
116360,2015-07-03T00:00:00Z,-33.84039,-42.09888,0.0313,0.2007,140.70834,2015-10-20T00:00:00Z,SVP
116360,2015-07-03T01:00:00Z,-33.834,-42.10023,0.1533,0.2155,112.5,2015-10-20T00:00:00Z,SVP
116360,2015-07-03T02:00:00Z,-33.82792,-42.09473,0.1584,0.2189,351.58334,2015-10-20T00:00:00Z,SVP
116360,2015-07-03T03:00:00Z,-33.81875,-42.08819,0.1573,0.2348,351.58334,2015-10-20T00:00:00Z,SVP
116360,2015-07-03T04:00:00Z,-33.81073,-42.08212,0.1123,0.094,242.54167,2015-10-20T00:00:00Z,SVP
116360,2015-07-03T05:00:00Z,-33.80856,-42.07859,0.114,0.1076,242.54167,2015-10-20T00:00:00Z,SVP
116360,2015-07-03T06:00:00Z,-33.80642,-42.07619,0.0239,0.0322,140.70834,2015-10-20T00:00:00Z,SVP
116360,2015-07-03T07:00:00Z,-33.8066,-42.07811,-0.0584,-0.0314,261.91666,2015-10-20T00:00:00Z,SVP
116360,2015-07-03T08:00:00Z,-33.80732,-42.08179,-0.0546,-0.0363,261.91666,2015-10-20T00:00:00Z,SVP
116360,2015-07-03T09:00:00Z,-33.81419,-42.08257,-0.0667,-0.2509,249.58333,2015-10-20T00:00:00Z,SVP
116360,2015-07-03T10:00:00Z,-33.82311,-42.09758,-0.2138,-0.2587,249.58333,2015-10-20T00:00:00Z,SVP
116360,2015-07-03T11:00:00Z,-33.82126,-42.08822,-0.175,0.0302,253.20834,2015-10-20T00:00:00Z,SVP
116360,2015-07-03T12:00:00Z,-33.82242,-42.10657,-0.1187,0.0385,253.20834,2015-10-20T00:00:00Z,SVP
118397,2015-04-01T00:00:00Z,-34.99217,-43.91629,0.0576,0.0184,104.41666,2013-05-30T00:00:00Z,SVP
118397,2015-04-01T01:00:00Z,-34.98738,-43.89561,-0.0963,0.064,115.208336,2013-05-30T00:00:00Z,SVP
118397,2015-04-01T02:00:00Z,-34.98609,-43.90102,0.0734,0.1797,147.58333,2013-05-30T00:00:00Z,SVP
118397,2015-04-01T03:00:00Z,-34.98083,-43.89816,0.0946,0.2059,219.58333,2013-05-30T00:00:00Z,SVP
118397,2015-04-01T04:00:00Z,-34.97338,-43.89452,0.0952,0.2022,219.58333,2013-05-30T00:00:00Z,SVP
118397,2015-04-01T05:00:00Z,-34.96857,-43.89136,0.0786,0.1494,223.20834,2013-05-30T00:00:00Z,SVP
118397,2015-04-01T06:00:00Z,-34.96304,-43.88698,0.3972,0.4583,0.0,2013-05-30T00:00:00Z,SVP
118397,2015-04-01T07:00:00Z,-34.94753,-43.87559,0.2117,0.4356,86.41667,2013-05-30T00:00:00Z,SVP
118397,2015-04-01T08:00:00Z,-34.93468,-43.86646,0.2024,0.3902,183.58333,2013-05-30T00:00:00Z,SVP
118397,2015-04-01T09:00:00Z,-34.91944,-43.85785,0.1061,0.5449,374.41666,2013-05-30T00:00:00Z,SVP
118397,2015-04-01T10:00:00Z,-34.90143,-43.85495,0.1159,0.5469,374.41666,2013-05-30T00:00:00Z,SVP
118397,2015-04-01T11:00:00Z,-34.88294,-43.85062,0.1181,0.5489,374.41666,2013-05-30T00:00:00Z,SVP
118397,2015-04-01T12:00:00Z,-34.86927,-43.84664,0.0654,0.3391,144.0,2013-05-30T00:00:00Z,SVP
118397,2015-04-01T13:00:00Z,-34.85883,-43.84513,0.0251,0.2849,115.208336,2013-05-30T00:00:00Z,SVP
118397,2015-04-01T14:00:00Z,-34.85142,-43.85093,-0.1414,0.222,518.4167,2013-05-30T00:00:00Z,SVP
118397,2015-04-01T15:00:00Z,-34.84421,-43.85694,-0.1423,0.2213,518.4167,2013-05-30T00:00:00Z,SVP
118397,2015-04-01T16:00:00Z,-34.83632,-43.86317,-0.1432,0.2245,518.4167,2013-05-30T00:00:00Z,SVP
118397,2015-04-01T17:00:00Z,-34.83038,-43.86749,-0.1136,0.0905,252.0,2013-05-30T00:00:00Z,SVP
118397,2015-04-01T18:00:00Z,-34.82801,-43.87056,-0.1144,0.1,252.0,2013-05-30T00:00:00Z,SVP
118397,2015-04-01T19:00:00Z,-34.82766,-43.87287,-0.0882,-0.0189,129.58333,2013-05-30T00:00:00Z,SVP
118397,2015-04-01T20:00:00Z,-34.82791,-43.87548,-0.0448,0.0033,97.20833,2013-05-30T00:00:00Z,SVP
118397,2015-04-01T21:00:00Z,-34.82871,-43.87499,0.0484,-0.0346,154.79166,2013-05-30T00:00:00Z,SVP
118397,2015-04-01T22:00:00Z,-34.82963,-43.87266,0.0619,-0.022,151.20834,2013-05-30T00:00:00Z,SVP
118397,2015-04-01T23:00:00Z,-34.82663,-43.86969,0.0712,0.0895,252.0,2013-05-30T00:00:00Z,SVP
118397,2015-04-02T00:00:00Z,-34.82368,-43.88421,0.6188,0.1535,111.583336,2013-05-30T00:00:00Z,SVP
118397,2015-04-02T01:00:00Z,-34.81841,-43.85939,0.3419,0.1585,111.583336,2013-05-30T00:00:00Z,SVP
118397,2015-04-02T02:00:00Z,-34.81336,-43.84951,0.1515,0.1516,140.41666,2013-05-30T00:00:00Z,SVP
118397,2015-04-02T03:00:00Z,-34.80793,-43.84328,0.1399,0.182,244.79167,2013-05-30T00:00:00Z,SVP
118397,2015-04-02T04:00:00Z,-34.80331,-43.83915,0.1605,0.1635,212.41667,2013-05-30T00:00:00Z,SVP
118397,2015-04-02T05:00:00Z,-34.79695,-43.83089,0.1668,0.173,212.41667,2013-05-30T00:00:00Z,SVP
118397,2015-04-02T06:00:00Z,-34.79368,-43.8248,0.0909,0.1601,61.208332,2013-05-30T00:00:00Z,SVP
118397,2015-04-02T07:00:00Z,-34.78525,-43.82171,0.0772,0.2906,126.0,2013-05-30T00:00:00Z,SVP
118397,2015-04-02T08:00:00Z,-34.77566,-43.81935,0.0516,0.3076,226.79166,2013-05-30T00:00:00Z,SVP
118397,2015-04-02T09:00:00Z,-34.76757,-43.81695,0.0645,0.2422,147.58333,2013-05-30T00:00:00Z,SVP
118397,2015-04-02T10:00:00Z,-34.76104,-43.81476,0.04,0.1712,97.20833,2013-05-30T00:00:00Z,SVP
118397,2015-04-02T11:00:00Z,-34.75619,-43.81458,-0.0099,0.0896,136.79167,2013-05-30T00:00:00Z,SVP
118397,2015-04-02T12:00:00Z,-34.75416,-43.81504,-0.0147,0.0849,241.20834,2013-05-30T00:00:00Z,SVP
118397,2015-04-02T13:00:00Z,-34.75125,-43.81473,0.0388,0.0962,140.41666,2013-05-30T00:00:00Z,SVP
118397,2015-04-02T14:00:00Z,-34.74822,-43.81366,0.0913,0.108,442.79166,2013-05-30T00:00:00Z,SVP
118397,2015-04-02T15:00:00Z,-34.74465,-43.80953,0.0923,0.108,442.79166,2013-05-30T00:00:00Z,SVP
118397,2015-04-02T16:00:00Z,-34.74104,-43.80616,0.0936,0.1079,442.79166,2013-05-30T00:00:00Z,SVP
118397,2015-04-02T17:00:00Z,-34.73763,-43.80229,0.1208,0.1019,223.20834,2013-05-30T00:00:00Z,SVP
118397,2015-04-02T18:00:00Z,-34.73462,-43.79537,0.1251,0.1019,223.20834,2013-05-30T00:00:00Z,SVP
118397,2015-04-02T19:00:00Z,-34.73171,-43.79366,0.0845,0.0855,205.20834,2013-05-30T00:00:00Z,SVP
118397,2015-04-02T20:00:00Z,-34.7287,-43.79013,0.0841,0.1071,108.00001,2013-05-30T00:00:00Z,SVP
118397,2015-04-02T21:00:00Z,-34.72427,-43.78367,0.1631,0.1186,129.58333,2013-05-30T00:00:00Z,SVP
118397,2015-04-02T22:00:00Z,-34.72305,-43.77913,0.0456,0.1509,233.99998,2013-05-30T00:00:00Z,SVP
118397,2015-04-02T23:00:00Z,-34.71789,-43.77729,0.0446,0.151,233.99998,2013-05-30T00:00:00Z,SVP
118397,2015-04-03T00:00:00Z,-34.71315,-43.77519,0.0505,0.1558,144.0,2013-05-30T00:00:00Z,SVP
118397,2015-04-03T01:00:00Z,-34.70795,-43.76533,0.2068,0.1591,111.583336,2013-05-30T00:00:00Z,SVP
118397,2015-04-03T02:00:00Z,-34.70206,-43.75806,0.1311,0.2222,115.208336,2013-05-30T00:00:00Z,SVP
118397,2015-04-03T03:00:00Z,-34.69515,-43.75363,0.111,0.1881,162.0,2013-05-30T00:00:00Z,SVP
118397,2015-04-03T04:00:00Z,-34.68842,-43.7484,0.0462,0.1445,273.58334,2013-05-30T00:00:00Z,SVP
118397,2015-04-03T05:00:00Z,-34.68419,-43.74676,0.0406,0.1455,273.58334,2013-05-30T00:00:00Z,SVP
118397,2015-04-03T06:00:00Z,-34.68005,-43.74664,-0.0542,0.1177,169.20834,2013-05-30T00:00:00Z,SVP
118397,2015-04-03T07:00:00Z,-34.67704,-43.74956,-0.0964,0.0192,90.0,2013-05-30T00:00:00Z,SVP
118397,2015-04-03T08:00:00Z,-34.67989,-43.75169,-0.0325,-0.1173,97.20833,2013-05-30T00:00:00Z,SVP
118397,2015-04-03T09:00:00Z,-34.6826,-43.75181,0.009,-0.0742,86.41667,2013-05-30T00:00:00Z,SVP
118397,2015-04-03T10:00:00Z,-34.68632,-43.75185,-0.0183,-0.148,154.79166,2013-05-30T00:00:00Z,SVP
118397,2015-04-03T11:00:00Z,-34.69144,-43.75158,0.0164,-0.1683,93.583336,2013-05-30T00:00:00Z,SVP
118397,2015-04-03T12:00:00Z,-34.69747,-43.74465,0.1641,-0.1947,162.0,2013-05-30T00:00:00Z,SVP
118397,2015-04-03T13:00:00Z,-34.70366,-43.7381,0.2444,-0.1733,136.79167,2013-05-30T00:00:00Z,SVP
118397,2015-04-03T14:00:00Z,-34.70903,-43.72808,0.267,-0.1522,464.41666,2013-05-30T00:00:00Z,SVP
118397,2015-04-03T15:00:00Z,-34.71392,-43.71749,0.2679,-0.1519,464.41666,2013-05-30T00:00:00Z,SVP
118397,2015-04-03T16:00:00Z,-34.71904,-43.70744,0.2699,-0.1511,464.41666,2013-05-30T00:00:00Z,SVP
118397,2015-04-03T17:00:00Z,-34.72317,-43.69496,0.3258,-0.1208,226.79166,2013-05-30T00:00:00Z,SVP
118397,2015-04-03T18:00:00Z,-34.72655,-43.68126,0.3282,-0.0883,187.20833,2013-05-30T00:00:00Z,SVP
118397,2015-04-03T19:00:00Z,-34.72939,-43.66989,0.3137,-0.0871,187.20833,2013-05-30T00:00:00Z,SVP
118397,2015-04-03T20:00:00Z,-34.73157,-43.65695,0.3722,-0.0756,180.0,2013-05-30T00:00:00Z,SVP
118397,2015-04-03T21:00:00Z,-34.7341,-43.64028,0.1938,-0.0602,82.791664,2013-05-30T00:00:00Z,SVP
118397,2015-04-03T22:00:00Z,-34.73561,-43.63359,0.1672,-0.0369,255.58333,2013-05-30T00:00:00Z,SVP
118397,2015-04-03T23:00:00Z,-34.73703,-43.62595,0.1678,-0.0364,255.58333,2013-05-30T00:00:00Z,SVP
118397,2015-04-04T00:00:00Z,-34.73788,-43.62173,0.1475,-0.0402,144.0,2013-05-30T00:00:00Z,SVP
118397,2015-04-04T01:00:00Z,-34.73985,-43.6148,0.162,-0.0561,237.58334,2013-05-30T00:00:00Z,SVP
118397,2015-04-04T02:00:00Z,-34.74212,-43.60837,0.1774,-0.0916,111.583336,2013-05-30T00:00:00Z,SVP
118397,2015-04-04T03:00:00Z,-34.74689,-43.60123,0.179,-0.1759,187.20833,2013-05-30T00:00:00Z,SVP
118397,2015-04-04T04:00:00Z,-34.75221,-43.59671,0.2362,-0.2586,266.41666,2013-05-30T00:00:00Z,SVP
118397,2015-04-04T05:00:00Z,-34.76116,-43.58578,0.2064,-0.2528,266.41666,2013-05-30T00:00:00Z,SVP
118397,2015-04-04T06:00:00Z,-34.76916,-43.57752,0.2431,-0.2687,172.79166,2013-05-30T00:00:00Z,SVP
118397,2015-04-04T07:00:00Z,-34.77721,-43.56713,0.3432,-0.2639,82.791664,2013-05-30T00:00:00Z,SVP
118397,2015-04-04T08:00:00Z,-34.78649,-43.55387,0.3093,-0.3349,126.0,2013-05-30T00:00:00Z,SVP
118397,2015-04-04T09:00:00Z,-34.79819,-43.54161,0.3766,-0.3671,64.791664,2013-05-30T00:00:00Z,SVP
118397,2015-04-04T10:00:00Z,-34.81071,-43.5269,0.3783,-0.3918,187.20833,2013-05-30T00:00:00Z,SVP
118397,2015-04-04T11:00:00Z,-34.82339,-43.51155,0.7032,-0.3699,54.000004,2013-05-30T00:00:00Z,SVP
118397,2015-04-04T12:00:00Z,-34.83342,-43.48134,0.7744,-0.2866,129.58333,2013-05-30T00:00:00Z,SVP
118397,2015-04-04T13:00:00Z,-34.84197,-43.47648,0.3765,-0.2842,108.00001,2013-05-30T00:00:00Z,SVP
118397,2015-04-04T14:00:00Z,-34.85106,-43.46252,0.4442,-0.291,378.0,2013-05-30T00:00:00Z,SVP
118397,2015-04-04T15:00:00Z,-34.86057,-43.44466,0.4445,-0.2908,378.0,2013-05-30T00:00:00Z,SVP
118397,2015-04-04T16:00:00Z,-34.87015,-43.42785,0.4508,-0.2902,378.0,2013-05-30T00:00:00Z,SVP
118397,2015-04-04T17:00:00Z,-34.87943,-43.40981,0.4653,-0.2896,223.20834,2013-05-30T00:00:00Z,SVP
118397,2015-04-04T18:00:00Z,-34.88849,-43.39285,0.226,-0.2813,158.41667,2013-05-30T00:00:00Z,SVP
118397,2015-04-04T19:00:00Z,-34.89795,-43.38441,0.2082,-0.2952,81.0,2013-05-30T00:00:00Z,SVP
118397,2015-04-04T20:00:00Z,-34.90823,-43.37574,0.2276,-0.3286,149.41667,2013-05-30T00:00:00Z,SVP
118397,2015-04-04T21:00:00Z,-34.92055,-43.36246,0.3971,-0.4903,54.000004,2013-05-30T00:00:00Z,SVP
118397,2015-04-04T22:00:00Z,-34.93665,-43.34869,0.3463,-0.4767,154.79166,2013-05-30T00:00:00Z,SVP
118397,2015-04-04T23:00:00Z,-34.94644,-43.35465,0.2178,-0.3705,158.41667,2013-05-30T00:00:00Z,SVP
118397,2015-04-05T00:00:00Z,-34.95934,-43.34597,0.242,-0.4637,97.20833,2013-05-30T00:00:00Z,SVP
118397,2015-04-05T01:00:00Z,-34.97484,-43.3408,0.0814,-0.4873,126.0,2013-05-30T00:00:00Z,SVP
118397,2015-04-05T02:00:00Z,-34.99028,-43.33965,0.0665,-0.4268,216.00002,2013-05-30T00:00:00Z,SVP
118397,2015-04-05T03:00:00Z,-35.0038,-43.33776,0.0714,-0.4286,216.00002,2013-05-30T00:00:00Z,SVP
118397,2015-04-05T04:00:00Z,-35.01774,-43.3318,0.216,-0.4278,266.41666,2013-05-30T00:00:00Z,SVP
118397,2015-04-05T05:00:00Z,-35.03168,-43.32277,0.2123,-0.4279,266.41666,2013-05-30T00:00:00Z,SVP
118397,2015-04-05T06:00:00Z,-35.04677,-43.31284,0.2603,-0.4686,205.20834,2013-05-30T00:00:00Z,SVP
118397,2015-04-05T07:00:00Z,-35.06283,-43.30225,0.2904,-0.5313,252.0,2013-05-30T00:00:00Z,SVP
118397,2015-04-05T08:00:00Z,-35.08048,-43.29027,0.2892,-0.5297,252.0,2013-05-30T00:00:00Z,SVP
118397,2015-04-05T09:00:00Z,-35.09886,-43.27742,0.3549,-0.5729,212.41667,2013-05-30T00:00:00Z,SVP
118397,2015-04-05T10:00:00Z,-35.11998,-43.26288,0.3551,-0.6097,212.41667,2013-05-30T00:00:00Z,SVP
118397,2015-04-05T11:00:00Z,-35.1341,-43.2497,0.35,-0.4917,115.208336,2013-05-30T00:00:00Z,SVP
118397,2015-04-05T12:00:00Z,-35.15048,-43.2361,0.3852,-0.5063,140.41666,2013-05-30T00:00:00Z,SVP
118397,2015-04-05T13:00:00Z,-35.16639,-43.22084,0.3339,-0.4664,115.208336,2013-05-30T00:00:00Z,SVP
118397,2015-04-05T14:00:00Z,-35.18094,-43.20746,0.3317,-0.4433,392.41666,2013-05-30T00:00:00Z,SVP
118397,2015-04-05T15:00:00Z,-35.19557,-43.19437,0.3316,-0.4452,392.41666,2013-05-30T00:00:00Z,SVP
118397,2015-04-05T16:00:00Z,-35.21089,-43.1817,0.3295,-0.4506,392.41666,2013-05-30T00:00:00Z,SVP
118397,2015-04-05T17:00:00Z,-35.21774,-43.16196,0.4025,-0.245,226.79166,2013-05-30T00:00:00Z,SVP
118397,2015-04-05T18:00:00Z,-35.22632,-43.14562,0.4349,-0.2533,208.79167,2013-05-30T00:00:00Z,SVP
118397,2015-04-05T19:00:00Z,-35.23472,-43.12959,0.2232,-0.3459,61.208332,2013-05-30T00:00:00Z,SVP
118397,2015-04-05T20:00:00Z,-35.24585,-43.12003,0.1708,-0.2742,100.79167,2013-05-30T00:00:00Z,SVP
118397,2015-04-05T21:00:00Z,-35.25469,-43.11359,0.1687,-0.2736,162.0,2013-05-30T00:00:00Z,SVP
118397,2015-04-05T22:00:00Z,-35.26479,-43.10761,0.1448,-0.3323,100.79167,2013-05-30T00:00:00Z,SVP
118397,2015-04-05T23:00:00Z,-35.27633,-43.10019,0.1743,-0.3514,147.58333,2013-05-30T00:00:00Z,SVP
118397,2015-04-06T00:00:00Z,-35.28671,-43.09411,0.1207,-0.372,140.41666,2013-05-30T00:00:00Z,SVP
118397,2015-04-06T01:00:00Z,-35.29877,-43.09271,0.2855,-0.3752,115.208336,2013-05-30T00:00:00Z,SVP
118397,2015-04-06T02:00:00Z,-35.31099,-43.08076,0.3134,-0.2957,266.41666,2013-05-30T00:00:00Z,SVP
118397,2015-04-06T03:00:00Z,-35.32091,-43.06886,0.3146,-0.2934,266.41666,2013-05-30T00:00:00Z,SVP
118397,2015-04-06T04:00:00Z,-35.32898,-43.0556,0.3372,-0.2131,241.20834,2013-05-30T00:00:00Z,SVP
118397,2015-04-06T05:00:00Z,-35.33564,-43.04224,0.3397,-0.2029,241.20834,2013-05-30T00:00:00Z,SVP
118397,2015-04-06T06:00:00Z,-35.33366,-43.02764,0.3614,-0.0624,169.20834,2013-05-30T00:00:00Z,SVP
118397,2015-04-06T07:00:00Z,-35.3289,-43.02207,0.1123,0.2217,219.58333,2013-05-30T00:00:00Z,SVP
118397,2015-04-06T08:00:00Z,-35.32167,-43.01655,0.1082,0.2252,219.58333,2013-05-30T00:00:00Z,SVP
118397,2015-04-06T09:00:00Z,-35.31433,-43.01323,0.0938,0.2582,201.58334,2013-05-30T00:00:00Z,SVP
118397,2015-04-06T10:00:00Z,-35.3082,-43.01026,0.0693,0.1835,165.58333,2013-05-30T00:00:00Z,SVP
118397,2015-04-06T11:00:00Z,-35.30227,-43.00743,0.0696,0.1961,108.00001,2013-05-30T00:00:00Z,SVP
118397,2015-04-06T12:00:00Z,-35.2946,-43.00503,0.0435,0.2957,122.416664,2013-05-30T00:00:00Z,SVP
118397,2015-04-06T13:00:00Z,-35.28468,-43.00437,-0.0593,0.3076,432.00003,2013-05-30T00:00:00Z,SVP
118397,2015-04-06T14:00:00Z,-35.27499,-43.00746,-0.0671,0.3061,432.00003,2013-05-30T00:00:00Z,SVP
118397,2015-04-06T15:00:00Z,-35.26531,-43.0106,-0.0701,0.3053,432.00003,2013-05-30T00:00:00Z,SVP
118397,2015-04-06T16:00:00Z,-35.25613,-43.01433,-0.0884,0.2894,223.20834,2013-05-30T00:00:00Z,SVP
118397,2015-04-06T17:00:00Z,-35.24545,-42.99319,0.075,0.3005,223.20834,2013-05-30T00:00:00Z,SVP
118397,2015-04-06T18:00:00Z,-35.24533,-43.03772,-0.2952,0.1197,216.00002,2013-05-30T00:00:00Z,SVP
118397,2015-04-06T19:00:00Z,-35.24142,-43.0494,-0.2856,0.0363,72.0,2013-05-30T00:00:00Z,SVP
118397,2015-04-06T20:00:00Z,-35.24011,-43.05976,-0.2322,0.0422,136.79167,2013-05-30T00:00:00Z,SVP
118397,2015-04-06T21:00:00Z,-35.23937,-43.06722,-0.1855,0.0202,126.0,2013-05-30T00:00:00Z,SVP
118397,2015-04-06T22:00:00Z,-35.23839,-43.07301,-0.1528,0.0362,273.58334,2013-05-30T00:00:00Z,SVP
118397,2015-04-06T23:00:00Z,-35.23724,-43.079,-0.1535,0.0361,273.58334,2013-05-30T00:00:00Z,SVP
118397,2015-04-07T00:00:00Z,-35.23516,-43.08314,-0.1135,0.0742,136.79167,2013-05-30T00:00:00Z,SVP
118397,2015-04-07T01:00:00Z,-35.23261,-43.08501,0.2405,0.0881,118.79167,2013-05-30T00:00:00Z,SVP
118397,2015-04-07T02:00:00Z,-35.22974,-43.07581,0.2025,0.1197,122.416664,2013-05-30T00:00:00Z,SVP
118397,2015-04-07T03:00:00Z,-35.22279,-43.07406,0.0571,0.2232,158.41667,2013-05-30T00:00:00Z,SVP
118397,2015-04-07T04:00:00Z,-35.21479,-43.06994,0.0779,0.2662,244.79167,2013-05-30T00:00:00Z,SVP
118397,2015-04-07T05:00:00Z,-35.20579,-43.0671,0.105,0.2964,140.41666,2013-05-30T00:00:00Z,SVP
118397,2015-04-07T06:00:00Z,-35.19551,-43.06319,0.0492,0.3855,54.000004,2013-05-30T00:00:00Z,SVP
118397,2015-04-07T07:00:00Z,-35.18398,-43.06193,0.0194,0.3334,176.41667,2013-05-30T00:00:00Z,SVP
118397,2015-04-07T08:00:00Z,-35.1734,-43.06095,0.0262,0.3111,266.41666,2013-05-30T00:00:00Z,SVP
118397,2015-04-07T09:00:00Z,-35.16376,-43.06052,0.026,0.3114,266.41666,2013-05-30T00:00:00Z,SVP
118397,2015-04-07T10:00:00Z,-35.15303,-43.06029,-2.0E-4,0.321,266.41666,2013-05-30T00:00:00Z,SVP
118397,2015-04-07T11:00:00Z,-35.14282,-43.05752,-0.0718,0.3154,262.79166,2013-05-30T00:00:00Z,SVP
118397,2015-04-07T12:00:00Z,-35.13235,-43.06227,-0.0555,0.3152,262.79166,2013-05-30T00:00:00Z,SVP
118397,2015-04-07T13:00:00Z,-35.12231,-43.06466,-0.0882,0.2721,446.4167,2013-05-30T00:00:00Z,SVP
118397,2015-04-07T14:00:00Z,-35.11393,-43.06769,-0.0862,0.2689,446.4167,2013-05-30T00:00:00Z,SVP
118397,2015-04-07T15:00:00Z,-35.10514,-43.07064,-0.0848,0.2685,446.4167,2013-05-30T00:00:00Z,SVP
118397,2015-04-07T16:00:00Z,-35.09803,-43.07326,-0.0709,0.1929,230.41667,2013-05-30T00:00:00Z,SVP
118397,2015-04-07T17:00:00Z,-35.0935,-43.07846,-0.0869,0.1888,230.41667,2013-05-30T00:00:00Z,SVP
118397,2015-04-07T18:00:00Z,-35.0908,-43.0699,0.0424,0.0893,198.00002,2013-05-30T00:00:00Z,SVP
118397,2015-04-07T19:00:00Z,-35.08743,-43.06791,0.1061,0.1665,140.41666,2013-05-30T00:00:00Z,SVP
118397,2015-04-07T20:00:00Z,-35.0826,-43.06239,0.2104,0.0446,118.79167,2013-05-30T00:00:00Z,SVP
118397,2015-04-07T21:00:00Z,-35.08304,-43.05424,0.2148,-0.0468,129.58333,2013-05-30T00:00:00Z,SVP
118397,2015-04-07T22:00:00Z,-35.08636,-43.04712,0.1061,0.0484,50.416664,2013-05-30T00:00:00Z,SVP
118397,2015-04-07T23:00:00Z,-35.08419,-43.04331,0.0651,0.1791,183.58333,2013-05-30T00:00:00Z,SVP
118397,2015-04-08T00:00:00Z,-35.07911,-43.04059,0.0598,0.155,122.416664,2013-05-30T00:00:00Z,SVP
118397,2015-04-08T01:00:00Z,-35.07558,-43.03602,0.1414,0.1309,147.58333,2013-05-30T00:00:00Z,SVP
118397,2015-04-08T02:00:00Z,-35.07156,-43.03064,0.1221,0.1549,111.583336,2013-05-30T00:00:00Z,SVP
118397,2015-04-08T03:00:00Z,-35.06582,-43.02627,0.0826,0.1167,277.20834,2013-05-30T00:00:00Z,SVP
118397,2015-04-08T04:00:00Z,-35.06246,-43.02261,0.0815,0.1182,277.20834,2013-05-30T00:00:00Z,SVP
118397,2015-04-08T05:00:00Z,-35.0582,-43.02016,0.0314,0.1152,194.41666,2013-05-30T00:00:00Z,SVP
118397,2015-04-08T06:00:00Z,-35.05437,-43.01922,0.0022,0.1366,75.583336,2013-05-30T00:00:00Z,SVP
118397,2015-04-08T07:00:00Z,-35.05054,-43.01793,0.087,0.0621,97.20833,2013-05-30T00:00:00Z,SVP
118397,2015-04-08T08:00:00Z,-35.04837,-43.01468,0.0583,0.0839,165.58333,2013-05-30T00:00:00Z,SVP
118397,2015-04-08T09:00:00Z,-35.04566,-43.01295,0.0213,0.0956,291.58334,2013-05-30T00:00:00Z,SVP
118397,2015-04-08T10:00:00Z,-35.04254,-43.01179,0.0225,0.0958,291.58334,2013-05-30T00:00:00Z,SVP
118397,2015-04-08T11:00:00Z,-35.0391,-43.01067,0.0129,0.1143,122.416664,2013-05-30T00:00:00Z,SVP
118397,2015-04-08T12:00:00Z,-35.03458,-43.00924,0.0629,0.1537,129.58333,2013-05-30T00:00:00Z,SVP
118397,2015-04-08T13:00:00Z,-35.03011,-43.00756,0.058,0.1283,126.0,2013-05-30T00:00:00Z,SVP
118397,2015-04-08T14:00:00Z,-35.02614,-43.00888,-0.0517,0.1175,324.0,2013-05-30T00:00:00Z,SVP
118397,2015-04-08T15:00:00Z,-35.03316,-43.01105,-0.0519,-0.0249,324.0,2013-05-30T00:00:00Z,SVP
118397,2015-04-08T16:00:00Z,-35.01942,-43.01239,-0.0382,0.127,244.79167,2013-05-30T00:00:00Z,SVP
118397,2015-04-08T17:00:00Z,-35.01326,-43.01444,0.0094,0.1924,205.20834,2013-05-30T00:00:00Z,SVP
118397,2015-04-08T18:00:00Z,-35.00897,-43.01333,0.0071,0.225,205.20834,2013-05-30T00:00:00Z,SVP
118397,2015-04-08T19:00:00Z,-35.00234,-43.01297,0.0309,0.2022,115.208336,2013-05-30T00:00:00Z,SVP
118397,2015-04-08T20:00:00Z,-34.99575,-43.01093,0.0664,0.2097,165.58333,2013-05-30T00:00:00Z,SVP
118397,2015-04-08T21:00:00Z,-34.98912,-43.00729,0.071,0.2064,165.58333,2013-05-30T00:00:00Z,SVP
118397,2015-04-08T22:00:00Z,-34.98308,-43.00903,-0.062,0.1944,181.79167,2013-05-30T00:00:00Z,SVP
118397,2015-04-08T23:00:00Z,-34.97691,-43.01145,-0.0623,0.2142,178.20833,2013-05-30T00:00:00Z,SVP
118397,2015-04-09T00:00:00Z,-34.96968,-43.01412,-0.0645,0.216,178.20833,2013-05-30T00:00:00Z,SVP
118397,2015-04-09T01:00:00Z,-34.96302,-43.01211,0.0679,0.1938,136.79167,2013-05-30T00:00:00Z,SVP
118397,2015-04-09T02:00:00Z,-34.9568,-43.00928,0.0136,0.1842,118.79167,2013-05-30T00:00:00Z,SVP
118397,2015-04-09T03:00:00Z,-34.94878,-43.00899,0.0281,0.3441,216.00002,2013-05-30T00:00:00Z,SVP
118397,2015-04-09T04:00:00Z,-34.937,-43.01068,0.0116,0.3439,216.00002,2013-05-30T00:00:00Z,SVP
118397,2015-04-09T05:00:00Z,-34.92716,-43.00875,0.068,0.3055,194.41666,2013-05-30T00:00:00Z,SVP
118397,2015-04-09T06:00:00Z,-34.91803,-43.00645,0.0675,0.2542,72.0,2013-05-30T00:00:00Z,SVP
118397,2015-04-09T07:00:00Z,-34.90715,-43.00588,-0.0243,0.3876,86.41667,2013-05-30T00:00:00Z,SVP
118397,2015-04-09T08:00:00Z,-34.89585,-43.00692,-0.0328,0.3253,158.41667,2013-05-30T00:00:00Z,SVP
118397,2015-04-09T09:00:00Z,-34.88761,-43.00691,0.0163,0.2255,118.79167,2013-05-30T00:00:00Z,SVP
118397,2015-04-09T10:00:00Z,-34.88016,-43.00469,0.0838,0.2365,68.416664,2013-05-30T00:00:00Z,SVP
118397,2015-04-09T11:00:00Z,-34.87346,-43.00255,0.0208,0.1872,115.208336,2013-05-30T00:00:00Z,SVP
118397,2015-04-09T12:00:00Z,-34.869,-42.98876,-0.0995,0.2131,144.0,2013-05-30T00:00:00Z,SVP
118397,2015-04-09T13:00:00Z,-34.86207,-42.99298,-0.0582,0.2065,118.79167,2013-05-30T00:00:00Z,SVP
118397,2015-04-09T14:00:00Z,-34.85534,-42.9952,-0.0215,0.213,464.41666,2013-05-30T00:00:00Z,SVP
118397,2015-04-09T15:00:00Z,-34.84843,-42.99573,-0.0183,0.2132,464.41666,2013-05-30T00:00:00Z,SVP
118397,2015-04-09T16:00:00Z,-34.8416,-42.9968,-0.02,0.2131,464.41666,2013-05-30T00:00:00Z,SVP
118397,2015-04-09T17:00:00Z,-34.83488,-42.99631,0.2352,0.2165,190.79166,2013-05-30T00:00:00Z,SVP
118397,2015-04-09T18:00:00Z,-34.82758,-42.98468,0.0854,0.2159,190.79166,2013-05-30T00:00:00Z,SVP
118397,2015-04-09T19:00:00Z,-34.82365,-42.98303,0.0567,0.1137,75.583336,2013-05-30T00:00:00Z,SVP
118397,2015-04-09T20:00:00Z,-34.81616,-42.9823,0.0605,0.2013,140.41666,2013-05-30T00:00:00Z,SVP
118397,2015-04-09T21:00:00Z,-34.8098,-42.97945,0.1649,0.1857,93.583336,2013-05-30T00:00:00Z,SVP
118397,2015-04-09T22:00:00Z,-34.8034,-42.9736,0.1305,0.2281,154.79166,2013-05-30T00:00:00Z,SVP
118397,2015-04-09T23:00:00Z,-34.79558,-42.96837,0.1242,0.2367,205.20834,2013-05-30T00:00:00Z,SVP
118397,2015-04-10T00:00:00Z,-34.78837,-42.9629,0.1536,0.2071,104.41666,2013-05-30T00:00:00Z,SVP
118397,2015-04-10T01:00:00Z,-34.78281,-42.95698,0.1447,0.1383,126.0,2013-05-30T00:00:00Z,SVP
118397,2015-04-10T02:00:00Z,-34.77817,-42.95437,-0.0158,0.1397,108.00001,2013-05-30T00:00:00Z,SVP
118397,2015-04-10T03:00:00Z,-34.77384,-42.95242,0.0457,0.108,223.20834,2013-05-30T00:00:00Z,SVP
118397,2015-04-10T04:00:00Z,-34.76998,-42.95637,-0.025,0.1064,223.20834,2013-05-30T00:00:00Z,SVP
118397,2015-04-10T05:00:00Z,-34.76811,-42.9495,0.1677,0.0619,216.00002,2013-05-30T00:00:00Z,SVP
118397,2015-04-10T06:00:00Z,-34.76644,-42.94331,0.154,0.0378,75.583336,2013-05-30T00:00:00Z,SVP
118397,2015-04-10T07:00:00Z,-34.76539,-42.9402,0.0856,0.0237,140.41666,2013-05-30T00:00:00Z,SVP
118397,2015-04-10T08:00:00Z,-34.76612,-42.93544,0.111,-0.0501,183.58333,2013-05-30T00:00:00Z,SVP
118397,2015-04-10T09:00:00Z,-34.76773,-42.93117,0.1062,-0.0132,68.416664,2013-05-30T00:00:00Z,SVP
118397,2015-04-10T10:00:00Z,-34.76723,-42.92564,0.1185,-0.0777,122.416664,2013-05-30T00:00:00Z,SVP
118397,2015-04-10T11:00:00Z,-34.77016,-42.91915,0.1375,-0.1036,126.0,2013-05-30T00:00:00Z,SVP
118397,2015-04-10T12:00:00Z,-34.7743,-42.9133,0.3666,-0.1688,126.0,2013-05-30T00:00:00Z,SVP
118397,2015-04-10T13:00:00Z,-34.77941,-42.89938,0.3092,-0.1403,133.20833,2013-05-30T00:00:00Z,SVP
118397,2015-04-10T14:00:00Z,-34.78402,-42.88717,0.2798,-0.1158,486.00003,2013-05-30T00:00:00Z,SVP
118397,2015-04-10T15:00:00Z,-34.78776,-42.87657,0.2769,-0.1158,486.00003,2013-05-30T00:00:00Z,SVP
118397,2015-04-10T16:00:00Z,-34.79146,-42.86634,0.2738,-0.1159,486.00003,2013-05-30T00:00:00Z,SVP
118397,2015-04-10T17:00:00Z,-34.79451,-42.85251,0.4787,-0.1,255.58333,2013-05-30T00:00:00Z,SVP
118397,2015-04-10T18:00:00Z,-34.79797,-42.82982,0.3646,-0.0995,255.58333,2013-05-30T00:00:00Z,SVP
118397,2015-04-10T19:00:00Z,-34.79906,-42.81778,0.2218,-0.0483,79.208336,2013-05-30T00:00:00Z,SVP
118397,2015-04-10T20:00:00Z,-34.80114,-42.80766,0.3897,-0.0768,104.41666,2013-05-30T00:00:00Z,SVP
118397,2015-04-10T21:00:00Z,-34.80403,-42.78894,0.428,-0.14,93.583336,2013-05-30T00:00:00Z,SVP
118397,2015-04-10T22:00:00Z,-34.81074,-42.77396,0.3492,-0.2009,50.416664,2013-05-30T00:00:00Z,SVP
118397,2015-04-10T23:00:00Z,-34.81021,-42.76252,0.2661,0.0733,140.41666,2013-05-30T00:00:00Z,SVP
118397,2015-04-11T00:00:00Z,-34.8084,-42.75177,0.2594,-0.1485,136.79167,2013-05-30T00:00:00Z,SVP
118397,2015-04-11T01:00:00Z,-34.81304,-42.74111,0.2589,-0.1832,118.79167,2013-05-30T00:00:00Z,SVP
118397,2015-04-11T02:00:00Z,-34.82135,-42.7329,0.1716,-0.3188,111.583336,2013-05-30T00:00:00Z,SVP
118397,2015-04-11T03:00:00Z,-34.83198,-42.72608,0.1584,-0.3809,237.58334,2013-05-30T00:00:00Z,SVP
118397,2015-04-11T04:00:00Z,-34.84382,-42.72048,0.336,-0.4657,216.00002,2013-05-30T00:00:00Z,SVP
118397,2015-04-11T05:00:00Z,-34.85908,-42.70695,0.3418,-0.4652,216.00002,2013-05-30T00:00:00Z,SVP
118397,2015-04-11T06:00:00Z,-34.87358,-42.69211,0.4081,-0.4443,165.58333,2013-05-30T00:00:00Z,SVP
118397,2015-04-11T07:00:00Z,-34.89185,-42.67725,0.4242,-0.0554,86.41667,2013-05-30T00:00:00Z,SVP
118397,2015-04-11T08:00:00Z,-34.89318,-42.65944,0.4478,-0.0271,180.0,2013-05-30T00:00:00Z,SVP
118397,2015-04-11T09:00:00Z,-34.89501,-42.64183,0.4246,-0.0863,64.791664,2013-05-30T00:00:00Z,SVP
118397,2015-04-11T10:00:00Z,-34.90022,-42.62507,0.437,-0.1304,122.416664,2013-05-30T00:00:00Z,SVP
118397,2015-04-11T11:00:00Z,-34.90381,-42.60672,0.5476,-0.0612,108.00001,2013-05-30T00:00:00Z,SVP
118397,2015-04-11T12:00:00Z,-34.90554,-42.58672,0.5025,-0.0551,140.41666,2013-05-30T00:00:00Z,SVP
118397,2015-04-11T13:00:00Z,-34.90696,-42.57141,0.3122,0.004,518.4167,2013-05-30T00:00:00Z,SVP
118397,2015-04-11T14:00:00Z,-34.90646,-42.55888,0.3132,0.0036,518.4167,2013-05-30T00:00:00Z,SVP
118397,2015-04-11T15:00:00Z,-34.90619,-42.54612,0.3145,0.0034,518.4167,2013-05-30T00:00:00Z,SVP
118397,2015-04-11T16:00:00Z,-34.90592,-42.53302,0.3158,0.0029,518.4167,2013-05-30T00:00:00Z,SVP
118397,2015-04-11T17:00:00Z,-34.90596,-42.52405,0.1291,0.0043,255.58333,2013-05-30T00:00:00Z,SVP
118397,2015-04-11T18:00:00Z,-34.90618,-42.51778,0.1372,0.0044,255.58333,2013-05-30T00:00:00Z,SVP
118397,2015-04-11T19:00:00Z,-34.90548,-42.52311,0.0179,0.0107,180.0,2013-05-30T00:00:00Z,SVP
118397,2015-04-11T20:00:00Z,-34.90531,-42.52274,0.0097,-0.0223,183.58333,2013-05-30T00:00:00Z,SVP
118397,2015-04-11T21:00:00Z,-34.90638,-42.52467,-0.0198,-0.0261,183.58333,2013-05-30T00:00:00Z,SVP
118397,2015-04-11T22:00:00Z,-34.91144,-42.52183,0.0309,-0.2026,306.0,2013-05-30T00:00:00Z,SVP
118397,2015-04-11T23:00:00Z,-34.91856,-42.52181,0.0347,-0.2014,306.0,2013-05-30T00:00:00Z,SVP
118397,2015-04-12T00:00:00Z,-34.92502,-42.51709,0.2774,-0.2043,126.0,2013-05-30T00:00:00Z,SVP
118397,2015-04-12T01:00:00Z,-34.93199,-42.50863,0.2076,-0.2181,111.583336,2013-05-30T00:00:00Z,SVP
118397,2015-04-12T02:00:00Z,-34.93842,-42.50239,0.0513,-0.1937,140.41666,2013-05-30T00:00:00Z,SVP
118397,2015-04-12T03:00:00Z,-34.94299,-42.50034,0.439,-0.2357,126.0,2013-05-30T00:00:00Z,SVP
118397,2015-04-12T04:00:00Z,-34.95203,-42.48186,0.3881,-0.214,201.58334,2013-05-30T00:00:00Z,SVP
118397,2015-04-12T05:00:00Z,-34.95836,-42.46697,0.3876,-0.216,201.58334,2013-05-30T00:00:00Z,SVP
118397,2015-04-12T06:00:00Z,-34.96246,-42.45271,0.3565,-0.0204,198.00002,2013-05-30T00:00:00Z,SVP
118397,2015-04-12T07:00:00Z,-34.96359,-42.43936,0.3566,0.0154,219.58333,2013-05-30T00:00:00Z,SVP
118397,2015-04-12T08:00:00Z,-34.96259,-42.42473,0.3566,0.0156,219.58333,2013-05-30T00:00:00Z,SVP
118397,2015-04-12T09:00:00Z,-34.96022,-42.41141,0.3106,0.1487,180.0,2013-05-30T00:00:00Z,SVP
118397,2015-04-12T10:00:00Z,-34.95528,-42.39746,0.3155,0.174,144.0,2013-05-30T00:00:00Z,SVP
118397,2015-04-12T11:00:00Z,-34.9498,-42.38859,0.1638,0.2027,126.0,2013-05-30T00:00:00Z,SVP
118397,2015-04-12T12:00:00Z,-34.94331,-42.38957,-0.0464,0.1607,126.0,2013-05-30T00:00:00Z,SVP
118397,2015-04-12T13:00:00Z,-34.93916,-42.3919,-0.0168,0.0859,140.41666,2013-05-30T00:00:00Z,SVP
118397,2015-04-12T14:00:00Z,-34.93674,-42.39216,0.0064,0.1135,428.41666,2013-05-30T00:00:00Z,SVP
118397,2015-04-12T15:00:00Z,-34.93293,-42.39243,0.0074,0.1134,428.41666,2013-05-30T00:00:00Z,SVP
118397,2015-04-12T16:00:00Z,-34.92952,-42.39291,0.01,0.1159,428.41666,2013-05-30T00:00:00Z,SVP
118397,2015-04-12T17:00:00Z,-34.92605,-42.39213,0.0282,0.1181,230.41667,2013-05-30T00:00:00Z,SVP
118397,2015-04-12T18:00:00Z,-34.92168,-42.38994,0.019,0.0391,176.41667,2013-05-30T00:00:00Z,SVP
118397,2015-04-12T19:00:00Z,-34.92215,-42.39088,0.0122,0.0455,176.41667,2013-05-30T00:00:00Z,SVP
118397,2015-04-12T20:00:00Z,-34.92367,-42.38588,0.182,-0.0737,208.79167,2013-05-30T00:00:00Z,SVP
118397,2015-04-12T21:00:00Z,-34.92549,-42.3784,0.2084,8.0E-4,54.000004,2013-05-30T00:00:00Z,SVP
118397,2015-04-12T22:00:00Z,-34.92374,-42.37011,0.2173,0.0945,302.4167,2013-05-30T00:00:00Z,SVP
118397,2015-04-12T23:00:00Z,-34.92082,-42.36136,0.2159,0.0958,302.4167,2013-05-30T00:00:00Z,SVP
118397,2015-04-13T00:00:00Z,-34.91698,-42.35278,0.2237,0.1205,140.41666,2013-05-30T00:00:00Z,SVP
118397,2015-04-13T01:00:00Z,-34.91196,-42.34443,0.1229,0.1659,144.0,2013-05-30T00:00:00Z,SVP
118397,2015-04-13T02:00:00Z,-34.9088,-42.33933,0.0723,0.2109,259.20834,2013-05-30T00:00:00Z,SVP
118397,2015-04-13T03:00:00Z,-34.90081,-42.33658,0.074,0.2082,259.20834,2013-05-30T00:00:00Z,SVP
118397,2015-04-13T04:00:00Z,-34.89488,-42.33485,0.0591,0.1811,201.58334,2013-05-30T00:00:00Z,SVP
118397,2015-04-13T05:00:00Z,-34.88948,-42.32785,0.1421,0.1393,68.416664,2013-05-30T00:00:00Z,SVP
118397,2015-04-13T06:00:00Z,-34.88442,-42.32461,0.3498,0.1989,172.79166,2013-05-30T00:00:00Z,SVP
118397,2015-04-13T07:00:00Z,-34.8774,-42.31185,0.3313,0.2453,183.58333,2013-05-30T00:00:00Z,SVP
118397,2015-04-13T08:00:00Z,-34.86895,-42.3,0.2367,0.295,79.208336,2013-05-30T00:00:00Z,SVP
118397,2015-04-13T09:00:00Z,-34.85925,-42.29259,0.1467,0.3019,169.20834,2013-05-30T00:00:00Z,SVP
118397,2015-04-13T10:00:00Z,-34.84851,-42.28775,0.112,0.3364,180.0,2013-05-30T00:00:00Z,SVP
118397,2015-04-13T11:00:00Z,-34.83703,-42.28308,0.1481,0.4057,118.79167,2013-05-30T00:00:00Z,SVP
118397,2015-04-13T12:00:00Z,-34.82383,-42.27685,0.1624,0.4113,115.208336,2013-05-30T00:00:00Z,SVP
118397,2015-04-13T13:00:00Z,-34.81171,-42.27632,-0.0344,0.3635,144.0,2013-05-30T00:00:00Z,SVP
118397,2015-04-13T14:00:00Z,-34.80044,-42.27814,-0.0618,0.344,453.5833,2013-05-30T00:00:00Z,SVP
118397,2015-04-13T15:00:00Z,-34.78916,-42.28065,-0.0619,0.3442,453.5833,2013-05-30T00:00:00Z,SVP
118397,2015-04-13T16:00:00Z,-34.77754,-42.28322,-0.062,0.345,453.5833,2013-05-30T00:00:00Z,SVP
118397,2015-04-13T17:00:00Z,-34.76825,-42.28638,-0.0785,0.2988,230.41667,2013-05-30T00:00:00Z,SVP
118397,2015-04-13T18:00:00Z,-34.7591,-42.28921,-0.0934,0.2478,180.0,2013-05-30T00:00:00Z,SVP
118397,2015-04-13T19:00:00Z,-34.75169,-42.29486,-0.0911,0.2265,259.20834,2013-05-30T00:00:00Z,SVP
118397,2015-04-13T20:00:00Z,-34.74369,-42.29687,-0.0938,0.227,259.20834,2013-05-30T00:00:00Z,SVP
118397,2015-04-13T21:00:00Z,-34.73637,-42.30029,-0.0969,0.1986,248.41667,2013-05-30T00:00:00Z,SVP
118397,2015-04-13T22:00:00Z,-34.73085,-42.30545,-0.1024,0.1953,248.41667,2013-05-30T00:00:00Z,SVP
118397,2015-04-13T23:00:00Z,-34.72451,-42.31053,-0.1633,0.2082,136.79167,2013-05-30T00:00:00Z,SVP
118397,2015-04-14T00:00:00Z,-34.71837,-42.31727,0.014,0.1882,115.208336,2013-05-30T00:00:00Z,SVP
118397,2015-04-14T01:00:00Z,-34.71129,-42.31595,0.0412,0.2175,122.416664,2013-05-30T00:00:00Z,SVP
118397,2015-04-14T02:00:00Z,-34.70368,-42.31509,-0.0693,0.2583,133.20833,2013-05-30T00:00:00Z,SVP
118397,2015-04-14T03:00:00Z,-34.69535,-42.31771,-0.0723,0.2741,165.58333,2013-05-30T00:00:00Z,SVP
118397,2015-04-14T04:00:00Z,-34.68613,-42.31992,-0.0312,0.2813,273.58334,2013-05-30T00:00:00Z,SVP
118397,2015-04-14T05:00:00Z,-34.67728,-42.32162,-0.0303,0.2827,273.58334,2013-05-30T00:00:00Z,SVP
118397,2015-04-14T06:00:00Z,-34.66736,-42.31797,0.046,0.2947,151.20834,2013-05-30T00:00:00Z,SVP
118397,2015-04-14T07:00:00Z,-34.65938,-42.32147,-0.1076,0.2559,252.0,2013-05-30T00:00:00Z,SVP
118397,2015-04-14T08:00:00Z,-34.65117,-42.32519,-0.14,0.2322,151.20834,2013-05-30T00:00:00Z,SVP
118397,2015-04-14T09:00:00Z,-34.64344,-42.33108,-0.1313,0.222,187.20833,2013-05-30T00:00:00Z,SVP
118397,2015-04-14T10:00:00Z,-34.63635,-42.33597,-0.1329,0.2209,187.20833,2013-05-30T00:00:00Z,SVP
118397,2015-04-14T11:00:00Z,-34.62688,-42.34584,-0.3017,0.2998,75.583336,2013-05-30T00:00:00Z,SVP
118397,2015-04-14T12:00:00Z,-34.62339,-42.35253,-0.1619,0.0554,140.41666,2013-05-30T00:00:00Z,SVP
118397,2015-04-14T13:00:00Z,-34.62179,-42.35891,-0.1604,-0.0077,118.79167,2013-05-30T00:00:00Z,SVP
118397,2015-04-14T14:00:00Z,-34.62188,-42.36474,-0.0985,-0.0316,356.41666,2013-05-30T00:00:00Z,SVP
118397,2015-04-14T15:00:00Z,-34.62315,-42.36855,-0.0949,-0.0314,356.41666,2013-05-30T00:00:00Z,SVP
118397,2015-04-14T16:00:00Z,-34.62434,-42.37461,-0.097,-0.0309,356.41666,2013-05-30T00:00:00Z,SVP
118397,2015-04-14T17:00:00Z,-34.62493,-42.37377,-0.0051,-0.0291,230.41667,2013-05-30T00:00:00Z,SVP
118397,2015-04-14T18:00:00Z,-34.62593,-42.37592,-0.0905,-0.0251,144.0,2013-05-30T00:00:00Z,SVP
118397,2015-04-14T19:00:00Z,-34.62649,-42.38194,-0.0137,0.0868,169.20834,2013-05-30T00:00:00Z,SVP
118397,2015-04-14T20:00:00Z,-34.62343,-42.38274,6.0E-4,0.089,169.20834,2013-05-30T00:00:00Z,SVP
118397,2015-04-14T21:00:00Z,-34.62468,-42.37955,0.0439,-0.0776,205.20834,2013-05-30T00:00:00Z,SVP
118397,2015-04-14T22:00:00Z,-34.62711,-42.37841,-0.0196,0.1147,122.416664,2013-05-30T00:00:00Z,SVP
118397,2015-04-14T23:00:00Z,-34.6232,-42.37927,-0.0256,0.1046,147.58333,2013-05-30T00:00:00Z,SVP
118397,2015-04-15T00:00:00Z,-34.62135,-42.37934,0.0316,3.0E-4,90.0,2013-05-30T00:00:00Z,SVP
118397,2015-04-15T01:00:00Z,-34.62083,-42.37639,0.0869,0.0099,140.41666,2013-05-30T00:00:00Z,SVP
118397,2015-04-15T02:00:00Z,-34.62042,-42.37323,-0.0526,-0.0033,198.00002,2013-05-30T00:00:00Z,SVP
118397,2015-04-15T03:00:00Z,-34.61971,-42.37622,-0.0468,-0.0036,198.00002,2013-05-30T00:00:00Z,SVP
118397,2015-04-15T04:00:00Z,-34.62127,-42.37797,-0.0613,-0.0508,269.99997,2013-05-30T00:00:00Z,SVP
118397,2015-04-15T05:00:00Z,-34.62293,-42.38009,-0.0614,-0.0531,269.99997,2013-05-30T00:00:00Z,SVP
118397,2015-04-15T06:00:00Z,-34.62663,-42.38234,-0.0429,-0.1197,145.79167,2013-05-30T00:00:00Z,SVP
118397,2015-04-15T07:00:00Z,-34.63427,-42.38164,2.0E-4,-0.2072,207.0,2013-05-30T00:00:00Z,SVP
118397,2015-04-15T08:00:00Z,-34.64078,-42.38203,-0.0568,-0.1294,68.416664,2013-05-30T00:00:00Z,SVP
118397,2015-04-15T09:00:00Z,-34.64385,-42.38342,0.0035,-0.0554,115.208336,2013-05-30T00:00:00Z,SVP
118397,2015-04-15T10:00:00Z,-34.64378,-42.37938,0.0327,0.011,118.79167,2013-05-30T00:00:00Z,SVP
118397,2015-04-15T11:00:00Z,-34.64357,-42.3784,-0.0632,-0.0152,133.20833,2013-05-30T00:00:00Z,SVP
118397,2015-04-15T12:00:00Z,-34.64472,-42.37822,0.1051,-0.071,129.58333,2013-05-30T00:00:00Z,SVP
118397,2015-04-15T13:00:00Z,-34.64759,-42.37466,0.095,-0.0835,104.41666,2013-05-30T00:00:00Z,SVP
118397,2015-04-15T14:00:00Z,-34.64881,-42.37009,0.0916,-0.0291,396.00003,2013-05-30T00:00:00Z,SVP
118397,2015-04-15T15:00:00Z,-34.6497,-42.36617,0.0943,-0.0281,396.00003,2013-05-30T00:00:00Z,SVP
118397,2015-04-15T16:00:00Z,-34.65156,-42.36342,0.0974,-0.0271,230.41667,2013-05-30T00:00:00Z,SVP
118397,2015-04-15T17:00:00Z,-34.65141,-42.3587,0.1006,-0.0225,230.41667,2013-05-30T00:00:00Z,SVP
118397,2015-04-15T18:00:00Z,-34.65335,-42.35525,0.0876,-0.0604,205.20834,2013-05-30T00:00:00Z,SVP
118397,2015-04-15T19:00:00Z,-34.65553,-42.35275,0.1118,-0.0312,142.20833,2013-05-30T00:00:00Z,SVP
118397,2015-04-15T20:00:00Z,-34.65473,-42.34739,0.1395,0.0766,88.208336,2013-05-30T00:00:00Z,SVP
118397,2015-04-15T21:00:00Z,-34.65093,-42.34164,0.13,0.1419,154.79166,2013-05-30T00:00:00Z,SVP
118397,2015-04-15T22:00:00Z,-34.64412,-42.34201,-0.0696,0.2289,291.58334,2013-05-30T00:00:00Z,SVP
118397,2015-04-15T23:00:00Z,-34.63753,-42.34484,-0.0728,0.2223,291.58334,2013-05-30T00:00:00Z,SVP
118397,2015-04-16T00:00:00Z,-34.6261,-42.34935,-0.1328,0.4272,122.416664,2013-05-30T00:00:00Z,SVP
118397,2015-04-16T01:00:00Z,-34.61291,-42.35206,-0.2878,0.3311,133.20833,2013-05-30T00:00:00Z,SVP
118397,2015-04-16T02:00:00Z,-34.60293,-42.36349,-0.3471,0.2239,230.41667,2013-05-30T00:00:00Z,SVP
118397,2015-04-16T03:00:00Z,-34.59408,-42.37686,-0.3481,0.2367,230.41667,2013-05-30T00:00:00Z,SVP
118397,2015-04-16T04:00:00Z,-34.59084,-42.39079,-0.3488,0.1395,255.58333,2013-05-30T00:00:00Z,SVP
118397,2015-04-16T05:00:00Z,-34.58775,-42.40426,-0.3296,0.0605,165.58333,2013-05-30T00:00:00Z,SVP
118397,2015-04-16T06:00:00Z,-34.58254,-42.41756,-0.2423,-0.1278,151.20834,2013-05-30T00:00:00Z,SVP
118397,2015-04-16T07:00:00Z,-34.58711,-42.42703,-0.1672,-0.1079,118.79167,2013-05-30T00:00:00Z,SVP
118397,2015-04-16T08:00:00Z,-34.58992,-42.43263,-0.1284,-0.023,151.20834,2013-05-30T00:00:00Z,SVP
118397,2015-04-16T09:00:00Z,-34.59011,-42.43779,-0.1109,0.0256,115.208336,2013-05-30T00:00:00Z,SVP
118397,2015-04-16T10:00:00Z,-34.58923,-42.44216,-0.1146,0.0294,136.79167,2013-05-30T00:00:00Z,SVP
118397,2015-04-16T11:00:00Z,-34.58846,-42.4466,-0.1121,0.02,108.00001,2013-05-30T00:00:00Z,SVP
118397,2015-04-16T12:00:00Z,-34.58635,-42.44954,-0.0835,0.0752,144.0,2013-05-30T00:00:00Z,SVP
118397,2015-04-16T13:00:00Z,-34.57988,-42.45493,-0.2036,0.2758,396.00003,2013-05-30T00:00:00Z,SVP
118397,2015-04-16T14:00:00Z,-34.5736,-42.46309,-0.2051,0.2233,396.00003,2013-05-30T00:00:00Z,SVP
118397,2015-04-16T15:00:00Z,-34.56805,-42.47091,-0.2042,0.2064,396.00003,2013-05-30T00:00:00Z,SVP
118397,2015-04-16T16:00:00Z,-34.55786,-42.47811,-0.1974,0.3996,244.79167,2013-05-30T00:00:00Z,SVP
118397,2015-04-16T17:00:00Z,-34.54025,-42.48799,-0.21,0.314,244.79167,2013-05-30T00:00:00Z,SVP
118397,2015-04-16T18:00:00Z,-34.52928,-42.48445,-0.0219,0.4349,205.20834,2013-05-30T00:00:00Z,SVP
118397,2015-04-16T19:00:00Z,-34.51588,-42.48678,-0.3039,0.3777,86.41667,2013-05-30T00:00:00Z,SVP
118397,2015-04-16T20:00:00Z,-34.50396,-42.49463,-0.0205,0.3533,216.00002,2013-05-30T00:00:00Z,SVP
118397,2015-04-16T21:00:00Z,-34.49138,-42.49619,0.006,0.279,129.58333,2013-05-30T00:00:00Z,SVP
118397,2015-04-16T22:00:00Z,-34.48383,-42.49862,-0.5025,0.2093,136.79167,2013-05-30T00:00:00Z,SVP
118397,2015-04-16T23:00:00Z,-34.47723,-42.5182,-0.5977,0.2005,136.79167,2013-05-30T00:00:00Z,SVP
118397,2015-04-17T00:00:00Z,-34.47115,-42.54257,-0.6743,0.1611,122.416664,2013-05-30T00:00:00Z,SVP
118397,2015-04-17T01:00:00Z,-34.46599,-42.54248,-0.1006,0.1538,115.208336,2013-05-30T00:00:00Z,SVP
118397,2015-04-17T02:00:00Z,-34.46157,-42.54462,0.0353,0.1252,140.41666,2013-05-30T00:00:00Z,SVP
118397,2015-04-17T03:00:00Z,-34.45909,-42.56407,-0.3239,0.0657,140.41666,2013-05-30T00:00:00Z,SVP
118397,2015-04-17T04:00:00Z,-34.45882,-42.57293,-0.2313,0.0158,219.58333,2013-05-30T00:00:00Z,SVP
118397,2015-04-17T05:00:00Z,-34.45893,-42.58045,-0.1602,-0.0168,212.41667,2013-05-30T00:00:00Z,SVP
118397,2015-04-17T06:00:00Z,-34.45982,-42.58561,-0.1608,-0.2076,57.583332,2013-05-30T00:00:00Z,SVP
118397,2015-04-17T07:00:00Z,-34.46275,-42.59324,-0.191,-0.0558,154.79166,2013-05-30T00:00:00Z,SVP
118397,2015-04-17T08:00:00Z,-34.46393,-42.60054,-0.1393,0.0207,144.0,2013-05-30T00:00:00Z,SVP
118397,2015-04-17T09:00:00Z,-34.4647,-42.60476,-0.0869,-0.0663,104.41666,2013-05-30T00:00:00Z,SVP
118397,2015-04-17T10:00:00Z,-34.46688,-42.60706,-0.0554,-0.0726,252.0,2013-05-30T00:00:00Z,SVP
118397,2015-04-17T11:00:00Z,-34.46883,-42.60867,-0.0087,-0.0333,154.79166,2013-05-30T00:00:00Z,SVP
118397,2015-04-17T12:00:00Z,-34.46932,-42.60881,-0.0013,0.0372,129.58333,2013-05-30T00:00:00Z,SVP
118397,2015-04-17T13:00:00Z,-34.46761,-42.61008,-0.0812,0.0954,417.58334,2013-05-30T00:00:00Z,SVP
118397,2015-04-17T14:00:00Z,-34.46411,-42.61409,-0.0915,0.0967,417.58334,2013-05-30T00:00:00Z,SVP
118397,2015-04-17T15:00:00Z,-34.46052,-42.61719,-0.0883,0.0975,417.58334,2013-05-30T00:00:00Z,SVP
118397,2015-04-17T16:00:00Z,-34.45884,-42.63803,-0.2423,0.0751,237.58334,2013-05-30T00:00:00Z,SVP
118397,2015-04-17T17:00:00Z,-34.45589,-42.64759,-0.2643,0.0217,194.41666,2013-05-30T00:00:00Z,SVP
118397,2015-04-17T18:00:00Z,-34.4569,-42.65722,-0.2578,0.002,194.41666,2013-05-30T00:00:00Z,SVP
118397,2015-04-17T19:00:00Z,-34.4538,-42.66518,-0.2964,-0.0332,61.208332,2013-05-30T00:00:00Z,SVP
118397,2015-04-17T20:00:00Z,-34.45635,-42.67776,-0.328,-0.2499,165.58333,2013-05-30T00:00:00Z,SVP
118397,2015-04-17T21:00:00Z,-34.46423,-42.67864,-0.0984,-0.1979,208.79167,2013-05-30T00:00:00Z,SVP
118397,2015-04-17T22:00:00Z,-34.47024,-42.68471,-0.3381,-0.1743,61.208332,2013-05-30T00:00:00Z,SVP
118397,2015-04-17T23:00:00Z,-34.47651,-42.69742,-0.2864,-0.2646,126.0,2013-05-30T00:00:00Z,SVP
118397,2015-04-18T00:00:00Z,-34.48608,-42.70743,-0.2348,-0.3125,144.0,2013-05-30T00:00:00Z,SVP
118397,2015-04-18T01:00:00Z,-34.49872,-42.71337,-0.0728,-0.3991,140.41666,2013-05-30T00:00:00Z,SVP
118397,2015-04-18T02:00:00Z,-34.51143,-42.71556,-0.0823,-0.4312,133.20833,2013-05-30T00:00:00Z,SVP
118397,2015-04-18T03:00:00Z,-34.52621,-42.71882,-0.0939,-0.5129,241.20834,2013-05-30T00:00:00Z,SVP
118397,2015-04-18T04:00:00Z,-34.54319,-42.72429,-0.1161,-0.514,241.20834,2013-05-30T00:00:00Z,SVP
118397,2015-04-18T05:00:00Z,-34.55959,-42.71365,0.0725,-0.5161,212.41667,2013-05-30T00:00:00Z,SVP
118397,2015-04-18T06:00:00Z,-34.57639,-42.71053,0.0111,-0.505,252.0,2013-05-30T00:00:00Z,SVP
118397,2015-04-18T07:00:00Z,-34.59262,-42.71046,0.0091,-0.5051,252.0,2013-05-30T00:00:00Z,SVP
118397,2015-04-18T08:00:00Z,-34.60998,-42.71154,-0.0795,-0.5811,86.41667,2013-05-30T00:00:00Z,SVP
118397,2015-04-18T09:00:00Z,-34.62577,-42.71524,-0.1449,-0.3815,0.0,2013-05-30T00:00:00Z,SVP
118397,2015-04-18T10:00:00Z,-34.64805,-42.71315,0.1536,-0.7603,86.41667,2013-05-30T00:00:00Z,SVP
118397,2015-04-18T11:00:00Z,-34.66792,-42.70582,0.2052,-0.5199,115.208336,2013-05-30T00:00:00Z,SVP
118397,2015-04-18T12:00:00Z,-34.6844,-42.69797,0.1893,-0.4885,122.416664,2013-05-30T00:00:00Z,SVP
118397,2015-04-18T13:00:00Z,-34.69991,-42.69198,0.1601,-0.4758,144.0,2013-05-30T00:00:00Z,SVP
118397,2015-04-18T14:00:00Z,-34.71417,-42.68467,0.1814,-0.4261,428.41666,2013-05-30T00:00:00Z,SVP
118397,2015-04-18T15:00:00Z,-34.72777,-42.67798,0.181,-0.4256,428.41666,2013-05-30T00:00:00Z,SVP
118397,2015-04-18T16:00:00Z,-34.74116,-42.67104,0.181,-0.4248,428.41666,2013-05-30T00:00:00Z,SVP
118397,2015-04-18T17:00:00Z,-34.75383,-42.66339,0.2077,-0.4119,194.41666,2013-05-30T00:00:00Z,SVP
118397,2015-04-18T18:00:00Z,-34.7708,-42.65401,0.225,-0.45,194.41666,2013-05-30T00:00:00Z,SVP
118397,2015-04-18T19:00:00Z,-34.76012,-42.62381,0.2454,-0.0811,172.79166,2013-05-30T00:00:00Z,SVP
118397,2015-04-18T20:00:00Z,-34.76093,-42.61507,0.2068,0.0961,90.0,2013-05-30T00:00:00Z,SVP
118397,2015-04-18T21:00:00Z,-34.7577,-42.58822,0.5272,0.1208,162.0,2013-05-30T00:00:00Z,SVP
118397,2015-04-18T22:00:00Z,-34.7545,-42.57342,0.1763,0.0963,147.58333,2013-05-30T00:00:00Z,SVP
118397,2015-04-18T23:00:00Z,-34.74991,-42.56601,0.2082,0.0238,151.20834,2013-05-30T00:00:00Z,SVP
118397,2015-04-19T00:00:00Z,-34.75019,-42.5578,0.3167,-0.1035,100.79167,2013-05-30T00:00:00Z,SVP
118397,2015-04-19T01:00:00Z,-34.75393,-42.54512,0.2787,-0.1137,126.0,2013-05-30T00:00:00Z,SVP
118397,2015-04-19T02:00:00Z,-34.75802,-42.53559,0.1834,-0.1314,111.583336,2013-05-30T00:00:00Z,SVP
118397,2015-04-19T03:00:00Z,-34.7628,-42.5293,0.1472,-0.1649,223.20834,2013-05-30T00:00:00Z,SVP
118397,2015-04-19T04:00:00Z,-34.76803,-42.52404,0.1478,-0.1663,223.20834,2013-05-30T00:00:00Z,SVP
118397,2015-04-19T05:00:00Z,-34.77282,-42.51802,0.1415,-0.145,208.79167,2013-05-30T00:00:00Z,SVP
118397,2015-04-19T06:00:00Z,-34.77777,-42.51259,0.1218,-0.125,248.41667,2013-05-30T00:00:00Z,SVP
118397,2015-04-19T07:00:00Z,-34.77936,-42.51919,0.0291,-0.1152,248.41667,2013-05-30T00:00:00Z,SVP
118397,2015-04-19T08:00:00Z,-34.78683,-42.50276,0.1255,-0.1632,126.0,2013-05-30T00:00:00Z,SVP
118397,2015-04-19T09:00:00Z,-34.79151,-42.49765,0.1534,-0.1447,50.416664,2013-05-30T00:00:00Z,SVP
118397,2015-04-19T10:00:00Z,-34.79661,-42.48837,0.1785,-0.0931,82.791664,2013-05-30T00:00:00Z,SVP
118397,2015-04-19T11:00:00Z,-34.79752,-42.48292,0.1,0.0198,126.0,2013-05-30T00:00:00Z,SVP
118397,2015-04-19T12:00:00Z,-34.79718,-42.47292,0.2993,-4.0E-4,122.416664,2013-05-30T00:00:00Z,SVP
118397,2015-04-19T13:00:00Z,-34.79735,-42.4597,0.1733,0.0563,133.20833,2013-05-30T00:00:00Z,SVP
118397,2015-04-19T14:00:00Z,-34.79527,-42.45265,0.1585,0.0913,450.0,2013-05-30T00:00:00Z,SVP
118397,2015-04-19T15:00:00Z,-34.79249,-42.44651,0.1583,0.0905,450.0,2013-05-30T00:00:00Z,SVP
118397,2015-04-19T16:00:00Z,-34.79009,-42.44039,0.1581,0.0881,450.0,2013-05-30T00:00:00Z,SVP
118397,2015-04-19T17:00:00Z,-34.78579,-42.4349,0.143,0.2181,248.41667,2013-05-30T00:00:00Z,SVP
118397,2015-04-19T18:00:00Z,-34.77821,-42.42896,0.1431,0.2173,248.41667,2013-05-30T00:00:00Z,SVP
118397,2015-04-19T19:00:00Z,-34.77134,-42.4269,0.0705,0.2233,129.58333,2013-05-30T00:00:00Z,SVP
118397,2015-04-19T20:00:00Z,-34.77716,-42.42906,0.066,0.055,198.00002,2013-05-30T00:00:00Z,SVP
118397,2015-04-19T21:00:00Z,-34.77544,-42.42635,0.0665,0.0519,198.00002,2013-05-30T00:00:00Z,SVP
118397,2015-04-19T22:00:00Z,-34.77777,-42.43159,-0.1943,-0.0971,309.5833,2013-05-30T00:00:00Z,SVP
118397,2015-04-19T23:00:00Z,-34.78086,-42.43927,-0.1947,-0.0971,309.5833,2013-05-30T00:00:00Z,SVP
118397,2015-04-20T00:00:00Z,-34.78361,-42.44681,-0.1996,-0.0582,97.20833,2013-05-30T00:00:00Z,SVP
118397,2015-04-20T01:00:00Z,-34.78553,-42.44709,-0.0445,-0.0766,136.79167,2013-05-30T00:00:00Z,SVP
118397,2015-04-20T02:00:00Z,-34.78964,-42.45159,-0.1439,-0.0833,75.583336,2013-05-30T00:00:00Z,SVP
118397,2015-04-20T03:00:00Z,-34.79175,-42.45735,-0.1332,-0.1228,266.41666,2013-05-30T00:00:00Z,SVP
118397,2015-04-20T04:00:00Z,-34.79542,-42.46237,-0.1353,-0.1472,266.41666,2013-05-30T00:00:00Z,SVP
118397,2015-04-20T05:00:00Z,-34.80929,-42.46532,-0.0712,-0.4685,180.0,2013-05-30T00:00:00Z,SVP
118397,2015-04-20T06:00:00Z,-34.82347,-42.46386,0.1175,-0.3467,176.41667,2013-05-30T00:00:00Z,SVP
118397,2015-04-20T07:00:00Z,-34.83497,-42.4616,0.0707,-0.3135,82.791664,2013-05-30T00:00:00Z,SVP
118397,2015-04-20T08:00:00Z,-34.84382,-42.45789,0.0412,-0.2702,169.20834,2013-05-30T00:00:00Z,SVP
118397,2015-04-20T09:00:00Z,-34.85235,-42.45697,-0.0474,-0.2664,68.416664,2013-05-30T00:00:00Z,SVP
118397,2015-04-20T10:00:00Z,-34.86042,-42.45569,0.0685,-0.2309,115.208336,2013-05-30T00:00:00Z,SVP
118397,2015-04-20T11:00:00Z,-34.86781,-42.4518,0.1055,-0.1788,129.58333,2013-05-30T00:00:00Z,SVP
118397,2015-04-20T12:00:00Z,-34.87362,-42.44742,0.1551,-0.1846,133.20833,2013-05-30T00:00:00Z,SVP
118397,2015-04-20T13:00:00Z,-34.87901,-42.44139,0.1473,-0.1352,108.00001,2013-05-30T00:00:00Z,SVP
118397,2015-04-20T14:00:00Z,-34.88299,-42.4409,0.0187,-0.1115,486.00003,2013-05-30T00:00:00Z,SVP
118397,2015-04-20T15:00:00Z,-34.88652,-42.44062,0.0181,-0.1113,486.00003,2013-05-30T00:00:00Z,SVP
118397,2015-04-20T16:00:00Z,-34.8901,-42.44043,0.0179,-0.1113,486.00003,2013-05-30T00:00:00Z,SVP
118397,2015-04-20T17:00:00Z,-34.89402,-42.43981,0.0089,-0.1134,252.0,2013-05-30T00:00:00Z,SVP
118397,2015-04-20T18:00:00Z,-34.89767,-42.43779,0.0149,-0.1139,252.0,2013-05-30T00:00:00Z,SVP
118397,2015-04-20T19:00:00Z,-34.9022,-42.44477,-0.301,-0.1271,82.791664,2013-05-30T00:00:00Z,SVP
118397,2015-04-20T20:00:00Z,-34.90726,-42.44986,-0.1253,-0.1625,147.58333,2013-05-30T00:00:00Z,SVP
118397,2015-04-20T21:00:00Z,-34.91463,-42.45169,-0.1525,-0.3088,154.79166,2013-05-30T00:00:00Z,SVP
118397,2015-04-20T22:00:00Z,-34.92504,-42.45785,-0.1577,-0.3051,154.79166,2013-05-30T00:00:00Z,SVP
118397,2015-04-20T23:00:00Z,-34.93386,-42.46356,-0.1348,-0.2879,165.58333,2013-05-30T00:00:00Z,SVP
118397,2015-04-21T00:00:00Z,-34.94337,-42.46574,0.0012,-0.3056,122.416664,2013-05-30T00:00:00Z,SVP
118397,2015-04-21T01:00:00Z,-34.95339,-42.46516,-0.0065,-0.3368,111.583336,2013-05-30T00:00:00Z,SVP
118397,2015-04-21T02:00:00Z,-34.9636,-42.4645,0.038,-0.2847,115.208336,2013-05-30T00:00:00Z,SVP
118397,2015-04-21T03:00:00Z,-34.97268,-42.46331,0.045,-0.2753,237.58334,2013-05-30T00:00:00Z,SVP
118397,2015-04-21T04:00:00Z,-34.98052,-42.46122,0.0585,-0.2423,190.79166,2013-05-30T00:00:00Z,SVP
118397,2015-04-21T05:00:00Z,-34.99018,-42.45897,0.062,-0.2499,190.79166,2013-05-30T00:00:00Z,SVP
118397,2015-04-21T06:00:00Z,-34.99709,-42.45473,0.1375,-0.244,162.0,2013-05-30T00:00:00Z,SVP
118397,2015-04-21T07:00:00Z,-35.00539,-42.44944,0.1981,-0.2009,248.41667,2013-05-30T00:00:00Z,SVP
118397,2015-04-21T08:00:00Z,-35.01163,-42.44166,0.2038,-0.1892,248.41667,2013-05-30T00:00:00Z,SVP
118397,2015-04-21T09:00:00Z,-35.01411,-42.43325,0.2253,-0.0447,288.0,2013-05-30T00:00:00Z,SVP
118397,2015-04-21T10:00:00Z,-35.01537,-42.42284,0.2337,-0.0375,288.0,2013-05-30T00:00:00Z,SVP
118397,2015-04-21T11:00:00Z,-35.01123,-42.41775,0.195,0.1775,133.20833,2013-05-30T00:00:00Z,SVP
118397,2015-04-21T12:00:00Z,-35.005,-42.41022,0.1312,0.1952,144.0,2013-05-30T00:00:00Z,SVP
118397,2015-04-21T13:00:00Z,-34.99961,-42.41689,-0.1875,0.1752,529.2084,2013-05-30T00:00:00Z,SVP
118397,2015-04-21T14:00:00Z,-34.99381,-42.42374,-0.1849,0.1763,529.2084,2013-05-30T00:00:00Z,SVP
118397,2015-04-21T15:00:00Z,-34.98825,-42.43097,-0.1843,0.1759,529.2084,2013-05-30T00:00:00Z,SVP
118397,2015-04-21T16:00:00Z,-34.98305,-42.43846,-0.1846,0.1745,529.2084,2013-05-30T00:00:00Z,SVP
118397,2015-04-21T17:00:00Z,-34.97713,-42.44113,-0.0198,0.1827,230.41667,2013-05-30T00:00:00Z,SVP
118397,2015-04-21T18:00:00Z,-34.96887,-42.43226,-0.2149,0.1852,176.41667,2013-05-30T00:00:00Z,SVP
118397,2015-04-21T19:00:00Z,-34.96549,-42.44442,-0.0517,0.1857,176.41667,2013-05-30T00:00:00Z,SVP
118397,2015-04-21T20:00:00Z,-34.96064,-42.44638,-0.0076,-0.0352,158.41667,2013-05-30T00:00:00Z,SVP
118397,2015-04-21T21:00:00Z,-34.96178,-42.44775,-0.0423,-0.0128,104.41666,2013-05-30T00:00:00Z,SVP
118397,2015-04-21T22:00:00Z,-34.96163,-42.45187,-0.1672,0.01,126.0,2013-05-30T00:00:00Z,SVP
118397,2015-04-21T23:00:00Z,-34.96655,-42.45869,-0.2066,-0.1782,169.20834,2013-05-30T00:00:00Z,SVP
118397,2015-04-22T00:00:00Z,-34.97106,-42.46438,-0.1233,-0.1498,136.79167,2013-05-30T00:00:00Z,SVP
118397,2015-04-22T01:00:00Z,-34.9755,-42.46775,-0.0684,-0.0995,118.79167,2013-05-30T00:00:00Z,SVP
118397,2015-04-22T02:00:00Z,-34.9784,-42.46962,-0.0356,-0.1021,255.58333,2013-05-30T00:00:00Z,SVP
118397,2015-04-22T03:00:00Z,-34.98164,-42.47094,0.0112,-0.0886,111.583336,2013-05-30T00:00:00Z,SVP
118397,2015-04-22T04:00:00Z,-34.98442,-42.47059,0.0271,-0.0744,269.99997,2013-05-30T00:00:00Z,SVP
118397,2015-04-22T05:00:00Z,-34.98706,-42.46917,0.0244,-0.0725,269.99997,2013-05-30T00:00:00Z,SVP
118397,2015-04-22T06:00:00Z,-34.98928,-42.46879,0.0054,-0.0675,187.20833,2013-05-30T00:00:00Z,SVP
118397,2015-04-22T07:00:00Z,-34.99093,-42.46938,-0.0143,-0.0582,190.79166,2013-05-30T00:00:00Z,SVP
118397,2015-04-22T08:00:00Z,-34.99383,-42.46971,-0.0734,-0.1321,50.416664,2013-05-30T00:00:00Z,SVP
118397,2015-04-22T09:00:00Z,-34.99923,-42.47235,-0.0652,-0.2011,201.58334,2013-05-30T00:00:00Z,SVP
118397,2015-04-22T10:00:00Z,-35.00391,-42.46985,0.0247,0.0353,75.583336,2013-05-30T00:00:00Z,SVP
118397,2015-04-22T11:00:00Z,-35.00221,-42.47155,-0.0892,-0.0057,118.79167,2013-05-30T00:00:00Z,SVP
118397,2015-04-22T12:00:00Z,-35.00275,-42.47504,-0.046,-0.0546,115.208336,2013-05-30T00:00:00Z,SVP
118397,2015-04-22T13:00:00Z,-35.00489,-42.47773,-0.1297,-0.0869,147.58333,2013-05-30T00:00:00Z,SVP
118397,2015-04-22T14:00:00Z,-35.00781,-42.48273,-0.1351,-0.094,417.58334,2013-05-30T00:00:00Z,SVP
118397,2015-04-22T15:00:00Z,-35.01094,-42.48806,-0.135,-0.0942,417.58334,2013-05-30T00:00:00Z,SVP
118397,2015-04-22T16:00:00Z,-35.01399,-42.49354,-0.135,-0.0943,417.58334,2013-05-30T00:00:00Z,SVP
118397,2015-04-22T17:00:00Z,-35.01761,-42.49818,-0.1215,-0.1106,230.41667,2013-05-30T00:00:00Z,SVP
118397,2015-04-22T18:00:00Z,-35.02098,-42.50345,-0.1311,-0.1146,126.0,2013-05-30T00:00:00Z,SVP
118397,2015-04-22T19:00:00Z,-35.02405,-42.50959,-0.1515,-0.0863,64.791664,2013-05-30T00:00:00Z,SVP
118397,2015-04-22T20:00:00Z,-35.02676,-42.51363,-0.1016,-0.0661,183.58333,2013-05-30T00:00:00Z,SVP
118397,2015-04-22T21:00:00Z,-35.02973,-42.51253,-0.1445,-0.1874,144.0,2013-05-30T00:00:00Z,SVP
118397,2015-04-22T22:00:00Z,-35.03519,-42.51725,-0.1506,-0.1786,183.58333,2013-05-30T00:00:00Z,SVP
118397,2015-04-22T23:00:00Z,-35.0416,-42.52438,-0.1496,-0.1774,183.58333,2013-05-30T00:00:00Z,SVP
118397,2015-04-23T00:00:00Z,-35.04645,-42.52809,-0.0456,-0.1605,140.41666,2013-05-30T00:00:00Z,SVP
118397,2015-04-23T01:00:00Z,-35.05199,-42.52471,0.1856,-0.1685,126.0,2013-05-30T00:00:00Z,SVP
118397,2015-04-23T02:00:00Z,-35.05755,-42.51762,0.2031,-0.1482,255.58333,2013-05-30T00:00:00Z,SVP
118397,2015-04-23T03:00:00Z,-35.06235,-42.5092,0.2013,-0.1478,255.58333,2013-05-30T00:00:00Z,SVP
118397,2015-04-23T04:00:00Z,-35.06671,-42.5014,0.1885,-0.1264,269.99997,2013-05-30T00:00:00Z,SVP
118397,2015-04-23T05:00:00Z,-35.07096,-42.49431,0.1885,-0.1256,269.99997,2013-05-30T00:00:00Z,SVP
118397,2015-04-23T06:00:00Z,-35.07371,-42.48856,0.0783,-0.0852,57.583332,2013-05-30T00:00:00Z,SVP
118397,2015-04-23T07:00:00Z,-35.07717,-42.48671,0.023,-0.123,169.20834,2013-05-30T00:00:00Z,SVP
118397,2015-04-23T08:00:00Z,-35.0807,-42.48547,0.0463,-0.0914,97.20833,2013-05-30T00:00:00Z,SVP
118397,2015-04-23T09:00:00Z,-35.07997,-42.47943,0.1412,-0.0038,169.20834,2013-05-30T00:00:00Z,SVP
118397,2015-04-23T10:00:00Z,-35.08164,-42.47417,0.1482,-0.0231,190.79166,2013-05-30T00:00:00Z,SVP
118397,2015-04-23T11:00:00Z,-35.08284,-42.46718,0.3339,-0.0628,68.416664,2013-05-30T00:00:00Z,SVP
118397,2015-04-23T12:00:00Z,-35.08705,-42.45184,0.4114,-0.2121,122.416664,2013-05-30T00:00:00Z,SVP
118397,2015-04-23T13:00:00Z,-35.09513,-42.45686,0.0293,-0.2303,140.41666,2013-05-30T00:00:00Z,SVP
118397,2015-04-23T14:00:00Z,-35.10062,-42.45519,0.0017,-0.1732,442.79166,2013-05-30T00:00:00Z,SVP
118397,2015-04-23T15:00:00Z,-35.10625,-42.4546,-0.001,-0.1724,442.79166,2013-05-30T00:00:00Z,SVP
118397,2015-04-23T16:00:00Z,-35.11255,-42.45419,-0.0056,-0.1708,442.79166,2013-05-30T00:00:00Z,SVP
118397,2015-04-23T17:00:00Z,-35.11694,-42.45442,0.015,-0.1574,230.41667,2013-05-30T00:00:00Z,SVP
118397,2015-04-23T18:00:00Z,-35.12217,-42.45395,0.0171,-0.1729,190.79166,2013-05-30T00:00:00Z,SVP
118397,2015-04-23T19:00:00Z,-35.12823,-42.45247,0.0335,-0.1774,61.208332,2013-05-30T00:00:00Z,SVP
118397,2015-04-23T20:00:00Z,-35.1347,-42.4514,0.0508,-0.2744,86.41667,2013-05-30T00:00:00Z,SVP
118397,2015-04-23T21:00:00Z,-35.14255,-42.4506,0.0105,-0.2142,158.41667,2013-05-30T00:00:00Z,SVP
118397,2015-04-23T22:00:00Z,-35.14895,-42.45031,0.0267,-0.1768,93.583336,2013-05-30T00:00:00Z,SVP
118397,2015-04-23T23:00:00Z,-35.15603,-42.4401,0.1131,-0.241,147.58333,2013-05-30T00:00:00Z,SVP
118397,2015-04-24T00:00:00Z,-35.1629,-42.43539,0.1173,-0.1887,90.0,2013-05-30T00:00:00Z,SVP
118397,2015-04-24T01:00:00Z,-35.16865,-42.43016,0.152,-0.1557,140.41666,2013-05-30T00:00:00Z,SVP
118397,2015-04-24T02:00:00Z,-35.17435,-42.42569,0.1171,-0.1669,115.208336,2013-05-30T00:00:00Z,SVP
118397,2015-04-24T03:00:00Z,-35.17904,-42.4216,0.0746,-0.1404,162.0,2013-05-30T00:00:00Z,SVP
118397,2015-04-24T04:00:00Z,-35.18238,-42.41878,0.0789,-0.0901,269.99997,2013-05-30T00:00:00Z,SVP
118397,2015-04-24T05:00:00Z,-35.18442,-42.41632,0.0772,-0.0875,269.99997,2013-05-30T00:00:00Z,SVP
118397,2015-04-24T06:00:00Z,-35.18954,-42.41904,-0.0561,-0.1233,90.0,2013-05-30T00:00:00Z,SVP
118397,2015-04-24T07:00:00Z,-35.19295,-42.41929,0.0477,-0.0987,136.79167,2013-05-30T00:00:00Z,SVP
118397,2015-04-24T08:00:00Z,-35.19687,-42.41563,0.1088,-0.1249,122.416664,2013-05-30T00:00:00Z,SVP
118397,2015-04-24T09:00:00Z,-35.20083,-42.41137,0.1153,-0.1215,219.58333,2013-05-30T00:00:00Z,SVP
118397,2015-04-24T10:00:00Z,-35.20483,-42.40672,0.1159,-0.1216,219.58333,2013-05-30T00:00:00Z,SVP
118397,2015-04-24T11:00:00Z,-35.20885,-42.40264,0.076,-0.1446,111.583336,2013-05-30T00:00:00Z,SVP
118397,2015-04-24T12:00:00Z,-35.21296,-42.39903,0.1301,-0.133,140.41666,2013-05-30T00:00:00Z,SVP
118397,2015-04-24T13:00:00Z,-35.21775,-42.39432,0.1664,-0.1474,118.79167,2013-05-30T00:00:00Z,SVP
118397,2015-04-24T14:00:00Z,-35.2212,-42.38389,0.2636,-0.1177,360.0,2013-05-30T00:00:00Z,SVP
118397,2015-04-24T15:00:00Z,-35.22733,-42.38251,0.138,-0.1328,360.0,2013-05-30T00:00:00Z,SVP
118397,2015-04-24T16:00:00Z,-35.23333,-42.37733,0.1458,-0.1499,367.20834,2013-05-30T00:00:00Z,SVP
118397,2015-04-24T17:00:00Z,-35.23644,-42.37034,0.1498,-0.1417,367.20834,2013-05-30T00:00:00Z,SVP
118397,2015-04-24T18:00:00Z,-35.23585,-42.34053,0.2795,-0.1123,367.20834,2013-05-30T00:00:00Z,SVP
118397,2015-04-24T19:00:00Z,-35.24589,-42.35863,-0.0453,-0.0649,97.20833,2013-05-30T00:00:00Z,SVP
118397,2015-04-24T20:00:00Z,-35.24722,-42.35812,0.1203,-0.0722,50.416664,2013-05-30T00:00:00Z,SVP
118397,2015-04-24T21:00:00Z,-35.25127,-42.35257,0.1572,-0.1613,136.79167,2013-05-30T00:00:00Z,SVP
118397,2015-04-24T22:00:00Z,-35.2589,-42.35185,0.0427,-0.0529,126.0,2013-05-30T00:00:00Z,SVP
118397,2015-04-24T23:00:00Z,-35.26219,-42.35073,0.0138,-0.0959,93.583336,2013-05-30T00:00:00Z,SVP
118397,2015-04-25T00:00:00Z,-35.26665,-42.35115,-0.0221,-0.1789,111.583336,2013-05-30T00:00:00Z,SVP
118397,2015-04-25T01:00:00Z,-35.27269,-42.34485,0.1468,-0.1959,133.20833,2013-05-30T00:00:00Z,SVP
118397,2015-04-25T02:00:00Z,-35.2811,-42.33753,0.1354,-0.1185,208.79167,2013-05-30T00:00:00Z,SVP
118397,2015-04-25T03:00:00Z,-35.28487,-42.33501,0.1484,-0.1155,208.79167,2013-05-30T00:00:00Z,SVP
118397,2015-04-25T04:00:00Z,-35.28855,-42.32788,0.2269,-0.0952,241.20834,2013-05-30T00:00:00Z,SVP
118397,2015-04-25T05:00:00Z,-35.29095,-42.31935,0.2005,-0.0665,154.79166,2013-05-30T00:00:00Z,SVP
118397,2015-04-25T06:00:00Z,-35.29358,-42.31155,0.1292,-0.0038,126.0,2013-05-30T00:00:00Z,SVP
118397,2015-04-25T07:00:00Z,-35.29274,-42.30716,0.1036,0.051,144.0,2013-05-30T00:00:00Z,SVP
118397,2015-04-25T08:00:00Z,-35.2911,-42.30236,0.1474,0.0539,68.416664,2013-05-30T00:00:00Z,SVP
118397,2015-04-25T09:00:00Z,-35.28943,-42.2969,0.1376,0.0562,255.58333,2013-05-30T00:00:00Z,SVP
118397,2015-04-25T10:00:00Z,-35.2873,-42.29152,0.0751,0.0598,133.20833,2013-05-30T00:00:00Z,SVP
118397,2015-04-25T11:00:00Z,-35.28566,-42.28966,0.0129,0.0485,100.79167,2013-05-30T00:00:00Z,SVP
118397,2015-04-25T12:00:00Z,-35.2849,-42.28651,0.1017,0.0069,144.0,2013-05-30T00:00:00Z,SVP
118397,2015-04-25T13:00:00Z,-35.28539,-42.28295,0.1172,-0.0469,111.583336,2013-05-30T00:00:00Z,SVP
118397,2015-04-25T14:00:00Z,-35.28686,-42.27877,0.0816,-0.0417,378.0,2013-05-30T00:00:00Z,SVP
118397,2015-04-25T15:00:00Z,-35.28882,-42.2749,0.081,-0.0415,378.0,2013-05-30T00:00:00Z,SVP
118397,2015-04-25T16:00:00Z,-35.29011,-42.27097,0.0937,0.0113,226.79166,2013-05-30T00:00:00Z,SVP
118397,2015-04-25T17:00:00Z,-35.28936,-42.26941,0.0881,0.0104,226.79166,2013-05-30T00:00:00Z,SVP
118397,2015-04-25T18:00:00Z,-35.28683,-42.26143,0.215,0.0833,198.00002,2013-05-30T00:00:00Z,SVP
118397,2015-04-25T19:00:00Z,-35.28377,-42.25218,0.2416,0.0903,90.0,2013-05-30T00:00:00Z,SVP
118397,2015-04-25T20:00:00Z,-35.28323,-42.25788,-0.0213,0.0635,140.41666,2013-05-30T00:00:00Z,SVP
118397,2015-04-25T21:00:00Z,-35.27193,-42.25516,-0.046,0.203,158.41667,2013-05-30T00:00:00Z,SVP
118397,2015-04-25T22:00:00Z,-35.26537,-42.26054,-0.1744,0.1788,100.79167,2013-05-30T00:00:00Z,SVP
118397,2015-04-25T23:00:00Z,-35.2597,-42.26713,-0.1659,0.1637,208.79167,2013-05-30T00:00:00Z,SVP
118397,2015-04-26T00:00:00Z,-35.25502,-42.27334,-0.1365,0.1319,140.41666,2013-05-30T00:00:00Z,SVP
118397,2015-04-26T01:00:00Z,-35.25081,-42.27816,-0.1139,0.1268,115.208336,2013-05-30T00:00:00Z,SVP
118397,2015-04-26T02:00:00Z,-35.2467,-42.28413,-0.1833,0.1515,241.20834,2013-05-30T00:00:00Z,SVP
118397,2015-04-26T03:00:00Z,-35.24122,-42.28818,-0.1755,0.1472,241.20834,2013-05-30T00:00:00Z,SVP
118397,2015-04-26T04:00:00Z,-35.23767,-42.29914,-0.2171,0.1212,255.58333,2013-05-30T00:00:00Z,SVP
118397,2015-04-26T05:00:00Z,-35.23365,-42.30835,-0.2445,0.0832,176.41667,2013-05-30T00:00:00Z,SVP
118397,2015-04-26T06:00:00Z,-35.23198,-42.31701,-0.2237,0.0233,57.583332,2013-05-30T00:00:00Z,SVP
118397,2015-04-26T07:00:00Z,-35.23282,-42.32511,-0.1821,-0.0612,183.58333,2013-05-30T00:00:00Z,SVP
118397,2015-04-26T08:00:00Z,-35.23503,-42.33175,-0.188,-0.0986,363.58334,2013-05-30T00:00:00Z,SVP
118397,2015-04-26T09:00:00Z,-35.23833,-42.33956,-0.1886,-0.0992,363.58334,2013-05-30T00:00:00Z,SVP
118397,2015-04-26T10:00:00Z,-35.2414,-42.34737,-0.1884,-0.0996,363.58334,2013-05-30T00:00:00Z,SVP
118397,2015-04-26T11:00:00Z,-35.24459,-42.35292,-0.042,0.005,165.58333,2013-05-30T00:00:00Z,SVP
118397,2015-04-26T12:00:00Z,-35.24364,-42.35356,-0.0391,0.0054,165.58333,2013-05-30T00:00:00Z,SVP
118397,2015-04-26T13:00:00Z,-35.24392,-42.35754,-0.116,-0.0245,392.41666,2013-05-30T00:00:00Z,SVP
118397,2015-04-26T14:00:00Z,-35.24525,-42.36172,-0.1152,-0.0294,392.41666,2013-05-30T00:00:00Z,SVP
118397,2015-04-26T15:00:00Z,-35.2498,-42.36581,-0.115,-0.0673,392.41666,2013-05-30T00:00:00Z,SVP
118397,2015-04-26T16:00:00Z,-35.24623,-42.36967,-0.0966,0.0032,241.20834,2013-05-30T00:00:00Z,SVP
118397,2015-04-26T17:00:00Z,-35.24538,-42.37499,0.1144,0.0105,183.58333,2013-05-30T00:00:00Z,SVP
118397,2015-04-26T18:00:00Z,-35.24589,-42.36856,0.075,0.0181,183.58333,2013-05-30T00:00:00Z,SVP
118397,2015-04-26T19:00:00Z,-35.23863,-42.36877,-0.1558,0.1866,136.79167,2013-05-30T00:00:00Z,SVP
118397,2015-04-26T20:00:00Z,-35.23283,-42.37367,-0.0529,0.1607,86.41667,2013-05-30T00:00:00Z,SVP
118397,2015-04-26T21:00:00Z,-35.22817,-42.37576,0.0698,0.1587,169.20834,2013-05-30T00:00:00Z,SVP
118397,2015-04-26T22:00:00Z,-35.22541,-42.37416,-0.0181,-0.0204,216.00002,2013-05-30T00:00:00Z,SVP
118397,2015-04-26T23:00:00Z,-35.22558,-42.37524,-0.0178,-0.0201,216.00002,2013-05-30T00:00:00Z,SVP
118397,2015-04-27T00:00:00Z,-35.22675,-42.37579,-0.0143,-0.0281,144.0,2013-05-30T00:00:00Z,SVP
118397,2015-04-27T01:00:00Z,-35.2295,-42.37685,-0.0201,-0.1147,111.583336,2013-05-30T00:00:00Z,SVP
118397,2015-04-27T02:00:00Z,-35.23431,-42.3779,-0.0868,-0.1185,133.20833,2013-05-30T00:00:00Z,SVP
118397,2015-04-27T03:00:00Z,-35.23816,-42.38081,-0.0501,-0.0533,255.58333,2013-05-30T00:00:00Z,SVP
118397,2015-04-27T04:00:00Z,-35.23878,-42.38172,-0.0266,-0.0462,255.58333,2013-05-30T00:00:00Z,SVP
118397,2015-04-27T05:00:00Z,-35.24151,-42.38159,0.0105,-0.0775,172.79166,2013-05-30T00:00:00Z,SVP
118397,2015-04-27T06:00:00Z,-35.24445,-42.38106,0.0456,-0.111,61.208332,2013-05-30T00:00:00Z,SVP
118397,2015-04-27T07:00:00Z,-35.2456,-42.37902,0.0397,-0.0287,190.79166,2013-05-30T00:00:00Z,SVP
118397,2015-04-27T08:00:00Z,-35.24678,-42.37705,0.0743,-0.031,208.79167,2013-05-30T00:00:00Z,SVP
118397,2015-04-27T09:00:00Z,-35.24756,-42.37485,0.0861,-0.0109,248.41667,2013-05-30T00:00:00Z,SVP
118397,2015-04-27T10:00:00Z,-35.24824,-42.37069,0.0853,-0.0098,248.41667,2013-05-30T00:00:00Z,SVP
118397,2015-04-27T11:00:00Z,-35.24712,-42.36664,0.104,0.0383,172.79166,2013-05-30T00:00:00Z,SVP
118397,2015-04-27T12:00:00Z,-35.24555,-42.36199,0.1291,0.0538,122.416664,2013-05-30T00:00:00Z,SVP
118397,2015-04-27T13:00:00Z,-35.24409,-42.35719,0.0876,0.0347,140.41666,2013-05-30T00:00:00Z,SVP
118397,2015-04-27T14:00:00Z,-35.24296,-42.35321,0.0803,0.0433,514.7916,2013-05-30T00:00:00Z,SVP
118397,2015-04-27T15:00:00Z,-35.24165,-42.34997,0.0806,0.0433,514.7916,2013-05-30T00:00:00Z,SVP
118397,2015-04-27T16:00:00Z,-35.24036,-42.3469,0.0808,0.0433,514.7916,2013-05-30T00:00:00Z,SVP
118397,2015-04-27T17:00:00Z,-35.23858,-42.34355,0.1004,0.0624,180.0,2013-05-30T00:00:00Z,SVP
118397,2015-04-27T18:00:00Z,-35.23522,-42.33732,0.152,0.1231,0.0,2013-05-30T00:00:00Z,SVP
118397,2015-04-27T19:00:00Z,-35.22396,-42.34253,-0.1653,0.3929,183.58333,2013-05-30T00:00:00Z,SVP
118397,2015-04-27T20:00:00Z,-35.21158,-42.34623,0.0634,0.3043,201.58334,2013-05-30T00:00:00Z,SVP
118397,2015-04-27T21:00:00Z,-35.20163,-42.34382,0.0598,0.3007,201.58334,2013-05-30T00:00:00Z,SVP
118397,2015-04-27T22:00:00Z,-35.19402,-42.34813,-0.2689,0.206,216.00002,2013-05-30T00:00:00Z,SVP
118397,2015-04-27T23:00:00Z,-35.18791,-42.35883,-0.2701,0.2058,216.00002,2013-05-30T00:00:00Z,SVP
118397,2015-04-28T00:00:00Z,-35.17967,-42.37063,-0.3025,0.2381,154.79166,2013-05-30T00:00:00Z,SVP
118397,2015-04-28T01:00:00Z,-35.17386,-42.38446,-0.3305,0.1445,144.0,2013-05-30T00:00:00Z,SVP
118397,2015-04-28T02:00:00Z,-35.16984,-42.3974,-0.3023,0.0141,115.208336,2013-05-30T00:00:00Z,SVP
118397,2015-04-28T03:00:00Z,-35.1703,-42.40882,-0.2847,-0.0523,259.20834,2013-05-30T00:00:00Z,SVP
118397,2015-04-28T04:00:00Z,-35.17134,-42.42102,-0.2893,-0.0537,259.20834,2013-05-30T00:00:00Z,SVP
118397,2015-04-28T05:00:00Z,-35.17433,-42.4245,-0.0442,-0.0876,201.58334,2013-05-30T00:00:00Z,SVP
118397,2015-04-28T06:00:00Z,-35.17601,-42.42615,-0.1268,0.0581,0.0,2013-05-30T00:00:00Z,SVP
118397,2015-04-28T07:00:00Z,-35.17424,-42.43357,-0.1993,0.0695,154.79166,2013-05-30T00:00:00Z,SVP
118397,2015-04-28T08:00:00Z,-35.17161,-42.44299,-0.2339,0.0696,180.0,2013-05-30T00:00:00Z,SVP
118397,2015-04-28T09:00:00Z,-35.16856,-42.45196,-0.245,0.1329,169.20834,2013-05-30T00:00:00Z,SVP
118397,2015-04-28T10:00:00Z,-35.16385,-42.4617,-0.3281,0.2244,75.583336,2013-05-30T00:00:00Z,SVP
118397,2015-04-28T11:00:00Z,-35.15602,-42.47403,-0.2813,0.2501,122.416664,2013-05-30T00:00:00Z,SVP
118397,2015-04-28T12:00:00Z,-35.14901,-42.48125,-0.1928,0.2229,129.58333,2013-05-30T00:00:00Z,SVP
118397,2015-04-28T13:00:00Z,-35.14205,-42.49113,-0.2929,0.2018,129.58333,2013-05-30T00:00:00Z,SVP
118397,2015-04-28T14:00:00Z,-35.136,-42.50256,-0.2743,0.2232,414.0,2013-05-30T00:00:00Z,SVP
118397,2015-04-28T15:00:00Z,-35.12867,-42.51372,-0.2746,0.2246,414.0,2013-05-30T00:00:00Z,SVP
118397,2015-04-28T16:00:00Z,-35.12192,-42.52524,-0.2747,0.2256,414.0,2013-05-30T00:00:00Z,SVP
118397,2015-04-28T17:00:00Z,-35.11419,-42.53598,-0.247,0.2784,248.41667,2013-05-30T00:00:00Z,SVP
118397,2015-04-28T18:00:00Z,-35.10362,-42.54117,-0.2132,0.2771,248.41667,2013-05-30T00:00:00Z,SVP
118397,2015-04-28T19:00:00Z,-35.09615,-42.55446,-0.2378,0.2641,172.79166,2013-05-30T00:00:00Z,SVP
118397,2015-04-28T20:00:00Z,-35.08839,-42.56177,-0.153,0.2109,248.41667,2013-05-30T00:00:00Z,SVP
118397,2015-04-28T21:00:00Z,-35.0801,-42.56336,-0.2036,0.2142,248.41667,2013-05-30T00:00:00Z,SVP
118397,2015-04-28T22:00:00Z,-35.0746,-42.57051,-0.1076,0.2049,259.20834,2013-05-30T00:00:00Z,SVP
118397,2015-04-28T23:00:00Z,-35.06832,-42.57922,0.085,0.2293,147.58333,2013-05-30T00:00:00Z,SVP
118397,2015-04-29T00:00:00Z,-35.05987,-42.57446,0.1717,0.294,97.20833,2013-05-30T00:00:00Z,SVP
118397,2015-04-29T01:00:00Z,-35.04987,-42.56562,0.2417,0.3193,136.79167,2013-05-30T00:00:00Z,SVP
118397,2015-04-29T02:00:00Z,-35.03805,-42.55753,0.163,0.4079,138.58333,2013-05-30T00:00:00Z,SVP
118397,2015-04-29T03:00:00Z,-35.02149,-42.55236,0.1168,0.5082,257.41666,2013-05-30T00:00:00Z,SVP
118397,2015-04-29T04:00:00Z,-35.00325,-42.54855,0.1849,0.5306,183.58333,2013-05-30T00:00:00Z,SVP
118397,2015-04-29T05:00:00Z,-34.98865,-42.53715,0.1786,0.5213,183.58333,2013-05-30T00:00:00Z,SVP
118397,2015-04-29T06:00:00Z,-34.96851,-42.52994,0.2221,0.7293,140.41666,2013-05-30T00:00:00Z,SVP
118397,2015-04-29T07:00:00Z,-34.94469,-42.52112,0.0807,0.7243,162.0,2013-05-30T00:00:00Z,SVP
118397,2015-04-29T08:00:00Z,-34.92153,-42.51869,0.0232,0.7186,82.791664,2013-05-30T00:00:00Z,SVP
118397,2015-04-29T09:00:00Z,-34.90007,-42.51897,-0.0075,0.628,154.79166,2013-05-30T00:00:00Z,SVP
118397,2015-04-29T10:00:00Z,-34.8797,-42.52473,-0.1113,0.6218,108.00001,2013-05-30T00:00:00Z,SVP
118397,2015-04-29T11:00:00Z,-34.85733,-42.53444,-0.3921,0.7225,129.58333,2013-05-30T00:00:00Z,SVP
118397,2015-04-29T12:00:00Z,-34.83297,-42.5513,-0.4282,0.717,129.58333,2013-05-30T00:00:00Z,SVP
118397,2015-04-29T13:00:00Z,-34.81597,-42.56924,-0.5955,0.4013,115.208336,2013-05-30T00:00:00Z,SVP
118397,2015-04-29T14:00:00Z,-34.79414,-42.59223,-0.5851,0.2294,446.4167,2013-05-30T00:00:00Z,SVP
118397,2015-04-29T15:00:00Z,-34.78702,-42.61539,-0.5846,0.2317,446.4167,2013-05-30T00:00:00Z,SVP
118397,2015-04-29T16:00:00Z,-34.77917,-42.63921,-0.5862,0.2256,446.4167,2013-05-30T00:00:00Z,SVP
118397,2015-04-29T17:00:00Z,-34.77258,-42.6578,-0.3828,0.1832,248.41667,2013-05-30T00:00:00Z,SVP
118397,2015-04-29T18:00:00Z,-34.76653,-42.67224,-0.392,0.1811,248.41667,2013-05-30T00:00:00Z,SVP
118397,2015-04-29T19:00:00Z,-34.76175,-42.68706,-0.3058,0.1846,248.41667,2013-05-30T00:00:00Z,SVP
118397,2015-04-29T20:00:00Z,-34.75511,-42.69802,-0.3025,0.1876,248.41667,2013-05-30T00:00:00Z,SVP
118397,2015-04-29T21:00:00Z,-34.74892,-42.70975,-0.2316,0.1934,198.00002,2013-05-30T00:00:00Z,SVP
118397,2015-04-29T22:00:00Z,-34.74217,-42.71951,-0.2273,0.1911,198.00002,2013-05-30T00:00:00Z,SVP
118397,2015-04-29T23:00:00Z,-34.73784,-42.72551,-0.1284,0.1289,169.20834,2013-05-30T00:00:00Z,SVP
118397,2015-04-30T00:00:00Z,-34.73466,-42.72878,-0.0485,0.0961,100.79167,2013-05-30T00:00:00Z,SVP
118397,2015-04-30T01:00:00Z,-34.72758,-42.72917,-0.0108,0.3364,111.583336,2013-05-30T00:00:00Z,SVP
118397,2015-04-30T02:00:00Z,-34.71636,-42.72687,-0.0568,0.4203,316.79166,2013-05-30T00:00:00Z,SVP
118397,2015-04-30T03:00:00Z,-34.70224,-42.73078,-0.0528,0.4214,316.79166,2013-05-30T00:00:00Z,SVP
118397,2015-04-30T04:00:00Z,-34.68917,-42.73371,-0.0909,0.396,183.58333,2013-05-30T00:00:00Z,SVP
118397,2015-04-30T05:00:00Z,-34.67697,-42.73534,-0.0845,0.3888,183.58333,2013-05-30T00:00:00Z,SVP
118397,2015-04-30T06:00:00Z,-34.66471,-42.74136,-0.194,0.4322,127.791664,2013-05-30T00:00:00Z,SVP
118397,2015-04-30T07:00:00Z,-34.65054,-42.75083,-0.2616,0.4482,225.0,2013-05-30T00:00:00Z,SVP
118397,2015-04-30T08:00:00Z,-34.63626,-42.76036,-0.2778,0.4351,72.0,2013-05-30T00:00:00Z,SVP
118397,2015-04-30T09:00:00Z,-34.62164,-42.77075,-0.2969,0.4689,108.00001,2013-05-30T00:00:00Z,SVP
118397,2015-04-30T10:00:00Z,-34.60787,-42.78329,-0.3699,0.3626,136.79167,2013-05-30T00:00:00Z,SVP
118397,2015-04-30T11:00:00Z,-34.59725,-42.79856,-0.4423,0.2515,129.58333,2013-05-30T00:00:00Z,SVP
118397,2015-04-30T12:00:00Z,-34.58866,-42.81801,-0.5075,0.2519,122.416664,2013-05-30T00:00:00Z,SVP
118397,2015-04-30T13:00:00Z,-34.58201,-42.83656,-0.4681,0.1703,133.20833,2013-05-30T00:00:00Z,SVP
118397,2015-04-30T14:00:00Z,-34.57921,-42.85425,-0.431,0.0766,496.7917,2013-05-30T00:00:00Z,SVP
118397,2015-04-30T15:00:00Z,-34.57651,-42.87139,-0.4311,0.0775,496.7917,2013-05-30T00:00:00Z,SVP
118397,2015-04-30T16:00:00Z,-34.57303,-42.88879,-0.4313,0.082,496.7917,2013-05-30T00:00:00Z,SVP
118397,2015-04-30T17:00:00Z,-34.57299,-42.90439,-0.4003,-0.0124,226.79166,2013-05-30T00:00:00Z,SVP
118397,2015-04-30T18:00:00Z,-34.57447,-42.91724,-0.173,-0.0395,104.41666,2013-05-30T00:00:00Z,SVP
118397,2015-04-30T19:00:00Z,-34.57473,-42.92308,-0.2486,0.0164,61.208332,2013-05-30T00:00:00Z,SVP
118397,2015-04-30T20:00:00Z,-34.57362,-42.93231,-0.2567,0.0279,167.41667,2013-05-30T00:00:00Z,SVP
118397,2015-04-30T21:00:00Z,-34.57273,-42.93894,-0.1251,0.0431,151.20834,2013-05-30T00:00:00Z,SVP
118397,2015-04-30T22:00:00Z,-34.57287,-42.94313,-0.1095,0.1147,288.0,2013-05-30T00:00:00Z,SVP
118397,2015-04-30T23:00:00Z,-34.56837,-42.94809,-0.113,0.1103,288.0,2013-05-30T00:00:00Z,SVP
118397,2015-05-01T00:00:00Z,-34.5642,-42.95371,-0.1316,0.1813,140.41666,2013-05-30T00:00:00Z,SVP
118397,2015-05-01T01:00:00Z,-34.55811,-42.95981,-0.1921,0.1856,115.208336,2013-05-30T00:00:00Z,SVP
118397,2015-05-01T02:00:00Z,-34.55175,-42.96715,-0.2271,0.2128,136.79167,2013-05-30T00:00:00Z,SVP
118397,2015-05-01T03:00:00Z,-34.54435,-42.97621,-0.2168,0.2387,194.41666,2013-05-30T00:00:00Z,SVP
118397,2015-05-01T04:00:00Z,-34.53623,-42.98447,-0.2236,0.2483,266.41666,2013-05-30T00:00:00Z,SVP
118397,2015-05-01T05:00:00Z,-34.52881,-42.99358,-0.2251,0.2447,266.41666,2013-05-30T00:00:00Z,SVP
118397,2015-05-01T06:00:00Z,-34.51866,-43.00196,-0.2845,0.3633,75.583336,2013-05-30T00:00:00Z,SVP
118397,2015-05-01T07:00:00Z,-34.50822,-43.01601,-0.4367,0.2699,151.20834,2013-05-30T00:00:00Z,SVP
118397,2015-05-01T08:00:00Z,-34.50171,-43.03294,-0.4333,0.1622,122.416664,2013-05-30T00:00:00Z,SVP
118397,2015-05-01T09:00:00Z,-34.49729,-43.05104,-0.459,0.1246,151.20834,2013-05-30T00:00:00Z,SVP
118397,2015-05-01T10:00:00Z,-34.49179,-43.06855,-0.4302,0.1392,115.208336,2013-05-30T00:00:00Z,SVP
118397,2015-05-01T11:00:00Z,-34.48942,-43.08287,-0.3571,0.0754,162.0,2013-05-30T00:00:00Z,SVP
118397,2015-05-01T12:00:00Z,-34.4899,-43.09286,-0.3435,0.0176,118.79167,2013-05-30T00:00:00Z,SVP
118397,2015-05-01T13:00:00Z,-34.48939,-43.10657,-0.431,-0.0018,144.0,2013-05-30T00:00:00Z,SVP
118397,2015-05-01T14:00:00Z,-34.49018,-43.11839,-0.1552,-0.1009,381.5833,2013-05-30T00:00:00Z,SVP
118397,2015-05-01T15:00:00Z,-34.49417,-43.12234,-0.1727,-0.0976,381.5833,2013-05-30T00:00:00Z,SVP
118397,2015-05-01T16:00:00Z,-34.4977,-43.12808,-0.1858,-0.0953,381.5833,2013-05-30T00:00:00Z,SVP
118397,2015-05-01T17:00:00Z,-34.50024,-43.13637,-0.1689,-0.1006,230.41667,2013-05-30T00:00:00Z,SVP
118397,2015-05-01T18:00:00Z,-34.50321,-43.14314,-0.1808,-0.0777,194.41666,2013-05-30T00:00:00Z,SVP
118397,2015-05-01T19:00:00Z,-34.50562,-43.14977,-0.1744,-0.0771,194.41666,2013-05-30T00:00:00Z,SVP
118397,2015-05-01T20:00:00Z,-34.50249,-43.15154,-0.1263,0.1554,100.79167,2013-05-30T00:00:00Z,SVP
118397,2015-05-01T21:00:00Z,-34.49674,-43.15657,-0.1516,0.2032,147.58333,2013-05-30T00:00:00Z,SVP
118397,2015-05-01T22:00:00Z,-34.48957,-43.16269,-0.1768,0.2814,284.41666,2013-05-30T00:00:00Z,SVP
118397,2015-05-01T23:00:00Z,-34.48012,-43.16943,-0.1772,0.2803,284.41666,2013-05-30T00:00:00Z,SVP
118397,2015-05-02T00:00:00Z,-34.47088,-43.17571,-0.1481,0.3043,133.20833,2013-05-30T00:00:00Z,SVP
118397,2015-05-02T01:00:00Z,-34.46059,-43.17679,-0.021,0.3302,118.79167,2013-05-30T00:00:00Z,SVP
118397,2015-05-02T02:00:00Z,-34.44999,-43.17978,-0.2556,0.2108,115.208336,2013-05-30T00:00:00Z,SVP
118397,2015-05-02T03:00:00Z,-34.44386,-43.19041,-0.3434,0.2028,136.79167,2013-05-30T00:00:00Z,SVP
118397,2015-05-02T04:00:00Z,-34.43757,-43.20408,-0.3749,0.1911,241.20834,2013-05-30T00:00:00Z,SVP
118397,2015-05-02T05:00:00Z,-34.43098,-43.21829,-0.3779,0.1874,241.20834,2013-05-30T00:00:00Z,SVP
118397,2015-05-02T06:00:00Z,-34.42681,-43.23445,-0.4034,0.1333,180.0,2013-05-30T00:00:00Z,SVP
118397,2015-05-02T07:00:00Z,-34.42372,-43.25065,-0.4084,0.0889,90.0,2013-05-30T00:00:00Z,SVP
118397,2015-05-02T08:00:00Z,-34.4215,-43.26166,-0.3641,-0.0404,133.20833,2013-05-30T00:00:00Z,SVP
118397,2015-05-02T09:00:00Z,-34.42376,-43.27714,-0.4233,-0.0462,100.79167,2013-05-30T00:00:00Z,SVP
118397,2015-05-02T10:00:00Z,-34.42581,-43.29373,-0.4318,-0.0691,176.41667,2013-05-30T00:00:00Z,SVP
118397,2015-05-02T11:00:00Z,-34.42935,-43.31206,-0.5005,-0.1463,68.416664,2013-05-30T00:00:00Z,SVP
118397,2015-05-02T12:00:00Z,-34.43468,-43.32437,-0.2555,-0.1694,122.416664,2013-05-30T00:00:00Z,SVP
118397,2015-05-02T13:00:00Z,-34.44045,-43.3355,-0.3764,-0.1913,144.0,2013-05-30T00:00:00Z,SVP
118397,2015-05-02T14:00:00Z,-34.44535,-43.3507,-0.3972,-0.1352,111.583336,2013-05-30T00:00:00Z,SVP
118397,2015-05-02T15:00:00Z,-34.44986,-43.35035,-0.1185,-0.1389,291.58334,2013-05-30T00:00:00Z,SVP
118397,2015-05-02T16:00:00Z,-34.45313,-43.35482,-0.1191,-0.1349,291.58334,2013-05-30T00:00:00Z,SVP
118397,2015-05-02T17:00:00Z,-34.46181,-43.35989,-0.1137,-0.2643,230.41667,2013-05-30T00:00:00Z,SVP
118397,2015-05-02T18:00:00Z,-34.46963,-43.36497,-0.1391,-0.2515,196.20833,2013-05-30T00:00:00Z,SVP
118397,2015-05-02T19:00:00Z,-34.47687,-43.37,-0.1094,-0.1295,99.00001,2013-05-30T00:00:00Z,SVP
118397,2015-05-02T20:00:00Z,-34.47945,-43.375,-0.1191,-0.0849,118.79167,2013-05-30T00:00:00Z,SVP
118397,2015-05-02T21:00:00Z,-34.48236,-43.37808,-0.1228,-0.0461,61.208332,2013-05-30T00:00:00Z,SVP
118397,2015-05-02T22:00:00Z,-34.48404,-43.38581,-0.1507,-0.073,140.41666,2013-05-30T00:00:00Z,SVP
118397,2015-05-02T23:00:00Z,-34.48637,-43.39243,-0.2176,-0.0382,154.79166,2013-05-30T00:00:00Z,SVP
118397,2015-05-03T00:00:00Z,-34.48678,-43.40091,-0.2017,-0.0464,147.58333,2013-05-30T00:00:00Z,SVP
118397,2015-05-03T01:00:00Z,-34.49488,-43.41203,-0.3266,-0.3119,259.20834,2013-05-30T00:00:00Z,SVP
118397,2015-05-03T02:00:00Z,-34.50421,-43.42605,-0.3272,-0.3091,259.20834,2013-05-30T00:00:00Z,SVP
118397,2015-05-03T03:00:00Z,-34.51603,-43.43762,-0.3057,-0.4223,122.416664,2013-05-30T00:00:00Z,SVP
118397,2015-05-03T04:00:00Z,-34.53024,-43.45002,-0.3097,-0.4758,269.99997,2013-05-30T00:00:00Z,SVP
118397,2015-05-03T05:00:00Z,-34.54474,-43.46191,-0.3146,-0.4806,269.99997,2013-05-30T00:00:00Z,SVP
118397,2015-05-03T06:00:00Z,-34.56303,-43.47445,-0.3084,-0.5165,151.20834,2013-05-30T00:00:00Z,SVP
118397,2015-05-03T07:00:00Z,-34.58175,-43.4795,-0.1225,-0.6123,183.58333,2013-05-30T00:00:00Z,SVP
118397,2015-05-03T08:00:00Z,-34.60174,-43.4839,-0.1726,-0.6325,86.41667,2013-05-30T00:00:00Z,SVP
118397,2015-05-03T09:00:00Z,-34.62241,-43.48997,-0.0706,-0.6722,0.0,2013-05-30T00:00:00Z,SVP
118397,2015-05-03T10:00:00Z,-34.64482,-43.49193,-0.0442,-0.6903,248.41667,2013-05-30T00:00:00Z,SVP
118397,2015-05-03T11:00:00Z,-34.66751,-43.48953,0.3304,-0.7191,82.791664,2013-05-30T00:00:00Z,SVP
118397,2015-05-03T12:00:00Z,-34.68855,-43.47849,-0.0088,-0.4892,151.20834,2013-05-30T00:00:00Z,SVP
118397,2015-05-03T13:00:00Z,-34.70237,-43.47911,-0.0414,-0.3931,108.00001,2013-05-30T00:00:00Z,SVP
118397,2015-05-03T14:00:00Z,-34.71697,-43.47894,0.0615,-0.3299,320.41666,2013-05-30T00:00:00Z,SVP
118397,2015-05-03T15:00:00Z,-34.72548,-43.47484,0.0662,-0.3362,320.41666,2013-05-30T00:00:00Z,SVP
118397,2015-05-03T16:00:00Z,-34.7357,-43.46914,0.0764,-0.3553,421.20834,2013-05-30T00:00:00Z,SVP
118397,2015-05-03T17:00:00Z,-34.74917,-43.46953,0.0738,-0.343,421.20834,2013-05-30T00:00:00Z,SVP
118397,2015-05-03T18:00:00Z,-34.76077,-43.46784,0.0731,-0.3426,421.20834,2013-05-30T00:00:00Z,SVP
118397,2015-05-03T19:00:00Z,-34.77504,-43.46473,0.0106,-0.4314,54.000004,2013-05-30T00:00:00Z,SVP
118397,2015-05-03T20:00:00Z,-34.7879,-43.46678,-0.0245,-0.4281,165.58333,2013-05-30T00:00:00Z,SVP
118397,2015-05-03T21:00:00Z,-34.80274,-43.46756,-0.0577,-0.4287,266.41666,2013-05-30T00:00:00Z,SVP
118397,2015-05-03T22:00:00Z,-34.81593,-43.46923,-0.0289,-0.4369,75.583336,2013-05-30T00:00:00Z,SVP
118397,2015-05-03T23:00:00Z,-34.83201,-43.46803,0.0789,-0.5267,151.20834,2013-05-30T00:00:00Z,SVP
118397,2015-05-04T00:00:00Z,-34.84895,-43.46529,0.0289,-0.554,97.20833,2013-05-30T00:00:00Z,SVP
118397,2015-05-04T01:00:00Z,-34.86589,-43.46481,0.0019,-0.4983,122.416664,2013-05-30T00:00:00Z,SVP
118397,2015-05-04T02:00:00Z,-34.88099,-43.464,0.0309,-0.4534,129.58333,2013-05-30T00:00:00Z,SVP
118397,2015-05-04T03:00:00Z,-34.89443,-43.46012,0.1072,-0.415,176.41667,2013-05-30T00:00:00Z,SVP
118397,2015-05-04T04:00:00Z,-34.90899,-43.4545,0.1558,-0.4484,244.79167,2013-05-30T00:00:00Z,SVP
118397,2015-05-04T05:00:00Z,-34.92264,-43.44834,0.1877,-0.4711,151.20834,2013-05-30T00:00:00Z,SVP
118397,2015-05-04T06:00:00Z,-34.93861,-43.44052,0.2225,-0.3934,68.416664,2013-05-30T00:00:00Z,SVP
118397,2015-05-04T07:00:00Z,-34.95025,-43.43252,0.1899,-0.3383,225.0,2013-05-30T00:00:00Z,SVP
118397,2015-05-04T08:00:00Z,-34.96125,-43.42469,0.1606,-0.2699,106.208336,2013-05-30T00:00:00Z,SVP
118397,2015-05-04T09:00:00Z,-34.95818,-43.42049,0.2416,0.261,230.41667,2013-05-30T00:00:00Z,SVP
118397,2015-05-04T10:00:00Z,-34.94988,-43.41013,0.2201,0.2909,230.41667,2013-05-30T00:00:00Z,SVP
118397,2015-05-04T11:00:00Z,-34.93519,-43.40212,0.1198,0.4318,122.416664,2013-05-30T00:00:00Z,SVP
118397,2015-05-04T12:00:00Z,-34.92111,-43.39833,0.061,0.4534,144.0,2013-05-30T00:00:00Z,SVP
118397,2015-05-04T13:00:00Z,-34.90582,-43.39631,0.0258,0.5001,111.583336,2013-05-30T00:00:00Z,SVP
118397,2015-05-04T14:00:00Z,-34.8893,-43.39892,-0.0714,0.503,338.4167,2013-05-30T00:00:00Z,SVP
118397,2015-05-04T15:00:00Z,-34.87366,-43.39475,0.0104,0.5017,338.4167,2013-05-30T00:00:00Z,SVP
118397,2015-05-04T16:00:00Z,-34.85803,-43.39736,-0.2195,0.481,226.79166,2013-05-30T00:00:00Z,SVP
118397,2015-05-04T17:00:00Z,-34.84034,-43.41035,-0.0995,0.4934,226.79166,2013-05-30T00:00:00Z,SVP
118397,2015-05-04T18:00:00Z,-34.83001,-43.41277,-0.1576,0.3194,190.79166,2013-05-30T00:00:00Z,SVP
118397,2015-05-04T19:00:00Z,-34.82388,-43.41762,-0.0746,-0.0336,115.208336,2013-05-30T00:00:00Z,SVP
118397,2015-05-04T20:00:00Z,-34.82575,-43.41932,-0.0373,-0.0899,50.416664,2013-05-30T00:00:00Z,SVP
118397,2015-05-04T21:00:00Z,-34.8291,-43.42069,-0.0567,-0.1006,183.58333,2013-05-30T00:00:00Z,SVP
118397,2015-05-04T22:00:00Z,-34.83271,-43.4193,0.2677,-0.0264,208.79167,2013-05-30T00:00:00Z,SVP
118397,2015-05-04T23:00:00Z,-34.83261,-43.40691,0.2832,-0.0263,208.79167,2013-05-30T00:00:00Z,SVP
118397,2015-05-05T00:00:00Z,-34.83312,-43.39814,0.289,0.0162,144.0,2013-05-30T00:00:00Z,SVP
118397,2015-05-05T01:00:00Z,-34.83277,-43.38741,0.3368,0.0217,111.583336,2013-05-30T00:00:00Z,SVP
118397,2015-05-05T02:00:00Z,-34.83138,-43.37247,0.3625,0.0502,140.41666,2013-05-30T00:00:00Z,SVP
118397,2015-05-05T03:00:00Z,-34.82818,-43.35778,0.3531,0.1276,64.791664,2013-05-30T00:00:00Z,SVP
118397,2015-05-05T04:00:00Z,-34.82383,-43.34376,0.4068,0.1546,223.20834,2013-05-30T00:00:00Z,SVP
118397,2015-05-05T05:00:00Z,-34.81828,-43.33153,0.3389,0.1469,201.58334,2013-05-30T00:00:00Z,SVP
118397,2015-05-05T06:00:00Z,-34.81342,-43.31282,-0.0114,0.3014,64.791664,2013-05-30T00:00:00Z,SVP
118397,2015-05-05T07:00:00Z,-34.80069,-43.30662,0.2565,0.4236,176.41667,2013-05-30T00:00:00Z,SVP
118397,2015-05-05T08:00:00Z,-34.7866,-43.2934,0.3368,0.4475,79.208336,2013-05-30T00:00:00Z,SVP
118397,2015-05-05T09:00:00Z,-34.77212,-43.28324,0.2982,0.4446,169.20834,2013-05-30T00:00:00Z,SVP
118397,2015-05-05T10:00:00Z,-34.75977,-43.27772,0.0142,0.3649,158.41667,2013-05-30T00:00:00Z,SVP
118397,2015-05-05T11:00:00Z,-34.74835,-43.2771,0.0035,0.3411,90.0,2013-05-30T00:00:00Z,SVP
118397,2015-05-05T12:00:00Z,-34.7383,-43.2768,-0.0015,0.3078,144.0,2013-05-30T00:00:00Z,SVP
118397,2015-05-05T13:00:00Z,-34.72869,-43.27862,0.0337,0.2586,356.41666,2013-05-30T00:00:00Z,SVP
118397,2015-05-05T14:00:00Z,-34.72028,-43.27583,0.0304,0.2579,356.41666,2013-05-30T00:00:00Z,SVP
118397,2015-05-05T15:00:00Z,-34.71067,-43.27348,0.0268,0.2632,356.41666,2013-05-30T00:00:00Z,SVP
118397,2015-05-05T16:00:00Z,-34.70312,-43.27357,0.0278,0.2394,241.20834,2013-05-30T00:00:00Z,SVP
118397,2015-05-05T17:00:00Z,-34.69726,-43.27261,0.0215,0.1414,176.41667,2013-05-30T00:00:00Z,SVP
118397,2015-05-05T18:00:00Z,-34.69025,-43.27139,0.0273,0.1706,176.41667,2013-05-30T00:00:00Z,SVP
118397,2015-05-05T19:00:00Z,-34.68964,-43.26716,0.1161,-0.0243,64.791664,2013-05-30T00:00:00Z,SVP
118397,2015-05-05T20:00:00Z,-34.6891,-43.26277,0.1362,0.0136,158.41667,2013-05-30T00:00:00Z,SVP
118397,2015-05-05T21:00:00Z,-34.68784,-43.25706,0.1841,0.018,104.41666,2013-05-30T00:00:00Z,SVP
118397,2015-05-05T22:00:00Z,-34.68735,-43.24791,0.2609,0.0426,147.58333,2013-05-30T00:00:00Z,SVP
118397,2015-05-05T23:00:00Z,-34.68682,-43.23816,0.2584,-7.0E-4,176.41667,2013-05-30T00:00:00Z,SVP
118397,2015-05-06T00:00:00Z,-34.68727,-43.22702,0.2715,-0.0896,140.41666,2013-05-30T00:00:00Z,SVP
118397,2015-05-06T01:00:00Z,-34.69009,-43.21677,0.2696,-0.0706,111.583336,2013-05-30T00:00:00Z,SVP
118397,2015-05-06T02:00:00Z,-34.69207,-43.2063,0.2829,-0.0494,126.0,2013-05-30T00:00:00Z,SVP
118397,2015-05-06T03:00:00Z,-34.69183,-43.19507,0.2429,0.1143,223.20834,2013-05-30T00:00:00Z,SVP
118397,2015-05-06T04:00:00Z,-34.68657,-43.18597,0.2393,0.1192,223.20834,2013-05-30T00:00:00Z,SVP
118397,2015-05-06T05:00:00Z,-34.68206,-43.17685,0.2113,0.1509,194.41666,2013-05-30T00:00:00Z,SVP
118397,2015-05-06T06:00:00Z,-34.67615,-43.16762,0.2991,0.2541,72.0,2013-05-30T00:00:00Z,SVP
118397,2015-05-06T07:00:00Z,-34.66861,-43.15556,0.2611,0.1767,133.20833,2013-05-30T00:00:00Z,SVP
118397,2015-05-06T08:00:00Z,-34.66829,-43.14715,0.237,0.0257,273.58334,2013-05-30T00:00:00Z,SVP
118397,2015-05-06T09:00:00Z,-34.66747,-43.1385,0.2516,0.0048,280.79166,2013-05-30T00:00:00Z,SVP
118397,2015-05-06T10:00:00Z,-34.66715,-43.12733,0.2572,0.0054,280.79166,2013-05-30T00:00:00Z,SVP
118397,2015-05-06T11:00:00Z,-34.66603,-43.1169,0.2807,0.0373,165.58333,2013-05-30T00:00:00Z,SVP
118397,2015-05-06T12:00:00Z,-34.66384,-43.10638,0.2277,0.1308,122.416664,2013-05-30T00:00:00Z,SVP
118397,2015-05-06T13:00:00Z,-34.66075,-43.098,0.2214,-0.021,144.0,2013-05-30T00:00:00Z,SVP
118397,2015-05-06T14:00:00Z,-34.65766,-43.09077,0.2574,-0.0925,478.79163,2013-05-30T00:00:00Z,SVP
118397,2015-05-06T15:00:00Z,-34.6623,-43.08018,0.2552,-0.0766,478.79163,2013-05-30T00:00:00Z,SVP
118397,2015-05-06T16:00:00Z,-34.6649,-43.07031,0.2569,-0.0754,478.79163,2013-05-30T00:00:00Z,SVP
118397,2015-05-06T17:00:00Z,-34.66696,-43.06038,0.31,-0.1017,248.41667,2013-05-30T00:00:00Z,SVP
118397,2015-05-06T18:00:00Z,-34.67002,-43.04837,0.3121,-0.1021,248.41667,2013-05-30T00:00:00Z,SVP
118397,2015-05-06T19:00:00Z,-34.67293,-43.03429,0.3741,-0.0838,162.0,2013-05-30T00:00:00Z,SVP
118397,2015-05-06T20:00:00Z,-34.67424,-43.0166,0.4595,-0.0133,100.79167,2013-05-30T00:00:00Z,SVP
118397,2015-05-06T21:00:00Z,-34.67298,-42.99947,0.4547,0.0493,136.79167,2013-05-30T00:00:00Z,SVP
118397,2015-05-06T22:00:00Z,-34.67186,-42.98091,0.4736,0.0118,208.79167,2013-05-30T00:00:00Z,SVP
118397,2015-05-06T23:00:00Z,-34.67183,-42.96218,0.4723,0.0117,208.79167,2013-05-30T00:00:00Z,SVP
118397,2015-05-07T00:00:00Z,-34.67045,-42.94344,0.4817,0.0538,126.0,2013-05-30T00:00:00Z,SVP
118397,2015-05-07T01:00:00Z,-34.66638,-42.92005,0.5224,0.1747,259.20834,2013-05-30T00:00:00Z,SVP
118397,2015-05-07T02:00:00Z,-34.66155,-42.90077,0.5247,0.1632,259.20834,2013-05-30T00:00:00Z,SVP
118397,2015-05-07T03:00:00Z,-34.65397,-42.87986,0.4915,0.3808,223.20834,2013-05-30T00:00:00Z,SVP
118397,2015-05-07T04:00:00Z,-34.63823,-42.86077,0.4922,0.3102,223.20834,2013-05-30T00:00:00Z,SVP
118397,2015-05-07T05:00:00Z,-34.62641,-42.84185,0.4807,0.4283,194.41666,2013-05-30T00:00:00Z,SVP
118397,2015-05-07T06:00:00Z,-34.60906,-42.83638,0.271,0.552,115.208336,2013-05-30T00:00:00Z,SVP
118397,2015-05-07T07:00:00Z,-34.59152,-42.82475,-0.0238,0.5658,61.208332,2013-05-30T00:00:00Z,SVP
118397,2015-05-07T08:00:00Z,-34.57166,-42.82599,-0.0484,0.6365,187.20833,2013-05-30T00:00:00Z,SVP
118397,2015-05-07T09:00:00Z,-34.55195,-42.82987,-0.1721,0.5717,223.20834,2013-05-30T00:00:00Z,SVP
118397,2015-05-07T10:00:00Z,-34.53295,-42.83651,-0.1742,0.5729,223.20834,2013-05-30T00:00:00Z,SVP
118397,2015-05-07T11:00:00Z,-34.51794,-42.84516,-0.2025,0.3977,126.0,2013-05-30T00:00:00Z,SVP
118397,2015-05-07T12:00:00Z,-34.50511,-42.8521,-0.1189,0.3957,129.58333,2013-05-30T00:00:00Z,SVP
118397,2015-05-07T13:00:00Z,-34.49252,-42.85547,-0.0541,0.3544,136.79167,2013-05-30T00:00:00Z,SVP
118397,2015-05-07T14:00:00Z,-34.48497,-42.85724,-0.0367,0.2308,500.4167,2013-05-30T00:00:00Z,SVP
118397,2015-05-07T15:00:00Z,-34.47809,-42.8587,-0.0365,0.2349,500.4167,2013-05-30T00:00:00Z,SVP
118397,2015-05-07T16:00:00Z,-34.4705,-42.86041,-0.0371,0.2346,500.4167,2013-05-30T00:00:00Z,SVP
118397,2015-05-07T17:00:00Z,-34.46285,-42.85843,0.189,0.2084,248.41667,2013-05-30T00:00:00Z,SVP
118397,2015-05-07T18:00:00Z,-34.45608,-42.84978,0.1849,0.2087,248.41667,2013-05-30T00:00:00Z,SVP
118397,2015-05-07T19:00:00Z,-34.4477,-42.8427,0.2096,0.2573,115.208336,2013-05-30T00:00:00Z,SVP
118397,2015-05-07T20:00:00Z,-34.43661,-42.83115,0.3056,0.349,208.79167,2013-05-30T00:00:00Z,SVP
118397,2015-05-07T21:00:00Z,-34.42509,-42.819,0.3033,0.3479,208.79167,2013-05-30T00:00:00Z,SVP
118397,2015-05-07T22:00:00Z,-34.41838,-42.81661,0.1055,0.2095,140.41666,2013-05-30T00:00:00Z,SVP
118397,2015-05-07T23:00:00Z,-34.40678,-42.81258,0.067,0.4482,151.20834,2013-05-30T00:00:00Z,SVP
118397,2015-05-08T00:00:00Z,-34.39325,-42.80888,0.0624,0.3906,0.0,2013-05-30T00:00:00Z,SVP
118397,2015-05-08T01:00:00Z,-34.37892,-42.80178,0.1953,0.4608,144.0,2013-05-30T00:00:00Z,SVP
118397,2015-05-08T02:00:00Z,-34.3638,-42.79382,0.0841,0.4871,115.208336,2013-05-30T00:00:00Z,SVP
118397,2015-05-08T03:00:00Z,-34.34854,-42.79054,0.0774,0.4644,241.20834,2013-05-30T00:00:00Z,SVP
118397,2015-05-08T04:00:00Z,-34.3332,-42.78766,0.0467,0.3981,180.0,2013-05-30T00:00:00Z,SVP
118397,2015-05-08T05:00:00Z,-34.3209,-42.78619,0.0391,0.3944,180.0,2013-05-30T00:00:00Z,SVP
118397,2015-05-08T06:00:00Z,-34.30895,-42.78813,-0.106,0.4009,86.41667,2013-05-30T00:00:00Z,SVP
118397,2015-05-08T07:00:00Z,-34.29618,-42.79176,-0.0675,0.3165,183.58333,2013-05-30T00:00:00Z,SVP
118397,2015-05-08T08:00:00Z,-34.28637,-42.79408,-0.0691,0.3197,183.58333,2013-05-30T00:00:00Z,SVP
118397,2015-05-08T09:00:00Z,-34.27649,-42.7992,-0.1564,0.2756,162.0,2013-05-30T00:00:00Z,SVP
118397,2015-05-08T10:00:00Z,-34.26971,-42.80612,-0.2083,0.1356,104.41666,2013-05-30T00:00:00Z,SVP
118397,2015-05-08T11:00:00Z,-34.2658,-42.8142,-0.1985,0.0234,118.79167,2013-05-30T00:00:00Z,SVP
118397,2015-05-08T12:00:00Z,-34.26346,-42.81649,-0.0138,0.101,144.0,2013-05-30T00:00:00Z,SVP
118397,2015-05-08T13:00:00Z,-34.2608,-42.81754,-0.0204,0.0771,118.79167,2013-05-30T00:00:00Z,SVP
118397,2015-05-08T14:00:00Z,-34.25838,-42.81522,0.0648,-0.0437,439.2083,2013-05-30T00:00:00Z,SVP
118397,2015-05-08T15:00:00Z,-34.26103,-42.81303,0.0632,-0.0354,439.2083,2013-05-30T00:00:00Z,SVP
118397,2015-05-08T16:00:00Z,-34.26255,-42.81994,-0.0199,-0.0327,439.2083,2013-05-30T00:00:00Z,SVP
118397,2015-05-08T17:00:00Z,-34.26305,-42.81676,0.2456,-0.0423,223.20834,2013-05-30T00:00:00Z,SVP
118397,2015-05-08T18:00:00Z,-34.2642,-42.80338,0.1032,-0.0418,223.20834,2013-05-30T00:00:00Z,SVP
118397,2015-05-08T19:00:00Z,-34.26454,-42.79805,0.2379,-0.0062,162.0,2013-05-30T00:00:00Z,SVP
118397,2015-05-08T20:00:00Z,-34.26531,-42.78492,0.3361,-0.0216,169.20834,2013-05-30T00:00:00Z,SVP
118397,2015-05-08T21:00:00Z,-34.26602,-42.77128,0.1775,0.0251,165.58333,2013-05-30T00:00:00Z,SVP
118397,2015-05-08T22:00:00Z,-34.26438,-42.76451,0.1663,0.0218,104.41666,2013-05-30T00:00:00Z,SVP
118397,2015-05-08T23:00:00Z,-34.26393,-42.75836,0.1611,0.0349,151.20834,2013-05-30T00:00:00Z,SVP
118397,2015-05-09T00:00:00Z,-34.26274,-42.75126,0.173,0.0549,100.79167,2013-05-30T00:00:00Z,SVP
118397,2015-05-09T01:00:00Z,-34.26232,-42.74216,0.2374,0.0013,122.416664,2013-05-30T00:00:00Z,SVP
118397,2015-05-09T02:00:00Z,-34.26231,-42.73317,0.1656,0.007,277.20834,2013-05-30T00:00:00Z,SVP
118397,2015-05-09T03:00:00Z,-34.26148,-42.72676,0.1651,0.0071,277.20834,2013-05-30T00:00:00Z,SVP
118397,2015-05-09T04:00:00Z,-34.26074,-42.71993,0.1593,-0.0451,266.41666,2013-05-30T00:00:00Z,SVP
118397,2015-05-09T05:00:00Z,-34.26303,-42.71389,0.1587,-0.0453,266.41666,2013-05-30T00:00:00Z,SVP
118397,2015-05-09T06:00:00Z,-34.26623,-42.70595,0.2833,-0.1048,100.79167,2013-05-30T00:00:00Z,SVP
118397,2015-05-09T07:00:00Z,-34.26972,-42.69524,0.2656,-0.059,147.58333,2013-05-30T00:00:00Z,SVP
118397,2015-05-09T08:00:00Z,-34.27312,-42.68624,0.2051,-0.1509,118.79167,2013-05-30T00:00:00Z,SVP
118397,2015-05-09T09:00:00Z,-34.28032,-42.68376,0.0636,-0.2715,118.79167,2013-05-30T00:00:00Z,SVP
118397,2015-05-09T10:00:00Z,-34.28838,-42.66997,0.2588,-0.1371,126.0,2013-05-30T00:00:00Z,SVP
118397,2015-05-09T11:00:00Z,-34.29247,-42.65914,0.2522,-0.1108,126.0,2013-05-30T00:00:00Z,SVP
118397,2015-05-09T12:00:00Z,-34.29584,-42.64977,0.3717,-0.1015,133.20833,2013-05-30T00:00:00Z,SVP
118397,2015-05-09T13:00:00Z,-34.29891,-42.63535,0.3576,-0.0929,118.79167,2013-05-30T00:00:00Z,SVP
118397,2015-05-09T14:00:00Z,-34.30188,-42.62066,0.3617,-0.0959,460.79166,2013-05-30T00:00:00Z,SVP
118397,2015-05-09T15:00:00Z,-34.30527,-42.60658,0.3617,-0.0963,460.79166,2013-05-30T00:00:00Z,SVP
118397,2015-05-09T16:00:00Z,-34.30867,-42.59322,0.3586,-0.0964,460.79166,2013-05-30T00:00:00Z,SVP
118397,2015-05-09T17:00:00Z,-34.31085,-42.57718,0.4087,-0.0795,223.20834,2013-05-30T00:00:00Z,SVP
118397,2015-05-09T18:00:00Z,-34.31204,-42.56062,0.3779,0.023,129.58333,2013-05-30T00:00:00Z,SVP
118397,2015-05-09T19:00:00Z,-34.3063,-42.54522,0.3829,0.1507,169.20834,2013-05-30T00:00:00Z,SVP
118397,2015-05-09T20:00:00Z,-34.30831,-42.53196,0.4448,0.3684,118.79167,2013-05-30T00:00:00Z,SVP
118397,2015-05-09T21:00:00Z,-34.29592,-42.5142,0.3411,0.3004,133.20833,2013-05-30T00:00:00Z,SVP
118397,2015-05-09T22:00:00Z,-34.28881,-42.50792,0.1219,0.1774,72.0,2013-05-30T00:00:00Z,SVP
118397,2015-05-09T23:00:00Z,-34.28012,-42.50853,-0.041,0.3435,129.58333,2013-05-30T00:00:00Z,SVP
118397,2015-05-10T00:00:00Z,-34.26895,-42.50952,0.109,0.2673,140.41666,2013-05-30T00:00:00Z,SVP
118397,2015-05-10T01:00:00Z,-34.26066,-42.50417,0.0752,0.2215,118.79167,2013-05-30T00:00:00Z,SVP
118397,2015-05-10T02:00:00Z,-34.25372,-42.50202,-0.0288,0.1834,291.58334,2013-05-30T00:00:00Z,SVP
118397,2015-05-10T03:00:00Z,-34.24749,-42.50268,-0.0297,0.1826,291.58334,2013-05-30T00:00:00Z,SVP
118397,2015-05-10T04:00:00Z,-34.24126,-42.5041,-0.0485,0.1789,269.99997,2013-05-30T00:00:00Z,SVP
118397,2015-05-10T05:00:00Z,-34.23607,-42.5064,-0.0483,0.1792,269.99997,2013-05-30T00:00:00Z,SVP
118397,2015-05-10T06:00:00Z,-34.22955,-42.50853,-0.0667,0.2007,144.0,2013-05-30T00:00:00Z,SVP
118397,2015-05-10T07:00:00Z,-34.22261,-42.512,-0.1081,0.2286,118.79167,2013-05-30T00:00:00Z,SVP
118397,2015-05-10T08:00:00Z,-34.21572,-42.52001,-0.1961,0.2041,151.20834,2013-05-30T00:00:00Z,SVP
118397,2015-05-10T09:00:00Z,-34.20913,-42.52814,-0.2125,0.2294,268.2083,2013-05-30T00:00:00Z,SVP
118397,2015-05-10T10:00:00Z,-34.20161,-42.53649,-0.2129,0.2308,268.2083,2013-05-30T00:00:00Z,SVP
118397,2015-05-10T11:00:00Z,-34.19367,-42.54488,-0.2168,0.2551,113.41666,2013-05-30T00:00:00Z,SVP
118397,2015-05-10T12:00:00Z,-34.18739,-42.55148,-0.1506,0.1687,140.41666,2013-05-30T00:00:00Z,SVP
118397,2015-05-10T13:00:00Z,-34.18435,-42.55621,-0.1876,0.2178,489.58334,2013-05-30T00:00:00Z,SVP
118397,2015-05-10T14:00:00Z,-34.17644,-42.5643,-0.188,0.2254,489.58334,2013-05-30T00:00:00Z,SVP
118397,2015-05-10T15:00:00Z,-34.16925,-42.57203,-0.1879,0.2262,489.58334,2013-05-30T00:00:00Z,SVP
118397,2015-05-10T16:00:00Z,-34.16294,-42.57984,-0.1873,0.2229,489.58334,2013-05-30T00:00:00Z,SVP
118397,2015-05-10T17:00:00Z,-34.15109,-42.58699,-0.1988,0.2883,226.79166,2013-05-30T00:00:00Z,SVP
118397,2015-05-10T18:00:00Z,-34.14168,-42.59459,-0.2123,0.2616,190.79166,2013-05-30T00:00:00Z,SVP
118397,2015-05-10T19:00:00Z,-34.13347,-42.60381,-0.2617,0.1958,86.41667,2013-05-30T00:00:00Z,SVP
118397,2015-05-10T20:00:00Z,-34.12765,-42.61372,-0.2666,0.2321,144.0,2013-05-30T00:00:00Z,SVP
118397,2015-05-10T21:00:00Z,-34.12072,-42.62318,-0.2346,0.2251,90.0,2013-05-30T00:00:00Z,SVP
118397,2015-05-10T22:00:00Z,-34.11606,-42.6327,-0.2965,0.1631,97.20833,2013-05-30T00:00:00Z,SVP
118397,2015-05-10T23:00:00Z,-34.109,-42.64657,-0.3626,0.2182,219.58333,2013-05-30T00:00:00Z,SVP
118397,2015-05-11T00:00:00Z,-34.10246,-42.6613,-0.4365,0.2144,118.79167,2013-05-30T00:00:00Z,SVP
118397,2015-05-11T01:00:00Z,-34.09644,-42.67681,-0.3665,0.1681,115.208336,2013-05-30T00:00:00Z,SVP
118397,2015-05-11T02:00:00Z,-34.0905,-42.69038,-0.2973,0.1922,144.0,2013-05-30T00:00:00Z,SVP
118397,2015-05-11T03:00:00Z,-34.08472,-42.70211,-0.3137,0.1728,201.58334,2013-05-30T00:00:00Z,SVP
118397,2015-05-11T04:00:00Z,-34.07918,-42.71382,-0.2941,0.1507,255.58333,2013-05-30T00:00:00Z,SVP
118397,2015-05-11T05:00:00Z,-34.07458,-42.72606,-0.2922,0.1519,255.58333,2013-05-30T00:00:00Z,SVP
118397,2015-05-11T06:00:00Z,-34.06933,-42.73553,-0.252,0.1543,144.0,2013-05-30T00:00:00Z,SVP
118397,2015-05-11T07:00:00Z,-34.06523,-42.7446,-0.24,0.0927,183.58333,2013-05-30T00:00:00Z,SVP
118397,2015-05-11T08:00:00Z,-34.06687,-42.75203,-0.4566,0.1399,68.416664,2013-05-30T00:00:00Z,SVP
118397,2015-05-11T09:00:00Z,-34.05997,-42.76975,-0.4355,0.0716,201.58334,2013-05-30T00:00:00Z,SVP
118397,2015-05-11T10:00:00Z,-34.05742,-42.78745,-0.4183,0.0601,180.0,2013-05-30T00:00:00Z,SVP
118397,2015-05-11T11:00:00Z,-34.0552,-42.80179,-0.3861,0.1005,118.79167,2013-05-30T00:00:00Z,SVP
118397,2015-05-11T12:00:00Z,-34.05131,-42.81809,-0.3789,0.0897,129.58333,2013-05-30T00:00:00Z,SVP
118397,2015-05-11T13:00:00Z,-34.04998,-42.83251,-0.3643,-0.0274,133.20833,2013-05-30T00:00:00Z,SVP
118397,2015-05-11T14:00:00Z,-34.04983,-42.84575,-0.3617,-0.0228,374.41666,2013-05-30T00:00:00Z,SVP
118397,2015-05-11T15:00:00Z,-34.05155,-42.86071,-0.3637,-0.0234,374.41666,2013-05-30T00:00:00Z,SVP
118397,2015-05-11T16:00:00Z,-34.05364,-42.87649,-0.3657,-0.0228,374.41666,2013-05-30T00:00:00Z,SVP
118397,2015-05-11T17:00:00Z,-34.05286,-42.88814,-0.3481,-0.034,230.41667,2013-05-30T00:00:00Z,SVP
118397,2015-05-11T18:00:00Z,-34.05242,-42.9039,-0.5309,-0.003,205.20834,2013-05-30T00:00:00Z,SVP
118397,2015-05-11T19:00:00Z,-34.05607,-42.92577,-0.4773,0.2251,64.791664,2013-05-30T00:00:00Z,SVP
118397,2015-05-11T20:00:00Z,-34.04951,-42.94091,-0.3674,0.1466,144.0,2013-05-30T00:00:00Z,SVP
118397,2015-05-11T21:00:00Z,-34.04739,-42.95518,-0.3658,0.0052,111.583336,2013-05-30T00:00:00Z,SVP
118397,2015-05-11T22:00:00Z,-34.05031,-42.96821,-0.3469,-0.0741,140.41666,2013-05-30T00:00:00Z,SVP
118397,2015-05-11T23:00:00Z,-34.04308,-42.99107,-0.5864,0.2134,140.41666,2013-05-30T00:00:00Z,SVP
118397,2015-05-12T00:00:00Z,-34.03578,-43.01182,-0.4722,0.1985,126.0,2013-05-30T00:00:00Z,SVP
118397,2015-05-12T01:00:00Z,-34.02941,-43.02758,-0.5038,0.1734,144.0,2013-05-30T00:00:00Z,SVP
118397,2015-05-12T02:00:00Z,-34.02502,-43.04716,-0.4899,0.1257,115.208336,2013-05-30T00:00:00Z,SVP
118397,2015-05-12T03:00:00Z,-34.02092,-43.06581,-0.4012,0.0424,115.208336,2013-05-30T00:00:00Z,SVP
118397,2015-05-12T04:00:00Z,-34.0193,-43.08105,-0.4096,0.0427,241.20834,2013-05-30T00:00:00Z,SVP
118397,2015-05-12T05:00:00Z,-34.01824,-43.09798,-0.3866,0.0472,241.20834,2013-05-30T00:00:00Z,SVP
118397,2015-05-12T06:00:00Z,-34.01597,-43.1127,-0.4096,0.0538,172.79166,2013-05-30T00:00:00Z,SVP
118397,2015-05-12T07:00:00Z,-34.01465,-43.13169,-0.4558,0.05,212.41667,2013-05-30T00:00:00Z,SVP
118397,2015-05-12T08:00:00Z,-34.01252,-43.15138,-0.5262,0.0567,190.79166,2013-05-30T00:00:00Z,SVP
118397,2015-05-12T09:00:00Z,-34.01142,-43.17133,-0.5084,0.0336,190.79166,2013-05-30T00:00:00Z,SVP
118397,2015-05-12T10:00:00Z,-34.01064,-43.18338,-0.4046,0.1497,167.41667,2013-05-30T00:00:00Z,SVP
118397,2015-05-12T11:00:00Z,-34.00543,-43.19823,-0.3212,0.1755,99.00001,2013-05-30T00:00:00Z,SVP
118397,2015-05-12T12:00:00Z,-34.00008,-43.20927,-0.2328,0.1352,111.583336,2013-05-30T00:00:00Z,SVP
118397,2015-05-12T13:00:00Z,-33.99597,-43.22012,-0.2909,0.1459,151.20834,2013-05-30T00:00:00Z,SVP
118397,2015-05-12T14:00:00Z,-33.99124,-43.23374,-0.3511,0.1362,385.20834,2013-05-30T00:00:00Z,SVP
118397,2015-05-12T15:00:00Z,-33.98648,-43.24747,-0.3516,0.1379,385.20834,2013-05-30T00:00:00Z,SVP
118397,2015-05-12T16:00:00Z,-33.98077,-43.25973,-0.3392,0.1669,410.4167,2013-05-30T00:00:00Z,SVP
118397,2015-05-12T17:00:00Z,-33.97536,-43.26653,-0.2807,0.1671,410.4167,2013-05-30T00:00:00Z,SVP
118397,2015-05-12T18:00:00Z,-33.97041,-43.27681,-0.2774,0.1656,410.4167,2013-05-30T00:00:00Z,SVP
118397,2015-05-12T19:00:00Z,-33.96336,-43.28693,-0.4431,0.0917,216.00002,2013-05-30T00:00:00Z,SVP
118397,2015-05-12T20:00:00Z,-33.96014,-43.31285,-0.2871,0.0839,216.00002,2013-05-30T00:00:00Z,SVP
118397,2015-05-12T21:00:00Z,-33.95737,-43.32349,-0.2811,0.0729,253.79166,2013-05-30T00:00:00Z,SVP
118397,2015-05-12T22:00:00Z,-33.95591,-43.33415,-0.2825,0.2088,145.79167,2013-05-30T00:00:00Z,SVP
118397,2015-05-12T23:00:00Z,-33.94854,-43.34615,-0.351,0.2165,147.58333,2013-05-30T00:00:00Z,SVP
118397,2015-05-13T00:00:00Z,-33.94033,-43.35877,-0.2973,0.1858,104.41666,2013-05-30T00:00:00Z,SVP
118397,2015-05-13T01:00:00Z,-33.93604,-43.37084,-0.2631,0.1918,122.416664,2013-05-30T00:00:00Z,SVP
118397,2015-05-13T02:00:00Z,-33.93056,-43.38187,-0.3294,0.0304,126.0,2013-05-30T00:00:00Z,SVP
118397,2015-05-13T03:00:00Z,-33.93029,-43.39475,-0.3838,0.0017,140.41666,2013-05-30T00:00:00Z,SVP
118397,2015-05-13T04:00:00Z,-33.928,-43.40909,-0.3486,0.0706,244.79167,2013-05-30T00:00:00Z,SVP
118397,2015-05-13T05:00:00Z,-33.92538,-43.42257,-0.3403,0.0955,162.0,2013-05-30T00:00:00Z,SVP
118397,2015-05-13T06:00:00Z,-33.92208,-43.43463,-0.2104,0.1991,82.791664,2013-05-30T00:00:00Z,SVP
118397,2015-05-13T07:00:00Z,-33.91474,-43.44312,-0.2233,0.2922,162.0,2013-05-30T00:00:00Z,SVP
118397,2015-05-13T08:00:00Z,-33.90489,-43.45167,-0.2763,0.3222,172.79166,2013-05-30T00:00:00Z,SVP
118397,2015-05-13T09:00:00Z,-33.89557,-43.46252,-0.2805,0.2651,82.791664,2013-05-30T00:00:00Z,SVP
118397,2015-05-13T10:00:00Z,-33.89159,-43.47439,-0.3168,0.0586,140.41666,2013-05-30T00:00:00Z,SVP
118397,2015-05-13T11:00:00Z,-33.89058,-43.49184,-0.4881,0.0051,129.58333,2013-05-30T00:00:00Z,SVP
118397,2015-05-13T12:00:00Z,-33.88989,-43.50163,-0.1673,-0.1132,140.41666,2013-05-30T00:00:00Z,SVP
118397,2015-05-13T13:00:00Z,-33.89425,-43.50498,-0.2184,-0.0994,115.208336,2013-05-30T00:00:00Z,SVP
118397,2015-05-13T14:00:00Z,-33.89614,-43.51475,-0.2132,-0.0154,291.58334,2013-05-30T00:00:00Z,SVP
118397,2015-05-13T15:00:00Z,-33.89214,-43.52075,-0.193,0.0575,291.58334,2013-05-30T00:00:00Z,SVP
118397,2015-05-13T16:00:00Z,-33.89336,-43.52489,-0.1322,0.003,233.99998,2013-05-30T00:00:00Z,SVP
118397,2015-05-13T17:00:00Z,-33.8992,-43.53961,-0.2077,-0.0248,233.99998,2013-05-30T00:00:00Z,SVP
118397,2015-05-13T18:00:00Z,-33.89626,-43.52749,-0.0119,0.0599,262.79166,2013-05-30T00:00:00Z,SVP
118397,2015-05-13T19:00:00Z,-33.89391,-43.5257,-0.0844,0.1107,151.20834,2013-05-30T00:00:00Z,SVP
118397,2015-05-13T20:00:00Z,-33.89161,-43.52939,-0.1378,0.1216,252.0,2013-05-30T00:00:00Z,SVP
118397,2015-05-13T21:00:00Z,-33.88659,-43.53396,-0.135,0.1229,252.0,2013-05-30T00:00:00Z,SVP
118397,2015-05-13T22:00:00Z,-33.88321,-43.5403,-0.1859,0.0895,306.0,2013-05-30T00:00:00Z,SVP
118397,2015-05-13T23:00:00Z,-33.88106,-43.54851,-0.1863,0.0894,306.0,2013-05-30T00:00:00Z,SVP
118397,2015-05-14T00:00:00Z,-33.87954,-43.55649,-0.2247,0.0142,86.41667,2013-05-30T00:00:00Z,SVP
118397,2015-05-14T01:00:00Z,-33.87996,-43.56542,-0.253,-0.0141,140.41666,2013-05-30T00:00:00Z,SVP
118397,2015-05-14T02:00:00Z,-33.87971,-43.57731,-0.2984,-0.0295,162.0,2013-05-30T00:00:00Z,SVP
118397,2015-05-14T03:00:00Z,-33.87952,-43.58971,-0.293,-0.0286,162.0,2013-05-30T00:00:00Z,SVP
118397,2015-05-14T04:00:00Z,-33.88326,-43.59945,-0.2639,-0.0871,417.58334,2013-05-30T00:00:00Z,SVP
118397,2015-05-14T05:00:00Z,-33.88632,-43.60955,-0.2635,-0.0899,417.58334,2013-05-30T00:00:00Z,SVP
118397,2015-05-14T06:00:00Z,-33.89128,-43.61969,-0.2469,-0.397,79.208336,2013-05-30T00:00:00Z,SVP
118397,2015-05-14T07:00:00Z,-33.90357,-43.62917,-0.238,-0.281,126.0,2013-05-30T00:00:00Z,SVP
118397,2015-05-14T08:00:00Z,-33.91144,-43.63732,-0.2041,-0.2204,169.20834,2013-05-30T00:00:00Z,SVP
118397,2015-05-14T09:00:00Z,-33.91899,-43.64367,-0.1205,-0.2582,154.79166,2013-05-30T00:00:00Z,SVP
118397,2015-05-14T10:00:00Z,-33.92708,-43.64832,-0.1531,-0.2235,129.58333,2013-05-30T00:00:00Z,SVP
118397,2015-05-14T11:00:00Z,-33.93421,-43.65382,-0.1219,-0.1877,129.58333,2013-05-30T00:00:00Z,SVP
118397,2015-05-14T12:00:00Z,-33.94032,-43.65736,-0.0541,-0.2022,122.416664,2013-05-30T00:00:00Z,SVP
118397,2015-05-14T13:00:00Z,-33.94761,-43.66039,-0.0769,-0.247,115.208336,2013-05-30T00:00:00Z,SVP
118397,2015-05-14T14:00:00Z,-33.95451,-43.66293,-0.0873,-0.2133,324.0,2013-05-30T00:00:00Z,SVP
118397,2015-05-14T15:00:00Z,-33.9627,-43.66623,-0.0865,-0.2227,324.0,2013-05-30T00:00:00Z,SVP
118397,2015-05-14T16:00:00Z,-33.96814,-43.66872,-0.0478,-0.1817,241.20834,2013-05-30T00:00:00Z,SVP
118397,2015-05-14T17:00:00Z,-33.97336,-43.67154,-0.0098,-0.1724,252.0,2013-05-30T00:00:00Z,SVP
118397,2015-05-14T18:00:00Z,-33.97959,-43.67163,-0.0117,-0.1667,252.0,2013-05-30T00:00:00Z,SVP
118397,2015-05-14T19:00:00Z,-33.98541,-43.67195,-0.0,-0.1942,104.41666,2013-05-30T00:00:00Z,SVP
118397,2015-05-14T20:00:00Z,-33.99201,-43.6716,0.0186,-0.2047,198.00002,2013-05-30T00:00:00Z,SVP
118397,2015-05-14T21:00:00Z,-33.99825,-43.67087,0.0189,-0.2016,198.00002,2013-05-30T00:00:00Z,SVP
118397,2015-05-14T22:00:00Z,-34.00337,-43.67276,-0.0828,-0.1532,252.0,2013-05-30T00:00:00Z,SVP
118397,2015-05-14T23:00:00Z,-34.00721,-43.6755,-0.0858,-0.1503,252.0,2013-05-30T00:00:00Z,SVP
118397,2015-05-15T00:00:00Z,-34.01554,-43.68148,-0.1808,-0.2608,126.0,2013-05-30T00:00:00Z,SVP
118397,2015-05-15T01:00:00Z,-34.02437,-43.68839,-0.1827,-0.2957,230.41667,2013-05-30T00:00:00Z,SVP
118397,2015-05-15T02:00:00Z,-34.03333,-43.69348,-0.1133,-0.2699,126.0,2013-05-30T00:00:00Z,SVP
118397,2015-05-15T03:00:00Z,-34.04122,-43.6969,-0.1667,-0.2041,255.58333,2013-05-30T00:00:00Z,SVP
118397,2015-05-15T04:00:00Z,-34.04881,-43.70468,-0.1638,-0.2005,255.58333,2013-05-30T00:00:00Z,SVP
118397,2015-05-15T05:00:00Z,-34.05783,-43.71068,-0.1057,-0.2834,154.79166,2013-05-30T00:00:00Z,SVP
118397,2015-05-15T06:00:00Z,-34.06806,-43.71513,-0.1298,-0.3184,79.208336,2013-05-30T00:00:00Z,SVP
118397,2015-05-15T07:00:00Z,-34.07605,-43.72133,-0.1428,-0.2015,75.583336,2013-05-30T00:00:00Z,SVP
118397,2015-05-15T08:00:00Z,-34.08604,-43.72558,-0.0817,-0.3518,108.00001,2013-05-30T00:00:00Z,SVP
118397,2015-05-15T09:00:00Z,-34.09599,-43.72928,-0.0838,-0.2651,68.416664,2013-05-30T00:00:00Z,SVP
118397,2015-05-15T10:00:00Z,-34.10546,-43.7324,-0.0742,-0.3003,172.79166,2013-05-30T00:00:00Z,SVP
118397,2015-05-15T11:00:00Z,-34.11639,-43.73417,0.034,-0.3071,172.79166,2013-05-30T00:00:00Z,SVP
118397,2015-05-15T12:00:00Z,-34.12614,-43.73148,0.0336,-0.3009,172.79166,2013-05-30T00:00:00Z,SVP
118397,2015-05-15T13:00:00Z,-34.13429,-43.7328,-0.0651,-0.2134,583.2083,2013-05-30T00:00:00Z,SVP
118397,2015-05-15T14:00:00Z,-34.14129,-43.73515,-0.0637,-0.2134,583.2083,2013-05-30T00:00:00Z,SVP
118397,2015-05-15T15:00:00Z,-34.1483,-43.7378,-0.064,-0.2135,583.2083,2013-05-30T00:00:00Z,SVP
118397,2015-05-15T16:00:00Z,-34.15541,-43.74075,-0.0653,-0.2135,583.2083,2013-05-30T00:00:00Z,SVP
118397,2015-05-15T17:00:00Z,-34.16208,-43.74311,-0.034,-0.1936,248.41667,2013-05-30T00:00:00Z,SVP
118397,2015-05-15T18:00:00Z,-34.1674,-43.74175,-0.0302,-0.1905,248.41667,2013-05-30T00:00:00Z,SVP
118397,2015-05-15T19:00:00Z,-34.17323,-43.74453,-0.1773,-0.2516,86.41667,2013-05-30T00:00:00Z,SVP
118397,2015-05-15T20:00:00Z,-34.18075,-43.74808,-0.02,-0.2043,158.41667,2013-05-30T00:00:00Z,SVP
118397,2015-05-15T21:00:00Z,-34.18759,-43.74899,-0.0168,-0.2096,93.583336,2013-05-30T00:00:00Z,SVP
118397,2015-05-15T22:00:00Z,-34.19558,-43.75063,-0.0627,-0.2154,154.79166,2013-05-30T00:00:00Z,SVP
118397,2015-05-15T23:00:00Z,-34.19926,-43.7538,-0.0823,-0.1672,208.79167,2013-05-30T00:00:00Z,SVP
118397,2015-05-16T00:00:00Z,-34.20489,-43.75674,-0.0842,-0.1899,122.416664,2013-05-30T00:00:00Z,SVP
118397,2015-05-16T01:00:00Z,-34.21168,-43.75765,0.0185,-0.2278,111.583336,2013-05-30T00:00:00Z,SVP
118397,2015-05-16T02:00:00Z,-34.22004,-43.75673,0.0527,-0.2454,208.79167,2013-05-30T00:00:00Z,SVP
118397,2015-05-16T03:00:00Z,-34.2281,-43.75691,-0.1474,-0.0873,212.41667,2013-05-30T00:00:00Z,SVP
118397,2015-05-16T04:00:00Z,-34.23057,-43.76288,-0.1468,-0.0797,212.41667,2013-05-30T00:00:00Z,SVP
118397,2015-05-16T05:00:00Z,-34.23394,-43.76569,-0.0706,-0.0828,147.58333,2013-05-30T00:00:00Z,SVP
118397,2015-05-16T06:00:00Z,-34.24354,-43.76765,-0.0901,-0.4289,0.0,2013-05-30T00:00:00Z,SVP
118397,2015-05-16T07:00:00Z,-34.2514,-43.76937,-0.0858,-0.2026,111.583336,2013-05-30T00:00:00Z,SVP
118397,2015-05-16T08:00:00Z,-34.25807,-43.7744,-0.0865,-0.2319,140.41666,2013-05-30T00:00:00Z,SVP
118397,2015-05-16T09:00:00Z,-34.26598,-43.77586,-0.0757,-0.2325,144.0,2013-05-30T00:00:00Z,SVP
118397,2015-05-16T10:00:00Z,-34.27259,-43.77843,-0.0731,-0.1883,118.79167,2013-05-30T00:00:00Z,SVP
118397,2015-05-16T11:00:00Z,-34.27823,-43.77725,0.0854,-0.1763,122.416664,2013-05-30T00:00:00Z,SVP
118397,2015-05-16T12:00:00Z,-34.28401,-43.77421,0.0238,-0.2043,115.208336,2013-05-30T00:00:00Z,SVP
118397,2015-05-16T13:00:00Z,-34.28958,-43.7728,0.0544,-0.1285,151.20834,2013-05-30T00:00:00Z,SVP
118397,2015-05-16T14:00:00Z,-34.29355,-43.77015,0.0879,-0.1021,464.41666,2013-05-30T00:00:00Z,SVP
118397,2015-05-16T15:00:00Z,-34.29675,-43.7666,0.0887,-0.1017,464.41666,2013-05-30T00:00:00Z,SVP
118397,2015-05-16T16:00:00Z,-34.30013,-43.76354,0.088,-0.1016,464.41666,2013-05-30T00:00:00Z,SVP
118397,2015-05-16T17:00:00Z,-34.30355,-43.76086,0.0887,-0.0948,255.58333,2013-05-30T00:00:00Z,SVP
118397,2015-05-16T18:00:00Z,-34.30629,-43.75515,0.0999,-0.0949,255.58333,2013-05-30T00:00:00Z,SVP
118397,2015-05-16T19:00:00Z,-34.3103,-43.75593,0.0244,-0.1179,158.41667,2013-05-30T00:00:00Z,SVP
118397,2015-05-16T20:00:00Z,-34.31452,-43.75599,-0.0109,-0.1454,50.416664,2013-05-30T00:00:00Z,SVP
118397,2015-05-16T21:00:00Z,-34.31847,-43.75579,0.0917,-0.0431,0.0,2013-05-30T00:00:00Z,SVP
118397,2015-05-16T22:00:00Z,-34.32289,-43.75299,0.0555,-0.1399,50.416664,2013-05-30T00:00:00Z,SVP
118397,2015-05-16T23:00:00Z,-34.32697,-43.75216,0.0091,-0.1708,172.79166,2013-05-30T00:00:00Z,SVP
118397,2015-05-17T00:00:00Z,-34.33282,-43.75268,-0.0076,-0.1477,140.41666,2013-05-30T00:00:00Z,SVP
118397,2015-05-17T01:00:00Z,-34.33786,-43.75297,-0.014,-0.1372,140.41666,2013-05-30T00:00:00Z,SVP
118397,2015-05-17T02:00:00Z,-34.34308,-43.75296,-0.0425,-0.1441,111.583336,2013-05-30T00:00:00Z,SVP
118397,2015-05-17T03:00:00Z,-34.34669,-43.75519,-0.0099,-0.1535,237.58334,2013-05-30T00:00:00Z,SVP
118397,2015-05-17T04:00:00Z,-34.35292,-43.75544,-0.0059,-0.1522,237.58334,2013-05-30T00:00:00Z,SVP
118397,2015-05-17T05:00:00Z,-34.35882,-43.75609,-0.0102,-0.2093,147.58333,2013-05-30T00:00:00Z,SVP
118397,2015-05-17T06:00:00Z,-34.3674,-43.75908,-0.1002,-0.2717,172.79166,2013-05-30T00:00:00Z,SVP
118397,2015-05-17T07:00:00Z,-34.37561,-43.76276,-0.0655,-0.2454,97.20833,2013-05-30T00:00:00Z,SVP
118397,2015-05-17T08:00:00Z,-34.38434,-43.76553,-0.0826,-0.2836,122.416664,2013-05-30T00:00:00Z,SVP
118397,2015-05-17T09:00:00Z,-34.39345,-43.76972,-0.1229,-0.2762,133.20833,2013-05-30T00:00:00Z,SVP
118397,2015-05-17T10:00:00Z,-34.40031,-43.77409,-0.0967,-0.1752,93.583336,2013-05-30T00:00:00Z,SVP
118397,2015-05-17T11:00:00Z,-34.40651,-43.77737,-0.067,-0.2308,115.208336,2013-05-30T00:00:00Z,SVP
118397,2015-05-17T12:00:00Z,-34.41242,-43.78025,-0.0861,-0.1647,118.79167,2013-05-30T00:00:00Z,SVP
118397,2015-05-17T13:00:00Z,-34.4173,-43.7872,-0.1783,-0.1372,147.58333,2013-05-30T00:00:00Z,SVP
118397,2015-05-17T14:00:00Z,-34.42316,-43.79439,-0.0748,-0.2178,385.20834,2013-05-30T00:00:00Z,SVP
118397,2015-05-17T15:00:00Z,-34.43027,-43.79646,-0.0773,-0.2179,385.20834,2013-05-30T00:00:00Z,SVP
118397,2015-05-17T16:00:00Z,-34.43725,-43.79966,-0.0755,-0.2182,385.20834,2013-05-30T00:00:00Z,SVP
118397,2015-05-17T17:00:00Z,-34.44435,-43.80274,-0.0564,-0.2246,237.58334,2013-05-30T00:00:00Z,SVP
118397,2015-05-17T18:00:00Z,-34.45177,-43.80442,-0.0574,-0.2243,237.58334,2013-05-30T00:00:00Z,SVP
118397,2015-05-17T19:00:00Z,-34.45907,-43.80832,-0.0851,-0.2294,172.79166,2013-05-30T00:00:00Z,SVP
118397,2015-05-17T20:00:00Z,-34.46619,-43.81244,-0.0873,-0.1922,140.41666,2013-05-30T00:00:00Z,SVP
118397,2015-05-17T21:00:00Z,-34.47188,-43.81585,-0.075,-0.1624,50.416664,2013-05-30T00:00:00Z,SVP
118397,2015-05-17T22:00:00Z,-34.47883,-43.81909,-0.0903,-0.2219,205.20834,2013-05-30T00:00:00Z,SVP
118397,2015-05-17T23:00:00Z,-34.48766,-43.82268,-0.1633,-0.2196,147.58333,2013-05-30T00:00:00Z,SVP
118397,2015-05-18T00:00:00Z,-34.49225,-43.82954,-0.2167,-0.1549,86.41667,2013-05-30T00:00:00Z,SVP
118397,2015-05-18T01:00:00Z,-34.49838,-43.83774,-0.0874,-0.1609,140.41666,2013-05-30T00:00:00Z,SVP
118397,2015-05-18T02:00:00Z,-34.50447,-43.84102,-0.0453,-0.1504,115.208336,2013-05-30T00:00:00Z,SVP
118397,2015-05-18T03:00:00Z,-34.50846,-43.84314,-0.0781,-0.1449,269.99997,2013-05-30T00:00:00Z,SVP
118397,2015-05-18T04:00:00Z,-34.51363,-43.84406,-0.1143,-0.1259,241.20834,2013-05-30T00:00:00Z,SVP
118397,2015-05-18T05:00:00Z,-34.51762,-43.85005,-0.0991,-0.1266,241.20834,2013-05-30T00:00:00Z,SVP
118397,2015-05-18T06:00:00Z,-34.52206,-43.85411,-0.1208,-0.1496,176.41667,2013-05-30T00:00:00Z,SVP
118397,2015-05-18T07:00:00Z,-34.52698,-43.85819,-0.088,-0.1556,64.791664,2013-05-30T00:00:00Z,SVP
118397,2015-05-18T08:00:00Z,-34.53253,-43.86113,-0.0791,-0.1814,72.0,2013-05-30T00:00:00Z,SVP
118397,2015-05-18T09:00:00Z,-34.53778,-43.86586,-0.1414,-0.0877,90.0,2013-05-30T00:00:00Z,SVP
118397,2015-05-18T10:00:00Z,-34.54104,-43.87134,-0.1382,-0.1117,111.583336,2013-05-30T00:00:00Z,SVP
118397,2015-05-18T11:00:00Z,-34.54529,-43.87822,-0.1905,-0.1173,122.416664,2013-05-30T00:00:00Z,SVP
118397,2015-05-18T12:00:00Z,-34.5492,-43.883,-0.0565,-0.1165,136.79167,2013-05-30T00:00:00Z,SVP
118397,2015-05-18T13:00:00Z,-34.55348,-43.8847,-0.0861,-0.1145,115.208336,2013-05-30T00:00:00Z,SVP
118397,2015-05-18T14:00:00Z,-34.55681,-43.88768,-0.1027,-0.1331,410.4167,2013-05-30T00:00:00Z,SVP
118397,2015-05-18T15:00:00Z,-34.56134,-43.89199,-0.1024,-0.1329,410.4167,2013-05-30T00:00:00Z,SVP
118397,2015-05-18T16:00:00Z,-34.56555,-43.89627,-0.1019,-0.1337,410.4167,2013-05-30T00:00:00Z,SVP
118397,2015-05-18T17:00:00Z,-34.57034,-43.89996,-0.1007,-0.16,233.99998,2013-05-30T00:00:00Z,SVP
118397,2015-05-18T18:00:00Z,-34.57593,-43.90353,-0.0872,-0.2006,172.79166,2013-05-30T00:00:00Z,SVP
118397,2015-05-18T19:00:00Z,-34.5825,-43.90727,-0.0869,-0.2059,172.79166,2013-05-30T00:00:00Z,SVP
118397,2015-05-18T20:00:00Z,-34.58967,-43.90985,-0.0709,-0.1783,180.0,2013-05-30T00:00:00Z,SVP
118397,2015-05-18T21:00:00Z,-34.59506,-43.91275,-0.0779,-0.1395,72.0,2013-05-30T00:00:00Z,SVP
118397,2015-05-18T22:00:00Z,-34.60062,-43.91213,0.0123,-0.1748,172.79166,2013-05-30T00:00:00Z,SVP
118397,2015-05-18T23:00:00Z,-34.606,-43.91297,-0.0027,-0.1699,183.58333,2013-05-30T00:00:00Z,SVP
118397,2015-05-19T00:00:00Z,-34.61058,-43.91438,-0.0533,-0.0865,93.583336,2013-05-30T00:00:00Z,SVP
118397,2015-05-19T01:00:00Z,-34.61166,-43.91265,0.0215,-0.0301,140.41666,2013-05-30T00:00:00Z,SVP
118397,2015-05-19T02:00:00Z,-34.61205,-43.91219,-0.0208,0.0307,291.58334,2013-05-30T00:00:00Z,SVP
118397,2015-05-19T03:00:00Z,-34.61076,-43.91312,-0.0207,0.0304,291.58334,2013-05-30T00:00:00Z,SVP
118397,2015-05-19T04:00:00Z,-34.60966,-43.91412,-0.0288,0.0356,237.58334,2013-05-30T00:00:00Z,SVP
118397,2015-05-19T05:00:00Z,-34.60876,-43.91509,-0.0291,0.0355,237.58334,2013-05-30T00:00:00Z,SVP
118397,2015-05-19T06:00:00Z,-34.6081,-43.91621,-0.0292,0.016,169.20834,2013-05-30T00:00:00Z,SVP
118397,2015-05-19T07:00:00Z,-34.60645,-43.91859,-0.0678,0.0558,108.00001,2013-05-30T00:00:00Z,SVP
118397,2015-05-19T08:00:00Z,-34.60305,-43.92277,-0.1161,0.11,156.58334,2013-05-30T00:00:00Z,SVP
118397,2015-05-19T09:00:00Z,-34.59995,-43.92821,-0.1659,0.0446,144.0,2013-05-30T00:00:00Z,SVP
118397,2015-05-19T10:00:00Z,-34.59871,-43.93464,-0.2389,0.0525,100.79167,2013-05-30T00:00:00Z,SVP
118397,2015-05-19T11:00:00Z,-34.597,-43.94482,-0.2902,0.0505,133.20833,2013-05-30T00:00:00Z,SVP
118397,2015-05-19T12:00:00Z,-34.59607,-43.95561,-0.2604,0.0092,140.41666,2013-05-30T00:00:00Z,SVP
118397,2015-05-19T13:00:00Z,-34.59692,-43.96467,-0.1941,-0.0657,115.208336,2013-05-30T00:00:00Z,SVP
118397,2015-05-19T14:00:00Z,-34.60014,-43.97102,-0.1495,-0.1125,442.79166,2013-05-30T00:00:00Z,SVP
118397,2015-05-19T15:00:00Z,-34.60346,-43.97725,-0.1513,-0.1109,442.79166,2013-05-30T00:00:00Z,SVP
118397,2015-05-19T16:00:00Z,-34.606,-43.98433,-0.1559,-0.1062,442.79166,2013-05-30T00:00:00Z,SVP
118397,2015-05-19T17:00:00Z,-34.61288,-43.98539,-0.0147,-0.1705,233.99998,2013-05-30T00:00:00Z,SVP
118397,2015-05-19T18:00:00Z,-34.61907,-43.98479,0.0285,-0.2076,126.0,2013-05-30T00:00:00Z,SVP
118397,2015-05-19T19:00:00Z,-34.62486,-43.98232,0.1703,-0.1196,82.791664,2013-05-30T00:00:00Z,SVP
118397,2015-05-19T20:00:00Z,-34.62896,-43.97412,0.2421,-0.1297,93.583336,2013-05-30T00:00:00Z,SVP
118397,2015-05-19T21:00:00Z,-34.63188,-43.96621,0.1028,-0.0314,158.41667,2013-05-30T00:00:00Z,SVP
118397,2015-05-19T22:00:00Z,-34.63269,-43.96194,0.1097,0.0093,90.0,2013-05-30T00:00:00Z,SVP
118397,2015-05-19T23:00:00Z,-34.63198,-43.95785,0.1074,0.046,233.99998,2013-05-30T00:00:00Z,SVP
118397,2015-05-20T00:00:00Z,-34.63046,-43.95323,0.1179,0.0673,0.0,2013-05-30T00:00:00Z,SVP
118397,2015-05-20T01:00:00Z,-34.62983,-43.94839,0.1177,0.0046,115.208336,2013-05-30T00:00:00Z,SVP
118397,2015-05-20T02:00:00Z,-34.62987,-43.9461,0.0106,-0.0105,144.0,2013-05-30T00:00:00Z,SVP
118397,2015-05-20T03:00:00Z,-34.63025,-43.94551,-0.0021,-0.006,180.0,2013-05-30T00:00:00Z,SVP
118397,2015-05-20T04:00:00Z,-34.63037,-43.94564,-0.0138,0.0018,241.20834,2013-05-30T00:00:00Z,SVP
118397,2015-05-20T05:00:00Z,-34.63035,-43.94619,-0.0151,0.0028,241.20834,2013-05-30T00:00:00Z,SVP
118397,2015-05-20T06:00:00Z,-34.63041,-43.94725,-0.0273,-0.0068,169.20834,2013-05-30T00:00:00Z,SVP
118397,2015-05-20T07:00:00Z,-34.63178,-43.94758,-0.0091,-0.0496,244.79167,2013-05-30T00:00:00Z,SVP
118397,2015-05-20T08:00:00Z,-34.63334,-43.94822,-0.0045,-0.0494,61.208332,2013-05-30T00:00:00Z,SVP
118397,2015-05-20T09:00:00Z,-34.63418,-43.9479,-0.0031,-0.0013,194.41666,2013-05-30T00:00:00Z,SVP
118397,2015-05-20T10:00:00Z,-34.63396,-43.94725,0.0172,0.0163,54.000004,2013-05-30T00:00:00Z,SVP
118397,2015-05-20T11:00:00Z,-34.63306,-43.94978,-0.1166,0.0167,108.00001,2013-05-30T00:00:00Z,SVP
118397,2015-05-20T12:00:00Z,-34.63485,-43.95194,-0.0539,-0.0704,140.41666,2013-05-30T00:00:00Z,SVP
118397,2015-05-20T13:00:00Z,-34.63696,-43.95185,0.0136,-0.0348,129.58333,2013-05-30T00:00:00Z,SVP
118397,2015-05-20T14:00:00Z,-34.63453,-43.95219,0.0289,0.0238,331.2083,2013-05-30T00:00:00Z,SVP
118397,2015-05-20T15:00:00Z,-34.63809,-43.95021,0.0337,-0.0181,331.2083,2013-05-30T00:00:00Z,SVP
118397,2015-05-20T16:00:00Z,-34.64063,-43.94867,0.1742,0.1357,241.20834,2013-05-30T00:00:00Z,SVP
118397,2015-05-20T17:00:00Z,-34.63461,-43.93866,0.1667,0.1151,241.20834,2013-05-30T00:00:00Z,SVP
118397,2015-05-20T18:00:00Z,-34.63103,-43.92966,0.0488,0.1131,169.20834,2013-05-30T00:00:00Z,SVP
118397,2015-05-20T19:00:00Z,-34.62744,-43.9286,0.0126,0.1054,79.208336,2013-05-30T00:00:00Z,SVP
118397,2015-05-20T20:00:00Z,-34.62283,-43.92684,0.0408,0.1494,90.0,2013-05-30T00:00:00Z,SVP
118397,2015-05-20T21:00:00Z,-34.61841,-43.92536,0.0618,0.1313,154.79166,2013-05-30T00:00:00Z,SVP
118397,2015-05-20T22:00:00Z,-34.61531,-43.9244,-0.0564,0.0657,223.20834,2013-05-30T00:00:00Z,SVP
118397,2015-05-20T23:00:00Z,-34.613,-43.92741,-0.0545,0.0653,223.20834,2013-05-30T00:00:00Z,SVP
118397,2015-05-21T00:00:00Z,-34.61121,-43.93021,-0.0965,0.0507,136.79167,2013-05-30T00:00:00Z,SVP
118397,2015-05-21T01:00:00Z,-34.61005,-43.9351,-0.126,0.0259,122.416664,2013-05-30T00:00:00Z,SVP
118397,2015-05-21T02:00:00Z,-34.60965,-43.94033,-0.1573,0.0108,133.20833,2013-05-30T00:00:00Z,SVP
118397,2015-05-21T03:00:00Z,-34.61031,-43.9456,-0.0603,-0.0626,82.791664,2013-05-30T00:00:00Z,SVP
118397,2015-05-21T04:00:00Z,-34.61228,-43.94733,-0.0091,-0.0779,241.20834,2013-05-30T00:00:00Z,SVP
118397,2015-05-21T05:00:00Z,-34.61511,-43.9483,-0.0048,-0.0753,241.20834,2013-05-30T00:00:00Z,SVP
118397,2015-05-21T06:00:00Z,-34.6159,-43.94751,0.0142,0.029,0.0,2013-05-30T00:00:00Z,SVP
118397,2015-05-21T07:00:00Z,-34.61898,-43.95247,-0.1197,-0.1413,160.20833,2013-05-30T00:00:00Z,SVP
118397,2015-05-21T08:00:00Z,-34.62401,-43.95802,-0.0545,-0.1284,232.20833,2013-05-30T00:00:00Z,SVP
118397,2015-05-21T09:00:00Z,-34.62787,-43.95958,-0.057,-0.1281,232.20833,2013-05-30T00:00:00Z,SVP
118397,2015-05-21T10:00:00Z,-34.63147,-43.96294,-0.0767,-0.0967,261.0,2013-05-30T00:00:00Z,SVP
118397,2015-05-21T11:00:00Z,-34.63466,-43.96548,-0.0782,-0.0962,261.0,2013-05-30T00:00:00Z,SVP
118397,2015-05-21T12:00:00Z,-34.63808,-43.96446,0.0922,-0.1462,97.20833,2013-05-30T00:00:00Z,SVP
118397,2015-05-21T13:00:00Z,-34.6432,-43.96089,0.0613,-0.1682,151.20834,2013-05-30T00:00:00Z,SVP
118397,2015-05-21T14:00:00Z,-34.64868,-43.95859,0.0443,-0.1638,349.20834,2013-05-30T00:00:00Z,SVP
118397,2015-05-21T15:00:00Z,-34.65349,-43.95626,0.0478,-0.1609,349.20834,2013-05-30T00:00:00Z,SVP
118397,2015-05-21T16:00:00Z,-34.65897,-43.95401,0.0648,-0.1799,230.41667,2013-05-30T00:00:00Z,SVP
118397,2015-05-21T17:00:00Z,-34.66565,-43.95201,0.0631,-0.1833,230.41667,2013-05-30T00:00:00Z,SVP
118397,2015-05-21T18:00:00Z,-34.67034,-43.94823,0.0911,-0.1631,172.79166,2013-05-30T00:00:00Z,SVP
118397,2015-05-21T19:00:00Z,-34.67282,-43.94431,0.1027,-0.0356,82.791664,2013-05-30T00:00:00Z,SVP
118397,2015-05-21T20:00:00Z,-34.67411,-43.93996,0.1323,-0.0812,126.0,2013-05-30T00:00:00Z,SVP
118397,2015-05-21T21:00:00Z,-34.677,-43.93387,0.051,-0.0952,118.79167,2013-05-30T00:00:00Z,SVP
118397,2015-05-21T22:00:00Z,-34.68054,-43.93211,0.0253,-0.1251,129.58333,2013-05-30T00:00:00Z,SVP
118397,2015-05-21T23:00:00Z,-34.68511,-43.92876,0.0826,-0.1454,108.00001,2013-05-30T00:00:00Z,SVP
118397,2015-05-22T00:00:00Z,-34.68926,-43.92827,0.0124,-0.1355,140.41666,2013-05-30T00:00:00Z,SVP
118397,2015-05-22T01:00:00Z,-34.69266,-43.92962,-0.0418,-0.0922,126.0,2013-05-30T00:00:00Z,SVP
118397,2015-05-22T02:00:00Z,-34.69572,-43.92933,-0.0416,-0.1664,111.583336,2013-05-30T00:00:00Z,SVP
118397,2015-05-22T03:00:00Z,-34.7021,-43.92904,0.1236,-0.2195,115.208336,2013-05-30T00:00:00Z,SVP
118397,2015-05-22T04:00:00Z,-34.70828,-43.92539,0.1056,-0.1905,241.20834,2013-05-30T00:00:00Z,SVP
118397,2015-05-22T05:00:00Z,-34.71474,-43.92188,-0.0043,-0.1617,169.20834,2013-05-30T00:00:00Z,SVP
118397,2015-05-22T06:00:00Z,-34.71988,-43.92427,-0.0139,-0.2331,75.583336,2013-05-30T00:00:00Z,SVP
118397,2015-05-22T07:00:00Z,-34.7296,-43.92178,0.1059,-0.3395,111.583336,2013-05-30T00:00:00Z,SVP
118397,2015-05-22T08:00:00Z,-34.7391,-43.91733,0.0981,-0.2622,194.41666,2013-05-30T00:00:00Z,SVP
118397,2015-05-22T09:00:00Z,-34.74755,-43.91333,0.0952,-0.2558,54.000004,2013-05-30T00:00:00Z,SVP
118397,2015-05-22T10:00:00Z,-34.75484,-43.90666,0.1792,-0.217,183.58333,2013-05-30T00:00:00Z,SVP
118397,2015-05-22T11:00:00Z,-34.76136,-43.90051,0.156,-0.1924,129.58333,2013-05-30T00:00:00Z,SVP
118397,2015-05-22T12:00:00Z,-34.76652,-43.89765,-0.0054,-0.1314,122.416664,2013-05-30T00:00:00Z,SVP
118397,2015-05-22T13:00:00Z,-34.77033,-43.89941,-0.0355,-0.1184,140.41666,2013-05-30T00:00:00Z,SVP
118397,2015-05-22T14:00:00Z,-34.77452,-43.90011,-0.0147,-0.1498,266.41666,2013-05-30T00:00:00Z,SVP
118397,2015-05-22T15:00:00Z,-34.77918,-43.9003,-0.013,-0.1497,266.41666,2013-05-30T00:00:00Z,SVP
118397,2015-05-22T16:00:00Z,-34.78375,-43.90005,-0.0175,-0.1639,226.79166,2013-05-30T00:00:00Z,SVP
118397,2015-05-22T17:00:00Z,-34.79008,-43.90275,-0.0234,-0.1648,226.79166,2013-05-30T00:00:00Z,SVP
118397,2015-05-22T18:00:00Z,-34.79566,-43.90279,-0.0327,-0.1917,165.58333,2013-05-30T00:00:00Z,SVP
118397,2015-05-22T19:00:00Z,-34.80363,-43.90875,-0.1462,-0.2626,169.20834,2013-05-30T00:00:00Z,SVP
118397,2015-05-22T20:00:00Z,-34.81206,-43.91401,-0.0436,-0.2289,57.583332,2013-05-30T00:00:00Z,SVP
118397,2015-05-22T21:00:00Z,-34.81964,-43.91509,-0.0165,-0.2428,154.79166,2013-05-30T00:00:00Z,SVP
118397,2015-05-22T22:00:00Z,-34.82688,-43.91496,-0.0068,-0.2351,136.79167,2013-05-30T00:00:00Z,SVP
118397,2015-05-22T23:00:00Z,-34.83588,-43.9168,0.0236,-0.2,151.20834,2013-05-30T00:00:00Z,SVP
118397,2015-05-23T00:00:00Z,-34.84172,-43.91455,0.0154,-0.2163,100.79167,2013-05-30T00:00:00Z,SVP
118397,2015-05-23T01:00:00Z,-34.84996,-43.91356,0.0499,-0.2812,129.58333,2013-05-30T00:00:00Z,SVP
118397,2015-05-23T02:00:00Z,-34.85906,-43.91004,0.101,-0.2814,115.208336,2013-05-30T00:00:00Z,SVP
118397,2015-05-23T03:00:00Z,-34.86729,-43.90722,0.0953,-0.2322,133.20833,2013-05-30T00:00:00Z,SVP
118397,2015-05-23T04:00:00Z,-34.87149,-43.90141,0.1197,-0.1538,219.58333,2013-05-30T00:00:00Z,SVP
118397,2015-05-23T05:00:00Z,-34.87679,-43.89802,0.1019,-0.1491,190.79166,2013-05-30T00:00:00Z,SVP
118397,2015-05-23T06:00:00Z,-34.88216,-43.89438,-0.0036,-0.2127,79.208336,2013-05-30T00:00:00Z,SVP
118397,2015-05-23T07:00:00Z,-34.89102,-43.89225,0.097,-0.2867,82.791664,2013-05-30T00:00:00Z,SVP
118397,2015-05-23T08:00:00Z,-34.90012,-43.88906,0.0635,-0.2616,183.58333,2013-05-30T00:00:00Z,SVP
118397,2015-05-23T09:00:00Z,-34.90928,-43.88632,0.0671,-0.2924,82.791664,2013-05-30T00:00:00Z,SVP
118397,2015-05-23T10:00:00Z,-34.919,-43.88239,0.1028,-0.3056,169.20834,2013-05-30T00:00:00Z,SVP
118397,2015-05-23T11:00:00Z,-34.92851,-43.87791,0.1423,-0.2805,129.58333,2013-05-30T00:00:00Z,SVP
118397,2015-05-23T12:00:00Z,-34.9377,-43.87379,0.1988,-0.313,133.20833,2013-05-30T00:00:00Z,SVP
118397,2015-05-23T13:00:00Z,-34.94795,-43.86489,0.1334,-0.3306,104.41666,2013-05-30T00:00:00Z,SVP
118397,2015-05-23T14:00:00Z,-34.95725,-43.86082,0.088,-0.2709,284.41666,2013-05-30T00:00:00Z,SVP
118397,2015-05-23T15:00:00Z,-34.95766,-43.85749,0.0878,-0.1631,284.41666,2013-05-30T00:00:00Z,SVP
118397,2015-05-23T16:00:00Z,-34.96938,-43.85365,0.0991,-0.4291,244.79167,2013-05-30T00:00:00Z,SVP
118397,2015-05-23T17:00:00Z,-34.98428,-43.84974,0.1215,-0.4143,252.0,2013-05-30T00:00:00Z,SVP
118397,2015-05-23T18:00:00Z,-34.99697,-43.84509,0.1224,-0.418,252.0,2013-05-30T00:00:00Z,SVP
118397,2015-05-23T19:00:00Z,-35.00979,-43.84057,0.1155,-0.3788,79.208336,2013-05-30T00:00:00Z,SVP
118397,2015-05-23T20:00:00Z,-35.02359,-43.83828,-0.0215,-0.5079,255.58333,2013-05-30T00:00:00Z,SVP
118397,2015-05-23T21:00:00Z,-35.03968,-43.83847,-0.0247,-0.5098,255.58333,2013-05-30T00:00:00Z,SVP
118397,2015-05-23T22:00:00Z,-35.0567,-43.83911,-0.0033,-0.5217,162.0,2013-05-30T00:00:00Z,SVP
118397,2015-05-23T23:00:00Z,-35.07322,-43.83753,0.0448,-0.5112,158.41667,2013-05-30T00:00:00Z,SVP
118397,2015-05-24T00:00:00Z,-35.09018,-43.83563,0.0722,-0.5203,104.41666,2013-05-30T00:00:00Z,SVP
118397,2015-05-24T01:00:00Z,-35.10758,-43.83504,-0.0453,-0.5015,129.58333,2013-05-30T00:00:00Z,SVP
118397,2015-05-24T02:00:00Z,-35.124,-43.83723,-0.0238,-0.4017,154.79166,2013-05-30T00:00:00Z,SVP
118397,2015-05-24T03:00:00Z,-35.13615,-43.83816,0.0305,-0.3395,219.58333,2013-05-30T00:00:00Z,SVP
118397,2015-05-24T04:00:00Z,-35.14824,-43.83675,0.0334,-0.3491,219.58333,2013-05-30T00:00:00Z,SVP
118397,2015-05-24T05:00:00Z,-35.16004,-43.83253,0.1077,-0.3636,183.58333,2013-05-30T00:00:00Z,SVP
118397,2015-05-24T06:00:00Z,-35.17015,-43.82362,0.2497,-0.3169,90.0,2013-05-30T00:00:00Z,SVP
118397,2015-05-24T07:00:00Z,-35.1787,-43.81255,0.2795,0.0286,133.20833,2013-05-30T00:00:00Z,SVP
118397,2015-05-24T08:00:00Z,-35.17609,-43.81842,0.0281,0.1312,151.20834,2013-05-30T00:00:00Z,SVP
118397,2015-05-24T09:00:00Z,-35.16663,-43.81358,0.1544,0.3488,111.583336,2013-05-30T00:00:00Z,SVP
118397,2015-05-24T10:00:00Z,-35.15449,-43.80713,-0.0756,0.4175,165.58333,2013-05-30T00:00:00Z,SVP
118397,2015-05-24T11:00:00Z,-35.1411,-43.80986,-0.0692,0.4277,82.791664,2013-05-30T00:00:00Z,SVP
118397,2015-05-24T12:00:00Z,-35.12924,-43.8101,0.006,0.3359,169.20834,2013-05-30T00:00:00Z,SVP
118397,2015-05-24T13:00:00Z,-35.11844,-43.81223,-0.2532,0.2934,111.583336,2013-05-30T00:00:00Z,SVP
118397,2015-05-24T14:00:00Z,-35.1096,-43.82283,-0.2784,0.2794,543.5834,2013-05-30T00:00:00Z,SVP
118397,2015-05-24T15:00:00Z,-35.10039,-43.83395,-0.2783,0.2798,543.5834,2013-05-30T00:00:00Z,SVP
118397,2015-05-24T16:00:00Z,-35.09081,-43.84487,-0.2789,0.2814,543.5834,2013-05-30T00:00:00Z,SVP
118397,2015-05-24T17:00:00Z,-35.08234,-43.8555,-0.2833,0.0658,252.0,2013-05-30T00:00:00Z,SVP
118397,2015-05-24T18:00:00Z,-35.08021,-43.86695,-0.2827,0.0639,252.0,2013-05-30T00:00:00Z,SVP
118397,2015-05-24T19:00:00Z,-35.07934,-43.87737,-0.2602,0.0143,154.79166,2013-05-30T00:00:00Z,SVP
118397,2015-05-24T20:00:00Z,-35.08045,-43.88705,-0.231,-0.069,129.58333,2013-05-30T00:00:00Z,SVP
118397,2015-05-24T21:00:00Z,-35.08414,-43.89503,-0.1865,-0.1381,122.416664,2013-05-30T00:00:00Z,SVP
118397,2015-05-24T22:00:00Z,-35.08919,-43.90009,-0.1139,-0.1604,129.58333,2013-05-30T00:00:00Z,SVP
118397,2015-05-24T23:00:00Z,-35.09211,-43.89812,0.0942,-0.0715,190.79166,2013-05-30T00:00:00Z,SVP
118397,2015-05-25T00:00:00Z,-35.09489,-43.89523,0.11,-0.13,129.58333,2013-05-30T00:00:00Z,SVP
118397,2015-05-25T01:00:00Z,-35.09951,-43.8896,0.1115,-0.1686,118.79167,2013-05-30T00:00:00Z,SVP
118397,2015-05-25T02:00:00Z,-35.10368,-43.8845,0.2394,-0.0509,136.79167,2013-05-30T00:00:00Z,SVP
118397,2015-05-25T03:00:00Z,-35.10354,-43.87426,0.2765,0.0421,262.79166,2013-05-30T00:00:00Z,SVP
118397,2015-05-25T04:00:00Z,-35.10275,-43.86293,0.2771,0.0425,262.79166,2013-05-30T00:00:00Z,SVP
118397,2015-05-25T05:00:00Z,-35.0986,-43.85237,0.2769,0.1229,273.58334,2013-05-30T00:00:00Z,SVP
118397,2015-05-25T06:00:00Z,-35.0947,-43.8417,0.2573,0.1769,136.79167,2013-05-30T00:00:00Z,SVP
118397,2015-05-25T07:00:00Z,-35.08853,-43.83171,0.2093,0.1663,115.208336,2013-05-30T00:00:00Z,SVP
118397,2015-05-25T08:00:00Z,-35.08287,-43.82368,0.1803,0.1651,151.20834,2013-05-30T00:00:00Z,SVP
118397,2015-05-25T09:00:00Z,-35.07687,-43.81708,0.1317,0.2118,64.791664,2013-05-30T00:00:00Z,SVP
118397,2015-05-25T10:00:00Z,-35.06995,-43.81223,0.1193,0.224,255.58333,2013-05-30T00:00:00Z,SVP
118397,2015-05-25T11:00:00Z,-35.06298,-43.80707,0.137,0.198,50.416664,2013-05-30T00:00:00Z,SVP
118397,2015-05-25T12:00:00Z,-35.05814,-43.80227,0.1113,0.1461,140.41666,2013-05-30T00:00:00Z,SVP
118397,2015-05-25T13:00:00Z,-35.05446,-43.80031,0.0255,0.0547,579.5834,2013-05-30T00:00:00Z,SVP
118397,2015-05-25T14:00:00Z,-35.05275,-43.7993,0.0259,0.0545,579.5834,2013-05-30T00:00:00Z,SVP
118397,2015-05-25T15:00:00Z,-35.05087,-43.79868,0.0249,0.0543,579.5834,2013-05-30T00:00:00Z,SVP
118397,2015-05-25T16:00:00Z,-35.04876,-43.799,0.0206,0.054,579.5834,2013-05-30T00:00:00Z,SVP
118397,2015-05-25T17:00:00Z,-35.04775,-43.79829,0.0313,0.0281,255.58333,2013-05-30T00:00:00Z,SVP
118397,2015-05-25T18:00:00Z,-35.04752,-43.79436,0.0373,0.0277,255.58333,2013-05-30T00:00:00Z,SVP
118397,2015-05-25T19:00:00Z,-35.04923,-43.79219,0.1092,-0.056,90.0,2013-05-30T00:00:00Z,SVP
118397,2015-05-25T20:00:00Z,-35.05018,-43.78713,0.1161,-0.0247,151.20834,2013-05-30T00:00:00Z,SVP
118397,2015-05-25T21:00:00Z,-35.05106,-43.78258,0.1214,-0.0062,93.583336,2013-05-30T00:00:00Z,SVP
118397,2015-05-25T22:00:00Z,-35.04958,-43.7775,0.1228,0.0986,61.208332,2013-05-30T00:00:00Z,SVP
118397,2015-05-25T23:00:00Z,-35.0477,-43.77297,0.1179,0.0639,241.20834,2013-05-30T00:00:00Z,SVP
118397,2015-05-26T00:00:00Z,-35.04691,-43.76754,0.1424,-0.0069,115.208336,2013-05-30T00:00:00Z,SVP
118397,2015-05-26T01:00:00Z,-35.04815,-43.75858,0.2737,-0.0662,111.583336,2013-05-30T00:00:00Z,SVP
118397,2015-05-26T02:00:00Z,-35.04972,-43.74666,0.2769,-0.0322,61.208332,2013-05-30T00:00:00Z,SVP
118397,2015-05-26T03:00:00Z,-35.04727,-43.73937,0.2554,0.2222,198.00002,2013-05-30T00:00:00Z,SVP
118397,2015-05-26T04:00:00Z,-35.04038,-43.72741,0.2404,0.2239,198.00002,2013-05-30T00:00:00Z,SVP
118397,2015-05-26T05:00:00Z,-35.0328,-43.71904,0.2143,0.234,241.20834,2013-05-30T00:00:00Z,SVP
118397,2015-05-26T06:00:00Z,-35.02528,-43.71049,0.1949,0.23,165.58333,2013-05-30T00:00:00Z,SVP
118397,2015-05-26T07:00:00Z,-35.01773,-43.70331,0.1287,0.2552,50.416664,2013-05-30T00:00:00Z,SVP
118397,2015-05-26T08:00:00Z,-35.00962,-43.6991,0.096,0.255,190.79166,2013-05-30T00:00:00Z,SVP
118397,2015-05-26T09:00:00Z,-35.00253,-43.69457,0.1159,0.155,201.58334,2013-05-30T00:00:00Z,SVP
118397,2015-05-26T10:00:00Z,-34.9974,-43.69034,0.1144,0.1573,201.58334,2013-05-30T00:00:00Z,SVP
118397,2015-05-26T11:00:00Z,-34.9912,-43.68727,0.0579,0.2181,133.20833,2013-05-30T00:00:00Z,SVP
118397,2015-05-26T12:00:00Z,-34.98462,-43.68528,0.0426,0.2041,122.416664,2013-05-30T00:00:00Z,SVP
118397,2015-05-26T13:00:00Z,-34.97857,-43.68304,0.0805,0.1849,140.41666,2013-05-30T00:00:00Z,SVP
118397,2015-05-26T14:00:00Z,-34.97275,-43.67898,0.1368,0.1699,453.5833,2013-05-30T00:00:00Z,SVP
118397,2015-05-26T15:00:00Z,-34.96677,-43.67342,0.139,0.17,453.5833,2013-05-30T00:00:00Z,SVP
118397,2015-05-26T16:00:00Z,-34.96068,-43.66876,0.137,0.1696,453.5833,2013-05-30T00:00:00Z,SVP
118397,2015-05-26T17:00:00Z,-34.95501,-43.65996,0.2896,0.1841,252.0,2013-05-30T00:00:00Z,SVP
118397,2015-05-26T18:00:00Z,-34.95053,-43.6484,0.2902,0.1835,252.0,2013-05-30T00:00:00Z,SVP
118397,2015-05-26T19:00:00Z,-34.94291,-43.63618,0.311,0.1918,165.58333,2013-05-30T00:00:00Z,SVP
118397,2015-05-26T20:00:00Z,-34.93531,-43.62438,0.2963,0.2656,190.79166,2013-05-30T00:00:00Z,SVP
118397,2015-05-26T21:00:00Z,-34.92662,-43.61238,0.317,0.2904,57.583332,2013-05-30T00:00:00Z,SVP
118397,2015-05-26T22:00:00Z,-34.91826,-43.60179,0.2577,0.2422,295.20834,2013-05-30T00:00:00Z,SVP
118397,2015-05-26T23:00:00Z,-34.91024,-43.58971,0.2645,0.2402,295.20834,2013-05-30T00:00:00Z,SVP
118397,2015-05-27T00:00:00Z,-34.9026,-43.58492,0.0297,0.3325,255.58333,2013-05-30T00:00:00Z,SVP
118397,2015-05-27T01:00:00Z,-34.891,-43.58374,0.0298,0.3373,255.58333,2013-05-30T00:00:00Z,SVP
118397,2015-05-27T02:00:00Z,-34.87987,-43.58348,0.002,0.3576,115.208336,2013-05-30T00:00:00Z,SVP
118397,2015-05-27T03:00:00Z,-34.86954,-43.59252,-0.2634,0.2857,230.41667,2013-05-30T00:00:00Z,SVP
118397,2015-05-27T04:00:00Z,-34.85818,-43.60197,-0.3255,0.2375,241.20834,2013-05-30T00:00:00Z,SVP
118397,2015-05-27T05:00:00Z,-34.85179,-43.61438,-0.3286,0.2457,241.20834,2013-05-30T00:00:00Z,SVP
118397,2015-05-27T06:00:00Z,-34.84386,-43.6278,-0.3691,0.2473,165.58333,2013-05-30T00:00:00Z,SVP
118397,2015-05-27T07:00:00Z,-34.83565,-43.64214,-0.3625,0.2076,237.58334,2013-05-30T00:00:00Z,SVP
118397,2015-05-27T08:00:00Z,-34.82927,-43.65738,-0.3696,0.1963,237.58334,2013-05-30T00:00:00Z,SVP
118397,2015-05-27T09:00:00Z,-34.82624,-43.66998,-0.3304,0.107,320.41666,2013-05-30T00:00:00Z,SVP
118397,2015-05-27T10:00:00Z,-34.82336,-43.68216,-0.3311,0.1089,320.41666,2013-05-30T00:00:00Z,SVP
118397,2015-05-27T11:00:00Z,-34.81942,-43.69531,-0.3064,0.1027,126.0,2013-05-30T00:00:00Z,SVP
118397,2015-05-27T12:00:00Z,-34.81612,-43.70498,-0.2376,0.0963,129.58333,2013-05-30T00:00:00Z,SVP
118397,2015-05-27T13:00:00Z,-34.8145,-43.71398,-0.2135,0.056,133.20833,2013-05-30T00:00:00Z,SVP
118397,2015-05-27T14:00:00Z,-34.8151,-43.72569,-0.3285,-0.06,374.41666,2013-05-30T00:00:00Z,SVP
118397,2015-05-27T15:00:00Z,-34.81737,-43.7386,-0.3292,-0.0598,374.41666,2013-05-30T00:00:00Z,SVP
118397,2015-05-27T16:00:00Z,-34.81925,-43.75059,-0.329,-0.0603,374.41666,2013-05-30T00:00:00Z,SVP
118397,2015-05-27T17:00:00Z,-34.82153,-43.76432,-0.3644,-0.0898,237.58334,2013-05-30T00:00:00Z,SVP
118397,2015-05-27T18:00:00Z,-34.82412,-43.77927,-0.3338,-0.0934,162.0,2013-05-30T00:00:00Z,SVP
118397,2015-05-27T19:00:00Z,-34.82734,-43.79167,-0.315,-0.0523,54.000004,2013-05-30T00:00:00Z,SVP
118397,2015-05-27T20:00:00Z,-34.8281,-43.80474,-0.3451,-0.0024,183.58333,2013-05-30T00:00:00Z,SVP
118397,2015-05-27T21:00:00Z,-34.82799,-43.81863,-0.3549,0.0131,223.20834,2013-05-30T00:00:00Z,SVP
118397,2015-05-27T22:00:00Z,-34.82843,-43.832,-0.3485,-3.0E-4,223.20834,2013-05-30T00:00:00Z,SVP
118397,2015-05-27T23:00:00Z,-34.82829,-43.84745,-0.4301,-0.0544,147.58333,2013-05-30T00:00:00Z,SVP
118397,2015-05-28T00:00:00Z,-34.83,-43.86471,-0.505,-0.0383,93.583336,2013-05-30T00:00:00Z,SVP
118397,2015-05-28T01:00:00Z,-34.83074,-43.88487,-0.5173,-0.0085,140.41666,2013-05-30T00:00:00Z,SVP
118397,2015-05-28T02:00:00Z,-34.83174,-43.90379,-0.472,-0.0463,118.79167,2013-05-30T00:00:00Z,SVP
118397,2015-05-28T03:00:00Z,-34.83372,-43.92309,-0.4808,-0.0633,248.41667,2013-05-30T00:00:00Z,SVP
118397,2015-05-28T04:00:00Z,-34.83588,-43.94207,-0.5248,-0.0688,241.20834,2013-05-30T00:00:00Z,SVP
118397,2015-05-28T05:00:00Z,-34.83796,-43.96315,-0.5262,-0.0689,241.20834,2013-05-30T00:00:00Z,SVP
118397,2015-05-28T06:00:00Z,-34.84119,-43.98501,-0.5673,-0.1093,151.20834,2013-05-30T00:00:00Z,SVP
118397,2015-05-28T07:00:00Z,-34.845,-44.00696,-0.5605,-0.1323,172.79166,2013-05-30T00:00:00Z,SVP
118397,2015-05-28T08:00:00Z,-34.84645,-44.02949,-0.5922,-0.0382,75.583336,2013-05-30T00:00:00Z,SVP
118397,2015-05-28T09:00:00Z,-34.84746,-44.06022,-0.7533,0.0138,172.79166,2013-05-30T00:00:00Z,SVP
118397,2015-05-28T10:00:00Z,-34.84807,-44.08542,-0.6004,-0.0259,57.583332,2013-05-30T00:00:00Z,SVP
118397,2015-05-28T11:00:00Z,-34.84877,-44.10845,-0.5809,-0.0096,140.41666,2013-05-30T00:00:00Z,SVP
118397,2015-05-28T12:00:00Z,-34.84877,-44.1312,-0.6828,0.0451,133.20833,2013-05-30T00:00:00Z,SVP
118397,2015-05-28T13:00:00Z,-34.84755,-44.1592,-0.719,0.0265,108.00001,2013-05-30T00:00:00Z,SVP
118397,2015-05-28T14:00:00Z,-34.8462,-44.18776,-0.6634,0.0062,403.2083,2013-05-30T00:00:00Z,SVP
118397,2015-05-28T15:00:00Z,-34.84799,-44.21329,-0.6663,-0.0112,403.2083,2013-05-30T00:00:00Z,SVP
118397,2015-05-28T16:00:00Z,-34.85047,-44.2393,-0.6679,-0.022,403.2083,2013-05-30T00:00:00Z,SVP
118397,2015-05-28T17:00:00Z,-34.84619,-44.26597,-0.6538,0.1014,237.58334,2013-05-30T00:00:00Z,SVP
118397,2015-05-28T18:00:00Z,-34.84243,-44.29194,-0.6653,0.1223,172.79166,2013-05-30T00:00:00Z,SVP
118397,2015-05-28T19:00:00Z,-34.83888,-44.31745,-0.6248,0.1249,93.583336,2013-05-30T00:00:00Z,SVP
118397,2015-05-28T20:00:00Z,-34.83446,-44.34198,-0.6262,0.1392,136.79167,2013-05-30T00:00:00Z,SVP
118397,2015-05-28T21:00:00Z,-34.8297,-44.3668,-0.6549,0.1452,252.0,2013-05-30T00:00:00Z,SVP
118397,2015-05-28T22:00:00Z,-34.82545,-44.39263,-0.6562,0.1476,252.0,2013-05-30T00:00:00Z,SVP
118397,2015-05-28T23:00:00Z,-34.82082,-44.42082,-0.7039,0.1364,205.20834,2013-05-30T00:00:00Z,SVP
118397,2015-05-29T00:00:00Z,-34.818,-44.44986,-0.7474,0.0872,104.41666,2013-05-30T00:00:00Z,SVP
118397,2015-05-29T01:00:00Z,-34.81528,-44.47989,-0.6418,0.1554,111.583336,2013-05-30T00:00:00Z,SVP
118397,2015-05-29T02:00:00Z,-34.80987,-44.50504,-0.6402,0.1435,269.99997,2013-05-30T00:00:00Z,SVP
118397,2015-05-29T03:00:00Z,-34.80502,-44.52948,-0.6462,0.1407,269.99997,2013-05-30T00:00:00Z,SVP
118397,2015-05-29T04:00:00Z,-34.80079,-44.55547,-0.7005,0.1058,255.58333,2013-05-30T00:00:00Z,SVP
118397,2015-05-29T05:00:00Z,-34.79756,-44.58356,-0.701,0.1046,255.58333,2013-05-30T00:00:00Z,SVP
118397,2015-05-29T06:00:00Z,-34.79474,-44.61432,-0.7738,0.123,0.0,2013-05-30T00:00:00Z,SVP
118397,2015-05-29T07:00:00Z,-34.78851,-44.62737,-0.5332,0.1711,248.41667,2013-05-30T00:00:00Z,SVP
118397,2015-05-29T08:00:00Z,-34.78208,-44.64815,-0.5576,0.3045,158.41667,2013-05-30T00:00:00Z,SVP
118397,2015-05-29T09:00:00Z,-34.77167,-44.66974,-0.5055,0.3392,109.791664,2013-05-30T00:00:00Z,SVP
118397,2015-05-29T10:00:00Z,-34.7607,-44.68796,-0.4212,0.3378,138.58333,2013-05-30T00:00:00Z,SVP
118397,2015-05-29T11:00:00Z,-34.74872,-44.70349,-0.3608,0.3961,154.79166,2013-05-30T00:00:00Z,SVP
118397,2015-05-29T12:00:00Z,-34.73491,-44.71981,-0.4157,0.4469,140.41666,2013-05-30T00:00:00Z,SVP
118397,2015-05-29T13:00:00Z,-34.72108,-44.74475,-0.6236,0.3957,118.79167,2013-05-30T00:00:00Z,SVP
118397,2015-05-29T14:00:00Z,-34.71019,-44.76915,-0.6584,0.3337,421.20834,2013-05-30T00:00:00Z,SVP
118397,2015-05-29T15:00:00Z,-34.70001,-44.7948,-0.6556,0.3315,421.20834,2013-05-30T00:00:00Z,SVP
118397,2015-05-29T16:00:00Z,-34.69105,-44.81972,-0.5967,0.2969,233.99998,2013-05-30T00:00:00Z,SVP
118397,2015-05-29T17:00:00Z,-34.67831,-44.82239,-0.4826,0.3219,233.99998,2013-05-30T00:00:00Z,SVP
118397,2015-05-29T18:00:00Z,-34.66973,-44.84738,-0.8619,0.1892,262.79166,2013-05-30T00:00:00Z,SVP
118397,2015-05-29T19:00:00Z,-34.6651,-44.88192,-0.8508,0.2274,262.79166,2013-05-30T00:00:00Z,SVP
118397,2015-05-29T20:00:00Z,-34.65669,-44.91019,-0.4775,0.2058,54.000004,2013-05-30T00:00:00Z,SVP
118397,2015-05-29T21:00:00Z,-34.64978,-44.92911,-0.4604,0.2138,228.58334,2013-05-30T00:00:00Z,SVP
118397,2015-05-29T22:00:00Z,-34.64432,-44.94693,-0.4236,0.3718,297.0,2013-05-30T00:00:00Z,SVP
118397,2015-05-29T23:00:00Z,-34.63231,-44.96374,-0.4197,0.3756,297.0,2013-05-30T00:00:00Z,SVP
118397,2015-05-30T00:00:00Z,-34.61994,-44.97899,-0.333,0.4114,140.41666,2013-05-30T00:00:00Z,SVP
118397,2015-05-30T01:00:00Z,-34.60513,-44.98939,-0.2405,0.4564,118.79167,2013-05-30T00:00:00Z,SVP
118397,2015-05-30T02:00:00Z,-34.59037,-44.9978,-0.1828,0.4446,133.20833,2013-05-30T00:00:00Z,SVP
118397,2015-05-30T03:00:00Z,-34.57647,-45.0048,-0.166,0.4356,165.58333,2013-05-30T00:00:00Z,SVP
118397,2015-05-30T04:00:00Z,-34.56172,-45.01016,-0.1444,0.4507,237.58334,2013-05-30T00:00:00Z,SVP
118397,2015-05-30T05:00:00Z,-34.54781,-45.01967,-0.1782,0.4517,237.58334,2013-05-30T00:00:00Z,SVP
118397,2015-05-30T06:00:00Z,-34.52992,-45.0156,-0.0719,0.5173,158.41667,2013-05-30T00:00:00Z,SVP
118397,2015-05-30T07:00:00Z,-34.51322,-45.01815,0.0093,0.533,176.41667,2013-05-30T00:00:00Z,SVP
118397,2015-05-30T08:00:00Z,-34.49451,-45.01883,-0.0542,0.647,68.416664,2013-05-30T00:00:00Z,SVP
118397,2015-05-30T09:00:00Z,-34.47394,-45.02093,0.1048,0.5507,72.0,2013-05-30T00:00:00Z,SVP
118397,2015-05-30T10:00:00Z,-34.45708,-45.01458,-0.0226,0.5324,190.79166,2013-05-30T00:00:00Z,SVP
118397,2015-05-30T11:00:00Z,-34.44018,-45.01651,0.0036,0.535,190.79166,2013-05-30T00:00:00Z,SVP
118397,2015-05-30T12:00:00Z,-34.42119,-45.01451,0.0646,0.6045,0.0,2013-05-30T00:00:00Z,SVP
118397,2015-05-30T13:00:00Z,-34.40368,-45.01069,0.16,0.4458,457.20834,2013-05-30T00:00:00Z,SVP
118397,2015-05-30T14:00:00Z,-34.38937,-45.00437,0.1608,0.4426,457.20834,2013-05-30T00:00:00Z,SVP
118397,2015-05-30T15:00:00Z,-34.36972,-44.9989,0.1565,0.5077,457.20834,2013-05-30T00:00:00Z,SVP
118397,2015-05-30T16:00:00Z,-34.3543,-45.00755,0.2175,0.2284,241.20834,2013-05-30T00:00:00Z,SVP
118397,2015-05-30T17:00:00Z,-34.35029,-44.98461,0.1694,0.3913,241.20834,2013-05-30T00:00:00Z,SVP
118397,2015-05-30T18:00:00Z,-34.33745,-44.98518,-0.1384,0.3443,162.0,2013-05-30T00:00:00Z,SVP
118397,2015-05-30T19:00:00Z,-34.32322,-44.98958,-0.1075,0.421,90.0,2013-05-30T00:00:00Z,SVP
118397,2015-05-30T20:00:00Z,-34.30633,-44.99028,0.0487,0.5385,90.0,2013-05-30T00:00:00Z,SVP
118397,2015-05-30T21:00:00Z,-34.2893,-44.98677,0.039,0.5681,151.20834,2013-05-30T00:00:00Z,SVP
118397,2015-05-30T22:00:00Z,-34.27221,-44.98971,-0.116,0.5327,259.20834,2013-05-30T00:00:00Z,SVP
118397,2015-05-30T23:00:00Z,-34.25543,-44.99404,-0.1171,0.5325,259.20834,2013-05-30T00:00:00Z,SVP
118397,2015-05-31T00:00:00Z,-34.23676,-45.00015,-0.1851,0.5893,136.79167,2013-05-30T00:00:00Z,SVP
118397,2015-05-31T01:00:00Z,-34.21763,-45.01001,-0.2568,0.6016,115.208336,2013-05-30T00:00:00Z,SVP
118397,2015-05-31T02:00:00Z,-34.20061,-45.01812,-0.1594,0.4687,108.00001,2013-05-30T00:00:00Z,SVP
118397,2015-05-31T03:00:00Z,-34.18645,-45.02376,0.0274,0.3549,82.791664,2013-05-30T00:00:00Z,SVP
118397,2015-05-31T04:00:00Z,-34.17533,-45.03032,-0.1854,0.3308,244.79167,2013-05-30T00:00:00Z,SVP
118397,2015-05-31T05:00:00Z,-34.16415,-45.0226,-0.6179,0.3583,158.41667,2013-05-30T00:00:00Z,SVP
118397,2015-05-31T06:00:00Z,-34.15345,-45.04703,-0.364,0.3417,86.41667,2013-05-30T00:00:00Z,SVP
118397,2015-05-31T07:00:00Z,-34.14225,-45.05865,-0.1723,0.344,111.583336,2013-05-30T00:00:00Z,SVP
118397,2015-05-31T08:00:00Z,-34.13114,-45.06578,-0.1784,0.3353,136.79167,2013-05-30T00:00:00Z,SVP
118397,2015-05-31T09:00:00Z,-34.12051,-45.07286,-0.1213,0.2847,104.41666,2013-05-30T00:00:00Z,SVP
118397,2015-05-31T10:00:00Z,-34.11072,-45.07672,-0.1083,0.3189,246.58333,2013-05-30T00:00:00Z,SVP
118397,2015-05-31T11:00:00Z,-34.10014,-45.08114,-0.0877,0.3536,109.791664,2013-05-30T00:00:00Z,SVP
118397,2015-05-31T12:00:00Z,-34.08717,-45.08421,-0.0776,0.4446,122.416664,2013-05-30T00:00:00Z,SVP
118397,2015-05-31T13:00:00Z,-34.07223,-45.08654,-0.0399,0.4749,126.0,2013-05-30T00:00:00Z,SVP
118397,2015-05-31T14:00:00Z,-34.05636,-45.08761,-0.0171,0.497,349.20834,2013-05-30T00:00:00Z,SVP
118397,2015-05-31T15:00:00Z,-34.04054,-45.08824,-0.0171,0.4967,349.20834,2013-05-30T00:00:00Z,SVP
118397,2015-05-31T16:00:00Z,-34.02437,-45.08828,-0.0031,0.5021,233.99998,2013-05-30T00:00:00Z,SVP
118397,2015-05-31T17:00:00Z,-34.00766,-45.08922,-0.0011,0.5009,233.99998,2013-05-30T00:00:00Z,SVP
118397,2015-05-31T18:00:00Z,-33.99179,-45.08883,0.0095,0.4974,302.4167,2013-05-30T00:00:00Z,SVP
118397,2015-05-31T19:00:00Z,-33.97575,-45.08713,0.0143,0.4971,302.4167,2013-05-30T00:00:00Z,SVP
118397,2015-05-31T20:00:00Z,-33.95964,-45.09573,-0.2563,0.4927,86.41667,2013-05-30T00:00:00Z,SVP
118397,2015-05-31T21:00:00Z,-33.94528,-45.10136,-0.0862,0.3971,111.583336,2013-05-30T00:00:00Z,SVP
118397,2015-05-31T22:00:00Z,-33.93296,-45.10338,0.0025,0.3593,116.99999,2013-05-30T00:00:00Z,SVP
118397,2015-05-31T23:00:00Z,-33.92278,-45.10328,-0.0321,0.3078,113.41666,2013-05-30T00:00:00Z,SVP
118397,2015-06-01T00:00:00Z,-33.91204,-45.10854,-0.1059,0.3266,147.58333,2013-05-30T00:00:00Z,SVP
118397,2015-06-01T01:00:00Z,-33.90008,-45.10889,0.0576,0.3728,147.58333,2013-05-30T00:00:00Z,SVP
118397,2015-06-01T02:00:00Z,-33.88776,-45.10524,0.1462,0.3807,111.583336,2013-05-30T00:00:00Z,SVP
118397,2015-06-01T03:00:00Z,-33.87432,-45.09745,0.2725,0.4762,262.79166,2013-05-30T00:00:00Z,SVP
118397,2015-06-01T04:00:00Z,-33.85895,-45.08829,0.2567,0.4756,262.79166,2013-05-30T00:00:00Z,SVP
118397,2015-06-01T05:00:00Z,-33.84266,-45.07693,0.3399,0.5063,147.58333,2013-05-30T00:00:00Z,SVP
118397,2015-06-01T06:00:00Z,-33.82565,-45.06228,0.4174,0.5699,90.0,2013-05-30T00:00:00Z,SVP
118397,2015-06-01T07:00:00Z,-33.80714,-45.04487,0.4998,0.5809,162.0,2013-05-30T00:00:00Z,SVP
118397,2015-06-01T08:00:00Z,-33.78873,-45.0253,0.4989,0.5656,100.79167,2013-05-30T00:00:00Z,SVP
118397,2015-06-01T09:00:00Z,-33.76961,-45.00863,0.3767,0.5928,136.79167,2013-05-30T00:00:00Z,SVP
118397,2015-06-01T10:00:00Z,-33.75178,-44.994,0.3861,0.5027,104.41666,2013-05-30T00:00:00Z,SVP
118397,2015-06-01T11:00:00Z,-33.73523,-44.98007,0.3186,0.4683,118.79167,2013-05-30T00:00:00Z,SVP
118397,2015-06-01T12:00:00Z,-33.72052,-44.9706,0.3409,0.4223,151.20834,2013-05-30T00:00:00Z,SVP
118397,2015-06-01T13:00:00Z,-33.7079,-44.95716,0.5164,0.3651,108.00001,2013-05-30T00:00:00Z,SVP
118397,2015-06-01T14:00:00Z,-33.69463,-44.93758,0.5303,0.3041,489.58334,2013-05-30T00:00:00Z,SVP
118397,2015-06-01T15:00:00Z,-33.6856,-44.91671,0.5305,0.2979,489.58334,2013-05-30T00:00:00Z,SVP
118397,2015-06-01T16:00:00Z,-33.67535,-44.89611,0.5308,0.2981,489.58334,2013-05-30T00:00:00Z,SVP
118397,2015-06-01T17:00:00Z,-33.66392,-44.87573,0.567,0.1795,255.58333,2013-05-30T00:00:00Z,SVP
118397,2015-06-01T18:00:00Z,-33.65889,-44.85336,0.5708,0.191,255.58333,2013-05-30T00:00:00Z,SVP
118397,2015-06-01T19:00:00Z,-33.65309,-44.83035,0.6301,0.1531,165.58333,2013-05-30T00:00:00Z,SVP
118397,2015-06-01T20:00:00Z,-33.64833,-44.80467,0.6497,0.1351,90.0,2013-05-30T00:00:00Z,SVP
118397,2015-06-01T21:00:00Z,-33.64428,-44.77938,0.6595,0.118,171.0,2013-05-30T00:00:00Z,SVP
118397,2015-06-01T22:00:00Z,-33.64033,-44.75292,0.7254,0.1319,77.41667,2013-05-30T00:00:00Z,SVP
118397,2015-06-01T23:00:00Z,-33.63694,-44.72273,0.768,0.104,255.58333,2013-05-30T00:00:00Z,SVP
118397,2015-06-02T00:00:00Z,-33.63384,-44.69261,0.793,0.0773,97.20833,2013-05-30T00:00:00Z,SVP
118397,2015-06-02T01:00:00Z,-33.63248,-44.66382,0.6991,0.0059,122.416664,2013-05-30T00:00:00Z,SVP
118397,2015-06-02T02:00:00Z,-33.63365,-44.64194,0.6052,-0.0228,133.20833,2013-05-30T00:00:00Z,SVP
118397,2015-06-02T03:00:00Z,-33.63691,-44.61214,0.7798,-0.1109,262.79166,2013-05-30T00:00:00Z,SVP
118397,2015-06-02T04:00:00Z,-33.64052,-44.58243,0.7796,-0.1108,262.79166,2013-05-30T00:00:00Z,SVP
118397,2015-06-02T05:00:00Z,-33.64345,-44.55305,0.7289,-0.0714,219.58333,2013-05-30T00:00:00Z,SVP
118397,2015-06-02T06:00:00Z,-33.64669,-44.52229,0.6849,-0.0383,0.0,2013-05-30T00:00:00Z,SVP
118397,2015-06-02T07:00:00Z,-33.64693,-44.49753,0.6989,-0.0388,180.0,2013-05-30T00:00:00Z,SVP
118397,2015-06-02T08:00:00Z,-33.65154,-44.47104,0.6531,-0.2216,100.79167,2013-05-30T00:00:00Z,SVP
118397,2015-06-02T09:00:00Z,-33.65791,-44.4474,0.5572,-0.128,75.583336,2013-05-30T00:00:00Z,SVP
118397,2015-06-02T10:00:00Z,-33.66185,-44.42709,0.4501,-0.1821,154.79166,2013-05-30T00:00:00Z,SVP
118397,2015-06-02T11:00:00Z,-33.66817,-44.40885,0.4694,-0.2423,108.00001,2013-05-30T00:00:00Z,SVP
118397,2015-06-02T12:00:00Z,-33.67644,-44.39068,0.4886,-0.2735,140.41666,2013-05-30T00:00:00Z,SVP
118397,2015-06-02T13:00:00Z,-33.6854,-44.37212,0.4496,-0.2826,115.208336,2013-05-30T00:00:00Z,SVP
118397,2015-06-02T14:00:00Z,-33.69446,-44.35422,0.4362,-0.2749,507.5833,2013-05-30T00:00:00Z,SVP
118397,2015-06-02T15:00:00Z,-33.70334,-44.33764,0.4364,-0.2748,507.5833,2013-05-30T00:00:00Z,SVP
118397,2015-06-02T16:00:00Z,-33.71231,-44.32105,0.4368,-0.2746,507.5833,2013-05-30T00:00:00Z,SVP
118397,2015-06-02T17:00:00Z,-33.72169,-44.30417,0.4738,-0.2833,255.58333,2013-05-30T00:00:00Z,SVP
118397,2015-06-02T18:00:00Z,-33.73056,-44.28527,0.4723,-0.2835,255.58333,2013-05-30T00:00:00Z,SVP
118397,2015-06-02T19:00:00Z,-33.74002,-44.26656,0.4899,-0.2948,144.0,2013-05-30T00:00:00Z,SVP
118397,2015-06-02T20:00:00Z,-33.74913,-44.24881,0.3673,-0.3417,165.58333,2013-05-30T00:00:00Z,SVP
118397,2015-06-02T21:00:00Z,-33.76155,-44.23402,0.3677,-0.3337,165.58333,2013-05-30T00:00:00Z,SVP
118397,2015-06-02T22:00:00Z,-33.77231,-44.22098,0.3418,-0.3294,259.20834,2013-05-30T00:00:00Z,SVP
118397,2015-06-02T23:00:00Z,-33.78455,-44.20728,0.3413,-0.344,259.20834,2013-05-30T00:00:00Z,SVP
118397,2015-06-03T00:00:00Z,-33.79352,-44.195,0.324,-0.3277,126.0,2013-05-30T00:00:00Z,SVP
118397,2015-06-03T01:00:00Z,-33.81238,-44.19321,0.4486,-0.5667,118.79167,2013-05-30T00:00:00Z,SVP
118397,2015-06-03T02:00:00Z,-33.82745,-44.17785,0.2864,-0.4144,129.58333,2013-05-30T00:00:00Z,SVP
118397,2015-06-03T03:00:00Z,-33.83725,-44.16507,0.2512,-0.5211,262.79166,2013-05-30T00:00:00Z,SVP
118397,2015-06-03T04:00:00Z,-33.85534,-44.15725,0.2579,-0.4901,262.79166,2013-05-30T00:00:00Z,SVP
118397,2015-06-03T05:00:00Z,-33.87093,-44.14606,0.3062,-0.517,241.20834,2013-05-30T00:00:00Z,SVP
118397,2015-06-03T06:00:00Z,-33.88747,-44.13326,0.3155,-0.472,158.41667,2013-05-30T00:00:00Z,SVP
118397,2015-06-03T07:00:00Z,-33.90218,-44.12224,0.3119,-0.4677,158.41667,2013-05-30T00:00:00Z,SVP
118397,2015-06-03T08:00:00Z,-33.91628,-44.11158,0.1791,-0.4424,169.20834,2013-05-30T00:00:00Z,SVP
118397,2015-06-03T09:00:00Z,-33.92999,-44.10481,0.1587,-0.3756,72.0,2013-05-30T00:00:00Z,SVP
118397,2015-06-03T10:00:00Z,-33.94195,-44.09828,0.2004,-0.3434,180.0,2013-05-30T00:00:00Z,SVP
118397,2015-06-03T11:00:00Z,-33.95422,-44.08945,0.3119,-0.3809,61.208332,2013-05-30T00:00:00Z,SVP
118397,2015-06-03T12:00:00Z,-33.96885,-44.07883,0.2346,-0.4483,133.20833,2013-05-30T00:00:00Z,SVP
118397,2015-06-03T13:00:00Z,-33.98282,-44.07112,0.2244,-0.3892,539.99994,2013-05-30T00:00:00Z,SVP
118397,2015-06-03T14:00:00Z,-33.99546,-44.06178,0.2239,-0.3892,539.99994,2013-05-30T00:00:00Z,SVP
118397,2015-06-03T15:00:00Z,-34.00813,-44.05287,0.2237,-0.3891,539.99994,2013-05-30T00:00:00Z,SVP
118397,2015-06-03T16:00:00Z,-34.02087,-44.04407,0.2236,-0.389,539.99994,2013-05-30T00:00:00Z,SVP
118397,2015-06-03T17:00:00Z,-34.03288,-44.03529,0.2324,-0.3717,255.58333,2013-05-30T00:00:00Z,SVP
118397,2015-06-03T18:00:00Z,-34.04435,-44.02635,0.2318,-0.3672,255.58333,2013-05-30T00:00:00Z,SVP
118397,2015-06-03T19:00:00Z,-34.0531,-44.0171,0.2412,-0.3286,54.000004,2013-05-30T00:00:00Z,SVP
118397,2015-06-03T20:00:00Z,-34.06384,-44.00764,0.2426,-0.3453,237.58334,2013-05-30T00:00:00Z,SVP
118397,2015-06-03T21:00:00Z,-34.07504,-43.99833,0.23,-0.3251,43.208336,2013-05-30T00:00:00Z,SVP
118397,2015-06-03T22:00:00Z,-34.08966,-43.99236,0.1375,-0.4839,158.41667,2013-05-30T00:00:00Z,SVP
118397,2015-06-03T23:00:00Z,-34.1061,-43.98745,0.1354,-0.1282,122.416664,2013-05-30T00:00:00Z,SVP
118397,2015-06-04T00:00:00Z,-34.10691,-43.98157,0.159,-0.269,144.0,2013-05-30T00:00:00Z,SVP
118397,2015-06-04T01:00:00Z,-34.11551,-43.97586,0.142,-0.2485,108.00001,2013-05-30T00:00:00Z,SVP
118397,2015-06-04T02:00:00Z,-34.12176,-43.96964,0.1959,-0.1421,126.0,2013-05-30T00:00:00Z,SVP
118397,2015-06-04T03:00:00Z,-34.12619,-43.96164,0.1943,-0.132,291.58334,2013-05-30T00:00:00Z,SVP
118397,2015-06-04T04:00:00Z,-34.13021,-43.95222,0.1886,-0.1333,291.58334,2013-05-30T00:00:00Z,SVP
118397,2015-06-04T05:00:00Z,-34.13423,-43.94714,0.1138,-0.1166,248.41667,2013-05-30T00:00:00Z,SVP
118397,2015-06-04T06:00:00Z,-34.1379,-43.94357,0.0431,-0.0721,154.79166,2013-05-30T00:00:00Z,SVP
118397,2015-06-04T07:00:00Z,-34.13955,-43.9419,0.0224,-0.0497,241.20834,2013-05-30T00:00:00Z,SVP
118397,2015-06-04T08:00:00Z,-34.14149,-43.94124,0.0228,-0.0495,241.20834,2013-05-30T00:00:00Z,SVP
118397,2015-06-04T09:00:00Z,-34.14381,-43.94014,-0.0131,-0.1472,244.79167,2013-05-30T00:00:00Z,SVP
118397,2015-06-04T10:00:00Z,-34.14883,-43.94116,-0.0168,-0.1523,244.79167,2013-05-30T00:00:00Z,SVP
118397,2015-06-04T11:00:00Z,-34.15534,-43.94134,0.0872,0.041,136.79167,2013-05-30T00:00:00Z,SVP
118397,2015-06-04T12:00:00Z,-34.15582,-43.93384,0.0651,0.0725,691.2083,2013-05-30T00:00:00Z,SVP
118397,2015-06-04T13:00:00Z,-34.15308,-43.93352,0.0757,0.0729,691.2083,2013-05-30T00:00:00Z,SVP
118397,2015-06-04T14:00:00Z,-34.15069,-43.93087,0.0771,0.0731,691.2083,2013-05-30T00:00:00Z,SVP
118397,2015-06-04T15:00:00Z,-34.14842,-43.92786,0.077,0.0732,691.2083,2013-05-30T00:00:00Z,SVP
118397,2015-06-04T16:00:00Z,-34.1463,-43.92471,0.0756,0.0734,691.2083,2013-05-30T00:00:00Z,SVP
118397,2015-06-04T17:00:00Z,-34.1375,-43.92242,0.0347,0.467,233.99998,2013-05-30T00:00:00Z,SVP
118397,2015-06-04T18:00:00Z,-34.12044,-43.92086,0.0344,0.2028,233.99998,2013-05-30T00:00:00Z,SVP
118397,2015-06-04T19:00:00Z,-34.10809,-43.92751,-0.201,0.3976,97.20833,2013-05-30T00:00:00Z,SVP
118397,2015-06-04T20:00:00Z,-34.0967,-43.93484,-0.1429,0.3088,133.20833,2013-05-30T00:00:00Z,SVP
118397,2015-06-04T21:00:00Z,-34.09096,-43.93674,-6.0E-4,0.1233,158.41667,2013-05-30T00:00:00Z,SVP
118397,2015-06-04T22:00:00Z,-34.08737,-43.93604,0.1071,0.0842,104.41666,2013-05-30T00:00:00Z,SVP
118397,2015-06-04T23:00:00Z,-34.08465,-43.92903,0.2426,0.0808,133.20833,2013-05-30T00:00:00Z,SVP
118397,2015-06-05T00:00:00Z,-34.08401,-43.91849,0.2804,0.011,126.0,2013-05-30T00:00:00Z,SVP
118397,2015-06-05T01:00:00Z,-34.08584,-43.90729,0.2081,-0.1084,136.79167,2013-05-30T00:00:00Z,SVP
118397,2015-06-05T02:00:00Z,-34.08778,-43.89897,0.217,-0.0635,118.79167,2013-05-30T00:00:00Z,SVP
118397,2015-06-05T03:00:00Z,-34.09034,-43.89123,0.2238,-0.0378,190.79166,2013-05-30T00:00:00Z,SVP
118397,2015-06-05T04:00:00Z,-34.09182,-43.88113,0.1936,-0.0372,244.79167,2013-05-30T00:00:00Z,SVP
118397,2015-06-05T05:00:00Z,-34.09298,-43.8741,0.1968,-0.039,244.79167,2013-05-30T00:00:00Z,SVP
118397,2015-06-05T06:00:00Z,-34.09463,-43.86698,0.1636,-0.0594,126.0,2013-05-30T00:00:00Z,SVP
118397,2015-06-05T07:00:00Z,-34.09667,-43.86142,0.1132,-0.0592,291.58334,2013-05-30T00:00:00Z,SVP
118397,2015-06-05T08:00:00Z,-34.09825,-43.8567,0.1118,-0.0596,291.58334,2013-05-30T00:00:00Z,SVP
118397,2015-06-05T09:00:00Z,-34.10078,-43.85333,0.0765,-0.0687,244.79167,2013-05-30T00:00:00Z,SVP
118397,2015-06-05T10:00:00Z,-34.10302,-43.85084,0.0759,-0.0703,244.79167,2013-05-30T00:00:00Z,SVP
118397,2015-06-05T11:00:00Z,-34.10799,-43.84827,0.0773,-0.1572,126.0,2013-05-30T00:00:00Z,SVP
118397,2015-06-05T12:00:00Z,-34.11294,-43.84441,0.1204,-0.1467,129.58333,2013-05-30T00:00:00Z,SVP
118397,2015-06-05T13:00:00Z,-34.1182,-43.84023,0.0887,-0.1849,122.416664,2013-05-30T00:00:00Z,SVP
118397,2015-06-05T14:00:00Z,-34.12493,-43.83703,0.0674,-0.2226,467.99997,2013-05-30T00:00:00Z,SVP
118397,2015-06-05T15:00:00Z,-34.13195,-43.83442,0.0674,-0.2226,467.99997,2013-05-30T00:00:00Z,SVP
118397,2015-06-05T16:00:00Z,-34.13848,-43.83178,0.0673,-0.2218,467.99997,2013-05-30T00:00:00Z,SVP
118397,2015-06-05T17:00:00Z,-34.14717,-43.82876,0.0734,-0.2545,237.58334,2013-05-30T00:00:00Z,SVP
118397,2015-06-05T18:00:00Z,-34.15589,-43.82669,0.0567,-0.2643,162.0,2013-05-30T00:00:00Z,SVP
118397,2015-06-05T19:00:00Z,-34.1641,-43.82382,0.0069,-0.2532,79.208336,2013-05-30T00:00:00Z,SVP
118397,2015-06-05T20:00:00Z,-34.17323,-43.82526,-0.0705,-0.326,136.79167,2013-05-30T00:00:00Z,SVP
118397,2015-06-05T21:00:00Z,-34.18502,-43.82965,-0.132,-0.3899,126.0,2013-05-30T00:00:00Z,SVP
118397,2015-06-05T22:00:00Z,-34.19871,-43.83509,-0.1471,-0.4257,126.0,2013-05-30T00:00:00Z,SVP
118397,2015-06-05T23:00:00Z,-34.21147,-43.83839,-0.113,-0.4064,140.41666,2013-05-30T00:00:00Z,SVP
118397,2015-06-06T00:00:00Z,-34.22407,-43.84425,-0.1369,-0.3483,0.0,2013-05-30T00:00:00Z,SVP
118397,2015-06-06T01:00:00Z,-34.23867,-43.85202,-0.2414,-0.4805,122.416664,2013-05-30T00:00:00Z,SVP
118397,2015-06-06T02:00:00Z,-34.25457,-43.86195,-0.2986,-0.4569,115.208336,2013-05-30T00:00:00Z,SVP
118397,2015-06-06T03:00:00Z,-34.26887,-43.86136,0.0872,-0.4249,212.41667,2013-05-30T00:00:00Z,SVP
118397,2015-06-06T04:00:00Z,-34.2831,-43.85852,0.1103,-0.4124,237.58334,2013-05-30T00:00:00Z,SVP
118397,2015-06-06T05:00:00Z,-34.29581,-43.85426,0.109,-0.415,237.58334,2013-05-30T00:00:00Z,SVP
118397,2015-06-06T06:00:00Z,-34.30838,-43.85065,0.0938,-0.3691,97.20833,2013-05-30T00:00:00Z,SVP
118397,2015-06-06T07:00:00Z,-34.31653,-43.84619,0.1089,-0.2163,187.20833,2013-05-30T00:00:00Z,SVP
118397,2015-06-06T08:00:00Z,-34.32382,-43.84294,0.0548,-0.2404,54.000004,2013-05-30T00:00:00Z,SVP
118397,2015-06-06T09:00:00Z,-34.33188,-43.8411,0.0395,-0.2431,198.00002,2013-05-30T00:00:00Z,SVP
118397,2015-06-06T10:00:00Z,-34.33941,-43.83952,0.0434,-0.2389,147.58333,2013-05-30T00:00:00Z,SVP
118397,2015-06-06T11:00:00Z,-34.34787,-43.83844,0.0313,-0.251,118.79167,2013-05-30T00:00:00Z,SVP
118397,2015-06-06T12:00:00Z,-34.35522,-43.83635,0.0726,-0.1907,147.58333,2013-05-30T00:00:00Z,SVP
118397,2015-06-06T13:00:00Z,-34.36126,-43.83416,0.1525,-0.2295,115.208336,2013-05-30T00:00:00Z,SVP
118397,2015-06-06T14:00:00Z,-34.37156,-43.82917,0.13,-0.4426,363.58334,2013-05-30T00:00:00Z,SVP
118397,2015-06-06T15:00:00Z,-34.38708,-43.82335,0.1346,-0.4398,363.58334,2013-05-30T00:00:00Z,SVP
118397,2015-06-06T16:00:00Z,-34.40286,-43.815,0.1563,-0.4327,363.58334,2013-05-30T00:00:00Z,SVP
118397,2015-06-06T17:00:00Z,-34.41477,-43.81347,0.1234,-0.3592,237.58334,2013-05-30T00:00:00Z,SVP
118397,2015-06-06T18:00:00Z,-34.42501,-43.80877,0.2726,-0.245,187.20833,2013-05-30T00:00:00Z,SVP
118397,2015-06-06T19:00:00Z,-34.43259,-43.79734,0.3024,-0.2146,158.41667,2013-05-30T00:00:00Z,SVP
118397,2015-06-06T20:00:00Z,-34.43997,-43.78652,0.2757,-0.2593,57.583332,2013-05-30T00:00:00Z,SVP
118397,2015-06-06T21:00:00Z,-34.45118,-43.77837,0.0995,-0.3801,133.20833,2013-05-30T00:00:00Z,SVP
118397,2015-06-06T22:00:00Z,-34.46341,-43.76207,0.883,-0.3659,68.416664,2013-05-30T00:00:00Z,SVP
118397,2015-06-06T23:00:00Z,-34.47498,-43.75997,0.2547,-0.3606,237.58334,2013-05-30T00:00:00Z,SVP
118397,2015-06-07T00:00:00Z,-34.48622,-43.74831,0.1571,-0.3293,104.41666,2013-05-30T00:00:00Z,SVP
118397,2015-06-07T01:00:00Z,-34.49676,-43.73618,0.4059,-0.3319,122.416664,2013-05-30T00:00:00Z,SVP
118397,2015-06-07T02:00:00Z,-34.50825,-43.72101,0.3564,-0.1959,244.79167,2013-05-30T00:00:00Z,SVP
118397,2015-06-07T03:00:00Z,-34.51388,-43.70788,0.3529,-0.1922,244.79167,2013-05-30T00:00:00Z,SVP
118397,2015-06-07T04:00:00Z,-34.51867,-43.69325,0.4229,-0.0734,244.79167,2013-05-30T00:00:00Z,SVP
118397,2015-06-07T05:00:00Z,-34.52081,-43.6762,0.4253,-0.0648,244.79167,2013-05-30T00:00:00Z,SVP
118397,2015-06-07T06:00:00Z,-34.51637,-43.65938,0.4303,0.2185,154.79166,2013-05-30T00:00:00Z,SVP
118397,2015-06-07T07:00:00Z,-34.50667,-43.64924,0.1658,0.3146,147.58333,2013-05-30T00:00:00Z,SVP
118397,2015-06-07T08:00:00Z,-34.49428,-43.64981,0.058,0.412,162.0,2013-05-30T00:00:00Z,SVP
118397,2015-06-07T09:00:00Z,-34.47704,-43.64102,-0.0246,0.2429,271.7917,2013-05-30T00:00:00Z,SVP
118397,2015-06-07T10:00:00Z,-34.46998,-43.64347,-0.007,0.225,271.7917,2013-05-30T00:00:00Z,SVP
118397,2015-06-07T11:00:00Z,-34.46297,-43.64344,-0.0071,0.0656,131.41667,2013-05-30T00:00:00Z,SVP
118397,2015-06-07T12:00:00Z,-34.46119,-43.6434,0.0163,0.0589,140.41666,2013-05-30T00:00:00Z,SVP
118397,2015-06-07T13:00:00Z,-34.4587,-43.64283,0.0156,0.1016,115.208336,2013-05-30T00:00:00Z,SVP
118397,2015-06-07T14:00:00Z,-34.45522,-43.64168,0.0455,0.1154,388.79166,2013-05-30T00:00:00Z,SVP
118397,2015-06-07T15:00:00Z,-34.45158,-43.63974,0.047,0.1151,388.79166,2013-05-30T00:00:00Z,SVP
118397,2015-06-07T16:00:00Z,-34.44836,-43.63776,0.0825,0.1032,233.99998,2013-05-30T00:00:00Z,SVP
118397,2015-06-07T17:00:00Z,-34.44472,-43.63227,0.0977,0.1047,233.99998,2013-05-30T00:00:00Z,SVP
118397,2015-06-07T18:00:00Z,-34.44119,-43.62845,0.1127,0.1054,162.0,2013-05-30T00:00:00Z,SVP
118397,2015-06-07T19:00:00Z,-34.43781,-43.62366,0.0911,0.1892,147.58333,2013-05-30T00:00:00Z,SVP
118397,2015-06-07T20:00:00Z,-34.43131,-43.61921,0.136,0.2047,79.208336,2013-05-30T00:00:00Z,SVP
118397,2015-06-07T21:00:00Z,-34.42654,-43.61419,0.1386,0.1508,169.20834,2013-05-30T00:00:00Z,SVP
118397,2015-06-07T22:00:00Z,-34.42211,-43.60867,0.1618,0.1232,320.41666,2013-05-30T00:00:00Z,SVP
118397,2015-06-07T23:00:00Z,-34.41808,-43.60221,0.1618,0.1229,320.41666,2013-05-30T00:00:00Z,SVP
118397,2015-06-08T00:00:00Z,-34.41385,-43.59592,0.1683,0.114,0.0,2013-05-30T00:00:00Z,SVP
118397,2015-06-08T01:00:00Z,-34.41026,-43.58653,0.3021,0.1485,118.79167,2013-05-30T00:00:00Z,SVP
118397,2015-06-08T02:00:00Z,-34.40506,-43.57444,0.2858,0.2058,259.20834,2013-05-30T00:00:00Z,SVP
118397,2015-06-08T03:00:00Z,-34.39855,-43.56297,0.283,0.2068,259.20834,2013-05-30T00:00:00Z,SVP
118397,2015-06-08T04:00:00Z,-34.39111,-43.55322,0.2305,0.2412,241.20834,2013-05-30T00:00:00Z,SVP
118397,2015-06-08T05:00:00Z,-34.38331,-43.54481,0.2316,0.2428,241.20834,2013-05-30T00:00:00Z,SVP
118397,2015-06-08T06:00:00Z,-34.37495,-43.53648,0.1968,0.2517,158.41667,2013-05-30T00:00:00Z,SVP
118397,2015-06-08T07:00:00Z,-34.36763,-43.52913,0.2108,0.2445,147.58333,2013-05-30T00:00:00Z,SVP
118397,2015-06-08T08:00:00Z,-34.35941,-43.52079,0.1788,0.2833,126.0,2013-05-30T00:00:00Z,SVP
118397,2015-06-08T09:00:00Z,-34.34969,-43.51427,0.1559,0.3133,122.416664,2013-05-30T00:00:00Z,SVP
118397,2015-06-08T10:00:00Z,-34.33898,-43.50665,0.195,0.3453,115.208336,2013-05-30T00:00:00Z,SVP
118397,2015-06-08T11:00:00Z,-34.33151,-43.50042,0.1642,0.1963,97.20833,2013-05-30T00:00:00Z,SVP
118397,2015-06-08T12:00:00Z,-34.32484,-43.49437,0.1335,0.1932,151.20834,2013-05-30T00:00:00Z,SVP
118397,2015-06-08T13:00:00Z,-34.31912,-43.49186,0.0503,0.1034,417.58334,2013-05-30T00:00:00Z,SVP
118397,2015-06-08T14:00:00Z,-34.31673,-43.48874,0.0647,0.0954,417.58334,2013-05-30T00:00:00Z,SVP
118397,2015-06-08T15:00:00Z,-34.31469,-43.48631,0.0646,0.0886,417.58334,2013-05-30T00:00:00Z,SVP
118397,2015-06-08T16:00:00Z,-34.31185,-43.48087,0.389,0.1882,241.20834,2013-05-30T00:00:00Z,SVP
118397,2015-06-08T17:00:00Z,-34.30458,-43.46501,0.3835,0.1705,241.20834,2013-05-30T00:00:00Z,SVP
118397,2015-06-08T18:00:00Z,-34.29909,-43.45149,0.351,0.2038,255.58333,2013-05-30T00:00:00Z,SVP
118397,2015-06-08T19:00:00Z,-34.29229,-43.43627,0.3306,0.2003,255.58333,2013-05-30T00:00:00Z,SVP
118397,2015-06-08T20:00:00Z,-34.28642,-43.42847,0.186,0.1997,169.20834,2013-05-30T00:00:00Z,SVP
118397,2015-06-08T21:00:00Z,-34.27987,-43.42036,0.2686,0.2379,75.583336,2013-05-30T00:00:00Z,SVP
118397,2015-06-08T22:00:00Z,-34.27196,-43.40907,0.2982,0.2419,176.41667,2013-05-30T00:00:00Z,SVP
118397,2015-06-08T23:00:00Z,-34.26333,-43.39783,0.2584,0.2576,176.41667,2013-05-30T00:00:00Z,SVP
118397,2015-06-09T00:00:00Z,-34.25452,-43.38802,0.2114,0.3228,115.208336,2013-05-30T00:00:00Z,SVP
118397,2015-06-09T01:00:00Z,-34.24458,-43.37976,0.21,0.2917,133.20833,2013-05-30T00:00:00Z,SVP
118397,2015-06-09T02:00:00Z,-34.23676,-43.37252,0.1779,0.2095,126.0,2013-05-30T00:00:00Z,SVP
118397,2015-06-09T03:00:00Z,-34.23069,-43.36766,0.1181,0.1952,158.41667,2013-05-30T00:00:00Z,SVP
118397,2015-06-09T04:00:00Z,-34.22389,-43.36239,0.1233,0.2062,244.79167,2013-05-30T00:00:00Z,SVP
118397,2015-06-09T05:00:00Z,-34.21749,-43.35765,0.2481,0.2124,147.58333,2013-05-30T00:00:00Z,SVP
118397,2015-06-09T06:00:00Z,-34.20983,-43.34492,0.0909,0.25,90.0,2013-05-30T00:00:00Z,SVP
118397,2015-06-09T07:00:00Z,-34.20254,-43.34159,0.0662,0.2339,230.41667,2013-05-30T00:00:00Z,SVP
118397,2015-06-09T08:00:00Z,-34.19321,-43.33888,0.1046,0.1962,172.79166,2013-05-30T00:00:00Z,SVP
118397,2015-06-09T09:00:00Z,-34.1888,-43.33502,0.1075,0.2078,172.79166,2013-05-30T00:00:00Z,SVP
118397,2015-06-09T10:00:00Z,-34.18183,-43.33061,0.085,0.1776,201.58334,2013-05-30T00:00:00Z,SVP
118397,2015-06-09T11:00:00Z,-34.17656,-43.32581,0.1316,0.1232,126.0,2013-05-30T00:00:00Z,SVP
118397,2015-06-09T12:00:00Z,-34.17242,-43.31987,0.2267,0.1608,126.0,2013-05-30T00:00:00Z,SVP
118397,2015-06-09T13:00:00Z,-34.16817,-43.31058,0.2052,0.162,439.2083,2013-05-30T00:00:00Z,SVP
118397,2015-06-09T14:00:00Z,-34.16223,-43.3027,0.2046,0.1676,439.2083,2013-05-30T00:00:00Z,SVP
118397,2015-06-09T15:00:00Z,-34.15553,-43.29442,0.2039,0.1751,439.2083,2013-05-30T00:00:00Z,SVP
118397,2015-06-09T16:00:00Z,-34.1495,-43.28683,0.1875,0.1821,237.58334,2013-05-30T00:00:00Z,SVP
118397,2015-06-09T17:00:00Z,-34.1488,-43.28035,0.1865,0.1515,237.58334,2013-05-30T00:00:00Z,SVP
118397,2015-06-09T18:00:00Z,-34.13926,-43.27306,0.1738,0.2945,259.20834,2013-05-30T00:00:00Z,SVP
118397,2015-06-09T19:00:00Z,-34.12956,-43.26623,0.1521,0.3167,140.41666,2013-05-30T00:00:00Z,SVP
118397,2015-06-09T20:00:00Z,-34.11981,-43.26047,0.1443,0.2781,90.0,2013-05-30T00:00:00Z,SVP
118397,2015-06-09T21:00:00Z,-34.11137,-43.25605,0.017,0.2432,100.79167,2013-05-30T00:00:00Z,SVP
118397,2015-06-09T22:00:00Z,-34.10402,-43.25731,-0.0781,0.2156,86.41667,2013-05-30T00:00:00Z,SVP
118397,2015-06-09T23:00:00Z,-34.09974,-43.25966,-0.0555,0.1158,118.79167,2013-05-30T00:00:00Z,SVP
118397,2015-06-10T00:00:00Z,-34.09628,-43.26371,-0.1744,0.096,129.58333,2013-05-30T00:00:00Z,SVP
118397,2015-06-10T01:00:00Z,-34.09368,-43.27174,-0.1155,0.0347,144.0,2013-05-30T00:00:00Z,SVP
118397,2015-06-10T02:00:00Z,-34.0929,-43.27358,-0.0675,-0.0348,115.208336,2013-05-30T00:00:00Z,SVP
118397,2015-06-10T03:00:00Z,-34.09462,-43.27819,-0.1504,-0.0416,54.000004,2013-05-30T00:00:00Z,SVP
118397,2015-06-10T04:00:00Z,-34.09686,-43.29216,-0.3215,-0.0552,255.58333,2013-05-30T00:00:00Z,SVP
118397,2015-06-10T05:00:00Z,-34.10016,-43.30299,0.0999,-0.1468,140.41666,2013-05-30T00:00:00Z,SVP
118397,2015-06-10T06:00:00Z,-34.10587,-43.2991,-0.1516,-0.2225,97.20833,2013-05-30T00:00:00Z,SVP
118397,2015-06-10T07:00:00Z,-34.113,-43.3062,-0.2161,-0.2052,154.79166,2013-05-30T00:00:00Z,SVP
118397,2015-06-10T08:00:00Z,-34.1205,-43.30204,0.2713,-0.2386,241.20834,2013-05-30T00:00:00Z,SVP
118397,2015-06-10T09:00:00Z,-34.12725,-43.29063,0.3074,-0.2231,61.208332,2013-05-30T00:00:00Z,SVP
118397,2015-06-10T10:00:00Z,-34.13391,-43.27829,0.3316,-0.1225,190.79166,2013-05-30T00:00:00Z,SVP
118397,2015-06-10T11:00:00Z,-34.13763,-43.26502,0.3465,-0.0598,136.79167,2013-05-30T00:00:00Z,SVP
118397,2015-06-10T12:00:00Z,-34.13804,-43.25083,0.3783,0.0378,100.79167,2013-05-30T00:00:00Z,SVP
118397,2015-06-10T13:00:00Z,-34.13348,-43.23617,0.3776,0.1572,147.58333,2013-05-30T00:00:00Z,SVP
118397,2015-06-10T14:00:00Z,-34.11991,-43.23033,0.1593,0.4104,561.5833,2013-05-30T00:00:00Z,SVP
118397,2015-06-10T15:00:00Z,-34.10623,-43.22475,0.1621,0.4091,561.5833,2013-05-30T00:00:00Z,SVP
118397,2015-06-10T16:00:00Z,-34.09287,-43.21871,0.1636,0.4088,561.5833,2013-05-30T00:00:00Z,SVP
118397,2015-06-10T17:00:00Z,-34.07995,-43.21269,0.1295,0.4203,252.0,2013-05-30T00:00:00Z,SVP
118397,2015-06-10T18:00:00Z,-34.06647,-43.20736,0.129,0.42,252.0,2013-05-30T00:00:00Z,SVP
118397,2015-06-10T19:00:00Z,-34.05312,-43.20277,0.0918,0.4019,144.0,2013-05-30T00:00:00Z,SVP
118397,2015-06-10T20:00:00Z,-34.04056,-43.19902,0.1707,0.3637,190.79166,2013-05-30T00:00:00Z,SVP
118397,2015-06-10T21:00:00Z,-34.02881,-43.19245,0.171,0.3634,190.79166,2013-05-30T00:00:00Z,SVP
118397,2015-06-10T22:00:00Z,-34.01614,-43.18701,0.0541,0.3482,144.0,2013-05-30T00:00:00Z,SVP
118397,2015-06-10T23:00:00Z,-34.00508,-43.18544,0.0208,0.3296,151.20834,2013-05-30T00:00:00Z,SVP
118397,2015-06-11T00:00:00Z,-33.99434,-43.1837,-0.0201,0.2976,104.41666,2013-05-30T00:00:00Z,SVP
118397,2015-06-11T01:00:00Z,-33.98578,-43.18464,0.0517,0.2261,122.416664,2013-05-30T00:00:00Z,SVP
118397,2015-06-11T02:00:00Z,-33.97984,-43.18224,0.1435,0.1475,115.208336,2013-05-30T00:00:00Z,SVP
118397,2015-06-11T03:00:00Z,-33.97616,-43.17869,0.1015,0.1039,255.58333,2013-05-30T00:00:00Z,SVP
118397,2015-06-11T04:00:00Z,-33.97239,-43.1749,0.1027,0.1043,255.58333,2013-05-30T00:00:00Z,SVP
118397,2015-06-11T05:00:00Z,-33.9683,-43.16835,0.2318,0.1275,140.41666,2013-05-30T00:00:00Z,SVP
118397,2015-06-11T06:00:00Z,-33.96395,-43.15925,0.2223,0.112,97.20833,2013-05-30T00:00:00Z,SVP
118397,2015-06-11T07:00:00Z,-33.96167,-43.15107,0.2464,0.0923,154.79166,2013-05-30T00:00:00Z,SVP
118397,2015-06-11T08:00:00Z,-33.95809,-43.14003,0.2762,0.0904,216.00002,2013-05-30T00:00:00Z,SVP
118397,2015-06-11T09:00:00Z,-33.95456,-43.1288,0.3282,0.1447,183.58333,2013-05-30T00:00:00Z,SVP
118397,2015-06-11T10:00:00Z,-33.95033,-43.1161,0.3302,0.1426,183.58333,2013-05-30T00:00:00Z,SVP
118397,2015-06-11T11:00:00Z,-33.94409,-43.10241,0.336,0.1813,136.79167,2013-05-30T00:00:00Z,SVP
118397,2015-06-11T12:00:00Z,-33.93767,-43.09001,0.3275,0.2164,266.41666,2013-05-30T00:00:00Z,SVP
118397,2015-06-11T13:00:00Z,-33.93128,-43.0773,0.3752,0.1876,115.208336,2013-05-30T00:00:00Z,SVP
118397,2015-06-11T14:00:00Z,-33.92467,-43.06219,0.4002,0.1426,471.58337,2013-05-30T00:00:00Z,SVP
118397,2015-06-11T15:00:00Z,-33.92047,-43.04659,0.4002,0.1432,471.58337,2013-05-30T00:00:00Z,SVP
118397,2015-06-11T16:00:00Z,-33.91581,-43.03098,0.4003,0.1428,471.58337,2013-05-30T00:00:00Z,SVP
118397,2015-06-11T17:00:00Z,-33.91095,-43.01586,0.3815,0.1178,248.41667,2013-05-30T00:00:00Z,SVP
118397,2015-06-11T18:00:00Z,-33.90727,-43.00071,0.3798,0.1179,248.41667,2013-05-30T00:00:00Z,SVP
118397,2015-06-11T19:00:00Z,-33.90373,-42.98702,0.3456,0.101,165.58333,2013-05-30T00:00:00Z,SVP
118397,2015-06-11T20:00:00Z,-33.90024,-42.97508,0.3058,0.1029,230.41667,2013-05-30T00:00:00Z,SVP
118397,2015-06-11T21:00:00Z,-33.89715,-42.96097,0.3222,0.1032,230.41667,2013-05-30T00:00:00Z,SVP
118397,2015-06-11T22:00:00Z,-33.89304,-42.94824,0.46,0.1227,327.58334,2013-05-30T00:00:00Z,SVP
118397,2015-06-11T23:00:00Z,-33.88913,-42.93018,0.461,0.1224,327.58334,2013-05-30T00:00:00Z,SVP
118397,2015-06-12T00:00:00Z,-33.88532,-42.91103,0.5186,0.1091,86.41667,2013-05-30T00:00:00Z,SVP
118397,2015-06-12T01:00:00Z,-33.88204,-42.88901,0.5842,0.0991,144.0,2013-05-30T00:00:00Z,SVP
118397,2015-06-12T02:00:00Z,-33.8785,-42.8618,0.7886,0.1559,100.79167,2013-05-30T00:00:00Z,SVP
118397,2015-06-12T03:00:00Z,-33.87366,-42.83064,0.7327,0.2399,230.41667,2013-05-30T00:00:00Z,SVP
118397,2015-06-12T04:00:00Z,-33.86612,-42.80063,0.7124,0.2439,230.41667,2013-05-30T00:00:00Z,SVP
118397,2015-06-12T05:00:00Z,-33.85746,-42.77336,0.6987,0.2836,277.20834,2013-05-30T00:00:00Z,SVP
118397,2015-06-12T06:00:00Z,-33.84848,-42.74699,0.6731,0.7126,133.20833,2013-05-30T00:00:00Z,SVP
118397,2015-06-12T07:00:00Z,-33.82441,-42.71973,0.6372,0.6767,187.20833,2013-05-30T00:00:00Z,SVP
118397,2015-06-12T08:00:00Z,-33.80358,-42.69644,0.6296,0.6673,187.20833,2013-05-30T00:00:00Z,SVP
118397,2015-06-12T09:00:00Z,-33.78431,-42.67464,0.5714,0.5972,176.41667,2013-05-30T00:00:00Z,SVP
118397,2015-06-12T10:00:00Z,-33.76511,-42.65133,0.7024,0.5928,158.41667,2013-05-30T00:00:00Z,SVP
118397,2015-06-12T11:00:00Z,-33.74686,-42.62342,0.2141,0.5404,108.00001,2013-05-30T00:00:00Z,SVP
118397,2015-06-12T12:00:00Z,-33.72974,-42.61543,0.1831,0.5092,144.0,2013-05-30T00:00:00Z,SVP
118397,2015-06-12T13:00:00Z,-33.71459,-42.60673,0.2578,0.4191,115.208336,2013-05-30T00:00:00Z,SVP
118397,2015-06-12T14:00:00Z,-33.70199,-42.59775,0.2421,0.3819,504.0,2013-05-30T00:00:00Z,SVP
118397,2015-06-12T15:00:00Z,-33.68955,-42.58772,0.2459,0.3818,504.0,2013-05-30T00:00:00Z,SVP
118397,2015-06-12T16:00:00Z,-33.6766,-42.57701,0.2511,0.3843,504.0,2013-05-30T00:00:00Z,SVP
118397,2015-06-12T17:00:00Z,-33.66743,-42.56839,0.1558,0.0795,259.20834,2013-05-30T00:00:00Z,SVP
118397,2015-06-12T18:00:00Z,-33.664,-42.56369,0.1745,0.0758,259.20834,2013-05-30T00:00:00Z,SVP
118397,2015-06-12T19:00:00Z,-33.66456,-42.55535,0.2461,0.0378,147.58333,2013-05-30T00:00:00Z,SVP
118397,2015-06-12T20:00:00Z,-33.66252,-42.54372,0.3057,0.0389,237.58334,2013-05-30T00:00:00Z,SVP
118397,2015-06-12T21:00:00Z,-33.66059,-42.53065,0.3291,0.0354,248.41667,2013-05-30T00:00:00Z,SVP
118397,2015-06-12T22:00:00Z,-33.66091,-42.51952,0.3152,0.0306,248.41667,2013-05-30T00:00:00Z,SVP
118397,2015-06-12T23:00:00Z,-33.66013,-42.50293,0.401,0.003,108.00001,2013-05-30T00:00:00Z,SVP
118397,2015-06-13T00:00:00Z,-33.65937,-42.48505,0.4726,0.0688,140.41666,2013-05-30T00:00:00Z,SVP
118397,2015-06-13T01:00:00Z,-33.6581,-42.46792,0.516,0.0766,115.208336,2013-05-30T00:00:00Z,SVP
118397,2015-06-13T02:00:00Z,-33.65425,-42.4474,0.5001,0.045,349.20834,2013-05-30T00:00:00Z,SVP
118397,2015-06-13T03:00:00Z,-33.65313,-42.42772,0.4973,0.0469,349.20834,2013-05-30T00:00:00Z,SVP
118397,2015-06-13T04:00:00Z,-33.65158,-42.40761,0.4811,0.0235,269.99997,2013-05-30T00:00:00Z,SVP
118397,2015-06-13T05:00:00Z,-33.65077,-42.3898,0.4777,0.0234,269.99997,2013-05-30T00:00:00Z,SVP
118397,2015-06-13T06:00:00Z,-33.64925,-42.3719,0.464,0.0509,104.41666,2013-05-30T00:00:00Z,SVP
118397,2015-06-13T07:00:00Z,-33.64602,-42.35394,0.4418,0.137,158.41667,2013-05-30T00:00:00Z,SVP
118397,2015-06-13T08:00:00Z,-33.64182,-42.33732,0.3996,0.1405,111.583336,2013-05-30T00:00:00Z,SVP
118397,2015-06-13T09:00:00Z,-33.63987,-42.32286,0.3773,0.0354,136.79167,2013-05-30T00:00:00Z,SVP
118397,2015-06-13T10:00:00Z,-33.6398,-42.30758,0.4196,0.177,154.79166,2013-05-30T00:00:00Z,SVP
118397,2015-06-13T11:00:00Z,-33.63408,-42.29168,0.3546,0.1515,50.416664,2013-05-30T00:00:00Z,SVP
118397,2015-06-13T12:00:00Z,-33.63094,-42.28077,0.254,0.0842,151.20834,2013-05-30T00:00:00Z,SVP
118397,2015-06-13T13:00:00Z,-33.62911,-42.27767,0.1979,-0.0056,525.5833,2013-05-30T00:00:00Z,SVP
118397,2015-06-13T14:00:00Z,-33.62945,-42.26922,0.1958,-0.0081,525.5833,2013-05-30T00:00:00Z,SVP
118397,2015-06-13T15:00:00Z,-33.62926,-42.26185,0.1978,-0.0056,525.5833,2013-05-30T00:00:00Z,SVP
118397,2015-06-13T16:00:00Z,-33.62857,-42.25492,0.2034,-0.0029,525.5833,2013-05-30T00:00:00Z,SVP
118397,2015-06-13T17:00:00Z,-33.63106,-42.24571,0.2542,-0.1132,248.41667,2013-05-30T00:00:00Z,SVP
118397,2015-06-13T18:00:00Z,-33.63594,-42.23526,0.2549,-0.0684,248.41667,2013-05-30T00:00:00Z,SVP
118397,2015-06-13T19:00:00Z,-33.63815,-42.22511,0.2669,-0.0818,68.416664,2013-05-30T00:00:00Z,SVP
118397,2015-06-13T20:00:00Z,-33.64128,-42.21476,0.2537,-0.119,223.20834,2013-05-30T00:00:00Z,SVP
118397,2015-06-13T21:00:00Z,-33.6445,-42.20386,0.2829,-0.0867,201.58334,2013-05-30T00:00:00Z,SVP
118397,2015-06-13T22:00:00Z,-33.64844,-42.19592,0.2695,-0.0896,201.58334,2013-05-30T00:00:00Z,SVP
118397,2015-06-13T23:00:00Z,-33.64902,-42.18194,0.2986,-0.0507,233.99998,2013-05-30T00:00:00Z,SVP
118397,2015-06-14T00:00:00Z,-33.65079,-42.17049,0.3099,-0.0474,126.0,2013-05-30T00:00:00Z,SVP
118397,2015-06-14T01:00:00Z,-33.65265,-42.15895,0.2625,-0.0795,115.208336,2013-05-30T00:00:00Z,SVP
118397,2015-06-14T02:00:00Z,-33.65207,-42.15331,0.1534,0.0231,259.20834,2013-05-30T00:00:00Z,SVP
118397,2015-06-14T03:00:00Z,-33.65415,-42.1498,0.1087,0.0308,126.0,2013-05-30T00:00:00Z,SVP
118397,2015-06-14T04:00:00Z,-33.64957,-42.14234,0.0315,-0.0103,273.58334,2013-05-30T00:00:00Z,SVP
118397,2015-06-14T05:00:00Z,-33.65058,-42.14137,0.0313,-0.0043,273.58334,2013-05-30T00:00:00Z,SVP
118397,2015-06-14T06:00:00Z,-33.65061,-42.14085,0.0086,-0.0204,64.791664,2013-05-30T00:00:00Z,SVP
118397,2015-06-14T07:00:00Z,-33.65469,-42.14069,-0.009,-0.1534,176.41667,2013-05-30T00:00:00Z,SVP
118397,2015-06-14T08:00:00Z,-33.65914,-42.14217,-0.0802,-0.1208,93.583336,2013-05-30T00:00:00Z,SVP
118397,2015-06-14T09:00:00Z,-33.66286,-42.14729,-0.1522,-0.1107,108.00001,2013-05-30T00:00:00Z,SVP
118397,2015-06-14T10:00:00Z,-33.66708,-42.15464,-0.2101,-0.1353,136.79167,2013-05-30T00:00:00Z,SVP
118397,2015-06-14T11:00:00Z,-33.67276,-42.16625,-0.3351,-0.1824,122.416664,2013-05-30T00:00:00Z,SVP
118397,2015-06-14T12:00:00Z,-33.67845,-42.17827,-0.2549,-0.2209,111.583336,2013-05-30T00:00:00Z,SVP
118397,2015-06-14T13:00:00Z,-33.68764,-42.18818,-0.2575,-0.3592,144.0,2013-05-30T00:00:00Z,SVP
118397,2015-06-14T14:00:00Z,-33.69901,-42.19782,-0.251,-0.3685,442.79166,2013-05-30T00:00:00Z,SVP
118397,2015-06-14T15:00:00Z,-33.71119,-42.20738,-0.2496,-0.3686,442.79166,2013-05-30T00:00:00Z,SVP
118397,2015-06-14T16:00:00Z,-33.72341,-42.21744,-0.2497,-0.3686,442.79166,2013-05-30T00:00:00Z,SVP
118397,2015-06-14T17:00:00Z,-33.73411,-42.22171,8.0E-4,-0.3245,226.79166,2013-05-30T00:00:00Z,SVP
118397,2015-06-14T18:00:00Z,-33.74488,-42.22077,0.414,-0.3068,162.0,2013-05-30T00:00:00Z,SVP
118397,2015-06-14T19:00:00Z,-33.75064,-42.20482,0.4678,-0.3119,122.416664,2013-05-30T00:00:00Z,SVP
118397,2015-06-14T20:00:00Z,-33.76418,-42.1857,0.5337,-0.0892,108.00001,2013-05-30T00:00:00Z,SVP
118397,2015-06-14T21:00:00Z,-33.76701,-42.16432,0.5701,-0.0777,151.20834,2013-05-30T00:00:00Z,SVP
118397,2015-06-14T22:00:00Z,-33.76979,-42.1431,0.5347,-0.0893,104.41666,2013-05-30T00:00:00Z,SVP
118397,2015-06-14T23:00:00Z,-33.75392,-42.13203,0.3417,0.3133,144.0,2013-05-30T00:00:00Z,SVP
118397,2015-06-15T00:00:00Z,-33.74366,-42.11852,0.311,0.4284,144.0,2013-05-30T00:00:00Z,SVP
118397,2015-06-15T01:00:00Z,-33.72986,-42.10795,0.1069,0.4118,140.41666,2013-05-30T00:00:00Z,SVP
118397,2015-06-15T02:00:00Z,-33.71656,-42.10573,0.0221,0.4092,111.583336,2013-05-30T00:00:00Z,SVP
118397,2015-06-15T03:00:00Z,-33.70368,-42.10548,-0.0197,0.3954,147.58333,2013-05-30T00:00:00Z,SVP
118397,2015-06-15T04:00:00Z,-33.69483,-42.10642,-0.0654,0.0463,273.58334,2013-05-30T00:00:00Z,SVP
118397,2015-06-15T05:00:00Z,-33.69318,-42.10831,-0.0699,0.0405,273.58334,2013-05-30T00:00:00Z,SVP
118397,2015-06-15T06:00:00Z,-33.69347,-42.11145,-0.0632,-0.0328,122.416664,2013-05-30T00:00:00Z,SVP
118397,2015-06-15T07:00:00Z,-33.69647,-42.10923,0.0591,-0.106,140.41666,2013-05-30T00:00:00Z,SVP
118397,2015-06-15T08:00:00Z,-33.70003,-42.10552,0.1281,-0.102,129.58333,2013-05-30T00:00:00Z,SVP
118397,2015-06-15T09:00:00Z,-33.70251,-42.09818,0.2287,-0.1157,122.416664,2013-05-30T00:00:00Z,SVP
118397,2015-06-15T10:00:00Z,-33.70644,-42.08826,0.3287,-0.1534,118.79167,2013-05-30T00:00:00Z,SVP
118397,2015-06-15T11:00:00Z,-33.71091,-42.07407,0.4402,-0.0557,118.79167,2013-05-30T00:00:00Z,SVP
118397,2015-06-15T12:00:00Z,-33.71189,-42.05537,0.4747,-0.0045,118.79167,2013-05-30T00:00:00Z,SVP
118397,2015-06-15T13:00:00Z,-33.71291,-42.04051,0.4038,-0.041,140.41666,2013-05-30T00:00:00Z,SVP
118397,2015-06-15T14:00:00Z,-33.71339,-42.02352,0.5457,0.1646,342.0,2013-05-30T00:00:00Z,SVP
118397,2015-06-15T15:00:00Z,-33.7066,-42.00141,0.5492,0.1519,342.0,2013-05-30T00:00:00Z,SVP
126964,2015-04-01T00:00:00Z,-30.02339,-48.12385,0.3115,-0.0905,471.16666,2016-09-23T00:00:00Z,SVP
126964,2015-04-01T01:00:00Z,-30.01868,-48.11592,0.143,0.1541,253.20834,2016-09-23T00:00:00Z,SVP
126964,2015-04-01T02:00:00Z,-30.01282,-48.10979,0.0105,0.1223,355.0417,2016-09-23T00:00:00Z,SVP
126964,2015-04-01T03:00:00Z,-30.00939,-48.11012,0.0152,0.1201,355.0417,2016-09-23T00:00:00Z,SVP
126964,2015-04-01T04:00:00Z,-30.0051,-48.10943,0.0115,0.1162,355.0417,2016-09-23T00:00:00Z,SVP
126964,2015-04-01T05:00:00Z,-30.00493,-48.11069,-0.0387,-0.0198,263.7083,2016-09-23T00:00:00Z,SVP
126964,2015-04-01T06:00:00Z,-30.00539,-48.11188,-0.0748,-0.0632,196.95833,2016-09-23T00:00:00Z,SVP
126964,2015-04-01T07:00:00Z,-30.00814,-48.11549,-0.0811,-0.0669,196.95833,2016-09-23T00:00:00Z,SVP
126964,2015-04-01T08:00:00Z,-30.01317,-48.1209,-0.1431,-0.1667,154.66667,2016-09-23T00:00:00Z,SVP
126964,2015-04-01T09:00:00Z,-30.02175,-48.12174,0.0615,-0.149,379.66666,2016-09-23T00:00:00Z,SVP
126964,2015-04-01T10:00:00Z,-30.02588,-48.11999,0.0645,-0.1544,379.66666,2016-09-23T00:00:00Z,SVP
126964,2015-04-01T11:00:00Z,-30.03099,-48.11743,0.0613,-0.1515,379.66666,2016-09-23T00:00:00Z,SVP
126964,2015-04-01T12:00:00Z,-30.03682,-48.11727,-0.0055,-0.1724,137.08333,2016-09-23T00:00:00Z,SVP
126964,2015-04-01T13:00:00Z,-30.04451,-48.11708,0.1156,-0.239,112.5,2016-09-23T00:00:00Z,SVP
126964,2015-04-01T14:00:00Z,-30.05179,-48.11285,0.1533,-0.2411,548.4166,2016-09-23T00:00:00Z,SVP
126964,2015-04-01T15:00:00Z,-30.05952,-48.10755,0.1549,-0.2413,548.4166,2016-09-23T00:00:00Z,SVP
126964,2015-04-01T16:00:00Z,-30.06738,-48.10232,0.1585,-0.2409,548.4166,2016-09-23T00:00:00Z,SVP
126964,2015-04-01T17:00:00Z,-30.07525,-48.09704,0.1425,-0.2318,249.58333,2016-09-23T00:00:00Z,SVP
126964,2015-04-01T18:00:00Z,-30.08259,-48.08999,0.1502,-0.2314,249.58333,2016-09-23T00:00:00Z,SVP
126964,2015-04-01T19:00:00Z,-30.08914,-48.08477,0.1449,-0.2026,193.33334,2016-09-23T00:00:00Z,SVP
126964,2015-04-01T20:00:00Z,-30.0966,-48.08273,0.0666,-0.2184,84.458336,2016-09-23T00:00:00Z,SVP
126964,2015-04-01T21:00:00Z,-30.10443,-48.07059,0.3028,-0.08,109.041664,2016-09-23T00:00:00Z,SVP
126964,2015-04-01T22:00:00Z,-30.10407,-48.06142,0.3335,0.0245,112.5,2016-09-23T00:00:00Z,SVP
126964,2015-04-01T23:00:00Z,-30.11004,-48.05019,0.2322,-0.0965,256.66666,2016-09-23T00:00:00Z,SVP
126964,2015-04-02T00:00:00Z,-30.11502,-48.03992,0.0863,0.0254,130.04166,2016-09-23T00:00:00Z,SVP
126964,2015-04-02T01:00:00Z,-30.11319,-48.03752,0.1421,0.05,112.5,2016-09-23T00:00:00Z,SVP
126964,2015-04-02T02:00:00Z,-30.1123,-48.03232,0.1398,0.0244,386.70834,2016-09-23T00:00:00Z,SVP
126964,2015-04-02T03:00:00Z,-30.11006,-48.02705,0.1386,0.0363,386.70834,2016-09-23T00:00:00Z,SVP
126964,2015-04-02T04:00:00Z,-30.108,-48.02139,0.1376,0.0373,386.70834,2016-09-23T00:00:00Z,SVP
126964,2015-04-02T05:00:00Z,-30.11193,-48.02338,-0.0493,-0.1107,450.0,2016-09-23T00:00:00Z,SVP
126964,2015-04-02T06:00:00Z,-30.1158,-48.02527,-0.0497,-0.1085,450.0,2016-09-23T00:00:00Z,SVP
126964,2015-04-02T07:00:00Z,-30.11946,-48.02665,-0.0537,-0.1067,450.0,2016-09-23T00:00:00Z,SVP
126964,2015-04-02T08:00:00Z,-30.12401,-48.02909,-0.0111,-0.1729,112.5,2016-09-23T00:00:00Z,SVP
126964,2015-04-02T09:00:00Z,-30.13113,-48.02812,-0.1076,-0.2531,133.66667,2016-09-23T00:00:00Z,SVP
126964,2015-04-02T10:00:00Z,-30.14165,-48.03265,-0.1592,-0.3553,112.5,2016-09-23T00:00:00Z,SVP
126964,2015-04-02T11:00:00Z,-30.15126,-48.02479,0.0981,-0.2915,126.58333,2016-09-23T00:00:00Z,SVP
126964,2015-04-02T12:00:00Z,-30.15947,-48.02596,-0.0919,-0.2295,0.0,2016-09-23T00:00:00Z,SVP
126964,2015-04-02T13:00:00Z,-30.16596,-48.01525,0.2447,-0.1842,583.6666,2016-09-23T00:00:00Z,SVP
126964,2015-04-02T14:00:00Z,-30.17194,-48.00664,0.2454,-0.1841,583.6666,2016-09-23T00:00:00Z,SVP
126964,2015-04-02T15:00:00Z,-30.17805,-47.99761,0.2456,-0.1843,583.6666,2016-09-23T00:00:00Z,SVP
126964,2015-04-02T16:00:00Z,-30.18442,-47.9885,0.2457,-0.1847,583.6666,2016-09-23T00:00:00Z,SVP
126964,2015-04-02T17:00:00Z,-30.1902,-47.97974,0.218,-0.159,242.54167,2016-09-23T00:00:00Z,SVP
126964,2015-04-02T18:00:00Z,-30.19464,-47.97093,0.2166,-0.1633,242.54167,2016-09-23T00:00:00Z,SVP
126964,2015-04-02T19:00:00Z,-30.20027,-47.96529,0.1378,-0.162,193.33334,2016-09-23T00:00:00Z,SVP
126964,2015-04-02T20:00:00Z,-30.20545,-47.96029,0.1334,-0.1566,102.0,2016-09-23T00:00:00Z,SVP
126964,2015-04-02T21:00:00Z,-30.21015,-47.95253,0.2214,-0.149,166.95834,2016-09-23T00:00:00Z,SVP
126964,2015-04-02T22:00:00Z,-30.2155,-47.94376,0.1809,-0.0371,372.5833,2016-09-23T00:00:00Z,SVP
126964,2015-04-02T23:00:00Z,-30.2155,-47.93764,0.1797,-0.0452,372.5833,2016-09-23T00:00:00Z,SVP
126964,2015-04-03T00:00:00Z,-30.21684,-47.93115,0.1796,-0.0454,372.5833,2016-09-23T00:00:00Z,SVP
126964,2015-04-03T01:00:00Z,-30.21768,-47.92444,0.163,-0.0056,115.958336,2016-09-23T00:00:00Z,SVP
126964,2015-04-03T02:00:00Z,-30.21877,-47.91914,0.0261,-0.1094,288.2917,2016-09-23T00:00:00Z,SVP
126964,2015-04-03T03:00:00Z,-30.22227,-47.91808,0.0249,-0.1103,288.2917,2016-09-23T00:00:00Z,SVP
126964,2015-04-03T04:00:00Z,-30.22557,-47.91662,-0.0071,-0.1551,253.20834,2016-09-23T00:00:00Z,SVP
126964,2015-04-03T05:00:00Z,-30.23082,-47.91725,-0.0067,-0.161,253.20834,2016-09-23T00:00:00Z,SVP
126964,2015-04-03T06:00:00Z,-30.23797,-47.91717,-0.0102,-0.3294,186.29166,2016-09-23T00:00:00Z,SVP
126964,2015-04-03T07:00:00Z,-30.24934,-47.91709,0.0793,-0.3962,80.83333,2016-09-23T00:00:00Z,SVP
126964,2015-04-03T08:00:00Z,-30.26193,-47.91318,0.1228,-0.3847,172.33334,2016-09-23T00:00:00Z,SVP
126964,2015-04-03T09:00:00Z,-30.27389,-47.90922,0.0956,-0.3596,91.33333,2016-09-23T00:00:00Z,SVP
126964,2015-04-03T10:00:00Z,-30.28422,-47.90393,0.1879,-0.2697,277.66666,2016-09-23T00:00:00Z,SVP
126964,2015-04-03T11:00:00Z,-30.29259,-47.89647,0.1905,-0.2655,277.66666,2016-09-23T00:00:00Z,SVP
126964,2015-04-03T12:00:00Z,-30.2997,-47.88696,0.2701,-0.1934,126.58333,2016-09-23T00:00:00Z,SVP
126964,2015-04-03T13:00:00Z,-30.3059,-47.87554,0.3111,-0.201,133.66667,2016-09-23T00:00:00Z,SVP
126964,2015-04-03T14:00:00Z,-30.31257,-47.86825,0.1455,-0.2248,464.08337,2016-09-23T00:00:00Z,SVP
126964,2015-04-03T15:00:00Z,-30.3198,-47.86339,0.1472,-0.225,464.08337,2016-09-23T00:00:00Z,SVP
126964,2015-04-03T16:00:00Z,-30.32695,-47.85881,0.1534,-0.2253,464.08337,2016-09-23T00:00:00Z,SVP
126964,2015-04-03T17:00:00Z,-30.33455,-47.85212,0.1571,-0.2322,249.58333,2016-09-23T00:00:00Z,SVP
126964,2015-04-03T18:00:00Z,-30.34217,-47.84544,0.1573,-0.2329,249.58333,2016-09-23T00:00:00Z,SVP
126964,2015-04-03T19:00:00Z,-30.3502,-47.83962,0.1697,-0.2465,182.83333,2016-09-23T00:00:00Z,SVP
126964,2015-04-03T20:00:00Z,-30.35766,-47.83341,0.2644,-0.2146,161.70833,2016-09-23T00:00:00Z,SVP
126964,2015-04-03T21:00:00Z,-30.36406,-47.82352,0.2536,-0.1709,80.83333,2016-09-23T00:00:00Z,SVP
126964,2015-04-03T22:00:00Z,-30.36985,-47.81795,0.0545,-0.1273,390.1667,2016-09-23T00:00:00Z,SVP
126964,2015-04-03T23:00:00Z,-30.37384,-47.81613,0.0545,-0.1271,390.1667,2016-09-23T00:00:00Z,SVP
126964,2015-04-04T00:00:00Z,-30.37803,-47.81412,0.0543,-0.1265,390.1667,2016-09-23T00:00:00Z,SVP
126964,2015-04-04T01:00:00Z,-30.38218,-47.81066,0.0833,-0.1784,137.08333,2016-09-23T00:00:00Z,SVP
126964,2015-04-04T02:00:00Z,-30.38776,-47.80645,0.042,-0.2488,309.45834,2016-09-23T00:00:00Z,SVP
126964,2015-04-04T03:00:00Z,-30.39572,-47.80544,0.0452,-0.2502,309.45834,2016-09-23T00:00:00Z,SVP
126964,2015-04-04T04:00:00Z,-30.40351,-47.8039,0.0352,-0.2654,253.20834,2016-09-23T00:00:00Z,SVP
126964,2015-04-04T05:00:00Z,-30.41253,-47.8021,0.0336,-0.2639,253.20834,2016-09-23T00:00:00Z,SVP
126964,2015-04-04T06:00:00Z,-30.42066,-47.8006,0.0437,-0.2524,179.25,2016-09-23T00:00:00Z,SVP
126964,2015-04-04T07:00:00Z,-30.42952,-47.79779,0.0852,-0.3079,66.75,2016-09-23T00:00:00Z,SVP
126964,2015-04-04T08:00:00Z,-30.44167,-47.79474,0.0971,-0.3747,193.33334,2016-09-23T00:00:00Z,SVP
126964,2015-04-04T09:00:00Z,-30.45345,-47.78902,0.1838,-0.3243,73.791664,2016-09-23T00:00:00Z,SVP
126964,2015-04-04T10:00:00Z,-30.46328,-47.78194,0.1927,-0.2988,316.3333,2016-09-23T00:00:00Z,SVP
126964,2015-04-04T11:00:00Z,-30.47296,-47.77551,0.1897,-0.2982,316.3333,2016-09-23T00:00:00Z,SVP
126964,2015-04-04T12:00:00Z,-30.48163,-47.767,0.1879,-0.2676,116.083336,2016-09-23T00:00:00Z,SVP
126964,2015-04-04T13:00:00Z,-30.48912,-47.76037,0.1986,-0.1192,734.7083,2016-09-23T00:00:00Z,SVP
126964,2015-04-04T14:00:00Z,-30.49248,-47.75189,0.2104,-0.1195,734.7083,2016-09-23T00:00:00Z,SVP
126964,2015-04-04T15:00:00Z,-30.49621,-47.74349,0.2133,-0.1196,734.7083,2016-09-23T00:00:00Z,SVP
126964,2015-04-04T16:00:00Z,-30.50003,-47.73504,0.2149,-0.1196,734.7083,2016-09-23T00:00:00Z,SVP
126964,2015-04-04T17:00:00Z,-30.50393,-47.72642,0.2161,-0.1195,734.7083,2016-09-23T00:00:00Z,SVP
126964,2015-04-04T18:00:00Z,-30.50758,-47.71812,0.0548,-0.0991,193.33334,2016-09-23T00:00:00Z,SVP
126964,2015-04-04T19:00:00Z,-30.5104,-47.71716,0.0625,-0.0962,193.33334,2016-09-23T00:00:00Z,SVP
126964,2015-04-04T20:00:00Z,-30.51225,-47.71379,0.0701,-0.0645,172.20833,2016-09-23T00:00:00Z,SVP
126964,2015-04-04T21:00:00Z,-30.51474,-47.71237,-0.043,-0.0848,186.29166,2016-09-23T00:00:00Z,SVP
126964,2015-04-04T22:00:00Z,-30.50852,-47.71494,-0.0438,0.078,186.29166,2016-09-23T00:00:00Z,SVP
126964,2015-04-04T23:00:00Z,-30.51841,-47.71447,-0.0162,-0.0812,358.6667,2016-09-23T00:00:00Z,SVP
126964,2015-04-05T00:00:00Z,-30.52257,-47.7157,-0.016,-0.0754,358.6667,2016-09-23T00:00:00Z,SVP
126964,2015-04-05T01:00:00Z,-30.52551,-47.71488,0.0232,-0.1713,137.08333,2016-09-23T00:00:00Z,SVP
126964,2015-04-05T02:00:00Z,-30.53376,-47.71773,-0.2547,-0.2746,115.958336,2016-09-23T00:00:00Z,SVP
126964,2015-04-05T03:00:00Z,-30.54185,-47.72159,-0.1105,-0.2859,210.91667,2016-09-23T00:00:00Z,SVP
126964,2015-04-05T04:00:00Z,-30.54723,-47.7268,-0.0516,-0.168,256.66666,2016-09-23T00:00:00Z,SVP
126964,2015-04-05T05:00:00Z,-30.54451,-47.72757,-0.0617,-0.0914,256.66666,2016-09-23T00:00:00Z,SVP
126964,2015-04-05T06:00:00Z,-30.55206,-47.72999,-0.0413,-0.2831,435.91666,2016-09-23T00:00:00Z,SVP
126964,2015-04-05T07:00:00Z,-30.56141,-47.73203,-0.0409,-0.2829,435.91666,2016-09-23T00:00:00Z,SVP
126964,2015-04-05T08:00:00Z,-30.57052,-47.73408,-0.0386,-0.2839,435.91666,2016-09-23T00:00:00Z,SVP
126964,2015-04-05T09:00:00Z,-30.58172,-47.73359,0.0218,-0.3422,246.16667,2016-09-23T00:00:00Z,SVP
126964,2015-04-05T10:00:00Z,-30.5937,-47.73669,-0.0228,-0.3474,246.16667,2016-09-23T00:00:00Z,SVP
126964,2015-04-05T11:00:00Z,-30.60285,-47.73339,0.1633,-0.2468,200.41666,2016-09-23T00:00:00Z,SVP
126964,2015-04-05T12:00:00Z,-30.6095,-47.72759,0.1376,-0.1731,137.08333,2016-09-23T00:00:00Z,SVP
126964,2015-04-05T13:00:00Z,-30.61397,-47.72277,0.1416,-0.1035,115.958336,2016-09-23T00:00:00Z,SVP
126964,2015-04-05T14:00:00Z,-30.6172,-47.71815,0.1506,-0.1038,966.75,2016-09-23T00:00:00Z,SVP
126964,2015-04-05T15:00:00Z,-30.6209,-47.71222,0.1505,-0.1032,966.75,2016-09-23T00:00:00Z,SVP
126964,2015-04-05T16:00:00Z,-30.62437,-47.70641,0.1505,-0.1029,966.75,2016-09-23T00:00:00Z,SVP
126964,2015-04-05T17:00:00Z,-30.62777,-47.70063,0.1504,-0.1027,966.75,2016-09-23T00:00:00Z,SVP
126964,2015-04-05T18:00:00Z,-30.63115,-47.69481,0.1503,-0.1026,966.75,2016-09-23T00:00:00Z,SVP
126964,2015-04-05T19:00:00Z,-30.63453,-47.68882,0.1502,-0.1024,966.75,2016-09-23T00:00:00Z,SVP
126964,2015-04-05T20:00:00Z,-30.63731,-47.68191,-0.0956,-0.0932,116.083336,2016-09-23T00:00:00Z,SVP
126964,2015-04-05T21:00:00Z,-30.63937,-47.68551,-0.1131,-0.0516,140.70834,2016-09-23T00:00:00Z,SVP
126964,2015-04-05T22:00:00Z,-30.64031,-47.69033,-0.1082,-0.0484,386.70834,2016-09-23T00:00:00Z,SVP
126964,2015-04-05T23:00:00Z,-30.64297,-47.69338,-0.1024,-0.0595,386.70834,2016-09-23T00:00:00Z,SVP
126964,2015-04-06T00:00:00Z,-30.64619,-47.69632,-0.0995,-0.0674,386.70834,2016-09-23T00:00:00Z,SVP
126964,2015-04-06T01:00:00Z,-30.64402,-47.70359,-0.213,-0.101,112.5,2016-09-23T00:00:00Z,SVP
126964,2015-04-06T02:00:00Z,-30.6483,-47.71158,-0.2413,-0.1472,502.79166,2016-09-23T00:00:00Z,SVP
126964,2015-04-06T03:00:00Z,-30.65252,-47.72078,-0.2425,-0.1466,502.79166,2016-09-23T00:00:00Z,SVP
126964,2015-04-06T04:00:00Z,-30.65686,-47.72945,-0.2414,-0.1466,502.79166,2016-09-23T00:00:00Z,SVP
126964,2015-04-06T05:00:00Z,-30.66076,-47.73693,-0.2377,-0.147,502.79166,2016-09-23T00:00:00Z,SVP
126964,2015-04-06T06:00:00Z,-30.66812,-47.7517,-0.3735,-0.1772,186.29166,2016-09-23T00:00:00Z,SVP
126964,2015-04-06T07:00:00Z,-30.6741,-47.76561,-0.3699,-0.2245,239.08334,2016-09-23T00:00:00Z,SVP
126964,2015-04-06T08:00:00Z,-30.6815,-47.77934,-0.1744,-0.4112,291.91666,2016-09-23T00:00:00Z,SVP
126964,2015-04-06T09:00:00Z,-30.69587,-47.78589,-0.1721,-0.4073,291.91666,2016-09-23T00:00:00Z,SVP
126964,2015-04-06T10:00:00Z,-30.70958,-47.7947,-0.1758,-0.3927,232.04169,2016-09-23T00:00:00Z,SVP
126964,2015-04-06T11:00:00Z,-30.72125,-47.79767,-0.1544,-0.3934,232.04169,2016-09-23T00:00:00Z,SVP
126964,2015-04-06T12:00:00Z,-30.73202,-47.80351,-0.125,-0.3034,126.58333,2016-09-23T00:00:00Z,SVP
126964,2015-04-06T13:00:00Z,-30.7423,-47.80698,-0.109,-0.3087,115.958336,2016-09-23T00:00:00Z,SVP
126964,2015-04-06T14:00:00Z,-30.75235,-47.80967,-0.032,-0.3197,675.0,2016-09-23T00:00:00Z,SVP
126964,2015-04-06T15:00:00Z,-30.76257,-47.81239,-0.0434,-0.3194,675.0,2016-09-23T00:00:00Z,SVP
126964,2015-04-06T16:00:00Z,-30.77276,-47.81667,-0.0607,-0.3192,675.0,2016-09-23T00:00:00Z,SVP
126964,2015-04-06T17:00:00Z,-30.78277,-47.8214,-0.0293,-0.3187,675.0,2016-09-23T00:00:00Z,SVP
126964,2015-04-06T18:00:00Z,-30.79203,-47.8204,0.0925,-0.3012,249.58333,2016-09-23T00:00:00Z,SVP
126964,2015-04-06T19:00:00Z,-30.80365,-47.81251,-0.0146,-0.3112,249.58333,2016-09-23T00:00:00Z,SVP
126964,2015-04-06T20:00:00Z,-30.80036,-47.81268,0.1248,-0.1282,161.70833,2016-09-23T00:00:00Z,SVP
126964,2015-04-06T21:00:00Z,-30.80525,-47.80608,0.1203,-0.1285,115.958336,2016-09-23T00:00:00Z,SVP
126964,2015-04-06T22:00:00Z,-30.81204,-47.81462,-0.2846,-0.3646,270.74997,2016-09-23T00:00:00Z,SVP
126964,2015-04-06T23:00:00Z,-30.82551,-47.82498,-0.2844,-0.3554,270.74997,2016-09-23T00:00:00Z,SVP
126964,2015-04-07T00:00:00Z,-30.83786,-47.83426,-0.2581,-0.2141,140.70834,2016-09-23T00:00:00Z,SVP
126964,2015-04-07T01:00:00Z,-30.84387,-47.84404,-0.0876,-0.1148,115.958336,2016-09-23T00:00:00Z,SVP
126964,2015-04-07T02:00:00Z,-30.85575,-47.84758,-0.0938,-0.5264,516.75,2016-09-23T00:00:00Z,SVP
126964,2015-04-07T03:00:00Z,-30.87386,-47.85119,-0.0941,-0.5225,516.75,2016-09-23T00:00:00Z,SVP
126964,2015-04-07T04:00:00Z,-30.89418,-47.85461,-0.094,-0.4883,516.75,2016-09-23T00:00:00Z,SVP
126964,2015-04-07T05:00:00Z,-30.90948,-47.85701,-0.0901,-0.5193,390.29166,2016-09-23T00:00:00Z,SVP
126964,2015-04-07T06:00:00Z,-30.92448,-47.86118,-0.0927,-0.5274,390.29166,2016-09-23T00:00:00Z,SVP
126964,2015-04-07T07:00:00Z,-30.94095,-47.8654,-0.094,-0.5288,390.29166,2016-09-23T00:00:00Z,SVP
126964,2015-04-07T08:00:00Z,-30.95819,-47.86893,-0.0908,-0.5223,249.58333,2016-09-23T00:00:00Z,SVP
126964,2015-04-07T09:00:00Z,-30.97574,-47.8632,0.029,-0.5211,249.58333,2016-09-23T00:00:00Z,SVP
126964,2015-04-07T10:00:00Z,-30.99085,-47.87024,-0.0528,-0.4885,274.2083,2016-09-23T00:00:00Z,SVP
126964,2015-04-07T11:00:00Z,-31.00768,-47.88141,0.2638,-0.3269,147.58333,2016-09-23T00:00:00Z,SVP
126964,2015-04-07T12:00:00Z,-31.01753,-47.87194,0.2684,-0.3114,109.041664,2016-09-23T00:00:00Z,SVP
126964,2015-04-07T13:00:00Z,-31.02849,-47.86425,-0.0082,-0.3617,137.08333,2016-09-23T00:00:00Z,SVP
126964,2015-04-07T14:00:00Z,-31.03971,-47.86394,-0.0222,-0.3493,558.9167,2016-09-23T00:00:00Z,SVP
126964,2015-04-07T15:00:00Z,-31.05119,-47.86503,-0.0234,-0.3503,558.9167,2016-09-23T00:00:00Z,SVP
126964,2015-04-07T16:00:00Z,-31.06289,-47.86624,-0.0245,-0.352,558.9167,2016-09-23T00:00:00Z,SVP
126964,2015-04-07T17:00:00Z,-31.07499,-47.86779,-0.0262,-0.3546,558.9167,2016-09-23T00:00:00Z,SVP
126964,2015-04-07T18:00:00Z,-31.08493,-47.87075,-0.0678,-0.3216,242.54167,2016-09-23T00:00:00Z,SVP
126964,2015-04-07T19:00:00Z,-31.09252,-47.86497,-0.3088,-0.3172,161.70833,2016-09-23T00:00:00Z,SVP
126964,2015-04-07T20:00:00Z,-31.10551,-47.88017,-0.1217,-0.304,161.70833,2016-09-23T00:00:00Z,SVP
126964,2015-04-07T21:00:00Z,-31.11673,-47.88563,-0.1701,-0.4302,140.70834,2016-09-23T00:00:00Z,SVP
126964,2015-04-07T22:00:00Z,-31.13328,-47.89361,-0.2217,-0.508,102.0,2016-09-23T00:00:00Z,SVP
126964,2015-04-07T23:00:00Z,-31.1488,-47.9013,-0.2047,-0.4638,312.91666,2016-09-23T00:00:00Z,SVP
126964,2015-04-08T00:00:00Z,-31.16358,-47.90931,-0.2023,-0.4666,312.91666,2016-09-23T00:00:00Z,SVP
126964,2015-04-08T01:00:00Z,-31.17916,-47.91275,-0.1163,-0.5027,126.58333,2016-09-23T00:00:00Z,SVP
126964,2015-04-08T02:00:00Z,-31.1957,-47.91765,-0.1046,-0.5101,537.9166,2016-09-23T00:00:00Z,SVP
126964,2015-04-08T03:00:00Z,-31.21253,-47.92209,-0.1056,-0.5108,537.9166,2016-09-23T00:00:00Z,SVP
126964,2015-04-08T04:00:00Z,-31.22945,-47.9265,-0.106,-0.5112,537.9166,2016-09-23T00:00:00Z,SVP
126964,2015-04-08T05:00:00Z,-31.2455,-47.92897,0.0465,-0.446,246.16667,2016-09-23T00:00:00Z,SVP
126964,2015-04-08T06:00:00Z,-31.25914,-47.9262,0.0469,-0.4479,246.16667,2016-09-23T00:00:00Z,SVP
126964,2015-04-08T07:00:00Z,-31.27252,-47.92634,0.022,-0.4058,112.5,2016-09-23T00:00:00Z,SVP
126964,2015-04-08T08:00:00Z,-31.28415,-47.92832,-0.0376,-0.3722,168.75,2016-09-23T00:00:00Z,SVP
126964,2015-04-08T09:00:00Z,-31.29602,-47.92964,-0.0348,-0.3354,256.66666,2016-09-23T00:00:00Z,SVP
126964,2015-04-08T10:00:00Z,-31.30717,-47.93118,-0.0339,-0.3324,256.66666,2016-09-23T00:00:00Z,SVP
126964,2015-04-08T11:00:00Z,-31.31593,-47.93278,-0.0478,-0.2488,158.25,2016-09-23T00:00:00Z,SVP
126964,2015-04-08T12:00:00Z,-31.3242,-47.93365,-0.0205,-0.2503,130.04166,2016-09-23T00:00:00Z,SVP
126964,2015-04-08T13:00:00Z,-31.33371,-47.93411,-0.0446,-0.2923,126.58333,2016-09-23T00:00:00Z,SVP
126964,2015-04-08T14:00:00Z,-31.34298,-47.93599,-0.0718,-0.2849,587.0834,2016-09-23T00:00:00Z,SVP
126964,2015-04-08T15:00:00Z,-31.35203,-47.93893,-0.071,-0.2854,587.0834,2016-09-23T00:00:00Z,SVP
126964,2015-04-08T16:00:00Z,-31.3612,-47.94174,-0.0705,-0.2857,587.0834,2016-09-23T00:00:00Z,SVP
126964,2015-04-08T17:00:00Z,-31.3704,-47.94452,-0.0699,-0.2859,587.0834,2016-09-23T00:00:00Z,SVP
126964,2015-04-08T18:00:00Z,-31.3804,-47.94659,-0.067,-0.2952,242.54167,2016-09-23T00:00:00Z,SVP
126964,2015-04-08T19:00:00Z,-31.39044,-47.94889,-0.0431,-0.3464,175.79167,2016-09-23T00:00:00Z,SVP
126964,2015-04-08T20:00:00Z,-31.4024,-47.95039,-0.045,-0.3846,172.20833,2016-09-23T00:00:00Z,SVP
126964,2015-04-08T21:00:00Z,-31.41435,-47.95228,-0.0482,-0.3808,172.20833,2016-09-23T00:00:00Z,SVP
126964,2015-04-08T22:00:00Z,-31.4261,-47.95616,-0.0943,-0.3305,358.6667,2016-09-23T00:00:00Z,SVP
126964,2015-04-08T23:00:00Z,-31.43643,-47.95966,-0.0941,-0.3315,358.6667,2016-09-23T00:00:00Z,SVP
126964,2015-04-09T00:00:00Z,-31.4468,-47.96342,-0.0929,-0.3335,358.6667,2016-09-23T00:00:00Z,SVP
126964,2015-04-09T01:00:00Z,-31.45715,-47.96371,0.0099,-0.3083,140.70834,2016-09-23T00:00:00Z,SVP
126964,2015-04-09T02:00:00Z,-31.46645,-47.96285,0.0131,-0.2771,116.083336,2016-09-23T00:00:00Z,SVP
126964,2015-04-09T03:00:00Z,-31.4761,-47.9654,0.066,-0.2838,319.9583,2016-09-23T00:00:00Z,SVP
126964,2015-04-09T04:00:00Z,-31.48409,-47.96073,0.0315,-0.285,319.9583,2016-09-23T00:00:00Z,SVP
126964,2015-04-09T05:00:00Z,-31.49323,-47.95985,0.0814,-0.2798,239.08334,2016-09-23T00:00:00Z,SVP
126964,2015-04-09T06:00:00Z,-31.50421,-47.95777,0.087,-0.2726,239.08334,2016-09-23T00:00:00Z,SVP
126964,2015-04-09T07:00:00Z,-31.51094,-47.95449,0.0663,-0.2327,200.41666,2016-09-23T00:00:00Z,SVP
126964,2015-04-09T08:00:00Z,-31.51712,-47.95261,0.0582,-0.174,126.58333,2016-09-23T00:00:00Z,SVP
126964,2015-04-09T09:00:00Z,-31.52536,-47.94843,0.0783,-0.255,112.5,2016-09-23T00:00:00Z,SVP
126964,2015-04-09T10:00:00Z,-31.53503,-47.94324,0.2442,-0.1721,193.33334,2016-09-23T00:00:00Z,SVP
126964,2015-04-09T11:00:00Z,-31.54035,-47.93217,0.2215,-0.1674,193.33334,2016-09-23T00:00:00Z,SVP
126964,2015-04-09T12:00:00Z,-31.54476,-47.92647,0.0276,-0.1901,140.70834,2016-09-23T00:00:00Z,SVP
126964,2015-04-09T13:00:00Z,-31.55084,-47.92474,0.0722,-0.144,119.54167,2016-09-23T00:00:00Z,SVP
126964,2015-04-09T14:00:00Z,-31.55671,-47.92409,0.12,-0.1234,485.08334,2016-09-23T00:00:00Z,SVP
126964,2015-04-09T15:00:00Z,-31.56008,-47.91847,0.1159,-0.1248,485.08334,2016-09-23T00:00:00Z,SVP
126964,2015-04-09T16:00:00Z,-31.56376,-47.91462,0.1205,-0.1258,485.08334,2016-09-23T00:00:00Z,SVP
126964,2015-04-09T17:00:00Z,-31.56727,-47.91125,0.2104,-0.1646,239.08334,2016-09-23T00:00:00Z,SVP
126964,2015-04-09T18:00:00Z,-31.57309,-47.90294,0.212,-0.1665,239.08334,2016-09-23T00:00:00Z,SVP
126964,2015-04-09T19:00:00Z,-31.5791,-47.89766,0.1484,-0.1941,140.70834,2016-09-23T00:00:00Z,SVP
126964,2015-04-09T20:00:00Z,-31.58468,-47.89544,0.1138,-0.0806,123.0,2016-09-23T00:00:00Z,SVP
126964,2015-04-09T21:00:00Z,-31.58785,-47.88895,0.2278,-0.1093,66.75,2016-09-23T00:00:00Z,SVP
126964,2015-04-09T22:00:00Z,-31.59624,-47.88152,0.1428,-0.3064,126.58333,2016-09-23T00:00:00Z,SVP
126964,2015-04-09T23:00:00Z,-31.60144,-47.87565,0.1408,-0.1487,309.45834,2016-09-23T00:00:00Z,SVP
126964,2015-04-10T00:00:00Z,-31.60569,-47.87034,0.1409,-0.1545,309.45834,2016-09-23T00:00:00Z,SVP
126964,2015-04-10T01:00:00Z,-31.61136,-47.86447,0.16,-0.1544,123.166664,2016-09-23T00:00:00Z,SVP
126964,2015-04-10T02:00:00Z,-31.62073,-47.85697,0.2328,-0.2658,126.58333,2016-09-23T00:00:00Z,SVP
126964,2015-04-10T03:00:00Z,-31.62088,-47.84706,0.2531,-0.0312,319.9583,2016-09-23T00:00:00Z,SVP
126964,2015-04-10T04:00:00Z,-31.62207,-47.8371,0.2527,-0.0241,319.9583,2016-09-23T00:00:00Z,SVP
126964,2015-04-10T05:00:00Z,-31.62272,-47.82815,0.247,-0.0078,267.16666,2016-09-23T00:00:00Z,SVP
126964,2015-04-10T06:00:00Z,-31.62266,-47.81913,0.2133,-0.0522,172.20833,2016-09-23T00:00:00Z,SVP
126964,2015-04-10T07:00:00Z,-31.62497,-47.8109,0.2104,-0.0555,172.20833,2016-09-23T00:00:00Z,SVP
126964,2015-04-10T08:00:00Z,-31.62801,-47.80418,0.2073,-0.0683,144.16667,2016-09-23T00:00:00Z,SVP
126964,2015-04-10T09:00:00Z,-31.6295,-47.79569,0.2083,-0.0216,77.41667,2016-09-23T00:00:00Z,SVP
126964,2015-04-10T10:00:00Z,-31.62953,-47.78714,0.2148,7.0E-4,246.16667,2016-09-23T00:00:00Z,SVP
126964,2015-04-10T11:00:00Z,-31.62996,-47.78589,0.1341,-1.0E-4,246.16667,2016-09-23T00:00:00Z,SVP
126964,2015-04-10T12:00:00Z,-31.63023,-47.76566,0.4881,-0.0319,133.66667,2016-09-23T00:00:00Z,SVP
126964,2015-04-10T13:00:00Z,-31.63079,-47.75755,0.1975,0.0191,123.0,2016-09-23T00:00:00Z,SVP
126964,2015-04-10T14:00:00Z,-31.62969,-47.74992,0.2137,0.0607,502.79166,2016-09-23T00:00:00Z,SVP
126964,2015-04-10T15:00:00Z,-31.62826,-47.74158,0.2131,0.0574,502.79166,2016-09-23T00:00:00Z,SVP
126964,2015-04-10T16:00:00Z,-31.62731,-47.73389,0.2173,0.0535,502.79166,2016-09-23T00:00:00Z,SVP
126964,2015-04-10T17:00:00Z,-31.62557,-47.72642,0.2196,0.14,242.54167,2016-09-23T00:00:00Z,SVP
126964,2015-04-10T18:00:00Z,-31.61974,-47.71648,0.2294,0.1191,242.54167,2016-09-23T00:00:00Z,SVP
126964,2015-04-10T19:00:00Z,-31.61619,-47.71306,0.0155,0.1296,196.95833,2016-09-23T00:00:00Z,SVP
126964,2015-04-10T20:00:00Z,-31.61207,-47.71224,0.0143,0.1148,87.91667,2016-09-23T00:00:00Z,SVP
126964,2015-04-10T21:00:00Z,-31.61083,-47.70439,0.2937,-0.042,98.416664,2016-09-23T00:00:00Z,SVP
126964,2015-04-10T22:00:00Z,-31.61246,-47.69576,0.0788,0.0252,323.41666,2016-09-23T00:00:00Z,SVP
126964,2015-04-10T23:00:00Z,-31.61125,-47.69325,0.0743,0.0268,323.41666,2016-09-23T00:00:00Z,SVP
126964,2015-04-11T00:00:00Z,-31.61077,-47.68944,0.0747,0.0289,323.41666,2016-09-23T00:00:00Z,SVP
126964,2015-04-11T01:00:00Z,-31.60869,-47.69086,0.1052,0.0663,112.5,2016-09-23T00:00:00Z,SVP
126964,2015-04-11T02:00:00Z,-31.60942,-47.68746,0.1394,0.1113,372.5833,2016-09-23T00:00:00Z,SVP
126964,2015-04-11T03:00:00Z,-31.60488,-47.68184,0.1385,0.1028,372.5833,2016-09-23T00:00:00Z,SVP
126964,2015-04-11T04:00:00Z,-31.60126,-47.67624,0.137,0.0988,372.5833,2016-09-23T00:00:00Z,SVP
126964,2015-04-11T05:00:00Z,-31.59876,-47.67212,0.1133,0.098,242.54167,2016-09-23T00:00:00Z,SVP
126964,2015-04-11T06:00:00Z,-31.59575,-47.6683,0.0672,0.0649,172.20833,2016-09-23T00:00:00Z,SVP
126964,2015-04-11T07:00:00Z,-31.5941,-47.66585,0.0633,0.0489,84.458336,2016-09-23T00:00:00Z,SVP
126964,2015-04-11T08:00:00Z,-31.5924,-47.66347,0.0805,0.0461,179.25,2016-09-23T00:00:00Z,SVP
126964,2015-04-11T09:00:00Z,-31.59181,-47.66082,0.0588,-0.0298,73.791664,2016-09-23T00:00:00Z,SVP
126964,2015-04-11T10:00:00Z,-31.59377,-47.65752,0.0917,-0.0606,200.41666,2016-09-23T00:00:00Z,SVP
126964,2015-04-11T11:00:00Z,-31.59328,-47.65155,0.1665,0.0439,123.166664,2016-09-23T00:00:00Z,SVP
126964,2015-04-11T12:00:00Z,-31.59267,-47.64389,0.2261,0.0272,126.58333,2016-09-23T00:00:00Z,SVP
126964,2015-04-11T13:00:00Z,-31.59392,-47.63428,0.2798,0.0288,544.9583,2016-09-23T00:00:00Z,SVP
126964,2015-04-11T14:00:00Z,-31.59267,-47.62473,0.2825,0.0291,544.9583,2016-09-23T00:00:00Z,SVP
126964,2015-04-11T15:00:00Z,-31.59188,-47.61506,0.2877,0.0296,544.9583,2016-09-23T00:00:00Z,SVP
126964,2015-04-11T16:00:00Z,-31.59148,-47.60646,0.318,0.0309,544.9583,2016-09-23T00:00:00Z,SVP
126964,2015-04-11T17:00:00Z,-31.59013,-47.59589,0.2514,0.0871,239.08334,2016-09-23T00:00:00Z,SVP
126964,2015-04-11T18:00:00Z,-31.58688,-47.58128,0.2762,0.0824,239.08334,2016-09-23T00:00:00Z,SVP
126964,2015-04-11T19:00:00Z,-31.58247,-47.57661,0.0992,0.1458,189.91667,2016-09-23T00:00:00Z,SVP
126964,2015-04-11T20:00:00Z,-31.57624,-47.57017,0.3182,0.2204,186.29166,2016-09-23T00:00:00Z,SVP
126964,2015-04-11T21:00:00Z,-31.56891,-47.55673,0.3315,0.2179,186.29166,2016-09-23T00:00:00Z,SVP
126964,2015-04-11T22:00:00Z,-31.56595,-47.55182,-0.0205,0.0594,311.0833,2016-09-23T00:00:00Z,SVP
126964,2015-04-11T23:00:00Z,-31.56428,-47.55209,-0.0185,0.0597,311.0833,2016-09-23T00:00:00Z,SVP
126964,2015-04-12T00:00:00Z,-31.56165,-47.55118,-0.0183,0.1218,133.66667,2016-09-23T00:00:00Z,SVP
126964,2015-04-12T01:00:00Z,-31.55728,-47.55205,0.1733,0.1342,115.958336,2016-09-23T00:00:00Z,SVP
126964,2015-04-12T02:00:00Z,-31.5538,-47.54606,0.088,0.0897,126.58333,2016-09-23T00:00:00Z,SVP
126964,2015-04-12T03:00:00Z,-31.55083,-47.54348,0.0447,0.08,263.7083,2016-09-23T00:00:00Z,SVP
126964,2015-04-12T04:00:00Z,-31.54803,-47.54227,0.0772,0.0609,242.54167,2016-09-23T00:00:00Z,SVP
126964,2015-04-12T05:00:00Z,-31.54642,-47.53876,0.0801,0.0589,242.54167,2016-09-23T00:00:00Z,SVP
126964,2015-04-12T06:00:00Z,-31.54458,-47.53524,0.1143,0.043,193.33334,2016-09-23T00:00:00Z,SVP
126964,2015-04-12T07:00:00Z,-31.54384,-47.53017,0.1144,0.0479,281.25,2016-09-23T00:00:00Z,SVP
126964,2015-04-12T08:00:00Z,-31.54167,-47.52648,0.113,0.0495,281.25,2016-09-23T00:00:00Z,SVP
126964,2015-04-12T09:00:00Z,-31.53966,-47.52213,0.119,0.0616,189.91667,2016-09-23T00:00:00Z,SVP
126964,2015-04-12T10:00:00Z,-31.5388,-47.51678,0.1281,0.0543,189.91667,2016-09-23T00:00:00Z,SVP
126964,2015-04-12T11:00:00Z,-31.53643,-47.49524,-0.0023,0.0308,133.66667,2016-09-23T00:00:00Z,SVP
126964,2015-04-12T12:00:00Z,-31.53722,-47.50015,0.2231,0.0959,116.083336,2016-09-23T00:00:00Z,SVP
126964,2015-04-12T13:00:00Z,-31.53335,-47.49109,0.2248,0.1098,562.5,2016-09-23T00:00:00Z,SVP
126964,2015-04-12T14:00:00Z,-31.5301,-47.48285,0.2244,0.1094,562.5,2016-09-23T00:00:00Z,SVP
126964,2015-04-12T15:00:00Z,-31.52674,-47.47445,0.2243,0.1093,562.5,2016-09-23T00:00:00Z,SVP
126964,2015-04-12T16:00:00Z,-31.5235,-47.46606,0.2243,0.1093,562.5,2016-09-23T00:00:00Z,SVP
126964,2015-04-12T17:00:00Z,-31.51928,-47.45819,0.2018,0.1176,235.50002,2016-09-23T00:00:00Z,SVP
126964,2015-04-12T18:00:00Z,-31.51552,-47.44935,0.1657,0.1396,193.33334,2016-09-23T00:00:00Z,SVP
126964,2015-04-12T19:00:00Z,-31.51095,-47.4445,0.1682,0.139,193.33334,2016-09-23T00:00:00Z,SVP
126964,2015-04-12T20:00:00Z,-31.50556,-47.43867,0.1397,0.1729,256.66666,2016-09-23T00:00:00Z,SVP
126964,2015-04-12T21:00:00Z,-31.50193,-47.42997,0.1318,0.1548,485.08334,2016-09-23T00:00:00Z,SVP
126964,2015-04-12T22:00:00Z,-31.49491,-47.42735,0.1357,0.1757,485.08334,2016-09-23T00:00:00Z,SVP
126964,2015-04-12T23:00:00Z,-31.48744,-47.42347,0.1371,0.189,485.08334,2016-09-23T00:00:00Z,SVP
126964,2015-04-13T00:00:00Z,-31.48041,-47.41935,0.1382,0.1917,485.08334,2016-09-23T00:00:00Z,SVP
126964,2015-04-13T01:00:00Z,-31.47702,-47.41365,0.137,0.0899,530.8334,2016-09-23T00:00:00Z,SVP
126964,2015-04-13T02:00:00Z,-31.47446,-47.40751,0.1353,0.0917,530.8334,2016-09-23T00:00:00Z,SVP
126964,2015-04-13T03:00:00Z,-31.47172,-47.40134,0.1321,0.0933,530.8334,2016-09-23T00:00:00Z,SVP
126964,2015-04-13T04:00:00Z,-31.46903,-47.39558,0.1469,0.0737,249.58333,2016-09-23T00:00:00Z,SVP
126964,2015-04-13T05:00:00Z,-31.46637,-47.39264,0.1347,0.0744,249.58333,2016-09-23T00:00:00Z,SVP
126964,2015-04-13T06:00:00Z,-31.4643,-47.38561,0.1744,0.0682,186.29166,2016-09-23T00:00:00Z,SVP
126964,2015-04-13T07:00:00Z,-31.46301,-47.37833,0.2018,0.0882,246.16667,2016-09-23T00:00:00Z,SVP
126964,2015-04-13T08:00:00Z,-31.45888,-47.37165,0.2012,0.0824,246.16667,2016-09-23T00:00:00Z,SVP
126964,2015-04-13T09:00:00Z,-31.45682,-47.36323,0.2099,0.0829,182.83333,2016-09-23T00:00:00Z,SVP
126964,2015-04-13T10:00:00Z,-31.45388,-47.35576,0.1997,0.0814,309.45834,2016-09-23T00:00:00Z,SVP
126964,2015-04-13T11:00:00Z,-31.45119,-47.34843,0.1975,0.0823,309.45834,2016-09-23T00:00:00Z,SVP
126964,2015-04-13T12:00:00Z,-31.44904,-47.33818,0.3171,0.0631,98.416664,2016-09-23T00:00:00Z,SVP
126964,2015-04-13T13:00:00Z,-31.44798,-47.32427,0.3438,0.0786,144.16667,2016-09-23T00:00:00Z,SVP
126964,2015-04-13T14:00:00Z,-31.44443,-47.31177,0.3251,0.1224,689.0833,2016-09-23T00:00:00Z,SVP
126964,2015-04-13T15:00:00Z,-31.44016,-47.29961,0.3245,0.1224,689.0833,2016-09-23T00:00:00Z,SVP
126964,2015-04-13T16:00:00Z,-31.43603,-47.28727,0.3243,0.1222,689.0833,2016-09-23T00:00:00Z,SVP
126964,2015-04-13T17:00:00Z,-31.43193,-47.2747,0.3246,0.122,689.0833,2016-09-23T00:00:00Z,SVP
126964,2015-04-13T18:00:00Z,-31.42732,-47.2631,0.295,0.1443,196.95833,2016-09-23T00:00:00Z,SVP
126964,2015-04-13T19:00:00Z,-31.42317,-47.25467,0.2931,0.1433,196.95833,2016-09-23T00:00:00Z,SVP
126964,2015-04-13T20:00:00Z,-31.41699,-47.24261,0.2845,0.1651,235.50002,2016-09-23T00:00:00Z,SVP
126964,2015-04-13T21:00:00Z,-31.41134,-47.23319,0.2431,0.1378,246.16667,2016-09-23T00:00:00Z,SVP
126964,2015-04-13T22:00:00Z,-31.40888,-47.21971,0.3031,0.1414,246.16667,2016-09-23T00:00:00Z,SVP
126964,2015-04-13T23:00:00Z,-31.40325,-47.21681,0.1649,0.1445,246.16667,2016-09-23T00:00:00Z,SVP
126964,2015-04-14T00:00:00Z,-31.3981,-47.21022,0.1473,0.162,109.041664,2016-09-23T00:00:00Z,SVP
126964,2015-04-14T01:00:00Z,-31.39363,-47.20349,0.222,0.1261,133.66667,2016-09-23T00:00:00Z,SVP
126964,2015-04-14T02:00:00Z,-31.39003,-47.19434,0.2352,0.0906,298.7917,2016-09-23T00:00:00Z,SVP
126964,2015-04-14T03:00:00Z,-31.38707,-47.18619,0.2358,0.0897,298.7917,2016-09-23T00:00:00Z,SVP
126964,2015-04-14T04:00:00Z,-31.38443,-47.17697,0.2488,0.0549,253.20834,2016-09-23T00:00:00Z,SVP
126964,2015-04-14T05:00:00Z,-31.38257,-47.16717,0.2465,0.0527,253.20834,2016-09-23T00:00:00Z,SVP
126964,2015-04-14T06:00:00Z,-31.38103,-47.15742,0.2783,0.0528,179.25,2016-09-23T00:00:00Z,SVP
126964,2015-04-14T07:00:00Z,-31.37905,-47.14626,0.3003,0.0704,221.54167,2016-09-23T00:00:00Z,SVP
126964,2015-04-14T08:00:00Z,-31.37603,-47.13517,0.3285,0.086,158.25,2016-09-23T00:00:00Z,SVP
126964,2015-04-14T09:00:00Z,-31.37551,-47.12154,0.2888,-0.0178,91.33333,2016-09-23T00:00:00Z,SVP
126964,2015-04-14T10:00:00Z,-31.3752,-47.11084,0.2787,-0.0293,154.66667,2016-09-23T00:00:00Z,SVP
126964,2015-04-14T11:00:00Z,-31.37572,-47.09903,0.457,0.1965,84.458336,2016-09-23T00:00:00Z,SVP
126964,2015-04-14T12:00:00Z,-31.37045,-47.08222,0.398,0.0559,137.08333,2016-09-23T00:00:00Z,SVP
126964,2015-04-14T13:00:00Z,-31.36968,-47.06637,0.4169,0.0472,115.958336,2016-09-23T00:00:00Z,SVP
126964,2015-04-14T14:00:00Z,-31.36773,-47.05199,0.4424,0.0708,594.1666,2016-09-23T00:00:00Z,SVP
126964,2015-04-14T15:00:00Z,-31.36553,-47.03406,0.4398,0.0708,594.1666,2016-09-23T00:00:00Z,SVP
126964,2015-04-14T16:00:00Z,-31.3633,-47.01707,0.4393,0.0708,594.1666,2016-09-23T00:00:00Z,SVP
126964,2015-04-14T17:00:00Z,-31.36111,-47.00011,0.4388,0.0709,594.1666,2016-09-23T00:00:00Z,SVP
126964,2015-04-14T18:00:00Z,-31.3587,-46.98405,0.4538,0.0765,376.2083,2016-09-23T00:00:00Z,SVP
126964,2015-04-14T19:00:00Z,-31.35607,-46.96775,0.4636,0.0759,376.2083,2016-09-23T00:00:00Z,SVP
126964,2015-04-14T20:00:00Z,-31.35364,-46.95054,0.4689,0.0764,376.2083,2016-09-23T00:00:00Z,SVP
126964,2015-04-14T21:00:00Z,-31.34771,-46.93811,0.2846,0.2033,193.33334,2016-09-23T00:00:00Z,SVP
126964,2015-04-14T22:00:00Z,-31.34118,-46.92758,0.4439,0.0556,372.5833,2016-09-23T00:00:00Z,SVP
126964,2015-04-14T23:00:00Z,-31.34045,-46.90984,0.4417,0.0594,372.5833,2016-09-23T00:00:00Z,SVP
126964,2015-04-15T00:00:00Z,-31.33936,-46.89229,0.4333,0.0697,372.5833,2016-09-23T00:00:00Z,SVP
126964,2015-04-15T01:00:00Z,-31.33826,-46.87814,0.3527,0.0133,130.04166,2016-09-23T00:00:00Z,SVP
126964,2015-04-15T02:00:00Z,-31.3418,-46.86779,0.3317,-0.044,464.08337,2016-09-23T00:00:00Z,SVP
126964,2015-04-15T03:00:00Z,-31.34217,-46.8545,0.3322,-0.0433,464.08337,2016-09-23T00:00:00Z,SVP
126964,2015-04-15T04:00:00Z,-31.34303,-46.84164,0.3321,-0.0447,464.08337,2016-09-23T00:00:00Z,SVP
126964,2015-04-15T05:00:00Z,-31.34392,-46.82886,0.3319,-0.0483,464.08337,2016-09-23T00:00:00Z,SVP
126964,2015-04-15T06:00:00Z,-31.34622,-46.81512,0.36,-0.0324,175.79167,2016-09-23T00:00:00Z,SVP
126964,2015-04-15T07:00:00Z,-31.34661,-46.80054,0.3829,-0.029,189.91667,2016-09-23T00:00:00Z,SVP
126964,2015-04-15T08:00:00Z,-31.34792,-46.78458,0.4994,-0.0479,73.791664,2016-09-23T00:00:00Z,SVP
126964,2015-04-15T09:00:00Z,-31.34925,-46.76613,0.4164,-0.0358,112.5,2016-09-23T00:00:00Z,SVP
126964,2015-04-15T10:00:00Z,-31.35266,-46.75033,0.4215,-0.0201,133.66667,2016-09-23T00:00:00Z,SVP
126964,2015-04-15T11:00:00Z,-31.35156,-46.729,0.5253,-0.0237,232.04169,2016-09-23T00:00:00Z,SVP
126964,2015-04-15T12:00:00Z,-31.35171,-46.70963,0.5108,0.043,133.66667,2016-09-23T00:00:00Z,SVP
126964,2015-04-15T13:00:00Z,-31.34968,-46.696,0.345,0.0608,109.041664,2016-09-23T00:00:00Z,SVP
126964,2015-04-15T14:00:00Z,-31.35168,-46.68202,0.3519,-0.0453,625.7917,2016-09-23T00:00:00Z,SVP
126964,2015-04-15T15:00:00Z,-31.35443,-46.66784,0.3577,-0.0504,625.7917,2016-09-23T00:00:00Z,SVP
126964,2015-04-15T16:00:00Z,-31.3573,-46.65412,0.3588,-0.0561,625.7917,2016-09-23T00:00:00Z,SVP
126964,2015-04-15T17:00:00Z,-31.36073,-46.6409,0.3574,-0.0629,625.7917,2016-09-23T00:00:00Z,SVP
126964,2015-04-15T18:00:00Z,-31.3611,-46.62172,0.5457,0.0371,337.5,2016-09-23T00:00:00Z,SVP
126964,2015-04-15T19:00:00Z,-31.35899,-46.59363,0.4682,0.026,337.5,2016-09-23T00:00:00Z,SVP
126964,2015-04-15T20:00:00Z,-31.35827,-46.57541,0.4769,0.0365,246.16667,2016-09-23T00:00:00Z,SVP
126964,2015-04-15T21:00:00Z,-31.35711,-46.55956,0.5108,0.036,246.16667,2016-09-23T00:00:00Z,SVP
126964,2015-04-15T22:00:00Z,-31.35595,-46.54167,0.441,0.0302,400.79166,2016-09-23T00:00:00Z,SVP
126964,2015-04-15T23:00:00Z,-31.35502,-46.52279,0.4618,0.0303,400.79166,2016-09-23T00:00:00Z,SVP
126964,2015-04-16T00:00:00Z,-31.35471,-46.50324,0.4031,0.011,137.08333,2016-09-23T00:00:00Z,SVP
126964,2015-04-16T01:00:00Z,-31.35401,-46.49299,0.4867,-0.0047,116.083336,2016-09-23T00:00:00Z,SVP
126964,2015-04-16T02:00:00Z,-31.35677,-46.47381,0.4923,0.0096,815.7083,2016-09-23T00:00:00Z,SVP
126964,2015-04-16T03:00:00Z,-31.35572,-46.45552,0.4927,0.0074,815.7083,2016-09-23T00:00:00Z,SVP
126964,2015-04-16T04:00:00Z,-31.3552,-46.43698,0.4929,0.0063,815.7083,2016-09-23T00:00:00Z,SVP
126964,2015-04-16T05:00:00Z,-31.35484,-46.41839,0.493,0.0056,815.7083,2016-09-23T00:00:00Z,SVP
126964,2015-04-16T06:00:00Z,-31.35451,-46.39981,0.4933,0.0048,815.7083,2016-09-23T00:00:00Z,SVP
126964,2015-04-16T07:00:00Z,-31.35407,-46.38138,0.4939,0.0028,815.7083,2016-09-23T00:00:00Z,SVP
126964,2015-04-16T08:00:00Z,-31.35648,-46.36313,0.4493,-0.1052,151.20834,2016-09-23T00:00:00Z,SVP
126964,2015-04-16T09:00:00Z,-31.35929,-46.34591,0.4655,-0.0717,126.58333,2016-09-23T00:00:00Z,SVP
126964,2015-04-16T10:00:00Z,-31.36117,-46.32823,0.4818,-0.0254,246.16667,2016-09-23T00:00:00Z,SVP
126964,2015-04-16T11:00:00Z,-31.36182,-46.29443,0.6697,-0.0229,246.16667,2016-09-23T00:00:00Z,SVP
126964,2015-04-16T12:00:00Z,-31.36163,-46.28423,0.5506,0.0128,140.70834,2016-09-23T00:00:00Z,SVP
126964,2015-04-16T13:00:00Z,-31.36253,-46.26175,0.5493,-0.0657,653.8334,2016-09-23T00:00:00Z,SVP
126964,2015-04-16T14:00:00Z,-31.36464,-46.24574,0.4435,-0.0657,653.8334,2016-09-23T00:00:00Z,SVP
126964,2015-04-16T15:00:00Z,-31.36683,-46.22927,0.4445,-0.0655,653.8334,2016-09-23T00:00:00Z,SVP
126964,2015-04-16T16:00:00Z,-31.36909,-46.21269,0.4459,-0.0653,653.8334,2016-09-23T00:00:00Z,SVP
126964,2015-04-16T17:00:00Z,-31.3715,-46.19683,0.5121,-0.0649,653.8334,2016-09-23T00:00:00Z,SVP
126964,2015-04-16T18:00:00Z,-31.37365,-46.17844,0.4493,-0.0674,239.08334,2016-09-23T00:00:00Z,SVP
126964,2015-04-16T19:00:00Z,-31.3741,-46.13646,0.4126,-0.0541,179.25,2016-09-23T00:00:00Z,SVP
126964,2015-04-16T20:00:00Z,-31.37892,-46.1415,0.4897,-0.0701,179.25,2016-09-23T00:00:00Z,SVP
126964,2015-04-16T21:00:00Z,-31.3778,-46.10564,0.4328,-0.0116,147.58333,2016-09-23T00:00:00Z,SVP
126964,2015-04-16T22:00:00Z,-31.3793,-46.0905,0.4071,-0.0227,383.0833,2016-09-23T00:00:00Z,SVP
126964,2015-04-16T23:00:00Z,-31.37984,-46.07441,0.4077,-0.0242,383.0833,2016-09-23T00:00:00Z,SVP
126964,2015-04-17T00:00:00Z,-31.38132,-46.0598,0.3778,-0.064,126.58333,2016-09-23T00:00:00Z,SVP
126964,2015-04-17T01:00:00Z,-31.3847,-46.04388,0.6225,-0.1215,112.5,2016-09-23T00:00:00Z,SVP
126964,2015-04-17T02:00:00Z,-31.38887,-46.02005,0.6284,-0.0871,140.70834,2016-09-23T00:00:00Z,SVP
126964,2015-04-17T03:00:00Z,-31.39092,-46.00275,0.4312,-0.0625,383.25,2016-09-23T00:00:00Z,SVP
126964,2015-04-17T04:00:00Z,-31.39279,-45.98646,0.4304,-0.0622,383.25,2016-09-23T00:00:00Z,SVP
126964,2015-04-17T05:00:00Z,-31.39439,-45.97041,0.4046,-0.031,242.54167,2016-09-23T00:00:00Z,SVP
126964,2015-04-17T06:00:00Z,-31.39504,-45.95579,0.4005,-0.0285,242.54167,2016-09-23T00:00:00Z,SVP
126964,2015-04-17T07:00:00Z,-31.39807,-45.93877,0.5195,-0.2149,246.16667,2016-09-23T00:00:00Z,SVP
126964,2015-04-17T08:00:00Z,-31.40522,-45.91892,0.5171,-0.2127,246.16667,2016-09-23T00:00:00Z,SVP
126964,2015-04-17T09:00:00Z,-31.41161,-45.89966,0.5084,-0.178,105.458336,2016-09-23T00:00:00Z,SVP
126964,2015-04-17T10:00:00Z,-31.41274,-45.88134,0.4855,-0.063,418.33334,2016-09-23T00:00:00Z,SVP
126964,2015-04-17T11:00:00Z,-31.41476,-45.86278,0.4859,-0.0623,418.33334,2016-09-23T00:00:00Z,SVP
126964,2015-04-17T12:00:00Z,-31.41723,-45.84406,0.4797,-0.0349,112.5,2016-09-23T00:00:00Z,SVP
126964,2015-04-17T13:00:00Z,-31.41817,-45.82675,0.4148,-0.1628,133.66667,2016-09-23T00:00:00Z,SVP
126964,2015-04-17T14:00:00Z,-31.42348,-45.81274,0.3208,-0.1984,544.9583,2016-09-23T00:00:00Z,SVP
126964,2015-04-17T15:00:00Z,-31.42996,-45.80161,0.3234,-0.1987,544.9583,2016-09-23T00:00:00Z,SVP
126964,2015-04-17T16:00:00Z,-31.43629,-45.79002,0.3257,-0.1988,544.9583,2016-09-23T00:00:00Z,SVP
126964,2015-04-17T17:00:00Z,-31.44234,-45.77853,0.329,-0.1991,544.9583,2016-09-23T00:00:00Z,SVP
126964,2015-04-17T18:00:00Z,-31.44939,-45.76513,0.3118,-0.2071,246.16667,2016-09-23T00:00:00Z,SVP
126964,2015-04-17T19:00:00Z,-31.45674,-45.75291,0.279,-0.2181,228.45833,2016-09-23T00:00:00Z,SVP
126964,2015-04-17T20:00:00Z,-31.46301,-45.74362,0.2718,-0.2139,228.45833,2016-09-23T00:00:00Z,SVP
126964,2015-04-17T21:00:00Z,-31.47207,-45.73309,0.3052,-0.2627,186.29166,2016-09-23T00:00:00Z,SVP
126964,2015-04-17T22:00:00Z,-31.48187,-45.7179,0.2202,-0.245,337.5,2016-09-23T00:00:00Z,SVP
126964,2015-04-17T23:00:00Z,-31.48936,-45.71005,0.2178,-0.242,337.5,2016-09-23T00:00:00Z,SVP
126964,2015-04-18T00:00:00Z,-31.4963,-45.70143,0.2149,-0.2386,337.5,2016-09-23T00:00:00Z,SVP
126964,2015-04-18T01:00:00Z,-31.50862,-45.69816,0.2752,-0.3165,516.75,2016-09-23T00:00:00Z,SVP
126964,2015-04-18T02:00:00Z,-31.51746,-45.68446,0.2562,-0.3186,516.75,2016-09-23T00:00:00Z,SVP
126964,2015-04-18T03:00:00Z,-31.5273,-45.67434,0.2546,-0.3194,516.75,2016-09-23T00:00:00Z,SVP
126964,2015-04-18T04:00:00Z,-31.53718,-45.66459,0.2543,-0.3205,516.75,2016-09-23T00:00:00Z,SVP
126964,2015-04-18T05:00:00Z,-31.54808,-45.65526,0.2739,-0.3192,267.16666,2016-09-23T00:00:00Z,SVP
126964,2015-04-18T06:00:00Z,-31.55953,-45.64522,0.2716,-0.3194,267.16666,2016-09-23T00:00:00Z,SVP
126964,2015-04-18T07:00:00Z,-31.56806,-45.63984,0.185,-0.3001,186.29166,2016-09-23T00:00:00Z,SVP
126964,2015-04-18T08:00:00Z,-31.57796,-45.63416,0.2672,-0.4028,91.33333,2016-09-23T00:00:00Z,SVP
126964,2015-04-18T09:00:00Z,-31.59164,-45.61857,0.2344,-0.3594,246.16667,2016-09-23T00:00:00Z,SVP
126964,2015-04-18T10:00:00Z,-31.60301,-45.61354,0.2871,-0.3592,246.16667,2016-09-23T00:00:00Z,SVP
126964,2015-04-18T11:00:00Z,-31.61322,-45.60023,0.274,-0.2972,182.83333,2016-09-23T00:00:00Z,SVP
126964,2015-04-18T12:00:00Z,-31.62066,-45.59057,0.2227,-0.2589,119.54167,2016-09-23T00:00:00Z,SVP
126964,2015-04-18T13:00:00Z,-31.6291,-45.58138,0.2196,-0.2573,706.6666,2016-09-23T00:00:00Z,SVP
126964,2015-04-18T14:00:00Z,-31.63796,-45.57332,0.2189,-0.2558,706.6666,2016-09-23T00:00:00Z,SVP
126964,2015-04-18T15:00:00Z,-31.64656,-45.56532,0.2185,-0.2547,706.6666,2016-09-23T00:00:00Z,SVP
126964,2015-04-18T16:00:00Z,-31.65515,-45.55748,0.2182,-0.2534,706.6666,2016-09-23T00:00:00Z,SVP
126964,2015-04-18T17:00:00Z,-31.66389,-45.55057,0.1671,-0.1658,242.54167,2016-09-23T00:00:00Z,SVP
126964,2015-04-18T18:00:00Z,-31.66931,-45.53511,0.3528,-0.1629,242.54167,2016-09-23T00:00:00Z,SVP
126964,2015-04-18T19:00:00Z,-31.67454,-45.54012,0.0977,-0.1506,186.29166,2016-09-23T00:00:00Z,SVP
126964,2015-04-18T20:00:00Z,-31.67815,-45.53714,-0.1284,-0.0842,73.791664,2016-09-23T00:00:00Z,SVP
126964,2015-04-18T21:00:00Z,-31.68002,-45.53086,0.1572,-0.0446,165.29167,2016-09-23T00:00:00Z,SVP
126964,2015-04-18T22:00:00Z,-31.68181,-45.52989,-0.2233,-0.061,291.91666,2016-09-23T00:00:00Z,SVP
126964,2015-04-18T23:00:00Z,-31.68295,-45.53909,-0.2227,-0.0544,291.91666,2016-09-23T00:00:00Z,SVP
126964,2015-04-19T00:00:00Z,-31.68422,-45.54742,-0.2318,-0.172,105.458336,2016-09-23T00:00:00Z,SVP
126964,2015-04-19T01:00:00Z,-31.69052,-45.556,-0.2228,-0.1847,130.04166,2016-09-23T00:00:00Z,SVP
126964,2015-04-19T02:00:00Z,-31.6975,-45.56543,-0.2429,-0.241,119.54167,2016-09-23T00:00:00Z,SVP
126964,2015-04-19T03:00:00Z,-31.70582,-45.58591,-0.005,-0.2915,291.91666,2016-09-23T00:00:00Z,SVP
126964,2015-04-19T04:00:00Z,-31.7155,-45.58417,-0.0916,-0.2906,291.91666,2016-09-23T00:00:00Z,SVP
126964,2015-04-19T05:00:00Z,-31.72489,-45.58827,-0.0929,-0.3049,260.0833,2016-09-23T00:00:00Z,SVP
126964,2015-04-19T06:00:00Z,-31.7348,-45.59093,-0.0855,-0.3061,214.5,2016-09-23T00:00:00Z,SVP
126964,2015-04-19T07:00:00Z,-31.74464,-45.59555,-0.0919,-0.3068,214.5,2016-09-23T00:00:00Z,SVP
126964,2015-04-19T08:00:00Z,-31.75534,-45.59609,0.0414,-0.3463,270.74997,2016-09-23T00:00:00Z,SVP
126964,2015-04-19T09:00:00Z,-31.76644,-45.59422,0.0397,-0.3478,270.74997,2016-09-23T00:00:00Z,SVP
126964,2015-04-19T10:00:00Z,-31.77622,-45.59421,-0.048,-0.1988,217.95833,2016-09-23T00:00:00Z,SVP
126964,2015-04-19T11:00:00Z,-31.78232,-45.59703,-0.0522,-0.1972,217.95833,2016-09-23T00:00:00Z,SVP
126964,2015-04-19T12:00:00Z,-31.7883,-45.59447,0.1553,-0.2079,119.54167,2016-09-23T00:00:00Z,SVP
126964,2015-04-19T13:00:00Z,-31.79482,-45.58876,0.0624,-0.1977,130.04166,2016-09-23T00:00:00Z,SVP
126964,2015-04-19T14:00:00Z,-31.80074,-45.59165,0.1601,-0.1384,467.5417,2016-09-23T00:00:00Z,SVP
126964,2015-04-19T15:00:00Z,-31.80477,-45.58469,0.1583,-0.1366,467.5417,2016-09-23T00:00:00Z,SVP
126964,2015-04-19T16:00:00Z,-31.80934,-45.57895,0.1612,-0.1363,467.5417,2016-09-23T00:00:00Z,SVP
126964,2015-04-19T17:00:00Z,-31.81358,-45.57446,0.1622,-0.0917,246.16667,2016-09-23T00:00:00Z,SVP
126964,2015-04-19T18:00:00Z,-31.81614,-45.56579,0.1751,-0.0926,246.16667,2016-09-23T00:00:00Z,SVP
126964,2015-04-19T19:00:00Z,-31.81844,-45.56532,-0.0457,-0.0404,225.0,2016-09-23T00:00:00Z,SVP
126964,2015-04-19T20:00:00Z,-31.82077,-45.56779,-0.0025,-0.0682,154.66667,2016-09-23T00:00:00Z,SVP
126964,2015-04-19T21:00:00Z,-31.82197,-45.56707,-0.0119,-0.3245,94.958336,2016-09-23T00:00:00Z,SVP
126964,2015-04-19T22:00:00Z,-31.83268,-45.5677,-0.041,-0.3028,407.83334,2016-09-23T00:00:00Z,SVP
126964,2015-04-19T23:00:00Z,-31.8423,-45.56932,-0.0409,-0.3008,407.83334,2016-09-23T00:00:00Z,SVP
126964,2015-04-20T00:00:00Z,-31.8528,-45.57106,-0.0407,-0.3005,407.83334,2016-09-23T00:00:00Z,SVP
126964,2015-04-20T01:00:00Z,-31.86061,-45.57297,-0.0542,-0.274,140.70834,2016-09-23T00:00:00Z,SVP
126964,2015-04-20T02:00:00Z,-31.8757,-45.57619,0.0491,-0.3028,334.04166,2016-09-23T00:00:00Z,SVP
126964,2015-04-20T03:00:00Z,-31.88213,-45.57239,0.0377,-0.3215,334.04166,2016-09-23T00:00:00Z,SVP
126964,2015-04-20T04:00:00Z,-31.88093,-45.56991,0.0281,-0.2205,334.04166,2016-09-23T00:00:00Z,SVP
126964,2015-04-20T05:00:00Z,-31.90377,-45.56999,0.0192,-0.3132,239.08334,2016-09-23T00:00:00Z,SVP
126964,2015-04-20T06:00:00Z,-31.91411,-45.56913,0.0292,-0.3706,196.95833,2016-09-23T00:00:00Z,SVP
126964,2015-04-20T07:00:00Z,-31.92386,-45.56829,0.0323,-0.4225,196.95833,2016-09-23T00:00:00Z,SVP
126964,2015-04-20T08:00:00Z,-31.93805,-45.56428,0.0941,-0.3872,239.08334,2016-09-23T00:00:00Z,SVP
126964,2015-04-20T09:00:00Z,-31.95113,-45.55957,0.1286,-0.4236,73.791664,2016-09-23T00:00:00Z,SVP
126964,2015-04-20T10:00:00Z,-31.96517,-45.5621,-0.0234,-0.4349,246.16667,2016-09-23T00:00:00Z,SVP
126964,2015-04-20T11:00:00Z,-31.97919,-45.56367,0.0716,-0.4499,115.958336,2016-09-23T00:00:00Z,SVP
126964,2015-04-20T12:00:00Z,-31.99333,-45.56103,0.0497,-0.404,133.66667,2016-09-23T00:00:00Z,SVP
126964,2015-04-20T13:00:00Z,-32.0042,-45.5618,-0.0654,-0.2891,108.91667,2016-09-23T00:00:00Z,SVP
126964,2015-04-20T14:00:00Z,-32.01278,-45.56375,-0.0619,-0.2507,509.8333,2016-09-23T00:00:00Z,SVP
126964,2015-04-20T15:00:00Z,-32.02175,-45.56614,-0.0616,-0.2585,509.8333,2016-09-23T00:00:00Z,SVP
126964,2015-04-20T16:00:00Z,-32.03117,-45.56874,-0.0611,-0.2643,509.8333,2016-09-23T00:00:00Z,SVP
126964,2015-04-20T17:00:00Z,-32.0386,-45.57134,-0.055,-0.1303,235.50002,2016-09-23T00:00:00Z,SVP
126964,2015-04-20T18:00:00Z,-32.04219,-45.57238,-0.0505,-0.1397,235.50002,2016-09-23T00:00:00Z,SVP
126964,2015-04-20T19:00:00Z,-32.04598,-45.58811,-0.4631,-0.1032,186.29166,2016-09-23T00:00:00Z,SVP
126964,2015-04-20T20:00:00Z,-32.04871,-45.60538,-0.4568,-0.0837,144.16667,2016-09-23T00:00:00Z,SVP
126964,2015-04-20T21:00:00Z,-32.05232,-45.62228,-0.4416,-0.1067,98.416664,2016-09-23T00:00:00Z,SVP
126964,2015-04-20T22:00:00Z,-32.05801,-45.64226,-0.497,-0.1903,147.58333,2016-09-23T00:00:00Z,SVP
126964,2015-04-20T23:00:00Z,-32.06634,-45.66033,-0.4941,-0.245,291.75003,2016-09-23T00:00:00Z,SVP
126964,2015-04-21T00:00:00Z,-32.07314,-45.67954,-0.4741,-0.4347,116.083336,2016-09-23T00:00:00Z,SVP
126964,2015-04-21T01:00:00Z,-32.08718,-45.69666,-0.4111,-0.3492,130.04166,2016-09-23T00:00:00Z,SVP
126964,2015-04-21T02:00:00Z,-32.09853,-45.71086,-0.2158,-0.2525,337.5,2016-09-23T00:00:00Z,SVP
126964,2015-04-21T03:00:00Z,-32.10669,-45.71937,-0.2096,-0.2509,337.5,2016-09-23T00:00:00Z,SVP
126964,2015-04-21T04:00:00Z,-32.11511,-45.72796,-0.1281,-0.2011,263.7083,2016-09-23T00:00:00Z,SVP
126964,2015-04-21T05:00:00Z,-32.12119,-45.73201,-0.1287,-0.1975,263.7083,2016-09-23T00:00:00Z,SVP
126964,2015-04-21T06:00:00Z,-32.12533,-45.73626,-0.1009,-0.0973,165.16666,2016-09-23T00:00:00Z,SVP
126964,2015-04-21T07:00:00Z,-32.12787,-45.74009,-0.1187,-0.0616,249.58333,2016-09-23T00:00:00Z,SVP
126964,2015-04-21T08:00:00Z,-32.13036,-45.74465,-0.1197,-0.061,249.58333,2016-09-23T00:00:00Z,SVP
126964,2015-04-21T09:00:00Z,-32.13149,-45.74894,-0.1229,-0.0218,291.75003,2016-09-23T00:00:00Z,SVP
126964,2015-04-21T10:00:00Z,-32.13227,-45.75406,-0.1228,-0.02,291.75003,2016-09-23T00:00:00Z,SVP
126964,2015-04-21T11:00:00Z,-32.13067,-45.75761,-0.1111,0.0368,130.04166,2016-09-23T00:00:00Z,SVP
126964,2015-04-21T12:00:00Z,-32.12757,-45.76468,-0.1371,0.1024,144.16667,2016-09-23T00:00:00Z,SVP
126964,2015-04-21T13:00:00Z,-32.12606,-45.76843,-0.2258,-0.0422,516.75,2016-09-23T00:00:00Z,SVP
126964,2015-04-21T14:00:00Z,-32.12773,-45.77734,-0.2254,-0.0421,516.75,2016-09-23T00:00:00Z,SVP
126964,2015-04-21T15:00:00Z,-32.12936,-45.7858,-0.2264,-0.0418,516.75,2016-09-23T00:00:00Z,SVP
126964,2015-04-21T16:00:00Z,-32.13122,-45.79391,-0.229,-0.041,516.75,2016-09-23T00:00:00Z,SVP
126964,2015-04-21T17:00:00Z,-32.1324,-45.80431,-0.2764,-0.0452,246.16667,2016-09-23T00:00:00Z,SVP
126964,2015-04-21T18:00:00Z,-32.13223,-45.81549,-0.4232,-0.022,196.95833,2016-09-23T00:00:00Z,SVP
126964,2015-04-21T19:00:00Z,-32.13446,-45.8331,-0.4037,-0.026,196.95833,2016-09-23T00:00:00Z,SVP
126964,2015-04-21T20:00:00Z,-32.13517,-45.85016,-0.503,-0.233,126.58333,2016-09-23T00:00:00Z,SVP
126964,2015-04-21T21:00:00Z,-32.14349,-45.87065,-0.5333,-0.2468,115.958336,2016-09-23T00:00:00Z,SVP
126964,2015-04-21T22:00:00Z,-32.15159,-45.8899,-0.5456,-0.2415,442.95834,2016-09-23T00:00:00Z,SVP
126964,2015-04-21T23:00:00Z,-32.15962,-45.91128,-0.5418,-0.2407,442.95834,2016-09-23T00:00:00Z,SVP
126964,2015-04-22T00:00:00Z,-32.16741,-45.93233,-0.537,-0.2411,442.95834,2016-09-23T00:00:00Z,SVP
126964,2015-04-22T01:00:00Z,-32.17502,-45.95139,-0.4783,-0.2399,112.5,2016-09-23T00:00:00Z,SVP
126964,2015-04-22T02:00:00Z,-32.18027,-45.96476,-0.3465,-0.1497,140.70834,2016-09-23T00:00:00Z,SVP
126964,2015-04-22T03:00:00Z,-32.18338,-45.97645,-0.2827,-0.0741,239.08334,2016-09-23T00:00:00Z,SVP
126964,2015-04-22T04:00:00Z,-32.18549,-45.98703,-0.2191,-0.0013,253.20834,2016-09-23T00:00:00Z,SVP
126964,2015-04-22T05:00:00Z,-32.18528,-45.99508,-0.2123,0.0047,253.20834,2016-09-23T00:00:00Z,SVP
126964,2015-04-22T06:00:00Z,-32.18288,-46.00019,-0.0778,0.0998,186.29166,2016-09-23T00:00:00Z,SVP
126964,2015-04-22T07:00:00Z,-32.17933,-46.00295,-0.0321,0.1383,242.54167,2016-09-23T00:00:00Z,SVP
126964,2015-04-22T08:00:00Z,-32.17527,-46.00426,-0.031,0.1394,242.54167,2016-09-23T00:00:00Z,SVP
126964,2015-04-22T09:00:00Z,-32.16995,-46.00423,0.0074,0.1629,225.0,2016-09-23T00:00:00Z,SVP
126964,2015-04-22T10:00:00Z,-32.16323,-46.00592,-0.0366,0.2273,168.75,2016-09-23T00:00:00Z,SVP
126964,2015-04-22T11:00:00Z,-32.15587,-46.00625,-0.1032,0.3195,119.54167,2016-09-23T00:00:00Z,SVP
126964,2015-04-22T12:00:00Z,-32.14541,-46.01087,-0.0559,0.3221,116.083336,2016-09-23T00:00:00Z,SVP
126964,2015-04-22T13:00:00Z,-32.13653,-46.01306,-0.0605,0.2398,144.16667,2016-09-23T00:00:00Z,SVP
126964,2015-04-22T14:00:00Z,-32.13009,-46.01679,-0.1215,0.1712,411.2917,2016-09-23T00:00:00Z,SVP
126964,2015-04-22T15:00:00Z,-32.12413,-46.02171,-0.1214,0.1722,411.2917,2016-09-23T00:00:00Z,SVP
126964,2015-04-22T16:00:00Z,-32.1167,-46.02642,-0.1215,0.1799,411.2917,2016-09-23T00:00:00Z,SVP
126964,2015-04-22T17:00:00Z,-32.11289,-46.03176,-0.1491,0.0532,242.54167,2016-09-23T00:00:00Z,SVP
126964,2015-04-22T18:00:00Z,-32.11171,-46.03811,-0.2891,-0.0988,186.29166,2016-09-23T00:00:00Z,SVP
126964,2015-04-22T19:00:00Z,-32.11451,-46.0506,-0.2742,-0.1082,186.29166,2016-09-23T00:00:00Z,SVP
126964,2015-04-22T20:00:00Z,-32.11962,-46.05969,-0.2704,-0.1374,186.29166,2016-09-23T00:00:00Z,SVP
126964,2015-04-22T21:00:00Z,-32.12523,-46.0675,-0.1749,-0.2142,520.3334,2016-09-23T00:00:00Z,SVP
126964,2015-04-22T22:00:00Z,-32.1324,-46.07433,-0.1755,-0.2145,520.3334,2016-09-23T00:00:00Z,SVP
126964,2015-04-22T23:00:00Z,-32.13944,-46.08122,-0.1761,-0.2146,520.3334,2016-09-23T00:00:00Z,SVP
126964,2015-04-23T00:00:00Z,-32.14649,-46.0884,-0.1771,-0.2145,520.3334,2016-09-23T00:00:00Z,SVP
126964,2015-04-23T01:00:00Z,-32.15302,-46.09259,-0.1547,-0.1906,133.66667,2016-09-23T00:00:00Z,SVP
126964,2015-04-23T02:00:00Z,-32.16015,-46.09931,-0.1824,-0.1797,260.0833,2016-09-23T00:00:00Z,SVP
126964,2015-04-23T03:00:00Z,-32.16526,-46.1054,-0.1906,-0.1847,260.0833,2016-09-23T00:00:00Z,SVP
126964,2015-04-23T04:00:00Z,-32.17058,-46.1127,-0.1731,-0.1522,256.66666,2016-09-23T00:00:00Z,SVP
126964,2015-04-23T05:00:00Z,-32.17694,-46.11981,-0.1689,-0.1525,256.66666,2016-09-23T00:00:00Z,SVP
126964,2015-04-23T06:00:00Z,-32.17919,-46.12637,-0.1851,-0.0598,172.20833,2016-09-23T00:00:00Z,SVP
126964,2015-04-23T07:00:00Z,-32.18072,-46.13395,-0.2008,-0.0294,172.33334,2016-09-23T00:00:00Z,SVP
126964,2015-04-23T08:00:00Z,-32.18122,-46.14246,-0.2451,-0.0084,80.83333,2016-09-23T00:00:00Z,SVP
126964,2015-04-23T09:00:00Z,-32.17802,-46.15978,-0.4114,0.108,172.33334,2016-09-23T00:00:00Z,SVP
126964,2015-04-23T10:00:00Z,-32.17088,-46.16942,-0.3308,0.2075,249.58333,2016-09-23T00:00:00Z,SVP
126964,2015-04-23T11:00:00Z,-32.16399,-46.1842,-0.3138,0.2666,66.91667,2016-09-23T00:00:00Z,SVP
126964,2015-04-23T12:00:00Z,-32.15512,-46.19509,-0.3597,0.3077,260.0833,2016-09-23T00:00:00Z,SVP
126964,2015-04-23T13:00:00Z,-32.1459,-46.21054,-0.2983,0.309,260.0833,2016-09-23T00:00:00Z,SVP
126964,2015-04-23T14:00:00Z,-32.13594,-46.22301,-0.3559,0.306,678.5834,2016-09-23T00:00:00Z,SVP
126964,2015-04-23T15:00:00Z,-32.12529,-46.23558,-0.3519,0.3125,678.5834,2016-09-23T00:00:00Z,SVP
126964,2015-04-23T16:00:00Z,-32.11458,-46.24313,-0.3163,0.3159,678.5834,2016-09-23T00:00:00Z,SVP
126964,2015-04-23T17:00:00Z,-32.10367,-46.25391,-0.3141,0.3189,678.5834,2016-09-23T00:00:00Z,SVP
126964,2015-04-23T18:00:00Z,-32.09577,-46.26759,-0.4546,0.0888,340.95834,2016-09-23T00:00:00Z,SVP
126964,2015-04-23T19:00:00Z,-32.09317,-46.28976,-0.3544,0.0908,340.95834,2016-09-23T00:00:00Z,SVP
126964,2015-04-23T20:00:00Z,-32.09086,-46.30455,-0.1341,0.0437,80.83333,2016-09-23T00:00:00Z,SVP
126964,2015-04-23T21:00:00Z,-32.09084,-46.30894,-0.0773,-0.0673,168.75,2016-09-23T00:00:00Z,SVP
126964,2015-04-23T22:00:00Z,-32.09412,-46.31113,-0.0303,-0.1594,344.54166,2016-09-23T00:00:00Z,SVP
126964,2015-04-23T23:00:00Z,-32.0998,-46.31238,-0.0303,-0.1591,344.54166,2016-09-23T00:00:00Z,SVP
126964,2015-04-24T00:00:00Z,-32.10552,-46.31228,0.0185,-0.1936,98.416664,2016-09-23T00:00:00Z,SVP
126964,2015-04-24T01:00:00Z,-32.11267,-46.31003,-0.0063,-0.2644,140.70834,2016-09-23T00:00:00Z,SVP
126964,2015-04-24T02:00:00Z,-32.12085,-46.30838,0.1058,-0.2293,115.958336,2016-09-23T00:00:00Z,SVP
126964,2015-04-24T03:00:00Z,-32.12715,-46.30446,0.1177,-0.1785,425.41666,2016-09-23T00:00:00Z,SVP
126964,2015-04-24T04:00:00Z,-32.13278,-46.29961,0.1182,-0.1779,425.41666,2016-09-23T00:00:00Z,SVP
126964,2015-04-24T05:00:00Z,-32.13896,-46.29455,0.1185,-0.1726,425.41666,2016-09-23T00:00:00Z,SVP
126964,2015-04-24T06:00:00Z,-32.14092,-46.29524,-0.016,-0.0874,175.79167,2016-09-23T00:00:00Z,SVP
126964,2015-04-24T07:00:00Z,-32.14335,-46.29777,-0.0679,-0.0578,137.08333,2016-09-23T00:00:00Z,SVP
126964,2015-04-24T08:00:00Z,-32.14334,-46.30287,-0.1858,0.0541,123.166664,2016-09-23T00:00:00Z,SVP
126964,2015-04-24T09:00:00Z,-32.14108,-46.30722,-0.3261,0.1048,249.58333,2016-09-23T00:00:00Z,SVP
126964,2015-04-24T10:00:00Z,-32.13797,-46.32018,-0.3249,0.1056,249.58333,2016-09-23T00:00:00Z,SVP
126964,2015-04-24T11:00:00Z,-32.13196,-46.33427,-0.3834,0.1704,105.458336,2016-09-23T00:00:00Z,SVP
126964,2015-04-24T12:00:00Z,-32.12788,-46.34927,-0.408,0.0516,123.0,2016-09-23T00:00:00Z,SVP
126964,2015-04-24T13:00:00Z,-32.12585,-46.36739,-0.5365,0.0848,119.54167,2016-09-23T00:00:00Z,SVP
126964,2015-04-24T14:00:00Z,-32.12249,-46.38222,-0.4042,0.1341,587.0834,2016-09-23T00:00:00Z,SVP
126964,2015-04-24T15:00:00Z,-32.11785,-46.39643,-0.3994,0.1344,587.0834,2016-09-23T00:00:00Z,SVP
126964,2015-04-24T16:00:00Z,-32.11346,-46.41192,-0.3994,0.1346,587.0834,2016-09-23T00:00:00Z,SVP
126964,2015-04-24T17:00:00Z,-32.10927,-46.44746,-0.5232,0.1347,587.0834,2016-09-23T00:00:00Z,SVP
126964,2015-04-24T18:00:00Z,-32.10432,-46.45718,-0.0627,0.1658,309.45834,2016-09-23T00:00:00Z,SVP
126964,2015-04-24T19:00:00Z,-32.09894,-46.45972,-0.0584,0.1664,309.45834,2016-09-23T00:00:00Z,SVP
126964,2015-04-24T20:00:00Z,-32.09384,-46.4629,-0.1444,0.124,56.25,2016-09-23T00:00:00Z,SVP
126964,2015-04-24T21:00:00Z,-32.09022,-46.47054,-0.2369,0.0939,130.04166,2016-09-23T00:00:00Z,SVP
126964,2015-04-24T22:00:00Z,-32.08739,-46.47754,-0.0895,0.0837,390.1667,2016-09-23T00:00:00Z,SVP
126964,2015-04-24T23:00:00Z,-32.08467,-46.48088,-0.0885,0.0838,390.1667,2016-09-23T00:00:00Z,SVP
126964,2015-04-25T00:00:00Z,-32.08203,-46.48462,-0.088,0.084,390.1667,2016-09-23T00:00:00Z,SVP
126964,2015-04-25T01:00:00Z,-32.07998,-46.48223,-0.0186,0.0688,137.08333,2016-09-23T00:00:00Z,SVP
126964,2015-04-25T02:00:00Z,-32.08064,-46.48261,-0.0554,0.2619,446.54166,2016-09-23T00:00:00Z,SVP
126964,2015-04-25T03:00:00Z,-32.07064,-46.48437,-0.0552,0.253,446.54166,2016-09-23T00:00:00Z,SVP
126964,2015-04-25T04:00:00Z,-32.06204,-46.48637,-0.0551,0.2496,446.54166,2016-09-23T00:00:00Z,SVP
126964,2015-04-25T05:00:00Z,-32.05426,-46.48829,-0.0409,0.2802,277.79166,2016-09-23T00:00:00Z,SVP
126964,2015-04-25T06:00:00Z,-32.04541,-46.48996,-0.0403,0.2806,277.79166,2016-09-23T00:00:00Z,SVP
126964,2015-04-25T07:00:00Z,-32.0368,-46.49098,4.0E-4,0.2592,151.20834,2016-09-23T00:00:00Z,SVP
126964,2015-04-25T08:00:00Z,-32.02893,-46.49221,-0.1068,0.2159,70.333336,2016-09-23T00:00:00Z,SVP
126964,2015-04-25T09:00:00Z,-32.02147,-46.49655,-0.115,0.2352,249.58333,2016-09-23T00:00:00Z,SVP
126964,2015-04-25T10:00:00Z,-32.01464,-46.50327,-0.0422,0.2264,239.08334,2016-09-23T00:00:00Z,SVP
126964,2015-04-25T11:00:00Z,-32.00684,-46.50343,-0.0581,0.226,239.08334,2016-09-23T00:00:00Z,SVP
126964,2015-04-25T12:00:00Z,-32.00083,-46.50709,-0.1125,0.1865,140.70834,2016-09-23T00:00:00Z,SVP
126964,2015-04-25T13:00:00Z,-31.99479,-46.51278,-0.1239,0.1444,116.083336,2016-09-23T00:00:00Z,SVP
126964,2015-04-25T14:00:00Z,-31.99485,-46.51684,-0.0869,0.0026,608.24994,2016-09-23T00:00:00Z,SVP
126964,2015-04-25T15:00:00Z,-31.9952,-46.52005,-0.0863,0.0052,608.24994,2016-09-23T00:00:00Z,SVP
126964,2015-04-25T16:00:00Z,-31.9951,-46.52362,-0.0859,0.0055,608.24994,2016-09-23T00:00:00Z,SVP
126964,2015-04-25T17:00:00Z,-31.99481,-46.52755,-0.0847,0.0038,608.24994,2016-09-23T00:00:00Z,SVP
126964,2015-04-25T18:00:00Z,-31.99494,-46.52662,0.0554,-0.0145,253.20834,2016-09-23T00:00:00Z,SVP
126964,2015-04-25T19:00:00Z,-31.99536,-46.52508,0.0411,-0.0094,77.41667,2016-09-23T00:00:00Z,SVP
126964,2015-04-25T20:00:00Z,-31.99527,-46.53104,-0.132,0.0124,94.958336,2016-09-23T00:00:00Z,SVP
126964,2015-04-25T21:00:00Z,-31.99184,-46.53009,0.0684,0.1339,52.666664,2016-09-23T00:00:00Z,SVP
126964,2015-04-25T22:00:00Z,-31.9908,-46.52804,0.0493,0.0111,193.33334,2016-09-23T00:00:00Z,SVP
126964,2015-04-25T23:00:00Z,-31.99115,-46.52706,0.0304,-0.0356,228.45833,2016-09-23T00:00:00Z,SVP
126964,2015-04-26T00:00:00Z,-31.99346,-46.52519,-0.1256,-0.0541,126.58333,2016-09-23T00:00:00Z,SVP
126964,2015-04-26T01:00:00Z,-31.99442,-46.52982,-0.0853,-0.0547,112.5,2016-09-23T00:00:00Z,SVP
126964,2015-04-26T02:00:00Z,-31.99637,-46.53362,-0.0522,-0.0441,488.7083,2016-09-23T00:00:00Z,SVP
126964,2015-04-26T03:00:00Z,-31.99764,-46.53472,-0.0499,-0.044,488.7083,2016-09-23T00:00:00Z,SVP
126964,2015-04-26T04:00:00Z,-31.99916,-46.53576,-0.0493,-0.0435,488.7083,2016-09-23T00:00:00Z,SVP
126964,2015-04-26T05:00:00Z,-32.00068,-46.5376,-0.0683,-0.0308,418.33334,2016-09-23T00:00:00Z,SVP
126964,2015-04-26T06:00:00Z,-32.00152,-46.54136,-0.0657,-0.0305,418.33334,2016-09-23T00:00:00Z,SVP
126964,2015-04-26T07:00:00Z,-32.0024,-46.54468,-0.0635,-0.0304,418.33334,2016-09-23T00:00:00Z,SVP
126964,2015-04-26T08:00:00Z,-32.0038,-46.5466,-0.0661,-0.0702,203.83333,2016-09-23T00:00:00Z,SVP
126964,2015-04-26T09:00:00Z,-32.00699,-46.54876,-0.0679,-0.0761,203.83333,2016-09-23T00:00:00Z,SVP
126964,2015-04-26T10:00:00Z,-32.0082,-46.55375,-0.1383,-0.0377,277.79166,2016-09-23T00:00:00Z,SVP
126964,2015-04-26T11:00:00Z,-32.00878,-46.55913,-0.1428,-0.0381,277.79166,2016-09-23T00:00:00Z,SVP
126964,2015-04-26T12:00:00Z,-32.01018,-46.57218,-0.2463,-0.0176,133.66667,2016-09-23T00:00:00Z,SVP
126964,2015-04-26T13:00:00Z,-32.01015,-46.5799,-0.2552,0.0357,625.7917,2016-09-23T00:00:00Z,SVP
126964,2015-04-26T14:00:00Z,-32.00901,-46.59066,-0.2542,0.0359,625.7917,2016-09-23T00:00:00Z,SVP
126964,2015-04-26T15:00:00Z,-32.00808,-46.60087,-0.2533,0.035,625.7917,2016-09-23T00:00:00Z,SVP
126964,2015-04-26T16:00:00Z,-32.00741,-46.61102,-0.2521,0.0338,625.7917,2016-09-23T00:00:00Z,SVP
126964,2015-04-26T17:00:00Z,-32.00715,-46.62137,-0.2496,0.0324,625.7917,2016-09-23T00:00:00Z,SVP
126964,2015-04-26T18:00:00Z,-32.00182,-46.63154,-0.2797,0.1447,256.66666,2016-09-23T00:00:00Z,SVP
126964,2015-04-26T19:00:00Z,-31.99675,-46.63997,-0.2807,0.1593,182.83333,2016-09-23T00:00:00Z,SVP
126964,2015-04-26T20:00:00Z,-31.99166,-46.65589,-0.0984,0.2048,72.166664,2016-09-23T00:00:00Z,SVP
126964,2015-04-26T21:00:00Z,-31.98429,-46.65948,-0.117,0.2473,174.0,2016-09-23T00:00:00Z,SVP
126964,2015-04-26T22:00:00Z,-31.97532,-46.66572,-0.2764,0.3796,235.66666,2016-09-23T00:00:00Z,SVP
126964,2015-04-26T23:00:00Z,-31.9627,-46.67594,-0.2759,0.3806,235.66666,2016-09-23T00:00:00Z,SVP
126964,2015-04-27T00:00:00Z,-31.95094,-46.68608,-0.2814,0.3629,133.66667,2016-09-23T00:00:00Z,SVP
126964,2015-04-27T01:00:00Z,-31.94086,-46.69497,-0.179,0.2602,115.958336,2016-09-23T00:00:00Z,SVP
126964,2015-04-27T02:00:00Z,-31.93248,-46.70171,-0.1422,0.2827,133.66667,2016-09-23T00:00:00Z,SVP
126964,2015-04-27T03:00:00Z,-31.9226,-46.70644,-0.1316,0.303,369.16666,2016-09-23T00:00:00Z,SVP
126964,2015-04-27T04:00:00Z,-31.91246,-46.71128,-0.1317,0.3026,369.16666,2016-09-23T00:00:00Z,SVP
126964,2015-04-27T05:00:00Z,-31.90339,-46.71561,-0.1052,0.2793,239.08334,2016-09-23T00:00:00Z,SVP
126964,2015-04-27T06:00:00Z,-31.89461,-46.72013,-0.1056,0.2726,239.08334,2016-09-23T00:00:00Z,SVP
126964,2015-04-27T07:00:00Z,-31.89247,-46.72175,-0.0456,0.0781,214.5,2016-09-23T00:00:00Z,SVP
126964,2015-04-27T08:00:00Z,-31.88988,-46.7232,-0.0017,0.0505,189.91667,2016-09-23T00:00:00Z,SVP
126964,2015-04-27T09:00:00Z,-31.88855,-46.72353,-0.1289,0.0341,56.25,2016-09-23T00:00:00Z,SVP
126964,2015-04-27T10:00:00Z,-31.88734,-46.72852,-0.1293,0.0427,193.33334,2016-09-23T00:00:00Z,SVP
126964,2015-04-27T11:00:00Z,-31.88489,-46.73231,-0.0694,0.12,168.75,2016-09-23T00:00:00Z,SVP
126964,2015-04-27T12:00:00Z,-31.88051,-46.73464,-0.0523,0.1561,123.0,2016-09-23T00:00:00Z,SVP
126964,2015-04-27T13:00:00Z,-31.87577,-46.74059,-0.1971,0.1576,140.70834,2016-09-23T00:00:00Z,SVP
126964,2015-04-27T14:00:00Z,-31.87169,-46.74699,-0.2144,0.2061,530.8334,2016-09-23T00:00:00Z,SVP
126964,2015-04-27T15:00:00Z,-31.86463,-46.75571,-0.2128,0.2054,530.8334,2016-09-23T00:00:00Z,SVP
126964,2015-04-27T16:00:00Z,-31.85859,-46.7643,-0.2109,0.2149,530.8334,2016-09-23T00:00:00Z,SVP
126964,2015-04-27T17:00:00Z,-31.85229,-46.77338,-0.2423,0.3158,249.58333,2016-09-23T00:00:00Z,SVP
126964,2015-04-27T18:00:00Z,-31.84085,-46.78058,-0.229,0.3044,249.58333,2016-09-23T00:00:00Z,SVP
126964,2015-04-27T19:00:00Z,-31.83105,-46.78897,-0.2289,0.2969,175.79167,2016-09-23T00:00:00Z,SVP
126964,2015-04-27T20:00:00Z,-31.82148,-46.80206,-0.094,0.3181,265.5,2016-09-23T00:00:00Z,SVP
126964,2015-04-27T21:00:00Z,-31.81133,-46.8054,-0.0936,0.3201,265.5,2016-09-23T00:00:00Z,SVP
126964,2015-04-27T22:00:00Z,-31.80128,-46.80846,-0.0636,0.3378,381.4583,2016-09-23T00:00:00Z,SVP
126964,2015-04-27T23:00:00Z,-31.78947,-46.81083,-0.0628,0.3419,381.4583,2016-09-23T00:00:00Z,SVP
126964,2015-04-28T00:00:00Z,-31.77731,-46.81394,-0.0643,0.3446,381.4583,2016-09-23T00:00:00Z,SVP
126964,2015-04-28T01:00:00Z,-31.76904,-46.80861,0.1682,0.3398,126.58333,2016-09-23T00:00:00Z,SVP
126964,2015-04-28T02:00:00Z,-31.75815,-46.80294,0.1403,0.3339,372.5833,2016-09-23T00:00:00Z,SVP
126964,2015-04-28T03:00:00Z,-31.74725,-46.79687,0.1424,0.3326,372.5833,2016-09-23T00:00:00Z,SVP
126964,2015-04-28T04:00:00Z,-31.73553,-46.79011,0.1444,0.3349,372.5833,2016-09-23T00:00:00Z,SVP
126964,2015-04-28T05:00:00Z,-31.72876,-46.78724,0.0592,0.172,263.7083,2016-09-23T00:00:00Z,SVP
126964,2015-04-28T06:00:00Z,-31.72308,-46.78489,0.0505,0.1283,161.70833,2016-09-23T00:00:00Z,SVP
126964,2015-04-28T07:00:00Z,-31.71972,-46.78351,0.0482,0.1228,161.70833,2016-09-23T00:00:00Z,SVP
126964,2015-04-28T08:00:00Z,-31.71771,-46.78092,0.0551,0.0668,189.91667,2016-09-23T00:00:00Z,SVP
126964,2015-04-28T09:00:00Z,-31.71515,-46.78048,-0.0132,0.1739,175.79167,2016-09-23T00:00:00Z,SVP
126964,2015-04-28T10:00:00Z,-31.71036,-46.78145,0.0155,0.242,200.41666,2016-09-23T00:00:00Z,SVP
126964,2015-04-28T11:00:00Z,-31.70158,-46.7803,0.0194,0.2504,200.41666,2016-09-23T00:00:00Z,SVP
126964,2015-04-28T12:00:00Z,-31.69031,-46.78036,0.0044,0.3428,123.0,2016-09-23T00:00:00Z,SVP
126964,2015-04-28T13:00:00Z,-31.67901,-46.7816,-0.0034,0.3504,566.0833,2016-09-23T00:00:00Z,SVP
126964,2015-04-28T14:00:00Z,-31.66778,-46.78156,-0.003,0.3502,566.0833,2016-09-23T00:00:00Z,SVP
126964,2015-04-28T15:00:00Z,-31.65686,-46.78178,-0.0028,0.3489,566.0833,2016-09-23T00:00:00Z,SVP
126964,2015-04-28T16:00:00Z,-31.64636,-46.78217,-0.0024,0.3474,566.0833,2016-09-23T00:00:00Z,SVP
126964,2015-04-28T17:00:00Z,-31.63513,-46.77908,0.3485,0.4495,242.54167,2016-09-23T00:00:00Z,SVP
126964,2015-04-28T18:00:00Z,-31.61992,-46.76525,0.3461,0.4442,242.54167,2016-09-23T00:00:00Z,SVP
126964,2015-04-28T19:00:00Z,-31.60619,-46.75405,0.3002,0.4286,175.79167,2016-09-23T00:00:00Z,SVP
126964,2015-04-28T20:00:00Z,-31.594,-46.74903,0.1659,0.3327,246.16667,2016-09-23T00:00:00Z,SVP
126964,2015-04-28T21:00:00Z,-31.58238,-46.74734,0.1344,0.3239,246.16667,2016-09-23T00:00:00Z,SVP
126964,2015-04-28T22:00:00Z,-31.57341,-46.73952,0.2135,0.2571,393.75,2016-09-23T00:00:00Z,SVP
126964,2015-04-28T23:00:00Z,-31.56511,-46.73054,0.2044,0.2564,393.75,2016-09-23T00:00:00Z,SVP
126964,2015-04-29T00:00:00Z,-31.55754,-46.72295,0.1882,0.154,98.416664,2016-09-23T00:00:00Z,SVP
126964,2015-04-29T01:00:00Z,-31.5536,-46.71751,0.1314,0.1153,144.16667,2016-09-23T00:00:00Z,SVP
126964,2015-04-29T02:00:00Z,-31.55046,-46.71151,0.1894,0.0672,112.5,2016-09-23T00:00:00Z,SVP
126964,2015-04-29T03:00:00Z,-31.54934,-46.70347,0.2122,-0.0485,281.25,2016-09-23T00:00:00Z,SVP
126964,2015-04-29T04:00:00Z,-31.55006,-46.69522,0.2106,-0.0762,281.25,2016-09-23T00:00:00Z,SVP
126964,2015-04-29T05:00:00Z,-31.55307,-46.68767,0.2109,-0.0896,260.0833,2016-09-23T00:00:00Z,SVP
126964,2015-04-29T06:00:00Z,-31.55524,-46.68075,0.1536,-0.0246,163.5,2016-09-23T00:00:00Z,SVP
126964,2015-04-29T07:00:00Z,-31.55341,-46.67558,0.1474,-0.0397,226.79166,2016-09-23T00:00:00Z,SVP
126964,2015-04-29T08:00:00Z,-31.55625,-46.66961,0.1499,-0.0216,226.79166,2016-09-23T00:00:00Z,SVP
126964,2015-04-29T09:00:00Z,-31.55691,-46.6621,0.2211,-0.0471,161.70833,2016-09-23T00:00:00Z,SVP
126964,2015-04-29T10:00:00Z,-31.5556,-46.65275,0.2433,0.0462,232.04169,2016-09-23T00:00:00Z,SVP
126964,2015-04-29T11:00:00Z,-31.55544,-46.64515,0.1973,0.179,123.0,2016-09-23T00:00:00Z,SVP
126964,2015-04-29T12:00:00Z,-31.54894,-46.63605,0.0638,0.1356,130.04166,2016-09-23T00:00:00Z,SVP
126964,2015-04-29T13:00:00Z,-31.54385,-46.63367,0.0924,0.1221,587.0834,2016-09-23T00:00:00Z,SVP
126964,2015-04-29T14:00:00Z,-31.54014,-46.62978,0.0953,0.1222,587.0834,2016-09-23T00:00:00Z,SVP
126964,2015-04-29T15:00:00Z,-31.53638,-46.62656,0.0941,0.1224,587.0834,2016-09-23T00:00:00Z,SVP
126964,2015-04-29T16:00:00Z,-31.53277,-46.62453,0.0883,0.1228,587.0834,2016-09-23T00:00:00Z,SVP
126964,2015-04-29T17:00:00Z,-31.52882,-46.62046,0.144,0.1244,235.50002,2016-09-23T00:00:00Z,SVP
126964,2015-04-29T18:00:00Z,-31.52394,-46.61272,0.1205,0.1218,235.50002,2016-09-23T00:00:00Z,SVP
126964,2015-04-29T19:00:00Z,-31.52063,-46.60854,0.1596,0.1197,189.91667,2016-09-23T00:00:00Z,SVP
126964,2015-04-29T20:00:00Z,-31.51721,-46.60158,0.1816,0.0958,207.45834,2016-09-23T00:00:00Z,SVP
126964,2015-04-29T21:00:00Z,-31.51394,-46.59232,0.257,0.0586,228.45833,2016-09-23T00:00:00Z,SVP
126964,2015-04-29T22:00:00Z,-31.51258,-46.58676,0.2142,0.0561,228.45833,2016-09-23T00:00:00Z,SVP
126964,2015-04-29T23:00:00Z,-31.51129,-46.57823,0.2146,0.0205,274.2083,2016-09-23T00:00:00Z,SVP
126964,2015-04-30T00:00:00Z,-31.51067,-46.56082,0.2881,0.0202,274.2083,2016-09-23T00:00:00Z,SVP
126964,2015-04-30T01:00:00Z,-31.51157,-46.56228,0.2283,-0.0232,137.08333,2016-09-23T00:00:00Z,SVP
126964,2015-04-30T02:00:00Z,-31.51528,-46.55133,0.258,-0.171,312.91666,2016-09-23T00:00:00Z,SVP
126964,2015-04-30T03:00:00Z,-31.52026,-46.54253,0.2624,-0.171,312.91666,2016-09-23T00:00:00Z,SVP
126964,2015-04-30T04:00:00Z,-31.52349,-46.53336,0.2532,-0.241,253.20834,2016-09-23T00:00:00Z,SVP
126964,2015-04-30T05:00:00Z,-31.53262,-46.52262,0.2475,-0.2182,253.20834,2016-09-23T00:00:00Z,SVP
126964,2015-04-30T06:00:00Z,-31.54,-46.51253,0.2868,-0.2789,179.25,2016-09-23T00:00:00Z,SVP
126964,2015-04-30T07:00:00Z,-31.54858,-46.50243,0.3583,-0.2678,179.25,2016-09-23T00:00:00Z,SVP
126964,2015-04-30T08:00:00Z,-31.55749,-46.48798,0.4136,-0.2277,63.291664,2016-09-23T00:00:00Z,SVP
126964,2015-04-30T09:00:00Z,-31.56349,-46.47399,0.2608,-0.2265,246.16667,2016-09-23T00:00:00Z,SVP
126964,2015-04-30T10:00:00Z,-31.57126,-46.46511,0.2593,-0.2279,246.16667,2016-09-23T00:00:00Z,SVP
126964,2015-04-30T11:00:00Z,-31.57841,-46.45443,0.2782,-0.2169,130.04166,2016-09-23T00:00:00Z,SVP
126964,2015-04-30T12:00:00Z,-31.58369,-46.44687,0.1471,-0.1199,123.0,2016-09-23T00:00:00Z,SVP
126964,2015-04-30T13:00:00Z,-31.58693,-46.44326,0.0851,-0.1327,130.04166,2016-09-23T00:00:00Z,SVP
126964,2015-04-30T14:00:00Z,-31.59478,-46.44112,0.0178,-0.2503,492.16663,2016-09-23T00:00:00Z,SVP
126964,2015-04-30T15:00:00Z,-31.60312,-46.43844,0.0339,-0.2497,492.16663,2016-09-23T00:00:00Z,SVP
126964,2015-04-30T16:00:00Z,-31.61129,-46.43511,0.0383,-0.2496,492.16663,2016-09-23T00:00:00Z,SVP
126964,2015-04-30T17:00:00Z,-31.61909,-46.43667,-0.0599,-0.2536,235.50002,2016-09-23T00:00:00Z,SVP
126964,2015-04-30T18:00:00Z,-31.62728,-46.44086,0.0142,-0.223,186.29166,2016-09-23T00:00:00Z,SVP
126964,2015-04-30T19:00:00Z,-31.63394,-46.43895,0.0189,-0.2207,186.29166,2016-09-23T00:00:00Z,SVP
126964,2015-04-30T20:00:00Z,-31.64207,-46.43674,0.0637,-0.255,126.58333,2016-09-23T00:00:00Z,SVP
126964,2015-04-30T21:00:00Z,-31.65033,-46.43425,0.166,-0.1626,144.16667,2016-09-23T00:00:00Z,SVP
126964,2015-04-30T22:00:00Z,-31.65503,-46.43023,0.1776,-0.1781,435.91666,2016-09-23T00:00:00Z,SVP
126964,2015-04-30T23:00:00Z,-31.66129,-46.42138,0.1994,-0.1789,435.91666,2016-09-23T00:00:00Z,SVP
126964,2015-05-01T00:00:00Z,-31.66694,-46.4128,0.2024,-0.1801,435.91666,2016-09-23T00:00:00Z,SVP
126964,2015-05-01T01:00:00Z,-31.67317,-46.40665,0.1347,-0.207,115.958336,2016-09-23T00:00:00Z,SVP
126964,2015-05-01T02:00:00Z,-31.68047,-46.40345,0.1551,-0.1969,341.0833,2016-09-23T00:00:00Z,SVP
126964,2015-05-01T03:00:00Z,-31.68608,-46.39621,0.1429,-0.1994,341.0833,2016-09-23T00:00:00Z,SVP
126964,2015-05-01T04:00:00Z,-31.69252,-46.39143,0.1581,-0.1985,253.20834,2016-09-23T00:00:00Z,SVP
126964,2015-05-01T05:00:00Z,-31.69969,-46.38586,0.1583,-0.1953,253.20834,2016-09-23T00:00:00Z,SVP
126964,2015-05-01T06:00:00Z,-31.70756,-46.37986,0.1499,-0.2674,168.75,2016-09-23T00:00:00Z,SVP
126964,2015-05-01T07:00:00Z,-31.71772,-46.37283,0.2172,-0.3498,154.66667,2016-09-23T00:00:00Z,SVP
126964,2015-05-01T08:00:00Z,-31.72911,-46.36401,0.2513,-0.3626,102.0,2016-09-23T00:00:00Z,SVP
126964,2015-05-01T09:00:00Z,-31.74031,-46.35831,0.1385,-0.3445,151.20834,2016-09-23T00:00:00Z,SVP
126964,2015-05-01T10:00:00Z,-31.75207,-46.35292,0.1346,-0.3348,119.54167,2016-09-23T00:00:00Z,SVP
126964,2015-05-01T11:00:00Z,-31.7581,-46.34602,0.1519,-0.2373,158.25,2016-09-23T00:00:00Z,SVP
126964,2015-05-01T12:00:00Z,-31.76602,-46.34863,-0.0194,-0.3215,112.5,2016-09-23T00:00:00Z,SVP
126964,2015-05-01T13:00:00Z,-31.77585,-46.34365,-0.0265,-0.3245,759.4583,2016-09-23T00:00:00Z,SVP
126964,2015-05-01T14:00:00Z,-31.78655,-46.34768,-0.0168,-0.3251,759.4583,2016-09-23T00:00:00Z,SVP
126964,2015-05-01T15:00:00Z,-31.79723,-46.34917,-0.0146,-0.3255,759.4583,2016-09-23T00:00:00Z,SVP
126964,2015-05-01T16:00:00Z,-31.80798,-46.35021,-0.0137,-0.3259,759.4583,2016-09-23T00:00:00Z,SVP
126964,2015-05-01T17:00:00Z,-31.81895,-46.35126,-0.013,-0.3268,759.4583,2016-09-23T00:00:00Z,SVP
126964,2015-05-01T18:00:00Z,-31.82977,-46.35225,-0.0381,-0.3124,316.3333,2016-09-23T00:00:00Z,SVP
126964,2015-05-01T19:00:00Z,-31.83868,-46.35156,-0.0317,-0.312,316.3333,2016-09-23T00:00:00Z,SVP
126964,2015-05-01T20:00:00Z,-31.84777,-46.35141,-0.0142,-0.2701,105.458336,2016-09-23T00:00:00Z,SVP
126964,2015-05-01T21:00:00Z,-31.85637,-46.35295,0.0291,-0.2283,144.16667,2016-09-23T00:00:00Z,SVP
126964,2015-05-01T22:00:00Z,-31.86396,-46.35209,0.072,-0.2183,421.95834,2016-09-23T00:00:00Z,SVP
126964,2015-05-01T23:00:00Z,-31.87111,-46.34957,0.0717,-0.2185,421.95834,2016-09-23T00:00:00Z,SVP
126964,2015-05-02T00:00:00Z,-31.87815,-46.34716,0.0718,-0.2187,421.95834,2016-09-23T00:00:00Z,SVP
126964,2015-05-02T01:00:00Z,-31.88485,-46.34245,0.1054,-0.2005,115.958336,2016-09-23T00:00:00Z,SVP
126964,2015-05-02T02:00:00Z,-31.89064,-46.33955,0.0873,-0.1777,358.6667,2016-09-23T00:00:00Z,SVP
126964,2015-05-02T03:00:00Z,-31.89609,-46.33512,0.086,-0.179,358.6667,2016-09-23T00:00:00Z,SVP
126964,2015-05-02T04:00:00Z,-31.90207,-46.33187,-0.0,-0.191,249.58333,2016-09-23T00:00:00Z,SVP
126964,2015-05-02T05:00:00Z,-31.90845,-46.33214,0.0,-0.1914,249.58333,2016-09-23T00:00:00Z,SVP
126964,2015-05-02T06:00:00Z,-31.91515,-46.33214,-0.0032,-0.2086,172.33334,2016-09-23T00:00:00Z,SVP
126964,2015-05-02T07:00:00Z,-31.92248,-46.33029,0.0735,-0.2395,119.54167,2016-09-23T00:00:00Z,SVP
126964,2015-05-02T08:00:00Z,-31.93152,-46.32505,0.1472,-0.2678,133.66667,2016-09-23T00:00:00Z,SVP
126964,2015-05-02T09:00:00Z,-31.93945,-46.32269,0.0078,-0.2488,102.0,2016-09-23T00:00:00Z,SVP
126964,2015-05-02T10:00:00Z,-31.94739,-46.32252,0.0099,-0.2471,309.45834,2016-09-23T00:00:00Z,SVP
126964,2015-05-02T11:00:00Z,-31.95545,-46.32201,0.01,-0.2464,309.45834,2016-09-23T00:00:00Z,SVP
126964,2015-05-02T12:00:00Z,-31.96334,-46.32137,0.0392,-0.2325,126.58333,2016-09-23T00:00:00Z,SVP
126964,2015-05-02T13:00:00Z,-31.97239,-46.32089,-0.0011,-0.3028,123.0,2016-09-23T00:00:00Z,SVP
126964,2015-05-02T14:00:00Z,-31.98332,-46.32426,-0.0897,-0.3602,653.8334,2016-09-23T00:00:00Z,SVP
126964,2015-05-02T15:00:00Z,-31.99464,-46.32789,-0.0909,-0.3572,653.8334,2016-09-23T00:00:00Z,SVP
126964,2015-05-02T16:00:00Z,-32.00547,-46.33109,-0.0903,-0.3523,653.8334,2016-09-23T00:00:00Z,SVP
126964,2015-05-02T17:00:00Z,-32.0158,-46.33371,-0.0881,-0.3468,653.8334,2016-09-23T00:00:00Z,SVP
126964,2015-05-02T18:00:00Z,-32.02754,-46.33659,-0.1074,-0.3847,418.33334,2016-09-23T00:00:00Z,SVP
126964,2015-05-02T19:00:00Z,-32.04154,-46.34249,-0.1169,-0.3811,418.33334,2016-09-23T00:00:00Z,SVP
126964,2015-05-02T20:00:00Z,-32.05622,-46.34859,-0.1217,-0.3806,418.33334,2016-09-23T00:00:00Z,SVP
126964,2015-05-02T21:00:00Z,-32.06551,-46.31474,0.0968,-0.3523,116.083336,2016-09-23T00:00:00Z,SVP
126964,2015-05-02T22:00:00Z,-32.07736,-46.312,0.0483,-0.3389,439.5,2016-09-23T00:00:00Z,SVP
126964,2015-05-02T23:00:00Z,-32.08862,-46.31024,0.0483,-0.338,439.5,2016-09-23T00:00:00Z,SVP
126964,2015-05-03T00:00:00Z,-32.09962,-46.30832,0.0476,-0.3381,439.5,2016-09-23T00:00:00Z,SVP
126964,2015-05-03T01:00:00Z,-32.10927,-46.30787,0.0193,-0.2353,147.58333,2016-09-23T00:00:00Z,SVP
126964,2015-05-03T02:00:00Z,-32.1172,-46.30777,0.003,-0.2081,249.58333,2016-09-23T00:00:00Z,SVP
126964,2015-05-03T03:00:00Z,-32.12101,-46.30617,0.0197,-0.1582,249.58333,2016-09-23T00:00:00Z,SVP
126964,2015-05-03T04:00:00Z,-32.13815,-46.30781,-0.0143,-0.3431,249.58333,2016-09-23T00:00:00Z,SVP
126964,2015-05-03T05:00:00Z,-32.15053,-46.31063,-0.0241,-0.3424,249.58333,2016-09-23T00:00:00Z,SVP
126964,2015-05-03T06:00:00Z,-32.1613,-46.30875,-0.0193,-0.3933,172.20833,2016-09-23T00:00:00Z,SVP
126964,2015-05-03T07:00:00Z,-32.17285,-46.30892,0.0237,-0.338,249.58333,2016-09-23T00:00:00Z,SVP
126964,2015-05-03T08:00:00Z,-32.1844,-46.30838,0.0173,-0.3817,87.91667,2016-09-23T00:00:00Z,SVP
126964,2015-05-03T09:00:00Z,-32.19778,-46.30811,-0.0304,-0.4242,87.91667,2016-09-23T00:00:00Z,SVP
126964,2015-05-03T10:00:00Z,-32.20992,-46.30985,-0.0506,-0.3819,246.16667,2016-09-23T00:00:00Z,SVP
126964,2015-05-03T11:00:00Z,-32.21633,-46.31107,-0.0322,-0.2238,102.0,2016-09-23T00:00:00Z,SVP
126964,2015-05-03T12:00:00Z,-32.22328,-46.31049,0.0432,-0.171,112.5,2016-09-23T00:00:00Z,SVP
126964,2015-05-03T13:00:00Z,-32.22959,-46.30814,0.0563,-0.1821,660.9167,2016-09-23T00:00:00Z,SVP
126964,2015-05-03T14:00:00Z,-32.23546,-46.30625,0.0556,-0.1818,660.9167,2016-09-23T00:00:00Z,SVP
126964,2015-05-03T15:00:00Z,-32.24155,-46.30438,0.055,-0.1826,660.9167,2016-09-23T00:00:00Z,SVP
126964,2015-05-03T16:00:00Z,-32.24844,-46.30282,0.0535,-0.1883,660.9167,2016-09-23T00:00:00Z,SVP
126964,2015-05-03T17:00:00Z,-32.26087,-46.30798,0.013,-0.2329,660.9167,2016-09-23T00:00:00Z,SVP
126964,2015-05-03T18:00:00Z,-32.26543,-46.30435,0.0343,-0.1021,411.2917,2016-09-23T00:00:00Z,SVP
126964,2015-05-03T19:00:00Z,-32.26502,-46.29687,0.0531,-0.1732,411.2917,2016-09-23T00:00:00Z,SVP
126964,2015-05-03T20:00:00Z,-32.26976,-46.29329,0.0551,-0.1747,411.2917,2016-09-23T00:00:00Z,SVP
126964,2015-05-03T21:00:00Z,-32.27413,-46.29939,-0.0777,-0.0486,175.79167,2016-09-23T00:00:00Z,SVP
126964,2015-05-03T22:00:00Z,-32.27558,-46.3014,0.0305,-0.0421,274.2083,2016-09-23T00:00:00Z,SVP
126964,2015-05-03T23:00:00Z,-32.27758,-46.29994,0.0317,-0.0461,274.2083,2016-09-23T00:00:00Z,SVP
126964,2015-05-04T00:00:00Z,-32.27935,-46.2996,0.0058,-0.0813,108.91667,2016-09-23T00:00:00Z,SVP
126964,2015-05-04T01:00:00Z,-32.2833,-46.3022,-0.1776,-0.1595,137.08333,2016-09-23T00:00:00Z,SVP
126964,2015-05-04T02:00:00Z,-32.29054,-46.31094,-0.2254,-0.1905,112.5,2016-09-23T00:00:00Z,SVP
126964,2015-05-04T03:00:00Z,-32.2962,-46.31405,-0.1034,-0.1956,882.4584,2016-09-23T00:00:00Z,SVP
126964,2015-05-04T04:00:00Z,-32.30218,-46.3175,-0.1029,-0.1959,882.4584,2016-09-23T00:00:00Z,SVP
126964,2015-05-04T05:00:00Z,-32.30834,-46.32124,-0.1025,-0.1962,882.4584,2016-09-23T00:00:00Z,SVP
126964,2015-05-04T06:00:00Z,-32.31455,-46.32516,-0.1024,-0.1964,882.4584,2016-09-23T00:00:00Z,SVP
126964,2015-05-04T07:00:00Z,-32.32071,-46.32931,-0.1024,-0.1968,882.4584,2016-09-23T00:00:00Z,SVP
126964,2015-05-04T08:00:00Z,-32.32674,-46.33392,0.052,-0.1986,84.458336,2016-09-23T00:00:00Z,SVP
126964,2015-05-04T09:00:00Z,-32.33377,-46.32351,-0.0486,-0.1581,239.08334,2016-09-23T00:00:00Z,SVP
126964,2015-05-04T10:00:00Z,-32.33981,-46.32977,0.0468,-0.1518,239.08334,2016-09-23T00:00:00Z,SVP
126964,2015-05-04T11:00:00Z,-32.34303,-46.32705,0.0597,-0.1112,232.04169,2016-09-23T00:00:00Z,SVP
126964,2015-05-04T12:00:00Z,-32.34632,-46.32487,0.0692,-0.1114,140.70834,2016-09-23T00:00:00Z,SVP
126964,2015-05-04T13:00:00Z,-32.35149,-46.32502,-0.0452,-0.1764,116.083336,2016-09-23T00:00:00Z,SVP
126964,2015-05-04T14:00:00Z,-32.35705,-46.32639,-0.0456,-0.1904,583.6666,2016-09-23T00:00:00Z,SVP
126964,2015-05-04T15:00:00Z,-32.36359,-46.32772,-0.0444,-0.1904,583.6666,2016-09-23T00:00:00Z,SVP
126964,2015-05-04T16:00:00Z,-32.36983,-46.32952,-0.0442,-0.1906,583.6666,2016-09-23T00:00:00Z,SVP
126964,2015-05-04T17:00:00Z,-32.37592,-46.33171,-0.0444,-0.1908,583.6666,2016-09-23T00:00:00Z,SVP
126964,2015-05-04T18:00:00Z,-32.3826,-46.33052,0.0387,-0.2199,246.16667,2016-09-23T00:00:00Z,SVP
126964,2015-05-04T19:00:00Z,-32.39009,-46.32935,-3.0E-4,-0.2431,138.91666,2016-09-23T00:00:00Z,SVP
126964,2015-05-04T20:00:00Z,-32.3979,-46.33049,-0.1197,-0.251,68.541664,2016-09-23T00:00:00Z,SVP
126964,2015-05-04T21:00:00Z,-32.40587,-46.33433,-0.0719,-0.24,154.66667,2016-09-23T00:00:00Z,SVP
126964,2015-05-04T22:00:00Z,-32.41441,-46.3365,0.0653,-0.2885,316.3333,2016-09-23T00:00:00Z,SVP
126964,2015-05-04T23:00:00Z,-32.42371,-46.33289,0.066,-0.287,316.3333,2016-09-23T00:00:00Z,SVP
126964,2015-05-05T00:00:00Z,-32.43372,-46.33012,0.0663,-0.2899,316.3333,2016-09-23T00:00:00Z,SVP
126964,2015-05-05T01:00:00Z,-32.43903,-46.32875,-0.0339,-0.2215,566.0833,2016-09-23T00:00:00Z,SVP
126964,2015-05-05T02:00:00Z,-32.44717,-46.3307,-0.0324,-0.2187,566.0833,2016-09-23T00:00:00Z,SVP
126964,2015-05-05T03:00:00Z,-32.45456,-46.33203,-0.0322,-0.2177,566.0833,2016-09-23T00:00:00Z,SVP
126964,2015-05-05T04:00:00Z,-32.46187,-46.33323,-0.0324,-0.2167,566.0833,2016-09-23T00:00:00Z,SVP
126964,2015-05-05T05:00:00Z,-32.46887,-46.33422,-0.0402,-0.2119,411.2917,2016-09-23T00:00:00Z,SVP
126964,2015-05-05T06:00:00Z,-32.47535,-46.33568,-0.0402,-0.2126,411.2917,2016-09-23T00:00:00Z,SVP
126964,2015-05-05T07:00:00Z,-32.48216,-46.3372,-0.0402,-0.2124,411.2917,2016-09-23T00:00:00Z,SVP
126964,2015-05-05T08:00:00Z,-32.48935,-46.3394,-0.0534,-0.2127,253.20834,2016-09-23T00:00:00Z,SVP
126964,2015-05-05T09:00:00Z,-32.49592,-46.34155,-0.055,-0.2112,253.20834,2016-09-23T00:00:00Z,SVP
126964,2015-05-05T10:00:00Z,-32.50555,-46.34551,-0.0449,-0.2992,267.16666,2016-09-23T00:00:00Z,SVP
126964,2015-05-05T11:00:00Z,-32.51407,-46.34732,-0.0401,-0.3001,267.16666,2016-09-23T00:00:00Z,SVP
126964,2015-05-05T12:00:00Z,-32.52405,-46.35063,-0.0802,-0.2738,123.0,2016-09-23T00:00:00Z,SVP
126964,2015-05-05T13:00:00Z,-32.5314,-46.35578,-0.0659,-0.2987,115.958336,2016-09-23T00:00:00Z,SVP
126964,2015-05-05T14:00:00Z,-32.54216,-46.35712,-0.0292,-0.3085,615.2917,2016-09-23T00:00:00Z,SVP
126964,2015-05-05T15:00:00Z,-32.55242,-46.35815,-0.0295,-0.3071,615.2917,2016-09-23T00:00:00Z,SVP
126964,2015-05-05T16:00:00Z,-32.56248,-46.35931,-0.0293,-0.3063,615.2917,2016-09-23T00:00:00Z,SVP
126964,2015-05-05T17:00:00Z,-32.57245,-46.36058,-0.0282,-0.3059,615.2917,2016-09-23T00:00:00Z,SVP
126964,2015-05-05T18:00:00Z,-32.58264,-46.36141,-0.0218,-0.3247,242.54167,2016-09-23T00:00:00Z,SVP
126964,2015-05-05T19:00:00Z,-32.59305,-46.36219,-0.0183,-0.3345,175.79167,2016-09-23T00:00:00Z,SVP
126964,2015-05-05T20:00:00Z,-32.60408,-46.36252,0.0086,-0.3216,140.70834,2016-09-23T00:00:00Z,SVP
126964,2015-05-05T21:00:00Z,-32.61385,-46.3618,0.0463,-0.2745,109.041664,2016-09-23T00:00:00Z,SVP
126964,2015-05-05T22:00:00Z,-32.62217,-46.36073,0.018,-0.205,323.41666,2016-09-23T00:00:00Z,SVP
126964,2015-05-05T23:00:00Z,-32.62924,-46.35931,0.0238,-0.2081,323.41666,2016-09-23T00:00:00Z,SVP
126964,2015-05-06T00:00:00Z,-32.63454,-46.35943,-0.117,-0.1267,140.70834,2016-09-23T00:00:00Z,SVP
126964,2015-05-06T01:00:00Z,-32.63741,-46.36507,-0.1671,-0.0747,112.5,2016-09-23T00:00:00Z,SVP
126964,2015-05-06T02:00:00Z,-32.63998,-46.3715,-0.1689,-0.0868,446.4167,2016-09-23T00:00:00Z,SVP
126964,2015-05-06T03:00:00Z,-32.64246,-46.37808,-0.1689,-0.0874,446.4167,2016-09-23T00:00:00Z,SVP
126964,2015-05-06T04:00:00Z,-32.64497,-46.38455,-0.169,-0.0884,446.4167,2016-09-23T00:00:00Z,SVP
126964,2015-05-06T05:00:00Z,-32.64899,-46.39099,-0.172,-0.1257,263.7083,2016-09-23T00:00:00Z,SVP
126964,2015-05-06T06:00:00Z,-32.65309,-46.39768,-0.1717,-0.1329,263.7083,2016-09-23T00:00:00Z,SVP
126964,2015-05-06T07:00:00Z,-32.66483,-46.40353,-0.1512,-0.2807,154.66667,2016-09-23T00:00:00Z,SVP
126964,2015-05-06T08:00:00Z,-32.67357,-46.40825,-0.1061,-0.2859,253.20834,2016-09-23T00:00:00Z,SVP
126964,2015-05-06T09:00:00Z,-32.68291,-46.41262,-0.0792,-0.2342,327.0,2016-09-23T00:00:00Z,SVP
126964,2015-05-06T10:00:00Z,-32.68977,-46.41436,-0.0731,-0.2338,327.0,2016-09-23T00:00:00Z,SVP
126964,2015-05-06T11:00:00Z,-32.69681,-46.41167,-0.0408,-0.2343,327.0,2016-09-23T00:00:00Z,SVP
126964,2015-05-06T12:00:00Z,-32.70432,-46.4214,-0.0535,-0.1699,112.5,2016-09-23T00:00:00Z,SVP
126964,2015-05-06T13:00:00Z,-32.70959,-46.42353,-0.0408,-0.157,636.2916,2016-09-23T00:00:00Z,SVP
126964,2015-05-06T14:00:00Z,-32.71481,-46.42513,-0.0408,-0.1572,636.2916,2016-09-23T00:00:00Z,SVP
126964,2015-05-06T15:00:00Z,-32.72001,-46.42673,-0.0408,-0.1572,636.2916,2016-09-23T00:00:00Z,SVP
126964,2015-05-06T16:00:00Z,-32.72527,-46.42834,-0.0408,-0.1572,636.2916,2016-09-23T00:00:00Z,SVP
126964,2015-05-06T17:00:00Z,-32.73051,-46.43011,-0.0464,-0.1424,242.54167,2016-09-23T00:00:00Z,SVP
126964,2015-05-06T18:00:00Z,-32.73428,-46.4318,-0.0463,-0.1388,242.54167,2016-09-23T00:00:00Z,SVP
126964,2015-05-06T19:00:00Z,-32.7377,-46.434,-0.0575,-0.1009,144.16667,2016-09-23T00:00:00Z,SVP
126964,2015-05-06T20:00:00Z,-32.74132,-46.43613,-0.0584,-0.1206,109.041664,2016-09-23T00:00:00Z,SVP
126964,2015-05-06T21:00:00Z,-32.74578,-46.43909,-0.0975,-0.1484,137.08333,2016-09-23T00:00:00Z,SVP
126964,2015-05-06T22:00:00Z,-32.75028,-46.44917,-0.029,-0.1363,337.5,2016-09-23T00:00:00Z,SVP
126964,2015-05-06T23:00:00Z,-32.75466,-46.44633,-0.0784,-0.1364,337.5,2016-09-23T00:00:00Z,SVP
126964,2015-05-07T00:00:00Z,-32.75892,-46.44917,-0.0785,-0.1367,337.5,2016-09-23T00:00:00Z,SVP
126964,2015-05-07T01:00:00Z,-32.76298,-46.45171,-0.0543,-0.0777,115.958336,2016-09-23T00:00:00Z,SVP
126964,2015-05-07T02:00:00Z,-32.76367,-46.45426,-0.0683,-0.0424,502.79166,2016-09-23T00:00:00Z,SVP
126964,2015-05-07T03:00:00Z,-32.76501,-46.45684,-0.0684,-0.0419,502.79166,2016-09-23T00:00:00Z,SVP
126964,2015-05-07T04:00:00Z,-32.76663,-46.4593,-0.0685,-0.0411,502.79166,2016-09-23T00:00:00Z,SVP
126964,2015-05-07T05:00:00Z,-32.76569,-46.46303,-0.1029,0.0599,239.08334,2016-09-23T00:00:00Z,SVP
126964,2015-05-07T06:00:00Z,-32.76485,-46.46723,-0.1136,0.0463,123.0,2016-09-23T00:00:00Z,SVP
126964,2015-05-07T07:00:00Z,-32.7651,-46.47205,-0.1827,-0.0968,59.833332,2016-09-23T00:00:00Z,SVP
126964,2015-05-07T08:00:00Z,-32.76688,-46.48125,-0.2576,-0.0547,186.29166,2016-09-23T00:00:00Z,SVP
126964,2015-05-07T09:00:00Z,-32.76845,-46.4928,-0.318,-0.0664,221.54167,2016-09-23T00:00:00Z,SVP
126964,2015-05-07T10:00:00Z,-32.77215,-46.5052,-0.3159,-0.0736,221.54167,2016-09-23T00:00:00Z,SVP
126964,2015-05-07T11:00:00Z,-32.77238,-46.51577,-0.265,-0.0395,189.91667,2016-09-23T00:00:00Z,SVP
126964,2015-05-07T12:00:00Z,-32.77363,-46.52241,-0.1654,-0.0183,126.58333,2016-09-23T00:00:00Z,SVP
126964,2015-05-07T13:00:00Z,-32.77502,-46.52925,-0.1859,-0.0875,137.08333,2016-09-23T00:00:00Z,SVP
126964,2015-05-07T14:00:00Z,-32.78117,-46.5355,-0.1775,-0.2042,520.3334,2016-09-23T00:00:00Z,SVP
126964,2015-05-07T15:00:00Z,-32.78875,-46.54264,-0.1773,-0.202,520.3334,2016-09-23T00:00:00Z,SVP
126964,2015-05-07T16:00:00Z,-32.79636,-46.55027,-0.1768,-0.1964,520.3334,2016-09-23T00:00:00Z,SVP
126964,2015-05-07T17:00:00Z,-32.80306,-46.55722,-0.0832,-0.1108,239.08334,2016-09-23T00:00:00Z,SVP
126964,2015-05-07T18:00:00Z,-32.8063,-46.55992,-0.0863,-0.1122,239.08334,2016-09-23T00:00:00Z,SVP
126964,2015-05-07T19:00:00Z,-32.80903,-46.56331,-0.0823,-0.0793,202.20834,2016-09-23T00:00:00Z,SVP
126964,2015-05-07T20:00:00Z,-32.81088,-46.5677,-0.1263,-0.0468,163.5,2016-09-23T00:00:00Z,SVP
126964,2015-05-07T21:00:00Z,-32.81205,-46.57323,-0.0985,-0.0245,79.04167,2016-09-23T00:00:00Z,SVP
126964,2015-05-07T22:00:00Z,-32.8131,-46.5774,-0.0891,-0.0402,409.5,2016-09-23T00:00:00Z,SVP
126964,2015-05-07T23:00:00Z,-32.81428,-46.58096,-0.0885,-0.0408,409.5,2016-09-23T00:00:00Z,SVP
126964,2015-05-08T00:00:00Z,-32.81517,-46.5842,-0.092,-0.0433,409.5,2016-09-23T00:00:00Z,SVP
126964,2015-05-08T01:00:00Z,-32.81806,-46.58832,-0.0836,-0.0559,137.08333,2016-09-23T00:00:00Z,SVP
126964,2015-05-08T02:00:00Z,-32.81967,-46.59164,-0.0628,-0.0144,358.6667,2016-09-23T00:00:00Z,SVP
126964,2015-05-08T03:00:00Z,-32.82022,-46.59392,-0.0628,-0.0142,358.6667,2016-09-23T00:00:00Z,SVP
126964,2015-05-08T04:00:00Z,-32.82108,-46.59613,-0.063,-0.0138,358.6667,2016-09-23T00:00:00Z,SVP
126964,2015-05-08T05:00:00Z,-32.8207,-46.5999,-0.0827,-0.0022,267.16666,2016-09-23T00:00:00Z,SVP
126964,2015-05-08T06:00:00Z,-32.82063,-46.60332,-0.1563,0.0121,151.20834,2016-09-23T00:00:00Z,SVP
126964,2015-05-08T07:00:00Z,-32.82068,-46.61045,-0.2081,-0.0136,186.29166,2016-09-23T00:00:00Z,SVP
126964,2015-05-08T08:00:00Z,-32.82029,-46.61739,-0.1985,-0.0068,186.29166,2016-09-23T00:00:00Z,SVP
126964,2015-05-08T09:00:00Z,-32.8227,-46.62631,-0.209,-0.042,249.58333,2016-09-23T00:00:00Z,SVP
126964,2015-05-08T10:00:00Z,-32.8245,-46.63609,-0.1146,-0.0444,232.04169,2016-09-23T00:00:00Z,SVP
126964,2015-05-08T11:00:00Z,-32.82501,-46.63947,-0.1453,-0.0472,232.04169,2016-09-23T00:00:00Z,SVP
126964,2015-05-08T12:00:00Z,-32.82822,-46.64352,-0.1029,-0.1745,144.16667,2016-09-23T00:00:00Z,SVP
126964,2015-05-08T13:00:00Z,-32.83454,-46.6514,-0.0521,-0.1535,548.4166,2016-09-23T00:00:00Z,SVP
126964,2015-05-08T14:00:00Z,-32.83929,-46.65277,-0.0502,-0.1529,548.4166,2016-09-23T00:00:00Z,SVP
126964,2015-05-08T15:00:00Z,-32.84432,-46.65479,-0.0495,-0.1527,548.4166,2016-09-23T00:00:00Z,SVP
126964,2015-05-08T16:00:00Z,-32.84961,-46.65737,-0.0492,-0.1525,548.4166,2016-09-23T00:00:00Z,SVP
126964,2015-05-08T17:00:00Z,-32.85413,-46.65837,0.0492,-0.1273,232.04169,2016-09-23T00:00:00Z,SVP
126964,2015-05-08T18:00:00Z,-32.8573,-46.65599,0.0543,-0.1262,232.04169,2016-09-23T00:00:00Z,SVP
126964,2015-05-08T19:00:00Z,-32.85964,-46.6523,0.0811,-0.0685,172.33334,2016-09-23T00:00:00Z,SVP
126964,2015-05-08T20:00:00Z,-32.86057,-46.6583,-0.0436,-0.0346,158.25,2016-09-23T00:00:00Z,SVP
126964,2015-05-08T21:00:00Z,-32.86079,-46.65995,-0.0606,0.0076,168.75,2016-09-23T00:00:00Z,SVP
126964,2015-05-08T22:00:00Z,-32.85921,-46.66353,-0.0587,0.014,168.75,2016-09-23T00:00:00Z,SVP
126964,2015-05-08T23:00:00Z,-32.86232,-46.6629,-0.011,-0.0574,239.08334,2016-09-23T00:00:00Z,SVP
126964,2015-05-09T00:00:00Z,-32.86392,-46.66308,0.0093,-0.0644,115.958336,2016-09-23T00:00:00Z,SVP
126964,2015-05-09T01:00:00Z,-32.8666,-46.66477,-0.116,-0.1048,126.58333,2016-09-23T00:00:00Z,SVP
126964,2015-05-09T02:00:00Z,-32.87215,-46.6717,-0.0713,-0.0012,295.33334,2016-09-23T00:00:00Z,SVP
126964,2015-05-09T03:00:00Z,-32.86961,-46.67353,-0.0754,-0.018,295.33334,2016-09-23T00:00:00Z,SVP
126964,2015-05-09T04:00:00Z,-32.86859,-46.6769,-0.0461,-0.0483,242.54167,2016-09-23T00:00:00Z,SVP
126964,2015-05-09T05:00:00Z,-32.87163,-46.67867,-0.0458,-0.0279,242.54167,2016-09-23T00:00:00Z,SVP
126964,2015-05-09T06:00:00Z,-32.87277,-46.68036,-0.0395,-0.0587,165.29167,2016-09-23T00:00:00Z,SVP
126964,2015-05-09T07:00:00Z,-32.87469,-46.68206,-0.0513,-0.0612,137.08333,2016-09-23T00:00:00Z,SVP
126964,2015-05-09T08:00:00Z,-32.87676,-46.68492,-0.1024,-0.0713,119.54167,2016-09-23T00:00:00Z,SVP
126964,2015-05-09T09:00:00Z,-32.87933,-46.69045,-0.1671,-0.0935,123.0,2016-09-23T00:00:00Z,SVP
126964,2015-05-09T10:00:00Z,-32.88197,-46.69632,-0.1599,-0.0783,249.58333,2016-09-23T00:00:00Z,SVP
126964,2015-05-09T11:00:00Z,-32.88548,-46.70223,0.1174,-0.0642,119.54167,2016-09-23T00:00:00Z,SVP
126964,2015-05-09T12:00:00Z,-32.88658,-46.69776,0.0104,-0.0811,133.66667,2016-09-23T00:00:00Z,SVP
126964,2015-05-09T13:00:00Z,-32.89053,-46.70276,-0.1549,-0.1674,119.54167,2016-09-23T00:00:00Z,SVP
126964,2015-05-09T14:00:00Z,-32.89658,-46.70295,0.0787,-0.2067,453.45834,2016-09-23T00:00:00Z,SVP
126964,2015-05-09T15:00:00Z,-32.90386,-46.69934,0.0756,-0.2059,453.45834,2016-09-23T00:00:00Z,SVP
126964,2015-05-09T16:00:00Z,-32.91137,-46.69648,0.0767,-0.2047,453.45834,2016-09-23T00:00:00Z,SVP
126964,2015-05-09T17:00:00Z,-32.91711,-46.6938,0.0915,-0.2025,239.08334,2016-09-23T00:00:00Z,SVP
126964,2015-05-09T18:00:00Z,-32.92293,-46.6899,0.1041,-0.1492,179.25,2016-09-23T00:00:00Z,SVP
126964,2015-05-09T19:00:00Z,-32.9285,-46.68638,0.1034,-0.1516,179.25,2016-09-23T00:00:00Z,SVP
126964,2015-05-09T20:00:00Z,-32.92992,-46.67924,0.2349,0.0817,73.791664,2016-09-23T00:00:00Z,SVP
126964,2015-05-09T21:00:00Z,-32.92655,-46.67222,0.1024,0.0875,175.79167,2016-09-23T00:00:00Z,SVP
126964,2015-05-09T22:00:00Z,-32.92517,-46.67299,-0.004,0.0029,73.791664,2016-09-23T00:00:00Z,SVP
126964,2015-05-09T23:00:00Z,-32.92662,-46.67213,-0.0245,-0.0299,284.83334,2016-09-23T00:00:00Z,SVP
126964,2015-05-10T00:00:00Z,-32.92803,-46.67259,-0.2386,0.0033,144.16667,2016-09-23T00:00:00Z,SVP
126964,2015-05-10T01:00:00Z,-32.92708,-46.68391,-0.1949,0.0121,115.958336,2016-09-23T00:00:00Z,SVP
126964,2015-05-10T02:00:00Z,-32.92696,-46.69082,-0.1403,-0.0464,302.4167,2016-09-23T00:00:00Z,SVP
126964,2015-05-10T03:00:00Z,-32.92806,-46.69716,-0.1334,-0.048,302.4167,2016-09-23T00:00:00Z,SVP
126964,2015-05-10T04:00:00Z,-32.92949,-46.70273,-0.1566,-0.0976,253.20834,2016-09-23T00:00:00Z,SVP
126964,2015-05-10T05:00:00Z,-32.93297,-46.70774,-0.1557,-0.0999,253.20834,2016-09-23T00:00:00Z,SVP
126964,2015-05-10T06:00:00Z,-32.9371,-46.71485,-0.1854,-0.1422,175.79167,2016-09-23T00:00:00Z,SVP
126964,2015-05-10T07:00:00Z,-32.94127,-46.72117,-0.1128,-0.1228,87.91667,2016-09-23T00:00:00Z,SVP
126964,2015-05-10T08:00:00Z,-32.94554,-46.72231,-0.008,-0.1269,151.20834,2016-09-23T00:00:00Z,SVP
126964,2015-05-10T09:00:00Z,-32.95214,-46.72421,-0.0758,-0.2393,246.16667,2016-09-23T00:00:00Z,SVP
126964,2015-05-10T10:00:00Z,-32.96191,-46.73341,-0.1704,-0.2678,246.16667,2016-09-23T00:00:00Z,SVP
126964,2015-05-10T11:00:00Z,-32.96616,-46.72953,-0.0557,-0.1613,151.20834,2016-09-23T00:00:00Z,SVP
126964,2015-05-10T12:00:00Z,-32.97102,-46.73155,0.0126,-0.1226,130.04166,2016-09-23T00:00:00Z,SVP
126964,2015-05-10T13:00:00Z,-32.97713,-46.73128,0.084,-0.1654,717.1667,2016-09-23T00:00:00Z,SVP
126964,2015-05-10T14:00:00Z,-32.9821,-46.72846,0.0846,-0.1653,717.1667,2016-09-23T00:00:00Z,SVP
126964,2015-05-10T15:00:00Z,-32.98736,-46.72531,0.0847,-0.1653,717.1667,2016-09-23T00:00:00Z,SVP
126964,2015-05-10T16:00:00Z,-32.99271,-46.72205,0.0846,-0.1652,717.1667,2016-09-23T00:00:00Z,SVP
126964,2015-05-10T17:00:00Z,-32.99813,-46.71871,0.0843,-0.1651,717.1667,2016-09-23T00:00:00Z,SVP
126964,2015-05-10T18:00:00Z,-33.00285,-46.71524,0.0807,-0.1402,256.66666,2016-09-23T00:00:00Z,SVP
126964,2015-05-10T19:00:00Z,-33.00576,-46.71224,0.0805,-0.1274,256.66666,2016-09-23T00:00:00Z,SVP
126964,2015-05-10T20:00:00Z,-33.00005,-46.71038,-0.1399,4.0E-4,109.041664,2016-09-23T00:00:00Z,SVP
126964,2015-05-10T21:00:00Z,-32.99987,-46.7193,-0.2865,-0.0118,91.33333,2016-09-23T00:00:00Z,SVP
126964,2015-05-10T22:00:00Z,-33.00286,-46.72714,-0.1344,-0.1943,323.41666,2016-09-23T00:00:00Z,SVP
126964,2015-05-10T23:00:00Z,-33.00942,-46.73177,-0.1299,-0.1953,323.41666,2016-09-23T00:00:00Z,SVP
126964,2015-05-11T00:00:00Z,-33.0168,-46.73861,-0.1817,-0.2514,133.66667,2016-09-23T00:00:00Z,SVP
126964,2015-05-11T01:00:00Z,-33.02612,-46.7466,-0.1844,-0.308,115.958336,2016-09-23T00:00:00Z,SVP
126964,2015-05-11T02:00:00Z,-33.03683,-46.75357,-0.105,-0.3202,323.41666,2016-09-23T00:00:00Z,SVP
126964,2015-05-11T03:00:00Z,-33.04556,-46.75785,-0.1007,-0.3128,323.41666,2016-09-23T00:00:00Z,SVP
126964,2015-05-11T04:00:00Z,-33.05576,-46.76111,-0.059,-0.3191,253.20834,2016-09-23T00:00:00Z,SVP
126964,2015-05-11T05:00:00Z,-33.06989,-46.76247,-0.0578,-0.3325,253.20834,2016-09-23T00:00:00Z,SVP
126964,2015-05-11T06:00:00Z,-33.07601,-46.76498,-0.0499,-0.2915,165.16666,2016-09-23T00:00:00Z,SVP
126964,2015-05-11T07:00:00Z,-33.08502,-46.76559,-0.0024,-0.3211,182.83333,2016-09-23T00:00:00Z,SVP
126964,2015-05-11T08:00:00Z,-33.09579,-46.76478,-0.007,-0.3187,182.83333,2016-09-23T00:00:00Z,SVP
126964,2015-05-11T09:00:00Z,-33.10495,-46.76975,-0.0962,-0.272,203.83333,2016-09-23T00:00:00Z,SVP
126964,2015-05-11T10:00:00Z,-33.11331,-46.77365,-0.0749,-0.1853,179.25,2016-09-23T00:00:00Z,SVP
126964,2015-05-11T11:00:00Z,-33.11893,-46.7763,-0.0765,-0.1791,179.25,2016-09-23T00:00:00Z,SVP
126964,2015-05-11T12:00:00Z,-33.12245,-46.77989,-0.1187,-0.0704,112.5,2016-09-23T00:00:00Z,SVP
126964,2015-05-11T13:00:00Z,-33.12438,-46.78411,-0.1399,-0.0847,1008.9167,2016-09-23T00:00:00Z,SVP
126964,2015-05-11T14:00:00Z,-33.1274,-46.79019,-0.1453,-0.0859,1008.9167,2016-09-23T00:00:00Z,SVP
126964,2015-05-11T15:00:00Z,-33.13026,-46.79608,-0.147,-0.0863,1008.9167,2016-09-23T00:00:00Z,SVP
126964,2015-05-11T16:00:00Z,-33.13309,-46.80184,-0.1474,-0.0864,1008.9167,2016-09-23T00:00:00Z,SVP
126964,2015-05-11T17:00:00Z,-33.13587,-46.80744,-0.1471,-0.0864,1008.9167,2016-09-23T00:00:00Z,SVP
126964,2015-05-11T18:00:00Z,-33.13858,-46.8127,-0.1456,-0.0862,1008.9167,2016-09-23T00:00:00Z,SVP
126964,2015-05-11T19:00:00Z,-33.14108,-46.81714,-0.142,-0.0855,1008.9167,2016-09-23T00:00:00Z,SVP
126964,2015-05-11T20:00:00Z,-33.14505,-46.82515,-0.1602,-0.0997,147.58333,2016-09-23T00:00:00Z,SVP
126964,2015-05-11T21:00:00Z,-33.14737,-46.82939,-0.0969,-0.1133,52.791668,2016-09-23T00:00:00Z,SVP
126964,2015-05-11T22:00:00Z,-33.15209,-46.83298,-0.1005,-0.1568,467.5417,2016-09-23T00:00:00Z,SVP
126964,2015-05-11T23:00:00Z,-33.15701,-46.83725,-0.1015,-0.157,467.5417,2016-09-23T00:00:00Z,SVP
126964,2015-05-12T00:00:00Z,-33.16142,-46.842,-0.1033,-0.157,467.5417,2016-09-23T00:00:00Z,SVP
126964,2015-05-12T01:00:00Z,-33.16702,-46.84406,-0.0178,-0.167,253.20834,2016-09-23T00:00:00Z,SVP
126964,2015-05-12T02:00:00Z,-33.17398,-46.84491,0.0395,-0.1009,471.16666,2016-09-23T00:00:00Z,SVP
126964,2015-05-12T03:00:00Z,-33.17612,-46.84247,0.0404,-0.101,471.16666,2016-09-23T00:00:00Z,SVP
126964,2015-05-12T04:00:00Z,-33.17908,-46.84056,0.0407,-0.1004,471.16666,2016-09-23T00:00:00Z,SVP
126964,2015-05-12T05:00:00Z,-33.18279,-46.83889,0.041,-0.0968,471.16666,2016-09-23T00:00:00Z,SVP
126964,2015-05-12T06:00:00Z,-33.18256,-46.83752,0.0406,-0.061,161.70833,2016-09-23T00:00:00Z,SVP
126964,2015-05-12T07:00:00Z,-33.18625,-46.8374,0.0041,-0.0713,256.66666,2016-09-23T00:00:00Z,SVP
126964,2015-05-12T08:00:00Z,-33.18901,-46.8374,-0.0603,-0.0029,217.95833,2016-09-23T00:00:00Z,SVP
126964,2015-05-12T09:00:00Z,-33.18929,-46.83884,-0.0613,0.011,217.95833,2016-09-23T00:00:00Z,SVP
126964,2015-05-12T10:00:00Z,-33.18699,-46.84236,-0.0888,0.0682,249.58333,2016-09-23T00:00:00Z,SVP
126964,2015-05-12T11:00:00Z,-33.18404,-46.84713,0.1269,-0.0021,77.41667,2016-09-23T00:00:00Z,SVP
126964,2015-05-12T12:00:00Z,-33.18497,-46.83979,0.0651,-0.0592,263.7083,2016-09-23T00:00:00Z,SVP
126964,2015-05-12T13:00:00Z,-33.18577,-46.83675,0.0565,-0.0554,263.7083,2016-09-23T00:00:00Z,SVP
126964,2015-05-12T14:00:00Z,-33.18914,-46.83478,0.0286,-0.1041,639.9166,2016-09-23T00:00:00Z,SVP
126964,2015-05-12T15:00:00Z,-33.19477,-46.83343,0.0294,-0.1327,639.9166,2016-09-23T00:00:00Z,SVP
126964,2015-05-12T16:00:00Z,-33.20001,-46.83201,0.0301,-0.1369,639.9166,2016-09-23T00:00:00Z,SVP
126964,2015-05-12T17:00:00Z,-33.20537,-46.83036,0.0311,-0.1368,639.9166,2016-09-23T00:00:00Z,SVP
126964,2015-05-12T18:00:00Z,-33.20795,-46.82962,0.0272,-0.092,246.16667,2016-09-23T00:00:00Z,SVP
126964,2015-05-12T19:00:00Z,-33.20478,-46.83049,0.0226,-0.1012,246.16667,2016-09-23T00:00:00Z,SVP
126964,2015-05-12T20:00:00Z,-33.21317,-46.82711,0.0716,-0.1066,179.25,2016-09-23T00:00:00Z,SVP
126964,2015-05-12T21:00:00Z,-33.2164,-46.82389,0.1059,-0.1406,232.04169,2016-09-23T00:00:00Z,SVP
126964,2015-05-12T22:00:00Z,-33.22112,-46.81903,0.0986,-0.1246,312.91666,2016-09-23T00:00:00Z,SVP
126964,2015-05-12T23:00:00Z,-33.22515,-46.81584,0.0977,-0.1247,312.91666,2016-09-23T00:00:00Z,SVP
126964,2015-05-13T00:00:00Z,-33.22929,-46.81273,0.0956,-0.15,109.041664,2016-09-23T00:00:00Z,SVP
126964,2015-05-13T01:00:00Z,-33.23509,-46.80879,0.06,-0.2035,137.08333,2016-09-23T00:00:00Z,SVP
126964,2015-05-13T02:00:00Z,-33.24146,-46.80609,0.0956,-0.1885,112.5,2016-09-23T00:00:00Z,SVP
126964,2015-05-13T03:00:00Z,-33.24778,-46.804,0.1237,-0.1904,790.9583,2016-09-23T00:00:00Z,SVP
126964,2015-05-13T04:00:00Z,-33.25399,-46.79902,0.1231,-0.1903,790.9583,2016-09-23T00:00:00Z,SVP
126964,2015-05-13T05:00:00Z,-33.26012,-46.79429,0.1233,-0.1904,790.9583,2016-09-23T00:00:00Z,SVP
126964,2015-05-13T06:00:00Z,-33.26622,-46.78968,0.1243,-0.1908,790.9583,2016-09-23T00:00:00Z,SVP
126964,2015-05-13T07:00:00Z,-33.27225,-46.78518,0.1267,-0.1916,790.9583,2016-09-23T00:00:00Z,SVP
126964,2015-05-13T08:00:00Z,-33.27851,-46.78089,0.1246,-0.2009,172.20833,2016-09-23T00:00:00Z,SVP
126964,2015-05-13T09:00:00Z,-33.28587,-46.77629,-0.101,-0.2505,77.41667,2016-09-23T00:00:00Z,SVP
126964,2015-05-13T10:00:00Z,-33.29538,-46.78209,-0.1716,-0.3083,172.20833,2016-09-23T00:00:00Z,SVP
126964,2015-05-13T11:00:00Z,-33.30312,-46.78729,-0.1286,-0.2092,115.958336,2016-09-23T00:00:00Z,SVP
126964,2015-05-13T12:00:00Z,-33.30748,-46.78994,-0.0519,-0.3186,137.08333,2016-09-23T00:00:00Z,SVP
126964,2015-05-13T13:00:00Z,-33.32104,-46.79289,-0.2062,-0.2916,650.4166,2016-09-23T00:00:00Z,SVP
126964,2015-05-13T14:00:00Z,-33.32978,-46.80357,-0.2453,-0.2914,650.4166,2016-09-23T00:00:00Z,SVP
126964,2015-05-13T15:00:00Z,-33.33903,-46.81368,-0.2453,-0.2911,650.4166,2016-09-23T00:00:00Z,SVP
126964,2015-05-13T16:00:00Z,-33.34854,-46.82366,-0.2442,-0.2906,650.4166,2016-09-23T00:00:00Z,SVP
126964,2015-05-13T17:00:00Z,-33.3583,-46.83365,-0.2416,-0.2897,650.4166,2016-09-23T00:00:00Z,SVP
126964,2015-05-13T18:00:00Z,-33.36167,-46.84003,-0.1884,-0.0529,256.66666,2016-09-23T00:00:00Z,SVP
126964,2015-05-13T19:00:00Z,-33.36301,-46.84109,-0.2703,-0.0136,147.58333,2016-09-23T00:00:00Z,SVP
126964,2015-05-13T20:00:00Z,-33.36314,-46.85403,-0.1418,0.0443,256.66666,2016-09-23T00:00:00Z,SVP
126964,2015-05-13T21:00:00Z,-33.36126,-46.8606,-0.1508,0.0441,256.66666,2016-09-23T00:00:00Z,SVP
126964,2015-05-13T22:00:00Z,-33.35916,-46.86666,-0.0569,0.0552,411.2917,2016-09-23T00:00:00Z,SVP
126964,2015-05-13T23:00:00Z,-33.3578,-46.86715,-0.0716,0.0547,411.2917,2016-09-23T00:00:00Z,SVP
126964,2015-05-14T00:00:00Z,-33.35667,-46.87048,-0.0565,0.0545,411.2917,2016-09-23T00:00:00Z,SVP
126964,2015-05-14T01:00:00Z,-33.35438,-46.86923,0.0413,0.0411,123.0,2016-09-23T00:00:00Z,SVP
126964,2015-05-14T02:00:00Z,-33.35936,-46.8669,0.0996,-0.1194,414.9167,2016-09-23T00:00:00Z,SVP
126964,2015-05-14T03:00:00Z,-33.35951,-46.86219,0.0996,-0.083,414.9167,2016-09-23T00:00:00Z,SVP
126964,2015-05-14T04:00:00Z,-33.36075,-46.85774,0.0988,-0.0828,414.9167,2016-09-23T00:00:00Z,SVP
126964,2015-05-14T05:00:00Z,-33.36389,-46.85321,0.1126,-0.2165,391.9583,2016-09-23T00:00:00Z,SVP
126964,2015-05-14T06:00:00Z,-33.37134,-46.84969,0.108,-0.2152,391.9583,2016-09-23T00:00:00Z,SVP
126964,2015-05-14T07:00:00Z,-33.37856,-46.84709,0.1016,-0.214,391.9583,2016-09-23T00:00:00Z,SVP
126964,2015-05-14T08:00:00Z,-33.3856,-46.84415,0.0743,-0.2246,135.29167,2016-09-23T00:00:00Z,SVP
126964,2015-05-14T09:00:00Z,-33.39227,-46.84619,-0.128,-0.1604,158.25,2016-09-23T00:00:00Z,SVP
126964,2015-05-14T10:00:00Z,-33.39827,-46.85066,-0.1413,-0.1557,256.66666,2016-09-23T00:00:00Z,SVP
126964,2015-05-14T11:00:00Z,-33.40271,-46.85661,-0.1429,-0.1554,256.66666,2016-09-23T00:00:00Z,SVP
126964,2015-05-14T12:00:00Z,-33.40765,-46.86311,-0.2159,-0.1537,126.58333,2016-09-23T00:00:00Z,SVP
126964,2015-05-14T13:00:00Z,-33.41119,-46.87501,-0.3212,-0.0835,115.958336,2016-09-23T00:00:00Z,SVP
126964,2015-05-14T14:00:00Z,-33.4141,-46.88676,-0.3117,-0.0637,580.0417,2016-09-23T00:00:00Z,SVP
126964,2015-05-14T15:00:00Z,-33.41636,-46.89886,-0.3113,-0.0636,580.0417,2016-09-23T00:00:00Z,SVP
126964,2015-05-14T16:00:00Z,-33.41861,-46.91126,-0.3116,-0.0634,580.0417,2016-09-23T00:00:00Z,SVP
126964,2015-05-14T17:00:00Z,-33.42102,-46.92407,-0.3116,-0.0629,580.0417,2016-09-23T00:00:00Z,SVP
126964,2015-05-14T18:00:00Z,-33.42179,-46.92976,-0.1091,-0.0378,239.08334,2016-09-23T00:00:00Z,SVP
126964,2015-05-14T19:00:00Z,-33.42295,-46.93274,-0.0693,-0.0281,116.083336,2016-09-23T00:00:00Z,SVP
126964,2015-05-14T20:00:00Z,-33.42455,-46.93382,0.1761,-0.0711,193.33334,2016-09-23T00:00:00Z,SVP
126964,2015-05-14T21:00:00Z,-33.42679,-46.92634,0.167,-0.0699,193.33334,2016-09-23T00:00:00Z,SVP
126964,2015-05-14T22:00:00Z,-33.42776,-46.92017,0.1451,-0.0149,362.08334,2016-09-23T00:00:00Z,SVP
126964,2015-05-14T23:00:00Z,-33.42781,-46.91298,0.1661,-0.0114,362.08334,2016-09-23T00:00:00Z,SVP
126964,2015-05-15T00:00:00Z,-33.42662,-46.90508,-0.0332,-0.1849,140.70834,2016-09-23T00:00:00Z,SVP
126964,2015-05-15T01:00:00Z,-33.43306,-46.908,-0.0093,-0.1818,112.5,2016-09-23T00:00:00Z,SVP
126964,2015-05-15T02:00:00Z,-33.43921,-46.90796,-0.0147,-0.1644,435.91666,2016-09-23T00:00:00Z,SVP
126964,2015-05-15T03:00:00Z,-33.44444,-46.90874,-0.016,-0.1642,435.91666,2016-09-23T00:00:00Z,SVP
126964,2015-05-15T04:00:00Z,-33.44971,-46.90918,-0.0161,-0.1641,435.91666,2016-09-23T00:00:00Z,SVP
126964,2015-05-15T05:00:00Z,-33.45522,-46.91361,-0.2326,-0.1659,242.54167,2016-09-23T00:00:00Z,SVP
126964,2015-05-15T06:00:00Z,-33.46066,-46.92294,-0.236,-0.1665,242.54167,2016-09-23T00:00:00Z,SVP
126964,2015-05-15T07:00:00Z,-33.46714,-46.93252,-0.2865,-0.1179,73.791664,2016-09-23T00:00:00Z,SVP
126964,2015-05-15T08:00:00Z,-33.4692,-46.94387,-0.2966,0.0018,172.20833,2016-09-23T00:00:00Z,SVP
126964,2015-05-15T09:00:00Z,-33.4666,-46.95292,-0.2231,0.1151,144.16667,2016-09-23T00:00:00Z,SVP
126964,2015-05-15T10:00:00Z,-33.46086,-46.95707,-0.1062,0.1865,274.2083,2016-09-23T00:00:00Z,SVP
126964,2015-05-15T11:00:00Z,-33.45394,-46.96098,-0.1047,0.1914,274.2083,2016-09-23T00:00:00Z,SVP
126964,2015-05-15T12:00:00Z,-33.44954,-46.96304,-0.0427,0.1679,144.16667,2016-09-23T00:00:00Z,SVP
126964,2015-05-15T13:00:00Z,-33.44585,-46.96329,-0.0155,-0.1918,594.1666,2016-09-23T00:00:00Z,SVP
126964,2015-05-15T14:00:00Z,-33.45297,-46.96398,-0.0161,-0.1878,594.1666,2016-09-23T00:00:00Z,SVP
126964,2015-05-15T15:00:00Z,-33.45949,-46.96439,-0.0161,-0.1849,594.1666,2016-09-23T00:00:00Z,SVP
126964,2015-05-15T16:00:00Z,-33.46582,-46.96456,-0.016,-0.1814,594.1666,2016-09-23T00:00:00Z,SVP
126964,2015-05-15T17:00:00Z,-33.47163,-46.96489,-0.2118,-0.1608,242.54167,2016-09-23T00:00:00Z,SVP
126964,2015-05-15T18:00:00Z,-33.47612,-46.97303,-0.2143,-0.1538,242.54167,2016-09-23T00:00:00Z,SVP
126964,2015-05-15T19:00:00Z,-33.47876,-46.98109,-0.2123,-0.0668,172.33334,2016-09-23T00:00:00Z,SVP
126964,2015-05-15T20:00:00Z,-33.4801,-46.98887,-0.1251,-0.0025,140.70834,2016-09-23T00:00:00Z,SVP
126964,2015-05-15T21:00:00Z,-33.47976,-46.99221,-0.0314,0.0315,102.0,2016-09-23T00:00:00Z,SVP
126964,2015-05-15T22:00:00Z,-33.47563,-46.98863,0.1063,0.133,351.58334,2016-09-23T00:00:00Z,SVP
126964,2015-05-15T23:00:00Z,-33.46957,-46.98405,0.1059,0.1454,351.58334,2016-09-23T00:00:00Z,SVP
126964,2015-05-16T00:00:00Z,-33.46186,-46.97935,0.1431,-0.193,126.58333,2016-09-23T00:00:00Z,SVP
126964,2015-05-16T01:00:00Z,-33.46695,-46.97394,0.1223,-0.0626,112.5,2016-09-23T00:00:00Z,SVP
126964,2015-05-16T02:00:00Z,-33.46834,-46.97092,0.0134,-0.0568,144.16667,2016-09-23T00:00:00Z,SVP
126964,2015-05-16T03:00:00Z,-33.47169,-46.97378,-0.0948,-0.1079,327.0,2016-09-23T00:00:00Z,SVP
126964,2015-05-16T04:00:00Z,-33.47537,-46.97668,-0.0938,-0.1079,327.0,2016-09-23T00:00:00Z,SVP
126964,2015-05-16T05:00:00Z,-33.47821,-46.98167,-0.1251,-0.1018,239.08334,2016-09-23T00:00:00Z,SVP
126964,2015-05-16T06:00:00Z,-33.48182,-46.98754,-0.1416,0.084,172.33334,2016-09-23T00:00:00Z,SVP
126964,2015-05-16T07:00:00Z,-33.47842,-46.99156,-0.1386,0.0883,172.33334,2016-09-23T00:00:00Z,SVP
126964,2015-05-16T08:00:00Z,-33.47341,-46.99859,-0.155,0.1535,144.16667,2016-09-23T00:00:00Z,SVP
126964,2015-05-16T09:00:00Z,-33.46913,-47.00361,-0.0761,0.0802,267.16666,2016-09-23T00:00:00Z,SVP
126964,2015-05-16T10:00:00Z,-33.46735,-47.00618,-0.0713,0.076,267.16666,2016-09-23T00:00:00Z,SVP
126964,2015-05-16T11:00:00Z,-33.4641,-47.00316,0.0538,0.0718,137.08333,2016-09-23T00:00:00Z,SVP
126964,2015-05-16T12:00:00Z,-33.46206,-47.00135,-0.0171,-0.0807,108.91667,2016-09-23T00:00:00Z,SVP
126964,2015-05-16T13:00:00Z,-33.46572,-47.0023,-0.0333,-0.1467,622.3334,2016-09-23T00:00:00Z,SVP
126964,2015-05-16T14:00:00Z,-33.47102,-47.00368,-0.0338,-0.1495,622.3334,2016-09-23T00:00:00Z,SVP
126964,2015-05-16T15:00:00Z,-33.47899,-47.00478,-0.0334,-0.1796,622.3334,2016-09-23T00:00:00Z,SVP
126964,2015-05-16T16:00:00Z,-33.48634,-47.00538,-0.0319,-0.1891,622.3334,2016-09-23T00:00:00Z,SVP
126964,2015-05-16T17:00:00Z,-33.49177,-47.00594,-0.108,0.0384,239.08334,2016-09-23T00:00:00Z,SVP
126964,2015-05-16T18:00:00Z,-33.49014,-47.01078,-0.0974,0.0327,239.08334,2016-09-23T00:00:00Z,SVP
126964,2015-05-16T19:00:00Z,-33.48828,-47.01408,-0.0941,0.0645,168.75,2016-09-23T00:00:00Z,SVP
126964,2015-05-16T20:00:00Z,-33.48486,-47.01484,0.0133,0.0977,52.791668,2016-09-23T00:00:00Z,SVP
126964,2015-05-16T21:00:00Z,-33.48185,-47.01572,-0.0672,0.1034,112.5,2016-09-23T00:00:00Z,SVP
126964,2015-05-16T22:00:00Z,-33.47484,-47.01455,0.2651,0.0192,365.70834,2016-09-23T00:00:00Z,SVP
126964,2015-05-16T23:00:00Z,-33.47492,-47.00341,0.2604,0.0238,365.70834,2016-09-23T00:00:00Z,SVP
126964,2015-05-17T00:00:00Z,-33.4741,-46.99329,0.2629,0.0202,365.70834,2016-09-23T00:00:00Z,SVP
126964,2015-05-17T01:00:00Z,-33.47486,-46.98246,-0.1828,-0.01,133.66667,2016-09-23T00:00:00Z,SVP
126964,2015-05-17T02:00:00Z,-33.47471,-46.98905,-0.1953,0.0294,348.0,2016-09-23T00:00:00Z,SVP
126964,2015-05-17T03:00:00Z,-33.47436,-46.99682,-0.1945,0.0273,348.0,2016-09-23T00:00:00Z,SVP
126964,2015-05-17T04:00:00Z,-33.47471,-47.00492,-0.1922,0.025,348.0,2016-09-23T00:00:00Z,SVP
126964,2015-05-17T05:00:00Z,-33.47134,-47.01057,-0.154,0.0723,239.08334,2016-09-23T00:00:00Z,SVP
126964,2015-05-17T06:00:00Z,-33.46849,-47.01559,-0.0785,0.1032,172.33334,2016-09-23T00:00:00Z,SVP
126964,2015-05-17T07:00:00Z,-33.46622,-47.0169,0.1878,0.0513,112.5,2016-09-23T00:00:00Z,SVP
126964,2015-05-17T08:00:00Z,-33.46445,-47.00934,0.1787,0.0317,102.0,2016-09-23T00:00:00Z,SVP
126964,2015-05-17T09:00:00Z,-33.46446,-47.00957,-0.0446,-0.0204,144.16667,2016-09-23T00:00:00Z,SVP
126964,2015-05-17T10:00:00Z,-33.4723,-47.01195,-0.0687,-0.1661,105.458336,2016-09-23T00:00:00Z,SVP
126964,2015-05-17T11:00:00Z,-33.47711,-47.01325,-0.0311,-0.2092,210.91667,2016-09-23T00:00:00Z,SVP
126964,2015-05-17T12:00:00Z,-33.47989,-47.0146,-0.0318,-0.0452,123.0,2016-09-23T00:00:00Z,SVP
126964,2015-05-17T13:00:00Z,-33.48001,-47.01579,0.0012,0.044,140.70834,2016-09-23T00:00:00Z,SVP
126964,2015-05-17T14:00:00Z,-33.47838,-47.01369,0.0809,0.0629,502.6667,2016-09-23T00:00:00Z,SVP
126964,2015-05-17T15:00:00Z,-33.47619,-47.01058,0.0814,0.0626,502.6667,2016-09-23T00:00:00Z,SVP
126964,2015-05-17T16:00:00Z,-33.47399,-47.00781,0.0814,0.0622,502.6667,2016-09-23T00:00:00Z,SVP
126964,2015-05-17T17:00:00Z,-33.47194,-47.00197,0.195,0.0662,242.54167,2016-09-23T00:00:00Z,SVP
126964,2015-05-17T18:00:00Z,-33.47026,-46.99041,0.149,0.065,242.54167,2016-09-23T00:00:00Z,SVP
126964,2015-05-17T19:00:00Z,-33.46898,-46.98769,0.1593,0.0357,168.75,2016-09-23T00:00:00Z,SVP
126964,2015-05-17T20:00:00Z,-33.47664,-46.98436,-0.1526,0.001,161.70833,2016-09-23T00:00:00Z,SVP
126964,2015-05-17T21:00:00Z,-33.47598,-46.99155,-0.1334,-0.0087,161.70833,2016-09-23T00:00:00Z,SVP
126964,2015-05-17T22:00:00Z,-33.47548,-46.99647,-0.1279,0.0197,340.95834,2016-09-23T00:00:00Z,SVP
126964,2015-05-17T23:00:00Z,-33.47522,-47.00209,-0.1337,0.016,340.95834,2016-09-23T00:00:00Z,SVP
126964,2015-05-18T00:00:00Z,-33.47624,-47.00705,-0.101,0.1758,112.5,2016-09-23T00:00:00Z,SVP
126964,2015-05-18T01:00:00Z,-33.4703,-47.00939,-5.0E-4,0.1543,126.58333,2016-09-23T00:00:00Z,SVP
126964,2015-05-18T02:00:00Z,-33.46943,-47.00874,0.0274,0.0247,112.5,2016-09-23T00:00:00Z,SVP
126964,2015-05-18T03:00:00Z,-33.46833,-47.00116,0.1747,-0.0014,253.20834,2016-09-23T00:00:00Z,SVP
126964,2015-05-18T04:00:00Z,-33.46539,-46.99369,0.1436,-0.0881,249.58333,2016-09-23T00:00:00Z,SVP
126964,2015-05-18T05:00:00Z,-33.46865,-46.98816,0.1356,-0.0834,249.58333,2016-09-23T00:00:00Z,SVP
126964,2015-05-18T06:00:00Z,-33.4723,-46.98611,-0.0945,-0.1598,172.33334,2016-09-23T00:00:00Z,SVP
126964,2015-05-18T07:00:00Z,-33.47731,-46.98934,-0.0657,-0.1445,73.791664,2016-09-23T00:00:00Z,SVP
126964,2015-05-18T08:00:00Z,-33.48018,-46.98964,0.0079,-0.0578,172.20833,2016-09-23T00:00:00Z,SVP
126964,2015-05-18T09:00:00Z,-33.47998,-46.98989,0.0348,0.0981,91.33333,2016-09-23T00:00:00Z,SVP
126964,2015-05-18T10:00:00Z,-33.47704,-46.98798,0.0924,0.09,362.08334,2016-09-23T00:00:00Z,SVP
126964,2015-05-18T11:00:00Z,-33.47406,-46.98434,0.0927,0.0896,362.08334,2016-09-23T00:00:00Z,SVP
126964,2015-05-18T12:00:00Z,-33.4708,-46.9812,0.1051,0.0444,137.08333,2016-09-23T00:00:00Z,SVP
126964,2015-05-18T13:00:00Z,-33.47019,-46.97714,0.0529,-0.0269,527.4166,2016-09-23T00:00:00Z,SVP
126964,2015-05-18T14:00:00Z,-33.47147,-46.97539,0.0519,-0.0286,527.4166,2016-09-23T00:00:00Z,SVP
126964,2015-05-18T15:00:00Z,-33.47296,-46.97332,0.0518,-0.031,527.4166,2016-09-23T00:00:00Z,SVP
126964,2015-05-18T16:00:00Z,-33.47886,-46.97066,0.0525,-0.0677,527.4166,2016-09-23T00:00:00Z,SVP
126964,2015-05-18T17:00:00Z,-33.47434,-46.96977,0.0341,-0.0116,242.54167,2016-09-23T00:00:00Z,SVP
126964,2015-05-18T18:00:00Z,-33.47419,-46.96891,-0.0291,-0.0102,168.75,2016-09-23T00:00:00Z,SVP
126964,2015-05-18T19:00:00Z,-33.47532,-46.96916,-0.0231,-0.0266,168.75,2016-09-23T00:00:00Z,SVP
126964,2015-05-18T20:00:00Z,-33.47265,-46.97695,-0.1863,0.1571,172.20833,2016-09-23T00:00:00Z,SVP
126964,2015-05-18T21:00:00Z,-33.4678,-46.98306,0.0452,0.0701,73.791664,2016-09-23T00:00:00Z,SVP
126964,2015-05-18T22:00:00Z,-33.46679,-46.98101,0.0606,0.0184,457.04166,2016-09-23T00:00:00Z,SVP
126964,2015-05-18T23:00:00Z,-33.46613,-46.97827,0.0624,0.0184,457.04166,2016-09-23T00:00:00Z,SVP
126964,2015-05-19T00:00:00Z,-33.46497,-46.97501,0.0656,0.0204,457.04166,2016-09-23T00:00:00Z,SVP
126964,2015-05-19T01:00:00Z,-33.46766,-46.97558,0.0412,-0.0524,137.08333,2016-09-23T00:00:00Z,SVP
126964,2015-05-19T02:00:00Z,-33.47157,-46.97475,0.025,-0.0255,277.79166,2016-09-23T00:00:00Z,SVP
126964,2015-05-19T03:00:00Z,-33.47198,-46.97282,0.0294,-0.0253,277.79166,2016-09-23T00:00:00Z,SVP
126964,2015-05-19T04:00:00Z,-33.47306,-46.96987,-0.0275,0.0089,239.08334,2016-09-23T00:00:00Z,SVP
126964,2015-05-19T05:00:00Z,-33.4726,-46.97288,-0.0065,0.0092,239.08334,2016-09-23T00:00:00Z,SVP
126964,2015-05-19T06:00:00Z,-33.47148,-46.97257,-0.013,0.0412,161.70833,2016-09-23T00:00:00Z,SVP
126964,2015-05-19T07:00:00Z,-33.46789,-46.96994,0.1377,0.1747,217.95833,2016-09-23T00:00:00Z,SVP
126964,2015-05-19T08:00:00Z,-33.46217,-46.96448,0.1376,0.1728,217.95833,2016-09-23T00:00:00Z,SVP
126964,2015-05-19T09:00:00Z,-33.45834,-46.95955,0.0921,0.0241,0.0,2016-09-23T00:00:00Z,SVP
126964,2015-05-19T10:00:00Z,-33.45741,-46.95574,0.1076,0.0444,242.54167,2016-09-23T00:00:00Z,SVP
126964,2015-05-19T11:00:00Z,-33.45584,-46.95141,0.12,0.058,144.16667,2016-09-23T00:00:00Z,SVP
126964,2015-05-19T12:00:00Z,-33.4533,-46.94698,0.0914,0.0888,133.66667,2016-09-23T00:00:00Z,SVP
126964,2015-05-19T13:00:00Z,-33.45055,-46.94474,-0.0033,0.0387,112.5,2016-09-23T00:00:00Z,SVP
126964,2015-05-19T14:00:00Z,-33.44993,-46.94656,-0.0504,0.0181,682.0417,2016-09-23T00:00:00Z,SVP
126964,2015-05-19T15:00:00Z,-33.44998,-46.94896,-0.0525,0.0166,682.0417,2016-09-23T00:00:00Z,SVP
126964,2015-05-19T16:00:00Z,-33.45003,-46.95153,-0.0547,0.0155,682.0417,2016-09-23T00:00:00Z,SVP
126964,2015-05-19T17:00:00Z,-33.45034,-46.95452,-0.0577,0.014,682.0417,2016-09-23T00:00:00Z,SVP
126964,2015-05-19T18:00:00Z,-33.45024,-46.95685,-0.0302,0.0689,351.58334,2016-09-23T00:00:00Z,SVP
126964,2015-05-19T19:00:00Z,-33.44679,-46.95609,-0.04,0.0503,351.58334,2016-09-23T00:00:00Z,SVP
126964,2015-05-19T20:00:00Z,-33.44452,-46.95656,-0.0418,0.034,351.58334,2016-09-23T00:00:00Z,SVP
126964,2015-05-19T21:00:00Z,-33.43986,-46.95787,0.0062,0.1955,154.66667,2016-09-23T00:00:00Z,SVP
126964,2015-05-19T22:00:00Z,-33.43294,-46.95493,0.1965,-0.002,316.3333,2016-09-23T00:00:00Z,SVP
126964,2015-05-19T23:00:00Z,-33.43483,-46.9457,0.1941,0.0167,316.3333,2016-09-23T00:00:00Z,SVP
126964,2015-05-20T00:00:00Z,-33.43468,-46.93736,0.1393,-0.0198,133.66667,2016-09-23T00:00:00Z,SVP
126964,2015-05-20T01:00:00Z,-33.4346,-46.93301,0.0487,-0.0525,119.54167,2016-09-23T00:00:00Z,SVP
126964,2015-05-20T02:00:00Z,-33.43691,-46.93105,0.0709,-0.0984,288.2917,2016-09-23T00:00:00Z,SVP
126964,2015-05-20T03:00:00Z,-33.44003,-46.92802,0.0709,-0.0988,288.2917,2016-09-23T00:00:00Z,SVP
126964,2015-05-20T04:00:00Z,-33.44253,-46.92601,0.0558,-0.081,253.20834,2016-09-23T00:00:00Z,SVP
126964,2015-05-20T05:00:00Z,-33.44598,-46.92336,0.0526,-0.0809,253.20834,2016-09-23T00:00:00Z,SVP
126964,2015-05-20T06:00:00Z,-33.44439,-46.92604,-0.1201,0.0909,158.25,2016-09-23T00:00:00Z,SVP
126964,2015-05-20T07:00:00Z,-33.4414,-46.93054,-0.1235,0.1024,253.20834,2016-09-23T00:00:00Z,SVP
126964,2015-05-20T08:00:00Z,-33.43738,-46.93565,0.0685,0.143,73.791664,2016-09-23T00:00:00Z,SVP
126964,2015-05-20T09:00:00Z,-33.43247,-46.93133,0.1407,0.2083,246.16667,2016-09-23T00:00:00Z,SVP
126964,2015-05-20T10:00:00Z,-33.42591,-46.92819,0.1361,0.2125,246.16667,2016-09-23T00:00:00Z,SVP
126964,2015-05-20T11:00:00Z,-33.41915,-46.91815,0.2129,0.2023,165.16666,2016-09-23T00:00:00Z,SVP
126964,2015-05-20T12:00:00Z,-33.41771,-46.9226,0.0329,0.0648,140.70834,2016-09-23T00:00:00Z,SVP
126964,2015-05-20T13:00:00Z,-33.41731,-46.92234,-0.016,-0.0558,699.5834,2016-09-23T00:00:00Z,SVP
126964,2015-05-20T14:00:00Z,-33.41953,-46.92321,-0.0166,-0.057,699.5834,2016-09-23T00:00:00Z,SVP
126964,2015-05-20T15:00:00Z,-33.42168,-46.92403,-0.017,-0.0579,699.5834,2016-09-23T00:00:00Z,SVP
126964,2015-05-20T16:00:00Z,-33.4241,-46.92499,-0.0176,-0.0597,699.5834,2016-09-23T00:00:00Z,SVP
126964,2015-05-20T17:00:00Z,-33.42868,-46.94001,-0.0999,-0.0734,699.5834,2016-09-23T00:00:00Z,SVP
126964,2015-05-20T18:00:00Z,-33.43142,-46.93973,0.1584,0.0624,316.3333,2016-09-23T00:00:00Z,SVP
126964,2015-05-20T19:00:00Z,-33.42713,-46.92701,-0.019,-0.0351,316.3333,2016-09-23T00:00:00Z,SVP
126964,2015-05-20T20:00:00Z,-33.42611,-46.92814,-0.0662,0.1537,94.958336,2016-09-23T00:00:00Z,SVP
126964,2015-05-20T21:00:00Z,-33.42162,-46.92921,0.0036,0.1293,151.20834,2016-09-23T00:00:00Z,SVP
126964,2015-05-20T22:00:00Z,-33.42013,-46.92327,0.2528,0.0402,112.5,2016-09-23T00:00:00Z,SVP
126964,2015-05-20T23:00:00Z,-33.41889,-46.91394,0.2498,0.0167,358.6667,2016-09-23T00:00:00Z,SVP
126964,2015-05-21T00:00:00Z,-33.41788,-46.90369,0.2528,0.0176,358.6667,2016-09-23T00:00:00Z,SVP
126964,2015-05-21T01:00:00Z,-33.41898,-46.89825,0.1874,-0.0192,123.0,2016-09-23T00:00:00Z,SVP
126964,2015-05-21T02:00:00Z,-33.42114,-46.89172,0.1119,-0.0801,126.58333,2016-09-23T00:00:00Z,SVP
126964,2015-05-21T03:00:00Z,-33.4223,-46.8944,-0.0798,-0.0287,439.5,2016-09-23T00:00:00Z,SVP
126964,2015-05-21T04:00:00Z,-33.42468,-46.89723,-0.0818,-0.0427,439.5,2016-09-23T00:00:00Z,SVP
126964,2015-05-21T05:00:00Z,-33.4278,-46.89946,-0.0882,-0.0536,439.5,2016-09-23T00:00:00Z,SVP
126964,2015-05-21T06:00:00Z,-33.42545,-46.90308,-0.0886,0.065,390.1667,2016-09-23T00:00:00Z,SVP
126964,2015-05-21T07:00:00Z,-33.42335,-46.90743,-0.0909,0.0667,390.1667,2016-09-23T00:00:00Z,SVP
126964,2015-05-21T08:00:00Z,-33.42112,-46.90987,0.034,0.0865,246.16667,2016-09-23T00:00:00Z,SVP
126964,2015-05-21T09:00:00Z,-33.41739,-46.90799,0.0427,0.0908,246.16667,2016-09-23T00:00:00Z,SVP
126964,2015-05-21T10:00:00Z,-33.41785,-46.90354,0.0933,-0.0035,242.54167,2016-09-23T00:00:00Z,SVP
126964,2015-05-21T11:00:00Z,-33.41805,-46.89738,0.0748,-0.149,130.04166,2016-09-23T00:00:00Z,SVP
126964,2015-05-21T12:00:00Z,-33.42375,-46.89592,0.0315,-0.2648,105.458336,2016-09-23T00:00:00Z,SVP
126964,2015-05-21T13:00:00Z,-33.43156,-46.89543,-0.0322,-0.2135,144.16667,2016-09-23T00:00:00Z,SVP
126964,2015-05-21T14:00:00Z,-33.43759,-46.89605,-0.0363,-0.1497,594.1666,2016-09-23T00:00:00Z,SVP
126964,2015-05-21T15:00:00Z,-33.44197,-46.89742,-0.036,-0.1462,594.1666,2016-09-23T00:00:00Z,SVP
126964,2015-05-21T16:00:00Z,-33.44691,-46.89903,-0.0364,-0.1467,594.1666,2016-09-23T00:00:00Z,SVP
126964,2015-05-21T17:00:00Z,-33.4525,-46.90112,-0.038,-0.1492,594.1666,2016-09-23T00:00:00Z,SVP
126964,2015-05-21T18:00:00Z,-33.45433,-46.90082,0.0248,0.0445,256.66666,2016-09-23T00:00:00Z,SVP
126964,2015-05-21T19:00:00Z,-33.45344,-46.89925,0.0421,0.0541,256.66666,2016-09-23T00:00:00Z,SVP
126964,2015-05-21T20:00:00Z,-33.44833,-46.88456,0.1562,0.1034,268.9583,2016-09-23T00:00:00Z,SVP
126964,2015-05-21T21:00:00Z,-33.44564,-46.879,0.1254,0.0934,268.9583,2016-09-23T00:00:00Z,SVP
126964,2015-05-21T22:00:00Z,-33.44464,-46.87325,0.062,-0.1291,360.29166,2016-09-23T00:00:00Z,SVP
126964,2015-05-21T23:00:00Z,-33.44954,-46.87206,0.0675,-0.1232,360.29166,2016-09-23T00:00:00Z,SVP
126964,2015-05-22T00:00:00Z,-33.4535,-46.87,0.071,-0.1281,360.29166,2016-09-23T00:00:00Z,SVP
126964,2015-05-22T01:00:00Z,-33.46244,-46.87355,-0.1524,-0.3048,123.0,2016-09-23T00:00:00Z,SVP
126964,2015-05-22T02:00:00Z,-33.46994,-46.88187,-0.0671,-0.0443,474.58334,2016-09-23T00:00:00Z,SVP
126964,2015-05-22T03:00:00Z,-33.47105,-46.88431,-0.0658,-0.0436,474.58334,2016-09-23T00:00:00Z,SVP
126964,2015-05-22T04:00:00Z,-33.47282,-46.88767,-0.0665,-0.0425,474.58334,2016-09-23T00:00:00Z,SVP
126964,2015-05-22T05:00:00Z,-33.47512,-46.89258,0.0294,-0.0197,351.58334,2016-09-23T00:00:00Z,SVP
126964,2015-05-22T06:00:00Z,-33.47499,-46.88874,-0.0119,-0.0221,351.58334,2016-09-23T00:00:00Z,SVP
126964,2015-05-22T07:00:00Z,-33.47534,-46.88925,-0.0039,-0.0235,351.58334,2016-09-23T00:00:00Z,SVP
126964,2015-05-22T08:00:00Z,-33.47901,-46.88469,0.1239,-0.1907,196.95833,2016-09-23T00:00:00Z,SVP
126964,2015-05-22T09:00:00Z,-33.48547,-46.87971,0.0211,-0.4116,274.2083,2016-09-23T00:00:00Z,SVP
126964,2015-05-22T10:00:00Z,-33.50228,-46.88051,0.0277,-0.3569,274.2083,2016-09-23T00:00:00Z,SVP
126964,2015-05-22T11:00:00Z,-33.51344,-46.87936,-3.0E-4,-0.3532,109.041664,2016-09-23T00:00:00Z,SVP
126964,2015-05-22T12:00:00Z,-33.52282,-46.87888,0.0077,-0.2649,112.5,2016-09-23T00:00:00Z,SVP
126964,2015-05-22T13:00:00Z,-33.53103,-46.88,-0.0995,-0.1927,137.08333,2016-09-23T00:00:00Z,SVP
126964,2015-05-22T14:00:00Z,-33.53654,-46.88359,-0.1066,-0.157,615.1666,2016-09-23T00:00:00Z,SVP
126964,2015-05-22T15:00:00Z,-33.54157,-46.88782,-0.1067,-0.1566,615.1666,2016-09-23T00:00:00Z,SVP
126964,2015-05-22T16:00:00Z,-33.54677,-46.89216,-0.1069,-0.1566,615.1666,2016-09-23T00:00:00Z,SVP
126964,2015-05-22T17:00:00Z,-33.55219,-46.89672,-0.1074,-0.1569,615.1666,2016-09-23T00:00:00Z,SVP
126964,2015-05-22T18:00:00Z,-33.55042,-46.89543,0.0569,0.1066,256.66666,2016-09-23T00:00:00Z,SVP
126964,2015-05-22T19:00:00Z,-33.54731,-46.89215,0.0817,0.0964,91.33333,2016-09-23T00:00:00Z,SVP
126964,2015-05-22T20:00:00Z,-33.54592,-46.88945,0.0363,-0.055,94.958336,2016-09-23T00:00:00Z,SVP
126964,2015-05-22T21:00:00Z,-33.54925,-46.88918,-0.0041,-0.1308,158.25,2016-09-23T00:00:00Z,SVP
126964,2015-05-22T22:00:00Z,-33.55547,-46.88924,0.0133,-0.254,307.6667,2016-09-23T00:00:00Z,SVP
126964,2015-05-22T23:00:00Z,-33.56338,-46.88843,0.0123,-0.2521,307.6667,2016-09-23T00:00:00Z,SVP
126964,2015-05-23T00:00:00Z,-33.57285,-46.8881,-0.0775,-0.5409,109.041664,2016-09-23T00:00:00Z,SVP
126964,2015-05-23T01:00:00Z,-33.59103,-46.89329,-0.1852,-0.459,130.04166,2016-09-23T00:00:00Z,SVP
126964,2015-05-23T02:00:00Z,-33.6029,-46.90289,-0.2436,-0.3039,115.958336,2016-09-23T00:00:00Z,SVP
126964,2015-05-23T03:00:00Z,-33.61098,-46.9106,-0.2006,-0.2398,379.66666,2016-09-23T00:00:00Z,SVP
126964,2015-05-23T04:00:00Z,-33.61884,-46.91834,-0.1989,-0.2383,379.66666,2016-09-23T00:00:00Z,SVP
126964,2015-05-23T05:00:00Z,-33.62609,-46.92504,-0.0737,-0.1503,312.91666,2016-09-23T00:00:00Z,SVP
126964,2015-05-23T06:00:00Z,-33.63033,-46.92741,-0.0731,-0.1509,312.91666,2016-09-23T00:00:00Z,SVP
126964,2015-05-23T07:00:00Z,-33.63525,-46.92908,-0.0026,-0.144,84.458336,2016-09-23T00:00:00Z,SVP
126964,2015-05-23T08:00:00Z,-33.64083,-46.92659,0.1156,-0.2107,168.75,2016-09-23T00:00:00Z,SVP
126964,2015-05-23T09:00:00Z,-33.64729,-46.92158,0.1372,-0.2086,253.20834,2016-09-23T00:00:00Z,SVP
126964,2015-05-23T10:00:00Z,-33.65453,-46.91694,0.1374,-0.2075,253.20834,2016-09-23T00:00:00Z,SVP
126964,2015-05-23T11:00:00Z,-33.66027,-46.90839,0.1954,-0.1994,133.66667,2016-09-23T00:00:00Z,SVP
126964,2015-05-23T12:00:00Z,-33.669,-46.90316,0.0162,-0.2674,137.08333,2016-09-23T00:00:00Z,SVP
126964,2015-05-23T13:00:00Z,-33.67868,-46.90529,-0.16,-0.2321,650.4166,2016-09-23T00:00:00Z,SVP
126964,2015-05-23T14:00:00Z,-33.68591,-46.91286,-0.1717,-0.2312,650.4166,2016-09-23T00:00:00Z,SVP
126964,2015-05-23T15:00:00Z,-33.69341,-46.92035,-0.1752,-0.231,650.4166,2016-09-23T00:00:00Z,SVP
126964,2015-05-23T16:00:00Z,-33.70112,-46.92787,-0.1764,-0.2311,650.4166,2016-09-23T00:00:00Z,SVP
126964,2015-05-23T17:00:00Z,-33.70922,-46.93562,-0.1762,-0.2315,650.4166,2016-09-23T00:00:00Z,SVP
126964,2015-05-23T18:00:00Z,-33.71407,-46.93748,-0.04,-0.1905,242.54167,2016-09-23T00:00:00Z,SVP
126964,2015-05-23T19:00:00Z,-33.71893,-46.9393,-0.0526,-0.131,147.58333,2016-09-23T00:00:00Z,SVP
126964,2015-05-23T20:00:00Z,-33.7229,-46.9401,-0.0218,-0.0754,161.70833,2016-09-23T00:00:00Z,SVP
126964,2015-05-23T21:00:00Z,-33.72517,-46.94142,0.1447,-0.0701,87.91667,2016-09-23T00:00:00Z,SVP
126964,2015-05-23T22:00:00Z,-33.73359,-46.93584,0.1387,-0.3228,425.41666,2016-09-23T00:00:00Z,SVP
126964,2015-05-23T23:00:00Z,-33.74443,-46.9307,0.1364,-0.3231,425.41666,2016-09-23T00:00:00Z,SVP
126964,2015-05-24T00:00:00Z,-33.75512,-46.92494,0.1376,-0.3229,425.41666,2016-09-23T00:00:00Z,SVP
126964,2015-05-24T01:00:00Z,-33.76722,-46.92863,-0.1187,-0.3689,133.66667,2016-09-23T00:00:00Z,SVP
126964,2015-05-24T02:00:00Z,-33.78294,-46.93227,0.0245,-0.3378,397.20834,2016-09-23T00:00:00Z,SVP
126964,2015-05-24T03:00:00Z,-33.79337,-46.93109,0.0244,-0.3397,397.20834,2016-09-23T00:00:00Z,SVP
126964,2015-05-24T04:00:00Z,-33.80446,-46.9302,0.025,-0.338,397.20834,2016-09-23T00:00:00Z,SVP
126964,2015-05-24T05:00:00Z,-33.81359,-46.93076,-0.0109,-0.2461,242.54167,2016-09-23T00:00:00Z,SVP
126964,2015-05-24T06:00:00Z,-33.82134,-46.93056,-0.0101,-0.2303,242.54167,2016-09-23T00:00:00Z,SVP
126964,2015-05-24T07:00:00Z,-33.82314,-46.93398,-0.0437,-0.1275,144.16667,2016-09-23T00:00:00Z,SVP
126964,2015-05-24T08:00:00Z,-33.82405,-46.93327,-0.0396,0.0148,147.58333,2016-09-23T00:00:00Z,SVP
126964,2015-05-24T09:00:00Z,-33.82164,-46.93837,-0.0621,0.0532,235.66666,2016-09-23T00:00:00Z,SVP
126964,2015-05-24T10:00:00Z,-33.82056,-46.9407,-0.0704,0.0587,270.58334,2016-09-23T00:00:00Z,SVP
126964,2015-05-24T11:00:00Z,-33.81832,-46.94273,-0.0793,0.0562,270.58334,2016-09-23T00:00:00Z,SVP
126964,2015-05-24T12:00:00Z,-33.81751,-46.94697,-0.1187,0.02,140.70834,2016-09-23T00:00:00Z,SVP
126964,2015-05-24T13:00:00Z,-33.81608,-46.95403,-0.15,0.0243,123.166664,2016-09-23T00:00:00Z,SVP
126964,2015-05-24T14:00:00Z,-33.82454,-46.9602,-0.1197,-0.3465,551.8333,2016-09-23T00:00:00Z,SVP
126964,2015-05-24T15:00:00Z,-33.8355,-46.964,-0.1251,-0.3485,551.8333,2016-09-23T00:00:00Z,SVP
126964,2015-05-24T16:00:00Z,-33.84574,-46.96831,-0.1298,-0.3538,551.8333,2016-09-23T00:00:00Z,SVP
126964,2015-05-24T17:00:00Z,-33.85554,-46.97306,-0.1334,-0.4629,242.54167,2016-09-23T00:00:00Z,SVP
126964,2015-05-24T18:00:00Z,-33.87103,-46.97898,-0.1266,-0.4559,242.54167,2016-09-23T00:00:00Z,SVP
126964,2015-05-24T19:00:00Z,-33.88592,-46.98351,-0.1135,-0.4701,165.29167,2016-09-23T00:00:00Z,SVP
126964,2015-05-24T20:00:00Z,-33.90087,-46.98756,-0.0888,-0.4535,115.958336,2016-09-23T00:00:00Z,SVP
126964,2015-05-24T21:00:00Z,-33.91626,-46.99118,-0.1225,-0.4629,52.791668,2016-09-23T00:00:00Z,SVP
126964,2015-05-24T22:00:00Z,-33.92899,-46.99541,-0.0468,-0.3298,123.0,2016-09-23T00:00:00Z,SVP
126964,2015-05-24T23:00:00Z,-33.93834,-46.99727,-0.0716,-0.2707,270.74997,2016-09-23T00:00:00Z,SVP
126964,2015-05-25T00:00:00Z,-33.94748,-46.99879,-0.147,-0.199,126.58333,2016-09-23T00:00:00Z,SVP
126964,2015-05-25T01:00:00Z,-33.95235,-47.00552,0.0019,-0.127,123.0,2016-09-23T00:00:00Z,SVP
126964,2015-05-25T02:00:00Z,-33.95723,-47.00572,0.0553,-0.1387,400.79166,2016-09-23T00:00:00Z,SVP
126964,2015-05-25T03:00:00Z,-33.96093,-47.00354,0.0561,-0.1377,400.79166,2016-09-23T00:00:00Z,SVP
126964,2015-05-25T04:00:00Z,-33.96449,-47.00181,0.058,-0.1385,400.79166,2016-09-23T00:00:00Z,SVP
126964,2015-05-25T05:00:00Z,-33.9713,-46.99973,0.057,-0.2202,263.7083,2016-09-23T00:00:00Z,SVP
126964,2015-05-25T06:00:00Z,-33.97839,-46.99587,-0.0041,-0.248,165.29167,2016-09-23T00:00:00Z,SVP
126964,2015-05-25T07:00:00Z,-33.98689,-46.9978,0.0172,-0.2488,165.29167,2016-09-23T00:00:00Z,SVP
126964,2015-05-25T08:00:00Z,-33.99628,-46.99939,-0.055,-0.3113,154.66667,2016-09-23T00:00:00Z,SVP
126964,2015-05-25T09:00:00Z,-34.00629,-47.00204,-0.1013,-0.3068,70.333336,2016-09-23T00:00:00Z,SVP
126964,2015-05-25T10:00:00Z,-34.01478,-47.01163,-0.237,-0.2572,249.58333,2016-09-23T00:00:00Z,SVP
126964,2015-05-25T11:00:00Z,-34.02253,-47.02208,-0.2781,-0.2297,56.25,2016-09-23T00:00:00Z,SVP
126964,2015-05-25T12:00:00Z,-34.02867,-47.03365,-0.2519,-0.1371,130.04166,2016-09-23T00:00:00Z,SVP
126964,2015-05-25T13:00:00Z,-34.03252,-47.03961,-0.0915,-0.1632,587.0834,2016-09-23T00:00:00Z,SVP
126964,2015-05-25T14:00:00Z,-34.03832,-47.04285,-0.0918,-0.1662,587.0834,2016-09-23T00:00:00Z,SVP
126964,2015-05-25T15:00:00Z,-34.04364,-47.0463,-0.0919,-0.1664,587.0834,2016-09-23T00:00:00Z,SVP
126964,2015-05-25T16:00:00Z,-34.04861,-47.04973,-0.0921,-0.1654,587.0834,2016-09-23T00:00:00Z,SVP
126964,2015-05-25T17:00:00Z,-34.05489,-47.05344,-0.1035,-0.3957,235.50002,2016-09-23T00:00:00Z,SVP
126964,2015-05-25T18:00:00Z,-34.06771,-47.05782,-0.1044,-0.3972,235.50002,2016-09-23T00:00:00Z,SVP
126964,2015-05-25T19:00:00Z,-34.08064,-47.0632,-0.1395,-0.4028,246.16667,2016-09-23T00:00:00Z,SVP
126964,2015-05-25T20:00:00Z,-34.09422,-47.06908,-0.1779,-0.412,70.333336,2016-09-23T00:00:00Z,SVP
126964,2015-05-25T21:00:00Z,-34.10772,-47.07665,-0.1838,-0.4235,87.91667,2016-09-23T00:00:00Z,SVP
126964,2015-05-25T22:00:00Z,-34.11556,-47.08027,-0.0233,-0.2367,59.833332,2016-09-23T00:00:00Z,SVP
126964,2015-05-25T23:00:00Z,-34.12516,-47.07954,0.0137,-0.2853,355.0417,2016-09-23T00:00:00Z,SVP
126964,2015-05-26T00:00:00Z,-34.13408,-47.07865,0.0107,-0.2905,355.0417,2016-09-23T00:00:00Z,SVP
126964,2015-05-26T01:00:00Z,-34.14467,-47.07885,0.0086,-0.3391,116.083336,2016-09-23T00:00:00Z,SVP
126964,2015-05-26T02:00:00Z,-34.14734,-47.0793,-0.0217,-0.0768,450.0,2016-09-23T00:00:00Z,SVP
126964,2015-05-26T03:00:00Z,-34.14963,-47.07981,-0.0212,-0.0773,450.0,2016-09-23T00:00:00Z,SVP
126964,2015-05-26T04:00:00Z,-34.15254,-47.07981,-0.0202,-0.0718,450.0,2016-09-23T00:00:00Z,SVP
126964,2015-05-26T05:00:00Z,-34.15486,-47.08289,-0.0567,-0.064,239.08334,2016-09-23T00:00:00Z,SVP
126964,2015-05-26T06:00:00Z,-34.15682,-47.08543,-0.086,-0.1029,165.29167,2016-09-23T00:00:00Z,SVP
126964,2015-05-26T07:00:00Z,-34.16142,-47.08888,-0.1052,-0.213,56.25,2016-09-23T00:00:00Z,SVP
126964,2015-05-26T08:00:00Z,-34.16962,-47.09436,-0.1505,-0.2719,189.91667,2016-09-23T00:00:00Z,SVP
126964,2015-05-26T09:00:00Z,-34.1785,-47.10249,-0.3892,-0.2836,200.41666,2016-09-23T00:00:00Z,SVP
126964,2015-05-26T10:00:00Z,-34.18788,-47.11871,-0.4024,-0.2854,200.41666,2016-09-23T00:00:00Z,SVP
126964,2015-05-26T11:00:00Z,-34.19552,-47.12772,-0.202,-0.1825,126.58333,2016-09-23T00:00:00Z,SVP
126964,2015-05-26T12:00:00Z,-34.20195,-47.13546,-0.1371,-0.2265,115.958336,2016-09-23T00:00:00Z,SVP
126964,2015-05-26T13:00:00Z,-34.21086,-47.13998,-0.1047,-0.3144,140.70834,2016-09-23T00:00:00Z,SVP
126964,2015-05-26T14:00:00Z,-34.22036,-47.14428,-0.1094,-0.3121,474.58334,2016-09-23T00:00:00Z,SVP
126964,2015-05-26T15:00:00Z,-34.23062,-47.14867,-0.1096,-0.3123,474.58334,2016-09-23T00:00:00Z,SVP
126964,2015-05-26T16:00:00Z,-34.24141,-47.1529,-0.1097,-0.3145,474.58334,2016-09-23T00:00:00Z,SVP
126964,2015-05-26T17:00:00Z,-34.25106,-47.15705,-0.1128,-0.2875,239.08334,2016-09-23T00:00:00Z,SVP
126964,2015-05-26T18:00:00Z,-34.2583,-47.16184,-0.1134,-0.2846,239.08334,2016-09-23T00:00:00Z,SVP
126964,2015-05-26T19:00:00Z,-34.26587,-47.16581,-0.1103,-0.2157,210.91667,2016-09-23T00:00:00Z,SVP
126964,2015-05-26T20:00:00Z,-34.27191,-47.1693,-0.0959,-0.1352,196.95833,2016-09-23T00:00:00Z,SVP
126964,2015-05-26T21:00:00Z,-34.27574,-47.1734,-0.0993,-0.2404,52.666664,2016-09-23T00:00:00Z,SVP
126964,2015-05-26T22:00:00Z,-34.28379,-47.17705,-0.101,-0.2643,418.33334,2016-09-23T00:00:00Z,SVP
126964,2015-05-26T23:00:00Z,-34.29245,-47.18129,-0.1012,-0.2645,418.33334,2016-09-23T00:00:00Z,SVP
126964,2015-05-27T00:00:00Z,-34.30125,-47.18555,-0.1173,-0.2666,0.0,2016-09-23T00:00:00Z,SVP
126964,2015-05-27T01:00:00Z,-34.30786,-47.19009,-0.1088,-0.1736,130.04166,2016-09-23T00:00:00Z,SVP
126964,2015-05-27T02:00:00Z,-34.31409,-47.19649,-0.0695,-0.1881,341.0833,2016-09-23T00:00:00Z,SVP
126964,2015-05-27T03:00:00Z,-34.31966,-47.19836,-0.0732,-0.1874,341.0833,2016-09-23T00:00:00Z,SVP
126964,2015-05-27T04:00:00Z,-34.32434,-47.20077,-0.0975,-0.1895,239.08334,2016-09-23T00:00:00Z,SVP
126964,2015-05-27T05:00:00Z,-34.33227,-47.20578,-0.109,-0.1954,239.08334,2016-09-23T00:00:00Z,SVP
126964,2015-05-27T06:00:00Z,-34.33851,-47.21171,-0.1583,-0.1915,154.66667,2016-09-23T00:00:00Z,SVP
126964,2015-05-27T07:00:00Z,-34.34398,-47.21986,-0.1486,-0.2244,256.66666,2016-09-23T00:00:00Z,SVP
126964,2015-05-27T08:00:00Z,-34.35149,-47.22296,-0.1597,-0.2243,256.66666,2016-09-23T00:00:00Z,SVP
126964,2015-05-27T09:00:00Z,-34.35872,-47.2302,-0.1931,-0.2407,457.04166,2016-09-23T00:00:00Z,SVP
126964,2015-05-27T10:00:00Z,-34.36647,-47.23834,-0.1951,-0.2404,457.04166,2016-09-23T00:00:00Z,SVP
126964,2015-05-27T11:00:00Z,-34.37432,-47.24599,-0.1963,-0.2405,457.04166,2016-09-23T00:00:00Z,SVP
126964,2015-05-27T12:00:00Z,-34.38218,-47.25585,-0.2236,-0.2434,119.54167,2016-09-23T00:00:00Z,SVP
126964,2015-05-27T13:00:00Z,-34.39313,-47.25886,-0.1151,-0.3496,133.66667,2016-09-23T00:00:00Z,SVP
126964,2015-05-27T14:00:00Z,-34.40486,-47.26448,-0.075,-0.3885,492.16663,2016-09-23T00:00:00Z,SVP
126964,2015-05-27T15:00:00Z,-34.41717,-47.26793,-0.0723,-0.3893,492.16663,2016-09-23T00:00:00Z,SVP
126964,2015-05-27T16:00:00Z,-34.42922,-47.27131,-0.0685,-0.3913,492.16663,2016-09-23T00:00:00Z,SVP
126964,2015-05-27T17:00:00Z,-34.44269,-47.27304,-0.0346,-0.4155,242.54167,2016-09-23T00:00:00Z,SVP
126964,2015-05-27T18:00:00Z,-34.45647,-47.27504,-0.0468,-0.3899,207.45834,2016-09-23T00:00:00Z,SVP
126964,2015-05-27T19:00:00Z,-34.46794,-47.27579,-0.0438,-0.361,207.45834,2016-09-23T00:00:00Z,SVP
126964,2015-05-27T20:00:00Z,-34.47441,-47.27882,-0.0844,-0.2477,210.91667,2016-09-23T00:00:00Z,SVP
126964,2015-05-27T21:00:00Z,-34.48103,-47.2821,-0.0537,-0.1992,260.0833,2016-09-23T00:00:00Z,SVP
126964,2015-05-27T22:00:00Z,-34.49011,-47.28419,-0.0516,-0.2136,260.0833,2016-09-23T00:00:00Z,SVP
126964,2015-05-27T23:00:00Z,-34.49582,-47.28619,-0.0401,-0.1828,298.7917,2016-09-23T00:00:00Z,SVP
126964,2015-05-28T00:00:00Z,-34.50037,-47.28722,-0.0398,-0.1927,298.7917,2016-09-23T00:00:00Z,SVP
126964,2015-05-28T01:00:00Z,-34.5078,-47.29067,-0.1836,-0.2981,137.08333,2016-09-23T00:00:00Z,SVP
126964,2015-05-28T02:00:00Z,-34.5188,-47.29951,-0.2209,-0.3328,116.083336,2016-09-23T00:00:00Z,SVP
126964,2015-05-28T03:00:00Z,-34.52789,-47.30413,-0.1196,-0.3093,235.50002,2016-09-23T00:00:00Z,SVP
126964,2015-05-28T04:00:00Z,-34.53333,-47.30927,-0.1123,-0.4158,253.20834,2016-09-23T00:00:00Z,SVP
126964,2015-05-28T05:00:00Z,-34.5493,-47.31369,-0.1133,-0.3255,253.20834,2016-09-23T00:00:00Z,SVP
126964,2015-05-28T06:00:00Z,-34.56001,-47.31874,-0.1303,-0.3643,151.20834,2016-09-23T00:00:00Z,SVP
126964,2015-05-28T07:00:00Z,-34.56814,-47.32676,-0.1809,-0.2421,246.16667,2016-09-23T00:00:00Z,SVP
126964,2015-05-28T08:00:00Z,-34.57671,-47.3261,-0.1155,-0.2368,246.16667,2016-09-23T00:00:00Z,SVP
126964,2015-05-28T09:00:00Z,-34.58276,-47.34143,-0.2073,-0.2049,179.25,2016-09-23T00:00:00Z,SVP
126964,2015-05-28T10:00:00Z,-34.59179,-47.34698,-0.1183,-0.2778,242.54167,2016-09-23T00:00:00Z,SVP
126964,2015-05-28T11:00:00Z,-34.60365,-47.35133,-0.0665,-0.3287,140.70834,2016-09-23T00:00:00Z,SVP
126964,2015-05-28T12:00:00Z,-34.61093,-47.35305,-0.0289,-0.4132,130.04166,2016-09-23T00:00:00Z,SVP
126964,2015-05-28T13:00:00Z,-34.62434,-47.35472,-0.0472,-0.3017,112.5,2016-09-23T00:00:00Z,SVP
126964,2015-05-28T14:00:00Z,-34.63354,-47.35548,-9.0E-4,-0.2498,646.9583,2016-09-23T00:00:00Z,SVP
126964,2015-05-28T15:00:00Z,-34.64166,-47.35551,-8.0E-4,-0.2498,646.9583,2016-09-23T00:00:00Z,SVP
126964,2015-05-28T16:00:00Z,-34.64984,-47.35585,-5.0E-4,-0.2496,646.9583,2016-09-23T00:00:00Z,SVP
126964,2015-05-28T17:00:00Z,-34.65815,-47.35688,-2.0E-4,-0.2492,646.9583,2016-09-23T00:00:00Z,SVP
126964,2015-05-28T18:00:00Z,-34.66656,-47.35914,0.022,-0.2377,397.20834,2016-09-23T00:00:00Z,SVP
126964,2015-05-28T19:00:00Z,-34.67392,-47.35642,0.0173,-0.2387,397.20834,2016-09-23T00:00:00Z,SVP
126964,2015-05-28T20:00:00Z,-34.68155,-47.35481,0.0128,-0.2389,397.20834,2016-09-23T00:00:00Z,SVP
126964,2015-05-28T21:00:00Z,-34.69006,-47.35698,-0.0869,-0.2678,256.66666,2016-09-23T00:00:00Z,SVP
126964,2015-05-28T22:00:00Z,-34.69781,-47.36308,-0.0757,-0.2644,256.66666,2016-09-23T00:00:00Z,SVP
126964,2015-05-28T23:00:00Z,-34.70753,-47.36418,-0.0847,-0.2793,305.83334,2016-09-23T00:00:00Z,SVP
126964,2015-05-29T00:00:00Z,-34.71808,-47.36683,-0.0839,-0.287,305.83334,2016-09-23T00:00:00Z,SVP
126964,2015-05-29T01:00:00Z,-34.72263,-47.37302,-0.2251,-0.1568,115.958336,2016-09-23T00:00:00Z,SVP
126964,2015-05-29T02:00:00Z,-34.73444,-47.38161,-0.1091,-0.3199,263.7083,2016-09-23T00:00:00Z,SVP
126964,2015-05-29T03:00:00Z,-34.73448,-47.389,-0.1475,-0.1836,263.7083,2016-09-23T00:00:00Z,SVP
126964,2015-05-29T04:00:00Z,-34.74527,-47.39217,-0.0385,-0.44,256.66666,2016-09-23T00:00:00Z,SVP
126964,2015-05-29T05:00:00Z,-34.76579,-47.39117,-0.06,-0.3393,256.66666,2016-09-23T00:00:00Z,SVP
126964,2015-05-29T06:00:00Z,-34.77608,-47.3936,-0.0382,-0.3427,384.91666,2016-09-23T00:00:00Z,SVP
126964,2015-05-29T07:00:00Z,-34.787,-47.39612,-0.0346,-0.343,384.91666,2016-09-23T00:00:00Z,SVP
126964,2015-05-29T08:00:00Z,-34.79763,-47.39779,-0.0315,-0.3001,138.91666,2016-09-23T00:00:00Z,SVP
126964,2015-05-29T09:00:00Z,-34.80646,-47.39847,-0.0623,-0.2623,91.33333,2016-09-23T00:00:00Z,SVP
126964,2015-05-29T10:00:00Z,-34.81436,-47.40101,-0.0707,-0.2292,158.25,2016-09-23T00:00:00Z,SVP
126964,2015-05-29T11:00:00Z,-34.8203,-47.39671,0.1809,-0.1496,158.25,2016-09-23T00:00:00Z,SVP
126964,2015-05-29T12:00:00Z,-34.82613,-47.39606,0.0285,-0.1769,140.70834,2016-09-23T00:00:00Z,SVP
126964,2015-05-29T13:00:00Z,-34.83395,-47.39491,-0.0197,-0.3078,112.5,2016-09-23T00:00:00Z,SVP
126964,2015-05-29T14:00:00Z,-34.84398,-47.39646,-0.0254,-0.3228,667.9583,2016-09-23T00:00:00Z,SVP
126964,2015-05-29T15:00:00Z,-34.8548,-47.39745,-0.0256,-0.3246,667.9583,2016-09-23T00:00:00Z,SVP
126964,2015-05-29T16:00:00Z,-34.86632,-47.39821,-0.0259,-0.3303,667.9583,2016-09-23T00:00:00Z,SVP
126964,2015-05-29T17:00:00Z,-34.87953,-47.39855,-0.0266,-0.3453,667.9583,2016-09-23T00:00:00Z,SVP
126964,2015-05-29T18:00:00Z,-34.89008,-47.39913,-0.0292,-0.2505,378.0,2016-09-23T00:00:00Z,SVP
126964,2015-05-29T19:00:00Z,-34.89542,-47.40123,-0.0291,-0.2925,378.0,2016-09-23T00:00:00Z,SVP
126964,2015-05-29T20:00:00Z,-34.90422,-47.40343,-0.0286,-0.3004,378.0,2016-09-23T00:00:00Z,SVP
126964,2015-05-29T21:00:00Z,-34.91423,-47.40276,-0.0018,-0.2678,226.79166,2016-09-23T00:00:00Z,SVP
126964,2015-05-29T22:00:00Z,-34.92396,-47.40233,0.0056,-0.3078,274.2083,2016-09-23T00:00:00Z,SVP
126964,2015-05-29T23:00:00Z,-34.93422,-47.40145,0.0084,-0.308,274.2083,2016-09-23T00:00:00Z,SVP
126964,2015-05-30T00:00:00Z,-34.94519,-47.38788,-0.5171,-0.2657,133.66667,2016-09-23T00:00:00Z,SVP
126964,2015-05-30T01:00:00Z,-34.95302,-47.40797,-0.4601,-0.2837,116.083336,2016-09-23T00:00:00Z,SVP
126964,2015-05-30T02:00:00Z,-34.96236,-47.42086,-0.2779,-0.2913,126.58333,2016-09-23T00:00:00Z,SVP
126964,2015-05-30T03:00:00Z,-34.97204,-47.41834,0.0294,-0.2873,407.83334,2016-09-23T00:00:00Z,SVP
126964,2015-05-30T04:00:00Z,-34.98129,-47.41598,0.0302,-0.2876,407.83334,2016-09-23T00:00:00Z,SVP
126964,2015-05-30T05:00:00Z,-34.99024,-47.39305,0.1853,-0.288,407.83334,2016-09-23T00:00:00Z,SVP
126964,2015-05-30T06:00:00Z,-34.99971,-47.41381,0.0481,-0.2898,333.9167,2016-09-23T00:00:00Z,SVP
126964,2015-05-30T07:00:00Z,-35.00952,-47.4136,0.0546,-0.2888,333.9167,2016-09-23T00:00:00Z,SVP
126964,2015-05-30T08:00:00Z,-35.01774,-47.40833,0.1582,-0.2584,249.58333,2016-09-23T00:00:00Z,SVP
126964,2015-05-30T09:00:00Z,-35.02547,-47.40063,0.1673,-0.2209,137.08333,2016-09-23T00:00:00Z,SVP
126964,2015-05-30T10:00:00Z,-35.03378,-47.39777,0.0491,-0.2889,189.91667,2016-09-23T00:00:00Z,SVP
126964,2015-05-30T11:00:00Z,-35.04159,-47.39329,0.0344,-0.2962,189.91667,2016-09-23T00:00:00Z,SVP
126964,2015-05-30T12:00:00Z,-35.0532,-47.39482,-0.0306,-0.2911,137.08333,2016-09-23T00:00:00Z,SVP
126964,2015-05-30T13:00:00Z,-35.06006,-47.39352,0.1071,-0.211,696.1666,2016-09-23T00:00:00Z,SVP
126964,2015-05-30T14:00:00Z,-35.06707,-47.38852,0.1107,-0.2115,696.1666,2016-09-23T00:00:00Z,SVP
126964,2015-05-30T15:00:00Z,-35.07394,-47.38377,0.1116,-0.2117,696.1666,2016-09-23T00:00:00Z,SVP
126964,2015-05-30T16:00:00Z,-35.08074,-47.37903,0.1122,-0.2116,696.1666,2016-09-23T00:00:00Z,SVP
126964,2015-05-30T17:00:00Z,-35.08742,-47.37414,0.1127,-0.2114,696.1666,2016-09-23T00:00:00Z,SVP
126964,2015-05-30T18:00:00Z,-35.09559,-47.3712,0.1,-0.2369,256.66666,2016-09-23T00:00:00Z,SVP
126964,2015-05-30T19:00:00Z,-35.10429,-47.37092,0.0899,-0.2431,256.66666,2016-09-23T00:00:00Z,SVP
126964,2015-05-30T20:00:00Z,-35.1112,-47.37346,-0.0759,-0.146,87.91667,2016-09-23T00:00:00Z,SVP
126964,2015-05-30T21:00:00Z,-35.11657,-47.37583,-0.089,-0.1567,137.08333,2016-09-23T00:00:00Z,SVP
126964,2015-05-30T22:00:00Z,-35.12435,-47.37735,0.0592,-0.323,383.25,2016-09-23T00:00:00Z,SVP
126964,2015-05-30T23:00:00Z,-35.13494,-47.37433,0.0585,-0.323,383.25,2016-09-23T00:00:00Z,SVP
126964,2015-05-31T00:00:00Z,-35.14536,-47.37145,0.0557,-0.3235,383.25,2016-09-23T00:00:00Z,SVP
126964,2015-05-31T01:00:00Z,-35.15705,-47.37027,0.0601,-0.3573,119.54167,2016-09-23T00:00:00Z,SVP
126964,2015-05-31T02:00:00Z,-35.16901,-47.36633,0.145,-0.2252,432.4583,2016-09-23T00:00:00Z,SVP
126964,2015-05-31T03:00:00Z,-35.17542,-47.36208,0.1311,-0.2238,432.4583,2016-09-23T00:00:00Z,SVP
126964,2015-05-31T04:00:00Z,-35.18214,-47.36357,0.0625,-0.2238,432.4583,2016-09-23T00:00:00Z,SVP
126964,2015-05-31T05:00:00Z,-35.18988,-47.36139,0.2957,-0.2572,298.7917,2016-09-23T00:00:00Z,SVP
126964,2015-05-31T06:00:00Z,-35.19938,-47.34244,0.1677,-0.2549,298.7917,2016-09-23T00:00:00Z,SVP
126964,2015-05-31T07:00:00Z,-35.20732,-47.33698,0.2285,-0.3128,112.5,2016-09-23T00:00:00Z,SVP
126964,2015-05-31T08:00:00Z,-35.21687,-47.32857,0.1797,-0.2192,133.66667,2016-09-23T00:00:00Z,SVP
126964,2015-05-31T09:00:00Z,-35.22003,-47.32113,0.1805,-0.1018,112.5,2016-09-23T00:00:00Z,SVP
126964,2015-05-31T10:00:00Z,-35.23212,-47.31825,0.0851,-0.2629,244.33333,2016-09-23T00:00:00Z,SVP
126964,2015-05-31T11:00:00Z,-35.24338,-47.31353,0.0361,-0.052,117.75001,2016-09-23T00:00:00Z,SVP
126964,2015-05-31T12:00:00Z,-35.24566,-47.3114,0.1713,-0.1128,116.083336,2016-09-23T00:00:00Z,SVP
126964,2015-05-31T13:00:00Z,-35.25209,-47.3051,0.1279,-0.2422,137.08333,2016-09-23T00:00:00Z,SVP
126964,2015-05-31T14:00:00Z,-35.25947,-47.29984,0.0988,-0.2437,590.7083,2016-09-23T00:00:00Z,SVP
126964,2015-05-31T15:00:00Z,-35.26716,-47.29617,0.0992,-0.2439,590.7083,2016-09-23T00:00:00Z,SVP
126964,2015-05-31T16:00:00Z,-35.27507,-47.29227,0.0992,-0.2437,590.7083,2016-09-23T00:00:00Z,SVP
126964,2015-05-31T17:00:00Z,-35.28313,-47.28823,0.0986,-0.2429,590.7083,2016-09-23T00:00:00Z,SVP
126964,2015-05-31T18:00:00Z,-35.28998,-47.2846,0.0868,-0.213,242.54167,2016-09-23T00:00:00Z,SVP
126964,2015-05-31T19:00:00Z,-35.29681,-47.28144,0.079,-0.1933,147.58333,2016-09-23T00:00:00Z,SVP
126964,2015-05-31T20:00:00Z,-35.30296,-47.27791,0.08,-0.2212,140.70834,2016-09-23T00:00:00Z,SVP
126964,2015-05-31T21:00:00Z,-35.31029,-47.27473,0.1171,-0.2322,112.5,2016-09-23T00:00:00Z,SVP
126964,2015-05-31T22:00:00Z,-35.31857,-47.27043,0.1157,-0.2453,615.2917,2016-09-23T00:00:00Z,SVP
126964,2015-05-31T23:00:00Z,-35.32616,-47.2659,0.1154,-0.2422,615.2917,2016-09-23T00:00:00Z,SVP
126964,2015-06-01T00:00:00Z,-35.33365,-47.26122,0.1154,-0.2403,615.2917,2016-09-23T00:00:00Z,SVP
126964,2015-06-01T01:00:00Z,-35.34088,-47.25632,0.1154,-0.2385,615.2917,2016-09-23T00:00:00Z,SVP
126964,2015-06-01T02:00:00Z,-35.34888,-47.25134,0.1249,-0.2395,115.958336,2016-09-23T00:00:00Z,SVP
126964,2015-06-01T03:00:00Z,-35.36018,-47.24625,0.1667,-0.187,344.54166,2016-09-23T00:00:00Z,SVP
126964,2015-06-01T04:00:00Z,-35.36373,-47.23857,0.1619,-0.2177,344.54166,2016-09-23T00:00:00Z,SVP
126964,2015-06-01T05:00:00Z,-35.37105,-47.23207,0.1574,-0.1905,397.20834,2016-09-23T00:00:00Z,SVP
126964,2015-06-01T06:00:00Z,-35.37808,-47.2266,0.1562,-0.1894,397.20834,2016-09-23T00:00:00Z,SVP
126964,2015-06-01T07:00:00Z,-35.38476,-47.22067,0.1553,-0.1871,397.20834,2016-09-23T00:00:00Z,SVP
126964,2015-06-01T08:00:00Z,-35.3911,-47.21538,0.1391,-0.2122,105.458336,2016-09-23T00:00:00Z,SVP
126964,2015-06-01T09:00:00Z,-35.39792,-47.20963,-0.0071,-0.1519,246.16667,2016-09-23T00:00:00Z,SVP
126964,2015-06-01T10:00:00Z,-35.40283,-47.21101,-0.0024,-0.1494,246.16667,2016-09-23T00:00:00Z,SVP
126964,2015-06-01T11:00:00Z,-35.40639,-47.21019,0.0059,-0.0949,126.58333,2016-09-23T00:00:00Z,SVP
126964,2015-06-01T12:00:00Z,-35.40831,-47.20676,0.1259,-0.0632,116.083336,2016-09-23T00:00:00Z,SVP
126964,2015-06-01T13:00:00Z,-35.41254,-47.20035,0.0859,-0.2069,615.1666,2016-09-23T00:00:00Z,SVP
126964,2015-06-01T14:00:00Z,-35.41908,-47.19745,0.0868,-0.207,615.1666,2016-09-23T00:00:00Z,SVP
126964,2015-06-01T15:00:00Z,-35.42573,-47.19424,0.0873,-0.2071,615.1666,2016-09-23T00:00:00Z,SVP
126964,2015-06-01T16:00:00Z,-35.43239,-47.19098,0.0879,-0.2071,615.1666,2016-09-23T00:00:00Z,SVP
126964,2015-06-01T17:00:00Z,-35.43903,-47.18782,0.0896,-0.2072,615.1666,2016-09-23T00:00:00Z,SVP
126964,2015-06-01T18:00:00Z,-35.44576,-47.18279,0.102,-0.2044,242.54167,2016-09-23T00:00:00Z,SVP
126964,2015-06-01T19:00:00Z,-35.45227,-47.17835,0.1475,-0.1954,179.25,2016-09-23T00:00:00Z,SVP
126964,2015-06-01T20:00:00Z,-35.45848,-47.17231,0.0708,-0.1815,77.41667,2016-09-23T00:00:00Z,SVP
126964,2015-06-01T21:00:00Z,-35.46405,-47.17079,0.0329,-0.1685,144.16667,2016-09-23T00:00:00Z,SVP
126964,2015-06-01T22:00:00Z,-35.46882,-47.16778,0.0888,-0.1155,105.458336,2016-09-23T00:00:00Z,SVP
126964,2015-06-01T23:00:00Z,-35.47079,-47.16426,0.1039,-0.0548,351.58334,2016-09-23T00:00:00Z,SVP
126964,2015-06-02T00:00:00Z,-35.473,-47.16056,0.1035,-0.0564,351.58334,2016-09-23T00:00:00Z,SVP
126964,2015-06-02T01:00:00Z,-35.47408,-47.15632,0.0935,-0.0458,123.0,2016-09-23T00:00:00Z,SVP
126964,2015-06-02T02:00:00Z,-35.47744,-47.15348,0.0887,-0.022,126.58333,2016-09-23T00:00:00Z,SVP
126964,2015-06-02T03:00:00Z,-35.47701,-47.14977,0.0763,-0.0409,365.70834,2016-09-23T00:00:00Z,SVP
126964,2015-06-02T04:00:00Z,-35.47628,-47.14628,0.0754,-0.0382,365.70834,2016-09-23T00:00:00Z,SVP
126964,2015-06-02T05:00:00Z,-35.47848,-47.14438,0.0202,-0.0961,242.54167,2016-09-23T00:00:00Z,SVP
126964,2015-06-02T06:00:00Z,-35.48462,-47.14343,0.0141,-0.0521,242.54167,2016-09-23T00:00:00Z,SVP
126964,2015-06-02T07:00:00Z,-35.48545,-47.14628,-0.0529,-0.1088,161.70833,2016-09-23T00:00:00Z,SVP
126964,2015-06-02T08:00:00Z,-35.49227,-47.14655,0.0572,-0.2732,87.91667,2016-09-23T00:00:00Z,SVP
126964,2015-06-02T09:00:00Z,-35.50033,-47.14515,-0.2045,-0.2519,73.791664,2016-09-23T00:00:00Z,SVP
126964,2015-06-02T10:00:00Z,-35.50924,-47.15091,-0.0368,-0.267,263.7083,2016-09-23T00:00:00Z,SVP
126964,2015-06-02T11:00:00Z,-35.51802,-47.15084,-0.0349,-0.2672,263.7083,2016-09-23T00:00:00Z,SVP
126964,2015-06-02T12:00:00Z,-35.52604,-47.15273,-0.0608,-0.2313,140.70834,2016-09-23T00:00:00Z,SVP
126964,2015-06-02T13:00:00Z,-35.53106,-47.15721,-0.1336,-0.1391,119.54167,2016-09-23T00:00:00Z,SVP
126964,2015-06-02T14:00:00Z,-35.53439,-47.15179,0.1252,-0.1731,516.75,2016-09-23T00:00:00Z,SVP
126964,2015-06-02T15:00:00Z,-35.54082,-47.14567,0.1198,-0.1672,516.75,2016-09-23T00:00:00Z,SVP
126964,2015-06-02T16:00:00Z,-35.54626,-47.14035,0.1171,-0.1673,516.75,2016-09-23T00:00:00Z,SVP
126964,2015-06-02T17:00:00Z,-35.55115,-47.13511,0.1387,-0.1992,246.16667,2016-09-23T00:00:00Z,SVP
126964,2015-06-02T18:00:00Z,-35.5574,-47.13146,0.1401,-0.1995,246.16667,2016-09-23T00:00:00Z,SVP
126964,2015-06-02T19:00:00Z,-35.56441,-47.12501,0.1614,-0.2173,147.58333,2016-09-23T00:00:00Z,SVP
126964,2015-06-02T20:00:00Z,-35.5717,-47.11812,0.0372,-0.0689,172.20833,2016-09-23T00:00:00Z,SVP
126964,2015-06-02T21:00:00Z,-35.57375,-47.11591,0.0291,-0.0644,172.20833,2016-09-23T00:00:00Z,SVP
126964,2015-06-02T22:00:00Z,-35.57537,-47.11453,0.053,-0.0644,369.16666,2016-09-23T00:00:00Z,SVP
126964,2015-06-02T23:00:00Z,-35.57772,-47.11184,0.0564,-0.0657,369.16666,2016-09-23T00:00:00Z,SVP
126964,2015-06-03T00:00:00Z,-35.58007,-47.10889,0.0588,-0.0662,369.16666,2016-09-23T00:00:00Z,SVP
126964,2015-06-03T01:00:00Z,-35.58248,-47.11326,-0.141,-0.0751,119.54167,2016-09-23T00:00:00Z,SVP
126964,2015-06-03T02:00:00Z,-35.58678,-47.12448,-0.0748,-0.1176,390.1667,2016-09-23T00:00:00Z,SVP
126964,2015-06-03T03:00:00Z,-35.58827,-47.1266,-0.0807,-0.0866,390.1667,2016-09-23T00:00:00Z,SVP
126964,2015-06-03T04:00:00Z,-35.58972,-47.12921,-0.0887,-0.0828,390.1667,2016-09-23T00:00:00Z,SVP
126964,2015-06-03T05:00:00Z,-35.59579,-47.13298,-0.0779,-0.226,246.16667,2016-09-23T00:00:00Z,SVP
126964,2015-06-03T06:00:00Z,-35.60402,-47.13646,-0.0673,-0.2249,158.25,2016-09-23T00:00:00Z,SVP
126964,2015-06-03T07:00:00Z,-35.61,-47.13865,-0.0649,-0.2248,158.25,2016-09-23T00:00:00Z,SVP
126964,2015-06-03T08:00:00Z,-35.61849,-47.13982,-0.0254,-0.2404,242.54167,2016-09-23T00:00:00Z,SVP
126964,2015-06-03T09:00:00Z,-35.62662,-47.13953,0.0449,-0.2698,116.083336,2016-09-23T00:00:00Z,SVP
126964,2015-06-03T10:00:00Z,-35.63537,-47.13789,0.0389,-0.2535,298.7917,2016-09-23T00:00:00Z,SVP
126964,2015-06-03T11:00:00Z,-35.64294,-47.13651,0.0364,-0.2514,298.7917,2016-09-23T00:00:00Z,SVP
126964,2015-06-03T12:00:00Z,-35.65213,-47.13752,-0.0212,-0.261,133.66667,2016-09-23T00:00:00Z,SVP
126964,2015-06-03T13:00:00Z,-35.6606,-47.13767,0.1814,-0.2246,112.5,2016-09-23T00:00:00Z,SVP
126964,2015-06-03T14:00:00Z,-35.66457,-47.1299,0.1987,-0.1151,548.4166,2016-09-23T00:00:00Z,SVP
126964,2015-06-03T15:00:00Z,-35.6685,-47.12177,0.1987,-0.116,548.4166,2016-09-23T00:00:00Z,SVP
126964,2015-06-03T16:00:00Z,-35.67303,-47.11354,0.1986,-0.1198,548.4166,2016-09-23T00:00:00Z,SVP
126964,2015-06-03T17:00:00Z,-35.67662,-47.10619,0.1822,0.0111,242.54167,2016-09-23T00:00:00Z,SVP
126964,2015-06-03T18:00:00Z,-35.67559,-47.09982,0.1798,0.0014,242.54167,2016-09-23T00:00:00Z,SVP
126964,2015-06-03T19:00:00Z,-35.67514,-47.09403,0.1387,0.0245,154.66667,2016-09-23T00:00:00Z,SVP
126964,2015-06-03T20:00:00Z,-35.67515,-47.08879,0.1305,-0.0072,193.33334,2016-09-23T00:00:00Z,SVP
126964,2015-06-03T21:00:00Z,-35.67606,-47.08446,0.0215,-0.0563,0.0,2016-09-23T00:00:00Z,SVP
126964,2015-06-03T22:00:00Z,-35.67746,-47.08647,-0.0474,-0.0493,407.83334,2016-09-23T00:00:00Z,SVP
126964,2015-06-03T23:00:00Z,-35.67902,-47.08786,-0.0463,-0.0492,407.83334,2016-09-23T00:00:00Z,SVP
126964,2015-06-04T00:00:00Z,-35.68092,-47.08885,-0.0515,-0.0526,137.08333,2016-09-23T00:00:00Z,SVP
126964,2015-06-04T01:00:00Z,-35.6831,-47.09167,-0.0478,-0.0994,116.083336,2016-09-23T00:00:00Z,SVP
126964,2015-06-04T02:00:00Z,-35.6865,-47.0935,-0.0527,-0.1093,414.9167,2016-09-23T00:00:00Z,SVP
126964,2015-06-04T03:00:00Z,-35.68995,-47.09605,-0.0526,-0.1092,414.9167,2016-09-23T00:00:00Z,SVP
126964,2015-06-04T04:00:00Z,-35.69327,-47.09838,-0.0525,-0.1091,414.9167,2016-09-23T00:00:00Z,SVP
126964,2015-06-04T05:00:00Z,-35.69833,-47.09959,-0.0509,-0.1447,242.54167,2016-09-23T00:00:00Z,SVP
126964,2015-06-04T06:00:00Z,-35.70304,-47.10133,-0.0026,-0.1892,158.25,2016-09-23T00:00:00Z,SVP
126964,2015-06-04T07:00:00Z,-35.70988,-47.10145,0.0313,-0.1862,239.08334,2016-09-23T00:00:00Z,SVP
126964,2015-06-04T08:00:00Z,-35.71537,-47.10005,0.0328,-0.1842,239.08334,2016-09-23T00:00:00Z,SVP
126964,2015-06-04T09:00:00Z,-35.72061,-47.09656,0.1359,-0.1218,253.20834,2016-09-23T00:00:00Z,SVP
126964,2015-06-04T10:00:00Z,-35.72468,-47.09557,0.0683,-0.1206,253.20834,2016-09-23T00:00:00Z,SVP
126964,2015-06-04T11:00:00Z,-35.7265,-47.09136,0.0335,-0.0613,73.791664,2016-09-23T00:00:00Z,SVP
126964,2015-06-04T12:00:00Z,-35.72874,-47.09258,0.0042,-0.0709,112.5,2016-09-23T00:00:00Z,SVP
126964,2015-06-04T13:00:00Z,-35.72988,-47.09116,-0.0088,-0.0708,573.0,2016-09-23T00:00:00Z,SVP
126964,2015-06-04T14:00:00Z,-35.73271,-47.09216,-0.009,-0.0709,573.0,2016-09-23T00:00:00Z,SVP
126964,2015-06-04T15:00:00Z,-35.73524,-47.09257,-0.0092,-0.0709,573.0,2016-09-23T00:00:00Z,SVP
126964,2015-06-04T16:00:00Z,-35.73781,-47.09265,-0.0098,-0.0707,573.0,2016-09-23T00:00:00Z,SVP
126964,2015-06-04T17:00:00Z,-35.73956,-47.09296,-0.0254,-0.0679,242.54167,2016-09-23T00:00:00Z,SVP
126964,2015-06-04T18:00:00Z,-35.74122,-47.09493,-0.0279,-0.0664,242.54167,2016-09-23T00:00:00Z,SVP
126964,2015-06-04T19:00:00Z,-35.74309,-47.09466,-0.0236,-0.0557,158.25,2016-09-23T00:00:00Z,SVP
126964,2015-06-04T20:00:00Z,-35.74647,-47.09835,-0.0843,-0.1017,133.66667,2016-09-23T00:00:00Z,SVP
126964,2015-06-04T21:00:00Z,-35.75074,-47.10559,-0.0814,-0.1452,253.20834,2016-09-23T00:00:00Z,SVP
126964,2015-06-04T22:00:00Z,-35.75402,-47.10967,-0.072,-0.1406,253.20834,2016-09-23T00:00:00Z,SVP
126964,2015-06-04T23:00:00Z,-35.75802,-47.11383,-0.0237,-0.1968,263.7083,2016-09-23T00:00:00Z,SVP
126964,2015-06-05T00:00:00Z,-35.7658,-47.11333,-0.0389,-0.1739,263.7083,2016-09-23T00:00:00Z,SVP
126964,2015-06-05T01:00:00Z,-35.77111,-47.11573,-0.0547,-0.1889,253.20834,2016-09-23T00:00:00Z,SVP
126964,2015-06-05T02:00:00Z,-35.77674,-47.1181,-0.0336,-0.1899,305.83334,2016-09-23T00:00:00Z,SVP
126964,2015-06-05T03:00:00Z,-35.78343,-47.11884,-0.0304,-0.19,305.83334,2016-09-23T00:00:00Z,SVP
126964,2015-06-05T04:00:00Z,-35.78981,-47.1211,0.0049,-0.2192,242.54167,2016-09-23T00:00:00Z,SVP
126964,2015-06-05T05:00:00Z,-35.79662,-47.11991,0.0032,-0.2198,242.54167,2016-09-23T00:00:00Z,SVP
126964,2015-06-05T06:00:00Z,-35.80338,-47.11957,0.0171,-0.2064,144.16667,2016-09-23T00:00:00Z,SVP
126964,2015-06-05T07:00:00Z,-35.81008,-47.12013,-0.0151,-0.1707,256.66666,2016-09-23T00:00:00Z,SVP
126964,2015-06-05T08:00:00Z,-35.81376,-47.11901,-0.0084,-0.1744,256.66666,2016-09-23T00:00:00Z,SVP
126964,2015-06-05T09:00:00Z,-35.82079,-47.12056,-0.0291,-0.2081,267.16666,2016-09-23T00:00:00Z,SVP
126964,2015-06-05T10:00:00Z,-35.82775,-47.12325,-0.0285,-0.211,267.16666,2016-09-23T00:00:00Z,SVP
126964,2015-06-05T11:00:00Z,-35.8323,-47.11823,0.1017,-0.1006,133.66667,2016-09-23T00:00:00Z,SVP
126964,2015-06-05T12:00:00Z,-35.83537,-47.11552,-0.1028,-0.0827,119.54167,2016-09-23T00:00:00Z,SVP
126964,2015-06-05T13:00:00Z,-35.83839,-47.1207,-0.1045,-0.1757,126.58333,2016-09-23T00:00:00Z,SVP
126964,2015-06-05T14:00:00Z,-35.8461,-47.12296,-0.0485,-0.2453,464.08337,2016-09-23T00:00:00Z,SVP
126964,2015-06-05T15:00:00Z,-35.85451,-47.12453,-0.0483,-0.2451,464.08337,2016-09-23T00:00:00Z,SVP
126964,2015-06-05T16:00:00Z,-35.86285,-47.12654,-0.0476,-0.2443,464.08337,2016-09-23T00:00:00Z,SVP
126964,2015-06-05T17:00:00Z,-35.87,-47.12733,-0.0206,-0.2473,239.08334,2016-09-23T00:00:00Z,SVP
126964,2015-06-05T18:00:00Z,-35.87839,-47.12863,0.0103,-0.2692,253.20834,2016-09-23T00:00:00Z,SVP
126964,2015-06-05T19:00:00Z,-35.8869,-47.12791,0.0088,-0.2713,253.20834,2016-09-23T00:00:00Z,SVP
126964,2015-06-05T20:00:00Z,-35.89627,-47.12774,8.0E-4,-0.3074,119.54167,2016-09-23T00:00:00Z,SVP
126964,2015-06-05T21:00:00Z,-35.90608,-47.12749,0.0119,-0.3113,126.58333,2016-09-23T00:00:00Z,SVP
126964,2015-06-05T22:00:00Z,-35.91657,-47.12556,0.0713,-0.3021,123.0,2016-09-23T00:00:00Z,SVP
126964,2015-06-05T23:00:00Z,-35.92595,-47.11635,0.2034,-0.3056,277.79166,2016-09-23T00:00:00Z,SVP
126964,2015-06-06T00:00:00Z,-35.93584,-47.10822,0.2104,-0.2854,126.58333,2016-09-23T00:00:00Z,SVP
126964,2015-06-06T01:00:00Z,-35.94524,-47.10029,0.1794,-0.3173,126.58333,2016-09-23T00:00:00Z,SVP
126964,2015-06-06T02:00:00Z,-35.95644,-47.09281,0.195,-0.3693,112.5,2016-09-23T00:00:00Z,SVP
126964,2015-06-06T03:00:00Z,-35.95816,-47.08658,0.1557,-0.123,214.5,2016-09-23T00:00:00Z,SVP
126964,2015-06-06T04:00:00Z,-35.9627,-47.07881,0.1144,-0.0865,242.54167,2016-09-23T00:00:00Z,SVP
126964,2015-06-06T05:00:00Z,-35.96651,-47.07481,0.1196,-0.0684,242.54167,2016-09-23T00:00:00Z,SVP
126964,2015-06-06T06:00:00Z,-35.96972,-47.06934,0.1398,-0.1325,154.66667,2016-09-23T00:00:00Z,SVP
126964,2015-06-06T07:00:00Z,-35.97407,-47.06396,0.1433,-0.1378,186.29166,2016-09-23T00:00:00Z,SVP
126964,2015-06-06T08:00:00Z,-35.97851,-47.05894,0.0718,-0.142,56.25,2016-09-23T00:00:00Z,SVP
126964,2015-06-06T09:00:00Z,-35.98339,-47.05589,0.0782,-0.1526,193.33334,2016-09-23T00:00:00Z,SVP
126964,2015-06-06T10:00:00Z,-35.98921,-47.04996,0.1404,-0.1833,274.2083,2016-09-23T00:00:00Z,SVP
126964,2015-06-06T11:00:00Z,-35.99535,-47.0418,0.1557,-0.1851,274.2083,2016-09-23T00:00:00Z,SVP
126964,2015-06-06T12:00:00Z,-36.00205,-47.03845,0.285,-0.1679,144.16667,2016-09-23T00:00:00Z,SVP
126964,2015-06-06T13:00:00Z,-36.00715,-47.02723,0.3051,-0.0075,720.74994,2016-09-23T00:00:00Z,SVP
126964,2015-06-06T14:00:00Z,-36.0069,-47.02464,0.0976,-0.0071,720.74994,2016-09-23T00:00:00Z,SVP
126964,2015-06-06T15:00:00Z,-36.00688,-47.02089,0.0971,-0.0071,720.74994,2016-09-23T00:00:00Z,SVP
126964,2015-06-06T16:00:00Z,-36.00691,-47.01696,0.0971,-0.0071,720.74994,2016-09-23T00:00:00Z,SVP
126964,2015-06-06T17:00:00Z,-36.00687,-46.97788,0.3072,-0.0073,720.74994,2016-09-23T00:00:00Z,SVP
126964,2015-06-06T18:00:00Z,-36.00756,-47.00993,0.0797,-0.0109,337.5,2016-09-23T00:00:00Z,SVP
126964,2015-06-06T19:00:00Z,-36.00863,-47.00789,0.0785,-0.0114,337.5,2016-09-23T00:00:00Z,SVP
126964,2015-06-06T20:00:00Z,-36.00885,-47.0023,-0.3225,-0.0233,59.708332,2016-09-23T00:00:00Z,SVP
126964,2015-06-06T21:00:00Z,-36.00895,-47.00237,0.0709,0.0268,189.91667,2016-09-23T00:00:00Z,SVP
126964,2015-06-06T22:00:00Z,-36.00828,-47.00453,0.0081,0.0169,70.333336,2016-09-23T00:00:00Z,SVP
126964,2015-06-06T23:00:00Z,-36.00769,-47.00201,-0.0288,0.0123,337.5,2016-09-23T00:00:00Z,SVP
126964,2015-06-07T00:00:00Z,-36.00771,-47.00276,-0.0314,0.0121,337.5,2016-09-23T00:00:00Z,SVP
126964,2015-06-07T01:00:00Z,-36.00803,-47.00532,-0.0509,-0.024,126.58333,2016-09-23T00:00:00Z,SVP
126964,2015-06-07T02:00:00Z,-36.01149,-47.00894,-0.1229,0.1067,232.04169,2016-09-23T00:00:00Z,SVP
126964,2015-06-07T03:00:00Z,-36.00416,-47.01379,-0.1234,0.0726,232.04169,2016-09-23T00:00:00Z,SVP
126964,2015-06-07T04:00:00Z,-36.00203,-47.01864,-0.1222,0.0744,253.20834,2016-09-23T00:00:00Z,SVP
126964,2015-06-07T05:00:00Z,-36.00093,-47.02366,-0.1211,0.0999,253.20834,2016-09-23T00:00:00Z,SVP
126964,2015-06-07T06:00:00Z,-35.99887,-47.02816,-0.1129,-0.0062,144.16667,2016-09-23T00:00:00Z,SVP
126964,2015-06-07T07:00:00Z,-36.00128,-47.03374,-0.1409,-0.0609,165.29167,2016-09-23T00:00:00Z,SVP
126964,2015-06-07T08:00:00Z,-36.00626,-47.04051,-0.0886,-0.2106,165.16666,2016-09-23T00:00:00Z,SVP
126964,2015-06-07T09:00:00Z,-36.014,-47.04229,0.0096,-0.111,253.20834,2016-09-23T00:00:00Z,SVP
126964,2015-06-07T10:00:00Z,-36.01586,-47.04407,-0.0177,-0.0774,253.20834,2016-09-23T00:00:00Z,SVP
126964,2015-06-07T11:00:00Z,-36.01739,-47.04384,-0.0016,-0.0327,154.66667,2016-09-23T00:00:00Z,SVP
126964,2015-06-07T12:00:00Z,-36.01763,-47.04294,-0.0241,-0.0818,137.08333,2016-09-23T00:00:00Z,SVP
126964,2015-06-07T13:00:00Z,-36.0202,-47.04444,-0.0458,-0.0389,116.083336,2016-09-23T00:00:00Z,SVP
126964,2015-06-07T14:00:00Z,-36.02137,-47.04528,-0.0078,-0.0159,629.25006,2016-09-23T00:00:00Z,SVP
126964,2015-06-07T15:00:00Z,-36.02186,-47.04559,-0.0076,-0.0159,629.25006,2016-09-23T00:00:00Z,SVP
126964,2015-06-07T16:00:00Z,-36.02237,-47.04631,-0.0093,-0.0159,629.25006,2016-09-23T00:00:00Z,SVP
126964,2015-06-07T17:00:00Z,-36.02288,-47.04777,-0.0134,-0.0159,629.25006,2016-09-23T00:00:00Z,SVP
126964,2015-06-07T18:00:00Z,-36.02227,-47.0486,-8.0E-4,0.0107,279.45834,2016-09-23T00:00:00Z,SVP
126964,2015-06-07T19:00:00Z,-36.02195,-47.04674,-0.0013,0.0125,279.45834,2016-09-23T00:00:00Z,SVP
126964,2015-06-07T20:00:00Z,-36.02052,-47.04849,-0.1848,0.0222,110.70833,2016-09-23T00:00:00Z,SVP
126964,2015-06-07T21:00:00Z,-36.02165,-47.05635,-0.2221,-0.0677,161.70833,2016-09-23T00:00:00Z,SVP
126964,2015-06-07T22:00:00Z,-36.02514,-47.06148,-0.0377,-0.0617,319.9583,2016-09-23T00:00:00Z,SVP
126964,2015-06-07T23:00:00Z,-36.02661,-47.06131,-0.0344,-0.0572,319.9583,2016-09-23T00:00:00Z,SVP
126964,2015-06-08T00:00:00Z,-36.0294,-47.06115,-0.0316,-0.0558,319.9583,2016-09-23T00:00:00Z,SVP
126964,2015-06-08T01:00:00Z,-36.02886,-47.06924,-0.2688,-0.0451,115.958336,2016-09-23T00:00:00Z,SVP
126964,2015-06-08T02:00:00Z,-36.03235,-47.0777,-0.0267,-0.098,249.58333,2016-09-23T00:00:00Z,SVP
126964,2015-06-08T03:00:00Z,-36.03239,-47.07306,-0.0318,-0.06,249.58333,2016-09-23T00:00:00Z,SVP
126964,2015-06-08T04:00:00Z,-36.03786,-47.07745,-0.0616,-0.2127,253.20834,2016-09-23T00:00:00Z,SVP
126964,2015-06-08T05:00:00Z,-36.04576,-47.08386,-0.0453,-0.2048,253.20834,2016-09-23T00:00:00Z,SVP
126964,2015-06-08T06:00:00Z,-36.05117,-47.08279,-0.0668,-0.2057,513.2917,2016-09-23T00:00:00Z,SVP
126964,2015-06-08T07:00:00Z,-36.0579,-47.08486,-0.0694,-0.2053,513.2917,2016-09-23T00:00:00Z,SVP
126964,2015-06-08T08:00:00Z,-36.06519,-47.08752,-0.0699,-0.2051,513.2917,2016-09-23T00:00:00Z,SVP
126964,2015-06-08T09:00:00Z,-36.07056,-47.08959,-0.0196,-0.1201,249.58333,2016-09-23T00:00:00Z,SVP
126964,2015-06-08T10:00:00Z,-36.07399,-47.09151,-0.0194,-0.1239,249.58333,2016-09-23T00:00:00Z,SVP
126964,2015-06-08T11:00:00Z,-36.07768,-47.09001,-0.002,-0.1082,186.29166,2016-09-23T00:00:00Z,SVP
126964,2015-06-08T12:00:00Z,-36.08185,-47.09056,-0.001,-0.1465,239.08334,2016-09-23T00:00:00Z,SVP
126964,2015-06-08T13:00:00Z,-36.08585,-47.09212,-0.001,-0.1435,660.9167,2016-09-23T00:00:00Z,SVP
126964,2015-06-08T14:00:00Z,-36.09073,-47.09119,-0.0024,-0.1443,660.9167,2016-09-23T00:00:00Z,SVP
126964,2015-06-08T15:00:00Z,-36.09565,-47.09084,-0.0032,-0.1449,660.9167,2016-09-23T00:00:00Z,SVP
126964,2015-06-08T16:00:00Z,-36.1007,-47.09064,-0.0039,-0.1456,660.9167,2016-09-23T00:00:00Z,SVP
126964,2015-06-08T17:00:00Z,-36.10604,-47.09041,-0.005,-0.1463,660.9167,2016-09-23T00:00:00Z,SVP
126964,2015-06-08T18:00:00Z,-36.10979,-47.09074,0.002,-0.1265,256.66666,2016-09-23T00:00:00Z,SVP
126964,2015-06-08T19:00:00Z,-36.11192,-47.09165,0.0023,-0.1296,256.66666,2016-09-23T00:00:00Z,SVP
126964,2015-06-08T20:00:00Z,-36.11803,-47.09057,0.013,-0.1795,126.58333,2016-09-23T00:00:00Z,SVP
126964,2015-06-08T21:00:00Z,-36.12242,-47.09027,0.0257,-0.0908,80.83333,2016-09-23T00:00:00Z,SVP
126964,2015-06-08T22:00:00Z,-36.12479,-47.08732,0.0788,-0.1086,291.75003,2016-09-23T00:00:00Z,SVP
126964,2015-06-08T23:00:00Z,-36.12849,-47.08368,0.0818,-0.1098,291.75003,2016-09-23T00:00:00Z,SVP
126964,2015-06-09T00:00:00Z,-36.13225,-47.08164,0.0114,-0.1403,123.0,2016-09-23T00:00:00Z,SVP
126964,2015-06-09T01:00:00Z,-36.13719,-47.08389,-0.1003,-0.1612,130.04166,2016-09-23T00:00:00Z,SVP
126964,2015-06-09T02:00:00Z,-36.14235,-47.08543,-0.0209,-0.1579,523.7917,2016-09-23T00:00:00Z,SVP
126964,2015-06-09T03:00:00Z,-36.14747,-47.0864,-0.0208,-0.1579,523.7917,2016-09-23T00:00:00Z,SVP
126964,2015-06-09T04:00:00Z,-36.15262,-47.0901,-0.0386,-0.1579,523.7917,2016-09-23T00:00:00Z,SVP
126964,2015-06-09T05:00:00Z,-36.15785,-47.09372,0.0668,-0.1576,404.25,2016-09-23T00:00:00Z,SVP
126964,2015-06-09T06:00:00Z,-36.16291,-47.08968,0.0533,-0.1577,404.25,2016-09-23T00:00:00Z,SVP
126964,2015-06-09T07:00:00Z,-36.16796,-47.08678,0.0376,-0.1579,404.25,2016-09-23T00:00:00Z,SVP
126964,2015-06-09T08:00:00Z,-36.17387,-47.08391,0.1103,-0.2033,84.458336,2016-09-23T00:00:00Z,SVP
126964,2015-06-09T09:00:00Z,-36.18022,-47.08046,0.0876,-0.2023,428.8333,2016-09-23T00:00:00Z,SVP
126964,2015-06-09T10:00:00Z,-36.187,-47.07602,0.0912,-0.2012,428.8333,2016-09-23T00:00:00Z,SVP
126964,2015-06-09T11:00:00Z,-36.19421,-47.07046,0.0892,-0.1723,140.70834,2016-09-23T00:00:00Z,SVP
126964,2015-06-09T12:00:00Z,-36.19905,-47.07267,0.0837,-0.2297,112.5,2016-09-23T00:00:00Z,SVP
126964,2015-06-09T13:00:00Z,-36.20632,-47.06349,0.0524,-0.2474,675.0,2016-09-23T00:00:00Z,SVP
126964,2015-06-09T14:00:00Z,-36.21434,-47.06409,0.0681,-0.2474,675.0,2016-09-23T00:00:00Z,SVP
126964,2015-06-09T15:00:00Z,-36.22235,-47.06198,0.0725,-0.2474,675.0,2016-09-23T00:00:00Z,SVP
126964,2015-06-09T16:00:00Z,-36.23035,-47.05887,0.0701,-0.2474,675.0,2016-09-23T00:00:00Z,SVP
126964,2015-06-09T17:00:00Z,-36.23836,-47.05559,0.058,-0.2474,675.0,2016-09-23T00:00:00Z,SVP
126964,2015-06-09T18:00:00Z,-36.24701,-47.05454,0.0259,-0.2596,260.0833,2016-09-23T00:00:00Z,SVP
126964,2015-06-09T19:00:00Z,-36.25517,-47.05341,0.0142,-0.2705,137.08333,2016-09-23T00:00:00Z,SVP
126964,2015-06-09T20:00:00Z,-36.26386,-47.05258,0.0602,-0.2168,91.33333,2016-09-23T00:00:00Z,SVP
126964,2015-06-09T21:00:00Z,-36.27048,-47.04721,0.1405,-0.3161,102.0,2016-09-23T00:00:00Z,SVP
126964,2015-06-09T22:00:00Z,-36.28166,-47.04289,0.0199,-0.342,84.458336,2016-09-23T00:00:00Z,SVP
126964,2015-06-09T23:00:00Z,-36.28686,-47.04253,0.0183,-0.1912,316.3333,2016-09-23T00:00:00Z,SVP
126964,2015-06-10T00:00:00Z,-36.29304,-47.04247,0.0162,-0.1887,316.3333,2016-09-23T00:00:00Z,SVP
126964,2015-06-10T01:00:00Z,-36.29828,-47.02906,-0.0977,-0.2176,140.70834,2016-09-23T00:00:00Z,SVP
126964,2015-06-10T02:00:00Z,-36.30525,-47.03477,-0.0757,-0.2407,421.95834,2016-09-23T00:00:00Z,SVP
126964,2015-06-10T03:00:00Z,-36.31295,-47.03731,-0.0722,-0.2402,421.95834,2016-09-23T00:00:00Z,SVP
126964,2015-06-10T04:00:00Z,-36.32076,-47.04023,-0.0715,-0.2401,421.95834,2016-09-23T00:00:00Z,SVP
126964,2015-06-10T05:00:00Z,-36.32957,-47.0403,0.1318,-0.2638,246.16667,2016-09-23T00:00:00Z,SVP
126964,2015-06-10T06:00:00Z,-36.33805,-47.02935,0.0422,-0.2652,246.16667,2016-09-23T00:00:00Z,SVP
126964,2015-06-10T07:00:00Z,-36.34912,-47.02982,0.1069,-0.346,151.20834,2016-09-23T00:00:00Z,SVP
126964,2015-06-10T08:00:00Z,-36.36004,-47.02507,0.1588,-0.2845,189.91667,2016-09-23T00:00:00Z,SVP
126964,2015-06-10T09:00:00Z,-36.36782,-47.01716,0.1749,-0.2099,59.708332,2016-09-23T00:00:00Z,SVP
126964,2015-06-10T10:00:00Z,-36.37535,-47.01474,0.014,-0.2171,196.95833,2016-09-23T00:00:00Z,SVP
126964,2015-06-10T11:00:00Z,-36.38213,-47.0132,-0.0566,-0.2577,133.66667,2016-09-23T00:00:00Z,SVP
126964,2015-06-10T12:00:00Z,-36.39047,-47.01364,0.1201,-0.2452,98.416664,2016-09-23T00:00:00Z,SVP
126964,2015-06-10T13:00:00Z,-36.39784,-47.00812,0.104,-0.1901,147.58333,2016-09-23T00:00:00Z,SVP
126964,2015-06-10T14:00:00Z,-36.40375,-47.00584,0.029,-0.1755,565.9583,2016-09-23T00:00:00Z,SVP
126964,2015-06-10T15:00:00Z,-36.40945,-47.0048,0.0291,-0.1753,565.9583,2016-09-23T00:00:00Z,SVP
126964,2015-06-10T16:00:00Z,-36.41527,-47.00358,0.0288,-0.175,565.9583,2016-09-23T00:00:00Z,SVP
126964,2015-06-10T17:00:00Z,-36.42136,-47.00237,0.0075,-0.1688,253.20834,2016-09-23T00:00:00Z,SVP
126964,2015-06-10T18:00:00Z,-36.42612,-47.00288,0.0026,-0.1665,253.20834,2016-09-23T00:00:00Z,SVP
126964,2015-06-10T19:00:00Z,-36.43094,-47.00482,-0.068,-0.1533,175.79167,2016-09-23T00:00:00Z,SVP
126964,2015-06-10T20:00:00Z,-36.43676,-47.0087,-0.1408,-0.1838,73.791664,2016-09-23T00:00:00Z,SVP
126964,2015-06-10T21:00:00Z,-36.44226,-47.0145,-0.1453,-0.1625,147.58333,2016-09-23T00:00:00Z,SVP
126964,2015-06-10T22:00:00Z,-36.44636,-47.01916,-0.0075,-0.201,284.70834,2016-09-23T00:00:00Z,SVP
126964,2015-06-10T23:00:00Z,-36.45415,-47.01832,-0.007,-0.1975,284.70834,2016-09-23T00:00:00Z,SVP
126964,2015-06-11T00:00:00Z,-36.46034,-47.01911,-0.0307,-0.2023,116.083336,2016-09-23T00:00:00Z,SVP
126964,2015-06-11T01:00:00Z,-36.46659,-47.02155,-0.1111,-0.1873,123.0,2016-09-23T00:00:00Z,SVP
126964,2015-06-11T02:00:00Z,-36.47495,-47.02667,-0.139,-0.2637,126.58333,2016-09-23T00:00:00Z,SVP
126964,2015-06-11T03:00:00Z,-36.48284,-47.03261,-0.1475,-0.2472,330.45834,2016-09-23T00:00:00Z,SVP
126964,2015-06-11T04:00:00Z,-36.49043,-47.03841,-0.148,-0.2496,330.45834,2016-09-23T00:00:00Z,SVP
126964,2015-06-11T05:00:00Z,-36.49911,-47.04438,-0.1639,-0.2606,242.54167,2016-09-23T00:00:00Z,SVP
126964,2015-06-11T06:00:00Z,-36.5072,-47.05106,-0.1637,-0.2733,242.54167,2016-09-23T00:00:00Z,SVP
126964,2015-06-11T07:00:00Z,-36.52001,-47.05722,-0.149,-0.4081,151.20834,2016-09-23T00:00:00Z,SVP
126964,2015-06-11T08:00:00Z,-36.53471,-47.05803,-0.059,-0.4537,214.5,2016-09-23T00:00:00Z,SVP
126964,2015-06-11T09:00:00Z,-36.54854,-47.06073,-0.1262,-0.3145,189.91667,2016-09-23T00:00:00Z,SVP
126964,2015-06-11T10:00:00Z,-36.55904,-47.0659,-0.123,-0.3149,189.91667,2016-09-23T00:00:00Z,SVP
126964,2015-06-11T11:00:00Z,-36.56849,-47.07025,-0.1118,-0.2995,140.70834,2016-09-23T00:00:00Z,SVP
126964,2015-06-11T12:00:00Z,-36.57867,-47.07086,0.0887,-0.4261,137.08333,2016-09-23T00:00:00Z,SVP
126964,2015-06-11T13:00:00Z,-36.59279,-47.06485,-0.0302,-0.3204,119.54167,2016-09-23T00:00:00Z,SVP
126964,2015-06-11T14:00:00Z,-36.60354,-47.06658,-0.0353,-0.2739,481.66666,2016-09-23T00:00:00Z,SVP
126964,2015-06-11T15:00:00Z,-36.61194,-47.06771,-0.0353,-0.2743,481.66666,2016-09-23T00:00:00Z,SVP
126964,2015-06-11T16:00:00Z,-36.62072,-47.06899,-0.0353,-0.2744,481.66666,2016-09-23T00:00:00Z,SVP
126964,2015-06-11T17:00:00Z,-36.62968,-47.07007,-0.0071,-0.2482,242.54167,2016-09-23T00:00:00Z,SVP
126964,2015-06-11T18:00:00Z,-36.63799,-47.07102,-0.0066,-0.2475,242.54167,2016-09-23T00:00:00Z,SVP
126964,2015-06-11T19:00:00Z,-36.6467,-47.07125,-0.0021,-0.2746,196.95833,2016-09-23T00:00:00Z,SVP
126964,2015-06-11T20:00:00Z,-36.65444,-47.07017,-0.0619,-0.2799,196.95833,2016-09-23T00:00:00Z,SVP
126964,2015-06-11T21:00:00Z,-36.66501,-47.07336,-0.0569,-0.2849,196.95833,2016-09-23T00:00:00Z,SVP
126964,2015-06-11T22:00:00Z,-36.66989,-47.07224,0.0859,-0.1354,414.9167,2016-09-23T00:00:00Z,SVP
126964,2015-06-11T23:00:00Z,-36.67502,-47.06811,0.0927,-0.1423,414.9167,2016-09-23T00:00:00Z,SVP
126964,2015-06-12T00:00:00Z,-36.681,-47.06482,0.0904,-0.1515,414.9167,2016-09-23T00:00:00Z,SVP
126964,2015-06-12T01:00:00Z,-36.68405,-47.05592,0.1498,-0.161,140.70834,2016-09-23T00:00:00Z,SVP
126964,2015-06-12T02:00:00Z,-36.70081,-47.05131,-0.2019,-0.0164,330.45834,2016-09-23T00:00:00Z,SVP
126964,2015-06-12T03:00:00Z,-36.69118,-47.05833,-0.2074,-0.1105,330.45834,2016-09-23T00:00:00Z,SVP
126964,2015-06-12T04:00:00Z,-36.69284,-47.06589,-0.2165,-0.1325,330.45834,2016-09-23T00:00:00Z,SVP
126964,2015-06-12T05:00:00Z,-36.69775,-47.07553,-0.2135,-0.0799,267.16666,2016-09-23T00:00:00Z,SVP
126964,2015-06-12T06:00:00Z,-36.70411,-47.08481,-0.2618,-0.1782,140.70834,2016-09-23T00:00:00Z,SVP
126964,2015-06-12T07:00:00Z,-36.70112,-47.09532,-0.2648,-0.3587,246.16667,2016-09-23T00:00:00Z,SVP
126964,2015-06-12T08:00:00Z,-36.714,-47.10634,-0.2646,-0.3341,246.16667,2016-09-23T00:00:00Z,SVP
126964,2015-06-12T09:00:00Z,-36.72563,-47.11732,-0.2682,-0.4063,175.79167,2016-09-23T00:00:00Z,SVP
126964,2015-06-12T10:00:00Z,-36.73889,-47.12678,-0.2502,-0.4219,172.33334,2016-09-23T00:00:00Z,SVP
126964,2015-06-12T11:00:00Z,-36.75285,-47.13843,-0.1871,-0.4677,115.958336,2016-09-23T00:00:00Z,SVP
126964,2015-06-12T12:00:00Z,-36.76792,-47.14554,-0.1921,-0.4731,126.58333,2016-09-23T00:00:00Z,SVP
126964,2015-06-12T13:00:00Z,-36.78298,-47.15133,-0.0722,-0.472,126.58333,2016-09-23T00:00:00Z,SVP
126964,2015-06-12T14:00:00Z,-36.79798,-47.15571,-0.017,-0.4555,502.79166,2016-09-23T00:00:00Z,SVP
126964,2015-06-12T15:00:00Z,-36.81335,-47.15653,-0.0157,-0.4543,502.79166,2016-09-23T00:00:00Z,SVP
126964,2015-06-12T16:00:00Z,-36.82876,-47.1577,-0.0105,-0.4515,502.79166,2016-09-23T00:00:00Z,SVP
126964,2015-06-12T17:00:00Z,-36.84322,-47.15771,0.0571,-0.4006,249.58333,2016-09-23T00:00:00Z,SVP
126964,2015-06-12T18:00:00Z,-36.85515,-47.15501,0.0631,-0.4039,249.58333,2016-09-23T00:00:00Z,SVP
126964,2015-06-12T19:00:00Z,-36.86774,-47.14782,0.13,-0.3747,147.58333,2016-09-23T00:00:00Z,SVP
126964,2015-06-12T20:00:00Z,-36.87924,-47.15626,-0.0558,-0.3587,228.45833,2016-09-23T00:00:00Z,SVP
126964,2015-06-12T21:00:00Z,-36.89036,-47.15909,-0.0378,-0.3185,253.20834,2016-09-23T00:00:00Z,SVP
126964,2015-06-12T22:00:00Z,-36.90168,-47.16036,-0.0319,-0.3204,253.20834,2016-09-23T00:00:00Z,SVP
126964,2015-06-12T23:00:00Z,-36.91012,-47.16095,0.0059,-0.1758,214.5,2016-09-23T00:00:00Z,SVP
126964,2015-06-13T00:00:00Z,-36.91665,-47.15191,-0.3658,-0.192,137.08333,2016-09-23T00:00:00Z,SVP
126964,2015-06-13T01:00:00Z,-36.92184,-47.16702,-0.3274,-0.2697,112.5,2016-09-23T00:00:00Z,SVP
126964,2015-06-13T02:00:00Z,-36.93289,-47.17829,-0.1512,-0.3114,383.25,2016-09-23T00:00:00Z,SVP
126964,2015-06-13T03:00:00Z,-36.94083,-47.18436,-0.1504,-0.2979,383.25,2016-09-23T00:00:00Z,SVP
126964,2015-06-13T04:00:00Z,-36.94809,-47.19104,-0.1472,-0.2938,383.25,2016-09-23T00:00:00Z,SVP
126964,2015-06-13T05:00:00Z,-36.96233,-47.19705,-0.1484,-0.502,242.54167,2016-09-23T00:00:00Z,SVP
126964,2015-06-13T06:00:00Z,-36.97799,-47.20326,-0.2058,-0.5034,147.58333,2016-09-23T00:00:00Z,SVP
126964,2015-06-13T07:00:00Z,-36.99622,-47.21745,-0.1305,-0.4787,246.16667,2016-09-23T00:00:00Z,SVP
126964,2015-06-13T08:00:00Z,-37.01003,-47.22065,-0.173,-0.4827,246.16667,2016-09-23T00:00:00Z,SVP
126964,2015-06-13T09:00:00Z,-37.02744,-47.22787,-0.1404,-0.5817,112.5,2016-09-23T00:00:00Z,SVP
126964,2015-06-13T10:00:00Z,-37.04587,-47.23273,-0.1334,-0.5882,249.58333,2016-09-23T00:00:00Z,SVP
126964,2015-06-13T11:00:00Z,-37.06265,-47.236,-0.0744,-0.3598,59.833332,2016-09-23T00:00:00Z,SVP
126964,2015-06-13T12:00:00Z,-37.07401,-47.23921,-0.0566,-0.3652,260.0833,2016-09-23T00:00:00Z,SVP
126964,2015-06-13T13:00:00Z,-37.08503,-47.24179,-0.0725,-0.3652,527.4166,2016-09-23T00:00:00Z,SVP
126964,2015-06-13T14:00:00Z,-37.09688,-47.24424,-0.0715,-0.3652,527.4166,2016-09-23T00:00:00Z,SVP
126964,2015-06-13T15:00:00Z,-37.10908,-47.24674,-0.0709,-0.3673,527.4166,2016-09-23T00:00:00Z,SVP
126964,2015-06-13T16:00:00Z,-37.12255,-47.24894,-0.0704,-0.3766,527.4166,2016-09-23T00:00:00Z,SVP
126964,2015-06-13T17:00:00Z,-37.13316,-47.25303,-0.0841,-0.2929,246.16667,2016-09-23T00:00:00Z,SVP
126964,2015-06-13T18:00:00Z,-37.14123,-47.25689,-0.0872,-0.3242,246.16667,2016-09-23T00:00:00Z,SVP
126964,2015-06-13T19:00:00Z,-37.15188,-47.26569,-0.219,-0.3003,344.54166,2016-09-23T00:00:00Z,SVP
126964,2015-06-13T20:00:00Z,-37.16137,-47.27463,-0.2199,-0.3016,344.54166,2016-09-23T00:00:00Z,SVP
126964,2015-06-13T21:00:00Z,-37.17287,-47.28438,-0.2437,-0.3573,249.58333,2016-09-23T00:00:00Z,SVP
126964,2015-06-13T22:00:00Z,-37.18555,-47.2948,-0.2443,-0.3563,249.58333,2016-09-23T00:00:00Z,SVP
126964,2015-06-13T23:00:00Z,-37.19702,-47.30505,-0.2571,-0.3777,358.6667,2016-09-23T00:00:00Z,SVP
126964,2015-06-14T00:00:00Z,-37.20878,-47.31509,-0.2567,-0.3773,358.6667,2016-09-23T00:00:00Z,SVP
126964,2015-06-14T01:00:00Z,-37.22236,-47.32523,-0.2365,-0.4146,112.5,2016-09-23T00:00:00Z,SVP
126964,2015-06-14T02:00:00Z,-37.23644,-47.33339,-0.1599,-0.4695,144.16667,2016-09-23T00:00:00Z,SVP
126964,2015-06-14T03:00:00Z,-37.25223,-47.33865,-0.0848,-0.4966,270.74997,2016-09-23T00:00:00Z,SVP
126964,2015-06-14T04:00:00Z,-37.2679,-47.34403,-0.0318,-0.4943,239.08334,2016-09-23T00:00:00Z,SVP
126964,2015-06-14T05:00:00Z,-37.28417,-47.34334,-0.0457,-0.4944,239.08334,2016-09-23T00:00:00Z,SVP
126964,2015-06-14T06:00:00Z,-37.29999,-47.34451,-0.0036,-0.4828,140.70834,2016-09-23T00:00:00Z,SVP
126964,2015-06-14T07:00:00Z,-37.31512,-47.34399,0.0466,-0.469,179.25,2016-09-23T00:00:00Z,SVP
126964,2015-06-14T08:00:00Z,-37.33009,-47.34034,0.1423,-0.4536,77.41667,2016-09-23T00:00:00Z,SVP
126964,2015-06-14T09:00:00Z,-37.34222,-47.33186,0.0871,-0.3334,108.91667,2016-09-23T00:00:00Z,SVP
126964,2015-06-14T10:00:00Z,-37.35062,-47.33213,-0.055,-0.1981,137.08333,2016-09-23T00:00:00Z,SVP
126964,2015-06-14T11:00:00Z,-37.35497,-47.31661,-0.095,-0.2331,137.08333,2016-09-23T00:00:00Z,SVP
126964,2015-06-14T12:00:00Z,-37.36326,-47.32327,0.0809,-0.2473,115.958336,2016-09-23T00:00:00Z,SVP
126964,2015-06-14T13:00:00Z,-37.37129,-47.31856,0.1574,-0.2783,126.58333,2016-09-23T00:00:00Z,SVP
126964,2015-06-14T14:00:00Z,-37.37985,-47.31865,-0.0841,-0.2831,425.41666,2016-09-23T00:00:00Z,SVP
126964,2015-06-14T15:00:00Z,-37.38974,-47.3243,-0.068,-0.2893,425.41666,2016-09-23T00:00:00Z,SVP
126964,2015-06-14T16:00:00Z,-37.40254,-47.32706,-0.0694,-0.3189,425.41666,2016-09-23T00:00:00Z,SVP
126964,2015-06-14T17:00:00Z,-37.40887,-47.33069,-0.1275,-0.1979,242.54167,2016-09-23T00:00:00Z,SVP
126964,2015-06-14T18:00:00Z,-37.41465,-47.33487,-0.1678,-0.209,302.4167,2016-09-23T00:00:00Z,SVP
126964,2015-06-14T19:00:00Z,-37.42197,-47.34209,-0.1687,-0.209,302.4167,2016-09-23T00:00:00Z,SVP
126964,2015-06-14T20:00:00Z,-37.42917,-47.34827,-0.1531,-0.3013,87.91667,2016-09-23T00:00:00Z,SVP
126964,2015-06-14T21:00:00Z,-37.44049,-47.35959,0.1724,-0.3571,158.08334,2016-09-23T00:00:00Z,SVP
126964,2015-06-14T22:00:00Z,-37.45215,-47.35289,0.1802,-0.3692,390.29166,2016-09-23T00:00:00Z,SVP
126964,2015-06-14T23:00:00Z,-37.46423,-47.34588,0.1813,-0.3698,390.29166,2016-09-23T00:00:00Z,SVP
126964,2015-06-15T00:00:00Z,-37.47594,-47.33851,0.1808,-0.3714,390.29166,2016-09-23T00:00:00Z,SVP
126964,2015-06-15T01:00:00Z,-37.48855,-47.32955,0.2848,-0.2152,428.8333,2016-09-23T00:00:00Z,SVP
126964,2015-06-15T02:00:00Z,-37.49354,-47.31716,0.2834,-0.2295,428.8333,2016-09-23T00:00:00Z,SVP
126964,2015-06-15T03:00:00Z,-37.50093,-47.30541,0.283,-0.2291,428.8333,2016-09-23T00:00:00Z,SVP
126964,2015-06-15T04:00:00Z,-37.50914,-47.29414,0.2655,-0.2025,239.08334,2016-09-23T00:00:00Z,SVP
126964,2015-06-15T05:00:00Z,-37.51567,-47.28324,0.2607,-0.2041,239.08334,2016-09-23T00:00:00Z,SVP
126964,2015-06-15T06:00:00Z,-37.52244,-47.27577,0.18,-0.2059,140.70834,2016-09-23T00:00:00Z,SVP
126964,2015-06-15T07:00:00Z,-37.5266,-47.26829,0.1691,-0.1156,147.58333,2016-09-23T00:00:00Z,SVP
126964,2015-06-15T08:00:00Z,-37.5253,-47.26124,0.1787,0.0289,105.458336,2016-09-23T00:00:00Z,SVP
126964,2015-06-15T09:00:00Z,-37.52574,-47.25495,0.0576,-0.0708,123.0,2016-09-23T00:00:00Z,SVP
126964,2015-06-15T10:00:00Z,-37.52874,-47.25186,0.0297,-0.0803,253.20834,2016-09-23T00:00:00Z,SVP
126964,2015-06-15T11:00:00Z,-37.53067,-47.25174,0.0267,-0.0763,253.20834,2016-09-23T00:00:00Z,SVP
126964,2015-06-15T12:00:00Z,-37.53554,-47.25121,-0.024,-0.1961,108.91667,2016-09-23T00:00:00Z,SVP
126964,2015-06-15T13:00:00Z,-37.54218,-47.25248,-0.009,-0.188,140.70834,2016-09-23T00:00:00Z,SVP
126964,2015-06-15T14:00:00Z,-37.54718,-47.25196,0.0116,-0.1443,935.0834,2016-09-23T00:00:00Z,SVP
126964,2015-06-15T15:00:00Z,-37.55176,-47.24613,0.0781,-0.1442,935.0834,2016-09-23T00:00:00Z,SVP
126964,2015-06-15T16:00:00Z,-37.55639,-47.24285,0.0784,-0.1441,935.0834,2016-09-23T00:00:00Z,SVP
126964,2015-06-15T17:00:00Z,-37.56103,-47.23968,0.0784,-0.1441,935.0834,2016-09-23T00:00:00Z,SVP
126964,2015-06-15T18:00:00Z,-37.56567,-47.2498,0.0129,-0.144,935.0834,2016-09-23T00:00:00Z,SVP
126964,2015-06-15T19:00:00Z,-37.57033,-47.25042,0.0091,-0.144,935.0834,2016-09-23T00:00:00Z,SVP
126964,2015-06-15T20:00:00Z,-37.57491,-47.22806,0.0948,-0.1408,144.16667,2016-09-23T00:00:00Z,SVP
126964,2015-06-15T21:00:00Z,-37.57923,-47.22223,0.2385,-0.1277,105.458336,2016-09-23T00:00:00Z,SVP
126964,2015-06-15T22:00:00Z,-37.58163,-47.21392,0.1928,-0.0549,151.20834,2016-09-23T00:00:00Z,SVP
126964,2015-06-15T23:00:00Z,-37.58195,-47.20733,0.1701,-0.0142,379.66666,2016-09-23T00:00:00Z,SVP
126964,2015-06-16T00:00:00Z,-37.58244,-47.19995,0.1699,-0.0134,379.66666,2016-09-23T00:00:00Z,SVP
126964,2015-06-16T01:00:00Z,-37.58261,-47.19438,0.0495,0.015,123.166664,2016-09-23T00:00:00Z,SVP
126964,2015-06-16T02:00:00Z,-37.58098,-47.19197,0.0788,0.0855,123.0,2016-09-23T00:00:00Z,SVP
126964,2015-06-16T03:00:00Z,-37.5756,-47.1835,0.1939,0.1501,203.83333,2016-09-23T00:00:00Z,SVP
126964,2015-06-16T04:00:00Z,-37.57077,-47.17627,0.1493,0.1343,242.54167,2016-09-23T00:00:00Z,SVP
126964,2015-06-16T05:00:00Z,-37.56854,-47.17192,0.124,0.1335,242.54167,2016-09-23T00:00:00Z,SVP
126964,2015-06-16T06:00:00Z,-37.56558,-47.17132,0.0485,0.0696,256.66666,2016-09-23T00:00:00Z,SVP
126964,2015-06-16T07:00:00Z,-37.56042,-47.17717,-0.0706,-0.0231,137.08333,2016-09-23T00:00:00Z,SVP
126964,2015-06-16T08:00:00Z,-37.56344,-47.17854,-0.0729,0.0414,112.5,2016-09-23T00:00:00Z,SVP
126964,2015-06-16T09:00:00Z,-37.56213,-47.1823,-0.1671,0.0041,105.458336,2016-09-23T00:00:00Z,SVP
126964,2015-06-16T10:00:00Z,-37.56268,-47.18899,-0.1523,-0.0316,246.16667,2016-09-23T00:00:00Z,SVP
126964,2015-06-16T11:00:00Z,-37.56435,-47.19671,-0.0662,-0.0896,151.20834,2016-09-23T00:00:00Z,SVP
126964,2015-06-16T12:00:00Z,-37.56712,-47.19721,-0.0312,-0.1599,123.0,2016-09-23T00:00:00Z,SVP
126964,2015-06-16T13:00:00Z,-37.57248,-47.20039,-0.0019,-0.1493,720.74994,2016-09-23T00:00:00Z,SVP
126964,2015-06-16T14:00:00Z,-37.5772,-47.20016,-7.0E-4,-0.1487,720.74994,2016-09-23T00:00:00Z,SVP
126964,2015-06-16T15:00:00Z,-37.58208,-47.20022,-5.0E-4,-0.1487,720.74994,2016-09-23T00:00:00Z,SVP
126964,2015-06-16T16:00:00Z,-37.58712,-47.20055,-0.001,-0.1492,720.74994,2016-09-23T00:00:00Z,SVP
126964,2015-06-16T17:00:00Z,-37.59253,-47.20136,-0.0023,-0.1503,720.74994,2016-09-23T00:00:00Z,SVP
126964,2015-06-16T18:00:00Z,-37.59693,-47.20034,0.1081,-0.1361,256.66666,2016-09-23T00:00:00Z,SVP
126964,2015-06-16T19:00:00Z,-37.59982,-47.19584,0.1181,-0.1347,256.66666,2016-09-23T00:00:00Z,SVP
126964,2015-06-16T20:00:00Z,-37.60518,-47.18385,0.2,-0.1321,130.04166,2016-09-23T00:00:00Z,SVP
126964,2015-06-16T21:00:00Z,-37.60734,-47.17852,0.1512,0.0887,151.20834,2016-09-23T00:00:00Z,SVP
126964,2015-06-16T22:00:00Z,-37.60497,-47.17261,0.1407,0.1583,351.58334,2016-09-23T00:00:00Z,SVP
126964,2015-06-16T23:00:00Z,-37.59931,-47.16677,0.1399,0.1571,351.58334,2016-09-23T00:00:00Z,SVP
126964,2015-06-17T00:00:00Z,-37.59393,-47.15981,0.1411,0.1561,351.58334,2016-09-23T00:00:00Z,SVP
126964,2015-06-17T01:00:00Z,-37.58916,-47.15615,0.0903,0.1611,256.66666,2016-09-23T00:00:00Z,SVP
126964,2015-06-17T02:00:00Z,-37.58419,-47.1527,0.0675,0.1446,214.5,2016-09-23T00:00:00Z,SVP
126964,2015-06-17T03:00:00Z,-37.57935,-47.15019,0.0672,0.145,214.5,2016-09-23T00:00:00Z,SVP
126964,2015-06-17T04:00:00Z,-37.57534,-47.14725,0.0704,0.1216,246.16667,2016-09-23T00:00:00Z,SVP
126964,2015-06-17T05:00:00Z,-37.57084,-47.14349,-0.0581,0.0564,397.20834,2016-09-23T00:00:00Z,SVP
126964,2015-06-17T06:00:00Z,-37.56952,-47.14736,-0.057,0.0476,397.20834,2016-09-23T00:00:00Z,SVP
126964,2015-06-17T07:00:00Z,-37.56745,-47.15331,-0.045,0.0513,397.20834,2016-09-23T00:00:00Z,SVP
126964,2015-06-17T08:00:00Z,-37.56758,-47.15619,-0.0269,-0.0718,590.7083,2016-09-23T00:00:00Z,SVP
126964,2015-06-17T09:00:00Z,-37.57176,-47.15462,-0.0446,-0.0563,590.7083,2016-09-23T00:00:00Z,SVP
126964,2015-06-17T10:00:00Z,-37.57441,-47.1558,-0.0481,-0.0484,590.7083,2016-09-23T00:00:00Z,SVP
126964,2015-06-17T11:00:00Z,-37.5761,-47.1576,-0.0488,-0.0476,590.7083,2016-09-23T00:00:00Z,SVP
126964,2015-06-17T12:00:00Z,-37.57778,-47.1603,-0.0512,-0.0866,133.66667,2016-09-23T00:00:00Z,SVP
126964,2015-06-17T13:00:00Z,-37.58062,-47.16443,-0.0978,-0.103,112.5,2016-09-23T00:00:00Z,SVP
126964,2015-06-17T14:00:00Z,-37.5837,-47.16395,0.0189,-0.0985,618.75,2016-09-23T00:00:00Z,SVP
126964,2015-06-17T15:00:00Z,-37.58715,-47.16276,0.0185,-0.0996,618.75,2016-09-23T00:00:00Z,SVP
126964,2015-06-17T16:00:00Z,-37.59071,-47.16202,0.0189,-0.1007,618.75,2016-09-23T00:00:00Z,SVP
126964,2015-06-17T17:00:00Z,-37.59457,-47.16159,0.0202,-0.1022,618.75,2016-09-23T00:00:00Z,SVP
126964,2015-06-17T18:00:00Z,-37.59568,-47.16067,0.032,-0.024,260.0833,2016-09-23T00:00:00Z,SVP
126964,2015-06-17T19:00:00Z,-37.59582,-47.15801,0.0353,-0.0323,260.0833,2016-09-23T00:00:00Z,SVP
126964,2015-06-17T20:00:00Z,-37.59456,-47.15938,-0.1016,0.0347,73.791664,2016-09-23T00:00:00Z,SVP
126964,2015-06-17T21:00:00Z,-37.59293,-47.16452,-0.166,0.0181,179.25,2016-09-23T00:00:00Z,SVP
126964,2015-06-17T22:00:00Z,-37.5916,-47.17233,-0.2005,0.0435,73.791664,2016-09-23T00:00:00Z,SVP
126964,2015-06-17T23:00:00Z,-37.59082,-47.18029,-0.2062,0.0409,267.16666,2016-09-23T00:00:00Z,SVP
126964,2015-06-18T00:00:00Z,-37.58917,-47.18818,-0.2262,0.0125,123.0,2016-09-23T00:00:00Z,SVP
126964,2015-06-18T01:00:00Z,-37.58951,-47.19871,-0.2853,-0.0611,115.958336,2016-09-23T00:00:00Z,SVP
126964,2015-06-18T02:00:00Z,-37.59117,-47.21034,-0.2729,-0.0793,900.0,2016-09-23T00:00:00Z,SVP
126964,2015-06-18T03:00:00Z,-37.59405,-47.22147,-0.2728,-0.0802,900.0,2016-09-23T00:00:00Z,SVP
126964,2015-06-18T04:00:00Z,-37.59675,-47.23264,-0.2729,-0.0805,900.0,2016-09-23T00:00:00Z,SVP
126964,2015-06-18T05:00:00Z,-37.59937,-47.24383,-0.273,-0.0806,900.0,2016-09-23T00:00:00Z,SVP
126964,2015-06-18T06:00:00Z,-37.60192,-47.2551,-0.2733,-0.0805,900.0,2016-09-23T00:00:00Z,SVP
126964,2015-06-18T07:00:00Z,-37.60427,-47.26654,-0.2739,-0.0802,900.0,2016-09-23T00:00:00Z,SVP
126964,2015-06-18T08:00:00Z,-37.60996,-47.2592,-0.1989,-0.3556,109.041664,2016-09-23T00:00:00Z,SVP
126964,2015-06-18T09:00:00Z,-37.62384,-47.27264,-0.0559,-0.4255,158.25,2016-09-23T00:00:00Z,SVP
126964,2015-06-18T10:00:00Z,-37.63673,-47.276,-0.0393,-0.2916,196.95833,2016-09-23T00:00:00Z,SVP
126964,2015-06-18T11:00:00Z,-37.64543,-47.27613,-0.0459,-0.2953,196.95833,2016-09-23T00:00:00Z,SVP
126964,2015-06-18T12:00:00Z,-37.65455,-47.28063,-0.0967,-0.2552,140.70834,2016-09-23T00:00:00Z,SVP
126964,2015-06-18T13:00:00Z,-37.65931,-47.28624,-0.1436,-0.1027,650.4166,2016-09-23T00:00:00Z,SVP
126964,2015-06-18T14:00:00Z,-37.66298,-47.29185,-0.1427,-0.1031,650.4166,2016-09-23T00:00:00Z,SVP
126964,2015-06-18T15:00:00Z,-37.66655,-47.29729,-0.1413,-0.1032,650.4166,2016-09-23T00:00:00Z,SVP
126964,2015-06-18T16:00:00Z,-37.67024,-47.30188,-0.1362,-0.1034,650.4166,2016-09-23T00:00:00Z,SVP
126964,2015-06-18T17:00:00Z,-37.67445,-47.30512,-0.1274,-0.1039,650.4166,2016-09-23T00:00:00Z,SVP
126964,2015-06-18T18:00:00Z,-37.67703,-47.31364,-0.2255,-0.1018,242.54167,2016-09-23T00:00:00Z,SVP
126964,2015-06-18T19:00:00Z,-37.67912,-47.3239,-0.2672,-0.0904,144.16667,2016-09-23T00:00:00Z,SVP
126964,2015-06-18T20:00:00Z,-37.68382,-47.33379,-0.3176,-0.1022,196.95833,2016-09-23T00:00:00Z,SVP
126964,2015-06-18T21:00:00Z,-37.68544,-47.34785,-0.3149,-0.0969,196.95833,2016-09-23T00:00:00Z,SVP
126964,2015-06-18T22:00:00Z,-37.69255,-47.36047,-0.2988,-0.2671,411.2917,2016-09-23T00:00:00Z,SVP
126964,2015-06-18T23:00:00Z,-37.70089,-47.37256,-0.2978,-0.2648,411.2917,2016-09-23T00:00:00Z,SVP
126964,2015-06-19T00:00:00Z,-37.70902,-47.3844,-0.296,-0.2626,411.2917,2016-09-23T00:00:00Z,SVP
126964,2015-06-19T01:00:00Z,-37.71877,-47.40099,-0.3451,-0.2734,109.041664,2016-09-23T00:00:00Z,SVP
126964,2015-06-19T02:00:00Z,-37.72526,-47.41573,-0.0453,-0.2004,137.08333,2016-09-23T00:00:00Z,SVP
126964,2015-06-19T03:00:00Z,-37.73151,-47.41917,-0.0566,-0.1483,393.75,2016-09-23T00:00:00Z,SVP
126964,2015-06-19T04:00:00Z,-37.73684,-47.42082,-0.0627,-0.1464,393.75,2016-09-23T00:00:00Z,SVP
126964,2015-06-19T05:00:00Z,-37.74169,-47.42252,-0.0762,-0.1142,242.54167,2016-09-23T00:00:00Z,SVP
126964,2015-06-19T06:00:00Z,-37.74467,-47.42749,-0.0805,-0.1181,242.54167,2016-09-23T00:00:00Z,SVP
126964,2015-06-19T07:00:00Z,-37.748,-47.42824,-0.0579,-0.0841,144.16667,2016-09-23T00:00:00Z,SVP
126964,2015-06-19T08:00:00Z,-37.74999,-47.43106,-0.0535,-0.0566,253.20834,2016-09-23T00:00:00Z,SVP
126964,2015-06-19T09:00:00Z,-37.75171,-47.43339,-0.0447,0.0288,56.25,2016-09-23T00:00:00Z,SVP
126964,2015-06-19T10:00:00Z,-37.75025,-47.43544,-0.0531,0.0449,232.04169,2016-09-23T00:00:00Z,SVP
126964,2015-06-19T11:00:00Z,-37.74834,-47.43594,-0.3296,0.0142,137.08333,2016-09-23T00:00:00Z,SVP
126964,2015-06-19T12:00:00Z,-37.74859,-47.4496,-0.3515,-0.002,98.416664,2016-09-23T00:00:00Z,SVP
126964,2015-06-19T13:00:00Z,-37.74834,-47.46076,-0.1937,0.0115,144.16667,2016-09-23T00:00:00Z,SVP
126964,2015-06-19T14:00:00Z,-37.74822,-47.46946,-0.1847,-0.0034,541.3334,2016-09-23T00:00:00Z,SVP
126964,2015-06-19T15:00:00Z,-37.74795,-47.47705,-0.1847,-0.0039,541.3334,2016-09-23T00:00:00Z,SVP
126964,2015-06-19T16:00:00Z,-37.74762,-47.4845,-0.1852,-0.005,541.3334,2016-09-23T00:00:00Z,SVP
126964,2015-06-19T17:00:00Z,-37.74704,-47.49184,-0.1864,-0.0076,541.3334,2016-09-23T00:00:00Z,SVP
126964,2015-06-19T18:00:00Z,-37.7483,-47.49991,-0.1983,-0.0262,390.1667,2016-09-23T00:00:00Z,SVP
126964,2015-06-19T19:00:00Z,-37.74959,-47.50802,-0.1985,-0.0252,390.1667,2016-09-23T00:00:00Z,SVP
126964,2015-06-19T20:00:00Z,-37.75184,-47.5154,-0.1858,-0.0689,147.58333,2016-09-23T00:00:00Z,SVP
126964,2015-06-19T21:00:00Z,-37.7594,-47.52092,-0.1043,-0.279,87.91667,2016-09-23T00:00:00Z,SVP
126964,2015-06-19T22:00:00Z,-37.76778,-47.52513,-0.0711,-0.3002,432.4583,2016-09-23T00:00:00Z,SVP
126964,2015-06-19T23:00:00Z,-37.77742,-47.52839,-0.0701,-0.3003,432.4583,2016-09-23T00:00:00Z,SVP
126964,2015-06-20T00:00:00Z,-37.78733,-47.5319,-0.0667,-0.2976,432.4583,2016-09-23T00:00:00Z,SVP
126964,2015-06-20T01:00:00Z,-37.79502,-47.53257,-0.0387,-0.2102,123.0,2016-09-23T00:00:00Z,SVP
126964,2015-06-20T02:00:00Z,-37.80181,-47.53446,-0.0414,-0.2154,116.083336,2016-09-23T00:00:00Z,SVP
126964,2015-06-20T03:00:00Z,-37.80865,-47.53726,-0.0057,-0.212,305.83334,2016-09-23T00:00:00Z,SVP
126964,2015-06-20T04:00:00Z,-37.81566,-47.53687,-0.0116,-0.2109,305.83334,2016-09-23T00:00:00Z,SVP
126964,2015-06-20T05:00:00Z,-37.82192,-47.53786,-0.0296,-0.1691,242.54167,2016-09-23T00:00:00Z,SVP
126964,2015-06-20T06:00:00Z,-37.82784,-47.53873,-0.0348,-0.1677,242.54167,2016-09-23T00:00:00Z,SVP
126964,2015-06-20T07:00:00Z,-37.82736,-47.54551,-0.22,0.0378,246.16667,2016-09-23T00:00:00Z,SVP
126964,2015-06-20T08:00:00Z,-37.82707,-47.55435,-0.2194,0.0322,246.16667,2016-09-23T00:00:00Z,SVP
126964,2015-06-20T09:00:00Z,-37.82647,-47.56519,-0.2883,0.0188,284.83334,2016-09-23T00:00:00Z,SVP
126964,2015-06-20T10:00:00Z,-37.82514,-47.57723,-0.2909,0.0191,284.83334,2016-09-23T00:00:00Z,SVP
126964,2015-06-20T11:00:00Z,-37.82525,-47.59026,-0.3449,-0.0529,147.58333,2016-09-23T00:00:00Z,SVP
126964,2015-06-20T12:00:00Z,-37.82798,-47.60469,-0.37,-0.1332,253.20834,2016-09-23T00:00:00Z,SVP
126964,2015-06-20T13:00:00Z,-37.83213,-47.61971,-0.3698,-0.1335,253.20834,2016-09-23T00:00:00Z,SVP
126964,2015-06-20T14:00:00Z,-37.83706,-47.63437,-0.3571,-0.1481,555.4583,2016-09-23T00:00:00Z,SVP
126964,2015-06-20T15:00:00Z,-37.84186,-47.64912,-0.3572,-0.1483,555.4583,2016-09-23T00:00:00Z,SVP
126964,2015-06-20T16:00:00Z,-37.84648,-47.66408,-0.3577,-0.1481,555.4583,2016-09-23T00:00:00Z,SVP
126964,2015-06-20T17:00:00Z,-37.8511,-47.67893,-0.3303,-0.1697,246.16667,2016-09-23T00:00:00Z,SVP
126964,2015-06-20T18:00:00Z,-37.85747,-47.69106,-0.3245,-0.1714,246.16667,2016-09-23T00:00:00Z,SVP
126964,2015-06-20T19:00:00Z,-37.86328,-47.69848,-0.1881,-0.1886,140.70834,2016-09-23T00:00:00Z,SVP
126964,2015-06-20T20:00:00Z,-37.86916,-47.70702,-0.2331,-0.1793,102.0,2016-09-23T00:00:00Z,SVP
126964,2015-06-20T21:00:00Z,-37.87427,-47.71988,-0.308,-0.1399,133.66667,2016-09-23T00:00:00Z,SVP
126964,2015-06-20T22:00:00Z,-37.8787,-47.72784,-0.1001,-0.2079,115.958336,2016-09-23T00:00:00Z,SVP
126964,2015-06-20T23:00:00Z,-37.88492,-47.73178,-0.1101,-0.1679,179.41666,2016-09-23T00:00:00Z,SVP
126964,2015-06-21T00:00:00Z,-37.88911,-47.73638,-0.1918,0.0088,112.5,2016-09-23T00:00:00Z,SVP
126964,2015-06-21T01:00:00Z,-37.88985,-47.74464,-0.204,-0.0364,140.70834,2016-09-23T00:00:00Z,SVP
126964,2015-06-21T02:00:00Z,-37.8922,-47.7529,-0.179,-0.0541,115.958336,2016-09-23T00:00:00Z,SVP
126964,2015-06-21T03:00:00Z,-37.89248,-47.75995,-0.1707,0.0087,323.41666,2016-09-23T00:00:00Z,SVP
126964,2015-06-21T04:00:00Z,-37.89181,-47.7653,-0.1709,0.0055,323.41666,2016-09-23T00:00:00Z,SVP
126964,2015-06-21T05:00:00Z,-37.89123,-47.7736,-0.1828,0.0352,242.54167,2016-09-23T00:00:00Z,SVP
126964,2015-06-21T06:00:00Z,-37.89057,-47.78377,-0.26,0.0639,147.58333,2016-09-23T00:00:00Z,SVP
126964,2015-06-21T07:00:00Z,-37.888,-47.78898,-0.3735,0.0432,242.54167,2016-09-23T00:00:00Z,SVP
126964,2015-06-21T08:00:00Z,-37.88654,-47.80496,-0.3685,0.0393,242.54167,2016-09-23T00:00:00Z,SVP
126964,2015-06-21T09:00:00Z,-37.88602,-47.82054,-0.4046,-0.0122,214.5,2016-09-23T00:00:00Z,SVP
126964,2015-06-21T10:00:00Z,-37.8881,-47.83691,-0.3921,-0.0077,168.75,2016-09-23T00:00:00Z,SVP
126964,2015-06-21T11:00:00Z,-37.88642,-47.85314,-0.3907,-0.0074,168.75,2016-09-23T00:00:00Z,SVP
126964,2015-06-21T12:00:00Z,-37.88834,-47.86677,-0.3272,-0.1281,123.0,2016-09-23T00:00:00Z,SVP
126964,2015-06-21T13:00:00Z,-37.89226,-47.881,-0.3687,-0.1183,126.58333,2016-09-23T00:00:00Z,SVP
126964,2015-06-21T14:00:00Z,-37.89645,-47.90213,-0.2607,-0.0877,467.5417,2016-09-23T00:00:00Z,SVP
126964,2015-06-21T15:00:00Z,-37.89906,-47.91291,-0.2557,-0.0883,467.5417,2016-09-23T00:00:00Z,SVP
126964,2015-06-21T16:00:00Z,-37.90202,-47.9255,-0.245,-0.0875,467.5417,2016-09-23T00:00:00Z,SVP
126964,2015-06-21T17:00:00Z,-37.90484,-47.93615,-0.0836,-0.0497,246.16667,2016-09-23T00:00:00Z,SVP
126964,2015-06-21T18:00:00Z,-37.90658,-47.94057,-0.0706,-0.0476,246.16667,2016-09-23T00:00:00Z,SVP
126964,2015-06-21T19:00:00Z,-37.90834,-47.94194,-0.0409,-0.0556,193.33334,2016-09-23T00:00:00Z,SVP
126964,2015-06-21T20:00:00Z,-37.91063,-47.95813,-0.2577,-0.0808,126.58333,2016-09-23T00:00:00Z,SVP
126964,2015-06-21T21:00:00Z,-37.91242,-47.96847,-0.2048,-0.0319,115.958336,2016-09-23T00:00:00Z,SVP
126964,2015-06-21T22:00:00Z,-37.9127,-47.9753,-0.1461,0.0246,133.66667,2016-09-23T00:00:00Z,SVP
126964,2015-06-21T23:00:00Z,-37.91147,-47.98157,-0.149,0.03,312.91666,2016-09-23T00:00:00Z,SVP
126964,2015-06-22T00:00:00Z,-37.91086,-47.98741,-0.1478,0.0282,312.91666,2016-09-23T00:00:00Z,SVP
126964,2015-06-22T01:00:00Z,-37.9083,-47.99819,-0.2251,0.049,133.66667,2016-09-23T00:00:00Z,SVP
126964,2015-06-22T02:00:00Z,-37.90705,-48.01449,-0.2758,0.1145,340.95834,2016-09-23T00:00:00Z,SVP
126964,2015-06-22T03:00:00Z,-37.90284,-48.02474,-0.2812,0.112,340.95834,2016-09-23T00:00:00Z,SVP
126964,2015-06-22T04:00:00Z,-37.89905,-48.03524,-0.2914,0.1109,340.95834,2016-09-23T00:00:00Z,SVP
126964,2015-06-22T05:00:00Z,-37.89599,-48.04811,-0.2841,0.1037,249.58333,2016-09-23T00:00:00Z,SVP
126964,2015-06-22T06:00:00Z,-37.89244,-48.05986,-0.2808,0.0792,291.75003,2016-09-23T00:00:00Z,SVP
126964,2015-06-22T07:00:00Z,-37.89017,-48.07104,-0.28,0.0788,291.75003,2016-09-23T00:00:00Z,SVP
126964,2015-06-22T08:00:00Z,-37.8884,-48.08218,-0.2612,0.0392,91.33333,2016-09-23T00:00:00Z,SVP
126964,2015-06-22T09:00:00Z,-37.88921,-48.09258,-0.2493,-0.04,165.16666,2016-09-23T00:00:00Z,SVP
126964,2015-06-22T10:00:00Z,-37.88919,-48.1012,-0.2056,-0.0033,246.16667,2016-09-23T00:00:00Z,SVP
126964,2015-06-22T11:00:00Z,-37.88907,-48.10916,-0.1985,0.0032,246.16667,2016-09-23T00:00:00Z,SVP
126964,2015-06-22T12:00:00Z,-37.88183,-48.10869,-0.3125,0.1723,140.70834,2016-09-23T00:00:00Z,SVP
126964,2015-06-22T13:00:00Z,-37.87598,-48.12229,-0.3511,0.1365,115.958336,2016-09-23T00:00:00Z,SVP
126964,2015-06-22T14:00:00Z,-37.87158,-48.12569,-0.0911,0.1532,492.16663,2016-09-23T00:00:00Z,SVP
126964,2015-06-22T15:00:00Z,-37.8669,-48.12793,-0.1028,0.1535,492.16663,2016-09-23T00:00:00Z,SVP
126964,2015-06-22T16:00:00Z,-37.8623,-48.13144,-0.11,0.1541,492.16663,2016-09-23T00:00:00Z,SVP
126964,2015-06-22T17:00:00Z,-37.8564,-48.13669,-0.1464,0.2094,246.16667,2016-09-23T00:00:00Z,SVP
126964,2015-06-22T18:00:00Z,-37.8496,-48.14272,-0.1496,0.2195,246.16667,2016-09-23T00:00:00Z,SVP
126964,2015-06-22T19:00:00Z,-37.8385,-48.14941,-0.1614,0.302,284.70834,2016-09-23T00:00:00Z,SVP
126964,2015-06-22T20:00:00Z,-37.82839,-48.15697,-0.1654,0.3038,284.70834,2016-09-23T00:00:00Z,SVP
126964,2015-06-22T21:00:00Z,-37.81524,-48.16046,-0.1323,0.3761,144.16667,2016-09-23T00:00:00Z,SVP
126964,2015-06-22T22:00:00Z,-37.80222,-48.16935,-0.3499,0.3096,457.04166,2016-09-23T00:00:00Z,SVP
126964,2015-06-22T23:00:00Z,-37.79251,-48.18397,-0.3502,0.3092,457.04166,2016-09-23T00:00:00Z,SVP
126964,2015-06-23T00:00:00Z,-37.78237,-48.19816,-0.3512,0.3082,457.04166,2016-09-23T00:00:00Z,SVP
126964,2015-06-23T01:00:00Z,-37.77289,-48.21304,-0.379,0.2725,108.91667,2016-09-23T00:00:00Z,SVP
126964,2015-06-23T02:00:00Z,-37.76617,-48.22961,-0.4072,0.1812,140.70834,2016-09-23T00:00:00Z,SVP
126964,2015-06-23T03:00:00Z,-37.76089,-48.24629,-0.3958,0.1461,232.04169,2016-09-23T00:00:00Z,SVP
126964,2015-06-23T04:00:00Z,-37.75594,-48.2626,-0.3645,0.1597,246.16667,2016-09-23T00:00:00Z,SVP
126964,2015-06-23T05:00:00Z,-37.75098,-48.27778,-0.3621,0.1626,246.16667,2016-09-23T00:00:00Z,SVP
126964,2015-06-23T06:00:00Z,-37.74565,-48.29187,-0.3144,0.1915,263.7083,2016-09-23T00:00:00Z,SVP
126964,2015-06-23T07:00:00Z,-37.73831,-48.30425,-0.3142,0.193,263.7083,2016-09-23T00:00:00Z,SVP
126964,2015-06-23T08:00:00Z,-37.73405,-48.31578,-0.2696,0.1512,123.166664,2016-09-23T00:00:00Z,SVP
126964,2015-06-23T09:00:00Z,-37.72999,-48.32542,-0.2083,0.1556,249.58333,2016-09-23T00:00:00Z,SVP
126964,2015-06-23T10:00:00Z,-37.72517,-48.33401,-0.2079,0.1557,249.58333,2016-09-23T00:00:00Z,SVP
126964,2015-06-23T11:00:00Z,-37.71888,-48.34325,-0.2372,0.1918,87.91667,2016-09-23T00:00:00Z,SVP
126964,2015-06-23T12:00:00Z,-37.71379,-48.35899,-0.3546,0.1765,137.08333,2016-09-23T00:00:00Z,SVP
126964,2015-06-23T13:00:00Z,-37.70722,-48.36189,-0.0436,0.2434,759.4583,2016-09-23T00:00:00Z,SVP
126964,2015-06-23T14:00:00Z,-37.69902,-48.37587,-0.2189,0.2441,759.4583,2016-09-23T00:00:00Z,SVP
126964,2015-06-23T15:00:00Z,-37.69091,-48.38517,-0.2189,0.2445,759.4583,2016-09-23T00:00:00Z,SVP
126964,2015-06-23T16:00:00Z,-37.68271,-48.39411,-0.2191,0.245,759.4583,2016-09-23T00:00:00Z,SVP
126964,2015-06-23T17:00:00Z,-37.67414,-48.37018,-0.0479,0.2462,759.4583,2016-09-23T00:00:00Z,SVP
126964,2015-06-23T18:00:00Z,-37.66469,-48.37398,-0.6279,0.2221,256.66666,2016-09-23T00:00:00Z,SVP
126964,2015-06-23T19:00:00Z,-37.65928,-48.41948,-0.2365,0.2366,256.66666,2016-09-23T00:00:00Z,SVP
126964,2015-06-23T20:00:00Z,-37.65194,-48.42899,-0.2043,0.2082,87.91667,2016-09-23T00:00:00Z,SVP
126964,2015-06-23T21:00:00Z,-37.64611,-48.44408,-0.4748,0.1205,105.458336,2016-09-23T00:00:00Z,SVP
126964,2015-06-23T22:00:00Z,-37.64415,-48.46294,-0.4716,0.0119,52.791668,2016-09-23T00:00:00Z,SVP
126964,2015-06-23T23:00:00Z,-37.64383,-48.48188,-0.456,0.0414,323.41666,2016-09-23T00:00:00Z,SVP
126964,2015-06-24T00:00:00Z,-37.64226,-48.50115,-0.4561,0.0404,323.41666,2016-09-23T00:00:00Z,SVP
126964,2015-06-24T01:00:00Z,-37.6426,-48.51787,-0.4496,-0.0305,119.54167,2016-09-23T00:00:00Z,SVP
126964,2015-06-24T02:00:00Z,-37.64582,-48.53738,-0.4421,-0.084,133.66667,2016-09-23T00:00:00Z,SVP
126964,2015-06-24T03:00:00Z,-37.64733,-48.55349,-0.3664,-0.0437,246.16667,2016-09-23T00:00:00Z,SVP
126964,2015-06-24T04:00:00Z,-37.64611,-48.56939,-0.2623,0.2438,253.20834,2016-09-23T00:00:00Z,SVP
126964,2015-06-24T05:00:00Z,-37.6376,-48.57873,-0.2867,0.2346,253.20834,2016-09-23T00:00:00Z,SVP
126964,2015-06-24T06:00:00Z,-37.63042,-48.58928,-0.2336,0.2352,144.16667,2016-09-23T00:00:00Z,SVP
126964,2015-06-24T07:00:00Z,-37.62371,-48.59788,-0.0688,0.1884,154.66667,2016-09-23T00:00:00Z,SVP
126964,2015-06-24T08:00:00Z,-37.61082,-48.60122,-0.0789,0.3696,66.75,2016-09-23T00:00:00Z,SVP
126964,2015-06-24T09:00:00Z,-37.60501,-48.60972,-0.2528,0.5025,249.58333,2016-09-23T00:00:00Z,SVP
126964,2015-06-24T10:00:00Z,-37.58675,-48.62767,-0.3161,0.4498,249.58333,2016-09-23T00:00:00Z,SVP
126964,2015-06-24T11:00:00Z,-37.57279,-48.63039,-0.2411,0.5009,246.16667,2016-09-23T00:00:00Z,SVP
126964,2015-06-24T12:00:00Z,-37.55733,-48.63987,-0.1782,0.4451,108.91667,2016-09-23T00:00:00Z,SVP
126964,2015-06-24T13:00:00Z,-37.54508,-48.64791,-0.1942,0.3459,147.58333,2016-09-23T00:00:00Z,SVP
126964,2015-06-24T14:00:00Z,-37.53314,-48.65577,-0.1722,0.3433,643.3334,2016-09-23T00:00:00Z,SVP
126964,2015-06-24T15:00:00Z,-37.52202,-48.66337,-0.1744,0.3436,643.3334,2016-09-23T00:00:00Z,SVP
126964,2015-06-24T16:00:00Z,-37.51108,-48.67093,-0.1756,0.3432,643.3334,2016-09-23T00:00:00Z,SVP
126964,2015-06-24T17:00:00Z,-37.50041,-48.67866,-0.1765,0.3425,643.3334,2016-09-23T00:00:00Z,SVP
126964,2015-06-24T18:00:00Z,-37.49039,-48.68512,-0.0722,0.3322,260.0833,2016-09-23T00:00:00Z,SVP
126964,2015-06-24T19:00:00Z,-37.47861,-48.68714,-0.081,0.3352,260.0833,2016-09-23T00:00:00Z,SVP
126964,2015-06-24T20:00:00Z,-37.46997,-48.6901,-0.0581,0.2358,126.58333,2016-09-23T00:00:00Z,SVP
126964,2015-06-24T21:00:00Z,-37.4624,-48.69292,-0.0572,0.2574,66.75,2016-09-23T00:00:00Z,SVP
126964,2015-06-24T22:00:00Z,-37.45523,-48.6933,-0.0092,0.209,102.0,2016-09-23T00:00:00Z,SVP
126964,2015-06-24T23:00:00Z,-37.44706,-48.69404,-4.0E-4,0.2752,214.5,2016-09-23T00:00:00Z,SVP
126964,2015-06-25T00:00:00Z,-37.4377,-48.69506,0.0815,0.2842,126.58333,2016-09-23T00:00:00Z,SVP
126964,2015-06-25T01:00:00Z,-37.42963,-48.68888,0.0314,0.2436,126.58333,2016-09-23T00:00:00Z,SVP
126964,2015-06-25T02:00:00Z,-37.42021,-48.68766,0.0323,0.3012,119.54167,2016-09-23T00:00:00Z,SVP
126964,2015-06-25T03:00:00Z,-37.40954,-48.6825,0.1698,0.5211,168.75,2016-09-23T00:00:00Z,SVP
126964,2015-06-25T04:00:00Z,-37.39315,-48.67493,0.1292,0.5281,246.16667,2016-09-23T00:00:00Z,SVP
126964,2015-06-25T05:00:00Z,-37.37545,-48.67027,0.1361,0.5276,246.16667,2016-09-23T00:00:00Z,SVP
126964,2015-06-25T06:00:00Z,-37.35966,-48.66655,0.0618,0.5237,133.66667,2016-09-23T00:00:00Z,SVP
126964,2015-06-25T07:00:00Z,-37.33843,-48.66583,0.033,0.587,249.58333,2016-09-23T00:00:00Z,SVP
126964,2015-06-25T08:00:00Z,-37.31808,-48.66349,0.2519,0.5671,267.16666,2016-09-23T00:00:00Z,SVP
126964,2015-06-25T09:00:00Z,-37.30189,-48.64907,0.1825,0.5807,267.16666,2016-09-23T00:00:00Z,SVP
126964,2015-06-25T10:00:00Z,-37.28243,-48.63924,0.3003,0.6,246.16667,2016-09-23T00:00:00Z,SVP
126964,2015-06-25T11:00:00Z,-37.26218,-48.63207,0.2567,0.6085,246.16667,2016-09-23T00:00:00Z,SVP
126964,2015-06-25T12:00:00Z,-37.23942,-48.62067,0.229,0.6849,144.16667,2016-09-23T00:00:00Z,SVP
126964,2015-06-25T13:00:00Z,-37.21724,-48.61339,0.2381,0.7113,137.08333,2016-09-23T00:00:00Z,SVP
126964,2015-06-25T14:00:00Z,-37.19452,-48.60315,0.2409,0.6958,667.9583,2016-09-23T00:00:00Z,SVP
126964,2015-06-25T15:00:00Z,-37.17176,-48.59317,0.2416,0.6971,667.9583,2016-09-23T00:00:00Z,SVP
126964,2015-06-25T16:00:00Z,-37.14886,-48.58335,0.2418,0.6985,667.9583,2016-09-23T00:00:00Z,SVP
126964,2015-06-25T17:00:00Z,-37.12564,-48.57369,0.2418,0.7004,667.9583,2016-09-23T00:00:00Z,SVP
126964,2015-06-25T18:00:00Z,-37.10175,-48.55916,0.4686,0.7177,246.16667,2016-09-23T00:00:00Z,SVP
126964,2015-06-25T19:00:00Z,-37.08362,-48.52941,0.3468,0.6857,246.16667,2016-09-23T00:00:00Z,SVP
126964,2015-06-25T20:00:00Z,-37.05284,-48.52302,0.4225,0.761,140.70834,2016-09-23T00:00:00Z,SVP
126964,2015-06-25T21:00:00Z,-37.02949,-48.50673,0.416,0.7049,200.41666,2016-09-23T00:00:00Z,SVP
126964,2015-06-25T22:00:00Z,-37.00711,-48.48966,0.4389,0.6534,52.666664,2016-09-23T00:00:00Z,SVP
126964,2015-06-25T23:00:00Z,-36.98682,-48.47137,0.4559,0.612,344.54166,2016-09-23T00:00:00Z,SVP
126964,2015-06-26T00:00:00Z,-36.96725,-48.45288,0.4562,0.6123,344.54166,2016-09-23T00:00:00Z,SVP
126964,2015-06-26T01:00:00Z,-36.94773,-48.43474,0.4552,0.6023,140.70834,2016-09-23T00:00:00Z,SVP
126964,2015-06-26T02:00:00Z,-36.93044,-48.41701,0.448,0.5484,112.5,2016-09-23T00:00:00Z,SVP
126964,2015-06-26T03:00:00Z,-36.9115,-48.39502,0.5275,0.5598,432.4583,2016-09-23T00:00:00Z,SVP
126964,2015-06-26T04:00:00Z,-36.89301,-48.37362,0.5283,0.56,432.4583,2016-09-23T00:00:00Z,SVP
126964,2015-06-26T05:00:00Z,-36.8746,-48.35329,0.5275,0.56,432.4583,2016-09-23T00:00:00Z,SVP
126964,2015-06-26T06:00:00Z,-36.85696,-48.33047,0.5538,0.572,397.3333,2016-09-23T00:00:00Z,SVP
126964,2015-06-26T07:00:00Z,-36.83863,-48.30788,0.5535,0.5725,397.3333,2016-09-23T00:00:00Z,SVP
126964,2015-06-26T08:00:00Z,-36.81981,-48.28597,0.5418,0.5805,207.45834,2016-09-23T00:00:00Z,SVP
126964,2015-06-26T09:00:00Z,-36.80099,-48.2639,0.5378,0.5824,207.45834,2016-09-23T00:00:00Z,SVP
126964,2015-06-26T10:00:00Z,-36.78235,-48.23924,0.6552,0.5701,189.91667,2016-09-23T00:00:00Z,SVP
126964,2015-06-26T11:00:00Z,-36.76389,-48.21118,0.7901,0.5381,56.25,2016-09-23T00:00:00Z,SVP
126964,2015-06-26T12:00:00Z,-36.75272,-48.17908,0.6314,0.2398,133.66667,2016-09-23T00:00:00Z,SVP
126964,2015-06-26T13:00:00Z,-36.74577,-48.15819,0.2503,0.1614,112.5,2016-09-23T00:00:00Z,SVP
126964,2015-06-26T14:00:00Z,-36.74097,-48.14812,0.2247,0.1216,583.6666,2016-09-23T00:00:00Z,SVP
126964,2015-06-26T15:00:00Z,-36.7382,-48.13935,0.2241,0.1108,583.6666,2016-09-23T00:00:00Z,SVP
126964,2015-06-26T16:00:00Z,-36.73622,-48.13057,0.2237,0.0983,583.6666,2016-09-23T00:00:00Z,SVP
126964,2015-06-26T17:00:00Z,-36.7344,-48.12206,0.223,0.0918,583.6666,2016-09-23T00:00:00Z,SVP
126964,2015-06-26T18:00:00Z,-36.7277,-48.11293,0.2179,0.3228,256.66666,2016-09-23T00:00:00Z,SVP
126964,2015-06-26T19:00:00Z,-36.71808,-48.10272,0.217,0.3359,256.66666,2016-09-23T00:00:00Z,SVP
126964,2015-06-26T20:00:00Z,-36.70495,-48.09592,0.1998,0.3967,186.29166,2016-09-23T00:00:00Z,SVP
126964,2015-06-26T21:00:00Z,-36.6907,-48.089,0.1567,0.4565,196.95833,2016-09-23T00:00:00Z,SVP
126964,2015-06-26T22:00:00Z,-36.67636,-48.08038,0.499,0.3418,327.0,2016-09-23T00:00:00Z,SVP
126964,2015-06-26T23:00:00Z,-36.66514,-48.05759,0.4766,0.3409,327.0,2016-09-23T00:00:00Z,SVP
126964,2015-06-27T00:00:00Z,-36.6532,-48.03752,0.4689,0.3404,327.0,2016-09-23T00:00:00Z,SVP
126964,2015-06-27T01:00:00Z,-36.64903,-48.02379,0.2039,0.0732,116.083336,2016-09-23T00:00:00Z,SVP
126964,2015-06-27T02:00:00Z,-36.64976,-48.01525,0.1708,0.1356,464.08337,2016-09-23T00:00:00Z,SVP
126964,2015-06-27T03:00:00Z,-36.64473,-48.00832,0.1707,0.1334,464.08337,2016-09-23T00:00:00Z,SVP
126964,2015-06-27T04:00:00Z,-36.64052,-48.00124,0.1709,0.1354,464.08337,2016-09-23T00:00:00Z,SVP
126964,2015-06-27T05:00:00Z,-36.6358,-47.99526,0.0355,0.2006,253.20834,2016-09-23T00:00:00Z,SVP
126964,2015-06-27T06:00:00Z,-36.62725,-47.99547,0.0329,0.2369,253.20834,2016-09-23T00:00:00Z,SVP
126964,2015-06-27T07:00:00Z,-36.60842,-47.99294,0.048,0.4233,126.58333,2016-09-23T00:00:00Z,SVP
126964,2015-06-27T08:00:00Z,-36.5935,-47.98679,0.2156,0.4903,172.20833,2016-09-23T00:00:00Z,SVP
126964,2015-06-27T09:00:00Z,-36.57732,-47.97934,0.3404,0.2963,0.0,2016-09-23T00:00:00Z,SVP
126964,2015-06-27T10:00:00Z,-36.56994,-47.96467,0.3455,0.2009,175.79167,2016-09-23T00:00:00Z,SVP
126964,2015-06-27T11:00:00Z,-36.56647,-47.95097,0.3523,0.1088,189.91667,2016-09-23T00:00:00Z,SVP
126964,2015-06-27T12:00:00Z,-36.56584,-47.93796,0.3062,-0.0127,137.08333,2016-09-23T00:00:00Z,SVP
126964,2015-06-27T13:00:00Z,-36.56644,-47.94004,0.1021,-0.0312,119.54167,2016-09-23T00:00:00Z,SVP
126964,2015-06-27T14:00:00Z,-36.55653,-47.93511,0.1408,0.3026,601.2084,2016-09-23T00:00:00Z,SVP
126964,2015-06-27T15:00:00Z,-36.54586,-47.9294,0.1415,0.3013,601.2084,2016-09-23T00:00:00Z,SVP
126964,2015-06-27T16:00:00Z,-36.52555,-47.92407,0.1414,0.4013,601.2084,2016-09-23T00:00:00Z,SVP
126964,2015-06-27T17:00:00Z,-36.51191,-47.91919,0.1413,0.3783,601.2084,2016-09-23T00:00:00Z,SVP
126964,2015-06-27T18:00:00Z,-36.51006,-47.90854,0.2503,-0.0193,256.66666,2016-09-23T00:00:00Z,SVP
126964,2015-06-27T19:00:00Z,-36.51007,-47.8971,0.156,-0.0019,126.58333,2016-09-23T00:00:00Z,SVP
126964,2015-06-27T20:00:00Z,-36.50985,-47.89208,0.0907,0.1257,239.08334,2016-09-23T00:00:00Z,SVP
126964,2015-06-27T21:00:00Z,-36.50473,-47.88791,0.0947,0.1373,239.08334,2016-09-23T00:00:00Z,SVP
126964,2015-06-27T22:00:00Z,-36.49234,-47.88508,0.0738,0.4253,365.70834,2016-09-23T00:00:00Z,SVP
126964,2015-06-27T23:00:00Z,-36.47805,-47.88325,0.0683,0.4225,365.70834,2016-09-23T00:00:00Z,SVP
126964,2015-06-28T00:00:00Z,-36.46491,-47.88319,0.2412,0.4386,137.08333,2016-09-23T00:00:00Z,SVP
126964,2015-06-28T01:00:00Z,-36.45279,-47.87225,0.2976,0.2143,115.958336,2016-09-23T00:00:00Z,SVP
126964,2015-06-28T02:00:00Z,-36.44759,-47.86078,0.2642,0.0888,137.08333,2016-09-23T00:00:00Z,SVP
126964,2015-06-28T03:00:00Z,-36.44104,-47.85709,0.0036,0.1885,351.58334,2016-09-23T00:00:00Z,SVP
126964,2015-06-28T04:00:00Z,-36.44327,-47.85715,0.0047,0.0612,351.58334,2016-09-23T00:00:00Z,SVP
126964,2015-06-28T05:00:00Z,-36.43863,-47.85647,0.0163,0.3724,383.25,2016-09-23T00:00:00Z,SVP
126964,2015-06-28T06:00:00Z,-36.42658,-47.85587,0.017,0.3731,383.25,2016-09-23T00:00:00Z,SVP
126964,2015-06-28T07:00:00Z,-36.41489,-47.85608,0.0146,0.3764,383.25,2016-09-23T00:00:00Z,SVP
126964,2015-06-28T08:00:00Z,-36.40254,-47.85221,0.1173,0.3736,249.58333,2016-09-23T00:00:00Z,SVP
126964,2015-06-28T09:00:00Z,-36.3895,-47.84698,0.155,0.2454,333.9167,2016-09-23T00:00:00Z,SVP
126964,2015-06-28T10:00:00Z,-36.38232,-47.83996,0.1593,0.2416,333.9167,2016-09-23T00:00:00Z,SVP
126964,2015-06-28T11:00:00Z,-36.37403,-47.82381,0.2291,0.2361,333.9167,2016-09-23T00:00:00Z,SVP
126964,2015-06-28T12:00:00Z,-36.37051,-47.82828,0.1543,0.0223,133.66667,2016-09-23T00:00:00Z,SVP
126964,2015-06-28T13:00:00Z,-36.36963,-47.8226,0.0764,0.3566,632.8333,2016-09-23T00:00:00Z,SVP
126964,2015-06-28T14:00:00Z,-36.35727,-47.82047,0.0746,0.3539,632.8333,2016-09-23T00:00:00Z,SVP
126964,2015-06-28T15:00:00Z,-36.34521,-47.81821,0.0726,0.3504,632.8333,2016-09-23T00:00:00Z,SVP
126964,2015-06-28T16:00:00Z,-36.33164,-47.81986,0.0461,0.3173,632.8333,2016-09-23T00:00:00Z,SVP
126964,2015-06-28T17:00:00Z,-36.32111,-47.82013,0.0393,0.3142,632.8333,2016-09-23T00:00:00Z,SVP
126964,2015-06-28T18:00:00Z,-36.31223,-47.81134,0.1988,0.336,242.54167,2016-09-23T00:00:00Z,SVP
126964,2015-06-28T19:00:00Z,-36.30457,-47.80395,0.1331,0.0468,140.70834,2016-09-23T00:00:00Z,SVP
126964,2015-06-28T20:00:00Z,-36.30282,-47.80024,0.0654,0.033,193.33334,2016-09-23T00:00:00Z,SVP
126964,2015-06-28T21:00:00Z,-36.30215,-47.79795,0.0415,0.0525,52.791668,2016-09-23T00:00:00Z,SVP
126964,2015-06-28T22:00:00Z,-36.29233,-47.80087,-0.1122,0.3474,196.95833,2016-09-23T00:00:00Z,SVP
126964,2015-06-28T23:00:00Z,-36.28968,-47.80087,-0.0692,0.5776,267.16666,2016-09-23T00:00:00Z,SVP
126964,2015-06-29T00:00:00Z,-36.2698,-47.81273,-0.1448,0.5557,267.16666,2016-09-23T00:00:00Z,SVP
126964,2015-06-29T01:00:00Z,-36.25219,-47.81201,0.1025,0.5595,246.16667,2016-09-23T00:00:00Z,SVP
126964,2015-06-29T02:00:00Z,-36.23469,-47.80737,0.0798,0.1411,379.66666,2016-09-23T00:00:00Z,SVP
126964,2015-06-29T03:00:00Z,-36.23023,-47.80457,0.0767,0.1374,379.66666,2016-09-23T00:00:00Z,SVP
126964,2015-06-29T04:00:00Z,-36.22504,-47.80084,0.0763,0.1337,379.66666,2016-09-23T00:00:00Z,SVP
126964,2015-06-29T05:00:00Z,-36.2213,-47.79952,-0.0353,0.1059,242.54167,2016-09-23T00:00:00Z,SVP
126964,2015-06-29T06:00:00Z,-36.22148,-47.80112,-0.036,0.0938,242.54167,2016-09-23T00:00:00Z,SVP
126964,2015-06-29T07:00:00Z,-36.21265,-47.80431,-0.0871,0.3611,140.70834,2016-09-23T00:00:00Z,SVP
126964,2015-06-29T08:00:00Z,-36.19983,-47.80937,-0.1203,0.3875,249.58333,2016-09-23T00:00:00Z,SVP
126964,2015-06-29T09:00:00Z,-36.18669,-47.81299,0.12,0.4268,63.291664,2016-09-23T00:00:00Z,SVP
126964,2015-06-29T10:00:00Z,-36.16755,-47.8085,0.1123,0.5778,239.08334,2016-09-23T00:00:00Z,SVP
126964,2015-06-29T11:00:00Z,-36.14898,-47.80448,-0.0022,0.549,140.70834,2016-09-23T00:00:00Z,SVP
126964,2015-06-29T12:00:00Z,-36.13272,-47.80459,0.0611,0.4618,112.5,2016-09-23T00:00:00Z,SVP
126964,2015-06-29T13:00:00Z,-36.11885,-47.79927,0.1587,0.3871,137.08333,2016-09-23T00:00:00Z,SVP
126964,2015-06-29T14:00:00Z,-36.10908,-47.79979,-0.0692,0.2861,530.8334,2016-09-23T00:00:00Z,SVP
126964,2015-06-29T15:00:00Z,-36.10017,-47.80323,-0.0653,0.2852,530.8334,2016-09-23T00:00:00Z,SVP
126964,2015-06-29T16:00:00Z,-36.10398,-47.806,-0.0642,0.1594,530.8334,2016-09-23T00:00:00Z,SVP
126964,2015-06-29T17:00:00Z,-36.09769,-47.80817,-0.0793,0.6413,239.08334,2016-09-23T00:00:00Z,SVP
126964,2015-06-29T18:00:00Z,-36.07659,-47.81126,-0.0789,0.6369,239.08334,2016-09-23T00:00:00Z,SVP
126964,2015-06-29T19:00:00Z,-36.05773,-47.81181,0.0105,0.5611,140.70834,2016-09-23T00:00:00Z,SVP
126964,2015-06-29T20:00:00Z,-36.04351,-47.80953,0.0623,0.4266,147.58333,2016-09-23T00:00:00Z,SVP
126964,2015-06-29T21:00:00Z,-36.03115,-47.80835,-0.0382,0.3092,94.958336,2016-09-23T00:00:00Z,SVP
126964,2015-06-29T22:00:00Z,-36.02295,-47.81042,-0.0309,0.2331,154.66667,2016-09-23T00:00:00Z,SVP
126964,2015-06-29T23:00:00Z,-36.01691,-47.80842,0.0199,0.1977,284.70834,2016-09-23T00:00:00Z,SVP
126964,2015-06-30T00:00:00Z,-36.01038,-47.80776,0.0096,0.2309,116.083336,2016-09-23T00:00:00Z,SVP
126964,2015-06-30T01:00:00Z,-36.00186,-47.81082,-0.1691,0.2995,137.08333,2016-09-23T00:00:00Z,SVP
126964,2015-06-30T02:00:00Z,-35.98898,-47.81736,-0.1507,0.4097,116.083336,2016-09-23T00:00:00Z,SVP
126964,2015-06-30T03:00:00Z,-35.9768,-47.81709,0.0417,0.4157,284.70834,2016-09-23T00:00:00Z,SVP
126964,2015-06-30T04:00:00Z,-35.96123,-47.81562,0.0482,0.4095,284.70834,2016-09-23T00:00:00Z,SVP
126964,2015-06-30T05:00:00Z,-35.95028,-47.80782,0.2105,0.236,242.54167,2016-09-23T00:00:00Z,SVP
126964,2015-06-30T06:00:00Z,-35.94095,-47.79657,0.0747,0.0945,133.66667,2016-09-23T00:00:00Z,SVP
126964,2015-06-30T07:00:00Z,-35.93873,-47.79398,0.0291,0.1464,144.16667,2016-09-23T00:00:00Z,SVP
126964,2015-06-30T08:00:00Z,-35.93053,-47.79401,-0.0627,0.3755,101.833336,2016-09-23T00:00:00Z,SVP
126964,2015-06-30T09:00:00Z,-35.91717,-47.7979,-0.1244,0.4383,270.74997,2016-09-23T00:00:00Z,SVP
126964,2015-06-30T10:00:00Z,-35.90518,-47.80448,-0.1313,0.4197,270.74997,2016-09-23T00:00:00Z,SVP
126964,2015-06-30T11:00:00Z,-35.88913,-47.80631,-0.0,0.4808,270.74997,2016-09-23T00:00:00Z,SVP
126964,2015-06-30T12:00:00Z,-35.87123,-47.80714,0.004,0.4585,270.74997,2016-09-23T00:00:00Z,SVP
126964,2015-06-30T13:00:00Z,-35.85999,-47.80368,-0.0073,0.1876,552.0,2016-09-23T00:00:00Z,SVP
126964,2015-06-30T14:00:00Z,-35.8549,-47.8048,-0.0126,0.1805,552.0,2016-09-23T00:00:00Z,SVP
126964,2015-06-30T15:00:00Z,-35.8502,-47.80535,-0.0135,0.1723,552.0,2016-09-23T00:00:00Z,SVP
126964,2015-06-30T16:00:00Z,-35.84613,-47.80525,-0.0119,0.1645,552.0,2016-09-23T00:00:00Z,SVP
126964,2015-06-30T17:00:00Z,-35.84023,-47.80549,-0.0226,0.3486,249.58333,2016-09-23T00:00:00Z,SVP
126964,2015-06-30T18:00:00Z,-35.82915,-47.81078,-0.0443,0.3551,249.58333,2016-09-23T00:00:00Z,SVP
126964,2015-06-30T19:00:00Z,-35.81307,-47.80779,0.1155,0.504,232.04169,2016-09-23T00:00:00Z,SVP
126964,2015-06-30T20:00:00Z,-35.79687,-47.8032,0.1127,0.5298,151.20834,2016-09-23T00:00:00Z,SVP
126964,2015-06-30T21:00:00Z,-35.7799,-47.79895,0.0723,0.4375,94.958336,2016-09-23T00:00:00Z,SVP
126964,2015-06-30T22:00:00Z,-35.77137,-47.79637,0.0767,0.2126,439.5,2016-09-23T00:00:00Z,SVP
126964,2015-06-30T23:00:00Z,-35.76503,-47.79309,0.0773,0.2128,439.5,2016-09-23T00:00:00Z,SVP
126964,2015-07-01T00:00:00Z,-35.75853,-47.78981,0.0775,0.2134,439.5,2016-09-23T00:00:00Z,SVP
126964,2015-07-01T01:00:00Z,-35.75101,-47.78783,0.0596,0.2025,123.0,2016-09-23T00:00:00Z,SVP
126964,2015-07-01T02:00:00Z,-35.74261,-47.79378,-0.1184,0.2994,126.58333,2016-09-23T00:00:00Z,SVP
126964,2015-07-01T03:00:00Z,-35.73051,-47.79868,-0.1607,0.3777,305.83334,2016-09-23T00:00:00Z,SVP
126964,2015-07-01T04:00:00Z,-35.71912,-47.80336,-0.159,0.3872,305.83334,2016-09-23T00:00:00Z,SVP
126964,2015-07-01T05:00:00Z,-35.70405,-47.8115,-0.1759,0.4682,246.16667,2016-09-23T00:00:00Z,SVP
126964,2015-07-01T06:00:00Z,-35.68836,-47.81912,-0.0209,0.5101,137.08333,2016-09-23T00:00:00Z,SVP
126964,2015-07-01T07:00:00Z,-35.67177,-47.81879,0.0678,0.517,98.416664,2016-09-23T00:00:00Z,SVP
126964,2015-07-01T08:00:00Z,-35.65593,-47.81417,0.1465,0.4747,147.58333,2016-09-23T00:00:00Z,SVP
126964,2015-07-01T09:00:00Z,-35.64238,-47.80672,0.2157,0.307,0.0,2016-09-23T00:00:00Z,SVP
126964,2015-07-01T10:00:00Z,-35.63633,-47.80068,0.1419,0.1408,288.2917,2016-09-23T00:00:00Z,SVP
126964,2015-07-01T11:00:00Z,-35.63131,-47.79329,0.1506,0.1402,288.2917,2016-09-23T00:00:00Z,SVP
126964,2015-07-01T12:00:00Z,-35.62671,-47.78557,-0.0854,0.0864,140.70834,2016-09-23T00:00:00Z,SVP
126964,2015-07-01T13:00:00Z,-35.62044,-47.78803,-0.0414,0.4598,576.5834,2016-09-23T00:00:00Z,SVP
126964,2015-07-01T14:00:00Z,-35.60517,-47.78934,-0.0377,0.4632,576.5834,2016-09-23T00:00:00Z,SVP
126964,2015-07-01T15:00:00Z,-35.59035,-47.79122,-0.04,0.463,576.5834,2016-09-23T00:00:00Z,SVP
126964,2015-07-01T16:00:00Z,-35.5766,-47.79772,-0.0715,0.4575,576.5834,2016-09-23T00:00:00Z,SVP
126964,2015-07-01T17:00:00Z,-35.56148,-47.79791,0.1406,0.4673,239.08334,2016-09-23T00:00:00Z,SVP
126964,2015-07-01T18:00:00Z,-35.54248,-47.79164,-0.0048,0.4858,239.08334,2016-09-23T00:00:00Z,SVP
126964,2015-07-01T19:00:00Z,-35.53487,-47.78576,0.1588,0.3771,212.70833,2016-09-23T00:00:00Z,SVP
126964,2015-07-01T20:00:00Z,-35.52227,-47.77826,0.1797,0.3575,226.79166,2016-09-23T00:00:00Z,SVP
126964,2015-07-01T21:00:00Z,-35.50979,-47.77209,0.2275,0.4451,0.0,2016-09-23T00:00:00Z,SVP
126964,2015-07-01T22:00:00Z,-35.50546,-47.76158,0.2312,0.0968,414.9167,2016-09-23T00:00:00Z,SVP
126964,2015-07-01T23:00:00Z,-35.50249,-47.75217,0.2314,0.0968,414.9167,2016-09-23T00:00:00Z,SVP
126964,2015-07-02T00:00:00Z,-35.49991,-47.74165,0.2355,0.0967,414.9167,2016-09-23T00:00:00Z,SVP
126964,2015-07-02T01:00:00Z,-35.4957,-47.74373,0.0812,0.1211,112.5,2016-09-23T00:00:00Z,SVP
126964,2015-07-02T02:00:00Z,-35.493,-47.73984,0.1429,0.1614,334.04166,2016-09-23T00:00:00Z,SVP
126964,2015-07-02T03:00:00Z,-35.48735,-47.73364,0.1437,0.1605,334.04166,2016-09-23T00:00:00Z,SVP
126964,2015-07-02T04:00:00Z,-35.48223,-47.727,0.1195,0.18,242.54167,2016-09-23T00:00:00Z,SVP
126964,2015-07-02T05:00:00Z,-35.47653,-47.72377,0.1174,0.1798,242.54167,2016-09-23T00:00:00Z,SVP
126964,2015-07-02T06:00:00Z,-35.47041,-47.7226,-0.0053,0.1921,130.04166,2016-09-23T00:00:00Z,SVP
126964,2015-07-02T07:00:00Z,-35.4635,-47.72475,-0.0781,0.2691,172.20833,2016-09-23T00:00:00Z,SVP
126964,2015-07-02T08:00:00Z,-35.45454,-47.72974,-0.0733,0.266,172.20833,2016-09-23T00:00:00Z,SVP
126964,2015-07-02T09:00:00Z,-35.44546,-47.72579,0.1229,0.2825,98.416664,2016-09-23T00:00:00Z,SVP
126964,2015-07-02T10:00:00Z,-35.43588,-47.71796,0.1782,0.2979,242.54167,2016-09-23T00:00:00Z,SVP
126964,2015-07-02T11:00:00Z,-35.42628,-47.71045,0.2499,0.3104,77.41667,2016-09-23T00:00:00Z,SVP
126964,2015-07-02T12:00:00Z,-35.41676,-47.69965,0.254,0.2647,126.58333,2016-09-23T00:00:00Z,SVP
126964,2015-07-02T13:00:00Z,-35.40925,-47.69024,0.2435,0.2007,126.58333,2016-09-23T00:00:00Z,SVP
126964,2015-07-02T14:00:00Z,-35.40725,-47.68596,0.113,0.0679,724.2083,2016-09-23T00:00:00Z,SVP
126964,2015-07-02T15:00:00Z,-35.4057,-47.68139,0.1132,0.0628,724.2083,2016-09-23T00:00:00Z,SVP
126964,2015-07-02T16:00:00Z,-35.40942,-47.67661,0.1141,0.007,724.2083,2016-09-23T00:00:00Z,SVP
126964,2015-07-02T17:00:00Z,-35.40973,-47.65035,0.2479,0.0055,724.2083,2016-09-23T00:00:00Z,SVP
126964,2015-07-02T18:00:00Z,-35.40962,-47.64166,-0.156,0.2311,379.66666,2016-09-23T00:00:00Z,SVP
126964,2015-07-02T19:00:00Z,-35.40179,-47.66509,0.0983,0.2282,379.66666,2016-09-23T00:00:00Z,SVP
126964,2015-07-02T20:00:00Z,-35.3913,-47.66145,0.0985,0.0882,379.66666,2016-09-23T00:00:00Z,SVP
126964,2015-07-02T21:00:00Z,-35.38716,-47.65839,0.0768,0.1703,175.79167,2016-09-23T00:00:00Z,SVP
126964,2015-07-02T22:00:00Z,-35.38045,-47.65544,0.078,0.1844,175.79167,2016-09-23T00:00:00Z,SVP
126964,2015-07-02T23:00:00Z,-35.37777,-47.63546,0.2995,0.1243,242.54167,2016-09-23T00:00:00Z,SVP
126964,2015-07-03T00:00:00Z,-35.3742,-47.6209,0.0907,0.0462,137.08333,2016-09-23T00:00:00Z,SVP
126964,2015-07-03T01:00:00Z,-35.37371,-47.61866,-0.0127,-0.078,116.083336,2016-09-23T00:00:00Z,SVP
126964,2015-07-03T02:00:00Z,-35.37635,-47.61341,0.1379,-0.0871,351.58334,2016-09-23T00:00:00Z,SVP
126964,2015-07-03T03:00:00Z,-35.37904,-47.60592,0.1333,-0.0868,351.58334,2016-09-23T00:00:00Z,SVP
126964,2015-07-03T04:00:00Z,-35.38171,-47.59106,-0.0865,-0.0625,246.16667,2016-09-23T00:00:00Z,SVP
126964,2015-07-03T05:00:00Z,-35.38421,-47.59399,-0.0935,-0.0625,246.16667,2016-09-23T00:00:00Z,SVP
126964,2015-07-03T06:00:00Z,-35.38227,-47.5974,-0.0893,0.1321,376.2083,2016-09-23T00:00:00Z,SVP
126964,2015-07-03T07:00:00Z,-35.37781,-47.60137,-0.091,0.132,376.2083,2016-09-23T00:00:00Z,SVP
126964,2015-07-03T08:00:00Z,-35.37339,-47.60439,0.1491,0.166,123.166664,2016-09-23T00:00:00Z,SVP
126964,2015-07-03T09:00:00Z,-35.36716,-47.59463,0.1715,0.2008,249.58333,2016-09-23T00:00:00Z,SVP
126964,2015-07-03T10:00:00Z,-35.36114,-47.59203,0.1469,0.1985,249.58333,2016-09-23T00:00:00Z,SVP
126964,2015-07-03T11:00:00Z,-35.35366,-47.57913,0.3592,0.2062,102.0,2016-09-23T00:00:00Z,SVP
126964,2015-07-03T12:00:00Z,-35.34834,-47.56532,0.2615,0.0095,108.91667,2016-09-23T00:00:00Z,SVP
126966,2015-05-18T16:00:00Z,-27.00077,-45.8901,0.1957,-0.2342,539.99994,2016-03-16T00:00:00Z,SVP
126966,2015-05-18T17:00:00Z,-27.00858,-45.88107,0.2195,-0.2239,241.20834,2016-03-16T00:00:00Z,SVP
126966,2015-05-18T18:00:00Z,-27.01532,-45.87194,0.198,-0.1971,165.58333,2016-03-16T00:00:00Z,SVP
126966,2015-05-18T19:00:00Z,-27.02178,-45.86667,0.1772,-0.1929,165.58333,2016-03-16T00:00:00Z,SVP
126966,2015-05-18T20:00:00Z,-27.02481,-45.86103,0.1863,-0.1132,169.20834,2016-03-16T00:00:00Z,SVP
126966,2015-05-18T21:00:00Z,-27.02893,-45.85515,0.0777,-0.1631,82.791664,2016-03-16T00:00:00Z,SVP
126966,2015-05-18T22:00:00Z,-27.03401,-45.85197,0.0708,-0.1587,446.4167,2016-03-16T00:00:00Z,SVP
126966,2015-05-18T23:00:00Z,-27.03932,-45.84946,0.0709,-0.1591,446.4167,2016-03-16T00:00:00Z,SVP
126966,2015-05-19T00:00:00Z,-27.04488,-45.8475,0.0689,-0.1599,446.4167,2016-03-16T00:00:00Z,SVP
126966,2015-05-19T01:00:00Z,-27.04983,-45.84194,0.1014,-0.1686,147.58333,2016-03-16T00:00:00Z,SVP
126966,2015-05-19T02:00:00Z,-27.05988,-45.84432,0.17,-0.1487,259.20834,2016-03-16T00:00:00Z,SVP
126966,2015-05-19T03:00:00Z,-27.06411,-45.83717,0.1624,-0.1496,259.20834,2016-03-16T00:00:00Z,SVP
126966,2015-05-19T04:00:00Z,-27.07034,-45.832,0.1842,-0.152,252.0,2016-03-16T00:00:00Z,SVP
126966,2015-05-19T05:00:00Z,-27.0736,-45.82505,0.1817,-0.1409,252.0,2016-03-16T00:00:00Z,SVP
126966,2015-05-19T06:00:00Z,-27.08228,-45.81996,0.1218,-0.2593,154.79166,2016-03-16T00:00:00Z,SVP
126966,2015-05-19T07:00:00Z,-27.09035,-45.81776,0.0299,-0.2308,201.58334,2016-03-16T00:00:00Z,SVP
126966,2015-05-19T08:00:00Z,-27.09788,-45.81688,0.0341,-0.2399,201.58334,2016-03-16T00:00:00Z,SVP
126966,2015-05-19T09:00:00Z,-27.10996,-45.81217,0.0108,-0.5088,0.0,2016-03-16T00:00:00Z,SVP
126966,2015-05-19T10:00:00Z,-27.12703,-45.81112,0.0356,-0.4838,248.41667,2016-03-16T00:00:00Z,SVP
126966,2015-05-19T11:00:00Z,-27.13793,-45.7972,0.2655,-0.0726,122.416664,2016-03-16T00:00:00Z,SVP
126966,2015-05-19T12:00:00Z,-27.14043,-45.78743,0.1698,-0.1432,136.79167,2016-03-16T00:00:00Z,SVP
126966,2015-05-19T13:00:00Z,-27.14516,-45.78318,0.1105,-0.155,118.79167,2016-03-16T00:00:00Z,SVP
126966,2015-05-19T14:00:00Z,-27.15008,-45.77335,0.2406,-0.1426,450.0,2016-03-16T00:00:00Z,SVP
126966,2015-05-19T15:00:00Z,-27.1543,-45.76395,0.2438,-0.1397,450.0,2016-03-16T00:00:00Z,SVP
126966,2015-05-19T16:00:00Z,-27.15768,-45.75557,0.2438,-0.1329,450.0,2016-03-16T00:00:00Z,SVP
126966,2015-05-19T17:00:00Z,-27.16606,-45.74567,0.2756,-0.2072,252.0,2016-03-16T00:00:00Z,SVP
126966,2015-05-19T18:00:00Z,-27.17249,-45.73464,0.2638,-0.2429,158.41667,2016-03-16T00:00:00Z,SVP
126966,2015-05-19T19:00:00Z,-27.18107,-45.72608,0.3163,-0.1511,176.41667,2016-03-16T00:00:00Z,SVP
126966,2015-05-19T20:00:00Z,-27.18551,-45.71421,0.3196,-0.1485,176.41667,2016-03-16T00:00:00Z,SVP
126966,2015-05-19T21:00:00Z,-27.18835,-45.70175,0.1905,-0.15,144.0,2016-03-16T00:00:00Z,SVP
126966,2015-05-19T22:00:00Z,-27.19287,-45.69804,0.2585,-0.1697,324.0,2016-03-16T00:00:00Z,SVP
126966,2015-05-19T23:00:00Z,-27.19844,-45.688,0.2559,-0.17,324.0,2016-03-16T00:00:00Z,SVP
126966,2015-05-20T00:00:00Z,-27.20455,-45.67924,0.2335,-0.2199,136.79167,2016-03-16T00:00:00Z,SVP
126966,2015-05-20T01:00:00Z,-27.21163,-45.67121,0.1638,-0.2233,111.583336,2016-03-16T00:00:00Z,SVP
126966,2015-05-20T02:00:00Z,-27.21879,-45.66508,0.1857,-0.1074,280.79166,2016-03-16T00:00:00Z,SVP
126966,2015-05-20T03:00:00Z,-27.22122,-45.65869,0.1873,-0.1138,280.79166,2016-03-16T00:00:00Z,SVP
126966,2015-05-20T04:00:00Z,-27.22547,-45.65129,0.2221,-0.139,255.58333,2016-03-16T00:00:00Z,SVP
126966,2015-05-20T05:00:00Z,-27.23013,-45.64313,0.2238,-0.1469,255.58333,2016-03-16T00:00:00Z,SVP
126966,2015-05-20T06:00:00Z,-27.23809,-45.63321,0.2766,-0.2419,417.58334,2016-03-16T00:00:00Z,SVP
126966,2015-05-20T07:00:00Z,-27.24625,-45.62306,0.2776,-0.2421,417.58334,2016-03-16T00:00:00Z,SVP
126966,2015-05-20T08:00:00Z,-27.25461,-45.61432,0.2709,-0.2988,72.0,2016-03-16T00:00:00Z,SVP
126966,2015-05-20T09:00:00Z,-27.26485,-45.60255,0.2674,-0.3257,248.41667,2016-03-16T00:00:00Z,SVP
126966,2015-05-20T10:00:00Z,-27.27731,-45.59477,0.2848,-0.3408,248.41667,2016-03-16T00:00:00Z,SVP
126966,2015-05-20T11:00:00Z,-27.28294,-45.58236,0.2562,-0.2366,162.0,2016-03-16T00:00:00Z,SVP
126966,2015-05-20T12:00:00Z,-27.29016,-45.5748,0.2709,-0.185,133.20833,2016-03-16T00:00:00Z,SVP
126966,2015-05-20T13:00:00Z,-27.29692,-45.56338,0.3559,-0.331,705.5834,2016-03-16T00:00:00Z,SVP
126966,2015-05-20T14:00:00Z,-27.30824,-45.55061,0.3554,-0.33,705.5834,2016-03-16T00:00:00Z,SVP
126966,2015-05-20T15:00:00Z,-27.31912,-45.53787,0.3549,-0.3296,705.5834,2016-03-16T00:00:00Z,SVP
126966,2015-05-20T16:00:00Z,-27.32987,-45.52531,0.3541,-0.3294,705.5834,2016-03-16T00:00:00Z,SVP
126966,2015-05-20T17:00:00Z,-27.34056,-45.5133,0.3521,-0.3294,705.5834,2016-03-16T00:00:00Z,SVP
126966,2015-05-20T18:00:00Z,-27.35116,-45.50029,0.4384,-0.3392,306.0,2016-03-16T00:00:00Z,SVP
126966,2015-05-20T19:00:00Z,-27.36207,-45.48423,0.4421,-0.3392,306.0,2016-03-16T00:00:00Z,SVP
126966,2015-05-20T20:00:00Z,-27.3729,-45.46675,0.5064,-0.331,118.79167,2016-03-16T00:00:00Z,SVP
126966,2015-05-20T21:00:00Z,-27.38351,-45.4477,0.5461,-0.3319,126.0,2016-03-16T00:00:00Z,SVP
126966,2015-05-20T22:00:00Z,-27.39391,-45.427,0.5619,-0.3216,352.7917,2016-03-16T00:00:00Z,SVP
126966,2015-05-20T23:00:00Z,-27.40463,-45.40599,0.563,-0.3226,352.7917,2016-03-16T00:00:00Z,SVP
126966,2015-05-21T00:00:00Z,-27.41515,-45.38684,0.5364,-0.3257,129.58333,2016-03-16T00:00:00Z,SVP
126966,2015-05-21T01:00:00Z,-27.42581,-45.37148,0.3497,-0.3119,122.416664,2016-03-16T00:00:00Z,SVP
126966,2015-05-21T02:00:00Z,-27.43604,-45.35273,0.532,-0.3195,558.0,2016-03-16T00:00:00Z,SVP
126966,2015-05-21T03:00:00Z,-27.44597,-45.33265,0.5298,-0.3183,558.0,2016-03-16T00:00:00Z,SVP
126966,2015-05-21T04:00:00Z,-27.45581,-45.31306,0.5288,-0.3171,558.0,2016-03-16T00:00:00Z,SVP
126966,2015-05-21T05:00:00Z,-27.46527,-45.29418,0.5346,-0.3219,392.41666,2016-03-16T00:00:00Z,SVP
126966,2015-05-21T06:00:00Z,-27.47684,-45.2752,0.5338,-0.3208,392.41666,2016-03-16T00:00:00Z,SVP
126966,2015-05-21T07:00:00Z,-27.48797,-45.2557,0.5334,-0.3202,392.41666,2016-03-16T00:00:00Z,SVP
126966,2015-05-21T08:00:00Z,-27.49911,-45.23633,0.5123,-0.3546,252.0,2016-03-16T00:00:00Z,SVP
126966,2015-05-21T09:00:00Z,-27.50838,-45.21806,0.5135,-0.3393,252.0,2016-03-16T00:00:00Z,SVP
126966,2015-05-21T10:00:00Z,-27.52242,-45.19874,0.5264,-0.4518,370.79166,2016-03-16T00:00:00Z,SVP
126966,2015-05-21T11:00:00Z,-27.53782,-45.17949,0.527,-0.4433,370.79166,2016-03-16T00:00:00Z,SVP
126966,2015-05-21T12:00:00Z,-27.55301,-45.15962,0.5592,-0.4885,100.79167,2016-03-16T00:00:00Z,SVP
126966,2015-05-21T13:00:00Z,-27.56935,-45.13896,0.5384,-0.4923,147.58333,2016-03-16T00:00:00Z,SVP
126966,2015-05-21T14:00:00Z,-27.58594,-45.11909,0.514,-0.4806,982.7916,2016-03-16T00:00:00Z,SVP
126966,2015-05-21T15:00:00Z,-27.60091,-45.10032,0.5139,-0.4814,982.7916,2016-03-16T00:00:00Z,SVP
126966,2015-05-21T16:00:00Z,-27.6162,-45.08149,0.5139,-0.4818,982.7916,2016-03-16T00:00:00Z,SVP
126966,2015-05-21T17:00:00Z,-27.6316,-45.06262,0.5139,-0.4822,982.7916,2016-03-16T00:00:00Z,SVP
126966,2015-05-21T18:00:00Z,-27.64701,-45.04367,0.514,-0.4826,982.7916,2016-03-16T00:00:00Z,SVP
126966,2015-05-21T19:00:00Z,-27.66236,-45.02454,0.5142,-0.4833,982.7916,2016-03-16T00:00:00Z,SVP
126966,2015-05-21T20:00:00Z,-27.67727,-45.00469,0.5185,-0.4617,252.0,2016-03-16T00:00:00Z,SVP
126966,2015-05-21T21:00:00Z,-27.69343,-44.98728,0.5165,-0.4643,252.0,2016-03-16T00:00:00Z,SVP
126966,2015-05-21T22:00:00Z,-27.7088,-44.96914,0.5584,-0.4119,370.79166,2016-03-16T00:00:00Z,SVP
126966,2015-05-21T23:00:00Z,-27.72138,-44.94781,0.5533,-0.4158,370.79166,2016-03-16T00:00:00Z,SVP
126966,2015-05-22T00:00:00Z,-27.73475,-44.92732,0.5521,-0.4151,370.79166,2016-03-16T00:00:00Z,SVP
126966,2015-05-22T01:00:00Z,-27.74604,-44.90973,0.3718,-0.3383,935.99994,2016-03-16T00:00:00Z,SVP
126966,2015-05-22T02:00:00Z,-27.75707,-44.89752,0.3739,-0.3384,935.99994,2016-03-16T00:00:00Z,SVP
126966,2015-05-22T03:00:00Z,-27.76805,-44.88408,0.3741,-0.3384,935.99994,2016-03-16T00:00:00Z,SVP
126966,2015-05-22T04:00:00Z,-27.77903,-44.87049,0.3741,-0.3384,935.99994,2016-03-16T00:00:00Z,SVP
126966,2015-05-22T05:00:00Z,-27.79002,-44.85684,0.3741,-0.3384,935.99994,2016-03-16T00:00:00Z,SVP
126966,2015-05-22T06:00:00Z,-27.80103,-44.84317,0.3741,-0.3384,935.99994,2016-03-16T00:00:00Z,SVP
126966,2015-05-22T07:00:00Z,-27.81216,-44.82946,0.374,-0.3385,935.99994,2016-03-16T00:00:00Z,SVP
126966,2015-05-22T08:00:00Z,-27.82335,-44.81571,0.3658,-0.3865,187.20833,2016-03-16T00:00:00Z,SVP
126966,2015-05-22T09:00:00Z,-27.83516,-44.80256,0.2164,-0.4313,284.41666,2016-03-16T00:00:00Z,SVP
126966,2015-05-22T10:00:00Z,-27.84951,-44.79589,0.22,-0.4319,284.41666,2016-03-16T00:00:00Z,SVP
126966,2015-05-22T11:00:00Z,-27.86249,-44.78868,0.1847,-0.375,90.0,2016-03-16T00:00:00Z,SVP
126966,2015-05-22T12:00:00Z,-27.87408,-44.77935,0.3037,-0.3864,122.416664,2016-03-16T00:00:00Z,SVP
126966,2015-05-22T13:00:00Z,-27.88953,-44.76699,0.247,-0.415,133.20833,2016-03-16T00:00:00Z,SVP
126966,2015-05-22T14:00:00Z,-27.89989,-44.75921,0.2124,-0.333,640.7917,2016-03-16T00:00:00Z,SVP
126966,2015-05-22T15:00:00Z,-27.91025,-44.75152,0.2124,-0.3338,640.7917,2016-03-16T00:00:00Z,SVP
126966,2015-05-22T16:00:00Z,-27.92062,-44.74369,0.2122,-0.3355,640.7917,2016-03-16T00:00:00Z,SVP
126966,2015-05-22T17:00:00Z,-27.93081,-44.73569,0.2116,-0.3418,640.7917,2016-03-16T00:00:00Z,SVP
126966,2015-05-22T18:00:00Z,-27.94331,-44.72917,0.1927,-0.349,345.5833,2016-03-16T00:00:00Z,SVP
126966,2015-05-22T19:00:00Z,-27.95527,-44.72244,0.1922,-0.3472,345.5833,2016-03-16T00:00:00Z,SVP
126966,2015-05-22T20:00:00Z,-27.96731,-44.71617,0.1902,-0.3794,183.58333,2016-03-16T00:00:00Z,SVP
126966,2015-05-22T21:00:00Z,-27.97912,-44.70805,0.2062,-0.3731,183.58333,2016-03-16T00:00:00Z,SVP
126966,2015-05-22T22:00:00Z,-27.9905,-44.70177,0.1644,-0.3219,324.0,2016-03-16T00:00:00Z,SVP
126966,2015-05-22T23:00:00Z,-28.00078,-44.69619,0.1679,-0.3229,324.0,2016-03-16T00:00:00Z,SVP
126966,2015-05-23T00:00:00Z,-28.01137,-44.69171,0.1582,-0.3322,111.583336,2016-03-16T00:00:00Z,SVP
126966,2015-05-23T01:00:00Z,-28.0219,-44.68574,-0.0227,-0.3167,126.0,2016-03-16T00:00:00Z,SVP
126966,2015-05-23T02:00:00Z,-28.03038,-44.6951,-0.2583,-0.2653,115.208336,2016-03-16T00:00:00Z,SVP
126966,2015-05-23T03:00:00Z,-28.03953,-44.68976,-0.0493,-0.2649,345.5833,2016-03-16T00:00:00Z,SVP
126966,2015-05-23T04:00:00Z,-28.0486,-44.67998,0.0677,-0.2642,345.5833,2016-03-16T00:00:00Z,SVP
126966,2015-05-23T05:00:00Z,-28.05728,-44.6806,-0.111,-0.284,410.4167,2016-03-16T00:00:00Z,SVP
126966,2015-05-23T06:00:00Z,-28.06594,-44.69665,0.0159,-0.2853,410.4167,2016-03-16T00:00:00Z,SVP
126966,2015-05-23T07:00:00Z,-28.07445,-44.69834,0.0352,-0.2882,410.4167,2016-03-16T00:00:00Z,SVP
126966,2015-05-23T08:00:00Z,-28.08519,-44.69277,-0.0906,-0.3335,176.41667,2016-03-16T00:00:00Z,SVP
126966,2015-05-23T09:00:00Z,-28.09555,-44.6959,-0.0551,-0.325,266.41666,2016-03-16T00:00:00Z,SVP
126966,2015-05-23T10:00:00Z,-28.1077,-44.69957,-0.0373,-0.3396,266.41666,2016-03-16T00:00:00Z,SVP
126966,2015-05-23T11:00:00Z,-28.11486,-44.70062,-0.069,-0.2598,230.41667,2016-03-16T00:00:00Z,SVP
126966,2015-05-23T12:00:00Z,-28.12235,-44.70325,-0.1112,-0.1821,151.20834,2016-03-16T00:00:00Z,SVP
126966,2015-05-23T13:00:00Z,-28.13075,-44.70917,-0.163,-0.2945,108.00001,2016-03-16T00:00:00Z,SVP
126966,2015-05-23T14:00:00Z,-28.13789,-44.71748,-0.1464,-0.3409,543.5834,2016-03-16T00:00:00Z,SVP
126966,2015-05-23T15:00:00Z,-28.15017,-44.72155,-0.1535,-0.3322,543.5834,2016-03-16T00:00:00Z,SVP
126966,2015-05-23T16:00:00Z,-28.16135,-44.72669,-0.1563,-0.329,543.5834,2016-03-16T00:00:00Z,SVP
126966,2015-05-23T17:00:00Z,-28.17239,-44.73187,-0.1602,-0.3255,543.5834,2016-03-16T00:00:00Z,SVP
126966,2015-05-23T18:00:00Z,-28.18234,-44.73894,-0.1812,-0.3383,252.0,2016-03-16T00:00:00Z,SVP
126966,2015-05-23T19:00:00Z,-28.19261,-44.74569,-0.1811,-0.3098,133.20833,2016-03-16T00:00:00Z,SVP
126966,2015-05-23T20:00:00Z,-28.20199,-44.75254,-0.1881,-0.2344,169.20834,2016-03-16T00:00:00Z,SVP
126966,2015-05-23T21:00:00Z,-28.20953,-44.75966,-0.209,-0.247,90.0,2016-03-16T00:00:00Z,SVP
126966,2015-05-23T22:00:00Z,-28.21743,-44.76795,-0.2244,-0.2774,424.79166,2016-03-16T00:00:00Z,SVP
126966,2015-05-23T23:00:00Z,-28.22659,-44.77569,-0.2231,-0.2775,424.79166,2016-03-16T00:00:00Z,SVP
126966,2015-05-24T00:00:00Z,-28.23593,-44.78314,-0.2228,-0.2774,424.79166,2016-03-16T00:00:00Z,SVP
126966,2015-05-24T01:00:00Z,-28.24557,-44.7941,-0.2365,-0.3069,129.58333,2016-03-16T00:00:00Z,SVP
126966,2015-05-24T02:00:00Z,-28.25734,-44.8024,-0.2474,-0.1414,367.20834,2016-03-16T00:00:00Z,SVP
126966,2015-05-24T03:00:00Z,-28.26091,-44.81196,-0.2465,-0.1445,367.20834,2016-03-16T00:00:00Z,SVP
126966,2015-05-24T04:00:00Z,-28.26459,-44.8214,-0.245,-0.1583,367.20834,2016-03-16T00:00:00Z,SVP
126966,2015-05-24T05:00:00Z,-28.27104,-44.83053,-0.2547,-0.1904,262.79166,2016-03-16T00:00:00Z,SVP
126966,2015-05-24T06:00:00Z,-28.27755,-44.83905,-0.252,-0.195,262.79166,2016-03-16T00:00:00Z,SVP
126966,2015-05-24T07:00:00Z,-28.28598,-44.85024,-0.2726,-0.2428,154.79166,2016-03-16T00:00:00Z,SVP
126966,2015-05-24T08:00:00Z,-28.29259,-44.86112,-0.3104,-0.218,136.79167,2016-03-16T00:00:00Z,SVP
126966,2015-05-24T09:00:00Z,-28.30031,-44.87334,-0.366,-0.254,126.0,2016-03-16T00:00:00Z,SVP
126966,2015-05-24T10:00:00Z,-28.30972,-44.88633,-0.3514,-0.2338,266.41666,2016-03-16T00:00:00Z,SVP
126966,2015-05-24T11:00:00Z,-28.31641,-44.89971,-0.3498,-0.2383,266.41666,2016-03-16T00:00:00Z,SVP
126966,2015-05-24T12:00:00Z,-28.32369,-44.91212,-0.3412,-0.2042,136.79167,2016-03-16T00:00:00Z,SVP
126966,2015-05-24T13:00:00Z,-28.32927,-44.92576,-0.3887,-0.2143,118.79167,2016-03-16T00:00:00Z,SVP
126966,2015-05-24T14:00:00Z,-28.33669,-44.93979,-0.3987,-0.2167,568.7917,2016-03-16T00:00:00Z,SVP
126966,2015-05-24T15:00:00Z,-28.34416,-44.9544,-0.3987,-0.2149,568.7917,2016-03-16T00:00:00Z,SVP
126966,2015-05-24T16:00:00Z,-28.35143,-44.96905,-0.3987,-0.2133,568.7917,2016-03-16T00:00:00Z,SVP
126966,2015-05-24T17:00:00Z,-28.35849,-44.98386,-0.4007,-0.2089,237.58334,2016-03-16T00:00:00Z,SVP
126966,2015-05-24T18:00:00Z,-28.36437,-44.99865,-0.4011,-0.2082,237.58334,2016-03-16T00:00:00Z,SVP
126966,2015-05-24T19:00:00Z,-28.37072,-45.01336,-0.4028,-0.1873,165.58333,2016-03-16T00:00:00Z,SVP
126966,2015-05-24T20:00:00Z,-28.37653,-45.02928,-0.4391,-0.1776,115.208336,2016-03-16T00:00:00Z,SVP
126966,2015-05-24T21:00:00Z,-28.38229,-45.04551,-0.4861,-0.1846,54.000004,2016-03-16T00:00:00Z,SVP
126966,2015-05-24T22:00:00Z,-28.38805,-45.06418,-0.4612,-0.177,115.208336,2016-03-16T00:00:00Z,SVP
126966,2015-05-24T23:00:00Z,-28.39274,-45.08154,-0.5388,-0.1342,280.79166,2016-03-16T00:00:00Z,SVP
126966,2015-05-25T00:00:00Z,-28.39764,-45.09941,-0.7296,-0.0795,126.0,2016-03-16T00:00:00Z,SVP
126966,2015-05-25T01:00:00Z,-28.3995,-45.12734,-0.6954,-0.0769,126.0,2016-03-16T00:00:00Z,SVP
126966,2015-05-25T02:00:00Z,-28.40256,-45.15239,-0.6715,-0.1132,388.79166,2016-03-16T00:00:00Z,SVP
126966,2015-05-25T03:00:00Z,-28.40555,-45.17786,-0.6698,-0.1111,388.79166,2016-03-16T00:00:00Z,SVP
126966,2015-05-25T04:00:00Z,-28.40796,-45.20342,-0.6661,-0.1092,388.79166,2016-03-16T00:00:00Z,SVP
126966,2015-05-25T05:00:00Z,-28.41394,-45.22683,-0.6573,-0.1781,266.41666,2016-03-16T00:00:00Z,SVP
126966,2015-05-25T06:00:00Z,-28.4199,-45.25064,-0.6662,-0.1979,144.0,2016-03-16T00:00:00Z,SVP
126966,2015-05-25T07:00:00Z,-28.42666,-45.27553,-0.6679,-0.2352,108.00001,2016-03-16T00:00:00Z,SVP
126966,2015-05-25T08:00:00Z,-28.43424,-45.29849,-0.5797,-0.2591,154.79166,2016-03-16T00:00:00Z,SVP
126966,2015-05-25T09:00:00Z,-28.44202,-45.31966,-0.5464,-0.194,79.208336,2016-03-16T00:00:00Z,SVP
126966,2015-05-25T10:00:00Z,-28.44854,-45.3423,-0.6304,-0.1848,295.20834,2016-03-16T00:00:00Z,SVP
126966,2015-05-25T11:00:00Z,-28.45438,-45.36118,-0.5868,-0.1863,295.20834,2016-03-16T00:00:00Z,SVP
126966,2015-05-25T12:00:00Z,-28.46093,-45.39034,-0.6417,-0.1967,133.20833,2016-03-16T00:00:00Z,SVP
126966,2015-05-25T13:00:00Z,-28.46723,-45.4122,-0.6097,-0.2426,594.0,2016-03-16T00:00:00Z,SVP
126966,2015-05-25T14:00:00Z,-28.47558,-45.43511,-0.6102,-0.2427,594.0,2016-03-16T00:00:00Z,SVP
126966,2015-05-25T15:00:00Z,-28.48358,-45.45774,-0.6104,-0.2428,594.0,2016-03-16T00:00:00Z,SVP
126966,2015-05-25T16:00:00Z,-28.4915,-45.48033,-0.6104,-0.2428,594.0,2016-03-16T00:00:00Z,SVP
126966,2015-05-25T17:00:00Z,-28.49946,-45.50232,-0.5939,-0.258,233.99998,2016-03-16T00:00:00Z,SVP
126966,2015-05-25T18:00:00Z,-28.50772,-45.52349,-0.588,-0.2579,233.99998,2016-03-16T00:00:00Z,SVP
126966,2015-05-25T19:00:00Z,-28.51529,-45.5433,-0.5443,-0.2393,172.79166,2016-03-16T00:00:00Z,SVP
126966,2015-05-25T20:00:00Z,-28.52203,-45.56314,-0.5206,-0.1456,50.416664,2016-03-16T00:00:00Z,SVP
126966,2015-05-25T21:00:00Z,-28.52786,-45.58117,-0.4701,-0.2013,104.41666,2016-03-16T00:00:00Z,SVP
126966,2015-05-25T22:00:00Z,-28.53295,-45.59989,-0.4126,-0.088,233.99998,2016-03-16T00:00:00Z,SVP
126966,2015-05-25T23:00:00Z,-28.53547,-45.61367,-0.4131,-0.0873,233.99998,2016-03-16T00:00:00Z,SVP
126966,2015-05-26T00:00:00Z,-28.53936,-45.62985,-0.4367,-0.1832,129.58333,2016-03-16T00:00:00Z,SVP
126966,2015-05-26T01:00:00Z,-28.54508,-45.6465,-0.4587,-0.1049,115.208336,2016-03-16T00:00:00Z,SVP
126966,2015-05-26T02:00:00Z,-28.54852,-45.66393,-0.4731,-0.0992,442.79166,2016-03-16T00:00:00Z,SVP
126966,2015-05-26T03:00:00Z,-28.55109,-45.68095,-0.4722,-0.0963,442.79166,2016-03-16T00:00:00Z,SVP
126966,2015-05-26T04:00:00Z,-28.55249,-45.69711,-0.4694,-0.0885,442.79166,2016-03-16T00:00:00Z,SVP
126966,2015-05-26T05:00:00Z,-28.55882,-45.71656,-0.4869,-0.1383,241.20834,2016-03-16T00:00:00Z,SVP
126966,2015-05-26T06:00:00Z,-28.56323,-45.7349,-0.5033,-0.156,154.79166,2016-03-16T00:00:00Z,SVP
126966,2015-05-26T07:00:00Z,-28.56819,-45.7521,-0.4321,-0.1638,61.208332,2016-03-16T00:00:00Z,SVP
126966,2015-05-26T08:00:00Z,-28.57649,-45.76595,-0.3657,-0.2702,190.79166,2016-03-16T00:00:00Z,SVP
126966,2015-05-26T09:00:00Z,-28.58466,-45.77932,-0.3613,-0.1614,208.79167,2016-03-16T00:00:00Z,SVP
126966,2015-05-26T10:00:00Z,-28.58977,-45.79301,-0.3617,-0.1599,208.79167,2016-03-16T00:00:00Z,SVP
126966,2015-05-26T11:00:00Z,-28.59512,-45.80468,-0.3211,-0.1588,198.00002,2016-03-16T00:00:00Z,SVP
126966,2015-05-26T12:00:00Z,-28.60058,-45.81553,-0.264,-0.1822,122.416664,2016-03-16T00:00:00Z,SVP
126966,2015-05-26T13:00:00Z,-28.60661,-45.82514,-0.2625,-0.189,615.5833,2016-03-16T00:00:00Z,SVP
126966,2015-05-26T14:00:00Z,-28.61263,-45.83498,-0.2626,-0.189,615.5833,2016-03-16T00:00:00Z,SVP
126966,2015-05-26T15:00:00Z,-28.61866,-45.84475,-0.2625,-0.189,615.5833,2016-03-16T00:00:00Z,SVP
126966,2015-05-26T16:00:00Z,-28.62464,-45.85452,-0.2625,-0.1891,615.5833,2016-03-16T00:00:00Z,SVP
126966,2015-05-26T17:00:00Z,-28.63139,-45.86351,-0.2504,-0.2045,241.20834,2016-03-16T00:00:00Z,SVP
126966,2015-05-26T18:00:00Z,-28.63814,-45.87277,-0.2488,-0.2061,241.20834,2016-03-16T00:00:00Z,SVP
126966,2015-05-26T19:00:00Z,-28.64489,-45.88092,-0.2279,-0.2111,162.0,2016-03-16T00:00:00Z,SVP
126966,2015-05-26T20:00:00Z,-28.64953,-45.88951,-0.2131,-0.1388,194.41666,2016-03-16T00:00:00Z,SVP
126966,2015-05-26T21:00:00Z,-28.65391,-45.89712,-0.1639,-0.1361,57.583332,2016-03-16T00:00:00Z,SVP
126966,2015-05-26T22:00:00Z,-28.65774,-45.90293,-0.1576,-0.101,428.41666,2016-03-16T00:00:00Z,SVP
126966,2015-05-26T23:00:00Z,-28.66108,-45.90888,-0.158,-0.101,428.41666,2016-03-16T00:00:00Z,SVP
126966,2015-05-27T00:00:00Z,-28.66467,-45.91496,-0.1584,-0.1014,428.41666,2016-03-16T00:00:00Z,SVP
126966,2015-05-27T01:00:00Z,-28.66646,-45.92116,-0.2146,-0.0828,453.5833,2016-03-16T00:00:00Z,SVP
126966,2015-05-27T02:00:00Z,-28.66928,-45.92973,-0.2126,-0.0831,453.5833,2016-03-16T00:00:00Z,SVP
126966,2015-05-27T03:00:00Z,-28.67167,-45.93793,-0.2112,-0.0842,453.5833,2016-03-16T00:00:00Z,SVP
126966,2015-05-27T04:00:00Z,-28.67357,-45.94621,-0.2125,-0.1186,252.0,2016-03-16T00:00:00Z,SVP
126966,2015-05-27T05:00:00Z,-28.67801,-45.95333,-0.2178,-0.1141,252.0,2016-03-16T00:00:00Z,SVP
126966,2015-05-27T06:00:00Z,-28.68225,-45.96154,-0.228,-0.1525,151.20834,2016-03-16T00:00:00Z,SVP
126966,2015-05-27T07:00:00Z,-28.68726,-45.96993,-0.2207,-0.1849,255.58333,2016-03-16T00:00:00Z,SVP
126966,2015-05-27T08:00:00Z,-28.69371,-45.97824,-0.2201,-0.1851,255.58333,2016-03-16T00:00:00Z,SVP
126966,2015-05-27T09:00:00Z,-28.69983,-45.98627,-0.2113,-0.1989,457.20834,2016-03-16T00:00:00Z,SVP
126966,2015-05-27T10:00:00Z,-28.70604,-45.99384,-0.2101,-0.1978,457.20834,2016-03-16T00:00:00Z,SVP
126966,2015-05-27T11:00:00Z,-28.71214,-46.00122,-0.2086,-0.1966,457.20834,2016-03-16T00:00:00Z,SVP
126966,2015-05-27T12:00:00Z,-28.71967,-46.00866,-0.1951,-0.2074,115.208336,2016-03-16T00:00:00Z,SVP
126966,2015-05-27T13:00:00Z,-28.72669,-46.01266,-0.166,-0.238,136.79167,2016-03-16T00:00:00Z,SVP
126966,2015-05-27T14:00:00Z,-28.73541,-46.02092,-0.1991,-0.2603,500.4167,2016-03-16T00:00:00Z,SVP
126966,2015-05-27T15:00:00Z,-28.74374,-46.02905,-0.198,-0.2605,500.4167,2016-03-16T00:00:00Z,SVP
126966,2015-05-27T16:00:00Z,-28.75167,-46.03787,-0.1936,-0.2605,500.4167,2016-03-16T00:00:00Z,SVP
126966,2015-05-27T17:00:00Z,-28.7605,-46.04478,-0.0749,-0.2668,244.79167,2016-03-16T00:00:00Z,SVP
126966,2015-05-27T18:00:00Z,-28.7703,-46.04862,-0.0598,-0.2455,410.4167,2016-03-16T00:00:00Z,SVP
126966,2015-05-27T19:00:00Z,-28.77782,-46.05021,-0.0589,-0.2466,410.4167,2016-03-16T00:00:00Z,SVP
126966,2015-05-27T20:00:00Z,-28.78576,-46.05193,-0.0591,-0.2465,410.4167,2016-03-16T00:00:00Z,SVP
126966,2015-05-27T21:00:00Z,-28.79375,-46.05601,-0.2554,-0.2346,565.2083,2016-03-16T00:00:00Z,SVP
126966,2015-05-27T22:00:00Z,-28.80132,-46.06577,-0.255,-0.2345,565.2083,2016-03-16T00:00:00Z,SVP
126966,2015-05-27T23:00:00Z,-28.80892,-46.07536,-0.2549,-0.2345,565.2083,2016-03-16T00:00:00Z,SVP
126966,2015-05-28T00:00:00Z,-28.81657,-46.08479,-0.255,-0.2345,565.2083,2016-03-16T00:00:00Z,SVP
126966,2015-05-28T01:00:00Z,-28.82468,-46.09477,-0.2678,-0.2438,136.79167,2016-03-16T00:00:00Z,SVP
126966,2015-05-28T02:00:00Z,-28.84009,-46.10406,-0.2391,-0.5532,115.208336,2016-03-16T00:00:00Z,SVP
126966,2015-05-28T03:00:00Z,-28.85824,-46.10886,-0.1293,-0.5856,226.79166,2016-03-16T00:00:00Z,SVP
126966,2015-05-28T04:00:00Z,-28.87169,-46.10966,0.198,-0.1274,255.58333,2016-03-16T00:00:00Z,SVP
126966,2015-05-28T05:00:00Z,-28.87183,-46.10139,0.1776,-0.2657,255.58333,2016-03-16T00:00:00Z,SVP
126966,2015-05-28T06:00:00Z,-28.87983,-46.09439,0.2097,-0.1465,151.20834,2016-03-16T00:00:00Z,SVP
126966,2015-05-28T07:00:00Z,-28.88362,-46.08309,0.296,-0.1168,244.79167,2016-03-16T00:00:00Z,SVP
126966,2015-05-28T08:00:00Z,-28.88744,-46.07832,0.2316,-0.1133,244.79167,2016-03-16T00:00:00Z,SVP
126966,2015-05-28T09:00:00Z,-28.88933,-46.0585,0.3605,-0.0271,187.20833,2016-03-16T00:00:00Z,SVP
126966,2015-05-28T10:00:00Z,-28.88806,-46.05197,0.1367,0.0411,248.41667,2016-03-16T00:00:00Z,SVP
126966,2015-05-28T11:00:00Z,-28.88574,-46.04992,0.1302,0.0293,129.58333,2016-03-16T00:00:00Z,SVP
126966,2015-05-28T12:00:00Z,-28.88564,-46.04258,0.0149,0.0623,129.58333,2016-03-16T00:00:00Z,SVP
126966,2015-05-28T13:00:00Z,-28.88406,-46.04297,-0.0208,0.0553,766.7917,2016-03-16T00:00:00Z,SVP
126966,2015-05-28T14:00:00Z,-28.88218,-46.04271,-0.0074,0.0561,766.7917,2016-03-16T00:00:00Z,SVP
126966,2015-05-28T15:00:00Z,-28.88007,-46.04236,-0.0028,0.0583,766.7917,2016-03-16T00:00:00Z,SVP
126966,2015-05-28T16:00:00Z,-28.87774,-46.04187,2.0E-4,0.0607,766.7917,2016-03-16T00:00:00Z,SVP
126966,2015-05-28T17:00:00Z,-28.87515,-46.04114,0.0029,0.0633,766.7917,2016-03-16T00:00:00Z,SVP
126966,2015-05-28T18:00:00Z,-28.87353,-46.04145,-0.1467,-0.1027,399.58334,2016-03-16T00:00:00Z,SVP
126966,2015-05-28T19:00:00Z,-28.87694,-46.04706,-0.1481,-0.1039,399.58334,2016-03-16T00:00:00Z,SVP
126966,2015-05-28T20:00:00Z,-28.87996,-46.05229,-0.1495,-0.1058,399.58334,2016-03-16T00:00:00Z,SVP
126966,2015-05-28T21:00:00Z,-28.88533,-46.05824,-0.1579,-0.161,248.41667,2016-03-16T00:00:00Z,SVP
126966,2015-05-28T22:00:00Z,-28.89194,-46.07315,-0.2183,-0.1575,248.41667,2016-03-16T00:00:00Z,SVP
126966,2015-05-28T23:00:00Z,-28.89707,-46.06949,-0.109,-0.188,313.20834,2016-03-16T00:00:00Z,SVP
126966,2015-05-29T00:00:00Z,-28.9025,-46.07354,-0.1003,-0.1893,313.20834,2016-03-16T00:00:00Z,SVP
126966,2015-05-29T01:00:00Z,-28.91026,-46.07669,-0.1528,-0.2264,129.58333,2016-03-16T00:00:00Z,SVP
126966,2015-05-29T02:00:00Z,-28.91895,-46.08777,0.0393,-0.2782,244.79167,2016-03-16T00:00:00Z,SVP
126966,2015-05-29T03:00:00Z,-28.92642,-46.08644,0.0435,-0.2649,244.79167,2016-03-16T00:00:00Z,SVP
126966,2015-05-29T04:00:00Z,-28.93553,-46.08526,0.0531,-0.3131,255.58333,2016-03-16T00:00:00Z,SVP
126966,2015-05-29T05:00:00Z,-28.9473,-46.08207,0.0475,-0.2984,255.58333,2016-03-16T00:00:00Z,SVP
126966,2015-05-29T06:00:00Z,-28.95634,-46.0807,0.0396,-0.2875,367.20834,2016-03-16T00:00:00Z,SVP
126966,2015-05-29T07:00:00Z,-28.96547,-46.07983,0.0413,-0.2879,367.20834,2016-03-16T00:00:00Z,SVP
126966,2015-05-29T08:00:00Z,-28.97491,-46.07869,0.0274,-0.2832,165.58333,2016-03-16T00:00:00Z,SVP
126966,2015-05-29T09:00:00Z,-28.98313,-46.07742,-0.0156,-0.2624,244.79167,2016-03-16T00:00:00Z,SVP
126966,2015-05-29T10:00:00Z,-28.993,-46.07973,-0.0176,-0.2748,244.79167,2016-03-16T00:00:00Z,SVP
126966,2015-05-29T11:00:00Z,-28.99928,-46.0805,-0.065,-0.208,158.41667,2016-03-16T00:00:00Z,SVP
126966,2015-05-29T12:00:00Z,-29.00587,-46.08376,-0.1073,-0.183,252.0,2016-03-16T00:00:00Z,SVP
126966,2015-05-29T13:00:00Z,-29.01185,-46.08952,-0.1083,-0.1865,252.0,2016-03-16T00:00:00Z,SVP
126966,2015-05-29T14:00:00Z,-29.02468,-46.09165,-0.0973,-0.3197,680.4166,2016-03-16T00:00:00Z,SVP
126966,2015-05-29T15:00:00Z,-29.03605,-46.09459,-0.0941,-0.3184,680.4166,2016-03-16T00:00:00Z,SVP
126966,2015-05-29T16:00:00Z,-29.04709,-46.09796,-0.0934,-0.3179,680.4166,2016-03-16T00:00:00Z,SVP
126966,2015-05-29T17:00:00Z,-29.05838,-46.1018,-0.0944,-0.3179,680.4166,2016-03-16T00:00:00Z,SVP
126966,2015-05-29T18:00:00Z,-29.06905,-46.101,0.2637,-0.2827,331.2083,2016-03-16T00:00:00Z,SVP
126966,2015-05-29T19:00:00Z,-29.07686,-46.09075,0.2572,-0.3068,331.2083,2016-03-16T00:00:00Z,SVP
126966,2015-05-29T20:00:00Z,-29.0864,-46.08192,0.0172,-0.2711,61.208332,2016-03-16T00:00:00Z,SVP
126966,2015-05-29T21:00:00Z,-29.09609,-46.08181,0.0053,-0.3261,194.41666,2016-03-16T00:00:00Z,SVP
126966,2015-05-29T22:00:00Z,-29.10519,-46.08134,0.0417,-0.294,342.0,2016-03-16T00:00:00Z,SVP
126966,2015-05-29T23:00:00Z,-29.11567,-46.07933,0.0414,-0.3008,342.0,2016-03-16T00:00:00Z,SVP
126966,2015-05-30T00:00:00Z,-29.12769,-46.07854,0.0199,-0.299,129.58333,2016-03-16T00:00:00Z,SVP
126966,2015-05-30T01:00:00Z,-29.1349,-46.08129,-0.1864,-0.3068,118.79167,2016-03-16T00:00:00Z,SVP
126966,2015-05-30T02:00:00Z,-29.14542,-46.08364,0.0453,-0.2852,525.5833,2016-03-16T00:00:00Z,SVP
126966,2015-05-30T03:00:00Z,-29.15423,-46.07828,0.032,-0.2863,525.5833,2016-03-16T00:00:00Z,SVP
126966,2015-05-30T04:00:00Z,-29.16358,-46.07519,0.0271,-0.2854,525.5833,2016-03-16T00:00:00Z,SVP
126966,2015-05-30T05:00:00Z,-29.17339,-46.07236,-0.0358,-0.2626,334.7917,2016-03-16T00:00:00Z,SVP
126966,2015-05-30T06:00:00Z,-29.18154,-46.07462,-0.0313,-0.2617,334.7917,2016-03-16T00:00:00Z,SVP
126966,2015-05-30T07:00:00Z,-29.18981,-46.07641,-0.0221,-0.2613,334.7917,2016-03-16T00:00:00Z,SVP
126966,2015-05-30T08:00:00Z,-29.19953,-46.073,0.1282,-0.3854,68.416664,2016-03-16T00:00:00Z,SVP
126966,2015-05-30T09:00:00Z,-29.21307,-46.07121,-0.2111,-0.3502,144.0,2016-03-16T00:00:00Z,SVP
126966,2015-05-30T10:00:00Z,-29.22387,-46.07845,-0.0177,-0.2875,180.0,2016-03-16T00:00:00Z,SVP
126966,2015-05-30T11:00:00Z,-29.23219,-46.0756,-0.0592,-0.2858,180.0,2016-03-16T00:00:00Z,SVP
126966,2015-05-30T12:00:00Z,-29.24214,-46.07838,-0.0464,-0.2953,0.0,2016-03-16T00:00:00Z,SVP
126966,2015-05-30T13:00:00Z,-29.25114,-46.0776,0.0364,-0.292,720.0,2016-03-16T00:00:00Z,SVP
126966,2015-05-30T14:00:00Z,-29.26082,-46.07639,0.0356,-0.2925,720.0,2016-03-16T00:00:00Z,SVP
126966,2015-05-30T15:00:00Z,-29.2704,-46.07536,0.0341,-0.2927,720.0,2016-03-16T00:00:00Z,SVP
126966,2015-05-30T16:00:00Z,-29.28001,-46.07535,0.0272,-0.293,720.0,2016-03-16T00:00:00Z,SVP
126966,2015-05-30T17:00:00Z,-29.28974,-46.07997,-0.0041,-0.2933,720.0,2016-03-16T00:00:00Z,SVP
126966,2015-05-30T18:00:00Z,-29.2986,-46.07814,0.1721,-0.2845,381.5833,2016-03-16T00:00:00Z,SVP
126966,2015-05-30T19:00:00Z,-29.30742,-46.07158,0.1708,-0.2847,381.5833,2016-03-16T00:00:00Z,SVP
126966,2015-05-30T20:00:00Z,-29.31676,-46.06564,0.1816,-0.2839,381.5833,2016-03-16T00:00:00Z,SVP
126966,2015-05-30T21:00:00Z,-29.32427,-46.05801,0.1615,-0.2326,147.58333,2016-03-16T00:00:00Z,SVP
126966,2015-05-30T22:00:00Z,-29.33162,-46.05447,0.1143,-0.223,500.4167,2016-03-16T00:00:00Z,SVP
126966,2015-05-30T23:00:00Z,-29.33884,-46.05036,0.1127,-0.223,500.4167,2016-03-16T00:00:00Z,SVP
126966,2015-05-31T00:00:00Z,-29.34604,-46.0453,0.1152,-0.2231,500.4167,2016-03-16T00:00:00Z,SVP
126966,2015-05-31T01:00:00Z,-29.35336,-46.04499,0.077,-0.2247,118.79167,2016-03-16T00:00:00Z,SVP
126966,2015-05-31T02:00:00Z,-29.36025,-46.03796,0.1699,-0.1739,424.79166,2016-03-16T00:00:00Z,SVP
126966,2015-05-31T03:00:00Z,-29.36561,-46.03278,0.1652,-0.1731,424.79166,2016-03-16T00:00:00Z,SVP
126966,2015-05-31T04:00:00Z,-29.3711,-46.0267,0.1639,-0.1729,424.79166,2016-03-16T00:00:00Z,SVP
126966,2015-05-31T05:00:00Z,-29.37623,-46.02174,-0.0052,-0.1528,298.7917,2016-03-16T00:00:00Z,SVP
126966,2015-05-31T06:00:00Z,-29.3811,-46.02332,-0.0049,-0.1517,298.7917,2016-03-16T00:00:00Z,SVP
126966,2015-05-31T07:00:00Z,-29.3855,-46.02353,-0.0095,-0.113,111.583336,2016-03-16T00:00:00Z,SVP
126966,2015-05-31T08:00:00Z,-29.38883,-46.0235,0.0431,-0.1285,136.79167,2016-03-16T00:00:00Z,SVP
126966,2015-05-31T09:00:00Z,-29.39348,-46.02196,0.0363,-0.1713,133.20833,2016-03-16T00:00:00Z,SVP
126966,2015-05-31T10:00:00Z,-29.39884,-46.02099,0.0217,-0.1629,331.2083,2016-03-16T00:00:00Z,SVP
126966,2015-05-31T11:00:00Z,-29.40419,-46.02012,0.0212,-0.1627,331.2083,2016-03-16T00:00:00Z,SVP
126966,2015-05-31T12:00:00Z,-29.40937,-46.01952,0.0094,-0.1577,122.416664,2016-03-16T00:00:00Z,SVP
126966,2015-05-31T13:00:00Z,-29.41588,-46.01813,0.0349,-0.2216,140.41666,2016-03-16T00:00:00Z,SVP
126966,2015-05-31T14:00:00Z,-29.42337,-46.01632,0.0613,-0.2597,590.4167,2016-03-16T00:00:00Z,SVP
126966,2015-05-31T15:00:00Z,-29.43169,-46.01463,0.0597,-0.2598,590.4167,2016-03-16T00:00:00Z,SVP
126966,2015-05-31T16:00:00Z,-29.43978,-46.01315,0.0581,-0.2597,590.4167,2016-03-16T00:00:00Z,SVP
126966,2015-05-31T17:00:00Z,-29.44741,-46.01223,0.0562,-0.2595,590.4167,2016-03-16T00:00:00Z,SVP
126966,2015-05-31T18:00:00Z,-29.4563,-46.00792,0.1189,-0.2672,248.41667,2016-03-16T00:00:00Z,SVP
126966,2015-05-31T19:00:00Z,-29.46656,-46.00169,0.1728,-0.1967,162.0,2016-03-16T00:00:00Z,SVP
126966,2015-05-31T20:00:00Z,-29.47129,-45.99772,0.196,-0.1081,82.791664,2016-03-16T00:00:00Z,SVP
126966,2015-05-31T21:00:00Z,-29.47558,-45.98742,0.1772,-0.0906,529.2084,2016-03-16T00:00:00Z,SVP
126966,2015-05-31T22:00:00Z,-29.4783,-45.98161,0.1819,-0.0907,529.2084,2016-03-16T00:00:00Z,SVP
126966,2015-05-31T23:00:00Z,-29.48119,-45.9751,0.1839,-0.0906,529.2084,2016-03-16T00:00:00Z,SVP
126966,2015-06-01T00:00:00Z,-29.48421,-45.96838,0.1854,-0.0902,529.2084,2016-03-16T00:00:00Z,SVP
126966,2015-06-01T01:00:00Z,-29.48387,-45.96205,0.1216,0.0311,144.0,2016-03-16T00:00:00Z,SVP
126966,2015-06-01T02:00:00Z,-29.4826,-45.95712,0.029,0.0279,453.5833,2016-03-16T00:00:00Z,SVP
126966,2015-06-01T03:00:00Z,-29.48185,-45.95622,0.0291,0.0281,453.5833,2016-03-16T00:00:00Z,SVP
126966,2015-06-01T04:00:00Z,-29.48104,-45.95509,0.0287,0.0283,453.5833,2016-03-16T00:00:00Z,SVP
126966,2015-06-01T05:00:00Z,-29.48071,-45.95447,0.0054,0.008,237.58334,2016-03-16T00:00:00Z,SVP
126966,2015-06-01T06:00:00Z,-29.48009,-45.95461,0.0031,0.0092,237.58334,2016-03-16T00:00:00Z,SVP
126966,2015-06-01T07:00:00Z,-29.48367,-45.95542,-0.0201,-0.0859,162.0,2016-03-16T00:00:00Z,SVP
126966,2015-06-01T08:00:00Z,-29.48764,-45.95427,0.0551,-0.1444,100.79167,2016-03-16T00:00:00Z,SVP
126966,2015-06-01T09:00:00Z,-29.49213,-45.95182,0.007,-0.1732,241.20834,2016-03-16T00:00:00Z,SVP
126966,2015-06-01T10:00:00Z,-29.49862,-45.95239,0.0076,-0.1752,241.20834,2016-03-16T00:00:00Z,SVP
126966,2015-06-01T11:00:00Z,-29.50263,-45.95056,0.067,-0.0927,111.583336,2016-03-16T00:00:00Z,SVP
126966,2015-06-01T12:00:00Z,-29.50436,-45.94507,0.1548,-0.0464,126.0,2016-03-16T00:00:00Z,SVP
126966,2015-06-01T13:00:00Z,-29.50721,-45.94028,0.1442,-0.0688,619.2083,2016-03-16T00:00:00Z,SVP
126966,2015-06-01T14:00:00Z,-29.5091,-45.9346,0.1443,-0.0687,619.2083,2016-03-16T00:00:00Z,SVP
126966,2015-06-01T15:00:00Z,-29.51121,-45.92915,0.1443,-0.0688,619.2083,2016-03-16T00:00:00Z,SVP
126966,2015-06-01T16:00:00Z,-29.51337,-45.92375,0.1443,-0.0688,619.2083,2016-03-16T00:00:00Z,SVP
126966,2015-06-01T17:00:00Z,-29.5155,-45.91839,0.1444,-0.0689,619.2083,2016-03-16T00:00:00Z,SVP
126966,2015-06-01T18:00:00Z,-29.51713,-45.9127,0.1527,-0.0523,244.79167,2016-03-16T00:00:00Z,SVP
126966,2015-06-01T19:00:00Z,-29.5181,-45.90771,0.131,0.0146,158.41667,2016-03-16T00:00:00Z,SVP
126966,2015-06-01T20:00:00Z,-29.51659,-45.90362,0.0466,0.0926,97.20833,2016-03-16T00:00:00Z,SVP
126966,2015-06-01T21:00:00Z,-29.51316,-45.90205,0.0366,0.1182,144.0,2016-03-16T00:00:00Z,SVP
126966,2015-06-01T22:00:00Z,-29.51041,-45.89875,0.0878,0.0718,100.79167,2016-03-16T00:00:00Z,SVP
126966,2015-06-01T23:00:00Z,-29.51007,-45.8949,0.1143,0.0109,248.41667,2016-03-16T00:00:00Z,SVP
126966,2015-06-02T00:00:00Z,-29.50947,-45.89129,0.1131,-0.0073,108.00001,2016-03-16T00:00:00Z,SVP
126966,2015-06-02T01:00:00Z,-29.50986,-45.88738,0.0386,-0.0136,136.79167,2016-03-16T00:00:00Z,SVP
126966,2015-06-02T02:00:00Z,-29.51052,-45.88596,0.0416,0.0272,115.208336,2016-03-16T00:00:00Z,SVP
126966,2015-06-02T03:00:00Z,-29.50875,-45.88374,0.066,0.0324,360.0,2016-03-16T00:00:00Z,SVP
126966,2015-06-02T04:00:00Z,-29.50705,-45.88121,0.0659,0.0299,360.0,2016-03-16T00:00:00Z,SVP
126966,2015-06-02T05:00:00Z,-29.50672,-45.87943,0.0477,-0.0162,237.58334,2016-03-16T00:00:00Z,SVP
126966,2015-06-02T06:00:00Z,-29.50723,-45.87715,0.0457,-0.0233,237.58334,2016-03-16T00:00:00Z,SVP
126966,2015-06-02T07:00:00Z,-29.50982,-45.87805,0.0069,-0.0627,151.20834,2016-03-16T00:00:00Z,SVP
126966,2015-06-02T08:00:00Z,-29.51437,-45.8741,0.1461,-0.1814,104.41666,2016-03-16T00:00:00Z,SVP
126966,2015-06-02T09:00:00Z,-29.51927,-45.87291,-0.0989,-0.1222,79.208336,2016-03-16T00:00:00Z,SVP
126966,2015-06-02T10:00:00Z,-29.52474,-45.8738,0.1666,-0.1597,259.20834,2016-03-16T00:00:00Z,SVP
126966,2015-06-02T11:00:00Z,-29.5294,-45.867,0.1667,-0.159,259.20834,2016-03-16T00:00:00Z,SVP
126966,2015-06-02T12:00:00Z,-29.53403,-45.86102,0.1796,-0.108,136.79167,2016-03-16T00:00:00Z,SVP
126966,2015-06-02T13:00:00Z,-29.53654,-45.85499,0.144,-0.0548,111.583336,2016-03-16T00:00:00Z,SVP
126966,2015-06-02T14:00:00Z,-29.53806,-45.84923,0.1561,-0.0434,532.7917,2016-03-16T00:00:00Z,SVP
126966,2015-06-02T15:00:00Z,-29.53968,-45.84344,0.1564,-0.0437,532.7917,2016-03-16T00:00:00Z,SVP
126966,2015-06-02T16:00:00Z,-29.54136,-45.83799,0.1556,-0.0439,532.7917,2016-03-16T00:00:00Z,SVP
126966,2015-06-02T17:00:00Z,-29.54307,-45.83274,0.2633,-0.0162,241.20834,2016-03-16T00:00:00Z,SVP
126966,2015-06-02T18:00:00Z,-29.54264,-45.82222,0.2611,-0.0163,241.20834,2016-03-16T00:00:00Z,SVP
126966,2015-06-02T19:00:00Z,-29.5427,-45.81358,0.2413,0.009,140.41666,2016-03-16T00:00:00Z,SVP
126966,2015-06-02T20:00:00Z,-29.54269,-45.80744,0.1427,-0.0215,169.20834,2016-03-16T00:00:00Z,SVP
126966,2015-06-02T21:00:00Z,-29.54344,-45.80367,0.1359,-0.0216,169.20834,2016-03-16T00:00:00Z,SVP
126966,2015-06-02T22:00:00Z,-29.54403,-45.79648,0.1851,-0.02,446.4167,2016-03-16T00:00:00Z,SVP
126966,2015-06-02T23:00:00Z,-29.54469,-45.78931,0.1848,-0.02,446.4167,2016-03-16T00:00:00Z,SVP
126966,2015-06-03T00:00:00Z,-29.54541,-45.78244,0.1852,-0.0199,446.4167,2016-03-16T00:00:00Z,SVP
126966,2015-06-03T01:00:00Z,-29.54536,-45.7764,0.1235,0.05,122.416664,2016-03-16T00:00:00Z,SVP
126966,2015-06-03T02:00:00Z,-29.54483,-45.77479,0.154,0.0843,367.20834,2016-03-16T00:00:00Z,SVP
126966,2015-06-03T03:00:00Z,-29.54158,-45.76802,0.147,0.0832,367.20834,2016-03-16T00:00:00Z,SVP
126966,2015-06-03T04:00:00Z,-29.53854,-45.76226,0.1442,0.0818,367.20834,2016-03-16T00:00:00Z,SVP
126966,2015-06-03T05:00:00Z,-29.53725,-45.75704,0.16,0.0502,255.58333,2016-03-16T00:00:00Z,SVP
126966,2015-06-03T06:00:00Z,-29.53541,-45.75136,0.1456,0.0225,147.58333,2016-03-16T00:00:00Z,SVP
126966,2015-06-03T07:00:00Z,-29.53582,-45.74576,0.1326,0.0333,252.0,2016-03-16T00:00:00Z,SVP
126966,2015-06-03T08:00:00Z,-29.53409,-45.74102,0.1315,0.0355,252.0,2016-03-16T00:00:00Z,SVP
126966,2015-06-03T09:00:00Z,-29.53324,-45.73642,0.1256,-0.0044,363.58334,2016-03-16T00:00:00Z,SVP
126966,2015-06-03T10:00:00Z,-29.53341,-45.73187,0.1258,-0.004,363.58334,2016-03-16T00:00:00Z,SVP
126966,2015-06-03T11:00:00Z,-29.53382,-45.72762,0.126,-0.0036,363.58334,2016-03-16T00:00:00Z,SVP
126966,2015-06-03T12:00:00Z,-29.53421,-45.72177,0.1779,-0.0144,252.0,2016-03-16T00:00:00Z,SVP
126966,2015-06-03T13:00:00Z,-29.53333,-45.71561,0.1818,-0.0137,252.0,2016-03-16T00:00:00Z,SVP
126966,2015-06-03T14:00:00Z,-29.5352,-45.70785,0.2082,-0.0411,554.4167,2016-03-16T00:00:00Z,SVP
126966,2015-06-03T15:00:00Z,-29.53673,-45.70015,0.2084,-0.0407,554.4167,2016-03-16T00:00:00Z,SVP
126966,2015-06-03T16:00:00Z,-29.53802,-45.69272,0.208,-0.0411,554.4167,2016-03-16T00:00:00Z,SVP
126966,2015-06-03T17:00:00Z,-29.53942,-45.68352,0.3784,-0.0614,237.58334,2016-03-16T00:00:00Z,SVP
126966,2015-06-03T18:00:00Z,-29.54171,-45.66807,0.3715,-0.0621,237.58334,2016-03-16T00:00:00Z,SVP
126966,2015-06-03T19:00:00Z,-29.54299,-45.65488,0.3771,-0.0412,162.0,2016-03-16T00:00:00Z,SVP
126966,2015-06-03T20:00:00Z,-29.5432,-45.64009,0.3949,0.0124,187.20833,2016-03-16T00:00:00Z,SVP
126966,2015-06-03T21:00:00Z,-29.54227,-45.62514,0.4135,0.0706,90.0,2016-03-16T00:00:00Z,SVP
126966,2015-06-03T22:00:00Z,-29.53953,-45.61117,0.3613,0.0967,370.79166,2016-03-16T00:00:00Z,SVP
126966,2015-06-03T23:00:00Z,-29.53623,-45.59714,0.3657,0.0969,370.79166,2016-03-16T00:00:00Z,SVP
126966,2015-06-04T00:00:00Z,-29.53311,-45.58539,0.2954,0.1008,140.41666,2016-03-16T00:00:00Z,SVP
126966,2015-06-04T01:00:00Z,-29.52958,-45.57556,0.2219,0.161,111.583336,2016-03-16T00:00:00Z,SVP
126966,2015-06-04T02:00:00Z,-29.52415,-45.56764,0.1944,0.1932,396.00003,2016-03-16T00:00:00Z,SVP
126966,2015-06-04T03:00:00Z,-29.51754,-45.56048,0.1939,0.1933,396.00003,2016-03-16T00:00:00Z,SVP
126966,2015-06-04T04:00:00Z,-29.51051,-45.55278,0.1922,0.1931,396.00003,2016-03-16T00:00:00Z,SVP
126966,2015-06-04T05:00:00Z,-29.5062,-45.54663,0.1751,0.1673,259.20834,2016-03-16T00:00:00Z,SVP
126966,2015-06-04T06:00:00Z,-29.50157,-45.54025,0.1678,0.0878,158.41667,2016-03-16T00:00:00Z,SVP
126966,2015-06-04T07:00:00Z,-29.4988,-45.53367,0.1826,0.0805,241.20834,2016-03-16T00:00:00Z,SVP
126966,2015-06-04T08:00:00Z,-29.49618,-45.52703,0.1829,0.0813,241.20834,2016-03-16T00:00:00Z,SVP
126966,2015-06-04T09:00:00Z,-29.49324,-45.51995,0.154,0.076,244.79167,2016-03-16T00:00:00Z,SVP
126966,2015-06-04T10:00:00Z,-29.49155,-45.5148,0.1519,0.0698,244.79167,2016-03-16T00:00:00Z,SVP
126966,2015-06-04T11:00:00Z,-29.48815,-45.50765,0.2484,0.0792,72.0,2016-03-16T00:00:00Z,SVP
126966,2015-06-04T12:00:00Z,-29.48514,-45.49619,0.265,0.0775,115.208336,2016-03-16T00:00:00Z,SVP
126966,2015-06-04T13:00:00Z,-29.47913,-45.48665,0.2779,0.0942,576.0,2016-03-16T00:00:00Z,SVP
126966,2015-06-04T14:00:00Z,-29.47751,-45.47583,0.2829,0.0885,576.0,2016-03-16T00:00:00Z,SVP
126966,2015-06-04T15:00:00Z,-29.47681,-45.46549,0.282,0.0749,576.0,2016-03-16T00:00:00Z,SVP
126966,2015-06-04T16:00:00Z,-29.47613,-45.45583,0.278,0.0683,576.0,2016-03-16T00:00:00Z,SVP
126966,2015-06-04T17:00:00Z,-29.47192,-45.44395,0.3076,0.2605,241.20834,2016-03-16T00:00:00Z,SVP
126966,2015-06-04T18:00:00Z,-29.46335,-45.42722,0.3237,0.2607,241.20834,2016-03-16T00:00:00Z,SVP
126966,2015-06-04T19:00:00Z,-29.45392,-45.41883,0.3524,0.291,158.41667,2016-03-16T00:00:00Z,SVP
126966,2015-06-04T20:00:00Z,-29.44317,-45.40369,0.2965,0.3563,129.58333,2016-03-16T00:00:00Z,SVP
126966,2015-06-04T21:00:00Z,-29.42873,-45.3987,0.0258,0.4441,140.41666,2016-03-16T00:00:00Z,SVP
126966,2015-06-04T22:00:00Z,-29.41315,-45.40083,0.0588,0.396,370.79166,2016-03-16T00:00:00Z,SVP
126966,2015-06-04T23:00:00Z,-29.40108,-45.39695,0.0416,0.399,370.79166,2016-03-16T00:00:00Z,SVP
126966,2015-06-05T00:00:00Z,-29.38836,-45.39518,0.0398,0.3997,370.79166,2016-03-16T00:00:00Z,SVP
126966,2015-06-05T01:00:00Z,-29.37556,-45.39371,0.0476,0.3795,129.58333,2016-03-16T00:00:00Z,SVP
126966,2015-06-05T02:00:00Z,-29.36438,-45.39668,-0.0602,0.3526,421.20834,2016-03-16T00:00:00Z,SVP
126966,2015-06-05T03:00:00Z,-29.35235,-45.39856,-0.0602,0.3556,421.20834,2016-03-16T00:00:00Z,SVP
126966,2015-06-05T04:00:00Z,-29.33947,-45.39933,-0.0865,0.2722,252.0,2016-03-16T00:00:00Z,SVP
126966,2015-06-05T05:00:00Z,-29.33179,-45.40433,-0.0877,0.2908,252.0,2016-03-16T00:00:00Z,SVP
126966,2015-06-05T06:00:00Z,-29.32352,-45.40671,-0.0233,0.2151,144.0,2016-03-16T00:00:00Z,SVP
126966,2015-06-05T07:00:00Z,-29.31699,-45.40747,-0.0202,0.1796,277.20834,2016-03-16T00:00:00Z,SVP
126966,2015-06-05T08:00:00Z,-29.31149,-45.40825,-0.0211,0.1797,277.20834,2016-03-16T00:00:00Z,SVP
126966,2015-06-05T09:00:00Z,-29.30532,-45.4086,-0.0188,0.1824,248.41667,2016-03-16T00:00:00Z,SVP
126966,2015-06-05T10:00:00Z,-29.29954,-45.41017,-0.0156,0.184,248.41667,2016-03-16T00:00:00Z,SVP
126966,2015-06-05T11:00:00Z,-29.29267,-45.40837,0.0349,0.2106,219.58333,2016-03-16T00:00:00Z,SVP
126966,2015-06-05T12:00:00Z,-29.28588,-45.40509,0.11,0.2116,126.0,2016-03-16T00:00:00Z,SVP
126966,2015-06-05T13:00:00Z,-29.27903,-45.39989,0.1357,0.2348,129.58333,2016-03-16T00:00:00Z,SVP
126966,2015-06-05T14:00:00Z,-29.26967,-45.39461,0.1428,0.3058,471.58337,2016-03-16T00:00:00Z,SVP
126966,2015-06-05T15:00:00Z,-29.25992,-45.38984,0.1417,0.3056,471.58337,2016-03-16T00:00:00Z,SVP
126966,2015-06-05T16:00:00Z,-29.25142,-45.38575,0.1393,0.2962,471.58337,2016-03-16T00:00:00Z,SVP
126966,2015-06-05T17:00:00Z,-29.2387,-45.37926,0.2194,0.4371,241.20834,2016-03-16T00:00:00Z,SVP
126966,2015-06-05T18:00:00Z,-29.22424,-45.37147,0.2308,0.4415,244.79167,2016-03-16T00:00:00Z,SVP
126966,2015-06-05T19:00:00Z,-29.21024,-45.36231,0.2333,0.4405,244.79167,2016-03-16T00:00:00Z,SVP
126966,2015-06-05T20:00:00Z,-29.19553,-45.3552,0.1686,0.4516,126.0,2016-03-16T00:00:00Z,SVP
126966,2015-06-05T21:00:00Z,-29.17977,-45.34926,0.1479,0.5076,118.79167,2016-03-16T00:00:00Z,SVP
126966,2015-06-05T22:00:00Z,-29.1645,-45.34201,0.1815,0.461,129.58333,2016-03-16T00:00:00Z,SVP
126966,2015-06-05T23:00:00Z,-29.15063,-45.34257,0.035,0.4241,288.0,2016-03-16T00:00:00Z,SVP
126966,2015-06-06T00:00:00Z,-29.13718,-45.34073,-0.0354,0.4196,0.0,2016-03-16T00:00:00Z,SVP
126966,2015-06-06T01:00:00Z,-29.1227,-45.34248,-0.0509,0.4518,126.0,2016-03-16T00:00:00Z,SVP
126966,2015-06-06T02:00:00Z,-29.1081,-45.34388,-0.1375,0.4527,306.0,2016-03-16T00:00:00Z,SVP
126966,2015-06-06T03:00:00Z,-29.09341,-45.34913,-0.1434,0.4528,306.0,2016-03-16T00:00:00Z,SVP
126966,2015-06-06T04:00:00Z,-29.07915,-45.35463,-0.1733,0.4372,255.58333,2016-03-16T00:00:00Z,SVP
126966,2015-06-06T05:00:00Z,-29.0647,-45.36466,-0.1977,0.438,255.58333,2016-03-16T00:00:00Z,SVP
126966,2015-06-06T06:00:00Z,-29.05252,-45.36966,-0.1268,0.3727,342.0,2016-03-16T00:00:00Z,SVP
126966,2015-06-06T07:00:00Z,-29.04092,-45.37313,-0.1424,0.3736,342.0,2016-03-16T00:00:00Z,SVP
126966,2015-06-06T08:00:00Z,-29.02875,-45.37807,-0.0862,0.3703,57.583332,2016-03-16T00:00:00Z,SVP
126966,2015-06-06T09:00:00Z,-29.01627,-45.3784,-0.0211,0.3677,194.41666,2016-03-16T00:00:00Z,SVP
126966,2015-06-06T10:00:00Z,-29.0107,-45.37782,0.0169,0.2385,269.99997,2016-03-16T00:00:00Z,SVP
126966,2015-06-06T11:00:00Z,-29.00358,-45.37948,3.0E-4,0.2421,269.99997,2016-03-16T00:00:00Z,SVP
126966,2015-06-06T12:00:00Z,-28.99503,-45.37032,0.1184,0.3931,144.0,2016-03-16T00:00:00Z,SVP
126966,2015-06-06T13:00:00Z,-28.98175,-45.36987,0.0941,0.5007,727.2083,2016-03-16T00:00:00Z,SVP
126966,2015-06-06T14:00:00Z,-28.96525,-45.36543,0.0947,0.5017,727.2083,2016-03-16T00:00:00Z,SVP
126966,2015-06-06T15:00:00Z,-28.94902,-45.36117,0.0954,0.5018,727.2083,2016-03-16T00:00:00Z,SVP
126966,2015-06-06T16:00:00Z,-28.93296,-45.35613,0.0992,0.5016,727.2083,2016-03-16T00:00:00Z,SVP
126966,2015-06-06T17:00:00Z,-28.91725,-45.34917,0.1121,0.5008,727.2083,2016-03-16T00:00:00Z,SVP
126966,2015-06-06T18:00:00Z,-28.90119,-45.34449,0.0156,0.5327,334.7917,2016-03-16T00:00:00Z,SVP
126966,2015-06-06T19:00:00Z,-28.88267,-45.34711,0.0908,0.5269,334.7917,2016-03-16T00:00:00Z,SVP
126966,2015-06-06T20:00:00Z,-28.8654,-45.34473,0.0315,0.5638,61.208332,2016-03-16T00:00:00Z,SVP
126966,2015-06-06T21:00:00Z,-28.84767,-45.33976,-0.133,0.5261,140.41666,2016-03-16T00:00:00Z,SVP
126966,2015-06-06T22:00:00Z,-28.8304,-45.34452,-0.1401,0.5309,406.79166,2016-03-16T00:00:00Z,SVP
126966,2015-06-06T23:00:00Z,-28.81346,-45.34964,-0.14,0.5307,406.79166,2016-03-16T00:00:00Z,SVP
126966,2015-06-07T00:00:00Z,-28.79652,-45.35482,-0.1399,0.5309,406.79166,2016-03-16T00:00:00Z,SVP
126966,2015-06-07T01:00:00Z,-28.78002,-45.36063,-0.1522,0.5065,126.0,2016-03-16T00:00:00Z,SVP
126966,2015-06-07T02:00:00Z,-28.76983,-45.36859,-0.224,0.377,122.416664,2016-03-16T00:00:00Z,SVP
126966,2015-06-07T03:00:00Z,-28.75561,-45.3748,-0.1745,0.3766,216.00002,2016-03-16T00:00:00Z,SVP
126966,2015-06-07T04:00:00Z,-28.74428,-45.38034,-0.1059,0.3418,255.58333,2016-03-16T00:00:00Z,SVP
126966,2015-06-07T05:00:00Z,-28.73256,-45.38394,-0.1073,0.3285,255.58333,2016-03-16T00:00:00Z,SVP
126966,2015-06-07T06:00:00Z,-28.72328,-45.38721,-0.0577,0.2671,309.5833,2016-03-16T00:00:00Z,SVP
126966,2015-06-07T07:00:00Z,-28.71452,-45.39012,-0.0564,0.2647,309.5833,2016-03-16T00:00:00Z,SVP
126966,2015-06-07T08:00:00Z,-28.70866,-45.38889,0.0133,0.1533,165.58333,2016-03-16T00:00:00Z,SVP
126966,2015-06-07T09:00:00Z,-28.70426,-45.38827,0.0255,0.2785,252.0,2016-03-16T00:00:00Z,SVP
126966,2015-06-07T10:00:00Z,-28.69426,-45.38704,0.0297,0.2759,252.0,2016-03-16T00:00:00Z,SVP
126966,2015-06-07T11:00:00Z,-28.68554,-45.38645,0.0518,0.2999,147.58333,2016-03-16T00:00:00Z,SVP
126966,2015-06-07T12:00:00Z,-28.67584,-45.38424,-0.0237,0.2795,133.20833,2016-03-16T00:00:00Z,SVP
126966,2015-06-07T13:00:00Z,-28.66561,-45.38526,-0.0242,0.3503,118.79167,2016-03-16T00:00:00Z,SVP
126966,2015-06-07T14:00:00Z,-28.65443,-45.38345,0.0442,0.367,644.4166,2016-03-16T00:00:00Z,SVP
126966,2015-06-07T15:00:00Z,-28.64244,-45.37743,0.0917,0.3671,644.4166,2016-03-16T00:00:00Z,SVP
126966,2015-06-07T16:00:00Z,-28.63045,-45.37338,0.0948,0.3671,644.4166,2016-03-16T00:00:00Z,SVP
126966,2015-06-07T17:00:00Z,-28.61838,-45.36916,0.0971,0.367,644.4166,2016-03-16T00:00:00Z,SVP
126966,2015-06-07T18:00:00Z,-28.60631,-45.36773,-0.0861,0.3679,298.7917,2016-03-16T00:00:00Z,SVP
126966,2015-06-07T19:00:00Z,-28.59469,-45.37182,-0.0781,0.3688,298.7917,2016-03-16T00:00:00Z,SVP
126966,2015-06-07T20:00:00Z,-28.58265,-45.37389,-0.0735,0.3621,75.583336,2016-03-16T00:00:00Z,SVP
126966,2015-06-07T21:00:00Z,-28.5707,-45.37807,-0.1254,0.3845,172.79166,2016-03-16T00:00:00Z,SVP
126966,2015-06-07T22:00:00Z,-28.55764,-45.38543,0.0247,0.3685,324.0,2016-03-16T00:00:00Z,SVP
126966,2015-06-07T23:00:00Z,-28.54716,-45.38251,0.009,0.3586,324.0,2016-03-16T00:00:00Z,SVP
126966,2015-06-08T00:00:00Z,-28.53752,-45.38288,0.0428,0.3484,324.0,2016-03-16T00:00:00Z,SVP
126966,2015-06-08T01:00:00Z,-28.52246,-45.37366,-0.2617,0.3236,122.416664,2016-03-16T00:00:00Z,SVP
126966,2015-06-08T02:00:00Z,-28.51316,-45.38643,-0.2111,0.2806,489.58334,2016-03-16T00:00:00Z,SVP
126966,2015-06-08T03:00:00Z,-28.50331,-45.39344,-0.208,0.285,489.58334,2016-03-16T00:00:00Z,SVP
126966,2015-06-08T04:00:00Z,-28.49312,-45.40148,-0.2064,0.2896,489.58334,2016-03-16T00:00:00Z,SVP
126966,2015-06-08T05:00:00Z,-28.48187,-45.4106,-0.0405,0.1635,277.20834,2016-03-16T00:00:00Z,SVP
126966,2015-06-08T06:00:00Z,-28.47705,-45.41179,-0.0403,0.1667,277.20834,2016-03-16T00:00:00Z,SVP
126966,2015-06-08T07:00:00Z,-28.47147,-45.4143,-0.0472,0.1467,126.0,2016-03-16T00:00:00Z,SVP
126966,2015-06-08T08:00:00Z,-28.46739,-45.41499,-0.0433,0.1127,118.79167,2016-03-16T00:00:00Z,SVP
126966,2015-06-08T09:00:00Z,-28.46314,-45.41725,0.0525,0.1171,248.41667,2016-03-16T00:00:00Z,SVP
126966,2015-06-08T10:00:00Z,-28.46099,-45.41544,0.0631,0.1083,248.41667,2016-03-16T00:00:00Z,SVP
126966,2015-06-08T11:00:00Z,-28.45388,-45.41017,0.116,0.16,172.79166,2016-03-16T00:00:00Z,SVP
126966,2015-06-08T12:00:00Z,-28.44739,-45.40933,0.0727,0.2279,140.41666,2016-03-16T00:00:00Z,SVP
126966,2015-06-08T13:00:00Z,-28.43977,-45.40605,0.1451,0.2037,676.7917,2016-03-16T00:00:00Z,SVP
126966,2015-06-08T14:00:00Z,-28.43366,-45.40112,0.1441,0.2028,676.7917,2016-03-16T00:00:00Z,SVP
126966,2015-06-08T15:00:00Z,-28.42743,-45.39619,0.1432,0.2022,676.7917,2016-03-16T00:00:00Z,SVP
126966,2015-06-08T16:00:00Z,-28.42139,-45.39167,0.1412,0.2013,676.7917,2016-03-16T00:00:00Z,SVP
126966,2015-06-08T17:00:00Z,-28.41606,-45.38923,0.1299,0.199,676.7917,2016-03-16T00:00:00Z,SVP
126966,2015-06-08T18:00:00Z,-28.40869,-45.38382,0.1382,0.261,331.2083,2016-03-16T00:00:00Z,SVP
126966,2015-06-08T19:00:00Z,-28.39891,-45.37694,0.1358,0.2274,331.2083,2016-03-16T00:00:00Z,SVP
126966,2015-06-08T20:00:00Z,-28.39034,-45.37261,0.1663,0.3401,61.208332,2016-03-16T00:00:00Z,SVP
126966,2015-06-08T21:00:00Z,-28.37982,-45.36968,0.1205,0.1628,72.0,2016-03-16T00:00:00Z,SVP
126966,2015-06-08T22:00:00Z,-28.37356,-45.368,0.0296,0.1703,360.0,2016-03-16T00:00:00Z,SVP
126966,2015-06-08T23:00:00Z,-28.37072,-45.36514,0.0341,0.1305,360.0,2016-03-16T00:00:00Z,SVP
126966,2015-06-09T00:00:00Z,-28.36519,-45.35984,-0.1571,0.3132,136.79167,2016-03-16T00:00:00Z,SVP
126966,2015-06-09T01:00:00Z,-28.35455,-45.36591,-0.0365,0.1763,108.00001,2016-03-16T00:00:00Z,SVP
126966,2015-06-09T02:00:00Z,-28.3493,-45.36652,-8.0E-4,0.1445,518.4167,2016-03-16T00:00:00Z,SVP
126966,2015-06-09T03:00:00Z,-28.34446,-45.3669,-0.0019,0.1448,518.4167,2016-03-16T00:00:00Z,SVP
126966,2015-06-09T04:00:00Z,-28.33947,-45.36766,-0.0039,0.1452,518.4167,2016-03-16T00:00:00Z,SVP
126966,2015-06-09T05:00:00Z,-28.33403,-45.36847,0.0184,0.1492,406.79166,2016-03-16T00:00:00Z,SVP
126966,2015-06-09T06:00:00Z,-28.32989,-45.36635,0.0153,0.1458,406.79166,2016-03-16T00:00:00Z,SVP
126966,2015-06-09T07:00:00Z,-28.32577,-45.36524,0.0146,0.1439,406.79166,2016-03-16T00:00:00Z,SVP
126966,2015-06-09T08:00:00Z,-28.31909,-45.36333,0.0649,0.1518,75.583336,2016-03-16T00:00:00Z,SVP
126966,2015-06-09T09:00:00Z,-28.31939,-45.36011,0.0872,0.0681,241.20834,2016-03-16T00:00:00Z,SVP
126966,2015-06-09T10:00:00Z,-28.31671,-45.35755,0.0497,0.0053,198.00002,2016-03-16T00:00:00Z,SVP
126966,2015-06-09T11:00:00Z,-28.31605,-45.35471,0.0275,0.019,126.0,2016-03-16T00:00:00Z,SVP
126966,2015-06-09T12:00:00Z,-28.31574,-45.35429,0.1299,0.0349,126.0,2016-03-16T00:00:00Z,SVP
126966,2015-06-09T13:00:00Z,-28.31442,-45.34957,0.1561,0.0414,698.4167,2016-03-16T00:00:00Z,SVP
126966,2015-06-09T14:00:00Z,-28.3132,-45.34382,0.1562,0.0412,698.4167,2016-03-16T00:00:00Z,SVP
126966,2015-06-09T15:00:00Z,-28.31195,-45.33822,0.1557,0.0411,698.4167,2016-03-16T00:00:00Z,SVP
126966,2015-06-09T16:00:00Z,-28.31073,-45.33281,0.1547,0.041,698.4167,2016-03-16T00:00:00Z,SVP
126966,2015-06-09T17:00:00Z,-28.30962,-45.32778,0.1529,0.0409,698.4167,2016-03-16T00:00:00Z,SVP
126966,2015-06-09T18:00:00Z,-28.30683,-45.32088,0.1674,0.0701,252.0,2016-03-16T00:00:00Z,SVP
126966,2015-06-09T19:00:00Z,-28.30347,-45.31179,0.1163,0.1874,147.58333,2016-03-16T00:00:00Z,SVP
126966,2015-06-09T20:00:00Z,-28.29582,-45.30887,0.0888,0.253,75.583336,2016-03-16T00:00:00Z,SVP
126966,2015-06-09T21:00:00Z,-28.28845,-45.30309,0.0804,0.1875,115.208336,2016-03-16T00:00:00Z,SVP
126966,2015-06-09T22:00:00Z,-28.28078,-45.29836,0.0511,0.143,396.00003,2016-03-16T00:00:00Z,SVP
126966,2015-06-09T23:00:00Z,-28.27641,-45.29674,0.0531,0.1449,396.00003,2016-03-16T00:00:00Z,SVP
126966,2015-06-10T00:00:00Z,-28.27173,-45.29503,0.0563,0.1446,396.00003,2016-03-16T00:00:00Z,SVP
126966,2015-06-10T01:00:00Z,-28.26777,-45.29215,0.0616,0.1204,144.0,2016-03-16T00:00:00Z,SVP
126966,2015-06-10T02:00:00Z,-28.26496,-45.28925,0.0294,0.1241,399.58334,2016-03-16T00:00:00Z,SVP
126966,2015-06-10T03:00:00Z,-28.26027,-45.28851,0.0276,0.1293,399.58334,2016-03-16T00:00:00Z,SVP
126966,2015-06-10T04:00:00Z,-28.25541,-45.28759,0.0271,0.1327,399.58334,2016-03-16T00:00:00Z,SVP
126966,2015-06-10T05:00:00Z,-28.25232,-45.28579,0.0384,0.0838,248.41667,2016-03-16T00:00:00Z,SVP
126966,2015-06-10T06:00:00Z,-28.25078,-45.28441,0.0393,0.0911,248.41667,2016-03-16T00:00:00Z,SVP
126966,2015-06-10T07:00:00Z,-28.24806,-45.28247,0.0556,0.053,158.41667,2016-03-16T00:00:00Z,SVP
126966,2015-06-10T08:00:00Z,-28.24614,-45.28016,0.0774,0.0563,190.79166,2016-03-16T00:00:00Z,SVP
126966,2015-06-10T09:00:00Z,-28.24452,-45.2766,0.1335,0.0135,57.583332,2016-03-16T00:00:00Z,SVP
126966,2015-06-10T10:00:00Z,-28.24418,-45.2715,0.1728,-0.0017,324.0,2016-03-16T00:00:00Z,SVP
126966,2015-06-10T11:00:00Z,-28.24428,-45.26537,0.174,-0.0011,324.0,2016-03-16T00:00:00Z,SVP
126966,2015-06-10T12:00:00Z,-28.24436,-45.25754,0.2071,-0.0022,104.41666,2016-03-16T00:00:00Z,SVP
126966,2015-06-10T13:00:00Z,-28.24426,-45.25004,0.2197,0.0369,147.58333,2016-03-16T00:00:00Z,SVP
126966,2015-06-10T14:00:00Z,-28.24309,-45.24142,0.2248,0.0484,586.7916,2016-03-16T00:00:00Z,SVP
126966,2015-06-10T15:00:00Z,-28.24115,-45.23317,0.225,0.0476,586.7916,2016-03-16T00:00:00Z,SVP
126966,2015-06-10T16:00:00Z,-28.23926,-45.22509,0.2259,0.0464,586.7916,2016-03-16T00:00:00Z,SVP
126966,2015-06-10T17:00:00Z,-28.23719,-45.21726,0.2282,0.0434,586.7916,2016-03-16T00:00:00Z,SVP
126966,2015-06-10T18:00:00Z,-28.23534,-45.2075,0.2474,0.0682,244.79167,2016-03-16T00:00:00Z,SVP
126966,2015-06-10T19:00:00Z,-28.23391,-45.1979,0.2658,0.2151,172.79166,2016-03-16T00:00:00Z,SVP
126966,2015-06-10T20:00:00Z,-28.2266,-45.18859,0.28,0.2287,219.58333,2016-03-16T00:00:00Z,SVP
126966,2015-06-10T21:00:00Z,-28.21951,-45.17778,0.2823,0.2262,219.58333,2016-03-16T00:00:00Z,SVP
126966,2015-06-10T22:00:00Z,-28.21393,-45.16936,0.1644,0.1371,345.5833,2016-03-16T00:00:00Z,SVP
126966,2015-06-10T23:00:00Z,-28.20959,-45.16342,0.1644,0.1374,345.5833,2016-03-16T00:00:00Z,SVP
126966,2015-06-11T00:00:00Z,-28.20531,-45.15698,0.2117,0.1915,104.41666,2016-03-16T00:00:00Z,SVP
126966,2015-06-11T01:00:00Z,-28.19866,-45.14856,0.2321,0.1619,136.79167,2016-03-16T00:00:00Z,SVP
126966,2015-06-11T02:00:00Z,-28.19312,-45.14013,0.1426,0.1022,435.58334,2016-03-16T00:00:00Z,SVP
126966,2015-06-11T03:00:00Z,-28.19004,-45.1357,0.1453,0.102,435.58334,2016-03-16T00:00:00Z,SVP
126966,2015-06-11T04:00:00Z,-28.18665,-45.13095,0.1492,0.1013,435.58334,2016-03-16T00:00:00Z,SVP
126966,2015-06-11T05:00:00Z,-28.18428,-45.12475,0.1535,0.0663,237.58334,2016-03-16T00:00:00Z,SVP
126966,2015-06-11T06:00:00Z,-28.18227,-45.11843,0.1534,0.0646,237.58334,2016-03-16T00:00:00Z,SVP
126966,2015-06-11T07:00:00Z,-28.18193,-45.11168,0.2017,0.0123,147.58333,2016-03-16T00:00:00Z,SVP
126966,2015-06-11T08:00:00Z,-28.18197,-45.10406,0.2039,-0.007,226.79166,2016-03-16T00:00:00Z,SVP
126966,2015-06-11T09:00:00Z,-28.18173,-45.09766,0.1363,0.0257,190.79166,2016-03-16T00:00:00Z,SVP
126966,2015-06-11T10:00:00Z,-28.18037,-45.09212,0.1401,0.0286,190.79166,2016-03-16T00:00:00Z,SVP
126966,2015-06-11T11:00:00Z,-28.18265,-45.08642,0.1685,-0.0602,140.41666,2016-03-16T00:00:00Z,SVP
126966,2015-06-11T12:00:00Z,-28.18689,-45.07888,0.2744,-0.1022,136.79167,2016-03-16T00:00:00Z,SVP
126966,2015-06-11T13:00:00Z,-28.19136,-45.06932,0.2663,-0.0595,615.5833,2016-03-16T00:00:00Z,SVP
126966,2015-06-11T14:00:00Z,-28.193,-45.05934,0.2668,-0.0572,615.5833,2016-03-16T00:00:00Z,SVP
126966,2015-06-11T15:00:00Z,-28.19505,-45.04921,0.2675,-0.0577,615.5833,2016-03-16T00:00:00Z,SVP
126966,2015-06-11T16:00:00Z,-28.19748,-45.03878,0.2686,-0.0594,615.5833,2016-03-16T00:00:00Z,SVP
126966,2015-06-11T17:00:00Z,-28.20029,-45.02805,0.2424,0.0298,392.41666,2016-03-16T00:00:00Z,SVP
126966,2015-06-11T18:00:00Z,-28.19899,-45.02036,0.2463,0.0303,392.41666,2016-03-16T00:00:00Z,SVP
126966,2015-06-11T19:00:00Z,-28.19818,-45.01217,0.2493,0.0329,392.41666,2016-03-16T00:00:00Z,SVP
126966,2015-06-11T20:00:00Z,-28.19636,-45.00349,0.2215,0.0719,233.99998,2016-03-16T00:00:00Z,SVP
126966,2015-06-11T21:00:00Z,-28.19317,-44.99363,0.2317,0.0709,233.99998,2016-03-16T00:00:00Z,SVP
126966,2015-06-11T22:00:00Z,-28.19149,-44.98957,0.1327,0.0696,482.4167,2016-03-16T00:00:00Z,SVP
126966,2015-06-11T23:00:00Z,-28.18939,-44.98541,0.1373,0.0692,482.4167,2016-03-16T00:00:00Z,SVP
126966,2015-06-12T00:00:00Z,-28.18706,-44.98066,0.1402,0.0689,482.4167,2016-03-16T00:00:00Z,SVP
126966,2015-06-12T01:00:00Z,-28.18626,-44.97655,0.0985,0.0317,126.0,2016-03-16T00:00:00Z,SVP
126966,2015-06-12T02:00:00Z,-28.19419,-44.97712,-0.0328,0.2743,327.58334,2016-03-16T00:00:00Z,SVP
126966,2015-06-12T03:00:00Z,-28.1766,-44.97769,-0.0319,0.1785,327.58334,2016-03-16T00:00:00Z,SVP
126966,2015-06-12T04:00:00Z,-28.17001,-44.97831,-0.032,0.1743,327.58334,2016-03-16T00:00:00Z,SVP
126966,2015-06-12T05:00:00Z,-28.16635,-44.98138,-0.0744,0.0928,262.79166,2016-03-16T00:00:00Z,SVP
126966,2015-06-12T06:00:00Z,-28.16344,-44.98362,-0.0799,-0.0256,144.0,2016-03-16T00:00:00Z,SVP
126966,2015-06-12T07:00:00Z,-28.16557,-44.98821,-0.0329,-0.0464,183.58333,2016-03-16T00:00:00Z,SVP
126966,2015-06-12T08:00:00Z,-28.16633,-44.98707,-0.0267,-0.0419,183.58333,2016-03-16T00:00:00Z,SVP
126966,2015-06-12T09:00:00Z,-28.16872,-44.9911,-0.0767,-0.0881,187.20833,2016-03-16T00:00:00Z,SVP
126966,2015-06-12T10:00:00Z,-28.17186,-44.99466,0.0351,-0.0909,280.79166,2016-03-16T00:00:00Z,SVP
126966,2015-06-12T11:00:00Z,-28.17446,-44.99285,0.0325,-0.0917,280.79166,2016-03-16T00:00:00Z,SVP
126966,2015-06-12T12:00:00Z,-28.1778,-44.99255,0.0082,-0.105,122.416664,2016-03-16T00:00:00Z,SVP
126966,2015-06-12T13:00:00Z,-28.18165,-44.9944,-0.0342,-0.125,115.208336,2016-03-16T00:00:00Z,SVP
126966,2015-06-12T14:00:00Z,-28.18623,-44.9925,0.0667,-0.1414,532.7917,2016-03-16T00:00:00Z,SVP
126966,2015-06-12T15:00:00Z,-28.19057,-44.98971,0.0646,-0.1412,532.7917,2016-03-16T00:00:00Z,SVP
126966,2015-06-12T16:00:00Z,-28.19462,-44.98738,0.0653,-0.1408,532.7917,2016-03-16T00:00:00Z,SVP
126966,2015-06-12T17:00:00Z,-28.19894,-44.98541,0.0738,-0.1707,233.99998,2016-03-16T00:00:00Z,SVP
126966,2015-06-12T18:00:00Z,-28.20588,-44.98255,0.0731,-0.1661,233.99998,2016-03-16T00:00:00Z,SVP
126966,2015-06-12T19:00:00Z,-28.21067,-44.98211,0.0129,-0.17,151.20834,2016-03-16T00:00:00Z,SVP
126966,2015-06-12T20:00:00Z,-28.2147,-44.98284,-0.0235,-0.1093,237.58334,2016-03-16T00:00:00Z,SVP
126966,2015-06-12T21:00:00Z,-28.21987,-44.98433,0.0852,-0.0737,460.79166,2016-03-16T00:00:00Z,SVP
126966,2015-06-12T22:00:00Z,-28.2212,-44.97733,0.0689,-0.0787,460.79166,2016-03-16T00:00:00Z,SVP
126966,2015-06-12T23:00:00Z,-28.22358,-44.97292,0.0682,-0.0792,460.79166,2016-03-16T00:00:00Z,SVP
126966,2015-06-13T00:00:00Z,-28.22653,-44.96746,-0.0083,-0.0277,255.58333,2016-03-16T00:00:00Z,SVP
126966,2015-06-13T01:00:00Z,-28.22785,-44.96904,0.003,-0.0268,255.58333,2016-03-16T00:00:00Z,SVP
126966,2015-06-13T02:00:00Z,-28.2279,-44.96928,-8.0E-4,0.0588,345.5833,2016-03-16T00:00:00Z,SVP
126966,2015-06-13T03:00:00Z,-28.22478,-44.96876,-9.0E-4,0.055,345.5833,2016-03-16T00:00:00Z,SVP
126966,2015-06-13T04:00:00Z,-28.22222,-44.96849,-0.0104,0.0574,266.41666,2016-03-16T00:00:00Z,SVP
126966,2015-06-13T05:00:00Z,-28.2216,-44.97012,-0.0224,0.0545,266.41666,2016-03-16T00:00:00Z,SVP
126966,2015-06-13T06:00:00Z,-28.22092,-44.97516,-0.2886,0.0039,126.0,2016-03-16T00:00:00Z,SVP
126966,2015-06-13T07:00:00Z,-28.22084,-44.98665,-0.257,-0.0538,262.79166,2016-03-16T00:00:00Z,SVP
126966,2015-06-13T08:00:00Z,-28.22299,-44.99575,-0.2559,-0.0535,262.79166,2016-03-16T00:00:00Z,SVP
126966,2015-06-13T09:00:00Z,-28.2254,-45.00388,-0.2073,-0.098,126.0,2016-03-16T00:00:00Z,SVP
126966,2015-06-13T10:00:00Z,-28.22961,-45.01226,-0.2258,-0.1356,302.4167,2016-03-16T00:00:00Z,SVP
126966,2015-06-13T11:00:00Z,-28.23358,-45.0201,-0.2241,-0.1348,302.4167,2016-03-16T00:00:00Z,SVP
126966,2015-06-13T12:00:00Z,-28.24127,-45.0299,-0.2389,-0.1997,140.41666,2016-03-16T00:00:00Z,SVP
126966,2015-06-13T13:00:00Z,-28.24807,-45.03489,-0.0803,-0.1983,543.5834,2016-03-16T00:00:00Z,SVP
126966,2015-06-13T14:00:00Z,-28.25453,-45.03852,-0.078,-0.1983,543.5834,2016-03-16T00:00:00Z,SVP
126966,2015-06-13T15:00:00Z,-28.26093,-45.04159,-0.0772,-0.1984,543.5834,2016-03-16T00:00:00Z,SVP
126966,2015-06-13T16:00:00Z,-28.26726,-45.04446,-0.0772,-0.1987,543.5834,2016-03-16T00:00:00Z,SVP
126966,2015-06-13T17:00:00Z,-28.27418,-45.04727,-0.0883,-0.2154,233.99998,2016-03-16T00:00:00Z,SVP
126966,2015-06-13T18:00:00Z,-28.2812,-45.05049,-0.0881,-0.2168,233.99998,2016-03-16T00:00:00Z,SVP
126966,2015-06-13T19:00:00Z,-28.28892,-45.05547,-0.1318,-0.2213,162.0,2016-03-16T00:00:00Z,SVP
126966,2015-06-13T20:00:00Z,-28.28657,-45.06152,-0.1719,-0.0389,180.0,2016-03-16T00:00:00Z,SVP
126966,2015-06-13T21:00:00Z,-28.28869,-45.06759,-0.126,-0.1032,190.79166,2016-03-16T00:00:00Z,SVP
126966,2015-06-13T22:00:00Z,-28.29386,-45.07761,-0.2146,-0.12,190.79166,2016-03-16T00:00:00Z,SVP
126966,2015-06-13T23:00:00Z,-28.29435,-45.07822,-0.1287,-0.0581,241.20834,2016-03-16T00:00:00Z,SVP
126966,2015-06-14T00:00:00Z,-28.29633,-45.08224,-0.2289,-0.0298,126.0,2016-03-16T00:00:00Z,SVP
126966,2015-06-14T01:00:00Z,-28.29768,-45.08948,-0.1057,-0.0482,122.416664,2016-03-16T00:00:00Z,SVP
126966,2015-06-14T02:00:00Z,-28.29894,-45.09245,-0.0638,-0.0366,374.41666,2016-03-16T00:00:00Z,SVP
126966,2015-06-14T03:00:00Z,-28.30016,-45.09457,-0.0638,-0.0364,374.41666,2016-03-16T00:00:00Z,SVP
126966,2015-06-14T04:00:00Z,-28.30149,-45.09681,-0.0591,-0.0271,266.41666,2016-03-16T00:00:00Z,SVP
126966,2015-06-14T05:00:00Z,-28.30221,-45.09932,-0.0587,-0.0271,266.41666,2016-03-16T00:00:00Z,SVP
126966,2015-06-14T06:00:00Z,-28.30309,-45.10079,-0.0274,-0.0259,136.79167,2016-03-16T00:00:00Z,SVP
126966,2015-06-14T07:00:00Z,-28.3033,-45.10203,-0.024,-0.0012,180.0,2016-03-16T00:00:00Z,SVP
126966,2015-06-14T08:00:00Z,-28.30308,-45.10243,-0.0053,0.0222,72.0,2016-03-16T00:00:00Z,SVP
126966,2015-06-14T09:00:00Z,-28.30165,-45.10425,-0.0545,0.0827,97.20833,2016-03-16T00:00:00Z,SVP
126966,2015-06-14T10:00:00Z,-28.29726,-45.10598,-0.0941,0.1919,147.58333,2016-03-16T00:00:00Z,SVP
126966,2015-06-14T11:00:00Z,-28.29064,-45.11039,-0.1227,0.2219,212.41667,2016-03-16T00:00:00Z,SVP
126966,2015-06-14T12:00:00Z,-28.28359,-45.11548,-0.1811,0.1633,111.583336,2016-03-16T00:00:00Z,SVP
126966,2015-06-14T13:00:00Z,-28.27872,-45.12224,-0.188,0.1396,583.2083,2016-03-16T00:00:00Z,SVP
126966,2015-06-14T14:00:00Z,-28.27405,-45.1291,-0.1879,0.1398,583.2083,2016-03-16T00:00:00Z,SVP
126966,2015-06-14T15:00:00Z,-28.26942,-45.13602,-0.1879,0.1399,583.2083,2016-03-16T00:00:00Z,SVP
126966,2015-06-14T16:00:00Z,-28.2647,-45.14303,-0.1879,0.14,583.2083,2016-03-16T00:00:00Z,SVP
126966,2015-06-14T17:00:00Z,-28.26104,-45.15046,-0.1977,0.1194,237.58334,2016-03-16T00:00:00Z,SVP
126966,2015-06-14T18:00:00Z,-28.25698,-45.15698,-0.2461,0.0606,295.20834,2016-03-16T00:00:00Z,SVP
126966,2015-06-14T19:00:00Z,-28.25555,-45.16668,-0.2459,0.0604,295.20834,2016-03-16T00:00:00Z,SVP
126966,2015-06-14T20:00:00Z,-28.25381,-45.17637,-0.2957,0.0457,97.20833,2016-03-16T00:00:00Z,SVP
126966,2015-06-14T21:00:00Z,-28.25248,-45.18769,-0.3044,0.0228,140.41666,2016-03-16T00:00:00Z,SVP
126966,2015-06-14T22:00:00Z,-28.25186,-45.19821,-0.236,-0.0,399.58334,2016-03-16T00:00:00Z,SVP
126966,2015-06-14T23:00:00Z,-28.25192,-45.2065,-0.232,-3.0E-4,399.58334,2016-03-16T00:00:00Z,SVP
126966,2015-06-15T00:00:00Z,-28.25184,-45.2159,-0.235,-4.0E-4,399.58334,2016-03-16T00:00:00Z,SVP
126966,2015-06-15T01:00:00Z,-28.25227,-45.21877,-0.0622,6.0E-4,406.79166,2016-03-16T00:00:00Z,SVP
126966,2015-06-15T02:00:00Z,-28.25215,-45.22154,-0.0614,7.0E-4,406.79166,2016-03-16T00:00:00Z,SVP
126966,2015-06-15T03:00:00Z,-28.25218,-45.224,-0.0609,0.001,406.79166,2016-03-16T00:00:00Z,SVP
126966,2015-06-15T04:00:00Z,-28.25232,-45.22628,-0.0682,0.0041,252.0,2016-03-16T00:00:00Z,SVP
126966,2015-06-15T05:00:00Z,-28.25198,-45.22842,-0.0679,0.004,252.0,2016-03-16T00:00:00Z,SVP
126966,2015-06-15T06:00:00Z,-28.25004,-45.22811,0.0202,0.0693,140.41666,2016-03-16T00:00:00Z,SVP
126966,2015-06-15T07:00:00Z,-28.24179,-45.22477,0.0981,0.216,147.58333,2016-03-16T00:00:00Z,SVP
126966,2015-06-15T08:00:00Z,-28.23346,-45.22162,0.0033,0.3224,147.58333,2016-03-16T00:00:00Z,SVP
126966,2015-06-15T09:00:00Z,-28.2222,-45.22278,0.0254,0.4146,126.0,2016-03-16T00:00:00Z,SVP
126966,2015-06-15T10:00:00Z,-28.20982,-45.22182,0.0412,0.4366,241.20834,2016-03-16T00:00:00Z,SVP
126966,2015-06-15T11:00:00Z,-28.19471,-45.22019,0.0404,0.4397,241.20834,2016-03-16T00:00:00Z,SVP
126966,2015-06-15T12:00:00Z,-28.18279,-45.22212,-0.0838,0.3788,111.583336,2016-03-16T00:00:00Z,SVP
126966,2015-06-15T13:00:00Z,-28.17127,-45.2266,-0.1422,0.3099,140.41666,2016-03-16T00:00:00Z,SVP
126966,2015-06-15T14:00:00Z,-28.16112,-45.23299,-0.1795,0.319,460.79166,2016-03-16T00:00:00Z,SVP
126966,2015-06-15T15:00:00Z,-28.15152,-45.23947,-0.1794,0.3153,460.79166,2016-03-16T00:00:00Z,SVP
126966,2015-06-15T16:00:00Z,-28.14373,-45.24545,-0.1784,0.3023,460.79166,2016-03-16T00:00:00Z,SVP
126966,2015-06-15T17:00:00Z,-28.13098,-45.25352,-0.1968,0.3084,233.99998,2016-03-16T00:00:00Z,SVP
126966,2015-06-15T18:00:00Z,-28.11935,-45.26057,-0.1946,0.2037,511.20834,2016-03-16T00:00:00Z,SVP
126966,2015-06-15T19:00:00Z,-28.11297,-45.26775,-0.1943,0.203,511.20834,2016-03-16T00:00:00Z,SVP
126966,2015-06-15T20:00:00Z,-28.10607,-45.27524,-0.194,0.2016,511.20834,2016-03-16T00:00:00Z,SVP
126966,2015-06-15T21:00:00Z,-28.09868,-45.28318,-0.1931,0.1989,511.20834,2016-03-16T00:00:00Z,SVP
126966,2015-06-15T22:00:00Z,-28.09437,-45.28842,-0.1622,0.1539,417.58334,2016-03-16T00:00:00Z,SVP
126966,2015-06-15T23:00:00Z,-28.09001,-45.29376,-0.1612,0.1534,417.58334,2016-03-16T00:00:00Z,SVP
126966,2015-06-16T00:00:00Z,-28.0855,-45.29907,-0.1108,0.0984,104.41666,2016-03-16T00:00:00Z,SVP
126966,2015-06-16T01:00:00Z,-28.08321,-45.30163,-0.0529,0.1294,126.0,2016-03-16T00:00:00Z,SVP
126966,2015-06-16T02:00:00Z,-28.07961,-45.30396,-0.0479,0.1335,558.0,2016-03-16T00:00:00Z,SVP
126966,2015-06-16T03:00:00Z,-28.07525,-45.30545,-0.0484,0.1332,558.0,2016-03-16T00:00:00Z,SVP
126966,2015-06-16T04:00:00Z,-28.0707,-45.30709,-0.0489,0.1332,558.0,2016-03-16T00:00:00Z,SVP
126966,2015-06-16T05:00:00Z,-28.06588,-45.30874,-0.0495,0.1329,558.0,2016-03-16T00:00:00Z,SVP
126966,2015-06-16T06:00:00Z,-28.06305,-45.30998,-0.0334,0.1109,248.41667,2016-03-16T00:00:00Z,SVP
126966,2015-06-16T07:00:00Z,-28.06158,-45.30906,0.0274,0.1933,147.58333,2016-03-16T00:00:00Z,SVP
126966,2015-06-16T08:00:00Z,-28.05446,-45.30618,0.0431,0.2569,111.583336,2016-03-16T00:00:00Z,SVP
126966,2015-06-16T09:00:00Z,-28.04668,-45.30538,-0.0027,0.2253,108.00001,2016-03-16T00:00:00Z,SVP
126966,2015-06-16T10:00:00Z,-28.03925,-45.3044,0.0326,0.2323,277.20834,2016-03-16T00:00:00Z,SVP
126966,2015-06-16T11:00:00Z,-28.03217,-45.30436,0.0287,0.2314,277.20834,2016-03-16T00:00:00Z,SVP
126966,2015-06-16T12:00:00Z,-28.02455,-45.30253,-0.1443,0.2085,126.0,2016-03-16T00:00:00Z,SVP
126966,2015-06-16T13:00:00Z,-28.01769,-45.3102,-0.2777,0.2478,126.0,2016-03-16T00:00:00Z,SVP
126966,2015-06-16T14:00:00Z,-28.01005,-45.30986,-0.0316,0.2437,608.4167,2016-03-16T00:00:00Z,SVP
126966,2015-06-16T15:00:00Z,-28.00207,-45.3026,0.0538,0.244,608.4167,2016-03-16T00:00:00Z,SVP
126966,2015-06-16T16:00:00Z,-27.99387,-45.30016,0.055,0.2453,608.4167,2016-03-16T00:00:00Z,SVP
126966,2015-06-16T17:00:00Z,-27.98538,-45.29772,0.0559,0.2472,608.4167,2016-03-16T00:00:00Z,SVP
126966,2015-06-16T18:00:00Z,-27.97823,-45.29902,-0.2026,0.1611,396.00003,2016-03-16T00:00:00Z,SVP
126966,2015-06-16T19:00:00Z,-27.97365,-45.30674,-0.2017,0.1643,396.00003,2016-03-16T00:00:00Z,SVP
126966,2015-06-16T20:00:00Z,-27.96868,-45.31458,-0.1994,0.167,396.00003,2016-03-16T00:00:00Z,SVP
126966,2015-06-16T21:00:00Z,-27.96395,-45.31966,-0.0068,0.1411,500.4167,2016-03-16T00:00:00Z,SVP
126966,2015-06-16T22:00:00Z,-27.95939,-45.31984,-0.007,0.1411,500.4167,2016-03-16T00:00:00Z,SVP
126966,2015-06-16T23:00:00Z,-27.95486,-45.32014,-0.0066,0.1413,500.4167,2016-03-16T00:00:00Z,SVP
126966,2015-06-17T00:00:00Z,-27.95038,-45.32055,-0.0052,0.1421,500.4167,2016-03-16T00:00:00Z,SVP
126966,2015-06-17T01:00:00Z,-27.94594,-45.32011,0.0064,0.1331,140.41666,2016-03-16T00:00:00Z,SVP
126966,2015-06-17T02:00:00Z,-27.94336,-45.31939,0.0113,0.1508,457.20834,2016-03-16T00:00:00Z,SVP
126966,2015-06-17T03:00:00Z,-27.93706,-45.3191,0.0112,0.1489,457.20834,2016-03-16T00:00:00Z,SVP
126966,2015-06-17T04:00:00Z,-27.93157,-45.31879,0.0113,0.1485,457.20834,2016-03-16T00:00:00Z,SVP
126966,2015-06-17T05:00:00Z,-27.92495,-45.3188,0.0149,0.1524,396.00003,2016-03-16T00:00:00Z,SVP
126966,2015-06-17T06:00:00Z,-27.9217,-45.31797,0.0138,0.1557,396.00003,2016-03-16T00:00:00Z,SVP
126966,2015-06-17T07:00:00Z,-27.91755,-45.31737,0.0132,0.1599,396.00003,2016-03-16T00:00:00Z,SVP
126966,2015-06-17T08:00:00Z,-27.91106,-45.31466,0.2403,0.1682,68.416664,2016-03-16T00:00:00Z,SVP
126966,2015-06-17T09:00:00Z,-27.90643,-45.30615,0.2321,0.1666,511.20834,2016-03-16T00:00:00Z,SVP
126966,2015-06-17T10:00:00Z,-27.90115,-45.29724,0.2327,0.1669,511.20834,2016-03-16T00:00:00Z,SVP
126966,2015-06-17T11:00:00Z,-27.89569,-45.28784,0.2342,0.1663,511.20834,2016-03-16T00:00:00Z,SVP
126966,2015-06-17T12:00:00Z,-27.88967,-45.2805,-0.017,0.1659,140.41666,2016-03-16T00:00:00Z,SVP
126966,2015-06-17T13:00:00Z,-27.8823,-45.28258,-0.0589,0.2743,111.583336,2016-03-16T00:00:00Z,SVP
126966,2015-06-17T14:00:00Z,-27.87446,-45.27992,0.0608,0.2541,640.7917,2016-03-16T00:00:00Z,SVP
126966,2015-06-17T15:00:00Z,-27.86619,-45.27705,0.0605,0.2543,640.7917,2016-03-16T00:00:00Z,SVP
126966,2015-06-17T16:00:00Z,-27.85728,-45.27446,0.0601,0.2589,640.7917,2016-03-16T00:00:00Z,SVP
126966,2015-06-17T17:00:00Z,-27.84695,-45.27185,0.0596,0.2713,640.7917,2016-03-16T00:00:00Z,SVP
126966,2015-06-17T18:00:00Z,-27.84037,-45.26753,0.0969,0.2064,388.79166,2016-03-16T00:00:00Z,SVP
126966,2015-06-17T19:00:00Z,-27.83532,-45.26402,0.097,0.2292,388.79166,2016-03-16T00:00:00Z,SVP
126966,2015-06-17T20:00:00Z,-27.82836,-45.26357,0.086,0.231,388.79166,2016-03-16T00:00:00Z,SVP
126966,2015-06-17T21:00:00Z,-27.8224,-45.25292,0.1869,0.1516,252.0,2016-03-16T00:00:00Z,SVP
126966,2015-06-17T22:00:00Z,-27.81701,-45.2463,0.186,0.1524,252.0,2016-03-16T00:00:00Z,SVP
126966,2015-06-17T23:00:00Z,-27.81255,-45.24048,0.1495,0.1411,269.99997,2016-03-16T00:00:00Z,SVP
126966,2015-06-18T00:00:00Z,-27.80829,-45.23438,0.1152,0.1831,136.79167,2016-03-16T00:00:00Z,SVP
126966,2015-06-18T01:00:00Z,-27.80142,-45.23242,0.1884,0.2358,115.208336,2016-03-16T00:00:00Z,SVP
126966,2015-06-18T02:00:00Z,-27.79433,-45.22502,0.2222,0.2226,482.4167,2016-03-16T00:00:00Z,SVP
126966,2015-06-18T03:00:00Z,-27.78678,-45.21769,0.2249,0.2222,482.4167,2016-03-16T00:00:00Z,SVP
126966,2015-06-18T04:00:00Z,-27.77904,-45.21028,0.2291,0.2213,482.4167,2016-03-16T00:00:00Z,SVP
126966,2015-06-18T05:00:00Z,-27.77132,-45.20261,0.2228,0.1974,370.79166,2016-03-16T00:00:00Z,SVP
126966,2015-06-18T06:00:00Z,-27.76577,-45.19347,0.2225,0.2015,370.79166,2016-03-16T00:00:00Z,SVP
126966,2015-06-18T07:00:00Z,-27.75956,-45.18463,0.2215,0.2029,370.79166,2016-03-16T00:00:00Z,SVP
126966,2015-06-18T08:00:00Z,-27.75367,-45.17703,0.1944,0.1592,86.41667,2016-03-16T00:00:00Z,SVP
126966,2015-06-18T09:00:00Z,-27.74857,-45.16881,0.2599,0.151,252.0,2016-03-16T00:00:00Z,SVP
126966,2015-06-18T10:00:00Z,-27.74369,-45.16234,0.2535,0.1934,183.58333,2016-03-16T00:00:00Z,SVP
126966,2015-06-18T11:00:00Z,-27.73747,-45.14377,0.3076,0.1999,183.58333,2016-03-16T00:00:00Z,SVP
126966,2015-06-18T12:00:00Z,-27.72815,-45.14377,0.2348,0.2796,136.79167,2016-03-16T00:00:00Z,SVP
126966,2015-06-18T13:00:00Z,-27.71788,-45.13506,0.2383,0.338,658.7917,2016-03-16T00:00:00Z,SVP
126966,2015-06-18T14:00:00Z,-27.70688,-45.12656,0.2373,0.3384,658.7917,2016-03-16T00:00:00Z,SVP
126966,2015-06-18T15:00:00Z,-27.69599,-45.11798,0.2369,0.3382,658.7917,2016-03-16T00:00:00Z,SVP
126966,2015-06-18T16:00:00Z,-27.68524,-45.10941,0.2366,0.3375,658.7917,2016-03-16T00:00:00Z,SVP
126966,2015-06-18T17:00:00Z,-27.67492,-45.10095,0.2362,0.3357,658.7917,2016-03-16T00:00:00Z,SVP
126966,2015-06-18T18:00:00Z,-27.66267,-45.09162,0.2398,0.352,255.58333,2016-03-16T00:00:00Z,SVP
126966,2015-06-18T19:00:00Z,-27.65082,-45.08415,0.1497,0.3571,72.0,2016-03-16T00:00:00Z,SVP
126966,2015-06-18T20:00:00Z,-27.64029,-45.08675,0.0573,0.3357,172.79166,2016-03-16T00:00:00Z,SVP
126966,2015-06-18T21:00:00Z,-27.6293,-45.08843,0.0017,0.334,172.79166,2016-03-16T00:00:00Z,SVP
126966,2015-06-18T22:00:00Z,-27.62027,-45.07798,0.1461,0.2551,306.0,2016-03-16T00:00:00Z,SVP
126966,2015-06-18T23:00:00Z,-27.61255,-45.07269,0.1436,0.2525,306.0,2016-03-16T00:00:00Z,SVP
126966,2015-06-19T00:00:00Z,-27.60418,-45.06754,0.1193,0.2587,129.58333,2016-03-16T00:00:00Z,SVP
126966,2015-06-19T01:00:00Z,-27.59581,-45.06222,0.2085,0.3001,111.583336,2016-03-16T00:00:00Z,SVP
126966,2015-06-19T02:00:00Z,-27.58529,-45.05463,0.2169,0.3132,522.0,2016-03-16T00:00:00Z,SVP
126966,2015-06-19T03:00:00Z,-27.57491,-45.04667,0.217,0.3138,522.0,2016-03-16T00:00:00Z,SVP
126966,2015-06-19T04:00:00Z,-27.56483,-45.03865,0.2172,0.3141,522.0,2016-03-16T00:00:00Z,SVP
126966,2015-06-19T05:00:00Z,-27.55475,-45.03062,0.2159,0.3351,237.58334,2016-03-16T00:00:00Z,SVP
126966,2015-06-19T06:00:00Z,-27.54336,-45.0231,0.2153,0.3361,237.58334,2016-03-16T00:00:00Z,SVP
126966,2015-06-19T07:00:00Z,-27.53421,-45.01384,0.2683,0.2544,140.41666,2016-03-16T00:00:00Z,SVP
126966,2015-06-19T08:00:00Z,-27.52869,-45.00234,0.3444,0.1295,259.20834,2016-03-16T00:00:00Z,SVP
126966,2015-06-19T09:00:00Z,-27.52317,-44.99023,0.3324,0.1512,288.0,2016-03-16T00:00:00Z,SVP
126966,2015-06-19T10:00:00Z,-27.52086,-44.97816,0.3314,0.1108,288.0,2016-03-16T00:00:00Z,SVP
126966,2015-06-19T11:00:00Z,-27.51685,-44.96655,0.2742,0.6806,122.416664,2016-03-16T00:00:00Z,SVP
126966,2015-06-19T12:00:00Z,-27.49411,-44.95739,0.2496,0.3588,118.79167,2016-03-16T00:00:00Z,SVP
126966,2015-06-19T13:00:00Z,-27.4823,-44.94864,0.2661,0.316,687.5834,2016-03-16T00:00:00Z,SVP
126966,2015-06-19T14:00:00Z,-27.47236,-44.9387,0.2665,0.3156,687.5834,2016-03-16T00:00:00Z,SVP
126966,2015-06-19T15:00:00Z,-27.46218,-44.92887,0.2667,0.3154,687.5834,2016-03-16T00:00:00Z,SVP
126966,2015-06-19T16:00:00Z,-27.45186,-44.91909,0.2668,0.3153,687.5834,2016-03-16T00:00:00Z,SVP
126966,2015-06-19T17:00:00Z,-27.44128,-44.90932,0.2669,0.3151,687.5834,2016-03-16T00:00:00Z,SVP
126966,2015-06-19T18:00:00Z,-27.43251,-44.89973,0.2705,0.2929,259.20834,2016-03-16T00:00:00Z,SVP
126966,2015-06-19T19:00:00Z,-27.42432,-44.89093,0.2356,0.245,133.20833,2016-03-16T00:00:00Z,SVP
126966,2015-06-19T20:00:00Z,-27.41676,-44.88219,0.2206,0.1737,136.79167,2016-03-16T00:00:00Z,SVP
126966,2015-06-19T21:00:00Z,-27.41121,-44.87337,0.31,0.1803,100.79167,2016-03-16T00:00:00Z,SVP
126966,2015-06-19T22:00:00Z,-27.40473,-44.86146,0.3393,0.2117,432.00003,2016-03-16T00:00:00Z,SVP
126966,2015-06-19T23:00:00Z,-27.39793,-44.84927,0.3387,0.2119,432.00003,2016-03-16T00:00:00Z,SVP
126966,2015-06-20T00:00:00Z,-27.39156,-44.83754,0.3367,0.2109,432.00003,2016-03-16T00:00:00Z,SVP
126966,2015-06-20T01:00:00Z,-27.38192,-44.82423,0.2971,0.2764,122.416664,2016-03-16T00:00:00Z,SVP
126966,2015-06-20T02:00:00Z,-27.37298,-44.81504,0.2967,0.282,388.79166,2016-03-16T00:00:00Z,SVP
126966,2015-06-20T03:00:00Z,-27.36392,-44.80336,0.2933,0.2827,388.79166,2016-03-16T00:00:00Z,SVP
126966,2015-06-20T04:00:00Z,-27.35517,-44.79207,0.288,0.2837,388.79166,2016-03-16T00:00:00Z,SVP
126966,2015-06-20T05:00:00Z,-27.34515,-44.78063,0.3215,0.3069,259.20834,2016-03-16T00:00:00Z,SVP
126966,2015-06-20T06:00:00Z,-27.33405,-44.77038,0.3167,0.3078,259.20834,2016-03-16T00:00:00Z,SVP
126966,2015-06-20T07:00:00Z,-27.3252,-44.7564,0.3675,0.297,241.20834,2016-03-16T00:00:00Z,SVP
126966,2015-06-20T08:00:00Z,-27.31494,-44.7437,0.3694,0.2971,241.20834,2016-03-16T00:00:00Z,SVP
126966,2015-06-20T09:00:00Z,-27.30592,-44.73061,0.2997,0.2964,237.58334,2016-03-16T00:00:00Z,SVP
126966,2015-06-20T10:00:00Z,-27.29648,-44.72019,0.2988,0.2997,237.58334,2016-03-16T00:00:00Z,SVP
126966,2015-06-20T11:00:00Z,-27.28526,-44.70907,0.2836,0.3841,129.58333,2016-03-16T00:00:00Z,SVP
126966,2015-06-20T12:00:00Z,-27.27342,-44.69947,0.2433,0.3375,255.58333,2016-03-16T00:00:00Z,SVP
126966,2015-06-20T13:00:00Z,-27.26079,-44.68836,0.2501,0.3449,255.58333,2016-03-16T00:00:00Z,SVP
126966,2015-06-20T14:00:00Z,-27.25166,-44.68109,0.2319,0.31,579.5834,2016-03-16T00:00:00Z,SVP
126966,2015-06-20T15:00:00Z,-27.24203,-44.6734,0.2305,0.3101,579.5834,2016-03-16T00:00:00Z,SVP
126966,2015-06-20T16:00:00Z,-27.23223,-44.66555,0.2301,0.3102,579.5834,2016-03-16T00:00:00Z,SVP
126966,2015-06-20T17:00:00Z,-27.22281,-44.65736,0.2539,0.2748,241.20834,2016-03-16T00:00:00Z,SVP
126966,2015-06-20T18:00:00Z,-27.21379,-44.6466,0.2493,0.2742,241.20834,2016-03-16T00:00:00Z,SVP
126966,2015-06-20T19:00:00Z,-27.20558,-44.63663,0.2833,0.2484,154.79166,2016-03-16T00:00:00Z,SVP
126966,2015-06-20T20:00:00Z,-27.19746,-44.62515,0.3506,0.2644,133.20833,2016-03-16T00:00:00Z,SVP
126966,2015-06-20T21:00:00Z,-27.18949,-44.6137,0.2341,0.2049,122.416664,2016-03-16T00:00:00Z,SVP
126966,2015-06-20T22:00:00Z,-27.18228,-44.6103,0.3578,0.1982,324.0,2016-03-16T00:00:00Z,SVP
126966,2015-06-20T23:00:00Z,-27.17629,-44.5962,0.3489,0.1965,324.0,2016-03-16T00:00:00Z,SVP
126966,2015-06-21T00:00:00Z,-27.16996,-44.58338,0.3871,0.2088,93.583336,2016-03-16T00:00:00Z,SVP
126966,2015-06-21T01:00:00Z,-27.16217,-44.56907,0.415,0.2802,144.0,2016-03-16T00:00:00Z,SVP
126966,2015-06-21T02:00:00Z,-27.15318,-44.55433,0.4078,0.2888,406.79166,2016-03-16T00:00:00Z,SVP
126966,2015-06-21T03:00:00Z,-27.14357,-44.53919,0.4076,0.2883,406.79166,2016-03-16T00:00:00Z,SVP
126966,2015-06-21T04:00:00Z,-27.1341,-44.52379,0.4069,0.2879,406.79166,2016-03-16T00:00:00Z,SVP
126966,2015-06-21T05:00:00Z,-27.12448,-44.51052,0.3796,0.3039,262.79166,2016-03-16T00:00:00Z,SVP
126966,2015-06-21T06:00:00Z,-27.11454,-44.49724,0.3606,0.339,136.79167,2016-03-16T00:00:00Z,SVP
126966,2015-06-21T07:00:00Z,-27.10341,-44.48416,0.3296,0.3537,233.99998,2016-03-16T00:00:00Z,SVP
126966,2015-06-21T08:00:00Z,-27.09138,-44.47184,0.3274,0.3526,233.99998,2016-03-16T00:00:00Z,SVP
126966,2015-06-21T09:00:00Z,-27.08068,-44.46033,0.302,0.3104,244.79167,2016-03-16T00:00:00Z,SVP
126966,2015-06-21T10:00:00Z,-27.07078,-44.44984,0.3035,0.3097,244.79167,2016-03-16T00:00:00Z,SVP
126966,2015-06-21T11:00:00Z,-27.06167,-44.43921,0.2833,0.2776,273.58334,2016-03-16T00:00:00Z,SVP
126966,2015-06-21T12:00:00Z,-27.05299,-44.42894,0.2506,0.2352,126.0,2016-03-16T00:00:00Z,SVP
126966,2015-06-21T13:00:00Z,-27.0466,-44.4201,0.2518,0.149,612.0,2016-03-16T00:00:00Z,SVP
126966,2015-06-21T14:00:00Z,-27.04195,-44.41079,0.2521,0.1491,612.0,2016-03-16T00:00:00Z,SVP
126966,2015-06-21T15:00:00Z,-27.03717,-44.40172,0.2523,0.1491,612.0,2016-03-16T00:00:00Z,SVP
126966,2015-06-21T16:00:00Z,-27.03234,-44.39287,0.2527,0.1491,612.0,2016-03-16T00:00:00Z,SVP
126966,2015-06-21T17:00:00Z,-27.02736,-44.38385,0.2697,0.1474,233.99998,2016-03-16T00:00:00Z,SVP
126966,2015-06-21T18:00:00Z,-27.02263,-44.37273,0.2723,0.1476,233.99998,2016-03-16T00:00:00Z,SVP
126966,2015-06-21T19:00:00Z,-27.01805,-44.36452,0.2418,0.1365,147.58333,2016-03-16T00:00:00Z,SVP
126966,2015-06-21T20:00:00Z,-27.01643,-44.35501,0.2409,0.0488,183.58333,2016-03-16T00:00:00Z,SVP
126966,2015-06-21T21:00:00Z,-27.01507,-44.34474,0.3001,0.0285,77.41667,2016-03-16T00:00:00Z,SVP
126966,2015-06-21T22:00:00Z,-27.0142,-44.33411,0.3102,0.0321,473.41666,2016-03-16T00:00:00Z,SVP
126966,2015-06-21T23:00:00Z,-27.01313,-44.323,0.3108,0.032,473.41666,2016-03-16T00:00:00Z,SVP
126966,2015-06-22T00:00:00Z,-27.012,-44.31188,0.3118,0.0317,473.41666,2016-03-16T00:00:00Z,SVP
126966,2015-06-22T01:00:00Z,-27.01118,-44.30121,0.2879,0.0308,133.20833,2016-03-16T00:00:00Z,SVP
126966,2015-06-22T02:00:00Z,-27.00963,-44.29467,0.27,0.0451,309.5833,2016-03-16T00:00:00Z,SVP
126966,2015-06-22T03:00:00Z,-27.00822,-44.28382,0.2632,0.0451,309.5833,2016-03-16T00:00:00Z,SVP
126966,2015-06-22T04:00:00Z,-27.00656,-44.27415,0.2725,0.0543,259.20834,2016-03-16T00:00:00Z,SVP
126966,2015-06-22T05:00:00Z,-27.005,-44.26471,0.2731,0.0549,259.20834,2016-03-16T00:00:00Z,SVP
126966,2015-06-22T06:00:00Z,-27.0033,-44.25466,0.2772,0.072,298.7917,2016-03-16T00:00:00Z,SVP
126966,2015-06-22T07:00:00Z,-27.00061,-44.24444,0.2778,0.0722,298.7917,2016-03-16T00:00:00Z,SVP
126966,2015-06-22T20:00:00Z,-27.00012,-44.18652,0.0118,-0.0994,147.58333,2016-03-16T00:00:00Z,SVP
126966,2015-06-22T21:00:00Z,-27.00481,-44.18284,0.1679,-0.1698,162.0,2016-03-16T00:00:00Z,SVP
126966,2015-06-22T22:00:00Z,-27.01033,-44.17751,0.2035,-0.1605,320.41666,2016-03-16T00:00:00Z,SVP
126966,2015-06-22T23:00:00Z,-27.01533,-44.17027,0.2022,-0.1595,320.41666,2016-03-16T00:00:00Z,SVP
126966,2015-06-23T00:00:00Z,-27.02076,-44.16378,0.1215,-0.1491,126.0,2016-03-16T00:00:00Z,SVP
126966,2015-06-23T01:00:00Z,-27.02492,-44.16054,0.1022,-0.1182,111.583336,2016-03-16T00:00:00Z,SVP
126966,2015-06-23T02:00:00Z,-27.02895,-44.1574,0.1408,-0.0701,356.41666,2016-03-16T00:00:00Z,SVP
126966,2015-06-23T03:00:00Z,-27.03148,-44.15217,0.1403,-0.0676,356.41666,2016-03-16T00:00:00Z,SVP
126966,2015-06-23T04:00:00Z,-27.03415,-44.14707,0.1518,-0.0345,255.58333,2016-03-16T00:00:00Z,SVP
126966,2015-06-23T05:00:00Z,-27.03457,-44.14162,0.152,-0.0349,255.58333,2016-03-16T00:00:00Z,SVP
126966,2015-06-23T06:00:00Z,-27.03624,-44.13617,0.1504,-0.049,133.20833,2016-03-16T00:00:00Z,SVP
126966,2015-06-23T07:00:00Z,-27.03808,-44.13147,0.1159,-0.0599,122.416664,2016-03-16T00:00:00Z,SVP
126966,2015-06-23T08:00:00Z,-27.03867,-44.12794,0.0886,-0.0067,129.58333,2016-03-16T00:00:00Z,SVP
126966,2015-06-23T09:00:00Z,-27.0383,-44.12449,0.0789,0.0195,248.41667,2016-03-16T00:00:00Z,SVP
126966,2015-06-23T10:00:00Z,-27.0372,-44.12272,0.0682,0.0236,248.41667,2016-03-16T00:00:00Z,SVP
126966,2015-06-23T11:00:00Z,-27.03833,-44.12146,0.0088,-0.0599,68.416664,2016-03-16T00:00:00Z,SVP
126966,2015-06-23T12:00:00Z,-27.0419,-44.12346,0.0128,-0.1442,126.0,2016-03-16T00:00:00Z,SVP
126966,2015-06-23T13:00:00Z,-27.04655,-44.12032,-0.0048,-0.1532,525.5833,2016-03-16T00:00:00Z,SVP
126966,2015-06-23T14:00:00Z,-27.05151,-44.12139,-0.0018,-0.1532,525.5833,2016-03-16T00:00:00Z,SVP
126966,2015-06-23T15:00:00Z,-27.05642,-44.12175,-6.0E-4,-0.1533,525.5833,2016-03-16T00:00:00Z,SVP
126966,2015-06-23T16:00:00Z,-27.06127,-44.1219,1.0E-4,-0.1533,525.5833,2016-03-16T00:00:00Z,SVP
126966,2015-06-23T17:00:00Z,-27.0665,-44.12144,-0.0042,-0.1592,244.79167,2016-03-16T00:00:00Z,SVP
126966,2015-06-23T18:00:00Z,-27.07158,-44.12136,0.0384,-0.1487,255.58333,2016-03-16T00:00:00Z,SVP
126966,2015-06-23T19:00:00Z,-27.07616,-44.11931,0.0426,-0.1462,255.58333,2016-03-16T00:00:00Z,SVP
126966,2015-06-23T20:00:00Z,-27.07981,-44.11838,0.0353,-0.1073,75.583336,2016-03-16T00:00:00Z,SVP
126966,2015-06-23T21:00:00Z,-27.0818,-44.11743,0.0207,-0.0488,115.208336,2016-03-16T00:00:00Z,SVP
126966,2015-06-23T22:00:00Z,-27.08239,-44.11758,-0.0093,0.0053,262.79166,2016-03-16T00:00:00Z,SVP
126966,2015-06-23T23:00:00Z,-27.08182,-44.1158,-0.0088,0.0067,262.79166,2016-03-16T00:00:00Z,SVP
126966,2015-06-24T00:00:00Z,-27.08208,-44.11766,-0.0146,-0.0058,133.20833,2016-03-16T00:00:00Z,SVP
126966,2015-06-24T01:00:00Z,-27.08313,-44.11875,-0.0565,-0.0318,486.00003,2016-03-16T00:00:00Z,SVP
126966,2015-06-24T02:00:00Z,-27.08364,-44.12022,-0.0586,-0.0322,486.00003,2016-03-16T00:00:00Z,SVP
126966,2015-06-24T03:00:00Z,-27.08381,-44.12172,-0.0619,-0.0329,486.00003,2016-03-16T00:00:00Z,SVP
126966,2015-06-24T04:00:00Z,-27.08453,-44.12426,-0.0669,-0.0591,252.0,2016-03-16T00:00:00Z,SVP
126966,2015-06-24T05:00:00Z,-27.08776,-44.12724,-0.0645,-0.0444,252.0,2016-03-16T00:00:00Z,SVP
126966,2015-06-24T06:00:00Z,-27.0897,-44.12966,-0.0792,-0.0895,226.79166,2016-03-16T00:00:00Z,SVP
126966,2015-06-24T07:00:00Z,-27.09271,-44.13212,-0.0441,-0.1336,162.0,2016-03-16T00:00:00Z,SVP
126966,2015-06-24T08:00:00Z,-27.09735,-44.13361,-0.0381,-0.1519,75.583336,2016-03-16T00:00:00Z,SVP
126966,2015-06-24T09:00:00Z,-27.10253,-44.13614,-0.1249,-0.1285,252.0,2016-03-16T00:00:00Z,SVP
126966,2015-06-24T10:00:00Z,-27.10452,-44.13949,-0.1141,-0.1126,252.0,2016-03-16T00:00:00Z,SVP
126966,2015-06-24T11:00:00Z,-27.11244,-44.15026,-0.2108,-0.1842,230.41667,2016-03-16T00:00:00Z,SVP
126966,2015-06-24T12:00:00Z,-27.1189,-44.15779,-0.0734,-0.2424,115.208336,2016-03-16T00:00:00Z,SVP
126966,2015-06-24T13:00:00Z,-27.12656,-44.15876,-0.0102,-0.2389,133.20833,2016-03-16T00:00:00Z,SVP
126966,2015-06-24T14:00:00Z,-27.13375,-44.15942,-0.0206,-0.2253,673.2083,2016-03-16T00:00:00Z,SVP
126966,2015-06-24T15:00:00Z,-27.14121,-44.16039,-0.0209,-0.2258,673.2083,2016-03-16T00:00:00Z,SVP
126966,2015-06-24T16:00:00Z,-27.14876,-44.16126,-0.0211,-0.2265,673.2083,2016-03-16T00:00:00Z,SVP
126966,2015-06-24T17:00:00Z,-27.15666,-44.16213,-0.0211,-0.228,673.2083,2016-03-16T00:00:00Z,SVP
126966,2015-06-24T18:00:00Z,-27.16449,-44.1634,-0.0355,-0.2004,262.79166,2016-03-16T00:00:00Z,SVP
126966,2015-06-24T19:00:00Z,-27.16931,-44.16439,-0.0351,-0.2083,262.79166,2016-03-16T00:00:00Z,SVP
126966,2015-06-24T20:00:00Z,-27.17522,-44.17024,-0.269,-0.1522,126.0,2016-03-16T00:00:00Z,SVP
126966,2015-06-24T21:00:00Z,-27.17972,-44.17508,-0.0548,-0.0806,54.000004,2016-03-16T00:00:00Z,SVP
126966,2015-06-24T22:00:00Z,-27.18276,-44.17692,-0.1091,-0.0971,421.20834,2016-03-16T00:00:00Z,SVP
126966,2015-06-24T23:00:00Z,-27.18573,-44.18109,-0.1088,-0.0969,421.20834,2016-03-16T00:00:00Z,SVP
126966,2015-06-25T00:00:00Z,-27.18828,-44.18528,-0.1078,-0.0966,421.20834,2016-03-16T00:00:00Z,SVP
126966,2015-06-25T01:00:00Z,-27.19363,-44.18966,-0.1808,-0.1475,126.0,2016-03-16T00:00:00Z,SVP
126966,2015-06-25T02:00:00Z,-27.19881,-44.19656,-0.2204,-0.1376,266.41666,2016-03-16T00:00:00Z,SVP
126966,2015-06-25T03:00:00Z,-27.20243,-44.20546,-0.2211,-0.1363,266.41666,2016-03-16T00:00:00Z,SVP
126966,2015-06-25T04:00:00Z,-27.20712,-44.21345,-0.1706,-0.2014,255.58333,2016-03-16T00:00:00Z,SVP
126966,2015-06-25T05:00:00Z,-27.21367,-44.21952,-0.1656,-0.2047,255.58333,2016-03-16T00:00:00Z,SVP
126966,2015-06-25T06:00:00Z,-27.22054,-44.22282,-0.0908,-0.2249,385.20834,2016-03-16T00:00:00Z,SVP
126966,2015-06-25T07:00:00Z,-27.22795,-44.22032,-0.0253,-0.2253,385.20834,2016-03-16T00:00:00Z,SVP
126966,2015-06-25T08:00:00Z,-27.23397,-44.22598,-0.5336,-0.1831,57.583332,2016-03-16T00:00:00Z,SVP
126966,2015-06-25T09:00:00Z,-27.23872,-44.24513,-0.3525,-0.1035,216.00002,2016-03-16T00:00:00Z,SVP
126966,2015-06-25T10:00:00Z,-27.24199,-44.25911,-0.3041,-0.0864,255.58333,2016-03-16T00:00:00Z,SVP
126966,2015-06-25T11:00:00Z,-27.24462,-44.2688,-0.3092,-0.0858,255.58333,2016-03-16T00:00:00Z,SVP
126966,2015-06-25T12:00:00Z,-27.24798,-44.27999,-0.2714,-0.1068,118.79167,2016-03-16T00:00:00Z,SVP
126966,2015-06-25T13:00:00Z,-27.25405,-44.28585,-0.2501,-0.1209,698.4167,2016-03-16T00:00:00Z,SVP
126966,2015-06-25T14:00:00Z,-27.25741,-44.29549,-0.2527,-0.1219,698.4167,2016-03-16T00:00:00Z,SVP
126966,2015-06-25T15:00:00Z,-27.26119,-44.30457,-0.2529,-0.1222,698.4167,2016-03-16T00:00:00Z,SVP
126966,2015-06-25T16:00:00Z,-27.26508,-44.31325,-0.252,-0.1223,698.4167,2016-03-16T00:00:00Z,SVP
126966,2015-06-25T17:00:00Z,-27.26904,-44.32154,-0.2511,-0.1223,698.4167,2016-03-16T00:00:00Z,SVP
126966,2015-06-25T18:00:00Z,-27.27266,-44.33137,-0.3118,-0.1064,392.41666,2016-03-16T00:00:00Z,SVP
126966,2015-06-25T19:00:00Z,-27.276,-44.34421,-0.3027,-0.1059,392.41666,2016-03-16T00:00:00Z,SVP
126966,2015-06-25T20:00:00Z,-27.27969,-44.35647,-0.2919,-0.1062,392.41666,2016-03-16T00:00:00Z,SVP
126966,2015-06-25T21:00:00Z,-27.28009,-44.36747,-0.3271,-0.0121,460.79166,2016-03-16T00:00:00Z,SVP
126966,2015-06-25T22:00:00Z,-27.28081,-44.37976,-0.3272,-0.012,460.79166,2016-03-16T00:00:00Z,SVP
126966,2015-06-25T23:00:00Z,-27.28128,-44.39184,-0.3271,-0.0121,460.79166,2016-03-16T00:00:00Z,SVP
126966,2015-06-26T00:00:00Z,-27.28178,-44.40326,-0.3044,-0.0366,97.20833,2016-03-16T00:00:00Z,SVP
126966,2015-06-26T01:00:00Z,-27.28282,-44.41403,-0.3215,-0.0102,144.0,2016-03-16T00:00:00Z,SVP
126966,2015-06-26T02:00:00Z,-27.2828,-44.42557,-0.3371,0.0289,536.4166,2016-03-16T00:00:00Z,SVP
126966,2015-06-26T03:00:00Z,-27.28201,-44.44296,-0.4137,0.0285,536.4166,2016-03-16T00:00:00Z,SVP
126966,2015-06-26T04:00:00Z,-27.28165,-44.45869,-0.4167,0.0264,536.4166,2016-03-16T00:00:00Z,SVP
126966,2015-06-26T05:00:00Z,-27.28201,-44.47452,-0.2752,0.0965,396.00003,2016-03-16T00:00:00Z,SVP
126966,2015-06-26T06:00:00Z,-27.27784,-44.48285,-0.2753,0.0904,396.00003,2016-03-16T00:00:00Z,SVP
126966,2015-06-26T07:00:00Z,-27.27457,-44.48662,-0.3341,0.0889,396.00003,2016-03-16T00:00:00Z,SVP
126966,2015-06-26T08:00:00Z,-27.27077,-44.49816,-0.2804,0.1571,212.41667,2016-03-16T00:00:00Z,SVP
126966,2015-06-26T09:00:00Z,-27.26547,-44.51455,-0.2777,0.162,212.41667,2016-03-16T00:00:00Z,SVP
126966,2015-06-26T10:00:00Z,-27.2571,-44.52264,-0.2794,0.239,396.00003,2016-03-16T00:00:00Z,SVP
126966,2015-06-26T11:00:00Z,-27.2493,-44.53116,-0.2935,0.2395,396.00003,2016-03-16T00:00:00Z,SVP
126966,2015-06-26T12:00:00Z,-27.24166,-44.54257,-0.2948,0.2546,144.0,2016-03-16T00:00:00Z,SVP
126966,2015-06-26T13:00:00Z,-27.23361,-44.55617,-0.4671,0.2226,115.208336,2016-03-16T00:00:00Z,SVP
126966,2015-06-26T14:00:00Z,-27.22593,-44.56662,-0.3001,0.2356,604.7916,2016-03-16T00:00:00Z,SVP
126966,2015-06-26T15:00:00Z,-27.21833,-44.57726,-0.2997,0.2357,604.7916,2016-03-16T00:00:00Z,SVP
126966,2015-06-26T16:00:00Z,-27.21089,-44.58833,-0.2996,0.2357,604.7916,2016-03-16T00:00:00Z,SVP
126966,2015-06-26T17:00:00Z,-27.20386,-44.62282,-0.4552,0.2354,604.7916,2016-03-16T00:00:00Z,SVP
126966,2015-06-26T18:00:00Z,-27.19617,-44.63062,-0.014,0.2693,388.79166,2016-03-16T00:00:00Z,SVP
126966,2015-06-26T19:00:00Z,-27.18718,-44.63064,-0.0201,0.2684,388.79166,2016-03-16T00:00:00Z,SVP
126966,2015-06-26T20:00:00Z,-27.1787,-44.63105,-0.0282,0.2723,388.79166,2016-03-16T00:00:00Z,SVP
126966,2015-06-26T21:00:00Z,-27.16759,-44.6347,-0.1052,0.3302,255.58333,2016-03-16T00:00:00Z,SVP
126966,2015-06-26T22:00:00Z,-27.15663,-44.63766,-0.1158,0.3432,360.0,2016-03-16T00:00:00Z,SVP
126966,2015-06-26T23:00:00Z,-27.14568,-44.64274,-0.1159,0.3433,360.0,2016-03-16T00:00:00Z,SVP
126966,2015-06-27T00:00:00Z,-27.13481,-44.6476,-0.1151,0.3438,360.0,2016-03-16T00:00:00Z,SVP
126966,2015-06-27T01:00:00Z,-27.1232,-44.64973,-0.044,0.349,129.58333,2016-03-16T00:00:00Z,SVP
126966,2015-06-27T02:00:00Z,-27.12212,-44.65531,-0.037,0.4567,442.79166,2016-03-16T00:00:00Z,SVP
126966,2015-06-27T03:00:00Z,-27.10543,-44.65424,-0.0472,0.4416,442.79166,2016-03-16T00:00:00Z,SVP
126966,2015-06-27T04:00:00Z,-27.0906,-44.65504,-0.0509,0.4351,442.79166,2016-03-16T00:00:00Z,SVP
126966,2015-06-27T05:00:00Z,-27.07705,-44.65608,-0.0597,0.4511,374.41666,2016-03-16T00:00:00Z,SVP
126966,2015-06-27T06:00:00Z,-27.06274,-44.65919,-0.0532,0.452,374.41666,2016-03-16T00:00:00Z,SVP
126966,2015-06-27T07:00:00Z,-27.04813,-44.66189,-0.0435,0.4516,374.41666,2016-03-16T00:00:00Z,SVP
126966,2015-06-27T08:00:00Z,-27.03418,-44.66274,-0.0432,0.4301,187.20833,2016-03-16T00:00:00Z,SVP
126966,2015-06-27T09:00:00Z,-27.02031,-44.66348,0.0441,0.4721,0.0,2016-03-16T00:00:00Z,SVP
126966,2015-06-27T10:00:00Z,-27.00437,-44.66078,0.0824,0.4964,180.0,2016-03-16T00:00:00Z,SVP
126966,2015-06-30T11:00:00Z,-27.00765,-44.37539,-0.1601,-0.3409,252.0,2016-03-16T00:00:00Z,SVP
126966,2015-06-30T12:00:00Z,-27.01695,-44.38533,-0.1219,-0.2921,144.0,2016-03-16T00:00:00Z,SVP
126966,2015-06-30T13:00:00Z,-27.02962,-44.38477,-0.1395,-0.2648,565.2083,2016-03-16T00:00:00Z,SVP
126966,2015-06-30T14:00:00Z,-27.03767,-44.39047,-0.1387,-0.266,565.2083,2016-03-16T00:00:00Z,SVP
126966,2015-06-30T15:00:00Z,-27.04607,-44.39599,-0.1375,-0.2667,565.2083,2016-03-16T00:00:00Z,SVP
126966,2015-06-30T16:00:00Z,-27.05459,-44.40169,-0.1341,-0.2672,565.2083,2016-03-16T00:00:00Z,SVP
126966,2015-06-30T17:00:00Z,-27.06335,-44.40654,-0.132,-0.2606,241.20834,2016-03-16T00:00:00Z,SVP
126966,2015-06-30T18:00:00Z,-27.07194,-44.41018,-0.1353,-0.2606,241.20834,2016-03-16T00:00:00Z,SVP
126966,2015-06-30T19:00:00Z,-27.07932,-44.41429,-0.0854,-0.2169,140.41666,2016-03-16T00:00:00Z,SVP
126966,2015-06-30T20:00:00Z,-27.08276,-44.41623,-0.1414,-0.1233,147.58333,2016-03-16T00:00:00Z,SVP
126966,2015-06-30T21:00:00Z,-27.08774,-44.42181,-0.1942,-0.1123,100.79167,2016-03-16T00:00:00Z,SVP
126966,2015-06-30T22:00:00Z,-27.09085,-44.42898,-0.1804,-0.0905,421.20834,2016-03-16T00:00:00Z,SVP
126966,2015-06-30T23:00:00Z,-27.09396,-44.4354,-0.1797,-0.0912,421.20834,2016-03-16T00:00:00Z,SVP
126966,2015-07-01T00:00:00Z,-27.09704,-44.44194,-0.1795,-0.0915,421.20834,2016-03-16T00:00:00Z,SVP
126966,2015-07-01T01:00:00Z,-27.09921,-44.4491,-0.1992,-0.0693,136.79167,2016-03-16T00:00:00Z,SVP
126966,2015-07-01T02:00:00Z,-27.10115,-44.45672,-0.2257,-0.043,403.2083,2016-03-16T00:00:00Z,SVP
126966,2015-07-01T03:00:00Z,-27.10245,-44.46542,-0.2245,-0.0433,403.2083,2016-03-16T00:00:00Z,SVP
126966,2015-07-01T04:00:00Z,-27.10371,-44.47435,-0.2214,-0.044,403.2083,2016-03-16T00:00:00Z,SVP
126966,2015-07-01T05:00:00Z,-27.10502,-44.48117,-0.2132,-0.0367,259.20834,2016-03-16T00:00:00Z,SVP
126966,2015-07-01T06:00:00Z,-27.10678,-44.489,-0.2177,-0.0529,126.0,2016-03-16T00:00:00Z,SVP
126966,2015-07-01T07:00:00Z,-27.11028,-44.49722,-0.226,-0.1605,108.00001,2016-03-16T00:00:00Z,SVP
126966,2015-07-01T08:00:00Z,-27.12482,-44.50441,-0.2133,-0.4408,122.416664,2016-03-16T00:00:00Z,SVP
126966,2015-07-01T09:00:00Z,-27.11956,-44.51501,-0.2301,0.0133,126.0,2016-03-16T00:00:00Z,SVP
126966,2015-07-01T10:00:00Z,-27.11957,-44.52272,-0.1994,-0.0257,169.20834,2016-03-16T00:00:00Z,SVP
126966,2015-07-01T11:00:00Z,-27.12011,-44.53054,-0.1939,-0.0307,111.583336,2016-03-16T00:00:00Z,SVP
126966,2015-07-01T12:00:00Z,-27.12103,-44.53747,-0.2164,-0.0065,136.79167,2016-03-16T00:00:00Z,SVP
126966,2015-07-01T13:00:00Z,-27.11989,-44.54597,-0.2385,0.0635,111.583336,2016-03-16T00:00:00Z,SVP
126966,2015-07-01T14:00:00Z,-27.11783,-44.55452,-0.2179,0.0692,475.2083,2016-03-16T00:00:00Z,SVP
126966,2015-07-01T15:00:00Z,-27.1157,-44.56217,-0.2184,0.0693,475.2083,2016-03-16T00:00:00Z,SVP
126966,2015-07-01T16:00:00Z,-27.11353,-44.57,-0.2187,0.0695,475.2083,2016-03-16T00:00:00Z,SVP
126966,2015-07-01T17:00:00Z,-27.1109,-44.57851,-0.2534,0.0862,241.20834,2016-03-16T00:00:00Z,SVP
126966,2015-07-01T18:00:00Z,-27.10842,-44.5868,-0.2711,0.0903,241.20834,2016-03-16T00:00:00Z,SVP
126966,2015-07-01T19:00:00Z,-27.10479,-44.59923,-0.3268,0.1062,233.99998,2016-03-16T00:00:00Z,SVP
126966,2015-07-01T20:00:00Z,-27.10126,-44.61149,-0.35,0.1045,158.41667,2016-03-16T00:00:00Z,SVP
126966,2015-07-01T21:00:00Z,-27.09824,-44.62378,-0.3229,0.0842,90.0,2016-03-16T00:00:00Z,SVP
126966,2015-07-01T22:00:00Z,-27.09535,-44.63513,-0.2981,0.0859,414.0,2016-03-16T00:00:00Z,SVP
126966,2015-07-01T23:00:00Z,-27.09273,-44.64583,-0.2978,0.0857,414.0,2016-03-16T00:00:00Z,SVP
126966,2015-07-02T00:00:00Z,-27.09023,-44.65668,-0.2976,0.0856,414.0,2016-03-16T00:00:00Z,SVP
126966,2015-07-02T01:00:00Z,-27.08731,-44.66772,-0.308,0.0771,111.583336,2016-03-16T00:00:00Z,SVP
126966,2015-07-02T02:00:00Z,-27.08709,-44.68241,-0.2282,0.1021,316.79166,2016-03-16T00:00:00Z,SVP
126966,2015-07-02T03:00:00Z,-27.08238,-44.68907,-0.2446,0.0962,316.79166,2016-03-16T00:00:00Z,SVP
126966,2015-07-02T04:00:00Z,-27.07915,-44.69822,-0.1879,0.0698,252.0,2016-03-16T00:00:00Z,SVP
126966,2015-07-02T05:00:00Z,-27.07754,-44.70544,-0.188,0.0682,252.0,2016-03-16T00:00:00Z,SVP
126966,2015-07-02T06:00:00Z,-27.07541,-44.71272,-0.1998,0.0463,205.20834,2016-03-16T00:00:00Z,SVP
126966,2015-07-02T07:00:00Z,-27.07472,-44.71927,-0.2404,0.1114,172.79166,2016-03-16T00:00:00Z,SVP
126966,2015-07-02T08:00:00Z,-27.07048,-44.72865,-0.2358,0.1062,172.79166,2016-03-16T00:00:00Z,SVP
126966,2015-07-02T09:00:00Z,-27.06713,-44.73635,-0.1641,0.1006,108.00001,2016-03-16T00:00:00Z,SVP
126966,2015-07-02T10:00:00Z,-27.06328,-44.74198,-0.1344,0.1184,306.0,2016-03-16T00:00:00Z,SVP
126966,2015-07-02T11:00:00Z,-27.05939,-44.74621,-0.1325,0.1194,306.0,2016-03-16T00:00:00Z,SVP
126966,2015-07-02T12:00:00Z,-27.05305,-44.75308,-0.1758,0.2224,129.58333,2016-03-16T00:00:00Z,SVP
126966,2015-07-02T13:00:00Z,-27.04392,-44.75983,-0.1329,0.2382,500.4167,2016-03-16T00:00:00Z,SVP
126966,2015-07-02T14:00:00Z,-27.03652,-44.76449,-0.1332,0.238,500.4167,2016-03-16T00:00:00Z,SVP
126966,2015-07-02T15:00:00Z,-27.02871,-44.76919,-0.1335,0.2375,500.4167,2016-03-16T00:00:00Z,SVP
126966,2015-07-02T16:00:00Z,-27.02042,-44.77372,-0.1343,0.2361,500.4167,2016-03-16T00:00:00Z,SVP
126966,2015-07-02T17:00:00Z,-27.01319,-44.7794,-0.1673,0.2289,241.20834,2016-03-16T00:00:00Z,SVP
126966,2015-07-02T18:00:00Z,-27.00677,-44.78496,-0.2522,0.2184,374.41666,2016-03-16T00:00:00Z,SVP
126971,2015-06-09T09:00:00Z,-27.01947,-46.17227,-0.4608,-0.555,241.20834,2015-07-28T00:00:00Z,SVP
126971,2015-06-09T10:00:00Z,-27.03634,-46.1896,-0.484,-0.5763,194.41666,2015-07-28T00:00:00Z,SVP
126971,2015-06-09T11:00:00Z,-27.05564,-46.2046,-0.4532,-0.5184,122.416664,2015-07-28T00:00:00Z,SVP
126971,2015-06-09T12:00:00Z,-27.07163,-46.2229,-0.4368,-0.5731,126.0,2015-07-28T00:00:00Z,SVP
126971,2015-06-09T13:00:00Z,-27.09016,-46.23769,-0.4369,-0.5867,702.0,2015-07-28T00:00:00Z,SVP
126971,2015-06-09T14:00:00Z,-27.10911,-46.25422,-0.4383,-0.5866,702.0,2015-07-28T00:00:00Z,SVP
126971,2015-06-09T15:00:00Z,-27.12804,-46.27048,-0.4386,-0.5864,702.0,2015-07-28T00:00:00Z,SVP
126971,2015-06-09T16:00:00Z,-27.14691,-46.28672,-0.4388,-0.5862,702.0,2015-07-28T00:00:00Z,SVP
126971,2015-06-09T17:00:00Z,-27.16564,-46.30306,-0.4388,-0.5858,702.0,2015-07-28T00:00:00Z,SVP
126971,2015-06-09T18:00:00Z,-27.18398,-46.31769,-0.4305,-0.5754,255.58333,2015-07-28T00:00:00Z,SVP
126971,2015-06-09T19:00:00Z,-27.20458,-46.33204,-0.4041,-0.2953,144.0,2015-07-28T00:00:00Z,SVP
126971,2015-06-09T20:00:00Z,-27.21267,-46.34726,-0.4159,-0.3169,75.583336,2015-07-28T00:00:00Z,SVP
126971,2015-06-09T21:00:00Z,-27.22537,-46.36092,-0.3516,-0.4202,118.79167,2015-07-28T00:00:00Z,SVP
126971,2015-06-09T22:00:00Z,-27.23876,-46.37381,-0.3702,-0.3862,75.583336,2015-07-28T00:00:00Z,SVP
126971,2015-06-09T23:00:00Z,-27.25153,-46.38775,-0.3896,-0.388,316.79166,2015-07-28T00:00:00Z,SVP
126971,2015-06-10T00:00:00Z,-27.26368,-46.40159,-0.3926,-0.3906,316.79166,2015-07-28T00:00:00Z,SVP
126971,2015-06-10T01:00:00Z,-27.27792,-46.41658,-0.3201,-0.422,539.99994,2015-07-28T00:00:00Z,SVP
126971,2015-06-10T02:00:00Z,-27.29104,-46.4271,-0.3208,-0.4211,539.99994,2015-07-28T00:00:00Z,SVP
126971,2015-06-10T03:00:00Z,-27.30449,-46.43853,-0.3209,-0.4209,539.99994,2015-07-28T00:00:00Z,SVP
126971,2015-06-10T04:00:00Z,-27.31795,-46.45013,-0.3209,-0.4209,539.99994,2015-07-28T00:00:00Z,SVP
126971,2015-06-10T05:00:00Z,-27.33191,-46.46157,-0.2993,-0.4261,252.0,2015-07-28T00:00:00Z,SVP
126971,2015-06-10T06:00:00Z,-27.34616,-46.47262,-0.2994,-0.4267,252.0,2015-07-28T00:00:00Z,SVP
126971,2015-06-10T07:00:00Z,-27.35963,-46.48316,-0.2933,-0.4264,147.58333,2015-07-28T00:00:00Z,SVP
126971,2015-06-10T08:00:00Z,-27.37277,-46.49311,-0.2706,-0.4179,183.58333,2015-07-28T00:00:00Z,SVP
126971,2015-06-10T09:00:00Z,-27.38601,-46.5027,-0.3881,-0.4338,68.416664,2015-07-28T00:00:00Z,SVP
126971,2015-06-10T10:00:00Z,-27.39971,-46.51726,-0.4128,-0.3926,320.41666,2015-07-28T00:00:00Z,SVP
126971,2015-06-10T11:00:00Z,-27.4124,-46.53246,-0.4131,-0.3914,320.41666,2015-07-28T00:00:00Z,SVP
126971,2015-06-10T12:00:00Z,-27.42533,-46.54374,-0.3163,-0.3911,108.00001,2015-07-28T00:00:00Z,SVP
126971,2015-06-10T13:00:00Z,-27.4404,-46.54991,-0.1808,-0.4686,136.79167,2015-07-28T00:00:00Z,SVP
126971,2015-06-10T14:00:00Z,-27.45496,-46.56214,-0.3299,-0.469,594.0,2015-07-28T00:00:00Z,SVP
126971,2015-06-10T15:00:00Z,-27.47012,-46.57492,-0.3281,-0.4689,594.0,2015-07-28T00:00:00Z,SVP
126971,2015-06-10T16:00:00Z,-27.48542,-46.58765,-0.3239,-0.4683,594.0,2015-07-28T00:00:00Z,SVP
126971,2015-06-10T17:00:00Z,-27.50093,-46.60037,-0.313,-0.4666,594.0,2015-07-28T00:00:00Z,SVP
126971,2015-06-10T18:00:00Z,-27.51517,-46.60932,-0.2559,-0.4518,252.0,2015-07-28T00:00:00Z,SVP
126971,2015-06-10T19:00:00Z,-27.52976,-46.61808,-0.2267,-0.4599,144.0,2015-07-28T00:00:00Z,SVP
126971,2015-06-10T20:00:00Z,-27.54465,-46.62682,-0.2352,-0.463,252.0,2015-07-28T00:00:00Z,SVP
126971,2015-06-10T21:00:00Z,-27.55992,-46.63455,-0.2329,-0.4625,252.0,2015-07-28T00:00:00Z,SVP
126971,2015-06-10T22:00:00Z,-27.57442,-46.64327,-0.2427,-0.4424,385.20834,2015-07-28T00:00:00Z,SVP
126971,2015-06-10T23:00:00Z,-27.5885,-46.6529,-0.2457,-0.4415,385.20834,2015-07-28T00:00:00Z,SVP
126971,2015-06-11T00:00:00Z,-27.60288,-46.66298,-0.2585,-0.4343,122.416664,2015-07-28T00:00:00Z,SVP
126971,2015-06-11T01:00:00Z,-27.61703,-46.6711,-0.2657,-0.4716,118.79167,2015-07-28T00:00:00Z,SVP
126971,2015-06-11T02:00:00Z,-27.63208,-46.68094,-0.2496,-0.4747,421.20834,2015-07-28T00:00:00Z,SVP
126971,2015-06-11T03:00:00Z,-27.64756,-46.68996,-0.248,-0.4747,421.20834,2015-07-28T00:00:00Z,SVP
126971,2015-06-11T04:00:00Z,-27.66314,-46.69953,-0.2489,-0.4746,421.20834,2015-07-28T00:00:00Z,SVP
126971,2015-06-11T05:00:00Z,-27.67792,-46.70572,-0.1771,-0.4605,252.0,2015-07-28T00:00:00Z,SVP
126971,2015-06-11T06:00:00Z,-27.69251,-46.70998,-0.1897,-0.4598,252.0,2015-07-28T00:00:00Z,SVP
126971,2015-06-11T07:00:00Z,-27.7064,-46.71834,-0.1649,-0.4067,144.0,2015-07-28T00:00:00Z,SVP
126971,2015-06-11T08:00:00Z,-27.71771,-46.72481,-0.2065,-0.365,291.58334,2015-07-28T00:00:00Z,SVP
126971,2015-06-11T09:00:00Z,-27.72847,-46.73112,-0.2493,-0.3454,187.20833,2015-07-28T00:00:00Z,SVP
126971,2015-06-11T10:00:00Z,-27.74172,-46.74168,-0.2433,-0.3576,187.20833,2015-07-28T00:00:00Z,SVP
126971,2015-06-11T11:00:00Z,-27.75177,-46.75075,-0.2654,-0.3301,255.58333,2015-07-28T00:00:00Z,SVP
126971,2015-06-11T12:00:00Z,-27.7618,-46.76074,-0.2663,-0.3288,140.41666,2015-07-28T00:00:00Z,SVP
126971,2015-06-11T13:00:00Z,-27.77441,-46.77104,-0.3399,-0.4391,111.583336,2015-07-28T00:00:00Z,SVP
126971,2015-06-11T14:00:00Z,-27.78841,-46.78408,-0.3296,-0.4487,496.7917,2015-07-28T00:00:00Z,SVP
126971,2015-06-11T15:00:00Z,-27.80299,-46.79589,-0.3301,-0.4487,496.7917,2015-07-28T00:00:00Z,SVP
126971,2015-06-11T16:00:00Z,-27.81747,-46.80815,-0.3288,-0.4489,496.7917,2015-07-28T00:00:00Z,SVP
126971,2015-06-11T17:00:00Z,-27.83187,-46.82057,-0.2829,-0.4587,248.41667,2015-07-28T00:00:00Z,SVP
126971,2015-06-11T18:00:00Z,-27.84683,-46.83068,-0.2829,-0.4586,248.41667,2015-07-28T00:00:00Z,SVP
126971,2015-06-11T19:00:00Z,-27.86188,-46.84071,-0.2668,-0.4692,144.0,2015-07-28T00:00:00Z,SVP
126971,2015-06-11T20:00:00Z,-27.87679,-46.84969,-0.2188,-0.4578,252.0,2015-07-28T00:00:00Z,SVP
126971,2015-06-11T21:00:00Z,-27.89238,-46.8589,-0.2268,-0.4597,252.0,2015-07-28T00:00:00Z,SVP
126971,2015-06-11T22:00:00Z,-27.90631,-46.86565,-0.1955,-0.4388,482.4167,2015-07-28T00:00:00Z,SVP
126971,2015-06-11T23:00:00Z,-27.92021,-46.87226,-0.1949,-0.4385,482.4167,2015-07-28T00:00:00Z,SVP
126971,2015-06-12T00:00:00Z,-27.93429,-46.87894,-0.1947,-0.4383,482.4167,2015-07-28T00:00:00Z,SVP
126971,2015-06-12T01:00:00Z,-27.9489,-46.88755,-0.2141,-0.4407,111.583336,2015-07-28T00:00:00Z,SVP
126971,2015-06-12T02:00:00Z,-27.966,-46.89961,-0.2128,-0.3079,327.58334,2015-07-28T00:00:00Z,SVP
126971,2015-06-12T03:00:00Z,-27.97351,-46.9064,-0.2186,-0.3309,327.58334,2015-07-28T00:00:00Z,SVP
126971,2015-06-12T04:00:00Z,-27.98398,-46.91455,-0.2165,-0.3333,327.58334,2015-07-28T00:00:00Z,SVP
126971,2015-06-12T05:00:00Z,-27.99434,-46.92254,-0.2032,-0.2914,406.79166,2015-07-28T00:00:00Z,SVP
126971,2015-06-12T06:00:00Z,-28.00472,-46.93002,-0.2036,-0.2983,406.79166,2015-07-28T00:00:00Z,SVP
126971,2015-06-12T07:00:00Z,-28.01703,-46.93647,-0.1881,-0.3624,183.58333,2015-07-28T00:00:00Z,SVP
126971,2015-06-12T08:00:00Z,-28.03072,-46.94349,-0.1869,-0.3849,183.58333,2015-07-28T00:00:00Z,SVP
126971,2015-06-12T09:00:00Z,-28.04514,-46.95149,-0.2822,-0.3845,180.0,2015-07-28T00:00:00Z,SVP
126971,2015-06-12T10:00:00Z,-28.05826,-46.96176,-0.2581,-0.3982,280.79166,2015-07-28T00:00:00Z,SVP
126971,2015-06-12T11:00:00Z,-28.07084,-46.97055,-0.2559,-0.3971,280.79166,2015-07-28T00:00:00Z,SVP
126971,2015-06-12T12:00:00Z,-28.08424,-46.98002,-0.2355,-0.424,126.0,2015-07-28T00:00:00Z,SVP
126971,2015-06-12T13:00:00Z,-28.09863,-46.98915,-0.223,-0.4981,115.208336,2015-07-28T00:00:00Z,SVP
126971,2015-06-12T14:00:00Z,-28.11604,-46.99658,-0.1958,-0.55,536.4166,2015-07-28T00:00:00Z,SVP
126971,2015-06-12T15:00:00Z,-28.13422,-47.00341,-0.1965,-0.5485,536.4166,2015-07-28T00:00:00Z,SVP
126971,2015-06-12T16:00:00Z,-28.15203,-47.01047,-0.1969,-0.5484,536.4166,2015-07-28T00:00:00Z,SVP
126971,2015-06-12T17:00:00Z,-28.1695,-47.01799,-0.1915,-0.5644,244.79167,2015-07-28T00:00:00Z,SVP
126971,2015-06-12T18:00:00Z,-28.18775,-47.02534,-0.1921,-0.564,244.79167,2015-07-28T00:00:00Z,SVP
126971,2015-06-12T19:00:00Z,-28.20577,-47.03194,-0.171,-0.5568,140.41666,2015-07-28T00:00:00Z,SVP
126971,2015-06-12T20:00:00Z,-28.22419,-47.03463,-0.0189,-0.5777,233.99998,2015-07-28T00:00:00Z,SVP
126971,2015-06-12T21:00:00Z,-28.24232,-47.03584,0.0038,-0.5713,475.2083,2015-07-28T00:00:00Z,SVP
126971,2015-06-12T22:00:00Z,-28.26095,-47.03563,0.004,-0.5721,475.2083,2015-07-28T00:00:00Z,SVP
126971,2015-06-12T23:00:00Z,-28.27981,-47.03543,0.0041,-0.574,475.2083,2015-07-28T00:00:00Z,SVP
126971,2015-06-13T00:00:00Z,-28.29933,-47.03513,0.0042,-0.5778,475.2083,2015-07-28T00:00:00Z,SVP
126971,2015-06-13T01:00:00Z,-28.31212,-47.03867,-0.1246,-0.4692,115.208336,2015-07-28T00:00:00Z,SVP
126971,2015-06-13T02:00:00Z,-28.32806,-47.05545,0.0578,-0.4318,352.7917,2015-07-28T00:00:00Z,SVP
126971,2015-06-13T03:00:00Z,-28.34211,-47.05302,0.0564,-0.429,352.7917,2015-07-28T00:00:00Z,SVP
126971,2015-06-13T04:00:00Z,-28.35724,-47.05093,0.0567,-0.4275,352.7917,2015-07-28T00:00:00Z,SVP
126971,2015-06-13T05:00:00Z,-28.36764,-47.04931,0.0539,-0.3716,259.20834,2015-07-28T00:00:00Z,SVP
126971,2015-06-13T06:00:00Z,-28.37995,-47.0488,-0.0604,-0.4414,136.79167,2015-07-28T00:00:00Z,SVP
126971,2015-06-13T07:00:00Z,-28.39428,-47.05145,-0.1073,-0.4856,255.58333,2015-07-28T00:00:00Z,SVP
126971,2015-06-13T08:00:00Z,-28.4103,-47.05514,-0.1094,-0.484,255.58333,2015-07-28T00:00:00Z,SVP
126971,2015-06-13T09:00:00Z,-28.42493,-47.05978,-0.1208,-0.4239,126.0,2015-07-28T00:00:00Z,SVP
126971,2015-06-13T10:00:00Z,-28.43797,-47.06388,-0.1166,-0.4003,298.7917,2015-07-28T00:00:00Z,SVP
126971,2015-06-13T11:00:00Z,-28.44993,-47.06738,-0.1135,-0.3946,298.7917,2015-07-28T00:00:00Z,SVP
126971,2015-06-13T12:00:00Z,-28.46439,-47.07368,-0.144,-0.4044,140.41666,2015-07-28T00:00:00Z,SVP
126971,2015-06-13T13:00:00Z,-28.47758,-47.07983,-0.1278,-0.5706,547.2084,2015-07-28T00:00:00Z,SVP
126971,2015-06-13T14:00:00Z,-28.49698,-47.08421,-0.1261,-0.578,547.2084,2015-07-28T00:00:00Z,SVP
126971,2015-06-13T15:00:00Z,-28.51578,-47.08883,-0.1258,-0.579,547.2084,2015-07-28T00:00:00Z,SVP
126971,2015-06-13T16:00:00Z,-28.53384,-47.0937,-0.1262,-0.5775,547.2084,2015-07-28T00:00:00Z,SVP
126971,2015-06-13T17:00:00Z,-28.55391,-47.09749,-0.106,-0.6211,230.41667,2015-07-28T00:00:00Z,SVP
126971,2015-06-13T18:00:00Z,-28.57522,-47.10096,-0.1036,-0.6206,230.41667,2015-07-28T00:00:00Z,SVP
126971,2015-06-13T19:00:00Z,-28.59415,-47.10133,-0.0308,-0.5604,158.41667,2015-07-28T00:00:00Z,SVP
126971,2015-06-13T20:00:00Z,-28.6095,-47.10199,-0.0045,-0.4983,183.58333,2015-07-28T00:00:00Z,SVP
126971,2015-06-13T21:00:00Z,-28.6275,-47.09985,0.1128,-0.6136,190.79166,2015-07-28T00:00:00Z,SVP
126971,2015-06-13T22:00:00Z,-28.64756,-47.10207,0.0228,-0.6124,190.79166,2015-07-28T00:00:00Z,SVP
126971,2015-06-13T23:00:00Z,-28.66682,-47.09397,0.1786,-0.5906,367.20834,2015-07-28T00:00:00Z,SVP
126971,2015-06-14T00:00:00Z,-28.68598,-47.08603,0.1492,-0.5904,367.20834,2015-07-28T00:00:00Z,SVP
126971,2015-06-14T01:00:00Z,-28.70412,-47.07983,0.2198,-0.535,126.0,2015-07-28T00:00:00Z,SVP
126971,2015-06-14T02:00:00Z,-28.71887,-47.07156,0.2324,-0.4216,370.79166,2015-07-28T00:00:00Z,SVP
126971,2015-06-14T03:00:00Z,-28.73317,-47.06236,0.2312,-0.4243,370.79166,2015-07-28T00:00:00Z,SVP
126971,2015-06-14T04:00:00Z,-28.74758,-47.05314,0.2369,-0.3584,266.41666,2015-07-28T00:00:00Z,SVP
126971,2015-06-14T05:00:00Z,-28.75768,-47.0457,0.234,-0.3691,266.41666,2015-07-28T00:00:00Z,SVP
126971,2015-06-14T06:00:00Z,-28.76993,-47.03638,0.252,-0.3704,133.20833,2015-07-28T00:00:00Z,SVP
126971,2015-06-14T07:00:00Z,-28.7818,-47.02771,0.2326,-0.3753,180.0,2015-07-28T00:00:00Z,SVP
126971,2015-06-14T08:00:00Z,-28.79339,-47.01959,0.1631,-0.316,75.583336,2015-07-28T00:00:00Z,SVP
126971,2015-06-14T09:00:00Z,-28.80406,-47.01463,0.1043,-0.3263,100.79167,2015-07-28T00:00:00Z,SVP
126971,2015-06-14T10:00:00Z,-28.8135,-47.01047,0.0962,-0.2535,144.0,2015-07-28T00:00:00Z,SVP
126971,2015-06-14T11:00:00Z,-28.81978,-47.00854,-0.0037,-0.1886,122.416664,2015-07-28T00:00:00Z,SVP
126971,2015-06-14T12:00:00Z,-28.82682,-47.00997,-0.0021,-0.3401,111.583336,2015-07-28T00:00:00Z,SVP
126971,2015-06-14T13:00:00Z,-28.83884,-47.00997,0.0011,-0.3996,144.0,2015-07-28T00:00:00Z,SVP
126971,2015-06-14T14:00:00Z,-28.85452,-47.01029,-0.0163,-0.4953,439.2083,2015-07-28T00:00:00Z,SVP
126971,2015-06-14T15:00:00Z,-28.87021,-47.01055,-0.0163,-0.494,439.2083,2015-07-28T00:00:00Z,SVP
126971,2015-06-14T16:00:00Z,-28.87812,-47.01067,-0.0167,-0.4156,439.2083,2015-07-28T00:00:00Z,SVP
126971,2015-06-14T17:00:00Z,-28.89792,-47.01144,-0.0068,-0.6439,237.58334,2015-07-28T00:00:00Z,SVP
126971,2015-06-14T18:00:00Z,-28.92006,-47.01213,0.2414,-0.609,291.58334,2015-07-28T00:00:00Z,SVP
126971,2015-06-14T19:00:00Z,-28.93912,-47.00234,0.2412,-0.6103,291.58334,2015-07-28T00:00:00Z,SVP
126971,2015-06-14T20:00:00Z,-28.9581,-46.99304,0.228,-0.5641,108.00001,2015-07-28T00:00:00Z,SVP
126971,2015-06-14T21:00:00Z,-28.9749,-46.98559,0.2288,-0.4312,133.20833,2015-07-28T00:00:00Z,SVP
126971,2015-06-14T22:00:00Z,-28.98808,-46.97552,0.3047,-0.3689,518.4167,2015-07-28T00:00:00Z,SVP
126971,2015-06-14T23:00:00Z,-29.00012,-46.96379,0.3069,-0.3696,518.4167,2015-07-28T00:00:00Z,SVP
126971,2015-06-15T00:00:00Z,-29.01278,-46.95191,0.309,-0.3751,518.4167,2015-07-28T00:00:00Z,SVP
126971,2015-06-15T01:00:00Z,-29.02583,-46.93957,0.2252,-0.2161,406.79166,2015-07-28T00:00:00Z,SVP
126971,2015-06-15T02:00:00Z,-29.03166,-46.93247,0.2306,-0.2252,406.79166,2015-07-28T00:00:00Z,SVP
126971,2015-06-15T03:00:00Z,-29.03812,-46.92313,0.2202,-0.2359,406.79166,2015-07-28T00:00:00Z,SVP
126971,2015-06-15T04:00:00Z,-29.046,-46.91351,0.1479,-0.2171,252.0,2015-07-28T00:00:00Z,SVP
126971,2015-06-15T05:00:00Z,-29.05317,-46.90895,0.1613,-0.2166,252.0,2015-07-28T00:00:00Z,SVP
126971,2015-06-15T06:00:00Z,-29.06093,-46.90269,0.159,-0.2505,288.0,2015-07-28T00:00:00Z,SVP
126971,2015-06-15T07:00:00Z,-29.0686,-46.8968,0.1603,-0.2487,288.0,2015-07-28T00:00:00Z,SVP
126971,2015-06-15T08:00:00Z,-29.08009,-46.89035,0.0426,-0.3384,151.20834,2015-07-28T00:00:00Z,SVP
126971,2015-06-15T09:00:00Z,-29.08958,-46.88858,-0.0633,-0.3152,0.0,2015-07-28T00:00:00Z,SVP
126971,2015-06-15T10:00:00Z,-29.10089,-46.89017,0.0231,-0.3235,244.79167,2015-07-28T00:00:00Z,SVP
126971,2015-06-15T11:00:00Z,-29.11119,-46.88906,0.0269,-0.3202,244.79167,2015-07-28T00:00:00Z,SVP
126971,2015-06-15T12:00:00Z,-29.12186,-46.88369,0.2237,-0.3293,111.583336,2015-07-28T00:00:00Z,SVP
126971,2015-06-15T13:00:00Z,-29.13397,-46.87365,0.2946,-0.425,140.41666,2015-07-28T00:00:00Z,SVP
126971,2015-06-15T14:00:00Z,-29.14846,-46.87259,0.0105,-0.4632,694.7917,2015-07-28T00:00:00Z,SVP
126971,2015-06-15T15:00:00Z,-29.16281,-46.87271,0.0098,-0.4557,694.7917,2015-07-28T00:00:00Z,SVP
126971,2015-06-15T16:00:00Z,-29.17696,-46.87292,0.0096,-0.4517,694.7917,2015-07-28T00:00:00Z,SVP
126971,2015-06-15T17:00:00Z,-29.19083,-46.87348,0.0114,-0.4482,694.7917,2015-07-28T00:00:00Z,SVP
126971,2015-06-15T18:00:00Z,-29.20541,-46.87332,0.0731,-0.4633,288.0,2015-07-28T00:00:00Z,SVP
126971,2015-06-15T19:00:00Z,-29.22687,-46.86897,0.0348,-0.4909,288.0,2015-07-28T00:00:00Z,SVP
126971,2015-06-15T20:00:00Z,-29.24315,-46.86687,0.0825,-0.4363,115.208336,2015-07-28T00:00:00Z,SVP
126971,2015-06-15T21:00:00Z,-29.25697,-46.86563,1.0E-4,-0.483,126.0,2015-07-28T00:00:00Z,SVP
126971,2015-06-15T22:00:00Z,-29.27249,-46.86509,-0.0049,-0.5295,396.00003,2015-07-28T00:00:00Z,SVP
126971,2015-06-15T23:00:00Z,-29.28907,-46.86521,-0.0046,-0.5292,396.00003,2015-07-28T00:00:00Z,SVP
126971,2015-06-16T00:00:00Z,-29.30604,-46.86538,0.02,-0.6177,100.79167,2015-07-28T00:00:00Z,SVP
126971,2015-06-16T01:00:00Z,-29.32736,-46.86373,0.0668,-0.6731,140.41666,2015-07-28T00:00:00Z,SVP
126971,2015-06-16T02:00:00Z,-29.34891,-46.86204,0.074,-0.7054,547.2084,2015-07-28T00:00:00Z,SVP
126971,2015-06-16T03:00:00Z,-29.37199,-46.85864,0.0787,-0.7069,547.2084,2015-07-28T00:00:00Z,SVP
126971,2015-06-16T04:00:00Z,-29.39474,-46.8551,0.0813,-0.707,547.2084,2015-07-28T00:00:00Z,SVP
126971,2015-06-16T05:00:00Z,-29.41703,-46.85121,0.0835,-0.7058,547.2084,2015-07-28T00:00:00Z,SVP
126971,2015-06-16T06:00:00Z,-29.44074,-46.85266,0.0343,-0.7159,252.0,2015-07-28T00:00:00Z,SVP
126971,2015-06-16T07:00:00Z,-29.46685,-46.85252,0.0215,-0.5535,252.0,2015-07-28T00:00:00Z,SVP
126971,2015-06-16T08:00:00Z,-29.48113,-46.85039,0.0235,-0.6335,252.0,2015-07-28T00:00:00Z,SVP
126971,2015-06-16T09:00:00Z,-29.50197,-46.84897,0.0611,-0.5948,111.583336,2015-07-28T00:00:00Z,SVP
126971,2015-06-16T10:00:00Z,-29.52285,-46.85068,-0.0789,-0.6733,273.58334,2015-07-28T00:00:00Z,SVP
126971,2015-06-16T11:00:00Z,-29.54412,-46.85443,-0.0738,-0.6739,273.58334,2015-07-28T00:00:00Z,SVP
126971,2015-06-16T12:00:00Z,-29.56818,-46.85715,-0.1599,-0.7874,122.416664,2015-07-28T00:00:00Z,SVP
126971,2015-06-16T13:00:00Z,-29.59282,-46.86392,-0.2106,-0.7176,126.0,2015-07-28T00:00:00Z,SVP
126971,2015-06-16T14:00:00Z,-29.60225,-46.87204,-0.1955,-0.7899,1008.0,2015-07-28T00:00:00Z,SVP
126971,2015-06-16T15:00:00Z,-29.63953,-46.87873,-0.1932,-0.7259,1008.0,2015-07-28T00:00:00Z,SVP
126971,2015-06-16T16:00:00Z,-29.66322,-46.88576,-0.1925,-0.7257,1008.0,2015-07-28T00:00:00Z,SVP
126971,2015-06-16T17:00:00Z,-29.68677,-46.89291,-0.1923,-0.7256,1008.0,2015-07-28T00:00:00Z,SVP
126971,2015-06-16T18:00:00Z,-29.71026,-46.90019,-0.1925,-0.7257,1008.0,2015-07-28T00:00:00Z,SVP
126971,2015-06-16T19:00:00Z,-29.73368,-46.90772,-0.1933,-0.7259,1008.0,2015-07-28T00:00:00Z,SVP
126971,2015-06-16T20:00:00Z,-29.75691,-46.91598,-0.195,-0.7268,1008.0,2015-07-28T00:00:00Z,SVP
126971,2015-06-16T21:00:00Z,-29.78256,-46.9186,-0.2311,-0.8346,500.4167,2015-07-28T00:00:00Z,SVP
126971,2015-06-16T22:00:00Z,-29.80957,-46.92836,-0.2261,-0.8343,500.4167,2015-07-28T00:00:00Z,SVP
126971,2015-06-16T23:00:00Z,-29.83676,-46.93692,-0.2258,-0.8346,500.4167,2015-07-28T00:00:00Z,SVP
126971,2015-06-17T00:00:00Z,-29.86443,-46.94495,-0.2308,-0.8357,500.4167,2015-07-28T00:00:00Z,SVP
126971,2015-06-17T01:00:00Z,-29.89031,-46.95603,-0.2874,-0.8324,136.79167,2015-07-28T00:00:00Z,SVP
126971,2015-06-17T02:00:00Z,-29.92288,-46.968,-0.1462,-0.7224,856.7917,2015-07-28T00:00:00Z,SVP
126971,2015-06-17T03:00:00Z,-29.94512,-46.97188,-0.1401,-0.7257,856.7917,2015-07-28T00:00:00Z,SVP
126971,2015-06-17T04:00:00Z,-29.96801,-46.97654,-0.1393,-0.7285,856.7917,2015-07-28T00:00:00Z,SVP
126971,2015-06-17T05:00:00Z,-29.99117,-46.98152,-0.1391,-0.7314,856.7917,2015-07-28T00:00:00Z,SVP
126971,2015-06-17T06:00:00Z,-30.01445,-46.98671,-0.139,-0.7362,856.7917,2015-07-28T00:00:00Z,SVP
126971,2015-06-17T07:00:00Z,-30.03792,-46.9923,-0.1387,-0.7453,856.7917,2015-07-28T00:00:00Z,SVP
126971,2015-06-17T08:00:00Z,-30.06175,-46.99549,-0.0719,-0.6943,64.791664,2015-07-28T00:00:00Z,SVP
126971,2015-06-17T09:00:00Z,-30.08313,-46.99768,-0.0308,-0.6558,507.5833,2015-07-28T00:00:00Z,SVP
126971,2015-06-17T10:00:00Z,-30.1042,-46.99939,-0.0322,-0.6558,507.5833,2015-07-28T00:00:00Z,SVP
126971,2015-06-17T11:00:00Z,-30.12519,-47.00125,-0.0322,-0.656,507.5833,2015-07-28T00:00:00Z,SVP
126971,2015-06-17T12:00:00Z,-30.14525,-47.00269,-0.05,-0.6253,140.41666,2015-07-28T00:00:00Z,SVP
126971,2015-06-17T13:00:00Z,-30.16389,-47.00518,-0.07,-0.5699,115.208336,2015-07-28T00:00:00Z,SVP
126971,2015-06-17T14:00:00Z,-30.18221,-47.00749,-0.075,-0.5498,640.7917,2015-07-28T00:00:00Z,SVP
126971,2015-06-17T15:00:00Z,-30.20039,-47.01013,-0.0754,-0.5497,640.7917,2015-07-28T00:00:00Z,SVP
126971,2015-06-17T16:00:00Z,-30.21865,-47.01287,-0.0756,-0.5494,640.7917,2015-07-28T00:00:00Z,SVP
126971,2015-06-17T17:00:00Z,-30.23729,-47.01566,-0.0757,-0.5483,640.7917,2015-07-28T00:00:00Z,SVP
126971,2015-06-17T18:00:00Z,-30.25423,-47.01894,-0.0762,-0.5106,374.41666,2015-07-28T00:00:00Z,SVP
126971,2015-06-17T19:00:00Z,-30.26982,-47.02192,-0.0765,-0.5233,374.41666,2015-07-28T00:00:00Z,SVP
126971,2015-06-17T20:00:00Z,-30.28654,-47.02443,-0.0739,-0.4657,79.208336,2015-07-28T00:00:00Z,SVP
126971,2015-06-17T21:00:00Z,-30.30116,-47.0242,0.0447,-0.4795,176.41667,2015-07-28T00:00:00Z,SVP
126971,2015-06-17T22:00:00Z,-30.31644,-47.02243,0.0666,-0.4694,68.416664,2015-07-28T00:00:00Z,SVP
126971,2015-06-17T23:00:00Z,-30.33041,-47.02073,0.0267,-0.4069,273.58334,2015-07-28T00:00:00Z,SVP
126971,2015-06-18T00:00:00Z,-30.34419,-47.01981,-0.0085,-0.4162,136.79167,2015-07-28T00:00:00Z,SVP
126971,2015-06-18T01:00:00Z,-30.35688,-47.02046,-0.0248,-0.3848,111.583336,2015-07-28T00:00:00Z,SVP
126971,2015-06-18T02:00:00Z,-30.37034,-47.02152,0.0013,-0.3581,486.00003,2015-07-28T00:00:00Z,SVP
126971,2015-06-18T03:00:00Z,-30.3816,-47.02155,0.0015,-0.359,486.00003,2015-07-28T00:00:00Z,SVP
126971,2015-06-18T04:00:00Z,-30.39309,-47.02186,0.0018,-0.3594,486.00003,2015-07-28T00:00:00Z,SVP
126971,2015-06-18T05:00:00Z,-30.40465,-47.02213,0.0228,-0.3454,399.58334,2015-07-28T00:00:00Z,SVP
126971,2015-06-18T06:00:00Z,-30.41599,-47.02036,0.0261,-0.3459,399.58334,2015-07-28T00:00:00Z,SVP
126971,2015-06-18T07:00:00Z,-30.42743,-47.01902,0.0274,-0.3465,399.58334,2015-07-28T00:00:00Z,SVP
126971,2015-06-18T08:00:00Z,-30.43886,-47.01201,0.1483,-0.3581,111.583336,2015-07-28T00:00:00Z,SVP
126971,2015-06-18T09:00:00Z,-30.45186,-47.00728,0.1585,-0.4023,169.20834,2015-07-28T00:00:00Z,SVP
126971,2015-06-18T10:00:00Z,-30.46485,-47.00679,0.1488,-0.3642,187.20833,2015-07-28T00:00:00Z,SVP
126971,2015-06-18T11:00:00Z,-30.47672,-46.99886,0.1204,-0.3624,187.20833,2015-07-28T00:00:00Z,SVP
126971,2015-06-18T12:00:00Z,-30.48682,-46.99507,0.1509,-0.2876,136.79167,2015-07-28T00:00:00Z,SVP
126971,2015-06-18T13:00:00Z,-30.49235,-46.99145,0.1089,-0.1775,662.4166,2015-07-28T00:00:00Z,SVP
126971,2015-06-18T14:00:00Z,-30.49845,-46.98704,0.11,-0.1788,662.4166,2015-07-28T00:00:00Z,SVP
126971,2015-06-18T15:00:00Z,-30.50429,-46.98284,0.1103,-0.179,662.4166,2015-07-28T00:00:00Z,SVP
126971,2015-06-18T16:00:00Z,-30.51002,-46.97871,0.1103,-0.179,662.4166,2015-07-28T00:00:00Z,SVP
126971,2015-06-18T17:00:00Z,-30.51553,-46.97471,0.1101,-0.1786,662.4166,2015-07-28T00:00:00Z,SVP
126971,2015-06-18T18:00:00Z,-30.52008,-46.97148,0.1019,-0.1635,244.79167,2015-07-28T00:00:00Z,SVP
126971,2015-06-18T19:00:00Z,-30.52614,-46.96725,0.0668,-0.0911,151.20834,2015-07-28T00:00:00Z,SVP
126971,2015-06-18T20:00:00Z,-30.52754,-46.96543,0.049,-0.0718,176.41667,2015-07-28T00:00:00Z,SVP
126971,2015-06-18T21:00:00Z,-30.53086,-46.96321,0.0518,-0.0735,176.41667,2015-07-28T00:00:00Z,SVP
126971,2015-06-18T22:00:00Z,-30.53443,-46.96086,0.0608,-0.1406,435.58334,2015-07-28T00:00:00Z,SVP
126971,2015-06-18T23:00:00Z,-30.53927,-46.95847,0.0605,-0.1403,435.58334,2015-07-28T00:00:00Z,SVP
126971,2015-06-19T00:00:00Z,-30.5442,-46.95595,0.0597,-0.1393,435.58334,2015-07-28T00:00:00Z,SVP
126971,2015-06-19T01:00:00Z,-30.54744,-46.95387,0.0754,-0.1112,111.583336,2015-07-28T00:00:00Z,SVP
126971,2015-06-19T02:00:00Z,-30.55065,-46.94996,0.1091,-0.0842,522.0,2015-07-28T00:00:00Z,SVP
126971,2015-06-19T03:00:00Z,-30.55366,-46.94552,0.1094,-0.0849,522.0,2015-07-28T00:00:00Z,SVP
126971,2015-06-19T04:00:00Z,-30.55677,-46.94115,0.1095,-0.0856,522.0,2015-07-28T00:00:00Z,SVP
126971,2015-06-19T05:00:00Z,-30.55897,-46.93792,0.0906,-0.0608,241.20834,2015-07-28T00:00:00Z,SVP
126971,2015-06-19T06:00:00Z,-30.5599,-46.93536,0.0868,-0.0611,241.20834,2015-07-28T00:00:00Z,SVP
126971,2015-06-19T07:00:00Z,-30.56218,-46.93265,0.091,-0.0759,133.20833,2015-07-28T00:00:00Z,SVP
126971,2015-06-19T08:00:00Z,-30.56947,-46.9283,0.1314,-0.2256,255.58333,2015-07-28T00:00:00Z,SVP
126971,2015-06-19T09:00:00Z,-30.5768,-46.92358,0.0707,-0.1271,79.208336,2015-07-28T00:00:00Z,SVP
126971,2015-06-19T10:00:00Z,-30.5801,-46.92111,0.0627,-0.1064,342.0,2015-07-28T00:00:00Z,SVP
126971,2015-06-19T11:00:00Z,-30.58382,-46.91891,0.0631,-0.1062,342.0,2015-07-28T00:00:00Z,SVP
126971,2015-06-19T12:00:00Z,-30.58727,-46.91594,0.1492,-0.1323,115.208336,2015-07-28T00:00:00Z,SVP
126971,2015-06-19T13:00:00Z,-30.59068,-46.91008,0.1459,-0.0689,144.0,2015-07-28T00:00:00Z,SVP
126971,2015-06-19T14:00:00Z,-30.59305,-46.90435,0.1358,-0.0386,547.2084,2015-07-28T00:00:00Z,SVP
126971,2015-06-19T15:00:00Z,-30.59414,-46.89934,0.1359,-0.0386,547.2084,2015-07-28T00:00:00Z,SVP
126971,2015-06-19T16:00:00Z,-30.59549,-46.89428,0.136,-0.038,547.2084,2015-07-28T00:00:00Z,SVP
126971,2015-06-19T17:00:00Z,-30.59714,-46.88923,0.1361,-0.0363,547.2084,2015-07-28T00:00:00Z,SVP
126971,2015-06-19T18:00:00Z,-30.59763,-46.88389,0.137,-0.0236,255.58333,2015-07-28T00:00:00Z,SVP
126971,2015-06-19T19:00:00Z,-30.59844,-46.87858,0.1441,-0.0434,136.79167,2015-07-28T00:00:00Z,SVP
126971,2015-06-19T20:00:00Z,-30.60095,-46.87266,0.1716,-0.1009,133.20833,2015-07-28T00:00:00Z,SVP
126971,2015-06-19T21:00:00Z,-30.60476,-46.86618,0.1721,-0.149,97.20833,2015-07-28T00:00:00Z,SVP
126971,2015-06-19T22:00:00Z,-30.60988,-46.86129,0.1378,-0.1528,151.20834,2015-07-28T00:00:00Z,SVP
126971,2015-06-19T23:00:00Z,-30.60962,-46.85336,0.181,-0.0321,284.41666,2015-07-28T00:00:00Z,SVP
126971,2015-06-20T00:00:00Z,-30.61037,-46.84704,0.1793,-0.0296,284.41666,2015-07-28T00:00:00Z,SVP
126971,2015-06-20T01:00:00Z,-30.61091,-46.83601,0.1062,-0.0238,122.416664,2015-07-28T00:00:00Z,SVP
126971,2015-06-20T02:00:00Z,-30.61306,-46.83315,0.1292,-0.0181,388.79166,2015-07-28T00:00:00Z,SVP
126971,2015-06-20T03:00:00Z,-30.61288,-46.82799,0.1305,-0.014,388.79166,2015-07-28T00:00:00Z,SVP
126971,2015-06-20T04:00:00Z,-30.61244,-46.82319,0.131,-0.0118,388.79166,2015-07-28T00:00:00Z,SVP
126971,2015-06-20T05:00:00Z,-30.61434,-46.81863,0.1314,-0.0301,262.79166,2015-07-28T00:00:00Z,SVP
126971,2015-06-20T06:00:00Z,-30.61669,-46.81291,0.134,-0.0313,262.79166,2015-07-28T00:00:00Z,SVP
126971,2015-06-20T07:00:00Z,-30.61693,-46.8092,0.2791,-0.0107,268.2083,2015-07-28T00:00:00Z,SVP
126971,2015-06-20T08:00:00Z,-30.61745,-46.7984,0.2832,-0.0114,268.2083,2015-07-28T00:00:00Z,SVP
126971,2015-06-20T09:00:00Z,-30.61841,-46.78827,0.2899,-0.0491,264.5833,2015-07-28T00:00:00Z,SVP
126971,2015-06-20T10:00:00Z,-30.61991,-46.776,0.2966,-0.05,264.5833,2015-07-28T00:00:00Z,SVP
126971,2015-06-20T11:00:00Z,-30.62153,-46.76578,0.2003,-0.0632,252.0,2015-07-28T00:00:00Z,SVP
126971,2015-06-20T12:00:00Z,-30.62432,-46.75809,0.1355,-0.0619,252.0,2015-07-28T00:00:00Z,SVP
126971,2015-06-20T13:00:00Z,-30.62476,-46.7571,0.077,-0.0314,140.41666,2015-07-28T00:00:00Z,SVP
126971,2015-06-20T14:00:00Z,-30.62597,-46.74713,0.2592,-0.0242,572.4167,2015-07-28T00:00:00Z,SVP
126971,2015-06-20T15:00:00Z,-30.62686,-46.73741,0.2606,-0.0241,572.4167,2015-07-28T00:00:00Z,SVP
126971,2015-06-20T16:00:00Z,-30.6277,-46.72876,0.2592,-0.024,572.4167,2015-07-28T00:00:00Z,SVP
126971,2015-06-20T17:00:00Z,-30.62872,-46.72063,0.3354,-0.0381,252.0,2015-07-28T00:00:00Z,SVP
126971,2015-06-20T18:00:00Z,-30.62978,-46.70581,0.3042,-0.0383,252.0,2015-07-28T00:00:00Z,SVP
126971,2015-06-20T19:00:00Z,-30.63095,-46.69333,0.3541,-0.0425,133.20833,2015-07-28T00:00:00Z,SVP
126971,2015-06-20T20:00:00Z,-30.6299,-46.67813,0.4075,0.0074,86.41667,2015-07-28T00:00:00Z,SVP
126971,2015-06-20T21:00:00Z,-30.62947,-46.66252,0.4378,0.131,165.58333,2015-07-28T00:00:00Z,SVP
126971,2015-06-20T22:00:00Z,-30.62556,-46.65194,0.3179,-0.0124,316.79166,2015-07-28T00:00:00Z,SVP
126971,2015-06-20T23:00:00Z,-30.62798,-46.63918,0.3124,0.0104,316.79166,2015-07-28T00:00:00Z,SVP
126971,2015-06-21T00:00:00Z,-30.62803,-46.62693,0.3948,0.1016,111.583336,2015-07-28T00:00:00Z,SVP
126971,2015-06-21T01:00:00Z,-30.6244,-46.61256,0.3625,0.1073,129.58333,2015-07-28T00:00:00Z,SVP
126971,2015-06-21T02:00:00Z,-30.6206,-46.59859,0.3134,0.1132,428.41666,2015-07-28T00:00:00Z,SVP
126971,2015-06-21T03:00:00Z,-30.61711,-46.587,0.3137,0.1134,428.41666,2015-07-28T00:00:00Z,SVP
126971,2015-06-21T04:00:00Z,-30.6139,-46.57497,0.3117,0.1137,428.41666,2015-07-28T00:00:00Z,SVP
126971,2015-06-21T05:00:00Z,-30.60975,-46.56428,0.2823,0.1214,244.79167,2015-07-28T00:00:00Z,SVP
126971,2015-06-21T06:00:00Z,-30.60529,-46.55336,0.282,0.0934,147.58333,2015-07-28T00:00:00Z,SVP
126971,2015-06-21T07:00:00Z,-30.60324,-46.5437,0.3368,0.0437,219.58333,2015-07-28T00:00:00Z,SVP
126971,2015-06-21T08:00:00Z,-30.60157,-46.52578,0.3708,0.0441,219.58333,2015-07-28T00:00:00Z,SVP
126971,2015-06-21T09:00:00Z,-30.60018,-46.51426,0.3201,0.0436,241.20834,2015-07-28T00:00:00Z,SVP
126971,2015-06-21T10:00:00Z,-30.59916,-46.50477,0.3704,0.0488,277.20834,2015-07-28T00:00:00Z,SVP
126971,2015-06-21T11:00:00Z,-30.59718,-46.48922,0.3566,0.049,277.20834,2015-07-28T00:00:00Z,SVP
126971,2015-06-21T12:00:00Z,-30.59585,-46.47607,0.3709,0.0324,129.58333,2015-07-28T00:00:00Z,SVP
126971,2015-06-21T13:00:00Z,-30.59512,-46.46202,0.3907,0.0184,115.208336,2015-07-28T00:00:00Z,SVP
126971,2015-06-21T14:00:00Z,-30.59436,-46.44734,0.4346,0.0682,493.20834,2015-07-28T00:00:00Z,SVP
126971,2015-06-21T15:00:00Z,-30.59188,-46.43061,0.434,0.069,493.20834,2015-07-28T00:00:00Z,SVP
126971,2015-06-21T16:00:00Z,-30.59023,-46.41464,0.4362,0.0711,493.20834,2015-07-28T00:00:00Z,SVP
126971,2015-06-21T17:00:00Z,-30.58856,-46.39891,0.5062,0.127,230.41667,2015-07-28T00:00:00Z,SVP
126971,2015-06-21T18:00:00Z,-30.5834,-46.37995,0.5086,0.1228,230.41667,2015-07-28T00:00:00Z,SVP
126971,2015-06-21T19:00:00Z,-30.57915,-46.35789,0.5729,0.1447,187.20833,2015-07-28T00:00:00Z,SVP
126971,2015-06-21T20:00:00Z,-30.57414,-46.33921,0.5197,0.1532,140.41666,2015-07-28T00:00:00Z,SVP
126971,2015-06-21T21:00:00Z,-30.56913,-46.32121,0.4233,0.1729,88.208336,2015-07-28T00:00:00Z,SVP
126971,2015-06-21T22:00:00Z,-30.56254,-46.30429,0.4606,0.1941,466.2083,2015-07-28T00:00:00Z,SVP
126971,2015-06-21T23:00:00Z,-30.5565,-46.28718,0.4609,0.1939,466.2083,2015-07-28T00:00:00Z,SVP
126971,2015-06-22T00:00:00Z,-30.55122,-46.27059,0.4618,0.1924,466.2083,2015-07-28T00:00:00Z,SVP
126971,2015-06-22T01:00:00Z,-30.54194,-46.25194,0.4634,0.2209,140.41666,2015-07-28T00:00:00Z,SVP
126971,2015-06-22T02:00:00Z,-30.53532,-46.23842,0.4493,0.2678,313.20834,2015-07-28T00:00:00Z,SVP
126971,2015-06-22T03:00:00Z,-30.52574,-46.21946,0.4423,0.2655,313.20834,2015-07-28T00:00:00Z,SVP
126971,2015-06-22T04:00:00Z,-30.5169,-46.20109,0.3502,0.2725,262.79166,2015-07-28T00:00:00Z,SVP
126971,2015-06-22T05:00:00Z,-30.50866,-46.18788,0.3422,0.2734,262.79166,2015-07-28T00:00:00Z,SVP
126971,2015-06-22T06:00:00Z,-30.49997,-46.17384,0.3276,0.2634,298.7917,2015-07-28T00:00:00Z,SVP
126971,2015-06-22T07:00:00Z,-30.49123,-46.16335,0.3183,0.2632,298.7917,2015-07-28T00:00:00Z,SVP
126971,2015-06-22T08:00:00Z,-30.48278,-46.1506,0.3607,0.2594,90.0,2015-07-28T00:00:00Z,SVP
126971,2015-06-22T09:00:00Z,-30.4759,-46.1359,0.3991,0.1967,162.0,2015-07-28T00:00:00Z,SVP
126971,2015-06-22T10:00:00Z,-30.46992,-46.11977,0.4037,0.1563,306.0,2015-07-28T00:00:00Z,SVP
126971,2015-06-22T11:00:00Z,-30.46474,-46.10476,0.4079,0.1536,306.0,2015-07-28T00:00:00Z,SVP
126971,2015-06-22T12:00:00Z,-30.45973,-46.08939,0.4285,0.1424,144.0,2015-07-28T00:00:00Z,SVP
126971,2015-06-22T13:00:00Z,-30.45325,-46.07611,0.3877,0.1731,108.00001,2015-07-28T00:00:00Z,SVP
126971,2015-06-22T14:00:00Z,-30.44776,-46.05803,0.4686,0.1912,507.5833,2015-07-28T00:00:00Z,SVP
126971,2015-06-22T15:00:00Z,-30.44237,-46.04022,0.4741,0.1898,507.5833,2015-07-28T00:00:00Z,SVP
126971,2015-06-22T16:00:00Z,-30.43754,-46.02403,0.4734,0.1861,507.5833,2015-07-28T00:00:00Z,SVP
126971,2015-06-22T17:00:00Z,-30.43128,-46.00418,0.536,0.3229,241.20834,2015-07-28T00:00:00Z,SVP
126971,2015-06-22T18:00:00Z,-30.42131,-45.98119,0.5262,0.3346,241.20834,2015-07-28T00:00:00Z,SVP
126971,2015-06-22T19:00:00Z,-30.40863,-45.96106,0.5647,0.3793,288.0,2015-07-28T00:00:00Z,SVP
126971,2015-06-22T20:00:00Z,-30.39604,-45.94386,0.5436,0.3799,288.0,2015-07-28T00:00:00Z,SVP
126971,2015-06-22T21:00:00Z,-30.38111,-45.91907,0.4061,0.5208,158.41667,2015-07-28T00:00:00Z,SVP
126971,2015-06-22T22:00:00Z,-30.3643,-45.90351,0.3654,0.5527,324.0,2015-07-28T00:00:00Z,SVP
126971,2015-06-22T23:00:00Z,-30.34646,-45.88983,0.3649,0.5533,324.0,2015-07-28T00:00:00Z,SVP
126971,2015-06-23T00:00:00Z,-30.32845,-45.87588,0.3515,0.5977,118.79167,2015-07-28T00:00:00Z,SVP
126971,2015-06-23T01:00:00Z,-30.30845,-45.86421,0.2892,0.6099,118.79167,2015-07-28T00:00:00Z,SVP
126971,2015-06-23T02:00:00Z,-30.28846,-45.85364,0.2077,0.6013,360.0,2015-07-28T00:00:00Z,SVP
126971,2015-06-23T03:00:00Z,-30.26926,-45.84595,0.207,0.6017,360.0,2015-07-28T00:00:00Z,SVP
126971,2015-06-23T04:00:00Z,-30.25027,-45.83767,0.1699,0.6057,252.0,2015-07-28T00:00:00Z,SVP
126971,2015-06-23T05:00:00Z,-30.22998,-45.83172,0.1686,0.6064,252.0,2015-07-28T00:00:00Z,SVP
126971,2015-06-23T06:00:00Z,-30.21051,-45.82723,0.1014,0.6038,136.79167,2015-07-28T00:00:00Z,SVP
126971,2015-06-23T07:00:00Z,-30.1908,-45.82443,0.056,0.6098,129.58333,2015-07-28T00:00:00Z,SVP
126971,2015-06-23T08:00:00Z,-30.17032,-45.82327,0.023,0.6539,122.416664,2015-07-28T00:00:00Z,SVP
126971,2015-06-23T09:00:00Z,-30.1503,-45.82282,-0.0441,0.5089,252.0,2015-07-28T00:00:00Z,SVP
126971,2015-06-23T10:00:00Z,-30.13753,-45.8258,-0.0569,0.4475,252.0,2015-07-28T00:00:00Z,SVP
126971,2015-06-23T11:00:00Z,-30.12026,-45.82985,-0.1155,0.4696,79.208336,2015-07-28T00:00:00Z,SVP
126971,2015-06-23T12:00:00Z,-30.10578,-45.83844,-0.0962,0.3176,126.0,2015-07-28T00:00:00Z,SVP
126971,2015-06-23T13:00:00Z,-30.0943,-45.84196,-0.0593,0.3758,529.2084,2015-07-28T00:00:00Z,SVP
126971,2015-06-23T14:00:00Z,-30.08228,-45.844,-0.0593,0.3754,529.2084,2015-07-28T00:00:00Z,SVP
126971,2015-06-23T15:00:00Z,-30.0706,-45.84611,-0.0593,0.3735,529.2084,2015-07-28T00:00:00Z,SVP
126971,2015-06-23T16:00:00Z,-30.06225,-45.84813,-0.0594,0.3471,529.2084,2015-07-28T00:00:00Z,SVP
126971,2015-06-23T17:00:00Z,-30.04831,-45.85054,-0.0582,0.5007,237.58334,2015-07-28T00:00:00Z,SVP
126971,2015-06-23T18:00:00Z,-30.03161,-45.85279,-0.0265,0.5258,255.58333,2015-07-28T00:00:00Z,SVP
126971,2015-06-23T19:00:00Z,-30.01499,-45.85363,-0.0242,0.5251,255.58333,2015-07-28T00:00:00Z,SVP
126971,2015-06-23T20:00:00Z,-29.997,-45.85166,0.0577,0.5533,82.791664,2015-07-28T00:00:00Z,SVP
126971,2015-06-23T21:00:00Z,-29.97763,-45.85436,-0.2321,0.5952,108.00001,2015-07-28T00:00:00Z,SVP
126971,2015-06-23T22:00:00Z,-29.95636,-45.86331,-0.2267,0.7186,392.41666,2015-07-28T00:00:00Z,SVP
126971,2015-06-23T23:00:00Z,-29.93291,-45.87178,-0.2271,0.7181,392.41666,2015-07-28T00:00:00Z,SVP
126971,2015-06-24T00:00:00Z,-29.9094,-45.88004,-0.2286,0.7168,392.41666,2015-07-28T00:00:00Z,SVP
126971,2015-06-24T01:00:00Z,-29.88715,-45.8901,-0.2936,0.6914,108.00001,2015-07-28T00:00:00Z,SVP
126971,2015-06-24T02:00:00Z,-29.86402,-45.90374,-0.365,0.7112,136.79167,2015-07-28T00:00:00Z,SVP
126971,2015-06-24T03:00:00Z,-29.84219,-45.91995,-0.4292,0.683,241.20834,2015-07-28T00:00:00Z,SVP
126971,2015-06-24T04:00:00Z,-29.81833,-45.93511,-0.4501,0.5807,252.0,2015-07-28T00:00:00Z,SVP
126971,2015-06-24T05:00:00Z,-29.79956,-45.95266,-0.4444,0.5784,252.0,2015-07-28T00:00:00Z,SVP
126971,2015-06-24T06:00:00Z,-29.78081,-45.96886,-0.4304,0.563,396.00003,2015-07-28T00:00:00Z,SVP
126971,2015-06-24T07:00:00Z,-29.76265,-45.98472,-0.4303,0.563,396.00003,2015-07-28T00:00:00Z,SVP
126971,2015-06-24T08:00:00Z,-29.74484,-46.00115,-0.4418,0.5571,64.791664,2015-07-28T00:00:00Z,SVP
126971,2015-06-24T09:00:00Z,-29.72715,-46.01811,-0.4873,0.4934,252.0,2015-07-28T00:00:00Z,SVP
126971,2015-06-24T10:00:00Z,-29.71021,-46.03622,-0.4883,0.4885,252.0,2015-07-28T00:00:00Z,SVP
126971,2015-06-24T11:00:00Z,-29.69652,-46.05406,-0.4824,0.4322,233.99998,2015-07-28T00:00:00Z,SVP
126971,2015-06-24T12:00:00Z,-29.68347,-46.07135,-0.4451,0.3658,118.79167,2015-07-28T00:00:00Z,SVP
126971,2015-06-24T13:00:00Z,-29.67212,-46.08055,-0.2256,0.3221,792.00006,2015-07-28T00:00:00Z,SVP
126971,2015-06-24T14:00:00Z,-29.66194,-46.0885,-0.2239,0.3215,792.00006,2015-07-28T00:00:00Z,SVP
126971,2015-06-24T15:00:00Z,-29.65159,-46.09675,-0.2235,0.3213,792.00006,2015-07-28T00:00:00Z,SVP
126971,2015-06-24T16:00:00Z,-29.64117,-46.10518,-0.2237,0.3213,792.00006,2015-07-28T00:00:00Z,SVP
126971,2015-06-24T17:00:00Z,-29.63065,-46.11386,-0.2243,0.3214,792.00006,2015-07-28T00:00:00Z,SVP
126971,2015-06-24T18:00:00Z,-29.61976,-46.12162,-0.1875,0.3194,284.41666,2015-07-28T00:00:00Z,SVP
126971,2015-06-24T19:00:00Z,-29.6096,-46.12606,-0.1808,0.3189,284.41666,2015-07-28T00:00:00Z,SVP
126971,2015-06-24T20:00:00Z,-29.59722,-46.13242,-0.1573,0.3804,118.79167,2015-07-28T00:00:00Z,SVP
126971,2015-06-24T21:00:00Z,-29.58081,-46.13564,-0.0257,0.5259,57.583332,2015-07-28T00:00:00Z,SVP
126971,2015-06-24T22:00:00Z,-29.56382,-46.13587,-0.0339,0.4996,421.20834,2015-07-28T00:00:00Z,SVP
126971,2015-06-24T23:00:00Z,-29.5477,-46.13762,-0.0363,0.4992,421.20834,2015-07-28T00:00:00Z,SVP
126971,2015-06-25T00:00:00Z,-29.53141,-46.13983,-0.0381,0.499,421.20834,2015-07-28T00:00:00Z,SVP
126971,2015-06-25T01:00:00Z,-29.51551,-46.13704,-0.0809,0.514,129.58333,2015-07-28T00:00:00Z,SVP
126971,2015-06-25T02:00:00Z,-29.49883,-46.1391,-0.1181,0.519,522.0,2015-07-28T00:00:00Z,SVP
126971,2015-06-25T03:00:00Z,-29.48213,-46.14331,-0.1181,0.5191,522.0,2015-07-28T00:00:00Z,SVP
126971,2015-06-25T04:00:00Z,-29.46539,-46.14744,-0.1182,0.5192,522.0,2015-07-28T00:00:00Z,SVP
126971,2015-06-25T05:00:00Z,-29.44864,-46.15145,-0.1186,0.5194,522.0,2015-07-28T00:00:00Z,SVP
126971,2015-06-25T06:00:00Z,-29.43243,-46.15743,-0.145,0.5063,392.41666,2015-07-28T00:00:00Z,SVP
126971,2015-06-25T07:00:00Z,-29.41609,-46.16393,-0.1493,0.506,392.41666,2015-07-28T00:00:00Z,SVP
126971,2015-06-25T08:00:00Z,-29.4005,-46.16886,-0.141,0.4786,54.000004,2015-07-28T00:00:00Z,SVP
126971,2015-06-25T09:00:00Z,-29.38612,-46.17391,-0.1581,0.414,212.41667,2015-07-28T00:00:00Z,SVP
126971,2015-06-25T10:00:00Z,-29.37248,-46.17951,-0.1952,0.4222,262.79166,2015-07-28T00:00:00Z,SVP
126971,2015-06-25T11:00:00Z,-29.35931,-46.1873,-0.1931,0.423,262.79166,2015-07-28T00:00:00Z,SVP
126971,2015-06-25T12:00:00Z,-29.34554,-46.19254,-0.105,0.4035,115.208336,2015-07-28T00:00:00Z,SVP
126971,2015-06-25T13:00:00Z,-29.33409,-46.19251,-0.0243,0.3459,1083.5834,2015-07-28T00:00:00Z,SVP
126971,2015-06-25T14:00:00Z,-29.3226,-46.19402,-0.0262,0.3463,1083.5834,2015-07-28T00:00:00Z,SVP
126971,2015-06-25T15:00:00Z,-29.3113,-46.19522,-0.0266,0.3464,1083.5834,2015-07-28T00:00:00Z,SVP
126971,2015-06-25T16:00:00Z,-29.30005,-46.19634,-0.0268,0.3465,1083.5834,2015-07-28T00:00:00Z,SVP
126971,2015-06-25T17:00:00Z,-29.28882,-46.19743,-0.027,0.3465,1083.5834,2015-07-28T00:00:00Z,SVP
126971,2015-06-25T18:00:00Z,-29.27762,-46.19854,-0.0271,0.3465,1083.5834,2015-07-28T00:00:00Z,SVP
126971,2015-06-25T19:00:00Z,-29.26645,-46.19969,-0.0272,0.3465,1083.5834,2015-07-28T00:00:00Z,SVP
126971,2015-06-25T20:00:00Z,-29.25543,-46.20106,-0.0273,0.3464,1083.5834,2015-07-28T00:00:00Z,SVP
126971,2015-06-25T21:00:00Z,-29.2414,-46.19606,0.1699,0.4336,208.79167,2015-07-28T00:00:00Z,SVP
126971,2015-06-25T22:00:00Z,-29.22593,-46.1904,0.1702,0.4435,208.79167,2015-07-28T00:00:00Z,SVP
126971,2015-06-25T23:00:00Z,-29.21456,-46.1839,0.1629,0.3325,345.5833,2015-07-28T00:00:00Z,SVP
126971,2015-06-26T00:00:00Z,-29.20369,-46.17749,0.1608,0.3299,345.5833,2015-07-28T00:00:00Z,SVP
126971,2015-06-26T01:00:00Z,-29.19411,-46.17216,0.1483,0.2813,140.41666,2015-07-28T00:00:00Z,SVP
126971,2015-06-26T02:00:00Z,-29.18647,-46.17123,-0.0559,0.2275,111.583336,2015-07-28T00:00:00Z,SVP
126971,2015-06-26T03:00:00Z,-29.17906,-46.17352,-0.0734,0.2289,838.7916,2015-07-28T00:00:00Z,SVP
126971,2015-06-26T04:00:00Z,-29.17159,-46.1764,-0.0735,0.2289,838.7916,2015-07-28T00:00:00Z,SVP
126971,2015-06-26T05:00:00Z,-29.16414,-46.17923,-0.0735,0.2289,838.7916,2015-07-28T00:00:00Z,SVP
126971,2015-06-26T06:00:00Z,-29.15669,-46.18208,-0.0735,0.2289,838.7916,2015-07-28T00:00:00Z,SVP
126971,2015-06-26T07:00:00Z,-29.14922,-46.18503,-0.0735,0.2289,838.7916,2015-07-28T00:00:00Z,SVP
126971,2015-06-26T08:00:00Z,-29.14198,-46.18837,-0.0845,0.2236,198.00002,2015-07-28T00:00:00Z,SVP
126971,2015-06-26T09:00:00Z,-29.13502,-46.19051,-0.0852,0.2235,198.00002,2015-07-28T00:00:00Z,SVP
126971,2015-06-26T10:00:00Z,-29.12961,-46.19682,-0.1504,0.172,194.41666,2015-07-28T00:00:00Z,SVP
126971,2015-06-26T11:00:00Z,-29.12459,-46.20326,-0.1337,0.2189,151.20834,2015-07-28T00:00:00Z,SVP
126971,2015-06-26T12:00:00Z,-29.11718,-46.20789,-0.1984,0.2924,140.41666,2015-07-28T00:00:00Z,SVP
126971,2015-06-26T13:00:00Z,-29.10994,-46.21545,-0.202,0.1851,118.79167,2015-07-28T00:00:00Z,SVP
126971,2015-06-26T14:00:00Z,-29.10449,-46.21593,-0.0163,0.1265,586.7916,2015-07-28T00:00:00Z,SVP
126971,2015-06-26T15:00:00Z,-29.10116,-46.21623,-0.0163,0.1283,586.7916,2015-07-28T00:00:00Z,SVP
126971,2015-06-26T16:00:00Z,-29.09735,-46.21696,-0.0159,0.1289,586.7916,2015-07-28T00:00:00Z,SVP
126971,2015-06-26T17:00:00Z,-29.09354,-46.21801,-0.0147,0.1297,586.7916,2015-07-28T00:00:00Z,SVP
126971,2015-06-26T18:00:00Z,-29.08868,-46.21852,0.01,0.1481,399.58334,2015-07-28T00:00:00Z,SVP
126971,2015-06-26T19:00:00Z,-29.08361,-46.21795,0.01,0.15,399.58334,2015-07-28T00:00:00Z,SVP
126971,2015-06-26T20:00:00Z,-29.07917,-46.2172,0.0098,0.1529,399.58334,2015-07-28T00:00:00Z,SVP
126971,2015-06-26T21:00:00Z,-29.06909,-46.21793,-8.0E-4,0.2434,252.0,2015-07-28T00:00:00Z,SVP
126971,2015-06-26T22:00:00Z,-29.06076,-46.21816,-0.0034,0.268,370.79166,2015-07-28T00:00:00Z,SVP
126971,2015-06-26T23:00:00Z,-29.05268,-46.21796,-0.003,0.2675,370.79166,2015-07-28T00:00:00Z,SVP
126971,2015-06-27T00:00:00Z,-29.04446,-46.21795,-0.0029,0.2677,370.79166,2015-07-28T00:00:00Z,SVP
126971,2015-06-27T01:00:00Z,-29.03452,-46.22082,-0.152,0.3093,126.0,2015-07-28T00:00:00Z,SVP
126971,2015-06-27T02:00:00Z,-29.02454,-46.22878,-0.2277,0.3241,450.0,2015-07-28T00:00:00Z,SVP
126971,2015-06-27T03:00:00Z,-29.01415,-46.23632,-0.2264,0.3245,450.0,2015-07-28T00:00:00Z,SVP
126971,2015-06-27T04:00:00Z,-29.00399,-46.23858,-0.1663,0.3255,450.0,2015-07-28T00:00:00Z,SVP
126971,2015-06-27T05:00:00Z,-28.99401,-46.24472,-0.3205,0.3362,370.79166,2015-07-28T00:00:00Z,SVP
126971,2015-06-27T06:00:00Z,-28.9825,-46.25792,-0.3173,0.3364,370.79166,2015-07-28T00:00:00Z,SVP
126971,2015-06-27T07:00:00Z,-28.9712,-46.27162,-0.2378,0.3362,370.79166,2015-07-28T00:00:00Z,SVP
126971,2015-06-27T08:00:00Z,-28.96245,-46.27637,-0.0732,0.2852,183.58333,2015-07-28T00:00:00Z,SVP
126971,2015-06-27T09:00:00Z,-28.95621,-46.27802,-0.2252,0.0597,0.0,2015-07-28T00:00:00Z,SVP
126971,2015-06-27T10:00:00Z,-28.95341,-46.28674,-0.1672,0.1103,180.0,2015-07-28T00:00:00Z,SVP
126971,2015-06-27T11:00:00Z,-28.94905,-46.29027,-0.0757,0.1275,180.0,2015-07-28T00:00:00Z,SVP
126971,2015-06-27T12:00:00Z,-28.94454,-46.28899,0.0179,0.1487,144.0,2015-07-28T00:00:00Z,SVP
126971,2015-06-27T13:00:00Z,-28.93842,-46.30613,-0.2099,0.1247,104.41666,2015-07-28T00:00:00Z,SVP
126971,2015-06-27T14:00:00Z,-28.9371,-46.31046,-0.1124,0.0587,630.0,2015-07-28T00:00:00Z,SVP
126971,2015-06-27T15:00:00Z,-28.93541,-46.3146,-0.1121,0.059,630.0,2015-07-28T00:00:00Z,SVP
126971,2015-06-27T16:00:00Z,-28.9333,-46.31904,-0.1109,0.0577,630.0,2015-07-28T00:00:00Z,SVP
126971,2015-06-27T17:00:00Z,-28.93084,-46.32389,-0.1083,0.0542,630.0,2015-07-28T00:00:00Z,SVP
126971,2015-06-27T18:00:00Z,-28.9306,-46.32629,-0.0829,0.0195,252.0,2015-07-28T00:00:00Z,SVP
126971,2015-06-27T19:00:00Z,-28.93016,-46.32896,-0.1117,0.0242,104.41666,2015-07-28T00:00:00Z,SVP
126971,2015-06-27T20:00:00Z,-28.92911,-46.33357,-0.1455,0.0646,255.58333,2015-07-28T00:00:00Z,SVP
126971,2015-06-27T21:00:00Z,-28.92667,-46.34037,-0.152,0.0644,255.58333,2015-07-28T00:00:00Z,SVP
126971,2015-06-27T22:00:00Z,-28.92465,-46.34478,-0.1135,0.0662,370.79166,2015-07-28T00:00:00Z,SVP
126971,2015-06-27T23:00:00Z,-28.92272,-46.34827,-0.1159,0.0662,370.79166,2015-07-28T00:00:00Z,SVP
126971,2015-06-28T00:00:00Z,-28.9205,-46.35242,-0.1001,0.0725,133.20833,2015-07-28T00:00:00Z,SVP
126971,2015-06-28T01:00:00Z,-28.91768,-46.35662,-0.1311,0.1143,111.583336,2015-07-28T00:00:00Z,SVP
126971,2015-06-28T02:00:00Z,-28.91398,-46.36118,-0.1303,0.1264,460.79166,2015-07-28T00:00:00Z,SVP
126971,2015-06-28T03:00:00Z,-28.90979,-46.36631,-0.1318,0.1268,460.79166,2015-07-28T00:00:00Z,SVP
126971,2015-06-28T04:00:00Z,-28.90565,-46.3716,-0.1333,0.1269,460.79166,2015-07-28T00:00:00Z,SVP
126971,2015-06-28T05:00:00Z,-28.90174,-46.37727,-0.1467,0.126,266.41666,2015-07-28T00:00:00Z,SVP
126971,2015-06-28T06:00:00Z,-28.89769,-46.3816,-0.1419,0.1257,266.41666,2015-07-28T00:00:00Z,SVP
126971,2015-06-28T07:00:00Z,-28.89383,-46.38922,-0.1699,0.1229,129.58333,2015-07-28T00:00:00Z,SVP
126971,2015-06-28T08:00:00Z,-28.88975,-46.39459,-0.1501,0.1233,230.41667,2015-07-28T00:00:00Z,SVP
126971,2015-06-28T09:00:00Z,-28.88539,-46.40006,-0.124,0.1418,147.58333,2015-07-28T00:00:00Z,SVP
126971,2015-06-28T10:00:00Z,-28.88201,-46.4066,-0.2588,0.1067,208.79167,2015-07-28T00:00:00Z,SVP
126971,2015-06-28T11:00:00Z,-28.87674,-46.41515,-0.2685,0.1151,208.79167,2015-07-28T00:00:00Z,SVP
126971,2015-06-28T12:00:00Z,-28.87622,-46.42821,-0.2108,-0.0425,0.0,2015-07-28T00:00:00Z,SVP
126971,2015-06-28T13:00:00Z,-28.8771,-46.43457,-0.1675,-0.0361,640.7917,2015-07-28T00:00:00Z,SVP
126971,2015-06-28T14:00:00Z,-28.87839,-46.44102,-0.1689,-0.038,640.7917,2015-07-28T00:00:00Z,SVP
126971,2015-06-28T15:00:00Z,-28.87939,-46.44751,-0.17,-0.0361,640.7917,2015-07-28T00:00:00Z,SVP
126971,2015-06-28T16:00:00Z,-28.88002,-46.45423,-0.1715,-0.0327,640.7917,2015-07-28T00:00:00Z,SVP
126971,2015-06-28T17:00:00Z,-28.88009,-46.46166,-0.175,-0.0281,640.7917,2015-07-28T00:00:00Z,SVP
126971,2015-06-28T18:00:00Z,-28.88812,-46.46544,-0.1578,-0.0837,252.0,2015-07-28T00:00:00Z,SVP
126971,2015-06-28T19:00:00Z,-28.89296,-46.4701,-0.1201,-0.0942,140.41666,2015-07-28T00:00:00Z,SVP
126971,2015-06-28T20:00:00Z,-28.89418,-46.47505,-0.1051,-0.0871,233.99998,2015-07-28T00:00:00Z,SVP
126971,2015-06-28T21:00:00Z,-28.89848,-46.47876,-0.1047,-0.0779,233.99998,2015-07-28T00:00:00Z,SVP
126971,2015-06-28T22:00:00Z,-28.90041,-46.4827,-0.0889,-0.0853,475.2083,2015-07-28T00:00:00Z,SVP
126971,2015-06-28T23:00:00Z,-28.90281,-46.48607,-0.0887,-0.0868,475.2083,2015-07-28T00:00:00Z,SVP
126971,2015-06-29T00:00:00Z,-28.90545,-46.48942,-0.0886,-0.0877,475.2083,2015-07-28T00:00:00Z,SVP
126971,2015-06-29T01:00:00Z,-28.90795,-46.49187,-0.0695,-0.0663,108.00001,2015-07-28T00:00:00Z,SVP
126971,2015-06-29T02:00:00Z,-28.90851,-46.49343,-0.0833,0.0203,136.79167,2015-07-28T00:00:00Z,SVP
126971,2015-06-29T03:00:00Z,-28.90673,-46.50077,-0.1658,0.0587,345.5833,2015-07-28T00:00:00Z,SVP
126971,2015-06-29T04:00:00Z,-28.90493,-46.50749,-0.1612,0.0597,345.5833,2015-07-28T00:00:00Z,SVP
126971,2015-06-29T05:00:00Z,-28.90359,-46.51303,-0.1679,0.051,259.20834,2015-07-28T00:00:00Z,SVP
126971,2015-06-29T06:00:00Z,-28.90111,-46.51876,-0.1685,0.0527,259.20834,2015-07-28T00:00:00Z,SVP
126971,2015-06-29T07:00:00Z,-28.90191,-46.52549,-0.2304,0.0055,169.20834,2015-07-28T00:00:00Z,SVP
126971,2015-06-29T08:00:00Z,-28.90075,-46.53479,-0.2361,0.0123,169.20834,2015-07-28T00:00:00Z,SVP
126971,2015-06-29T09:00:00Z,-28.90033,-46.54248,-0.2565,0.0398,72.0,2015-07-28T00:00:00Z,SVP
126971,2015-06-29T10:00:00Z,-28.8985,-46.55264,-0.2767,0.0601,248.41667,2015-07-28T00:00:00Z,SVP
126971,2015-06-29T11:00:00Z,-28.89728,-46.55941,-0.186,0.0346,115.208336,2015-07-28T00:00:00Z,SVP
126971,2015-06-29T12:00:00Z,-28.89727,-46.56495,-0.0998,-0.0572,126.0,2015-07-28T00:00:00Z,SVP
126971,2015-06-29T13:00:00Z,-28.90002,-46.57252,-0.2595,-0.1391,136.79167,2015-07-28T00:00:00Z,SVP
126971,2015-06-29T14:00:00Z,-28.9047,-46.58154,-0.2462,-0.16,536.4166,2015-07-28T00:00:00Z,SVP
126971,2015-06-29T15:00:00Z,-28.90997,-46.59044,-0.246,-0.1601,536.4166,2015-07-28T00:00:00Z,SVP
126971,2015-06-29T16:00:00Z,-28.91515,-46.59967,-0.2455,-0.1602,536.4166,2015-07-28T00:00:00Z,SVP
126971,2015-06-29T17:00:00Z,-28.92037,-46.60887,-0.1981,-0.175,237.58334,2015-07-28T00:00:00Z,SVP
126971,2015-06-29T18:00:00Z,-28.9262,-46.61533,-0.1927,-0.1756,237.58334,2015-07-28T00:00:00Z,SVP
126971,2015-06-29T19:00:00Z,-28.93264,-46.61976,-0.1009,-0.2088,147.58333,2015-07-28T00:00:00Z,SVP
126971,2015-06-29T20:00:00Z,-28.93936,-46.62381,-0.1082,-0.2089,129.58333,2015-07-28T00:00:00Z,SVP
126971,2015-06-29T21:00:00Z,-28.94492,-46.62992,-0.1845,-0.1606,118.79167,2015-07-28T00:00:00Z,SVP
126971,2015-06-29T22:00:00Z,-28.9492,-46.63639,-0.122,-0.0888,410.4167,2015-07-28T00:00:00Z,SVP
126971,2015-06-29T23:00:00Z,-28.95175,-46.6401,-0.1195,-0.0882,410.4167,2015-07-28T00:00:00Z,SVP
126971,2015-06-30T00:00:00Z,-28.95445,-46.64321,-0.1146,-0.0881,410.4167,2015-07-28T00:00:00Z,SVP
126971,2015-06-30T01:00:00Z,-28.95784,-46.64591,-0.1275,-0.1071,514.7916,2015-07-28T00:00:00Z,SVP
126971,2015-06-30T02:00:00Z,-28.96172,-46.65252,-0.1205,-0.1104,514.7916,2015-07-28T00:00:00Z,SVP
126971,2015-06-30T03:00:00Z,-28.96477,-46.65784,-0.1181,-0.1086,514.7916,2015-07-28T00:00:00Z,SVP
126971,2015-06-30T04:00:00Z,-28.96697,-46.66324,-0.1151,-0.1054,514.7916,2015-07-28T00:00:00Z,SVP
126971,2015-06-30T05:00:00Z,-28.97405,-46.66702,-0.1334,-0.1897,266.41666,2015-07-28T00:00:00Z,SVP
126971,2015-06-30T06:00:00Z,-28.98101,-46.67061,-0.1847,-0.1615,129.58333,2015-07-28T00:00:00Z,SVP
126971,2015-06-30T07:00:00Z,-28.98543,-46.67897,-0.1901,-0.1447,140.41666,2015-07-28T00:00:00Z,SVP
126971,2015-06-30T08:00:00Z,-28.99149,-46.68437,-0.1081,-0.2415,115.208336,2015-07-28T00:00:00Z,SVP
126971,2015-06-30T09:00:00Z,-28.99921,-46.68888,-0.1327,-0.2409,136.79167,2015-07-28T00:00:00Z,SVP
126971,2015-06-30T10:00:00Z,-29.00442,-46.69526,-0.1934,-0.1046,133.20833,2015-07-28T00:00:00Z,SVP
126971,2015-06-30T11:00:00Z,-29.00707,-46.70191,-0.1752,-0.0584,136.79167,2015-07-28T00:00:00Z,SVP
126971,2015-06-30T12:00:00Z,-29.00944,-46.70516,-0.1113,-0.1081,0.0,2015-07-28T00:00:00Z,SVP
126971,2015-06-30T13:00:00Z,-29.01396,-46.71099,-0.1636,-0.1799,565.2083,2015-07-28T00:00:00Z,SVP
126971,2015-06-30T14:00:00Z,-29.01974,-46.71666,-0.1629,-0.1799,565.2083,2015-07-28T00:00:00Z,SVP
126971,2015-06-30T15:00:00Z,-29.02549,-46.72247,-0.1626,-0.1798,565.2083,2015-07-28T00:00:00Z,SVP
126971,2015-06-30T16:00:00Z,-29.03112,-46.7282,-0.1624,-0.1795,565.2083,2015-07-28T00:00:00Z,SVP
126971,2015-06-30T17:00:00Z,-29.03745,-46.73371,-0.1533,-0.1942,237.58334,2015-07-28T00:00:00Z,SVP
126971,2015-06-30T18:00:00Z,-29.04429,-46.74029,-0.1557,-0.1967,237.58334,2015-07-28T00:00:00Z,SVP
126971,2015-06-30T19:00:00Z,-29.05134,-46.74252,-0.0466,-0.2192,140.41666,2015-07-28T00:00:00Z,SVP
126971,2015-06-30T20:00:00Z,-29.05714,-46.74364,-0.0698,-0.2152,165.58333,2015-07-28T00:00:00Z,SVP
126971,2015-06-30T21:00:00Z,-29.06432,-46.74565,-0.04,-0.1431,79.208336,2015-07-28T00:00:00Z,SVP
126971,2015-06-30T22:00:00Z,-29.06816,-46.74769,-0.0157,-0.0744,446.4167,2015-07-28T00:00:00Z,SVP
126971,2015-06-30T23:00:00Z,-29.07052,-46.74799,-0.0164,-0.0743,446.4167,2015-07-28T00:00:00Z,SVP
126971,2015-07-01T00:00:00Z,-29.07301,-46.74836,-0.0174,-0.0739,446.4167,2015-07-28T00:00:00Z,SVP
126971,2015-07-01T01:00:00Z,-29.07543,-46.74983,-0.0277,-0.0705,136.79167,2015-07-28T00:00:00Z,SVP
126971,2015-07-01T02:00:00Z,-29.07753,-46.75525,-0.1251,-0.0417,115.208336,2015-07-28T00:00:00Z,SVP
126971,2015-07-01T03:00:00Z,-29.07804,-46.75817,-0.1149,-0.0295,298.7917,2015-07-28T00:00:00Z,SVP
126971,2015-07-01T04:00:00Z,-29.07825,-46.76143,-0.1182,-0.0315,298.7917,2015-07-28T00:00:00Z,SVP
126971,2015-07-01T05:00:00Z,-29.08021,-46.76699,-0.1667,-0.0417,248.41667,2015-07-28T00:00:00Z,SVP
126971,2015-07-01T06:00:00Z,-29.0815,-46.77339,-0.2079,-0.0378,230.41667,2015-07-28T00:00:00Z,SVP
126971,2015-07-01T07:00:00Z,-29.08259,-46.78154,-0.2094,-0.036,230.41667,2015-07-28T00:00:00Z,SVP
126971,2015-07-01T08:00:00Z,-29.08352,-46.78935,-0.2171,-0.0287,147.58333,2015-07-28T00:00:00Z,SVP
126971,2015-07-01T09:00:00Z,-29.08584,-46.79717,-0.2179,-0.1663,0.0,2015-07-28T00:00:00Z,SVP
126971,2015-07-01T10:00:00Z,-29.08917,-46.8061,-0.2517,-0.0434,288.0,2015-07-28T00:00:00Z,SVP
126971,2015-07-01T11:00:00Z,-29.08999,-46.81529,-0.2519,-0.0443,288.0,2015-07-28T00:00:00Z,SVP
126971,2015-07-01T12:00:00Z,-29.09122,-46.82538,-0.3013,-0.0181,136.79167,2015-07-28T00:00:00Z,SVP
126971,2015-07-01T13:00:00Z,-29.09193,-46.83698,-0.3023,-0.0215,111.583336,2015-07-28T00:00:00Z,SVP
126971,2015-07-01T14:00:00Z,-29.09281,-46.84822,-0.2711,-0.0309,475.2083,2015-07-28T00:00:00Z,SVP
126971,2015-07-01T15:00:00Z,-29.09379,-46.85818,-0.271,-0.0311,475.2083,2015-07-28T00:00:00Z,SVP
126971,2015-07-01T16:00:00Z,-29.09461,-46.86837,-0.2703,-0.0317,475.2083,2015-07-28T00:00:00Z,SVP
126971,2015-07-01T17:00:00Z,-29.09633,-46.87858,-0.2661,-0.0673,241.20834,2015-07-28T00:00:00Z,SVP
126971,2015-07-01T18:00:00Z,-29.09873,-46.88757,-0.2616,-0.0709,241.20834,2015-07-28T00:00:00Z,SVP
126971,2015-07-01T19:00:00Z,-29.10236,-46.90079,-0.3089,-0.0979,230.41667,2015-07-28T00:00:00Z,SVP
126971,2015-07-01T20:00:00Z,-29.10551,-46.91271,-0.3284,-0.0718,162.0,2015-07-28T00:00:00Z,SVP
126971,2015-07-01T21:00:00Z,-29.10749,-46.92447,-0.2704,-0.09,86.41667,2015-07-28T00:00:00Z,SVP
126971,2015-07-01T22:00:00Z,-29.11061,-46.93453,-0.2617,-0.1069,417.58334,2015-07-28T00:00:00Z,SVP
126971,2015-07-01T23:00:00Z,-29.11398,-46.94393,-0.2606,-0.1065,417.58334,2015-07-28T00:00:00Z,SVP
126971,2015-07-02T00:00:00Z,-29.11733,-46.95329,-0.2599,-0.1062,417.58334,2015-07-28T00:00:00Z,SVP
126971,2015-07-02T01:00:00Z,-29.12135,-46.965,-0.3157,-0.14,111.583336,2015-07-28T00:00:00Z,SVP
126971,2015-07-02T02:00:00Z,-29.12629,-46.97759,-0.229,-0.1925,316.79166,2015-07-28T00:00:00Z,SVP
126971,2015-07-02T03:00:00Z,-29.13193,-46.98642,-0.2265,-0.1926,316.79166,2015-07-28T00:00:00Z,SVP
126971,2015-07-02T04:00:00Z,-29.13704,-46.99641,-0.23,-0.2299,252.0,2015-07-28T00:00:00Z,SVP
126971,2015-07-02T05:00:00Z,-29.14591,-47.00248,-0.2142,-0.2224,252.0,2015-07-28T00:00:00Z,SVP
126971,2015-07-02T06:00:00Z,-29.15269,-47.00908,-0.1787,-0.2046,208.79167,2015-07-28T00:00:00Z,SVP
126971,2015-07-02T07:00:00Z,-29.1588,-47.0246,-0.061,-0.1636,169.20834,2015-07-28T00:00:00Z,SVP
126971,2015-07-02T08:00:00Z,-29.16405,-47.02153,-0.1758,-0.1624,169.20834,2015-07-28T00:00:00Z,SVP
126971,2015-07-02T09:00:00Z,-29.16875,-47.02727,-0.1483,-0.1244,97.20833,2015-07-28T00:00:00Z,SVP
126971,2015-07-02T10:00:00Z,-29.1726,-47.03298,-0.1299,-0.1126,320.41666,2015-07-28T00:00:00Z,SVP
126971,2015-07-02T11:00:00Z,-29.17619,-47.03844,-0.1281,-0.1124,320.41666,2015-07-28T00:00:00Z,SVP
126971,2015-07-02T12:00:00Z,-29.17805,-47.04363,-0.162,-0.0508,122.416664,2015-07-28T00:00:00Z,SVP
126971,2015-07-02T13:00:00Z,-29.17795,-47.05065,-0.1415,-0.0419,741.5833,2015-07-28T00:00:00Z,SVP
126971,2015-07-02T14:00:00Z,-29.17955,-47.0556,-0.1415,-0.0433,741.5833,2015-07-28T00:00:00Z,SVP
126971,2015-07-02T15:00:00Z,-29.18084,-47.06089,-0.1414,-0.0432,741.5833,2015-07-28T00:00:00Z,SVP
126971,2015-07-02T16:00:00Z,-29.1819,-47.06634,-0.141,-0.0423,741.5833,2015-07-28T00:00:00Z,SVP
126971,2015-07-02T17:00:00Z,-29.18266,-47.07197,-0.1403,-0.0411,741.5833,2015-07-28T00:00:00Z,SVP
126971,2015-07-02T18:00:00Z,-29.18323,-47.07769,-0.1207,-0.1103,378.0,2015-07-28T00:00:00Z,SVP
126971,2015-07-02T19:00:00Z,-29.1875,-47.081,-0.1188,-0.1071,378.0,2015-07-28T00:00:00Z,SVP
126971,2015-07-02T20:00:00Z,-29.19139,-47.08479,-0.1184,-0.1029,378.0,2015-07-28T00:00:00Z,SVP
126971,2015-07-02T21:00:00Z,-29.19554,-47.08746,-0.057,-0.114,172.79166,2015-07-28T00:00:00Z,SVP
126971,2015-07-02T22:00:00Z,-29.19715,-47.09486,-0.1245,-0.1033,172.79166,2015-07-28T00:00:00Z,SVP
126971,2015-07-02T23:00:00Z,-29.20083,-47.09386,-0.0883,-0.0687,248.41667,2015-07-28T00:00:00Z,SVP
126971,2015-07-03T00:00:00Z,-29.20432,-47.09556,-0.1959,0.0526,144.0,2015-07-28T00:00:00Z,SVP
126971,2015-07-03T01:00:00Z,-29.20214,-47.10245,-0.1021,0.0624,111.583336,2015-07-28T00:00:00Z,SVP
126971,2015-07-03T02:00:00Z,-29.20164,-47.10584,-0.0715,0.0046,338.4167,2015-07-28T00:00:00Z,SVP
126971,2015-07-03T03:00:00Z,-29.19906,-47.10816,-0.0709,0.036,338.4167,2015-07-28T00:00:00Z,SVP
126971,2015-07-03T04:00:00Z,-29.19941,-47.11101,-0.0975,-0.1415,252.0,2015-07-28T00:00:00Z,SVP
126971,2015-07-03T05:00:00Z,-29.20653,-47.11501,-0.1015,-0.107,252.0,2015-07-28T00:00:00Z,SVP
126971,2015-07-03T06:00:00Z,-29.2108,-47.11951,-0.1302,-0.163,421.20834,2015-07-28T00:00:00Z,SVP
126971,2015-07-03T07:00:00Z,-29.21509,-47.12501,-0.1351,-0.1566,421.20834,2015-07-28T00:00:00Z,SVP
126971,2015-07-03T08:00:00Z,-29.2186,-47.13166,-0.1441,-0.1493,421.20834,2015-07-28T00:00:00Z,SVP
126971,2015-07-03T09:00:00Z,-29.22605,-47.13417,-0.1614,-0.164,248.41667,2015-07-28T00:00:00Z,SVP
126971,2015-07-03T10:00:00Z,-29.23071,-47.14155,-0.1369,-0.1735,248.41667,2015-07-28T00:00:00Z,SVP
126971,2015-07-03T11:00:00Z,-29.23514,-47.14584,-0.0882,-0.0039,140.41666,2015-07-28T00:00:00Z,SVP
126971,2015-07-03T12:00:00Z,-29.23396,-47.1515,-0.0975,-0.0565,111.583336,2015-07-28T00:00:00Z,SVP
127060,2015-05-25T19:00:00Z,-28.04243,-43.54061,0.0329,-0.1812,126.58333,2016-01-28T00:00:00Z,SVP
127060,2015-05-25T20:00:00Z,-28.0474,-43.54001,0.077,-0.1699,154.66667,2016-01-28T00:00:00Z,SVP
127060,2015-05-25T21:00:00Z,-28.05415,-43.53648,0.0784,-0.1749,154.66667,2016-01-28T00:00:00Z,SVP
127060,2015-05-25T22:00:00Z,-28.05681,-43.53596,8.0E-4,0.0067,246.16667,2016-01-28T00:00:00Z,SVP
127060,2015-05-25T23:00:00Z,-28.05639,-43.53625,-2.0E-4,0.0071,246.16667,2016-01-28T00:00:00Z,SVP
127060,2015-05-26T00:00:00Z,-28.05656,-43.53716,-0.0535,0.002,115.958336,2016-01-28T00:00:00Z,SVP
127060,2015-05-26T01:00:00Z,-28.05689,-43.53973,-0.0757,-0.0116,116.083336,2016-01-28T00:00:00Z,SVP
127060,2015-05-26T02:00:00Z,-28.05669,-43.54041,-0.0351,-0.0173,137.08333,2016-01-28T00:00:00Z,SVP
127060,2015-05-26T03:00:00Z,-28.05843,-43.54305,-0.0517,-0.0354,312.91666,2016-01-28T00:00:00Z,SVP
127060,2015-05-26T04:00:00Z,-28.05957,-43.54445,-0.0528,-0.0361,312.91666,2016-01-28T00:00:00Z,SVP
127060,2015-05-26T05:00:00Z,-28.06204,-43.54797,-0.1118,-0.0963,242.54167,2016-01-28T00:00:00Z,SVP
127060,2015-05-26T06:00:00Z,-28.06486,-43.55173,-0.1011,-0.1415,186.29166,2016-01-28T00:00:00Z,SVP
127060,2015-05-26T07:00:00Z,-28.07023,-43.55614,-0.0965,-0.1359,186.29166,2016-01-28T00:00:00Z,SVP
127060,2015-05-26T08:00:00Z,-28.07463,-43.55825,-0.0684,-0.1535,217.95833,2016-01-28T00:00:00Z,SVP
127060,2015-05-26T09:00:00Z,-28.08041,-43.56068,-0.0624,-0.2344,210.91667,2016-01-28T00:00:00Z,SVP
127060,2015-05-26T10:00:00Z,-28.08821,-43.563,-0.061,-0.2348,210.91667,2016-01-28T00:00:00Z,SVP
127060,2015-05-26T11:00:00Z,-28.09397,-43.56344,0.0428,-0.1522,130.04166,2016-01-28T00:00:00Z,SVP
127060,2015-05-26T12:00:00Z,-28.09924,-43.56169,0.071,-0.2017,123.0,2016-01-28T00:00:00Z,SVP
127060,2015-05-26T13:00:00Z,-28.10625,-43.55908,0.0739,-0.2277,147.58333,2016-01-28T00:00:00Z,SVP
127060,2015-05-26T14:00:00Z,-28.11346,-43.55559,0.0875,-0.2227,467.5417,2016-01-28T00:00:00Z,SVP
127060,2015-05-26T15:00:00Z,-28.12088,-43.55267,0.0874,-0.2223,467.5417,2016-01-28T00:00:00Z,SVP
127060,2015-05-26T16:00:00Z,-28.12831,-43.55022,0.0871,-0.2216,467.5417,2016-01-28T00:00:00Z,SVP
127060,2015-05-26T17:00:00Z,-28.13496,-43.5466,0.1338,-0.1719,242.54167,2016-01-28T00:00:00Z,SVP
127060,2015-05-26T18:00:00Z,-28.14097,-43.54049,0.1243,-0.1657,242.54167,2016-01-28T00:00:00Z,SVP
127060,2015-05-26T19:00:00Z,-28.14401,-43.53639,0.1363,-0.1144,214.5,2016-01-28T00:00:00Z,SVP
127060,2015-05-26T20:00:00Z,-28.14738,-43.53137,0.1398,-0.0896,189.91667,2016-01-28T00:00:00Z,SVP
127060,2015-05-26T21:00:00Z,-28.15018,-43.52585,0.1542,-0.061,63.291664,2016-01-28T00:00:00Z,SVP
127060,2015-05-26T22:00:00Z,-28.15114,-43.52134,0.1165,-0.0196,302.4167,2016-01-28T00:00:00Z,SVP
127060,2015-05-26T23:00:00Z,-28.15161,-43.51666,0.1183,-0.019,302.4167,2016-01-28T00:00:00Z,SVP
127060,2015-05-27T00:00:00Z,-28.15225,-43.51253,0.1194,-0.0202,235.66666,2016-01-28T00:00:00Z,SVP
127060,2015-05-27T01:00:00Z,-28.1528,-43.50983,0.0012,0.0307,130.04166,2016-01-28T00:00:00Z,SVP
127060,2015-05-27T02:00:00Z,-28.15189,-43.50833,-0.0808,0.0338,323.41666,2016-01-28T00:00:00Z,SVP
127060,2015-05-27T03:00:00Z,-28.15057,-43.51219,-0.0743,0.0331,323.41666,2016-01-28T00:00:00Z,SVP
127060,2015-05-27T04:00:00Z,-28.14906,-43.51431,-0.1195,5.0E-4,256.66666,2016-01-28T00:00:00Z,SVP
127060,2015-05-27T05:00:00Z,-28.14947,-43.51852,-0.1202,0.0023,256.66666,2016-01-28T00:00:00Z,SVP
127060,2015-05-27T06:00:00Z,-28.15013,-43.52344,-0.1512,-0.0512,165.29167,2016-01-28T00:00:00Z,SVP
127060,2015-05-27T07:00:00Z,-28.15179,-43.52903,-0.2014,-0.111,246.16667,2016-01-28T00:00:00Z,SVP
127060,2015-05-27T08:00:00Z,-28.15608,-43.53668,-0.203,-0.1112,246.16667,2016-01-28T00:00:00Z,SVP
127060,2015-05-27T09:00:00Z,-28.16236,-43.54437,-0.2156,-0.1895,319.9583,2016-01-28T00:00:00Z,SVP
127060,2015-05-27T10:00:00Z,-28.16768,-43.55239,-0.2158,-0.1824,319.9583,2016-01-28T00:00:00Z,SVP
127060,2015-05-27T11:00:00Z,-28.17684,-43.55949,-0.1965,-0.241,123.0,2016-01-28T00:00:00Z,SVP
127060,2015-05-27T12:00:00Z,-28.18583,-43.56268,-0.097,-0.2857,0.0,2016-01-28T00:00:00Z,SVP
127060,2015-05-27T13:00:00Z,-28.19528,-43.56772,-0.1042,-0.2801,151.20834,2016-01-28T00:00:00Z,SVP
127060,2015-05-27T14:00:00Z,-28.20517,-43.56722,0.0526,-0.341,386.70834,2016-01-28T00:00:00Z,SVP
127060,2015-05-27T15:00:00Z,-28.21645,-43.56455,0.0537,-0.3418,386.70834,2016-01-28T00:00:00Z,SVP
127060,2015-05-27T16:00:00Z,-28.22728,-43.56185,0.0543,-0.3425,386.70834,2016-01-28T00:00:00Z,SVP
127060,2015-05-27T17:00:00Z,-28.238,-43.56063,0.0323,-0.3445,235.50002,2016-01-28T00:00:00Z,SVP
127060,2015-05-27T18:00:00Z,-28.25022,-43.55998,0.0468,-0.2024,165.29167,2016-01-28T00:00:00Z,SVP
127060,2015-05-27T19:00:00Z,-28.25648,-43.55779,0.049,-0.1592,165.29167,2016-01-28T00:00:00Z,SVP
127060,2015-05-27T20:00:00Z,-28.25901,-43.55689,0.0228,-0.0959,284.70834,2016-01-28T00:00:00Z,SVP
127060,2015-05-27T21:00:00Z,-28.26198,-43.55393,-0.067,-0.0815,428.8333,2016-01-28T00:00:00Z,SVP
127060,2015-05-27T22:00:00Z,-28.26489,-43.55746,-0.0601,-0.0815,428.8333,2016-01-28T00:00:00Z,SVP
127060,2015-05-27T23:00:00Z,-28.26775,-43.55993,-0.0584,-0.0813,428.8333,2016-01-28T00:00:00Z,SVP
127060,2015-05-28T00:00:00Z,-28.27053,-43.56201,-0.0839,-0.079,130.04166,2016-01-28T00:00:00Z,SVP
127060,2015-05-28T01:00:00Z,-28.27377,-43.56501,-0.0661,-0.1428,108.91667,2016-01-28T00:00:00Z,SVP
127060,2015-05-28T02:00:00Z,-28.27966,-43.56816,-0.1096,-0.18,116.083336,2016-01-28T00:00:00Z,SVP
127060,2015-05-28T03:00:00Z,-28.28317,-43.57259,-0.1279,-0.1378,246.16667,2016-01-28T00:00:00Z,SVP
127060,2015-05-28T04:00:00Z,-28.28543,-43.57767,-0.1073,-0.2047,242.54167,2016-01-28T00:00:00Z,SVP
127060,2015-05-28T05:00:00Z,-28.29552,-43.58073,-0.1047,-0.1704,242.54167,2016-01-28T00:00:00Z,SVP
127060,2015-05-28T06:00:00Z,-28.30208,-43.58471,-0.098,-0.2594,147.58333,2016-01-28T00:00:00Z,SVP
127060,2015-05-28T07:00:00Z,-28.31011,-43.58837,-0.1066,-0.2494,186.29166,2016-01-28T00:00:00Z,SVP
127060,2015-05-28T08:00:00Z,-28.31758,-43.59254,-0.1462,-0.2527,66.75,2016-01-28T00:00:00Z,SVP
127060,2015-05-28T09:00:00Z,-28.32393,-43.59909,-0.1685,-0.1442,175.79167,2016-01-28T00:00:00Z,SVP
127060,2015-05-28T10:00:00Z,-28.3283,-43.59289,0.3788,-0.1894,59.708332,2016-01-28T00:00:00Z,SVP
127060,2015-05-28T11:00:00Z,-28.33683,-43.59587,0.059,-0.3096,133.66667,2016-01-28T00:00:00Z,SVP
127060,2015-05-28T12:00:00Z,-28.34639,-43.59339,0.1524,-0.3158,130.04166,2016-01-28T00:00:00Z,SVP
127060,2015-05-28T13:00:00Z,-28.35523,-43.58817,0.1281,-0.1414,112.5,2016-01-28T00:00:00Z,SVP
127060,2015-05-28T14:00:00Z,-28.35887,-43.58286,0.1294,-0.0579,411.2917,2016-01-28T00:00:00Z,SVP
127060,2015-05-28T15:00:00Z,-28.36107,-43.5786,0.1297,-0.0583,411.2917,2016-01-28T00:00:00Z,SVP
127060,2015-05-28T16:00:00Z,-28.36422,-43.5747,0.1309,-0.0609,411.2917,2016-01-28T00:00:00Z,SVP
127060,2015-05-28T17:00:00Z,-28.36242,-43.5691,0.132,0.0544,242.54167,2016-01-28T00:00:00Z,SVP
127060,2015-05-28T18:00:00Z,-28.35939,-43.56463,-0.026,0.1243,165.29167,2016-01-28T00:00:00Z,SVP
127060,2015-05-28T19:00:00Z,-28.35636,-43.56678,-0.0623,0.1189,221.54167,2016-01-28T00:00:00Z,SVP
127060,2015-05-28T20:00:00Z,-28.35051,-43.56799,-0.0641,0.1255,221.54167,2016-01-28T00:00:00Z,SVP
127060,2015-05-28T21:00:00Z,-28.34662,-43.57118,-0.1025,0.1037,467.5417,2016-01-28T00:00:00Z,SVP
127060,2015-05-28T22:00:00Z,-28.34389,-43.57503,-0.103,0.1058,467.5417,2016-01-28T00:00:00Z,SVP
127060,2015-05-28T23:00:00Z,-28.34122,-43.57835,-0.1051,0.1097,467.5417,2016-01-28T00:00:00Z,SVP
127060,2015-05-29T00:00:00Z,-28.33662,-43.58295,-0.117,0.1112,119.54167,2016-01-28T00:00:00Z,SVP
127060,2015-05-29T01:00:00Z,-28.3344,-43.58665,-0.1401,-0.0535,112.5,2016-01-28T00:00:00Z,SVP
127060,2015-05-29T02:00:00Z,-28.33684,-43.59498,-0.0943,-0.1186,263.7083,2016-01-28T00:00:00Z,SVP
127060,2015-05-29T03:00:00Z,-28.34068,-43.59767,-0.0988,-0.1188,263.7083,2016-01-28T00:00:00Z,SVP
127060,2015-05-29T04:00:00Z,-28.34494,-43.60139,-0.0619,-0.1422,260.0833,2016-01-28T00:00:00Z,SVP
127060,2015-05-29T05:00:00Z,-28.34925,-43.60396,-0.06,-0.1445,260.0833,2016-01-28T00:00:00Z,SVP
127060,2015-05-29T06:00:00Z,-28.35501,-43.60386,0.045,-0.1641,147.58333,2016-01-28T00:00:00Z,SVP
127060,2015-05-29T07:00:00Z,-28.35839,-43.59996,0.0979,-0.1072,210.91667,2016-01-28T00:00:00Z,SVP
127060,2015-05-29T08:00:00Z,-28.36042,-43.59659,0.0985,-0.0042,168.75,2016-01-28T00:00:00Z,SVP
127060,2015-05-29T09:00:00Z,-28.36048,-43.59247,0.135,0.0089,87.91667,2016-01-28T00:00:00Z,SVP
127060,2015-05-29T10:00:00Z,-28.36182,-43.5867,0.1549,-0.0672,158.25,2016-01-28T00:00:00Z,SVP
127060,2015-05-29T11:00:00Z,-28.36319,-43.58224,0.1277,-0.0412,154.66667,2016-01-28T00:00:00Z,SVP
127060,2015-05-29T12:00:00Z,-28.36207,-43.57816,0.0711,0.0773,144.16667,2016-01-28T00:00:00Z,SVP
127060,2015-05-29T13:00:00Z,-28.3587,-43.57622,0.0314,0.1248,450.0,2016-01-28T00:00:00Z,SVP
127060,2015-05-29T14:00:00Z,-28.35551,-43.57445,0.0322,0.1098,450.0,2016-01-28T00:00:00Z,SVP
127060,2015-05-29T15:00:00Z,-28.35333,-43.57297,0.0323,0.095,450.0,2016-01-28T00:00:00Z,SVP
127060,2015-05-29T16:00:00Z,-28.35168,-43.57173,0.021,0.2129,235.50002,2016-01-28T00:00:00Z,SVP
127060,2015-05-29T17:00:00Z,-28.34116,-43.5721,0.0153,0.1536,235.50002,2016-01-28T00:00:00Z,SVP
127060,2015-05-29T18:00:00Z,-28.33666,-43.574,-0.0947,0.1325,168.75,2016-01-28T00:00:00Z,SVP
127060,2015-05-29T19:00:00Z,-28.33243,-43.58143,-0.3036,0.1152,91.33333,2016-01-28T00:00:00Z,SVP
127060,2015-05-29T20:00:00Z,-28.3271,-43.59177,-0.2061,0.0403,59.708332,2016-01-28T00:00:00Z,SVP
127060,2015-05-29T21:00:00Z,-28.32636,-43.59932,-0.2722,-0.0216,196.95833,2016-01-28T00:00:00Z,SVP
127060,2015-05-29T22:00:00Z,-28.3274,-43.60904,-0.3173,-0.045,323.41666,2016-01-28T00:00:00Z,SVP
127060,2015-05-29T23:00:00Z,-28.32873,-43.62082,-0.3174,-0.0451,323.41666,2016-01-28T00:00:00Z,SVP
127060,2015-05-30T00:00:00Z,-28.33177,-43.63083,-0.2659,-0.1182,144.16667,2016-01-28T00:00:00Z,SVP
127060,2015-05-30T01:00:00Z,-28.33746,-43.63757,-0.1208,-0.2245,119.54167,2016-01-28T00:00:00Z,SVP
127060,2015-05-30T02:00:00Z,-28.34498,-43.63992,-0.0039,-0.2479,291.75003,2016-01-28T00:00:00Z,SVP
127060,2015-05-30T03:00:00Z,-28.35301,-43.64107,-0.0064,-0.2482,291.75003,2016-01-28T00:00:00Z,SVP
127060,2015-05-30T04:00:00Z,-28.36163,-43.6398,0.0387,-0.2692,239.08334,2016-01-28T00:00:00Z,SVP
127060,2015-05-30T05:00:00Z,-28.36996,-43.63778,0.0383,-0.2701,239.08334,2016-01-28T00:00:00Z,SVP
127060,2015-05-30T06:00:00Z,-28.37945,-43.63467,0.0738,-0.1377,0.0,2016-01-28T00:00:00Z,SVP
127060,2015-05-30T07:00:00Z,-28.3807,-43.6305,0.1195,-0.1499,182.83333,2016-01-28T00:00:00Z,SVP
127060,2015-05-30T08:00:00Z,-28.38316,-43.62431,0.1414,-0.0168,70.333336,2016-01-28T00:00:00Z,SVP
127060,2015-05-30T09:00:00Z,-28.38326,-43.61877,0.2027,0.0219,144.16667,2016-01-28T00:00:00Z,SVP
127060,2015-05-30T10:00:00Z,-28.38284,-43.61157,0.2057,0.0935,172.20833,2016-01-28T00:00:00Z,SVP
127060,2015-05-30T11:00:00Z,-28.37895,-43.6039,0.1428,0.1267,133.66667,2016-01-28T00:00:00Z,SVP
127060,2015-05-30T12:00:00Z,-28.37522,-43.60003,0.0602,0.1165,119.54167,2016-01-28T00:00:00Z,SVP
127060,2015-05-30T13:00:00Z,-28.37116,-43.59714,0.0195,0.1443,467.5417,2016-01-28T00:00:00Z,SVP
127060,2015-05-30T14:00:00Z,-28.36676,-43.59659,0.0189,0.1419,467.5417,2016-01-28T00:00:00Z,SVP
127060,2015-05-30T15:00:00Z,-28.36272,-43.59587,0.0187,0.1385,467.5417,2016-01-28T00:00:00Z,SVP
127060,2015-05-30T16:00:00Z,-28.3583,-43.59565,-0.0017,0.155,239.08334,2016-01-28T00:00:00Z,SVP
127060,2015-05-30T17:00:00Z,-28.34936,-43.59669,-0.0084,0.1758,239.08334,2016-01-28T00:00:00Z,SVP
127060,2015-05-30T18:00:00Z,-28.34674,-43.60088,-0.0995,0.1355,161.70833,2016-01-28T00:00:00Z,SVP
127060,2015-05-30T19:00:00Z,-28.34311,-43.60917,-0.2771,0.0533,94.958336,2016-01-28T00:00:00Z,SVP
127060,2015-05-30T20:00:00Z,-28.33744,-43.61784,-0.2467,0.1602,70.333336,2016-01-28T00:00:00Z,SVP
127060,2015-05-30T21:00:00Z,-28.33414,-43.62914,-0.3103,0.114,144.16667,2016-01-28T00:00:00Z,SVP
127060,2015-05-30T22:00:00Z,-28.33381,-43.63925,-0.2222,-0.0969,270.74997,2016-01-28T00:00:00Z,SVP
127060,2015-05-30T23:00:00Z,-28.3375,-43.64512,-0.2194,-0.0924,270.74997,2016-01-28T00:00:00Z,SVP
127060,2015-05-31T00:00:00Z,-28.34077,-43.65361,-0.2481,-0.1531,119.54167,2016-01-28T00:00:00Z,SVP
127060,2015-05-31T01:00:00Z,-28.34662,-43.66175,-0.2614,-0.2005,112.5,2016-01-28T00:00:00Z,SVP
127060,2015-05-31T02:00:00Z,-28.35466,-43.67267,0.0804,-0.2384,175.79167,2016-01-28T00:00:00Z,SVP
127060,2015-05-31T03:00:00Z,-28.35878,-43.66889,0.071,-0.2034,175.79167,2016-01-28T00:00:00Z,SVP
127060,2015-05-31T04:00:00Z,-28.36812,-43.66631,0.089,-0.2555,260.0833,2016-01-28T00:00:00Z,SVP
127060,2015-05-31T05:00:00Z,-28.3783,-43.66494,-0.0344,-0.2687,140.70834,2016-01-28T00:00:00Z,SVP
127060,2015-05-31T06:00:00Z,-28.38495,-43.66827,-0.0566,-0.2623,147.58333,2016-01-28T00:00:00Z,SVP
127060,2015-05-31T07:00:00Z,-28.39405,-43.66725,0.1431,-0.2146,119.54167,2016-01-28T00:00:00Z,SVP
127060,2015-05-31T08:00:00Z,-28.40016,-43.66144,0.2189,-0.1634,130.04166,2016-01-28T00:00:00Z,SVP
127060,2015-05-31T09:00:00Z,-28.4039,-43.65358,0.2264,-0.062,133.66667,2016-01-28T00:00:00Z,SVP
127060,2015-05-31T10:00:00Z,-28.40498,-43.64634,0.1715,-0.0092,203.83333,2016-01-28T00:00:00Z,SVP
127060,2015-05-31T11:00:00Z,-28.40494,-43.64028,0.1305,0.0335,126.58333,2016-01-28T00:00:00Z,SVP
127060,2015-05-31T12:00:00Z,-28.40372,-43.63552,0.1288,0.0436,126.58333,2016-01-28T00:00:00Z,SVP
127060,2015-05-31T13:00:00Z,-28.40209,-43.63084,0.1197,0.0672,126.58333,2016-01-28T00:00:00Z,SVP
127060,2015-05-31T14:00:00Z,-28.39864,-43.62802,0.067,0.1159,351.58334,2016-01-28T00:00:00Z,SVP
127060,2015-05-31T15:00:00Z,-28.39489,-43.62518,0.0687,0.1168,351.58334,2016-01-28T00:00:00Z,SVP
127060,2015-05-31T16:00:00Z,-28.39073,-43.62364,0.0291,0.1457,239.08334,2016-01-28T00:00:00Z,SVP
127060,2015-05-31T17:00:00Z,-28.38552,-43.62491,0.0209,0.1478,239.08334,2016-01-28T00:00:00Z,SVP
127060,2015-05-31T18:00:00Z,-28.37999,-43.62443,-0.0184,0.1754,161.70833,2016-01-28T00:00:00Z,SVP
127060,2015-05-31T19:00:00Z,-28.37553,-43.62843,-0.3082,0.0138,147.58333,2016-01-28T00:00:00Z,SVP
127060,2015-05-31T20:00:00Z,-28.37594,-43.63963,-0.303,-0.0561,87.91667,2016-01-28T00:00:00Z,SVP
127060,2015-05-31T21:00:00Z,-28.37904,-43.64925,-0.149,-0.167,108.91667,2016-01-28T00:00:00Z,SVP
127060,2015-05-31T22:00:00Z,-28.38406,-43.65521,-0.174,-0.1429,110.70833,2016-01-28T00:00:00Z,SVP
127060,2015-05-31T23:00:00Z,-28.3883,-43.66196,-0.2025,-0.1211,265.5,2016-01-28T00:00:00Z,SVP
127060,2015-06-01T00:00:00Z,-28.3921,-43.67035,-0.2055,-0.1202,265.5,2016-01-28T00:00:00Z,SVP
127060,2015-06-01T01:00:00Z,-28.39703,-43.67627,-0.2089,-0.2024,112.5,2016-01-28T00:00:00Z,SVP
127060,2015-06-01T02:00:00Z,-28.40374,-43.68402,-0.2421,-0.2201,119.54167,2016-01-28T00:00:00Z,SVP
127060,2015-06-01T03:00:00Z,-28.41099,-43.68599,0.0393,-0.2991,263.7083,2016-01-28T00:00:00Z,SVP
127060,2015-06-01T04:00:00Z,-28.4209,-43.68687,0.0308,-0.3029,263.7083,2016-01-28T00:00:00Z,SVP
127060,2015-06-01T05:00:00Z,-28.4305,-43.68496,0.1568,-0.336,137.08333,2016-01-28T00:00:00Z,SVP
127060,2015-06-01T06:00:00Z,-28.44026,-43.67914,0.1456,-0.2494,115.958336,2016-01-28T00:00:00Z,SVP
127060,2015-06-01T07:00:00Z,-28.448,-43.67433,0.0884,-0.1894,154.66667,2016-01-28T00:00:00Z,SVP
127060,2015-06-01T08:00:00Z,-28.45501,-43.66848,0.2209,-0.2376,91.33333,2016-01-28T00:00:00Z,SVP
127060,2015-06-01T09:00:00Z,-28.46261,-43.65863,0.32,-0.2062,133.66667,2016-01-28T00:00:00Z,SVP
127060,2015-06-01T10:00:00Z,-28.46781,-43.65009,0.2443,-0.0814,102.0,2016-01-28T00:00:00Z,SVP
127060,2015-06-01T11:00:00Z,-28.4681,-43.64047,0.0315,0.0545,137.08333,2016-01-28T00:00:00Z,SVP
127060,2015-06-01T12:00:00Z,-28.46649,-43.63553,0.2853,0.0185,147.58333,2016-01-28T00:00:00Z,SVP
127060,2015-06-01T13:00:00Z,-28.46685,-43.62386,0.138,0.1237,112.5,2016-01-28T00:00:00Z,SVP
127060,2015-06-01T14:00:00Z,-28.46251,-43.61847,0.0908,0.1375,492.16663,2016-01-28T00:00:00Z,SVP
127060,2015-06-01T15:00:00Z,-28.45818,-43.61547,0.0908,0.1375,492.16663,2016-01-28T00:00:00Z,SVP
127060,2015-06-01T16:00:00Z,-28.45379,-43.6119,0.09,0.1376,492.16663,2016-01-28T00:00:00Z,SVP
127060,2015-06-01T17:00:00Z,-28.44941,-43.60717,0.011,0.1335,256.66666,2016-01-28T00:00:00Z,SVP
127060,2015-06-01T18:00:00Z,-28.44492,-43.60676,0.0071,0.1326,256.66666,2016-01-28T00:00:00Z,SVP
127060,2015-06-01T19:00:00Z,-28.44099,-43.60722,-0.1143,0.1068,161.70833,2016-01-28T00:00:00Z,SVP
127060,2015-06-01T20:00:00Z,-28.43845,-43.61284,-0.186,0.0329,94.958336,2016-01-28T00:00:00Z,SVP
127060,2015-06-01T21:00:00Z,-28.43777,-43.61922,-0.1576,0.0113,165.29167,2016-01-28T00:00:00Z,SVP
127060,2015-06-01T22:00:00Z,-28.43745,-43.62463,-0.1206,7.0E-4,87.91667,2016-01-28T00:00:00Z,SVP
127060,2015-06-01T23:00:00Z,-28.43849,-43.62885,-0.1183,-0.0401,246.16667,2016-01-28T00:00:00Z,SVP
127060,2015-06-02T00:00:00Z,-28.44044,-43.63344,-0.1185,-0.1223,102.0,2016-01-28T00:00:00Z,SVP
127060,2015-06-02T01:00:00Z,-28.44478,-43.63844,-0.1496,-0.1323,123.0,2016-01-28T00:00:00Z,SVP
127060,2015-06-02T02:00:00Z,-28.44754,-43.64325,-0.131,-0.0986,133.66667,2016-01-28T00:00:00Z,SVP
127060,2015-06-02T03:00:00Z,-28.45272,-43.64359,0.0285,-0.1835,263.7083,2016-01-28T00:00:00Z,SVP
127060,2015-06-02T04:00:00Z,-28.45784,-43.6436,0.0253,-0.1832,263.7083,2016-01-28T00:00:00Z,SVP
127060,2015-06-02T05:00:00Z,-28.46428,-43.64212,0.0893,-0.2332,239.08334,2016-01-28T00:00:00Z,SVP
127060,2015-06-02T06:00:00Z,-28.47204,-43.63834,0.0851,-0.2343,239.08334,2016-01-28T00:00:00Z,SVP
127060,2015-06-02T07:00:00Z,-28.48074,-43.63468,0.1101,-0.2701,165.29167,2016-01-28T00:00:00Z,SVP
127060,2015-06-02T08:00:00Z,-28.48923,-43.62901,0.1838,-0.2565,109.041664,2016-01-28T00:00:00Z,SVP
127060,2015-06-02T09:00:00Z,-28.49671,-43.62241,0.1872,-0.1839,77.41667,2016-01-28T00:00:00Z,SVP
127060,2015-06-02T10:00:00Z,-28.50158,-43.61504,0.1787,-0.1304,151.20834,2016-01-28T00:00:00Z,SVP
127060,2015-06-02T11:00:00Z,-28.50568,-43.60901,0.219,-0.1088,105.458336,2016-01-28T00:00:00Z,SVP
127060,2015-06-02T12:00:00Z,-28.50874,-43.60051,0.2525,-0.0611,140.70834,2016-01-28T00:00:00Z,SVP
127060,2015-06-02T13:00:00Z,-28.50944,-43.59211,0.188,0.0347,115.958336,2016-01-28T00:00:00Z,SVP
127060,2015-06-02T14:00:00Z,-28.50817,-43.58475,0.1835,0.0587,530.8334,2016-01-28T00:00:00Z,SVP
127060,2015-06-02T15:00:00Z,-28.50624,-43.5782,0.1826,0.0587,530.8334,2016-01-28T00:00:00Z,SVP
127060,2015-06-02T16:00:00Z,-28.50432,-43.57201,0.1805,0.0588,530.8334,2016-01-28T00:00:00Z,SVP
127060,2015-06-02T17:00:00Z,-28.50263,-43.56645,0.1918,0.0498,239.08334,2016-01-28T00:00:00Z,SVP
127060,2015-06-02T18:00:00Z,-28.50112,-43.55731,0.1949,0.0489,239.08334,2016-01-28T00:00:00Z,SVP
127060,2015-06-02T19:00:00Z,-28.49971,-43.55152,0.0602,0.0382,133.66667,2016-01-28T00:00:00Z,SVP
127060,2015-06-02T20:00:00Z,-28.49797,-43.5508,-0.0064,0.0504,91.33333,2016-01-28T00:00:00Z,SVP
127060,2015-06-02T21:00:00Z,-28.49731,-43.55087,-0.0068,0.0284,165.29167,2016-01-28T00:00:00Z,SVP
127060,2015-06-02T22:00:00Z,-28.49759,-43.55115,-0.014,-0.012,260.0833,2016-01-28T00:00:00Z,SVP
127060,2015-06-02T23:00:00Z,-28.49839,-43.55151,-0.0145,-0.0122,260.0833,2016-01-28T00:00:00Z,SVP
127060,2015-06-03T00:00:00Z,-28.49848,-43.55342,-0.0559,-0.0119,123.0,2016-01-28T00:00:00Z,SVP
127060,2015-06-03T01:00:00Z,-28.50066,-43.55739,-0.0695,-0.1069,126.58333,2016-01-28T00:00:00Z,SVP
127060,2015-06-03T02:00:00Z,-28.50285,-43.55952,-0.0074,-0.1516,383.0833,2016-01-28T00:00:00Z,SVP
127060,2015-06-03T03:00:00Z,-28.5085,-43.55969,-0.0059,-0.1595,383.0833,2016-01-28T00:00:00Z,SVP
127060,2015-06-03T04:00:00Z,-28.51307,-43.56051,-0.0084,-0.1588,383.0833,2016-01-28T00:00:00Z,SVP
127060,2015-06-03T05:00:00Z,-28.52141,-43.5596,0.0156,-0.2456,242.54167,2016-01-28T00:00:00Z,SVP
127060,2015-06-03T06:00:00Z,-28.52966,-43.55786,0.0375,-0.2866,158.25,2016-01-28T00:00:00Z,SVP
127060,2015-06-03T07:00:00Z,-28.53865,-43.5581,0.0389,-0.2869,158.25,2016-01-28T00:00:00Z,SVP
127060,2015-06-03T08:00:00Z,-28.54924,-43.55568,0.0327,-0.3575,140.70834,2016-01-28T00:00:00Z,SVP
127060,2015-06-03T09:00:00Z,-28.56049,-43.55441,0.0784,-0.3156,98.416664,2016-01-28T00:00:00Z,SVP
127060,2015-06-03T10:00:00Z,-28.57056,-43.55057,0.1423,-0.2841,291.75003,2016-01-28T00:00:00Z,SVP
127060,2015-06-03T11:00:00Z,-28.5795,-43.54567,0.1426,-0.2842,291.75003,2016-01-28T00:00:00Z,SVP
127060,2015-06-03T12:00:00Z,-28.58783,-43.53793,0.1946,-0.2422,133.66667,2016-01-28T00:00:00Z,SVP
127060,2015-06-03T13:00:00Z,-28.59389,-43.5321,0.1784,-0.1281,541.3334,2016-01-28T00:00:00Z,SVP
127060,2015-06-03T14:00:00Z,-28.59828,-43.52493,0.1775,-0.1283,541.3334,2016-01-28T00:00:00Z,SVP
127060,2015-06-03T15:00:00Z,-28.60264,-43.51836,0.1777,-0.1283,541.3334,2016-01-28T00:00:00Z,SVP
127060,2015-06-03T16:00:00Z,-28.60717,-43.51207,0.1789,-0.1282,541.3334,2016-01-28T00:00:00Z,SVP
127060,2015-06-03T17:00:00Z,-28.61098,-43.50572,0.1876,-0.1122,256.66666,2016-01-28T00:00:00Z,SVP
127060,2015-06-03T18:00:00Z,-28.61374,-43.49807,0.1906,-0.111,256.66666,2016-01-28T00:00:00Z,SVP
127060,2015-06-03T19:00:00Z,-28.61722,-43.49689,-0.0316,-0.1024,73.791664,2016-01-28T00:00:00Z,SVP
127060,2015-06-03T20:00:00Z,-28.61986,-43.49564,0.0844,-0.0549,168.75,2016-01-28T00:00:00Z,SVP
127060,2015-06-03T21:00:00Z,-28.62122,-43.49327,0.0531,-0.0232,112.5,2016-01-28T00:00:00Z,SVP
127060,2015-06-03T22:00:00Z,-28.62157,-43.49352,-0.0435,-0.0359,154.66667,2016-01-28T00:00:00Z,SVP
127060,2015-06-03T23:00:00Z,-28.62468,-43.4961,-0.0741,-0.0896,235.50002,2016-01-28T00:00:00Z,SVP
127060,2015-06-04T00:00:00Z,-28.62779,-43.49857,-0.0961,-0.1312,115.958336,2016-01-28T00:00:00Z,SVP
127060,2015-06-04T01:00:00Z,-28.6316,-43.50292,-0.105,-0.104,116.083336,2016-01-28T00:00:00Z,SVP
127060,2015-06-04T02:00:00Z,-28.6358,-43.50674,-0.1131,-0.1521,411.2917,2016-01-28T00:00:00Z,SVP
127060,2015-06-04T03:00:00Z,-28.64016,-43.51122,-0.1114,-0.1502,411.2917,2016-01-28T00:00:00Z,SVP
127060,2015-06-04T04:00:00Z,-28.64316,-43.51536,-0.1113,-0.1424,411.2917,2016-01-28T00:00:00Z,SVP
127060,2015-06-04T05:00:00Z,-28.65119,-43.51938,-0.1199,-0.2509,246.16667,2016-01-28T00:00:00Z,SVP
127060,2015-06-04T06:00:00Z,-28.65993,-43.52314,-0.0633,-0.3112,154.66667,2016-01-28T00:00:00Z,SVP
127060,2015-06-04T07:00:00Z,-28.66992,-43.5253,0.0042,-0.3296,242.54167,2016-01-28T00:00:00Z,SVP
127060,2015-06-04T08:00:00Z,-28.68078,-43.5247,0.0067,-0.3296,242.54167,2016-01-28T00:00:00Z,SVP
127060,2015-06-04T09:00:00Z,-28.69155,-43.52349,-0.0255,-0.3448,246.16667,2016-01-28T00:00:00Z,SVP
127060,2015-06-04T10:00:00Z,-28.70274,-43.52536,-0.0263,-0.3455,246.16667,2016-01-28T00:00:00Z,SVP
127060,2015-06-04T11:00:00Z,-28.71387,-43.52556,0.0683,-0.2992,126.58333,2016-01-28T00:00:00Z,SVP
127060,2015-06-04T12:00:00Z,-28.7234,-43.52392,0.1327,-0.2724,130.04166,2016-01-28T00:00:00Z,SVP
127060,2015-06-04T13:00:00Z,-28.73179,-43.51857,0.1555,-0.2227,140.70834,2016-01-28T00:00:00Z,SVP
127060,2015-06-04T14:00:00Z,-28.73903,-43.51261,0.1565,-0.1884,435.91666,2016-01-28T00:00:00Z,SVP
127060,2015-06-04T15:00:00Z,-28.74505,-43.50691,0.1566,-0.1876,435.91666,2016-01-28T00:00:00Z,SVP
127060,2015-06-04T16:00:00Z,-28.75149,-43.50136,0.1566,-0.1877,435.91666,2016-01-28T00:00:00Z,SVP
127060,2015-06-04T17:00:00Z,-28.75642,-43.49534,0.1696,-0.1188,242.54167,2016-01-28T00:00:00Z,SVP
127060,2015-06-04T18:00:00Z,-28.75974,-43.48843,0.1705,-0.1181,242.54167,2016-01-28T00:00:00Z,SVP
127060,2015-06-04T19:00:00Z,-28.76114,-43.48414,0.1311,-0.0465,154.66667,2016-01-28T00:00:00Z,SVP
127060,2015-06-04T20:00:00Z,-28.76079,-43.48144,0.0743,0.0136,126.58333,2016-01-28T00:00:00Z,SVP
127060,2015-06-04T21:00:00Z,-28.76081,-43.47896,0.0412,-0.0298,140.70834,2016-01-28T00:00:00Z,SVP
127060,2015-06-04T22:00:00Z,-28.76147,-43.4786,-0.0485,-0.0556,119.54167,2016-01-28T00:00:00Z,SVP
127060,2015-06-04T23:00:00Z,-28.76335,-43.48144,-0.1117,0.0578,147.58333,2016-01-28T00:00:00Z,SVP
127060,2015-06-05T00:00:00Z,-28.76108,-43.48615,-0.1531,0.1072,109.041664,2016-01-28T00:00:00Z,SVP
127060,2015-06-05T01:00:00Z,-28.75947,-43.49134,-0.1512,0.009,140.70834,2016-01-28T00:00:00Z,SVP
127060,2015-06-05T02:00:00Z,-28.75966,-43.49604,-0.1794,-0.0412,305.83334,2016-01-28T00:00:00Z,SVP
127060,2015-06-05T03:00:00Z,-28.76014,-43.5032,-0.1775,-0.0306,305.83334,2016-01-28T00:00:00Z,SVP
127060,2015-06-05T04:00:00Z,-28.75939,-43.5099,-0.1813,-0.2249,242.54167,2016-01-28T00:00:00Z,SVP
127060,2015-06-05T05:00:00Z,-28.7674,-43.51628,-0.1828,-0.2144,242.54167,2016-01-28T00:00:00Z,SVP
127060,2015-06-05T06:00:00Z,-28.77459,-43.52254,-0.1544,-0.235,123.0,2016-01-28T00:00:00Z,SVP
127060,2015-06-05T07:00:00Z,-28.78273,-43.52832,-0.1496,-0.2584,298.7917,2016-01-28T00:00:00Z,SVP
127060,2015-06-05T08:00:00Z,-28.79052,-43.53345,-0.1503,-0.2582,298.7917,2016-01-28T00:00:00Z,SVP
127060,2015-06-05T09:00:00Z,-28.79932,-43.53912,-0.1523,-0.2833,246.16667,2016-01-28T00:00:00Z,SVP
127060,2015-06-05T10:00:00Z,-28.80941,-43.54523,-0.1508,-0.2806,246.16667,2016-01-28T00:00:00Z,SVP
127060,2015-06-05T11:00:00Z,-28.81855,-43.54758,-0.0084,-0.3074,126.58333,2016-01-28T00:00:00Z,SVP
127060,2015-06-05T12:00:00Z,-28.82819,-43.54702,0.0358,-0.2946,109.041664,2016-01-28T00:00:00Z,SVP
127060,2015-06-05T13:00:00Z,-28.83697,-43.54639,0.0182,-0.2561,144.16667,2016-01-28T00:00:00Z,SVP
127060,2015-06-05T14:00:00Z,-28.84418,-43.54641,0.0667,-0.1647,351.58334,2016-01-28T00:00:00Z,SVP
127060,2015-06-05T15:00:00Z,-28.8493,-43.54323,0.0668,-0.1632,351.58334,2016-01-28T00:00:00Z,SVP
127060,2015-06-05T16:00:00Z,-28.85503,-43.54109,0.0689,-0.1621,351.58334,2016-01-28T00:00:00Z,SVP
127060,2015-06-05T17:00:00Z,-28.8586,-43.53842,0.0894,-0.0781,239.08334,2016-01-28T00:00:00Z,SVP
127060,2015-06-05T18:00:00Z,-28.86095,-43.53461,0.0498,-0.0426,165.29167,2016-01-28T00:00:00Z,SVP
127060,2015-06-05T19:00:00Z,-28.86179,-43.53428,0.0535,-0.0415,165.29167,2016-01-28T00:00:00Z,SVP
127060,2015-06-05T20:00:00Z,-28.86279,-43.53338,-0.0032,-0.033,144.16667,2016-01-28T00:00:00Z,SVP
127060,2015-06-05T21:00:00Z,-28.86363,-43.53456,-0.0548,-0.0171,116.083336,2016-01-28T00:00:00Z,SVP
127060,2015-06-05T22:00:00Z,-28.86393,-43.53719,-0.0797,-0.0286,130.04166,2016-01-28T00:00:00Z,SVP
127060,2015-06-05T23:00:00Z,-28.86504,-43.54095,-0.1167,-9.0E-4,154.66667,2016-01-28T00:00:00Z,SVP
127060,2015-06-06T00:00:00Z,-28.86227,-43.54941,-0.2276,0.0489,137.08333,2016-01-28T00:00:00Z,SVP
127060,2015-06-06T01:00:00Z,-28.86392,-43.55654,-0.1646,-0.1008,115.958336,2016-01-28T00:00:00Z,SVP
127060,2015-06-06T02:00:00Z,-28.86686,-43.56337,-0.2706,-0.0606,116.083336,2016-01-28T00:00:00Z,SVP
127060,2015-06-06T03:00:00Z,-28.8698,-43.57245,-0.2428,-0.0973,189.91667,2016-01-28T00:00:00Z,SVP
127060,2015-06-06T04:00:00Z,-28.8716,-43.58289,-0.1872,-0.1594,256.66666,2016-01-28T00:00:00Z,SVP
127060,2015-06-06T05:00:00Z,-28.8778,-43.58895,-0.1935,-0.1501,256.66666,2016-01-28T00:00:00Z,SVP
127060,2015-06-06T06:00:00Z,-28.88406,-43.59822,-0.3086,-0.2558,0.0,2016-01-28T00:00:00Z,SVP
127060,2015-06-06T07:00:00Z,-28.89348,-43.60311,-0.0353,-0.2471,179.25,2016-01-28T00:00:00Z,SVP
127060,2015-06-06T08:00:00Z,-28.90187,-43.60434,-0.0242,-0.2343,256.66666,2016-01-28T00:00:00Z,SVP
127060,2015-06-06T09:00:00Z,-28.90883,-43.60536,-0.0245,-0.2306,256.66666,2016-01-28T00:00:00Z,SVP
127060,2015-06-06T10:00:00Z,-28.91913,-43.6046,0.0126,-0.3041,151.20834,2016-01-28T00:00:00Z,SVP
127060,2015-06-06T11:00:00Z,-28.92966,-43.60313,0.053,-0.3467,119.54167,2016-01-28T00:00:00Z,SVP
127060,2015-06-06T12:00:00Z,-28.93892,-43.60008,0.0994,-0.2569,140.70834,2016-01-28T00:00:00Z,SVP
127060,2015-06-06T13:00:00Z,-28.94653,-43.59704,0.0878,-0.1733,119.54167,2016-01-28T00:00:00Z,SVP
127060,2015-06-06T14:00:00Z,-28.95267,-43.59254,0.0907,-0.1051,369.16666,2016-01-28T00:00:00Z,SVP
127060,2015-06-06T15:00:00Z,-28.95561,-43.59,0.0899,-0.1058,369.16666,2016-01-28T00:00:00Z,SVP
127060,2015-06-06T16:00:00Z,-28.95937,-43.58793,0.0888,-0.1026,369.16666,2016-01-28T00:00:00Z,SVP
127060,2015-06-06T17:00:00Z,-28.96179,-43.58295,0.0996,-0.0662,242.54167,2016-01-28T00:00:00Z,SVP
127060,2015-06-06T18:00:00Z,-28.96421,-43.57882,0.1126,-0.0706,177.58333,2016-01-28T00:00:00Z,SVP
127060,2015-06-06T19:00:00Z,-28.96527,-43.57682,0.0254,-0.0312,79.208336,2016-01-28T00:00:00Z,SVP
127060,2015-06-06T20:00:00Z,-28.96389,-43.57831,-0.0747,0.0953,80.83333,2016-01-28T00:00:00Z,SVP
127060,2015-06-06T21:00:00Z,-28.96097,-43.57832,0.0101,0.0607,189.91667,2016-01-28T00:00:00Z,SVP
127060,2015-06-06T22:00:00Z,-28.9595,-43.57931,-0.13,0.026,108.91667,2016-01-28T00:00:00Z,SVP
127060,2015-06-06T23:00:00Z,-28.9587,-43.5859,-0.2119,0.1071,193.33334,2016-01-28T00:00:00Z,SVP
127060,2015-06-07T00:00:00Z,-28.95547,-43.5939,-0.2463,0.1328,108.91667,2016-01-28T00:00:00Z,SVP
127060,2015-06-07T01:00:00Z,-28.95328,-43.60284,-0.2436,0.0259,123.166664,2016-01-28T00:00:00Z,SVP
127060,2015-06-07T02:00:00Z,-28.95436,-43.61245,-0.2693,-0.0746,242.54167,2016-01-28T00:00:00Z,SVP
127060,2015-06-07T03:00:00Z,-28.95476,-43.62192,-0.2691,-0.0457,242.54167,2016-01-28T00:00:00Z,SVP
127060,2015-06-07T04:00:00Z,-28.95657,-43.63194,-0.2807,-0.1708,242.54167,2016-01-28T00:00:00Z,SVP
127060,2015-06-07T05:00:00Z,-28.96332,-43.64261,-0.2806,-0.1375,242.54167,2016-01-28T00:00:00Z,SVP
127060,2015-06-07T06:00:00Z,-28.96924,-43.6521,-0.25,-0.2262,137.08333,2016-01-28T00:00:00Z,SVP
127060,2015-06-07T07:00:00Z,-28.9784,-43.65921,-0.1958,-0.2698,165.29167,2016-01-28T00:00:00Z,SVP
127060,2015-06-07T08:00:00Z,-28.98747,-43.66386,-0.0568,-0.2653,161.70833,2016-01-28T00:00:00Z,SVP
127060,2015-06-07T09:00:00Z,-28.99645,-43.66548,-0.047,-0.2536,84.458336,2016-01-28T00:00:00Z,SVP
127060,2015-06-07T10:00:00Z,-29.00429,-43.6671,-0.0362,-0.2577,172.33334,2016-01-28T00:00:00Z,SVP
127060,2015-06-07T11:00:00Z,-29.01258,-43.66845,0.0084,-0.2503,147.58333,2016-01-28T00:00:00Z,SVP
127060,2015-06-07T12:00:00Z,-29.02054,-43.66793,0.0172,-0.2403,137.08333,2016-01-28T00:00:00Z,SVP
127060,2015-06-07T13:00:00Z,-29.02803,-43.66687,0.0411,-0.217,112.5,2016-01-28T00:00:00Z,SVP
127060,2015-06-07T14:00:00Z,-29.03375,-43.66466,0.0772,-0.1454,400.79166,2016-01-28T00:00:00Z,SVP
127060,2015-06-07T15:00:00Z,-29.03896,-43.66203,0.0776,-0.1475,400.79166,2016-01-28T00:00:00Z,SVP
127060,2015-06-07T16:00:00Z,-29.04596,-43.6601,0.1035,-0.0195,235.50002,2016-01-28T00:00:00Z,SVP
127060,2015-06-07T17:00:00Z,-29.04585,-43.65536,0.101,-0.0294,235.50002,2016-01-28T00:00:00Z,SVP
127060,2015-06-07T18:00:00Z,-29.04598,-43.65238,0.0713,0.0208,161.70833,2016-01-28T00:00:00Z,SVP
127060,2015-06-07T19:00:00Z,-29.04413,-43.64997,0.0414,0.079,140.70834,2016-01-28T00:00:00Z,SVP
127060,2015-06-07T20:00:00Z,-29.03946,-43.64826,0.0373,0.175,80.83333,2016-01-28T00:00:00Z,SVP
127060,2015-06-07T21:00:00Z,-29.03453,-43.64979,-0.0427,0.1768,172.20833,2016-01-28T00:00:00Z,SVP
127060,2015-06-07T22:00:00Z,-29.03018,-43.65514,-0.2381,0.0476,344.54166,2016-01-28T00:00:00Z,SVP
127060,2015-06-07T23:00:00Z,-29.02915,-43.66396,-0.2377,0.0471,344.54166,2016-01-28T00:00:00Z,SVP
127060,2015-06-08T00:00:00Z,-29.02812,-43.67308,-0.2373,0.0481,344.54166,2016-01-28T00:00:00Z,SVP
127060,2015-06-08T01:00:00Z,-29.02591,-43.68258,-0.3635,-0.0015,119.54167,2016-01-28T00:00:00Z,SVP
127060,2015-06-08T02:00:00Z,-29.02685,-43.69637,-0.3766,-0.1053,253.20834,2016-01-28T00:00:00Z,SVP
127060,2015-06-08T03:00:00Z,-29.02977,-43.71037,-0.375,-0.1036,253.20834,2016-01-28T00:00:00Z,SVP
127060,2015-06-08T04:00:00Z,-29.03497,-43.72372,-0.3528,-0.1664,242.54167,2016-01-28T00:00:00Z,SVP
127060,2015-06-08T05:00:00Z,-29.04074,-43.73618,-0.3518,-0.1677,242.54167,2016-01-28T00:00:00Z,SVP
127060,2015-06-08T06:00:00Z,-29.04773,-43.74927,-0.3154,-0.2412,102.0,2016-01-28T00:00:00Z,SVP
127060,2015-06-08T07:00:00Z,-29.05698,-43.75842,-0.2201,-0.3492,154.66667,2016-01-28T00:00:00Z,SVP
127060,2015-06-08T08:00:00Z,-29.06811,-43.76687,-0.1982,-0.3862,115.958336,2016-01-28T00:00:00Z,SVP
127060,2015-06-08T09:00:00Z,-29.07936,-43.77268,-0.1247,-0.3174,126.58333,2016-01-28T00:00:00Z,SVP
127060,2015-06-08T10:00:00Z,-29.09009,-43.77628,-0.0833,-0.3286,130.04166,2016-01-28T00:00:00Z,SVP
127060,2015-06-08T11:00:00Z,-29.10177,-43.77737,0.0179,-0.3779,158.25,2016-01-28T00:00:00Z,SVP
127060,2015-06-08T12:00:00Z,-29.11404,-43.77574,0.0331,-0.3796,147.58333,2016-01-28T00:00:00Z,SVP
127060,2015-06-08T13:00:00Z,-29.12519,-43.7748,0.0178,-0.2271,425.41666,2016-01-28T00:00:00Z,SVP
127060,2015-06-08T14:00:00Z,-29.13181,-43.77414,0.018,-0.2193,425.41666,2016-01-28T00:00:00Z,SVP
127060,2015-06-08T15:00:00Z,-29.13907,-43.77368,0.0171,-0.2194,425.41666,2016-01-28T00:00:00Z,SVP
127060,2015-06-08T16:00:00Z,-29.14567,-43.77313,0.0257,-0.1704,400.79166,2016-01-28T00:00:00Z,SVP
127060,2015-06-08T17:00:00Z,-29.14995,-43.77164,0.0275,-0.1686,400.79166,2016-01-28T00:00:00Z,SVP
127060,2015-06-08T18:00:00Z,-29.15461,-43.77019,0.0286,-0.1678,400.79166,2016-01-28T00:00:00Z,SVP
127060,2015-06-08T19:00:00Z,-29.16014,-43.77028,0.0137,-0.1419,94.958336,2016-01-28T00:00:00Z,SVP
127060,2015-06-08T20:00:00Z,-29.16151,-43.77134,-0.0426,0.0451,172.33334,2016-01-28T00:00:00Z,SVP
127060,2015-06-08T21:00:00Z,-29.1604,-43.77226,-0.0185,0.0222,70.333336,2016-01-28T00:00:00Z,SVP
127060,2015-06-08T22:00:00Z,-29.16078,-43.77498,-0.1545,0.0132,119.54167,2016-01-28T00:00:00Z,SVP
127060,2015-06-08T23:00:00Z,-29.1604,-43.78057,-0.2067,0.0378,193.33334,2016-01-28T00:00:00Z,SVP
127060,2015-06-09T00:00:00Z,-29.15975,-43.78815,-0.2274,-0.0284,102.0,2016-01-28T00:00:00Z,SVP
127060,2015-06-09T01:00:00Z,-29.16173,-43.79717,-0.2598,-0.1095,130.04166,2016-01-28T00:00:00Z,SVP
127060,2015-06-09T02:00:00Z,-29.16605,-43.80626,-0.243,-0.1644,277.66666,2016-01-28T00:00:00Z,SVP
127060,2015-06-09T03:00:00Z,-29.17106,-43.81685,-0.2581,-0.1643,277.66666,2016-01-28T00:00:00Z,SVP
127060,2015-06-09T04:00:00Z,-29.17613,-43.82756,-0.2827,-0.1573,246.16667,2016-01-28T00:00:00Z,SVP
127060,2015-06-09T05:00:00Z,-29.18216,-43.82296,-0.7,-0.1609,140.70834,2016-01-28T00:00:00Z,SVP
127060,2015-06-09T06:00:00Z,-29.18657,-43.8498,-0.3718,-0.1831,94.958336,2016-01-28T00:00:00Z,SVP
127060,2015-06-09T07:00:00Z,-29.19317,-43.85907,-0.225,-0.2057,168.75,2016-01-28T00:00:00Z,SVP
127060,2015-06-09T08:00:00Z,-29.2008,-43.86548,-0.1641,-0.2646,77.41667,2016-01-28T00:00:00Z,SVP
127060,2015-06-09T09:00:00Z,-29.21207,-43.87271,-0.1879,-0.3695,158.25,2016-01-28T00:00:00Z,SVP
127060,2015-06-09T10:00:00Z,-29.22277,-43.87931,-0.1467,-0.2849,196.95833,2016-01-28T00:00:00Z,SVP
127060,2015-06-09T11:00:00Z,-29.23301,-43.8844,-0.0938,-0.2798,144.16667,2016-01-28T00:00:00Z,SVP
127060,2015-06-09T12:00:00Z,-29.24035,-43.88695,0.0689,-0.2349,105.458336,2016-01-28T00:00:00Z,SVP
127060,2015-06-09T13:00:00Z,-29.24841,-43.88369,0.0389,-0.2009,137.08333,2016-01-28T00:00:00Z,SVP
127060,2015-06-09T14:00:00Z,-29.25525,-43.88391,-0.0319,-0.2246,305.83334,2016-01-28T00:00:00Z,SVP
127060,2015-06-09T15:00:00Z,-29.26301,-43.88446,-0.0289,-0.2261,305.83334,2016-01-28T00:00:00Z,SVP
127060,2015-06-09T16:00:00Z,-29.26922,-43.88456,-0.0115,-0.2225,239.08334,2016-01-28T00:00:00Z,SVP
127060,2015-06-09T17:00:00Z,-29.27815,-43.88725,-0.0099,-0.2308,239.08334,2016-01-28T00:00:00Z,SVP
127060,2015-06-09T18:00:00Z,-29.28212,-43.88672,0.0011,-0.1018,291.75003,2016-01-28T00:00:00Z,SVP
127060,2015-06-09T19:00:00Z,-29.28563,-43.88502,-0.0108,-0.0941,291.75003,2016-01-28T00:00:00Z,SVP
127060,2015-06-09T20:00:00Z,-29.28605,-43.88661,0.0294,-0.0042,77.41667,2016-01-28T00:00:00Z,SVP
127060,2015-06-09T21:00:00Z,-29.28765,-43.88386,0.0106,-0.1065,102.0,2016-01-28T00:00:00Z,SVP
127060,2015-06-09T22:00:00Z,-29.2915,-43.8829,0.04,-0.1306,91.33333,2016-01-28T00:00:00Z,SVP
127060,2015-06-09T23:00:00Z,-29.28982,-43.88847,-0.2225,0.1104,144.16667,2016-01-28T00:00:00Z,SVP
127060,2015-06-10T00:00:00Z,-29.28709,-43.8964,-0.217,0.0657,112.5,2016-01-28T00:00:00Z,SVP
127060,2015-06-10T01:00:00Z,-29.28566,-43.90357,-0.2034,0.0166,140.70834,2016-01-28T00:00:00Z,SVP
127060,2015-06-10T02:00:00Z,-29.28525,-43.91198,-0.2718,-0.0169,158.25,2016-01-28T00:00:00Z,SVP
127060,2015-06-10T03:00:00Z,-29.2861,-43.92398,-0.2635,-0.0673,267.16666,2016-01-28T00:00:00Z,SVP
127060,2015-06-10T04:00:00Z,-29.28758,-43.93275,-0.2698,-0.0658,267.16666,2016-01-28T00:00:00Z,SVP
127060,2015-06-10T05:00:00Z,-29.29012,-43.9428,-0.2574,-0.1695,232.04169,2016-01-28T00:00:00Z,SVP
127060,2015-06-10T06:00:00Z,-29.29668,-43.95252,-0.2573,-0.1585,232.04169,2016-01-28T00:00:00Z,SVP
127060,2015-06-10T07:00:00Z,-29.30227,-43.96171,-0.2398,-0.2125,165.16666,2016-01-28T00:00:00Z,SVP
127060,2015-06-10T08:00:00Z,-29.30966,-43.96892,-0.1536,-0.2498,232.04169,2016-01-28T00:00:00Z,SVP
127060,2015-06-10T09:00:00Z,-29.31815,-43.97481,-0.1375,-0.2413,63.291664,2016-01-28T00:00:00Z,SVP
127060,2015-06-10T10:00:00Z,-29.32702,-43.98029,-0.1684,-0.309,193.33334,2016-01-28T00:00:00Z,SVP
127060,2015-06-10T11:00:00Z,-29.33722,-43.98574,-0.1546,-0.3553,133.66667,2016-01-28T00:00:00Z,SVP
127060,2015-06-10T12:00:00Z,-29.34832,-43.98569,0.1217,-0.3114,101.833336,2016-01-28T00:00:00Z,SVP
127060,2015-06-10T13:00:00Z,-29.35739,-43.982,0.0957,-0.2514,147.58333,2016-01-28T00:00:00Z,SVP
127060,2015-06-10T14:00:00Z,-29.36127,-43.97883,0.0721,-0.128,330.45834,2016-01-28T00:00:00Z,SVP
127060,2015-06-10T15:00:00Z,-29.36407,-43.97819,0.0538,-0.1267,330.45834,2016-01-28T00:00:00Z,SVP
127060,2015-06-10T16:00:00Z,-29.36811,-43.97213,0.1265,-0.102,235.66666,2016-01-28T00:00:00Z,SVP
127060,2015-06-10T17:00:00Z,-29.37407,-43.96795,0.1803,0.0185,256.66666,2016-01-28T00:00:00Z,SVP
127060,2015-06-10T18:00:00Z,-29.37335,-43.96117,0.1768,0.0217,256.66666,2016-01-28T00:00:00Z,SVP
127060,2015-06-10T19:00:00Z,-29.37248,-43.95777,-0.0303,0.076,200.41666,2016-01-28T00:00:00Z,SVP
127060,2015-06-10T20:00:00Z,-29.3696,-43.96235,0.0416,0.0755,200.41666,2016-01-28T00:00:00Z,SVP
127060,2015-06-10T21:00:00Z,-29.3662,-43.95945,0.0192,0.1118,196.95833,2016-01-28T00:00:00Z,SVP
127060,2015-06-10T22:00:00Z,-29.3629,-43.96084,-0.1597,0.0875,172.33334,2016-01-28T00:00:00Z,SVP
127060,2015-06-10T23:00:00Z,-29.36347,-43.96543,-0.2201,0.2031,151.20834,2016-01-28T00:00:00Z,SVP
127060,2015-06-11T00:00:00Z,-29.35598,-43.97484,-0.2937,0.1969,126.58333,2016-01-28T00:00:00Z,SVP
127060,2015-06-11T01:00:00Z,-29.35071,-43.98499,-0.254,0.068,116.083336,2016-01-28T00:00:00Z,SVP
127060,2015-06-11T02:00:00Z,-29.34952,-43.99392,-0.1959,-0.0271,108.91667,2016-01-28T00:00:00Z,SVP
127060,2015-06-11T03:00:00Z,-29.35073,-44.00431,-0.3552,-0.0768,249.58333,2016-01-28T00:00:00Z,SVP
127060,2015-06-11T04:00:00Z,-29.35231,-44.01875,-0.3556,-0.0759,249.58333,2016-01-28T00:00:00Z,SVP
127060,2015-06-11T05:00:00Z,-29.35612,-44.03111,-0.2926,-0.1703,256.66666,2016-01-28T00:00:00Z,SVP
127060,2015-06-11T06:00:00Z,-29.36196,-44.04163,-0.2959,-0.1677,256.66666,2016-01-28T00:00:00Z,SVP
127060,2015-06-11T07:00:00Z,-29.36826,-44.052,-0.2604,-0.2181,154.66667,2016-01-28T00:00:00Z,SVP
127060,2015-06-11T08:00:00Z,-29.37676,-44.06105,-0.2421,-0.2741,251.41667,2016-01-28T00:00:00Z,SVP
127060,2015-06-11T09:00:00Z,-29.38555,-44.06974,-0.2197,-0.3103,212.70833,2016-01-28T00:00:00Z,SVP
127060,2015-06-11T10:00:00Z,-29.3961,-44.07811,-0.2193,-0.312,212.70833,2016-01-28T00:00:00Z,SVP
127060,2015-06-11T11:00:00Z,-29.40585,-44.08447,-0.1874,-0.3049,126.58333,2016-01-28T00:00:00Z,SVP
127060,2015-06-11T12:00:00Z,-29.41455,-44.08962,0.1801,-0.3078,144.16667,2016-01-28T00:00:00Z,SVP
127060,2015-06-11T13:00:00Z,-29.4247,-44.0827,0.115,-0.2986,112.5,2016-01-28T00:00:00Z,SVP
127060,2015-06-11T14:00:00Z,-29.43089,-44.07883,0.0586,-0.1091,474.58334,2016-01-28T00:00:00Z,SVP
127060,2015-06-11T15:00:00Z,-29.434,-44.07748,0.0555,-0.1076,474.58334,2016-01-28T00:00:00Z,SVP
127060,2015-06-11T16:00:00Z,-29.4378,-44.07615,0.0538,-0.1063,474.58334,2016-01-28T00:00:00Z,SVP
127060,2015-06-11T17:00:00Z,-29.44089,-44.07525,0.0296,0.0136,256.66666,2016-01-28T00:00:00Z,SVP
127060,2015-06-11T18:00:00Z,-29.43978,-44.07206,0.0405,0.0082,256.66666,2016-01-28T00:00:00Z,SVP
127060,2015-06-11T19:00:00Z,-29.43879,-44.07169,-0.0547,0.0495,158.25,2016-01-28T00:00:00Z,SVP
127060,2015-06-11T20:00:00Z,-29.43735,-44.07423,-0.0991,0.0547,281.25,2016-01-28T00:00:00Z,SVP
127060,2015-06-11T21:00:00Z,-29.43508,-44.07659,-0.0985,0.0549,281.25,2016-01-28T00:00:00Z,SVP
127060,2015-06-11T22:00:00Z,-29.43222,-44.0818,-0.154,0.0816,330.45834,2016-01-28T00:00:00Z,SVP
127060,2015-06-11T23:00:00Z,-29.43037,-44.08816,-0.1547,0.0755,330.45834,2016-01-28T00:00:00Z,SVP
127060,2015-06-12T00:00:00Z,-29.42607,-44.09537,-0.2089,0.2034,91.33333,2016-01-28T00:00:00Z,SVP
127060,2015-06-12T01:00:00Z,-29.41968,-44.10384,-0.252,0.1973,144.16667,2016-01-28T00:00:00Z,SVP
127060,2015-06-12T02:00:00Z,-29.41674,-44.11495,-0.3405,0.0102,327.0,2016-01-28T00:00:00Z,SVP
127060,2015-06-12T03:00:00Z,-29.41626,-44.1281,-0.3422,0.0099,327.0,2016-01-28T00:00:00Z,SVP
127060,2015-06-12T04:00:00Z,-29.41529,-44.14167,-0.344,0.0107,327.0,2016-01-28T00:00:00Z,SVP
127060,2015-06-12T05:00:00Z,-29.41773,-44.15211,-0.2967,-0.0706,274.2083,2016-01-28T00:00:00Z,SVP
127060,2015-06-12T06:00:00Z,-29.42048,-44.1621,-0.2418,-0.1469,123.0,2016-01-28T00:00:00Z,SVP
127060,2015-06-12T07:00:00Z,-29.42671,-44.17221,-0.2443,-0.1268,203.83333,2016-01-28T00:00:00Z,SVP
127060,2015-06-12T08:00:00Z,-29.43035,-44.17711,-0.198,-0.1277,203.83333,2016-01-28T00:00:00Z,SVP
127060,2015-06-12T09:00:00Z,-29.43286,-44.18905,-0.1725,-0.0767,179.25,2016-01-28T00:00:00Z,SVP
127060,2015-06-12T10:00:00Z,-29.43548,-44.19487,-0.1348,-0.1125,263.7083,2016-01-28T00:00:00Z,SVP
127060,2015-06-12T11:00:00Z,-29.43935,-44.2005,-0.1358,-0.1135,263.7083,2016-01-28T00:00:00Z,SVP
127060,2015-06-12T12:00:00Z,-29.44349,-44.20471,-0.1046,-0.1459,144.16667,2016-01-28T00:00:00Z,SVP
127060,2015-06-12T13:00:00Z,-29.44864,-44.20785,-0.076,-0.1641,119.54167,2016-01-28T00:00:00Z,SVP
127060,2015-06-12T14:00:00Z,-29.45304,-44.21003,-0.0664,-0.1362,502.79166,2016-01-28T00:00:00Z,SVP
127060,2015-06-12T15:00:00Z,-29.45771,-44.21272,-0.0663,-0.1367,502.79166,2016-01-28T00:00:00Z,SVP
127060,2015-06-12T16:00:00Z,-29.46294,-44.21573,-0.0662,-0.1386,502.79166,2016-01-28T00:00:00Z,SVP
127060,2015-06-12T17:00:00Z,-29.46738,-44.2183,-0.019,-0.0754,256.66666,2016-01-28T00:00:00Z,SVP
127060,2015-06-12T18:00:00Z,-29.46906,-44.21859,-0.0209,-0.0853,256.66666,2016-01-28T00:00:00Z,SVP
127060,2015-06-12T19:00:00Z,-29.47083,-44.2184,0.0046,-0.0378,133.66667,2016-01-28T00:00:00Z,SVP
127060,2015-06-12T20:00:00Z,-29.47048,-44.22081,-0.0512,0.0036,249.58333,2016-01-28T00:00:00Z,SVP
127060,2015-06-12T21:00:00Z,-29.47102,-44.22268,-0.159,0.0101,253.20834,2016-01-28T00:00:00Z,SVP
127060,2015-06-12T22:00:00Z,-29.4702,-44.2305,-0.1493,0.0086,253.20834,2016-01-28T00:00:00Z,SVP
127060,2015-06-12T23:00:00Z,-29.47044,-44.23616,-0.1543,-0.0475,232.04169,2016-01-28T00:00:00Z,SVP
127060,2015-06-13T00:00:00Z,-29.47204,-44.24091,-0.1624,-0.0527,232.04169,2016-01-28T00:00:00Z,SVP
127060,2015-06-13T01:00:00Z,-29.47637,-44.24739,-0.1892,-0.1212,119.54167,2016-01-28T00:00:00Z,SVP
127060,2015-06-13T02:00:00Z,-29.48039,-44.25298,-0.1706,-0.1379,344.54166,2016-01-28T00:00:00Z,SVP
127060,2015-06-13T03:00:00Z,-29.48468,-44.26044,-0.1696,-0.139,344.54166,2016-01-28T00:00:00Z,SVP
127060,2015-06-13T04:00:00Z,-29.48838,-44.26902,-0.1457,-0.161,267.16666,2016-01-28T00:00:00Z,SVP
127060,2015-06-13T05:00:00Z,-29.49427,-44.27243,-0.1566,-0.1598,267.16666,2016-01-28T00:00:00Z,SVP
127060,2015-06-13T06:00:00Z,-29.50002,-44.2781,-0.1589,-0.1969,105.458336,2016-01-28T00:00:00Z,SVP
127060,2015-06-13T07:00:00Z,-29.50629,-44.28467,-0.1749,-0.1984,165.29167,2016-01-28T00:00:00Z,SVP
127060,2015-06-13T08:00:00Z,-29.51196,-44.29058,-0.1304,-0.1593,126.58333,2016-01-28T00:00:00Z,SVP
127060,2015-06-13T09:00:00Z,-29.51699,-44.29543,-0.1401,-0.1467,123.0,2016-01-28T00:00:00Z,SVP
127060,2015-06-13T10:00:00Z,-29.52261,-44.2999,-0.121,-0.1824,246.16667,2016-01-28T00:00:00Z,SVP
127060,2015-06-13T11:00:00Z,-29.52841,-44.30445,-0.1157,-0.1768,52.666664,2016-01-28T00:00:00Z,SVP
127060,2015-06-13T12:00:00Z,-29.5346,-44.30579,0.0099,-0.2054,144.16667,2016-01-28T00:00:00Z,SVP
127060,2015-06-13T13:00:00Z,-29.54155,-44.30466,-0.0406,-0.1465,552.0,2016-01-28T00:00:00Z,SVP
127060,2015-06-13T14:00:00Z,-29.546,-44.30683,-0.0411,-0.1468,552.0,2016-01-28T00:00:00Z,SVP
127060,2015-06-13T15:00:00Z,-29.5507,-44.30884,-0.0406,-0.1467,552.0,2016-01-28T00:00:00Z,SVP
127060,2015-06-13T16:00:00Z,-29.55551,-44.31098,-0.0386,-0.1464,552.0,2016-01-28T00:00:00Z,SVP
127060,2015-06-13T17:00:00Z,-29.56008,-44.31206,-0.0341,-0.1353,225.0,2016-01-28T00:00:00Z,SVP
127060,2015-06-13T18:00:00Z,-29.56419,-44.31097,-0.0263,-0.1339,225.0,2016-01-28T00:00:00Z,SVP
127060,2015-06-13T19:00:00Z,-29.56435,-44.31648,-0.1452,-0.0098,70.333336,2016-01-28T00:00:00Z,SVP
127060,2015-06-13T20:00:00Z,-29.56557,-44.32031,-0.0413,-0.0767,172.20833,2016-01-28T00:00:00Z,SVP
127060,2015-06-13T21:00:00Z,-29.56819,-44.32291,-0.1588,-0.0711,193.33334,2016-01-28T00:00:00Z,SVP
127060,2015-06-13T22:00:00Z,-29.57088,-44.32898,-0.1619,-0.0719,193.33334,2016-01-28T00:00:00Z,SVP
127060,2015-06-13T23:00:00Z,-29.57229,-44.33779,-0.2322,-0.0539,253.20834,2016-01-28T00:00:00Z,SVP
127060,2015-06-14T00:00:00Z,-29.57419,-44.34685,-0.2967,-0.0544,109.041664,2016-01-28T00:00:00Z,SVP
127060,2015-06-14T01:00:00Z,-29.5768,-44.3576,-0.2425,-0.1033,112.5,2016-01-28T00:00:00Z,SVP
127060,2015-06-14T02:00:00Z,-29.58193,-44.36599,-0.2082,-0.165,386.70834,2016-01-28T00:00:00Z,SVP
127060,2015-06-14T03:00:00Z,-29.58513,-44.3739,-0.2081,-0.1389,386.70834,2016-01-28T00:00:00Z,SVP
127060,2015-06-14T04:00:00Z,-29.58933,-44.38177,-0.1933,-0.3083,267.16666,2016-01-28T00:00:00Z,SVP
127060,2015-06-14T05:00:00Z,-29.59997,-44.38864,-0.1933,-0.2982,267.16666,2016-01-28T00:00:00Z,SVP
127060,2015-06-14T06:00:00Z,-29.60972,-44.3952,-0.1615,-0.3117,126.58333,2016-01-28T00:00:00Z,SVP
127060,2015-06-14T07:00:00Z,-29.61884,-44.40047,-0.1339,-0.2695,175.79167,2016-01-28T00:00:00Z,SVP
127060,2015-06-14T08:00:00Z,-29.62792,-44.40495,-0.1038,-0.2784,91.33333,2016-01-28T00:00:00Z,SVP
127060,2015-06-14T09:00:00Z,-29.63648,-44.40627,3.0E-4,-0.2366,105.458336,2016-01-28T00:00:00Z,SVP
127060,2015-06-14T10:00:00Z,-29.64424,-44.40574,0.0229,-0.224,144.16667,2016-01-28T00:00:00Z,SVP
127060,2015-06-14T11:00:00Z,-29.65157,-44.40272,0.0992,-0.1803,119.54167,2016-01-28T00:00:00Z,SVP
127060,2015-06-14T12:00:00Z,-29.65761,-44.39933,0.0274,-0.1353,115.958336,2016-01-28T00:00:00Z,SVP
127060,2015-06-14T13:00:00Z,-29.65928,-44.39867,0.0109,-0.0212,144.16667,2016-01-28T00:00:00Z,SVP
127060,2015-06-14T14:00:00Z,-29.66257,-44.3989,-0.0088,0.054,446.54166,2016-01-28T00:00:00Z,SVP
127060,2015-06-14T15:00:00Z,-29.6585,-44.39933,-0.0097,0.0248,446.54166,2016-01-28T00:00:00Z,SVP
127060,2015-06-14T16:00:00Z,-29.65808,-44.39913,-0.0096,0.0315,446.54166,2016-01-28T00:00:00Z,SVP
127060,2015-06-14T17:00:00Z,-29.65684,-44.40068,-0.0778,0.0933,225.0,2016-01-28T00:00:00Z,SVP
127060,2015-06-14T18:00:00Z,-29.65395,-44.40457,-0.1317,0.0619,161.70833,2016-01-28T00:00:00Z,SVP
127060,2015-06-14T19:00:00Z,-29.65238,-44.40938,-0.134,0.0585,161.70833,2016-01-28T00:00:00Z,SVP
127060,2015-06-14T20:00:00Z,-29.65196,-44.41708,-0.1989,-0.0134,115.958336,2016-01-28T00:00:00Z,SVP
127060,2015-06-14T21:00:00Z,-29.65333,-44.42292,-0.0414,-0.0641,147.58333,2016-01-28T00:00:00Z,SVP
127060,2015-06-14T22:00:00Z,-29.65745,-44.42299,0.025,-0.132,108.91667,2016-01-28T00:00:00Z,SVP
127060,2015-06-14T23:00:00Z,-29.65913,-44.43618,-0.2774,-0.0649,165.29167,2016-01-28T00:00:00Z,SVP
127060,2015-06-15T00:00:00Z,-29.66089,-44.4461,-0.3133,0.007,119.54167,2016-01-28T00:00:00Z,SVP
127060,2015-06-15T01:00:00Z,-29.66245,-44.45404,-0.1039,-0.1275,137.08333,2016-01-28T00:00:00Z,SVP
127060,2015-06-15T02:00:00Z,-29.66617,-44.45784,-0.1451,-0.1125,115.958336,2016-01-28T00:00:00Z,SVP
127060,2015-06-15T03:00:00Z,-29.66977,-44.46424,-0.2155,-0.0756,144.16667,2016-01-28T00:00:00Z,SVP
127060,2015-06-15T04:00:00Z,-29.67231,-44.4722,-0.2234,-0.1304,270.74997,2016-01-28T00:00:00Z,SVP
127060,2015-06-15T05:00:00Z,-29.67635,-44.48052,-0.2232,-0.1352,270.74997,2016-01-28T00:00:00Z,SVP
127060,2015-06-15T06:00:00Z,-29.68062,-44.48759,-0.1741,-0.137,151.20834,2016-01-28T00:00:00Z,SVP
127060,2015-06-15T07:00:00Z,-29.68383,-44.49084,-0.077,-0.1138,119.54167,2016-01-28T00:00:00Z,SVP
127060,2015-06-15T08:00:00Z,-29.68893,-44.49383,-0.0385,-0.1145,123.0,2016-01-28T00:00:00Z,SVP
127060,2015-06-15T09:00:00Z,-29.69166,-44.49218,0.0566,-0.063,130.04166,2016-01-28T00:00:00Z,SVP
127060,2015-06-15T10:00:00Z,-29.69314,-44.49039,0.0173,-8.0E-4,112.5,2016-01-28T00:00:00Z,SVP
127060,2015-06-15T11:00:00Z,-29.69191,-44.48947,0.0366,0.0686,123.0,2016-01-28T00:00:00Z,SVP
127060,2015-06-15T12:00:00Z,-29.68819,-44.48777,0.0586,0.1462,119.54167,2016-01-28T00:00:00Z,SVP
127060,2015-06-15T13:00:00Z,-29.68333,-44.48624,0.0321,0.1582,147.58333,2016-01-28T00:00:00Z,SVP
127060,2015-06-15T14:00:00Z,-29.67825,-44.48744,-0.0733,0.1457,348.1667,2016-01-28T00:00:00Z,SVP
127060,2015-06-15T15:00:00Z,-29.67376,-44.49031,-0.0738,0.1455,348.1667,2016-01-28T00:00:00Z,SVP
127060,2015-06-15T16:00:00Z,-29.66925,-44.49283,-0.0743,0.1456,348.1667,2016-01-28T00:00:00Z,SVP
127060,2015-06-15T17:00:00Z,-29.66499,-44.49678,-0.1206,0.1228,221.41666,2016-01-28T00:00:00Z,SVP
127060,2015-06-15T18:00:00Z,-29.65959,-44.50383,-0.2306,0.15,168.75,2016-01-28T00:00:00Z,SVP
127060,2015-06-15T19:00:00Z,-29.66072,-44.51374,-0.2512,0.056,80.83333,2016-01-28T00:00:00Z,SVP
127060,2015-06-15T20:00:00Z,-29.65684,-44.52385,-0.3823,0.0207,94.958336,2016-01-28T00:00:00Z,SVP
127060,2015-06-15T21:00:00Z,-29.6558,-44.53708,-0.3362,0.0741,121.20834,2016-01-28T00:00:00Z,SVP
127060,2015-06-15T22:00:00Z,-29.65453,-44.54515,-0.2088,-0.0165,138.91666,2016-01-28T00:00:00Z,SVP
127060,2015-06-15T23:00:00Z,-29.65688,-44.55382,-0.2215,-0.064,270.74997,2016-01-28T00:00:00Z,SVP
127060,2015-06-16T00:00:00Z,-29.65886,-44.56157,-0.2474,-0.1503,109.041664,2016-01-28T00:00:00Z,SVP
127060,2015-06-16T01:00:00Z,-29.66355,-44.57092,-0.2323,-0.1184,119.54167,2016-01-28T00:00:00Z,SVP
127060,2015-06-16T02:00:00Z,-29.66758,-44.57932,-0.2,-0.1326,119.54167,2016-01-28T00:00:00Z,SVP
127060,2015-06-16T03:00:00Z,-29.67354,-44.58492,-0.122,-0.1619,182.83333,2016-01-28T00:00:00Z,SVP
127060,2015-06-16T04:00:00Z,-29.67863,-44.58897,-0.0696,-0.1384,270.74997,2016-01-28T00:00:00Z,SVP
127060,2015-06-16T05:00:00Z,-29.6822,-44.59133,-0.0705,-0.1502,270.74997,2016-01-28T00:00:00Z,SVP
127060,2015-06-16T06:00:00Z,-29.6871,-44.59429,-0.0744,-0.1122,133.66667,2016-01-28T00:00:00Z,SVP
127060,2015-06-16T07:00:00Z,-29.69039,-44.59822,-0.1088,-0.132,137.08333,2016-01-28T00:00:00Z,SVP
127060,2015-06-16T08:00:00Z,-29.69493,-44.60161,-0.0891,-0.185,133.66667,2016-01-28T00:00:00Z,SVP
127060,2015-06-16T09:00:00Z,-29.70019,-44.60375,-0.0122,-0.1188,105.458336,2016-01-28T00:00:00Z,SVP
127060,2015-06-16T10:00:00Z,-29.7009,-44.60206,0.0564,-0.0065,140.70834,2016-01-28T00:00:00Z,SVP
127060,2015-06-16T11:00:00Z,-29.69185,-44.58996,0.0704,-0.2936,140.70834,2016-01-28T00:00:00Z,SVP
127060,2015-06-16T12:00:00Z,-29.70385,-44.60146,0.2584,-0.1377,123.0,2016-01-28T00:00:00Z,SVP
127060,2015-06-16T13:00:00Z,-29.70616,-44.58815,-0.2053,0.0099,116.083336,2016-01-28T00:00:00Z,SVP
127060,2015-06-16T14:00:00Z,-29.70432,-44.59546,-0.2044,0.1056,383.25,2016-01-28T00:00:00Z,SVP
127060,2015-06-16T15:00:00Z,-29.70068,-44.6033,-0.2059,0.1095,383.25,2016-01-28T00:00:00Z,SVP
127060,2015-06-16T16:00:00Z,-29.69839,-44.61211,-0.2127,0.1028,383.25,2016-01-28T00:00:00Z,SVP
127060,2015-06-16T17:00:00Z,-29.68796,-44.61502,-0.1595,0.1949,225.0,2016-01-28T00:00:00Z,SVP
127060,2015-06-16T18:00:00Z,-29.68331,-44.61088,-0.5066,-0.1965,154.66667,2016-01-28T00:00:00Z,SVP
127060,2015-06-16T19:00:00Z,-29.68977,-44.63171,-0.4682,-0.2121,239.08334,2016-01-28T00:00:00Z,SVP
127060,2015-06-16T20:00:00Z,-29.69654,-44.6477,-0.5055,-0.2127,239.08334,2016-01-28T00:00:00Z,SVP
127060,2015-06-16T21:00:00Z,-29.70279,-44.6644,-0.2064,-0.1539,502.6667,2016-01-28T00:00:00Z,SVP
127060,2015-06-16T22:00:00Z,-29.70763,-44.67077,-0.2146,-0.1538,502.6667,2016-01-28T00:00:00Z,SVP
127060,2015-06-16T23:00:00Z,-29.71264,-44.67826,-0.2193,-0.1536,502.6667,2016-01-28T00:00:00Z,SVP
127060,2015-06-17T00:00:00Z,-29.71784,-44.68625,-0.2221,-0.1529,502.6667,2016-01-28T00:00:00Z,SVP
127060,2015-06-17T01:00:00Z,-29.72258,-44.69489,-0.2064,-0.1527,144.16667,2016-01-28T00:00:00Z,SVP
127060,2015-06-17T02:00:00Z,-29.73839,-44.70121,-0.0385,-0.0973,460.5,2016-01-28T00:00:00Z,SVP
127060,2015-06-17T03:00:00Z,-29.73701,-44.69995,-0.0412,-0.1222,460.5,2016-01-28T00:00:00Z,SVP
127060,2015-06-17T04:00:00Z,-29.74105,-44.70068,-0.0413,-0.1209,460.5,2016-01-28T00:00:00Z,SVP
127060,2015-06-17T05:00:00Z,-29.74538,-44.7013,-0.0414,-0.1158,460.5,2016-01-28T00:00:00Z,SVP
127060,2015-06-17T06:00:00Z,-29.74911,-44.70408,-0.0664,-0.0901,970.3333,2016-01-28T00:00:00Z,SVP
127060,2015-06-17T07:00:00Z,-29.7523,-44.70683,-0.0661,-0.0899,970.3333,2016-01-28T00:00:00Z,SVP
127060,2015-06-17T08:00:00Z,-29.75543,-44.70942,-0.0661,-0.0898,970.3333,2016-01-28T00:00:00Z,SVP
127060,2015-06-17T09:00:00Z,-29.75855,-44.71186,-0.0662,-0.0897,970.3333,2016-01-28T00:00:00Z,SVP
127060,2015-06-17T10:00:00Z,-29.76176,-44.71412,-0.0667,-0.0895,970.3333,2016-01-28T00:00:00Z,SVP
127060,2015-06-17T11:00:00Z,-29.7653,-44.71589,-0.068,-0.0889,970.3333,2016-01-28T00:00:00Z,SVP
127060,2015-06-17T12:00:00Z,-29.7672,-44.71959,-0.1971,0.0267,140.70834,2016-01-28T00:00:00Z,SVP
127060,2015-06-17T13:00:00Z,-29.76617,-44.72711,-0.1955,0.0233,115.958336,2016-01-28T00:00:00Z,SVP
127060,2015-06-17T14:00:00Z,-29.76615,-44.73283,-0.1532,-0.0033,639.9166,2016-01-28T00:00:00Z,SVP
127060,2015-06-17T15:00:00Z,-29.76626,-44.73858,-0.1532,-0.0034,639.9166,2016-01-28T00:00:00Z,SVP
127060,2015-06-17T16:00:00Z,-29.76629,-44.74454,-0.1535,-0.0034,639.9166,2016-01-28T00:00:00Z,SVP
127060,2015-06-17T17:00:00Z,-29.76611,-44.75122,-0.1554,-0.0033,639.9166,2016-01-28T00:00:00Z,SVP
127060,2015-06-17T18:00:00Z,-29.76644,-44.75654,-0.1296,-0.0153,390.29166,2016-01-28T00:00:00Z,SVP
127060,2015-06-17T19:00:00Z,-29.76721,-44.76056,-0.1348,-0.0147,390.29166,2016-01-28T00:00:00Z,SVP
127060,2015-06-17T20:00:00Z,-29.76774,-44.76543,-0.1353,-0.0148,390.29166,2016-01-28T00:00:00Z,SVP
127060,2015-06-17T21:00:00Z,-29.77123,-44.77269,-0.2253,-0.1302,182.83333,2016-01-28T00:00:00Z,SVP
127060,2015-06-17T22:00:00Z,-29.7764,-44.78008,-0.1831,-0.191,66.75,2016-01-28T00:00:00Z,SVP
127060,2015-06-17T23:00:00Z,-29.78262,-44.78676,-0.1561,-0.2039,274.2083,2016-01-28T00:00:00Z,SVP
127060,2015-06-18T00:00:00Z,-29.78987,-44.7921,-0.3747,-0.2395,119.54167,2016-01-28T00:00:00Z,SVP
127060,2015-06-18T01:00:00Z,-29.79593,-44.80655,-0.3526,-0.1784,130.04166,2016-01-28T00:00:00Z,SVP
127060,2015-06-18T02:00:00Z,-29.8045,-44.81676,-0.1696,-0.1054,481.66666,2016-01-28T00:00:00Z,SVP
127060,2015-06-18T03:00:00Z,-29.80712,-44.82293,-0.1687,-0.109,481.66666,2016-01-28T00:00:00Z,SVP
127060,2015-06-18T04:00:00Z,-29.81011,-44.82931,-0.1686,-0.1128,481.66666,2016-01-28T00:00:00Z,SVP
127060,2015-06-18T05:00:00Z,-29.81395,-44.83273,0.3206,-0.1219,397.3333,2016-01-28T00:00:00Z,SVP
127060,2015-06-18T06:00:00Z,-29.81865,-44.82076,0.3211,-0.1225,397.3333,2016-01-28T00:00:00Z,SVP
127060,2015-06-18T07:00:00Z,-29.82272,-44.80913,0.3235,-0.1234,397.3333,2016-01-28T00:00:00Z,SVP
127060,2015-06-18T08:00:00Z,-29.82753,-44.79593,0.3405,-0.1443,119.54167,2016-01-28T00:00:00Z,SVP
127060,2015-06-18T09:00:00Z,-29.82894,-44.7952,-0.0323,-0.0163,249.58333,2016-01-28T00:00:00Z,SVP
127060,2015-06-18T10:00:00Z,-29.82868,-44.80552,-0.0403,0.1391,186.29166,2016-01-28T00:00:00Z,SVP
127060,2015-06-18T11:00:00Z,-29.82221,-44.80006,-0.0918,0.1224,186.29166,2016-01-28T00:00:00Z,SVP
127060,2015-06-18T12:00:00Z,-29.81775,-44.80725,-0.0338,0.1831,133.66667,2016-01-28T00:00:00Z,SVP
127060,2015-06-18T13:00:00Z,-29.8123,-44.81058,-0.2362,0.1412,660.9167,2016-01-28T00:00:00Z,SVP
127060,2015-06-18T14:00:00Z,-29.80788,-44.82288,-0.2761,0.1398,660.9167,2016-01-28T00:00:00Z,SVP
127060,2015-06-18T15:00:00Z,-29.80326,-44.83435,-0.2772,0.1402,660.9167,2016-01-28T00:00:00Z,SVP
127060,2015-06-18T16:00:00Z,-29.79845,-44.84545,-0.2764,0.1412,660.9167,2016-01-28T00:00:00Z,SVP
127060,2015-06-18T17:00:00Z,-29.79335,-44.8565,-0.2753,0.143,660.9167,2016-01-28T00:00:00Z,SVP
127060,2015-06-18T18:00:00Z,-29.79235,-44.86389,-0.1943,0.0189,327.0,2016-01-28T00:00:00Z,SVP
127060,2015-06-18T19:00:00Z,-29.79393,-44.86871,-0.2497,0.0767,327.0,2016-01-28T00:00:00Z,SVP
127060,2015-06-18T20:00:00Z,-29.79108,-44.87952,-0.4703,0.0898,182.83333,2016-01-28T00:00:00Z,SVP
127060,2015-06-18T21:00:00Z,-29.78844,-44.89683,-0.4658,0.0832,182.83333,2016-01-28T00:00:00Z,SVP
127060,2015-06-18T22:00:00Z,-29.79153,-44.90661,-0.2097,-0.1357,302.4167,2016-01-28T00:00:00Z,SVP
127060,2015-06-18T23:00:00Z,-29.79691,-44.91252,-0.1983,-0.14,302.4167,2016-01-28T00:00:00Z,SVP
127060,2015-06-19T00:00:00Z,-29.8019,-44.91768,-0.2412,-0.067,246.16667,2016-01-28T00:00:00Z,SVP
127060,2015-06-19T01:00:00Z,-29.8031,-44.93114,-0.2092,-0.0754,246.16667,2016-01-28T00:00:00Z,SVP
127060,2015-06-19T02:00:00Z,-29.80537,-44.93828,-0.1797,-0.0465,516.75,2016-01-28T00:00:00Z,SVP
127060,2015-06-19T03:00:00Z,-29.8073,-44.945,-0.1786,-0.0464,516.75,2016-01-28T00:00:00Z,SVP
127060,2015-06-19T04:00:00Z,-29.80936,-44.9522,-0.1785,-0.046,516.75,2016-01-28T00:00:00Z,SVP
127060,2015-06-19T05:00:00Z,-29.81076,-44.95779,-0.0309,-0.0051,379.66666,2016-01-28T00:00:00Z,SVP
127060,2015-06-19T06:00:00Z,-29.81034,-44.95867,-0.0314,-0.0045,379.66666,2016-01-28T00:00:00Z,SVP
127060,2015-06-19T07:00:00Z,-29.81075,-44.96008,-0.0285,-2.0E-4,379.66666,2016-01-28T00:00:00Z,SVP
127060,2015-06-19T08:00:00Z,-29.8094,-44.96072,-0.0203,0.0306,267.16666,2016-01-28T00:00:00Z,SVP
127060,2015-06-19T09:00:00Z,-29.80713,-44.96045,-0.0218,0.0394,0.0,2016-01-28T00:00:00Z,SVP
127060,2015-06-19T10:00:00Z,-29.80488,-44.96585,-0.1006,0.0743,277.79166,2016-01-28T00:00:00Z,SVP
127060,2015-06-19T11:00:00Z,-29.80413,-44.97425,-0.3602,0.1522,126.58333,2016-01-28T00:00:00Z,SVP
127060,2015-06-19T12:00:00Z,-29.79776,-44.9891,-0.2346,0.0269,116.083336,2016-01-28T00:00:00Z,SVP
127060,2015-06-19T13:00:00Z,-29.79627,-44.99811,-0.2233,0.0269,696.1666,2016-01-28T00:00:00Z,SVP
127060,2015-06-19T14:00:00Z,-29.79556,-45.00639,-0.2233,0.0264,696.1666,2016-01-28T00:00:00Z,SVP
127060,2015-06-19T15:00:00Z,-29.79493,-45.01468,-0.2233,0.0257,696.1666,2016-01-28T00:00:00Z,SVP
127060,2015-06-19T16:00:00Z,-29.79453,-45.02296,-0.2233,0.0246,696.1666,2016-01-28T00:00:00Z,SVP
127060,2015-06-19T17:00:00Z,-29.79475,-45.03117,-0.2234,0.0224,696.1666,2016-01-28T00:00:00Z,SVP
127060,2015-06-19T18:00:00Z,-29.792,-45.0396,-0.2222,0.0375,239.08334,2016-01-28T00:00:00Z,SVP
127060,2015-06-19T19:00:00Z,-29.7905,-45.04817,-0.2305,0.0148,144.16667,2016-01-28T00:00:00Z,SVP
127060,2015-06-19T20:00:00Z,-29.79115,-45.05692,-0.2488,-0.0372,140.70834,2016-01-28T00:00:00Z,SVP
127060,2015-06-19T21:00:00Z,-29.7924,-45.06584,-0.2064,-0.0494,105.458336,2016-01-28T00:00:00Z,SVP
127060,2015-06-19T22:00:00Z,-29.79415,-45.07292,-0.1522,-0.0717,428.8333,2016-01-28T00:00:00Z,SVP
127060,2015-06-19T23:00:00Z,-29.79639,-45.07903,-0.1525,-0.0719,428.8333,2016-01-28T00:00:00Z,SVP
127060,2015-06-20T00:00:00Z,-29.79849,-45.08584,-0.1529,-0.0727,428.8333,2016-01-28T00:00:00Z,SVP
127060,2015-06-20T01:00:00Z,-29.80068,-45.08948,-0.1347,-0.0607,235.50002,2016-01-28T00:00:00Z,SVP
127060,2015-06-20T02:00:00Z,-29.8027,-45.09316,-0.1132,-0.0102,393.75,2016-01-28T00:00:00Z,SVP
127060,2015-06-20T03:00:00Z,-29.80253,-45.0987,-0.1169,-0.0053,393.75,2016-01-28T00:00:00Z,SVP
127060,2015-06-20T04:00:00Z,-29.80329,-45.10466,-0.1205,-0.0058,393.75,2016-01-28T00:00:00Z,SVP
127060,2015-06-20T05:00:00Z,-29.80192,-45.10828,-0.1146,0.0367,260.0833,2016-01-28T00:00:00Z,SVP
127060,2015-06-20T06:00:00Z,-29.79832,-45.11017,-0.1152,0.042,260.0833,2016-01-28T00:00:00Z,SVP
127060,2015-06-20T07:00:00Z,-29.80078,-45.11708,-0.1407,-0.073,239.08334,2016-01-28T00:00:00Z,SVP
127060,2015-06-20T08:00:00Z,-29.80259,-45.12157,-0.1357,-0.0723,239.08334,2016-01-28T00:00:00Z,SVP
127060,2015-06-20T09:00:00Z,-29.80408,-45.12589,-0.1665,0.0196,253.20834,2016-01-28T00:00:00Z,SVP
127060,2015-06-20T10:00:00Z,-29.80383,-45.13422,-0.1775,0.0192,253.20834,2016-01-28T00:00:00Z,SVP
127060,2015-06-20T11:00:00Z,-29.80281,-45.13897,-0.1456,0.037,133.66667,2016-01-28T00:00:00Z,SVP
127060,2015-06-20T12:00:00Z,-29.80233,-45.14458,-0.1808,-0.0145,246.16667,2016-01-28T00:00:00Z,SVP
127060,2015-06-20T13:00:00Z,-29.8043,-45.15123,-0.1824,-0.008,246.16667,2016-01-28T00:00:00Z,SVP
127060,2015-06-20T14:00:00Z,-29.8033,-45.15766,-0.1941,-0.0157,573.0,2016-01-28T00:00:00Z,SVP
127060,2015-06-20T15:00:00Z,-29.80351,-45.16493,-0.194,-0.0165,573.0,2016-01-28T00:00:00Z,SVP
127060,2015-06-20T16:00:00Z,-29.80398,-45.17223,-0.1939,-0.0165,573.0,2016-01-28T00:00:00Z,SVP
127060,2015-06-20T17:00:00Z,-29.80487,-45.17958,-0.1903,-0.0212,242.54167,2016-01-28T00:00:00Z,SVP
127060,2015-06-20T18:00:00Z,-29.80569,-45.18645,-0.1898,-0.0236,242.54167,2016-01-28T00:00:00Z,SVP
127060,2015-06-20T19:00:00Z,-29.80678,-45.19201,-0.1582,-0.0394,154.66667,2016-01-28T00:00:00Z,SVP
127060,2015-06-20T20:00:00Z,-29.80689,-45.19506,-0.0246,0.0465,80.83333,2016-01-28T00:00:00Z,SVP
127060,2015-06-20T21:00:00Z,-29.80463,-45.19999,-0.2096,-0.0121,123.0,2016-01-28T00:00:00Z,SVP
127060,2015-06-20T22:00:00Z,-29.80222,-45.22057,-0.0257,-0.1069,319.9583,2016-01-28T00:00:00Z,SVP
127060,2015-06-20T23:00:00Z,-29.80621,-45.22081,-0.0381,-0.1003,319.9583,2016-01-28T00:00:00Z,SVP
127060,2015-06-21T00:00:00Z,-29.8091,-45.22241,-0.0385,-0.1144,108.91667,2016-01-28T00:00:00Z,SVP
127060,2015-06-21T01:00:00Z,-29.81161,-45.22604,-0.1264,-0.0599,126.58333,2016-01-28T00:00:00Z,SVP
127060,2015-06-21T02:00:00Z,-29.81313,-45.22987,-0.1124,-0.046,411.2917,2016-01-28T00:00:00Z,SVP
127060,2015-06-21T03:00:00Z,-29.81523,-45.23454,-0.1132,-0.0453,411.2917,2016-01-28T00:00:00Z,SVP
127060,2015-06-21T04:00:00Z,-29.81747,-45.24005,-0.1148,-0.0437,411.2917,2016-01-28T00:00:00Z,SVP
127060,2015-06-21T05:00:00Z,-29.81791,-45.2426,-0.0824,-0.0351,260.0833,2016-01-28T00:00:00Z,SVP
127060,2015-06-21T06:00:00Z,-29.8185,-45.24266,-0.0105,-0.0321,140.70834,2016-01-28T00:00:00Z,SVP
127060,2015-06-21T07:00:00Z,-29.82015,-45.24922,-0.0486,-0.0388,228.45833,2016-01-28T00:00:00Z,SVP
127060,2015-06-21T08:00:00Z,-29.82115,-45.24238,0.0075,-0.0389,228.45833,2016-01-28T00:00:00Z,SVP
127060,2015-06-21T09:00:00Z,-29.82272,-45.24614,-0.153,-0.0437,249.58333,2016-01-28T00:00:00Z,SVP
127060,2015-06-21T10:00:00Z,-29.82393,-45.25457,-0.0485,-0.0457,249.58333,2016-01-28T00:00:00Z,SVP
127060,2015-06-21T11:00:00Z,-29.82559,-45.2554,-0.0345,-0.0375,154.66667,2016-01-28T00:00:00Z,SVP
127060,2015-06-21T12:00:00Z,-29.81711,-45.25636,-0.0627,0.197,126.58333,2016-01-28T00:00:00Z,SVP
127060,2015-06-21T13:00:00Z,-29.81491,-45.26072,-0.1241,-0.0031,1030.0416,2016-01-28T00:00:00Z,SVP
127060,2015-06-21T14:00:00Z,-29.81511,-45.2651,-0.1238,-0.0034,1030.0416,2016-01-28T00:00:00Z,SVP
127060,2015-06-21T15:00:00Z,-29.81523,-45.26961,-0.1237,-0.0035,1030.0416,2016-01-28T00:00:00Z,SVP
127060,2015-06-21T16:00:00Z,-29.8153,-45.27413,-0.1236,-0.0034,1030.0416,2016-01-28T00:00:00Z,SVP
127060,2015-06-21T17:00:00Z,-29.81531,-45.27862,-0.1235,-0.0033,1030.0416,2016-01-28T00:00:00Z,SVP
127060,2015-06-21T18:00:00Z,-29.81517,-45.28301,-0.1233,-0.0028,1030.0416,2016-01-28T00:00:00Z,SVP
127060,2015-06-21T19:00:00Z,-29.81429,-45.28679,-0.1222,-6.0E-4,1030.0416,2016-01-28T00:00:00Z,SVP
127060,2015-06-21T20:00:00Z,-29.81476,-45.29185,-0.1225,-0.0082,140.70834,2016-01-28T00:00:00Z,SVP
127060,2015-06-21T21:00:00Z,-29.81482,-45.29602,-0.0819,0.0114,495.58334,2016-01-28T00:00:00Z,SVP
127060,2015-06-21T22:00:00Z,-29.81512,-45.29935,-0.0833,0.0094,495.58334,2016-01-28T00:00:00Z,SVP
127060,2015-06-21T23:00:00Z,-29.81515,-45.30243,-0.0834,0.0089,495.58334,2016-01-28T00:00:00Z,SVP
127060,2015-06-22T00:00:00Z,-29.81548,-45.30519,-0.0828,0.0084,495.58334,2016-01-28T00:00:00Z,SVP
127060,2015-06-22T01:00:00Z,-29.81351,-45.31016,-0.1133,0.0075,137.08333,2016-01-28T00:00:00Z,SVP
127060,2015-06-22T02:00:00Z,-29.81386,-45.31448,-0.1283,0.0059,450.0,2016-01-28T00:00:00Z,SVP
127060,2015-06-22T03:00:00Z,-29.81384,-45.31923,-0.1282,0.0063,450.0,2016-01-28T00:00:00Z,SVP
127060,2015-06-22T04:00:00Z,-29.81365,-45.32412,-0.1279,0.0061,450.0,2016-01-28T00:00:00Z,SVP
127060,2015-06-22T05:00:00Z,-29.81347,-45.32888,-0.1271,-0.0042,242.54167,2016-01-28T00:00:00Z,SVP
127060,2015-06-22T06:00:00Z,-29.81349,-45.33289,-0.1042,0.0053,295.33334,2016-01-28T00:00:00Z,SVP
127060,2015-06-22T07:00:00Z,-29.81331,-45.33714,-0.1067,0.0056,295.33334,2016-01-28T00:00:00Z,SVP
127060,2015-06-22T08:00:00Z,-29.81298,-45.33865,-0.0433,0.0132,91.33333,2016-01-28T00:00:00Z,SVP
127060,2015-06-22T09:00:00Z,-29.81155,-45.33902,0.0095,0.0585,186.29166,2016-01-28T00:00:00Z,SVP
127060,2015-06-22T10:00:00Z,-29.80995,-45.33955,-0.0484,0.0658,284.70834,2016-01-28T00:00:00Z,SVP
127060,2015-06-22T11:00:00Z,-29.80735,-45.34033,-0.0453,0.0649,284.70834,2016-01-28T00:00:00Z,SVP
127060,2015-06-22T12:00:00Z,-29.80509,-45.34488,-0.2739,0.0823,140.70834,2016-01-28T00:00:00Z,SVP
127060,2015-06-22T13:00:00Z,-29.80206,-45.3563,-0.304,0.0722,112.5,2016-01-28T00:00:00Z,SVP
127060,2015-06-22T14:00:00Z,-29.80072,-45.3589,-0.0932,0.0436,506.25,2016-01-28T00:00:00Z,SVP
127060,2015-06-22T15:00:00Z,-29.7993,-45.36153,-0.0984,0.0431,506.25,2016-01-28T00:00:00Z,SVP
127060,2015-06-22T16:00:00Z,-29.79751,-45.36464,-0.103,0.0418,506.25,2016-01-28T00:00:00Z,SVP
127060,2015-06-22T17:00:00Z,-29.79609,-45.36909,-0.0968,0.0255,253.20834,2016-01-28T00:00:00Z,SVP
127060,2015-06-22T18:00:00Z,-29.79608,-45.37329,-0.0966,0.0248,253.20834,2016-01-28T00:00:00Z,SVP
127060,2015-06-22T19:00:00Z,-29.79424,-45.37754,-0.1136,0.0285,133.66667,2016-01-28T00:00:00Z,SVP
127060,2015-06-22T20:00:00Z,-29.79442,-45.37896,-0.0498,0.0211,144.16667,2016-01-28T00:00:00Z,SVP
127060,2015-06-22T21:00:00Z,-29.79326,-45.3795,-0.0269,0.0387,158.25,2016-01-28T00:00:00Z,SVP
127060,2015-06-22T22:00:00Z,-29.7915,-45.38285,-0.0102,0.0436,319.9583,2016-01-28T00:00:00Z,SVP
127060,2015-06-22T23:00:00Z,-29.79048,-45.38166,-0.0108,0.0429,319.9583,2016-01-28T00:00:00Z,SVP
127060,2015-06-23T00:00:00Z,-29.78944,-45.38183,-0.1795,0.0497,144.16667,2016-01-28T00:00:00Z,SVP
127060,2015-06-23T01:00:00Z,-29.78537,-45.38928,-0.1812,0.1568,98.416664,2016-01-28T00:00:00Z,SVP
127060,2015-06-23T02:00:00Z,-29.78166,-45.39331,-0.0275,0.1686,358.6667,2016-01-28T00:00:00Z,SVP
127060,2015-06-23T03:00:00Z,-29.7751,-45.39323,-0.0366,0.1617,358.6667,2016-01-28T00:00:00Z,SVP
127060,2015-06-23T04:00:00Z,-29.7688,-45.39391,-0.0645,0.1581,253.20834,2016-01-28T00:00:00Z,SVP
127060,2015-06-23T05:00:00Z,-29.76522,-45.39687,-0.0618,0.1624,253.20834,2016-01-28T00:00:00Z,SVP
127060,2015-06-23T06:00:00Z,-29.7596,-45.40098,-0.1308,0.1677,133.66667,2016-01-28T00:00:00Z,SVP
127060,2015-06-23T07:00:00Z,-29.75383,-45.4078,-0.2004,0.1882,133.66667,2016-01-28T00:00:00Z,SVP
127060,2015-06-23T08:00:00Z,-29.74753,-45.41604,-0.2396,0.1814,123.166664,2016-01-28T00:00:00Z,SVP
127060,2015-06-23T09:00:00Z,-29.74189,-45.42408,-0.1765,0.1353,253.20834,2016-01-28T00:00:00Z,SVP
127060,2015-06-23T10:00:00Z,-29.73852,-45.43065,-0.1751,0.1233,253.20834,2016-01-28T00:00:00Z,SVP
127060,2015-06-23T11:00:00Z,-29.73265,-45.43727,-0.1808,0.169,73.791664,2016-01-28T00:00:00Z,SVP
127060,2015-06-23T12:00:00Z,-29.72669,-45.44948,-0.0059,0.0932,0.0,2016-01-28T00:00:00Z,SVP
127060,2015-06-23T13:00:00Z,-29.72426,-45.44977,-0.1441,0.1284,523.7917,2016-01-28T00:00:00Z,SVP
127060,2015-06-23T14:00:00Z,-29.71971,-45.45601,-0.143,0.1291,523.7917,2016-01-28T00:00:00Z,SVP
127060,2015-06-23T15:00:00Z,-29.71548,-45.46182,-0.1417,0.1293,523.7917,2016-01-28T00:00:00Z,SVP
127060,2015-06-23T16:00:00Z,-29.71146,-45.46758,-0.1393,0.1296,523.7917,2016-01-28T00:00:00Z,SVP
127060,2015-06-23T17:00:00Z,-29.70641,-45.47237,-0.1499,0.1533,253.20834,2016-01-28T00:00:00Z,SVP
127060,2015-06-23T18:00:00Z,-29.70138,-45.47711,-0.1476,0.1544,253.20834,2016-01-28T00:00:00Z,SVP
127060,2015-06-23T19:00:00Z,-29.69482,-45.48255,-0.1338,0.1899,239.08334,2016-01-28T00:00:00Z,SVP
127060,2015-06-23T20:00:00Z,-29.68933,-45.48723,-0.1281,0.1682,109.041664,2016-01-28T00:00:00Z,SVP
127060,2015-06-23T21:00:00Z,-29.68305,-45.494,-0.1985,0.1942,147.58333,2016-01-28T00:00:00Z,SVP
127060,2015-06-23T22:00:00Z,-29.67361,-45.50545,-0.0694,0.1801,390.29166,2016-01-28T00:00:00Z,SVP
127060,2015-06-23T23:00:00Z,-29.66889,-45.50492,-0.0985,0.1907,390.29166,2016-01-28T00:00:00Z,SVP
127060,2015-06-24T00:00:00Z,-29.663,-45.50737,-0.1188,0.1951,390.29166,2016-01-28T00:00:00Z,SVP
127060,2015-06-24T01:00:00Z,-29.65589,-45.51434,-0.1139,0.2204,115.958336,2016-01-28T00:00:00Z,SVP
127060,2015-06-24T02:00:00Z,-29.64705,-45.52006,-0.1771,0.2777,369.16666,2016-01-28T00:00:00Z,SVP
127060,2015-06-24T03:00:00Z,-29.63799,-45.52496,-0.174,0.2778,369.16666,2016-01-28T00:00:00Z,SVP
127060,2015-06-24T04:00:00Z,-29.62924,-45.5296,-0.1941,0.278,256.66666,2016-01-28T00:00:00Z,SVP
127060,2015-06-24T05:00:00Z,-29.62019,-45.54012,-0.1645,0.2773,256.66666,2016-01-28T00:00:00Z,SVP
127060,2015-06-24T06:00:00Z,-29.61391,-45.54707,-0.2359,0.1656,133.66667,2016-01-28T00:00:00Z,SVP
127060,2015-06-24T07:00:00Z,-29.61126,-45.55649,-0.1679,0.0964,158.25,2016-01-28T00:00:00Z,SVP
127060,2015-06-24T08:00:00Z,-29.60842,-45.56339,-0.2092,0.0707,77.41667,2016-01-28T00:00:00Z,SVP
127060,2015-06-24T09:00:00Z,-29.60591,-45.57136,-0.2495,0.0464,246.16667,2016-01-28T00:00:00Z,SVP
127060,2015-06-24T10:00:00Z,-29.60558,-45.58627,-0.2895,0.0526,246.16667,2016-01-28T00:00:00Z,SVP
127060,2015-06-24T11:00:00Z,-29.60255,-45.59118,-0.0863,0.0785,235.50002,2016-01-28T00:00:00Z,SVP
127060,2015-06-24T12:00:00Z,-29.60019,-45.59317,-0.0256,0.0626,112.5,2016-01-28T00:00:00Z,SVP
127060,2015-06-24T13:00:00Z,-29.59602,-45.59345,-0.0089,0.1107,558.9167,2016-01-28T00:00:00Z,SVP
127060,2015-06-24T14:00:00Z,-29.59259,-45.59402,-0.0089,0.1103,558.9167,2016-01-28T00:00:00Z,SVP
127060,2015-06-24T15:00:00Z,-29.58953,-45.5945,-0.0089,0.1086,558.9167,2016-01-28T00:00:00Z,SVP
127060,2015-06-24T16:00:00Z,-29.59821,-45.59518,-0.0086,0.0183,558.9167,2016-01-28T00:00:00Z,SVP
127060,2015-06-24T17:00:00Z,-29.58201,-45.59489,-0.0087,0.1349,239.08334,2016-01-28T00:00:00Z,SVP
127060,2015-06-24T18:00:00Z,-29.57692,-45.59543,-0.0239,0.163,284.70834,2016-01-28T00:00:00Z,SVP
127060,2015-06-24T19:00:00Z,-29.57281,-45.59664,-0.0295,0.1577,284.70834,2016-01-28T00:00:00Z,SVP
127060,2015-06-24T20:00:00Z,-29.56579,-45.60111,-0.0832,0.194,102.0,2016-01-28T00:00:00Z,SVP
127060,2015-06-24T21:00:00Z,-29.55715,-45.60601,-0.1489,0.194,63.291664,2016-01-28T00:00:00Z,SVP
127060,2015-06-24T22:00:00Z,-29.55063,-45.61223,-0.1172,0.1815,418.33334,2016-01-28T00:00:00Z,SVP
127060,2015-06-24T23:00:00Z,-29.54483,-45.61739,-0.1059,0.1819,418.33334,2016-01-28T00:00:00Z,SVP
127060,2015-06-25T00:00:00Z,-29.53905,-45.62233,-0.0761,0.1826,418.33334,2016-01-28T00:00:00Z,SVP
127060,2015-06-25T01:00:00Z,-29.53329,-45.62518,-0.0845,0.1642,242.54167,2016-01-28T00:00:00Z,SVP
127060,2015-06-25T02:00:00Z,-29.52781,-45.62771,-0.0918,0.1453,523.7917,2016-01-28T00:00:00Z,SVP
127060,2015-06-25T03:00:00Z,-29.52341,-45.6321,-0.0985,0.1441,523.7917,2016-01-28T00:00:00Z,SVP
127060,2015-06-25T04:00:00Z,-29.51875,-45.63638,-0.1009,0.1438,523.7917,2016-01-28T00:00:00Z,SVP
127060,2015-06-25T05:00:00Z,-29.51385,-45.64076,-0.1025,0.144,523.7917,2016-01-28T00:00:00Z,SVP
127060,2015-06-25T06:00:00Z,-29.50971,-45.64536,-0.1206,0.1305,386.70834,2016-01-28T00:00:00Z,SVP
127060,2015-06-25T07:00:00Z,-29.506,-45.646,-0.0914,0.1276,386.70834,2016-01-28T00:00:00Z,SVP
127060,2015-06-25T08:00:00Z,-29.50257,-45.66353,-0.2041,0.1055,56.25,2016-01-28T00:00:00Z,SVP
127060,2015-06-25T09:00:00Z,-29.49982,-45.66873,-0.0663,0.1059,214.33334,2016-01-28T00:00:00Z,SVP
127060,2015-06-25T10:00:00Z,-29.4968,-45.67085,-0.0278,0.1373,263.7083,2016-01-28T00:00:00Z,SVP
127060,2015-06-25T11:00:00Z,-29.49137,-45.67318,-0.0297,0.1244,263.7083,2016-01-28T00:00:00Z,SVP
127060,2015-06-25T12:00:00Z,-29.48767,-45.66672,0.106,0.1278,119.54167,2016-01-28T00:00:00Z,SVP
127060,2015-06-25T13:00:00Z,-29.48513,-45.67204,-0.1236,0.0756,822.5834,2016-01-28T00:00:00Z,SVP
127060,2015-06-25T14:00:00Z,-29.48254,-45.68134,-0.1054,0.0758,822.5834,2016-01-28T00:00:00Z,SVP
127060,2015-06-25T15:00:00Z,-29.47977,-45.68475,-0.1073,0.0764,822.5834,2016-01-28T00:00:00Z,SVP
127060,2015-06-25T16:00:00Z,-29.47637,-45.68403,-0.1326,0.0793,822.5834,2016-01-28T00:00:00Z,SVP
127060,2015-06-25T17:00:00Z,-29.47022,-45.68604,-0.14,0.0979,822.5834,2016-01-28T00:00:00Z,SVP
127060,2015-06-25T18:00:00Z,-29.46716,-45.68915,-0.1984,0.0211,432.4583,2016-01-28T00:00:00Z,SVP
127060,2015-06-25T19:00:00Z,-29.46889,-45.69799,-0.1813,0.0479,432.4583,2016-01-28T00:00:00Z,SVP
127060,2015-06-25T20:00:00Z,-29.46879,-45.70557,-0.1649,0.0644,432.4583,2016-01-28T00:00:00Z,SVP
127060,2015-06-25T21:00:00Z,-29.46657,-45.71087,-0.1176,0.0581,226.79166,2016-01-28T00:00:00Z,SVP
127060,2015-06-25T22:00:00Z,-29.46178,-45.71603,-0.1174,0.0475,226.79166,2016-01-28T00:00:00Z,SVP
127060,2015-06-25T23:00:00Z,-29.46274,-45.71954,-0.1096,0.0451,363.9167,2016-01-28T00:00:00Z,SVP
127060,2015-06-26T00:00:00Z,-29.46154,-45.72283,-0.1081,0.0453,363.9167,2016-01-28T00:00:00Z,SVP
127060,2015-06-26T01:00:00Z,-29.4604,-45.72812,-0.1418,0.0077,147.58333,2016-01-28T00:00:00Z,SVP
127060,2015-06-26T02:00:00Z,-29.46004,-45.73308,-0.1213,0.0162,537.9166,2016-01-28T00:00:00Z,SVP
127060,2015-06-26T03:00:00Z,-29.45945,-45.73696,-0.1152,0.0164,537.9166,2016-01-28T00:00:00Z,SVP
127060,2015-06-26T04:00:00Z,-29.45887,-45.74158,-0.1167,0.0166,537.9166,2016-01-28T00:00:00Z,SVP
127060,2015-06-26T05:00:00Z,-29.45823,-45.74729,-0.1232,0.0168,537.9166,2016-01-28T00:00:00Z,SVP
127060,2015-06-26T06:00:00Z,-29.45806,-45.74605,-0.0637,0.0136,393.75,2016-01-28T00:00:00Z,SVP
127060,2015-06-26T07:00:00Z,-29.45764,-45.74725,-0.066,0.0135,393.75,2016-01-28T00:00:00Z,SVP
127060,2015-06-26T08:00:00Z,-29.45656,-45.74912,-0.0128,0.0524,239.08334,2016-01-28T00:00:00Z,SVP
127060,2015-06-26T09:00:00Z,-29.45617,-45.7519,-0.0013,0.0611,239.08334,2016-01-28T00:00:00Z,SVP
127060,2015-06-26T10:00:00Z,-29.45355,-45.75271,-0.0275,0.0862,372.75,2016-01-28T00:00:00Z,SVP
127060,2015-06-26T11:00:00Z,-29.45005,-45.75107,-0.0137,0.0825,372.75,2016-01-28T00:00:00Z,SVP
127060,2015-06-26T12:00:00Z,-29.44686,-45.75222,-0.2903,0.0957,144.16667,2016-01-28T00:00:00Z,SVP
127060,2015-06-26T13:00:00Z,-29.44544,-45.76438,-0.3452,0.0514,115.958336,2016-01-28T00:00:00Z,SVP
127060,2015-06-26T14:00:00Z,-29.44269,-45.76367,-0.0546,0.0491,587.0834,2016-01-28T00:00:00Z,SVP
127060,2015-06-26T15:00:00Z,-29.44204,-45.76488,-0.0554,0.0516,587.0834,2016-01-28T00:00:00Z,SVP
127060,2015-06-26T16:00:00Z,-29.44079,-45.76649,-0.0557,0.0524,587.0834,2016-01-28T00:00:00Z,SVP
127060,2015-06-26T17:00:00Z,-29.43956,-45.76796,-0.0562,0.0533,587.0834,2016-01-28T00:00:00Z,SVP
127060,2015-06-26T18:00:00Z,-29.43734,-45.77021,-0.0504,0.0593,397.20834,2016-01-28T00:00:00Z,SVP
127060,2015-06-26T19:00:00Z,-29.43482,-45.77325,-0.0438,0.0558,397.20834,2016-01-28T00:00:00Z,SVP
127060,2015-06-26T20:00:00Z,-29.43267,-45.77632,-0.0222,0.0529,397.20834,2016-01-28T00:00:00Z,SVP
127060,2015-06-26T21:00:00Z,-29.43108,-45.7764,-0.0508,0.0621,253.20834,2016-01-28T00:00:00Z,SVP
127060,2015-06-26T22:00:00Z,-29.42906,-45.778,-0.0736,0.0536,369.16666,2016-01-28T00:00:00Z,SVP
127060,2015-06-26T23:00:00Z,-29.42735,-45.78143,-0.0728,0.0536,369.16666,2016-01-28T00:00:00Z,SVP
127060,2015-06-27T00:00:00Z,-29.42568,-45.7841,-0.0743,0.0537,369.16666,2016-01-28T00:00:00Z,SVP
127060,2015-06-27T01:00:00Z,-29.4249,-45.78955,-0.1456,0.0204,133.66667,2016-01-28T00:00:00Z,SVP
127060,2015-06-27T02:00:00Z,-29.42843,-45.79709,-0.0766,0.0796,450.0,2016-01-28T00:00:00Z,SVP
127060,2015-06-27T03:00:00Z,-29.42351,-45.79937,-0.0704,0.0681,450.0,2016-01-28T00:00:00Z,SVP
127060,2015-06-27T04:00:00Z,-29.41983,-45.80312,-0.0729,0.0584,450.0,2016-01-28T00:00:00Z,SVP
127060,2015-06-27T05:00:00Z,-29.41709,-45.80703,0.0037,0.0201,362.08334,2016-01-28T00:00:00Z,SVP
127060,2015-06-27T06:00:00Z,-29.41707,-45.80588,-0.0049,0.0252,362.08334,2016-01-28T00:00:00Z,SVP
127060,2015-06-27T07:00:00Z,-29.41622,-45.80576,-0.0083,0.0218,362.08334,2016-01-28T00:00:00Z,SVP
127060,2015-06-27T08:00:00Z,-29.41564,-45.80687,-0.0116,0.011,193.33334,2016-01-28T00:00:00Z,SVP
127060,2015-06-27T09:00:00Z,-29.41463,-45.80926,-0.1324,-0.0204,0.0,2016-01-28T00:00:00Z,SVP
127060,2015-06-27T10:00:00Z,-29.41547,-45.81193,-0.066,0.0261,182.83333,2016-01-28T00:00:00Z,SVP
127060,2015-06-27T11:00:00Z,-29.41029,-45.8126,-0.022,0.0841,179.25,2016-01-28T00:00:00Z,SVP
127060,2015-06-27T12:00:00Z,-29.40776,-45.8154,-0.0767,0.1258,137.08333,2016-01-28T00:00:00Z,SVP
127060,2015-06-27T13:00:00Z,-29.405,-45.82145,-0.1057,0.0309,116.083336,2016-01-28T00:00:00Z,SVP
127060,2015-06-27T14:00:00Z,-29.4083,-45.82553,-0.0881,-0.0872,625.7917,2016-01-28T00:00:00Z,SVP
127060,2015-06-27T15:00:00Z,-29.41142,-45.82815,-0.0919,-0.0855,625.7917,2016-01-28T00:00:00Z,SVP
127060,2015-06-27T16:00:00Z,-29.41424,-45.83115,-0.0952,-0.0853,625.7917,2016-01-28T00:00:00Z,SVP
127060,2015-06-27T17:00:00Z,-29.41695,-45.8343,-0.0999,-0.0861,625.7917,2016-01-28T00:00:00Z,SVP
127060,2015-06-27T18:00:00Z,-29.42128,-45.83683,-0.0581,-0.1376,242.54167,2016-01-28T00:00:00Z,SVP
127060,2015-06-27T19:00:00Z,-29.42541,-45.84098,-0.0752,-0.146,112.5,2016-01-28T00:00:00Z,SVP
127060,2015-06-27T20:00:00Z,-29.43102,-45.83977,-0.0156,-0.0727,256.66666,2016-01-28T00:00:00Z,SVP
127060,2015-06-27T21:00:00Z,-29.4327,-45.84459,-0.0156,-0.075,256.66666,2016-01-28T00:00:00Z,SVP
127060,2015-06-27T22:00:00Z,-29.43415,-45.8467,-0.0655,-0.0314,369.16666,2016-01-28T00:00:00Z,SVP
127060,2015-06-27T23:00:00Z,-29.436,-45.84301,-0.0319,-0.0358,369.16666,2016-01-28T00:00:00Z,SVP
127060,2015-06-28T00:00:00Z,-29.4375,-45.84381,-0.2313,0.1328,130.04166,2016-01-28T00:00:00Z,SVP
127060,2015-06-28T01:00:00Z,-29.43274,-45.85353,-0.0539,0.1172,112.5,2016-01-28T00:00:00Z,SVP
127060,2015-06-28T02:00:00Z,-29.42918,-45.8557,-0.0442,0.0931,474.58334,2016-01-28T00:00:00Z,SVP
127060,2015-06-28T03:00:00Z,-29.4258,-45.85747,-0.0444,0.0945,474.58334,2016-01-28T00:00:00Z,SVP
127060,2015-06-28T04:00:00Z,-29.42226,-45.8591,-0.0445,0.0955,474.58334,2016-01-28T00:00:00Z,SVP
127060,2015-06-28T05:00:00Z,-29.41887,-45.86092,-0.0558,0.0986,253.20834,2016-01-28T00:00:00Z,SVP
127060,2015-06-28T06:00:00Z,-29.41757,-45.86316,-0.0564,0.0868,253.20834,2016-01-28T00:00:00Z,SVP
127060,2015-06-28T07:00:00Z,-29.41289,-45.86551,-0.0821,-0.0485,270.74997,2016-01-28T00:00:00Z,SVP
127060,2015-06-28T08:00:00Z,-29.41528,-45.86887,-0.081,-0.0403,270.74997,2016-01-28T00:00:00Z,SVP
127060,2015-06-28T09:00:00Z,-29.41634,-45.87149,-0.0523,-0.0466,154.66667,2016-01-28T00:00:00Z,SVP
127060,2015-06-28T10:00:00Z,-29.41699,-45.87549,-0.1431,0.0118,203.83333,2016-01-28T00:00:00Z,SVP
127060,2015-06-28T11:00:00Z,-29.4166,-45.87503,-0.0598,0.0131,203.83333,2016-01-28T00:00:00Z,SVP
127060,2015-06-28T12:00:00Z,-29.41604,-45.88854,-0.0742,-0.0522,126.58333,2016-01-28T00:00:00Z,SVP
127060,2015-06-28T13:00:00Z,-29.41776,-45.89074,-0.0571,-0.0563,643.3334,2016-01-28T00:00:00Z,SVP
127060,2015-06-28T14:00:00Z,-29.41954,-45.89308,-0.0578,-0.0562,643.3334,2016-01-28T00:00:00Z,SVP
127060,2015-06-28T15:00:00Z,-29.42137,-45.89542,-0.0583,-0.0561,643.3334,2016-01-28T00:00:00Z,SVP
127060,2015-06-28T16:00:00Z,-29.42323,-45.8979,-0.059,-0.0562,643.3334,2016-01-28T00:00:00Z,SVP
127060,2015-06-28T17:00:00Z,-29.42519,-45.90093,-0.0606,-0.0562,643.3334,2016-01-28T00:00:00Z,SVP
127060,2015-06-28T18:00:00Z,-29.42746,-45.90226,-0.0597,-0.0651,239.08334,2016-01-28T00:00:00Z,SVP
127060,2015-06-28T19:00:00Z,-29.42951,-45.90421,-0.075,-0.0768,147.58333,2016-01-28T00:00:00Z,SVP
127060,2015-06-28T20:00:00Z,-29.43194,-45.90659,0.006,-0.0293,179.25,2016-01-28T00:00:00Z,SVP
127060,2015-06-28T21:00:00Z,-29.43226,-45.90546,0.0529,0.0032,59.708332,2016-01-28T00:00:00Z,SVP
127060,2015-06-28T22:00:00Z,-29.43202,-45.90281,0.0493,0.0044,471.16666,2016-01-28T00:00:00Z,SVP
127060,2015-06-28T23:00:00Z,-29.43191,-45.90133,0.0498,0.0046,471.16666,2016-01-28T00:00:00Z,SVP
127060,2015-06-29T00:00:00Z,-29.43192,-45.90006,0.0514,0.0052,471.16666,2016-01-28T00:00:00Z,SVP
127060,2015-06-29T01:00:00Z,-29.43064,-45.8959,0.0815,0.0333,112.5,2016-01-28T00:00:00Z,SVP
127060,2015-06-29T02:00:00Z,-29.42894,-45.89305,0.0136,0.0507,133.66667,2016-01-28T00:00:00Z,SVP
127060,2015-06-29T03:00:00Z,-29.42716,-45.89454,-0.0364,0.0565,369.16666,2016-01-28T00:00:00Z,SVP
127060,2015-06-29T04:00:00Z,-29.42574,-45.89615,-0.0366,0.0552,369.16666,2016-01-28T00:00:00Z,SVP
127060,2015-06-29T05:00:00Z,-29.42374,-45.89704,-0.0348,0.0629,239.08334,2016-01-28T00:00:00Z,SVP
127060,2015-06-29T06:00:00Z,-29.41991,-45.89812,-0.033,0.072,239.08334,2016-01-28T00:00:00Z,SVP
127060,2015-06-29T07:00:00Z,-29.42053,-45.89825,-0.0089,-0.1094,175.79167,2016-01-28T00:00:00Z,SVP
127060,2015-06-29T08:00:00Z,-29.42395,-45.89936,-0.009,-0.1096,175.79167,2016-01-28T00:00:00Z,SVP
127060,2015-06-29T09:00:00Z,-29.42802,-45.89866,0.0368,-0.1485,77.41667,2016-01-28T00:00:00Z,SVP
127060,2015-06-29T10:00:00Z,-29.42844,-45.90088,-0.0708,-0.0097,242.54167,2016-01-28T00:00:00Z,SVP
127060,2015-06-29T11:00:00Z,-29.43259,-45.9023,-0.0813,0.2026,133.66667,2016-01-28T00:00:00Z,SVP
127060,2015-06-29T12:00:00Z,-29.42756,-45.90547,0.0142,-0.0686,108.91667,2016-01-28T00:00:00Z,SVP
127060,2015-06-29T13:00:00Z,-29.43227,-45.90552,-0.0251,-0.1333,137.08333,2016-01-28T00:00:00Z,SVP
127060,2015-06-29T14:00:00Z,-29.43444,-45.90588,-0.0484,-0.0306,534.4583,2016-01-28T00:00:00Z,SVP
127060,2015-06-29T15:00:00Z,-29.43437,-45.90763,-0.0485,-0.0359,534.4583,2016-01-28T00:00:00Z,SVP
127060,2015-06-29T16:00:00Z,-29.43438,-45.90941,-0.0486,-0.0503,534.4583,2016-01-28T00:00:00Z,SVP
127060,2015-06-29T17:00:00Z,-29.43556,-45.91104,-0.0381,-0.0766,242.54167,2016-01-28T00:00:00Z,SVP
127060,2015-06-29T18:00:00Z,-29.43934,-45.91245,-0.0376,-0.0661,242.54167,2016-01-28T00:00:00Z,SVP
127060,2015-06-29T19:00:00Z,-29.4421,-45.91382,-0.036,-0.1012,151.20834,2016-01-28T00:00:00Z,SVP
127060,2015-06-29T20:00:00Z,-29.44475,-45.91471,-0.0235,-0.0712,151.20834,2016-01-28T00:00:00Z,SVP
127060,2015-06-29T21:00:00Z,-29.44611,-45.91517,-0.0206,-0.0268,91.33333,2016-01-28T00:00:00Z,SVP
127060,2015-06-29T22:00:00Z,-29.44781,-45.92792,-0.2297,-0.0482,133.66667,2016-01-28T00:00:00Z,SVP
127060,2015-06-29T23:00:00Z,-29.44986,-45.91356,0.0283,-0.0717,295.33334,2016-01-28T00:00:00Z,SVP
127060,2015-06-30T00:00:00Z,-29.45202,-45.91334,0.1621,-0.0073,112.5,2016-01-28T00:00:00Z,SVP
127060,2015-06-30T01:00:00Z,-29.45173,-45.90854,0.0733,0.0253,144.16667,2016-01-28T00:00:00Z,SVP
127060,2015-06-30T02:00:00Z,-29.45041,-45.90666,-0.0569,-0.0152,393.75,2016-01-28T00:00:00Z,SVP
127060,2015-06-30T03:00:00Z,-29.45103,-45.90955,-0.0547,-0.0157,393.75,2016-01-28T00:00:00Z,SVP
127060,2015-06-30T04:00:00Z,-29.45118,-45.91237,-0.0503,-0.0175,393.75,2016-01-28T00:00:00Z,SVP
127060,2015-06-30T05:00:00Z,-29.45244,-45.91452,-0.0713,-0.0395,242.54167,2016-01-28T00:00:00Z,SVP
127060,2015-06-30T06:00:00Z,-29.45403,-45.91533,-0.0525,-0.038,130.04166,2016-01-28T00:00:00Z,SVP
127060,2015-06-30T07:00:00Z,-29.45482,-45.91938,0.035,-0.0096,140.70834,2016-01-28T00:00:00Z,SVP
127060,2015-06-30T08:00:00Z,-29.45575,-45.91726,0.0949,-0.0461,112.5,2016-01-28T00:00:00Z,SVP
127060,2015-06-30T09:00:00Z,-29.45973,-45.91567,0.0293,-0.1472,140.70834,2016-01-28T00:00:00Z,SVP
127060,2015-06-30T10:00:00Z,-29.46316,-45.91857,-0.0624,-0.1091,130.04166,2016-01-28T00:00:00Z,SVP
127060,2015-06-30T11:00:00Z,-29.46477,-45.91951,0.0688,-0.0062,140.70834,2016-01-28T00:00:00Z,SVP
127060,2015-06-30T12:00:00Z,-29.46588,-45.91064,-0.055,-0.0535,147.58333,2016-01-28T00:00:00Z,SVP
127060,2015-06-30T13:00:00Z,-29.46911,-45.9153,-0.0026,-0.0408,562.5,2016-01-28T00:00:00Z,SVP
127060,2015-06-30T14:00:00Z,-29.46993,-45.91466,0.002,-0.0406,562.5,2016-01-28T00:00:00Z,SVP
127060,2015-06-30T15:00:00Z,-29.47094,-45.91465,0.0025,-0.0406,562.5,2016-01-28T00:00:00Z,SVP
127060,2015-06-30T16:00:00Z,-29.47184,-45.91569,-4.0E-4,-0.0408,562.5,2016-01-28T00:00:00Z,SVP
127060,2015-06-30T17:00:00Z,-29.47306,-45.91681,0.0132,-0.042,242.54167,2016-01-28T00:00:00Z,SVP
127060,2015-06-30T18:00:00Z,-29.47543,-45.91274,0.0212,-0.0423,242.54167,2016-01-28T00:00:00Z,SVP
127060,2015-06-30T19:00:00Z,-29.47611,-45.91185,0.0649,-0.0337,137.08333,2016-01-28T00:00:00Z,SVP
127060,2015-06-30T20:00:00Z,-29.47831,-45.90849,0.0647,-0.1364,168.75,2016-01-28T00:00:00Z,SVP
127060,2015-06-30T21:00:00Z,-29.48401,-45.9054,0.072,0.0089,80.83333,2016-01-28T00:00:00Z,SVP
127060,2015-06-30T22:00:00Z,-29.48235,-45.90824,0.1438,0.0316,446.4167,2016-01-28T00:00:00Z,SVP
127060,2015-06-30T23:00:00Z,-29.48191,-45.89939,0.1032,0.0309,446.4167,2016-01-28T00:00:00Z,SVP
127060,2015-07-01T00:00:00Z,-29.48151,-45.89519,0.1011,0.0306,446.4167,2016-01-28T00:00:00Z,SVP
127060,2015-07-01T01:00:00Z,-29.47917,-45.89247,0.1369,0.0393,137.08333,2016-01-28T00:00:00Z,SVP
127060,2015-07-01T02:00:00Z,-29.47765,-45.89549,-0.0382,0.0504,112.5,2016-01-28T00:00:00Z,SVP
127060,2015-07-01T03:00:00Z,-29.47626,-45.89407,0.0031,0.0274,288.2917,2016-01-28T00:00:00Z,SVP
127060,2015-07-01T04:00:00Z,-29.47547,-45.89382,0.0028,0.0279,288.2917,2016-01-28T00:00:00Z,SVP
127060,2015-07-01T05:00:00Z,-29.47396,-45.89471,-0.0017,0.0453,256.66666,2016-01-28T00:00:00Z,SVP
127060,2015-07-01T06:00:00Z,-29.47282,-45.89592,-0.0905,0.0413,126.58333,2016-01-28T00:00:00Z,SVP
127060,2015-07-01T07:00:00Z,-29.47253,-45.89983,-0.1083,-0.0444,112.5,2016-01-28T00:00:00Z,SVP
127060,2015-07-01T08:00:00Z,-29.47464,-45.90337,-0.0803,-0.0912,144.16667,2016-01-28T00:00:00Z,SVP
127060,2015-07-01T09:00:00Z,-29.47805,-45.90615,-0.0637,-0.1157,108.91667,2016-01-28T00:00:00Z,SVP
127060,2015-07-01T10:00:00Z,-29.48137,-45.90464,0.054,-0.0546,291.91666,2016-01-28T00:00:00Z,SVP
127060,2015-07-01T11:00:00Z,-29.48238,-45.90225,0.0534,-0.0568,291.91666,2016-01-28T00:00:00Z,SVP
127060,2015-07-01T12:00:00Z,-29.48396,-45.9006,-0.0721,-0.0376,133.66667,2016-01-28T00:00:00Z,SVP
127060,2015-07-01T13:00:00Z,-29.48559,-45.90499,-0.1307,-0.048,115.958336,2016-01-28T00:00:00Z,SVP
127060,2015-07-01T14:00:00Z,-29.48733,-45.90355,0.0396,-0.0585,471.16666,2016-01-28T00:00:00Z,SVP
127060,2015-07-01T15:00:00Z,-29.48945,-45.90135,0.036,-0.0581,471.16666,2016-01-28T00:00:00Z,SVP
127060,2015-07-01T16:00:00Z,-29.49136,-45.89983,0.0351,-0.0581,471.16666,2016-01-28T00:00:00Z,SVP
127060,2015-07-01T17:00:00Z,-29.49274,-45.89929,0.0296,-0.0534,239.08334,2016-01-28T00:00:00Z,SVP
127060,2015-07-01T18:00:00Z,-29.4949,-45.89762,0.0019,-0.0478,239.08334,2016-01-28T00:00:00Z,SVP
127060,2015-07-01T19:00:00Z,-29.49493,-45.89901,-0.0273,-0.0038,235.50002,2016-01-28T00:00:00Z,SVP
127060,2015-07-01T20:00:00Z,-29.49597,-45.89856,0.0259,-0.0333,158.25,2016-01-28T00:00:00Z,SVP
127060,2015-07-01T21:00:00Z,-29.49827,-45.89599,0.1073,-0.1066,87.91667,2016-01-28T00:00:00Z,SVP
127060,2015-07-01T22:00:00Z,-29.50125,-45.8925,0.0939,-0.0761,418.33334,2016-01-28T00:00:00Z,SVP
127060,2015-07-01T23:00:00Z,-29.5038,-45.8886,0.0932,-0.0753,418.33334,2016-01-28T00:00:00Z,SVP
127060,2015-07-02T00:00:00Z,-29.50702,-45.8844,0.0903,-0.0741,418.33334,2016-01-28T00:00:00Z,SVP
127060,2015-07-02T01:00:00Z,-29.50691,-45.88514,-0.0913,0.002,116.083336,2016-01-28T00:00:00Z,SVP
127060,2015-07-02T02:00:00Z,-29.51323,-45.89047,-0.03,0.0271,319.9583,2016-01-28T00:00:00Z,SVP
127060,2015-07-02T03:00:00Z,-29.50809,-45.89108,-0.0306,-0.0034,319.9583,2016-01-28T00:00:00Z,SVP
127060,2015-07-02T04:00:00Z,-29.50671,-45.89274,-0.0059,-0.0599,253.20834,2016-01-28T00:00:00Z,SVP
127060,2015-07-02T05:00:00Z,-29.51008,-45.8926,-0.0047,-0.0394,253.20834,2016-01-28T00:00:00Z,SVP
127060,2015-07-02T06:00:00Z,-29.51231,-45.89353,-0.0257,-0.0928,130.04166,2016-01-28T00:00:00Z,SVP
127060,2015-07-02T07:00:00Z,-29.51637,-45.89442,0.069,-0.1876,172.20833,2016-01-28T00:00:00Z,SVP
127060,2015-07-02T08:00:00Z,-29.52261,-45.89187,0.0707,-0.1822,172.20833,2016-01-28T00:00:00Z,SVP
127060,2015-07-02T09:00:00Z,-29.52661,-45.88841,0.0925,-0.0962,94.958336,2016-01-28T00:00:00Z,SVP
127060,2015-07-02T10:00:00Z,-29.53048,-45.88513,0.0857,-0.1185,316.3333,2016-01-28T00:00:00Z,SVP
127060,2015-07-02T11:00:00Z,-29.53405,-45.88231,0.0837,-0.1174,316.3333,2016-01-28T00:00:00Z,SVP
127060,2015-07-02T12:00:00Z,-29.53754,-45.87995,0.0491,-0.1054,130.04166,2016-01-28T00:00:00Z,SVP
127060,2015-07-02T13:00:00Z,-29.53662,-45.89492,0.0706,-0.1077,499.20834,2016-01-28T00:00:00Z,SVP
127060,2015-07-02T14:00:00Z,-29.54139,-45.89136,0.0665,-0.1017,499.20834,2016-01-28T00:00:00Z,SVP
127060,2015-07-02T15:00:00Z,-29.54484,-45.88905,0.0681,-0.1011,499.20834,2016-01-28T00:00:00Z,SVP
127060,2015-07-02T16:00:00Z,-29.54782,-45.88735,0.0758,-0.1044,499.20834,2016-01-28T00:00:00Z,SVP
127060,2015-07-02T17:00:00Z,-29.5514,-45.8843,0.0797,-0.1279,242.54167,2016-01-28T00:00:00Z,SVP
127060,2015-07-02T18:00:00Z,-29.55575,-45.8803,0.0519,-0.1319,379.66666,2016-01-28T00:00:00Z,SVP
127060,2015-07-02T19:00:00Z,-29.55991,-45.87894,0.0518,-0.1318,379.66666,2016-01-28T00:00:00Z,SVP
127060,2015-07-02T20:00:00Z,-29.56406,-45.87718,0.0514,-0.1319,379.66666,2016-01-28T00:00:00Z,SVP
127060,2015-07-02T21:00:00Z,-29.56857,-45.87565,0.0793,-0.1152,172.20833,2016-01-28T00:00:00Z,SVP
127060,2015-07-02T22:00:00Z,-29.57234,-45.87308,0.0813,-0.1127,172.20833,2016-01-28T00:00:00Z,SVP
127060,2015-07-02T23:00:00Z,-29.57578,-45.87274,0.029,-0.1001,246.16667,2016-01-28T00:00:00Z,SVP
127060,2015-07-03T00:00:00Z,-29.57915,-45.86831,-0.1711,-0.1302,140.70834,2016-01-28T00:00:00Z,SVP
127060,2015-07-03T01:00:00Z,-29.58319,-45.87422,-0.0829,-0.1048,115.958336,2016-01-28T00:00:00Z,SVP
127060,2015-07-03T02:00:00Z,-29.58625,-45.87538,0.0151,-0.0699,337.5,2016-01-28T00:00:00Z,SVP
127060,2015-07-03T03:00:00Z,-29.58823,-45.87505,0.0174,-0.0702,337.5,2016-01-28T00:00:00Z,SVP
127060,2015-07-03T04:00:00Z,-29.59083,-45.87521,0.0387,-0.0798,253.20834,2016-01-28T00:00:00Z,SVP
127060,2015-07-03T05:00:00Z,-29.59325,-45.87175,0.046,-0.0818,253.20834,2016-01-28T00:00:00Z,SVP
127060,2015-07-03T06:00:00Z,-29.59688,-45.87151,-0.0102,-0.1255,379.66666,2016-01-28T00:00:00Z,SVP
127060,2015-07-03T07:00:00Z,-29.60122,-45.87273,-0.0102,-0.1269,379.66666,2016-01-28T00:00:00Z,SVP
127060,2015-07-03T08:00:00Z,-29.60588,-45.87448,-0.0625,-0.1671,126.58333,2016-01-28T00:00:00Z,SVP
127060,2015-07-03T09:00:00Z,-29.61158,-45.87738,-0.1285,-0.1814,249.58333,2016-01-28T00:00:00Z,SVP
127060,2015-07-03T10:00:00Z,-29.61795,-45.88352,-0.1258,-0.18,249.58333,2016-01-28T00:00:00Z,SVP
127060,2015-07-03T11:00:00Z,-29.62343,-45.88682,-0.028,-0.1532,225.0,2016-01-28T00:00:00Z,SVP
127060,2015-07-03T12:00:00Z,-29.62799,-45.88751,0.0633,-0.1928,115.958336,2016-01-28T00:00:00Z,SVP
300234062326760,2015-04-01T00:00:00Z,-39.52854,-44.08717,0.2746,0.1211,0.0,2015-06-02T00:00:00Z,SVPB
300234062326760,2015-04-01T01:00:00Z,-39.52309,-44.07459,0.3107,0.1825,3629.0,2015-06-02T00:00:00Z,SVPB
300234062326760,2015-04-01T02:00:00Z,-39.5163,-44.06128,0.3348,0.276,3629.0,2015-06-02T00:00:00Z,SVPB
300234062326760,2015-04-01T03:00:00Z,-39.50692,-44.04737,0.3288,0.3032,0.0,2015-06-02T00:00:00Z,SVPB
300234062326760,2015-04-01T04:00:00Z,-39.49622,-44.03373,0.321,0.3526,3629.0,2015-06-02T00:00:00Z,SVPB
300234062326760,2015-04-01T05:00:00Z,-39.48409,-44.02109,0.2862,0.4003,3629.0,2015-06-02T00:00:00Z,SVPB
300234062326760,2015-04-01T06:00:00Z,-39.47078,-44.00994,0.241,0.4232,0.0,2015-06-02T00:00:00Z,SVPB
300234062326760,2015-04-01T07:00:00Z,-39.45664,-44.00048,0.2111,0.4493,3629.0,2015-06-02T00:00:00Z,SVPB
300234062326760,2015-04-01T08:00:00Z,-39.44158,-43.99252,0.1697,0.4805,3629.0,2015-06-02T00:00:00Z,SVPB
300234062326760,2015-04-01T09:00:00Z,-39.4258,-43.98659,0.1143,0.4965,0.0,2015-06-02T00:00:00Z,SVPB
300234062326760,2015-04-01T10:00:00Z,-39.41036,-43.98418,0.0202,0.4668,3629.0,2015-06-02T00:00:00Z,SVPB
300234062326760,2015-04-01T11:00:00Z,-39.39685,-43.98451,-0.0475,0.368,3629.0,2015-06-02T00:00:00Z,SVPB
300234062326760,2015-04-01T12:00:00Z,-39.38754,-43.98583,-0.0235,0.2268,0.0,2015-06-02T00:00:00Z,SVPB
300234062326760,2015-04-01T13:00:00Z,-39.38201,-43.98566,0.0391,0.0951,3629.0,2015-06-02T00:00:00Z,SVPB
300234062326760,2015-04-01T14:00:00Z,-39.38075,-43.98192,0.1296,-0.0113,3629.0,2015-06-02T00:00:00Z,SVPB
300234062326760,2015-04-01T15:00:00Z,-39.38135,-43.97495,0.2219,-0.0392,0.0,2015-06-02T00:00:00Z,SVPB
300234062326760,2015-04-01T16:00:00Z,-39.38295,-43.96359,0.3099,-0.0521,3629.0,2015-06-02T00:00:00Z,SVPB
300234062326760,2015-04-01T17:00:00Z,-39.38466,-43.94847,0.4162,-0.0612,3629.0,2015-06-02T00:00:00Z,SVPB
300234062326760,2015-04-01T18:00:00Z,-39.38572,-43.9293,0.5021,-0.0061,0.0,2015-06-02T00:00:00Z,SVPB
300234062326760,2015-04-01T19:00:00Z,-39.38456,-43.90698,0.5644,0.0754,3629.0,2015-06-02T00:00:00Z,SVPB
300234062326760,2015-04-01T20:00:00Z,-39.38008,-43.88261,0.5995,0.191,3629.0,2015-06-02T00:00:00Z,SVPB
300234062326760,2015-04-01T21:00:00Z,-39.37251,-43.85772,0.5915,0.2931,0.0,2015-06-02T00:00:00Z,SVPB
300234062326760,2015-04-01T22:00:00Z,-39.36229,-43.83426,0.5345,0.3408,3629.0,2015-06-02T00:00:00Z,SVPB
300234062326760,2015-04-01T23:00:00Z,-39.35141,-43.81339,0.458,0.3347,3629.0,2015-06-02T00:00:00Z,SVPB
300234062326760,2015-04-02T00:00:00Z,-39.34145,-43.79574,0.3894,0.2856,0.0,2015-06-02T00:00:00Z,SVPB
300234062326760,2015-04-02T01:00:00Z,-39.33344,-43.78061,0.3304,0.2096,3629.0,2015-06-02T00:00:00Z,SVPB
300234062326760,2015-04-02T02:00:00Z,-39.32736,-43.76708,0.3118,0.1576,3629.0,2015-06-02T00:00:00Z,SVPB
300234062326760,2015-04-02T03:00:00Z,-39.32288,-43.75427,0.3024,0.1219,0.0,2015-06-02T00:00:00Z,SVPB
300234062326760,2015-04-02T04:00:00Z,-39.32039,-43.74299,0.2494,0.0467,3629.0,2015-06-02T00:00:00Z,SVPB
300234062326760,2015-04-02T05:00:00Z,-39.31972,-43.73303,0.2139,-0.0203,3629.0,2015-06-02T00:00:00Z,SVPB
300234062326760,2015-04-02T06:00:00Z,-39.32094,-43.72395,0.2207,-0.0553,0.0,2015-06-02T00:00:00Z,SVPB
300234062326760,2015-04-02T07:00:00Z,-39.32306,-43.71461,0.2254,-0.0774,3629.0,2015-06-02T00:00:00Z,SVPB
300234062326760,2015-04-02T08:00:00Z,-39.32555,-43.70537,0.218,-0.0775,3629.0,2015-06-02T00:00:00Z,SVPB
300234062326760,2015-04-02T09:00:00Z,-39.32817,-43.69669,0.1968,-0.0827,0.0,2015-06-02T00:00:00Z,SVPB
300234062326760,2015-04-02T10:00:00Z,-39.33128,-43.68856,0.1896,-0.1081,3629.0,2015-06-02T00:00:00Z,SVPB
300234062326760,2015-04-02T11:00:00Z,-39.33571,-43.68064,0.1899,-0.1608,3629.0,2015-06-02T00:00:00Z,SVPB
300234062326760,2015-04-02T12:00:00Z,-39.34152,-43.67186,0.2235,-0.2024,0.0,2015-06-02T00:00:00Z,SVPB
300234062326760,2015-04-02T13:00:00Z,-39.34814,-43.6616,0.2722,-0.2078,3629.0,2015-06-02T00:00:00Z,SVPB
300234062326760,2015-04-02T14:00:00Z,-39.3548,-43.64825,0.3469,-0.2044,3629.0,2015-06-02T00:00:00Z,SVPB
300234062326760,2015-04-02T15:00:00Z,-39.3608,-43.63319,0.3897,-0.1661,0.0,2015-06-02T00:00:00Z,SVPB
300234062326760,2015-04-02T16:00:00Z,-39.3655,-43.61742,0.3623,-0.1205,3629.0,2015-06-02T00:00:00Z,SVPB
300234062326760,2015-04-02T17:00:00Z,-39.36818,-43.60565,0.2554,-0.0687,3629.0,2015-06-02T00:00:00Z,SVPB
300234062326760,2015-04-02T18:00:00Z,-39.37011,-43.59701,0.0932,-0.0352,0.0,2015-06-02T00:00:00Z,SVPB
300234062326760,2015-04-02T19:00:00Z,-39.37141,-43.59445,0.0191,-0.0436,3629.0,2015-06-02T00:00:00Z,SVPB
300234062326760,2015-04-02T20:00:00Z,-39.3733,-43.59546,-0.0585,-0.0709,3629.0,2015-06-02T00:00:00Z,SVPB
300234062326760,2015-04-02T21:00:00Z,-39.37609,-43.60019,-0.1647,-0.1008,0.0,2015-06-02T00:00:00Z,SVPB
300234062326760,2015-04-02T22:00:00Z,-39.38063,-43.60882,-0.2492,-0.1716,3629.0,2015-06-02T00:00:00Z,SVPB
300234062326760,2015-04-02T23:00:00Z,-39.38764,-43.61956,-0.2702,-0.2714,3629.0,2015-06-02T00:00:00Z,SVPB
300234062326760,2015-04-03T00:00:00Z,-39.39772,-43.62996,-0.2313,-0.3502,0.0,2015-06-02T00:00:00Z,SVPB
300234062326760,2015-04-03T01:00:00Z,-39.40975,-43.63951,-0.2165,-0.4002,3629.0,2015-06-02T00:00:00Z,SVPB
300234062326760,2015-04-03T02:00:00Z,-39.42315,-43.64848,-0.2164,-0.4273,3629.0,2015-06-02T00:00:00Z,SVPB
300234062326760,2015-04-03T03:00:00Z,-39.43796,-43.65603,-0.1557,-0.4775,0.0,2015-06-02T00:00:00Z,SVPB
300234062326760,2015-04-03T04:00:00Z,-39.45388,-43.65971,-0.0332,-0.5109,3629.0,2015-06-02T00:00:00Z,SVPB
300234062326760,2015-04-03T05:00:00Z,-39.46987,-43.66033,0.026,-0.4721,3629.0,2015-06-02T00:00:00Z,SVPB
300234062326760,2015-04-03T06:00:00Z,-39.48452,-43.65829,0.0621,-0.4334,0.0,2015-06-02T00:00:00Z,SVPB
300234062326760,2015-04-03T07:00:00Z,-39.49795,-43.65294,0.1764,-0.4003,3629.0,2015-06-02T00:00:00Z,SVPB
300234062326760,2015-04-03T08:00:00Z,-39.50981,-43.64463,0.237,-0.3299,3629.0,2015-06-02T00:00:00Z,SVPB
300234062326760,2015-04-03T09:00:00Z,-39.51872,-43.63414,0.2575,-0.227,0.0,2015-06-02T00:00:00Z,SVPB
300234062326760,2015-04-03T10:00:00Z,-39.52458,-43.62351,0.2565,-0.129,3629.0,2015-06-02T00:00:00Z,SVPB
300234062326760,2015-04-03T11:00:00Z,-39.52722,-43.61484,0.1701,-0.0421,3629.0,2015-06-02T00:00:00Z,SVPB
300234062326760,2015-04-03T12:00:00Z,-39.52825,-43.6089,0.0931,-0.0094,0.0,2015-06-02T00:00:00Z,SVPB
300234062326760,2015-04-03T13:00:00Z,-39.52884,-43.60661,0.0255,-0.0245,3629.0,2015-06-02T00:00:00Z,SVPB
300234062326760,2015-04-03T14:00:00Z,-39.53004,-43.60739,-0.0664,-0.0503,3629.0,2015-06-02T00:00:00Z,SVPB
300234062326760,2015-04-03T15:00:00Z,-39.53213,-43.61108,-0.1164,-0.0801,0.0,2015-06-02T00:00:00Z,SVPB
300234062326760,2015-04-03T16:00:00Z,-39.53527,-43.61653,-0.1425,-0.1137,3629.0,2015-06-02T00:00:00Z,SVPB
300234062326760,2015-04-03T17:00:00Z,-39.53958,-43.62417,-0.2097,-0.149,3629.0,2015-06-02T00:00:00Z,SVPB
300234062326760,2015-04-03T18:00:00Z,-39.54522,-43.63349,-0.2463,-0.2013,0.0,2015-06-02T00:00:00Z,SVPB
300234062326760,2015-04-03T19:00:00Z,-39.55349,-43.64289,-0.2081,-0.294,3629.0,2015-06-02T00:00:00Z,SVPB
300234062326760,2015-04-03T20:00:00Z,-39.56431,-43.65109,-0.1759,-0.3895,3629.0,2015-06-02T00:00:00Z,SVPB
300234062326760,2015-04-03T21:00:00Z,-39.57773,-43.65735,-0.1287,-0.44,0.0,2015-06-02T00:00:00Z,SVPB
300234062326760,2015-04-03T22:00:00Z,-39.59233,-43.66003,-0.0159,-0.4619,3629.0,2015-06-02T00:00:00Z,SVPB
300234062326760,2015-04-03T23:00:00Z,-39.60697,-43.65963,0.0558,-0.4418,3629.0,2015-06-02T00:00:00Z,SVPB
300234062326760,2015-04-04T00:00:00Z,-39.621,-43.6562,0.1008,-0.4229,0.0,2015-06-02T00:00:00Z,SVPB
300234062326760,2015-04-04T01:00:00Z,-39.63422,-43.65051,0.1711,-0.3974,3629.0,2015-06-02T00:00:00Z,SVPB
300234062326760,2015-04-04T02:00:00Z,-39.64576,-43.64266,0.2052,-0.3212,3629.0,2015-06-02T00:00:00Z,SVPB
300234062326760,2015-04-04T03:00:00Z,-39.65527,-43.63381,0.216,-0.2569,0.0,2015-06-02T00:00:00Z,SVPB
300234062326760,2015-04-04T04:00:00Z,-39.6615,-43.62489,0.2125,-0.1625,3629.0,2015-06-02T00:00:00Z,SVPB
300234062326760,2015-04-04T05:00:00Z,-39.66547,-43.61654,0.1767,-0.0494,3629.0,2015-06-02T00:00:00Z,SVPB
300234062326760,2015-04-04T06:00:00Z,-39.66644,-43.61076,0.1088,-0.0106,0.0,2015-06-02T00:00:00Z,SVPB
300234062326760,2015-04-04T07:00:00Z,-39.66606,-43.61005,-0.0384,0.0242,3629.0,2015-06-02T00:00:00Z,SVPB
300234062326760,2015-04-04T08:00:00Z,-39.66538,-43.6143,-0.1942,0.0249,3629.0,2015-06-02T00:00:00Z,SVPB
300234062326760,2015-04-04T09:00:00Z,-39.66583,-43.62392,-0.2724,-0.0516,0.0,2015-06-02T00:00:00Z,SVPB
300234062326760,2015-04-04T10:00:00Z,-39.66892,-43.63607,-0.3078,-0.1458,3629.0,2015-06-02T00:00:00Z,SVPB
300234062326760,2015-04-04T11:00:00Z,-39.67517,-43.64954,-0.3331,-0.2369,3629.0,2015-06-02T00:00:00Z,SVPB
300234062326760,2015-04-04T12:00:00Z,-39.68446,-43.66256,-0.2969,-0.3314,0.0,2015-06-02T00:00:00Z,SVPB
300234062326760,2015-04-04T13:00:00Z,-39.69645,-43.67388,-0.2311,-0.4169,3629.0,2015-06-02T00:00:00Z,SVPB
300234062326760,2015-04-04T14:00:00Z,-39.71036,-43.68216,-0.1664,-0.4495,3629.0,2015-06-02T00:00:00Z,SVPB
300234062326760,2015-04-04T15:00:00Z,-39.72474,-43.68737,-0.0794,-0.4384,0.0,2015-06-02T00:00:00Z,SVPB
300234062326760,2015-04-04T16:00:00Z,-39.73931,-43.68833,0.0226,-0.4563,3629.0,2015-06-02T00:00:00Z,SVPB
300234062326760,2015-04-04T17:00:00Z,-39.75417,-43.68653,0.0788,-0.4675,3629.0,2015-06-02T00:00:00Z,SVPB
300234062326760,2015-04-04T18:00:00Z,-39.76873,-43.68255,0.1056,-0.4353,0.0,2015-06-02T00:00:00Z,SVPB
300234062326760,2015-04-04T19:00:00Z,-39.78227,-43.67776,0.1265,-0.3984,3629.0,2015-06-02T00:00:00Z,SVPB
300234062326760,2015-04-04T20:00:00Z,-39.79411,-43.67419,0.0638,-0.347,3629.0,2015-06-02T00:00:00Z,SVPB
300234062326760,2015-04-04T21:00:00Z,-39.805,-43.67231,0.0042,-0.3126,0.0,2015-06-02T00:00:00Z,SVPB
300234062326760,2015-04-04T22:00:00Z,-39.81496,-43.67255,-0.0137,-0.3041,3629.0,2015-06-02T00:00:00Z,SVPB
300234062326760,2015-04-04T23:00:00Z,-39.82461,-43.67431,-0.0646,-0.2915,3629.0,2015-06-02T00:00:00Z,SVPB
300234062326760,2015-04-05T00:00:00Z,-39.83411,-43.67745,-0.092,-0.2942,0.0,2015-06-02T00:00:00Z,SVPB
300234062326760,2015-04-05T01:00:00Z,-39.84344,-43.68202,-0.1175,-0.2858,3629.0,2015-06-02T00:00:00Z,SVPB
300234062326760,2015-04-05T02:00:00Z,-39.85265,-43.68874,-0.1982,-0.2795,3629.0,2015-06-02T00:00:00Z,SVPB
300234062326760,2015-04-05T03:00:00Z,-39.86235,-43.6977,-0.2354,-0.3189,0.0,2015-06-02T00:00:00Z,SVPB
300234062326760,2015-04-05T04:00:00Z,-39.87331,-43.70848,-0.2683,-0.3593,3629.0,2015-06-02T00:00:00Z,SVPB
300234062326760,2015-04-05T05:00:00Z,-39.88571,-43.72018,-0.2943,-0.4041,3629.0,2015-06-02T00:00:00Z,SVPB
300234062326760,2015-04-05T06:00:00Z,-39.89948,-43.732,-0.2656,-0.4508,0.0,2015-06-02T00:00:00Z,SVPB
300234062326760,2015-04-05T07:00:00Z,-39.91427,-43.74253,-0.2335,-0.465,3629.0,2015-06-02T00:00:00Z,SVPB
300234062326760,2015-04-05T08:00:00Z,-39.92904,-43.75185,-0.2068,-0.4495,3629.0,2015-06-02T00:00:00Z,SVPB
300234062326760,2015-04-05T09:00:00Z,-39.94323,-43.76058,-0.2043,-0.4262,0.0,2015-06-02T00:00:00Z,SVPB
300234062326760,2015-04-05T10:00:00Z,-39.9564,-43.7698,-0.2299,-0.3912,3629.0,2015-06-02T00:00:00Z,SVPB
300234062326760,2015-04-05T11:00:00Z,-39.96815,-43.7797,-0.2425,-0.3347,3629.0,2015-06-02T00:00:00Z,SVPB
300234062326760,2015-04-05T12:00:00Z,-39.97819,-43.79055,-0.2657,-0.285,0.0,2015-06-02T00:00:00Z,SVPB
300234062326760,2015-04-05T13:00:00Z,-39.98691,-43.80177,-0.2733,-0.2515,3629.0,2015-06-02T00:00:00Z,SVPB
300234062326760,2015-04-05T14:00:00Z,-39.99409,-43.81287,-0.2493,-0.198,3629.0,2015-06-02T00:00:00Z,SVPB
300234062326760,2015-04-05T15:00:00Z,-39.99956,-43.82324,-0.2418,-0.1349,0.0,2015-06-02T00:00:00Z,SVPB
300234062326760,2015-04-05T16:00:00Z,-40.00311,-43.83255,-0.2044,-0.087,3629.0,2015-06-02T00:00:00Z,SVPB
300234062326760,2015-04-05T17:00:00Z,-40.00555,-43.84095,-0.1855,-0.059,3629.0,2015-06-02T00:00:00Z,SVPB
300234062326760,2015-04-05T18:00:00Z,-40.0078,-43.84895,-0.1949,-0.0766,0.0,2015-06-02T00:00:00Z,SVPB
300234062326760,2015-04-05T19:00:00Z,-40.01071,-43.85754,-0.2089,-0.1051,3629.0,2015-06-02T00:00:00Z,SVPB
300234062326760,2015-04-05T20:00:00Z,-40.0145,-43.86609,-0.2016,-0.1273,3629.0,2015-06-02T00:00:00Z,SVPB
300234062326760,2015-04-05T21:00:00Z,-40.01908,-43.87403,-0.1711,-0.1565,0.0,2015-06-02T00:00:00Z,SVPB
300234062326760,2015-04-05T22:00:00Z,-40.02422,-43.88119,-0.166,-0.1643,3629.0,2015-06-02T00:00:00Z,SVPB
300234062326760,2015-04-05T23:00:00Z,-40.02981,-43.8882,-0.1661,-0.1768,3629.0,2015-06-02T00:00:00Z,SVPB
300234062326760,2015-04-06T00:00:00Z,-40.03591,-43.89475,-0.146,-0.2022,0.0,2015-06-02T00:00:00Z,SVPB
300234062326760,2015-04-06T01:00:00Z,-40.04195,-43.90089,-0.14,-0.1775,3629.0,2015-06-02T00:00:00Z,SVPB
300234062326760,2015-04-06T02:00:00Z,-40.0475,-43.90796,-0.1906,-0.1585,3629.0,2015-06-02T00:00:00Z,SVPB
300234062326760,2015-04-06T03:00:00Z,-40.05307,-43.91686,-0.2364,-0.1866,0.0,2015-06-02T00:00:00Z,SVPB
300234062326760,2015-04-06T04:00:00Z,-40.05997,-43.92619,-0.2137,-0.2331,3629.0,2015-06-02T00:00:00Z,SVPB
300234062326760,2015-04-06T05:00:00Z,-40.06844,-43.9329,-0.1123,-0.2886,3629.0,2015-06-02T00:00:00Z,SVPB
300234062326760,2015-04-06T06:00:00Z,-40.07748,-43.93637,-0.0368,-0.275,0.0,2015-06-02T00:00:00Z,SVPB
300234062326760,2015-04-06T07:00:00Z,-40.08419,-43.93796,-0.0336,-0.1704,3629.0,2015-06-02T00:00:00Z,SVPB
300234062326760,2015-04-06T08:00:00Z,-40.08891,-43.93986,-0.0654,-0.0923,3629.0,2015-06-02T00:00:00Z,SVPB
300234062326760,2015-04-06T09:00:00Z,-40.09144,-43.9442,-0.1265,-0.0682,0.0,2015-06-02T00:00:00Z,SVPB
300234062326760,2015-04-06T10:00:00Z,-40.09345,-43.95183,-0.2362,-0.053,3629.0,2015-06-02T00:00:00Z,SVPB
300234062326760,2015-04-06T11:00:00Z,-40.09578,-43.96272,-0.2897,-0.0893,3629.0,2015-06-02T00:00:00Z,SVPB
300234062326760,2015-04-06T12:00:00Z,-40.10044,-43.97565,-0.3146,-0.1812,0.0,2015-06-02T00:00:00Z,SVPB
300234062326760,2015-04-06T13:00:00Z,-40.10699,-43.98975,-0.3592,-0.2413,3629.0,2015-06-02T00:00:00Z,SVPB
300234062326760,2015-04-06T14:00:00Z,-40.11556,-44.00366,-0.3196,-0.2759,3629.0,2015-06-02T00:00:00Z,SVPB
300234062326760,2015-04-06T15:00:00Z,-40.12465,-44.01569,-0.2214,-0.2963,0.0,2015-06-02T00:00:00Z,SVPB
300234062326760,2015-04-06T16:00:00Z,-40.13436,-44.02366,-0.1576,-0.3005,3629.0,2015-06-02T00:00:00Z,SVPB
300234062326760,2015-04-06T17:00:00Z,-40.14392,-44.02867,-0.0805,-0.2944,3629.0,2015-06-02T00:00:00Z,SVPB
300234062326760,2015-04-06T18:00:00Z,-40.15279,-44.03046,-0.0036,-0.2538,0.0,2015-06-02T00:00:00Z,SVPB
300234062326760,2015-04-06T19:00:00Z,-40.16056,-44.02994,0.0352,-0.2232,3629.0,2015-06-02T00:00:00Z,SVPB
300234062326760,2015-04-06T20:00:00Z,-40.16784,-44.02876,0.0233,-0.2233,3629.0,2015-06-02T00:00:00Z,SVPB
300234062326760,2015-04-06T21:00:00Z,-40.1752,-44.02845,-0.0085,-0.233,0.0,2015-06-02T00:00:00Z,SVPB
300234062326760,2015-04-06T22:00:00Z,-40.1828,-44.03045,-0.075,-0.2356,3629.0,2015-06-02T00:00:00Z,SVPB
300234062326760,2015-04-06T23:00:00Z,-40.19069,-44.03402,-0.1059,-0.2519,3629.0,2015-06-02T00:00:00Z,SVPB
300234062326760,2015-04-07T00:00:00Z,-40.19917,-44.03848,-0.1007,-0.2727,0.0,2015-06-02T00:00:00Z,SVPB
300234062326760,2015-04-07T01:00:00Z,-40.20854,-44.04271,-0.1019,-0.3037,3629.0,2015-06-02T00:00:00Z,SVPB
300234062326760,2015-04-07T02:00:00Z,-40.21861,-44.04704,-0.0995,-0.3224,3629.0,2015-06-02T00:00:00Z,SVPB
300234062326760,2015-04-07T03:00:00Z,-40.22894,-44.05134,-0.105,-0.3157,0.0,2015-06-02T00:00:00Z,SVPB
300234062326760,2015-04-07T04:00:00Z,-40.23936,-44.05579,-0.1044,-0.3254,3629.0,2015-06-02T00:00:00Z,SVPB
300234062326760,2015-04-07T05:00:00Z,-40.25024,-44.05979,-0.0875,-0.3473,3629.0,2015-06-02T00:00:00Z,SVPB
300234062326760,2015-04-07T06:00:00Z,-40.2616,-44.06281,-0.0538,-0.3555,0.0,2015-06-02T00:00:00Z,SVPB
300234062326760,2015-04-07T07:00:00Z,-40.27254,-44.06521,-0.0543,-0.3262,3629.0,2015-06-02T00:00:00Z,SVPB
300234062326760,2015-04-07T08:00:00Z,-40.28211,-44.06753,-0.0599,-0.2643,3629.0,2015-06-02T00:00:00Z,SVPB
300234062326760,2015-04-07T09:00:00Z,-40.2893,-44.07063,-0.0782,-0.1884,0.0,2015-06-02T00:00:00Z,SVPB
300234062326760,2015-04-07T10:00:00Z,-40.29443,-44.07579,-0.1631,-0.1235,3629.0,2015-06-02T00:00:00Z,SVPB
300234062326760,2015-04-07T11:00:00Z,-40.29826,-44.08358,-0.2159,-0.1086,3629.0,2015-06-02T00:00:00Z,SVPB
300234062326760,2015-04-07T12:00:00Z,-40.30186,-44.09368,-0.2544,-0.1134,0.0,2015-06-02T00:00:00Z,SVPB
300234062326760,2015-04-07T13:00:00Z,-40.30597,-44.10508,-0.2881,-0.1383,3629.0,2015-06-02T00:00:00Z,SVPB
300234062326760,2015-04-07T14:00:00Z,-40.312,-44.11719,-0.2836,-0.2197,3629.0,2015-06-02T00:00:00Z,SVPB
300234062326760,2015-04-07T15:00:00Z,-40.31991,-44.12825,-0.2383,-0.2824,0.0,2015-06-02T00:00:00Z,SVPB
300234062326760,2015-04-07T16:00:00Z,-40.32936,-44.13744,-0.1891,-0.3009,3629.0,2015-06-02T00:00:00Z,SVPB
300234062326760,2015-04-07T17:00:00Z,-40.33915,-44.14561,-0.1916,-0.307,3629.0,2015-06-02T00:00:00Z,SVPB
300234062326760,2015-04-07T18:00:00Z,-40.34915,-44.154,-0.2056,-0.3087,0.0,2015-06-02T00:00:00Z,SVPB
300234062326760,2015-04-07T19:00:00Z,-40.35953,-44.16097,-0.1444,-0.3283,3629.0,2015-06-02T00:00:00Z,SVPB
300234062326760,2015-04-07T20:00:00Z,-40.36988,-44.16501,-0.0293,-0.3142,3629.0,2015-06-02T00:00:00Z,SVPB
300234062326760,2015-04-07T21:00:00Z,-40.37918,-44.16515,0.0286,-0.2596,0.0,2015-06-02T00:00:00Z,SVPB
300234062326760,2015-04-07T22:00:00Z,-40.38674,-44.16321,0.0633,-0.2054,3629.0,2015-06-02T00:00:00Z,SVPB
300234062326760,2015-04-07T23:00:00Z,-40.39217,-44.16038,0.0731,-0.1368,3629.0,2015-06-02T00:00:00Z,SVPB
300234062326760,2015-04-08T00:00:00Z,-40.39524,-44.15793,0.0436,-0.051,0.0,2015-06-02T00:00:00Z,SVPB
300234062326760,2015-04-08T01:00:00Z,-40.39629,-44.15691,0.0022,-0.007,3629.0,2015-06-02T00:00:00Z,SVPB
300234062326760,2015-04-08T02:00:00Z,-40.39647,-44.15937,-0.092,-0.0034,3629.0,2015-06-02T00:00:00Z,SVPB
300234062326760,2015-04-08T03:00:00Z,-40.39756,-44.16508,-0.1938,-0.063,0.0,2015-06-02T00:00:00Z,SVPB
300234062326760,2015-04-08T04:00:00Z,-40.40047,-44.17432,-0.2458,-0.1269,3629.0,2015-06-02T00:00:00Z,SVPB
300234062326760,2015-04-08T05:00:00Z,-40.40586,-44.18527,-0.2716,-0.1962,3629.0,2015-06-02T00:00:00Z,SVPB
300234062326760,2015-04-08T06:00:00Z,-40.41307,-44.1966,-0.2611,-0.2609,0.0,2015-06-02T00:00:00Z,SVPB
300234062326760,2015-04-08T07:00:00Z,-40.42233,-44.20707,-0.2342,-0.3063,3629.0,2015-06-02T00:00:00Z,SVPB
300234062326760,2015-04-08T08:00:00Z,-40.43284,-44.21593,-0.1838,-0.3473,3629.0,2015-06-02T00:00:00Z,SVPB
300234062326760,2015-04-08T09:00:00Z,-40.44432,-44.22215,-0.1117,-0.3617,0.0,2015-06-02T00:00:00Z,SVPB
300234062326760,2015-04-08T10:00:00Z,-40.45596,-44.22546,-0.0403,-0.3597,3629.0,2015-06-02T00:00:00Z,SVPB
300234062326760,2015-04-08T11:00:00Z,-40.46723,-44.22566,0.0283,-0.3378,3629.0,2015-06-02T00:00:00Z,SVPB
300234062326760,2015-04-08T12:00:00Z,-40.47754,-44.22317,0.0914,-0.2997,0.0,2015-06-02T00:00:00Z,SVPB
300234062326760,2015-04-08T13:00:00Z,-40.48693,-44.21876,0.1201,-0.2761,3629.0,2015-06-02T00:00:00Z,SVPB
300234062326760,2015-04-08T14:00:00Z,-40.49464,-44.21366,0.1204,-0.2173,3629.0,2015-06-02T00:00:00Z,SVPB
300234062326760,2015-04-08T15:00:00Z,-40.50046,-44.20898,0.0987,-0.1266,0.0,2015-06-02T00:00:00Z,SVPB
300234062326760,2015-04-08T16:00:00Z,-40.50388,-44.20507,0.0826,-0.082,3629.0,2015-06-02T00:00:00Z,SVPB
300234062326760,2015-04-08T17:00:00Z,-40.50597,-44.20315,0.0245,-0.0511,3629.0,2015-06-02T00:00:00Z,SVPB
300234062326760,2015-04-08T18:00:00Z,-40.50811,-44.20515,-0.1085,-0.0724,0.0,2015-06-02T00:00:00Z,SVPB
300234062326760,2015-04-08T19:00:00Z,-40.511,-44.2108,-0.18,-0.1191,3629.0,2015-06-02T00:00:00Z,SVPB
300234062326760,2015-04-08T20:00:00Z,-40.51542,-44.21902,-0.2051,-0.1522,3629.0,2015-06-02T00:00:00Z,SVPB
300234062326760,2015-04-08T21:00:00Z,-40.52094,-44.22806,-0.2215,-0.1899,0.0,2015-06-02T00:00:00Z,SVPB
300234062326760,2015-04-08T22:00:00Z,-40.52781,-44.23706,-0.2051,-0.2322,3629.0,2015-06-02T00:00:00Z,SVPB
300234062326760,2015-04-08T23:00:00Z,-40.53601,-44.24518,-0.1741,-0.2764,3629.0,2015-06-02T00:00:00Z,SVPB
300234062326760,2015-04-09T00:00:00Z,-40.5452,-44.25229,-0.1585,-0.2942,0.0,2015-06-02T00:00:00Z,SVPB
300234062326760,2015-04-09T01:00:00Z,-40.55445,-44.25877,-0.1463,-0.2798,3629.0,2015-06-02T00:00:00Z,SVPB
300234062326760,2015-04-09T02:00:00Z,-40.56406,-44.26432,-0.1177,-0.3039,3629.0,2015-06-02T00:00:00Z,SVPB
300234062326760,2015-04-09T03:00:00Z,-40.57413,-44.26857,-0.0789,-0.3276,0.0,2015-06-02T00:00:00Z,SVPB
300234062326760,2015-04-09T04:00:00Z,-40.5843,-44.27078,-0.0287,-0.301,3629.0,2015-06-02T00:00:00Z,SVPB
300234062326760,2015-04-09T05:00:00Z,-40.59334,-44.2718,-0.0119,-0.2597,3629.0,2015-06-02T00:00:00Z,SVPB
300234062326760,2015-04-09T06:00:00Z,-40.60129,-44.27253,-0.0256,-0.2269,0.0,2015-06-02T00:00:00Z,SVPB
300234062326760,2015-04-09T07:00:00Z,-40.60823,-44.27443,-0.0564,-0.2049,3629.0,2015-06-02T00:00:00Z,SVPB
300234062326760,2015-04-09T08:00:00Z,-40.61456,-44.2779,-0.1107,-0.1832,3629.0,2015-06-02T00:00:00Z,SVPB
300234062326760,2015-04-09T09:00:00Z,-40.62087,-44.284,-0.1687,-0.2017,0.0,2015-06-02T00:00:00Z,SVPB
300234062326760,2015-04-09T10:00:00Z,-40.62854,-44.29199,-0.2116,-0.2698,3629.0,2015-06-02T00:00:00Z,SVPB
300234062326760,2015-04-09T11:00:00Z,-40.63816,-44.30013,-0.1756,-0.3291,3629.0,2015-06-02T00:00:00Z,SVPB
300234062326760,2015-04-09T12:00:00Z,-40.64883,-44.30738,-0.156,-0.334,0.0,2015-06-02T00:00:00Z,SVPB
300234062326760,2015-04-09T13:00:00Z,-40.65936,-44.31502,-0.1988,-0.3167,3629.0,2015-06-02T00:00:00Z,SVPB
300234062326760,2015-04-09T14:00:00Z,-40.67025,-44.32364,-0.2114,-0.3477,3629.0,2015-06-02T00:00:00Z,SVPB
300234062326760,2015-04-09T15:00:00Z,-40.68183,-44.33196,-0.1762,-0.3768,0.0,2015-06-02T00:00:00Z,SVPB
300234062326760,2015-04-09T16:00:00Z,-40.69433,-44.33924,-0.1622,-0.3904,3629.0,2015-06-02T00:00:00Z,SVPB
300234062326760,2015-04-09T17:00:00Z,-40.7068,-44.34585,-0.1502,-0.3875,3629.0,2015-06-02T00:00:00Z,SVPB
300234062326760,2015-04-09T18:00:00Z,-40.71848,-44.35159,-0.1183,-0.3339,0.0,2015-06-02T00:00:00Z,SVPB
300234062326760,2015-04-09T19:00:00Z,-40.7291,-44.35587,-0.0824,-0.3166,3629.0,2015-06-02T00:00:00Z,SVPB
300234062326760,2015-04-09T20:00:00Z,-40.73947,-44.35894,-0.0589,-0.3254,3629.0,2015-06-02T00:00:00Z,SVPB
300234062326760,2015-04-09T21:00:00Z,-40.74966,-44.36169,-0.0672,-0.3067,0.0,2015-06-02T00:00:00Z,SVPB
300234062326760,2015-04-09T22:00:00Z,-40.75904,-44.36526,-0.0987,-0.2732,3629.0,2015-06-02T00:00:00Z,SVPB
300234062326760,2015-04-09T23:00:00Z,-40.76813,-44.36987,-0.1197,-0.2826,3629.0,2015-06-02T00:00:00Z,SVPB
300234062326760,2015-04-10T00:00:00Z,-40.77777,-44.37489,-0.1158,-0.3156,0.0,2015-06-02T00:00:00Z,SVPB
300234062326760,2015-04-10T01:00:00Z,-40.78868,-44.37968,-0.1084,-0.3542,3629.0,2015-06-02T00:00:00Z,SVPB
300234062326760,2015-04-10T02:00:00Z,-40.79997,-44.38301,-0.059,-0.3533,3629.0,2015-06-02T00:00:00Z,SVPB
300234062326760,2015-04-10T03:00:00Z,-40.81051,-44.38545,-0.0428,-0.2898,0.0,2015-06-02T00:00:00Z,SVPB
300234062326760,2015-04-10T04:00:00Z,-40.81976,-44.38855,-0.1012,-0.2763,3629.0,2015-06-02T00:00:00Z,SVPB
300234062326760,2015-04-10T05:00:00Z,-40.8291,-44.39363,-0.1411,-0.3012,3629.0,2015-06-02T00:00:00Z,SVPB
300234062326760,2015-04-10T06:00:00Z,-40.83932,-44.39959,-0.1397,-0.3298,0.0,2015-06-02T00:00:00Z,SVPB
300234062326760,2015-04-10T07:00:00Z,-40.85123,-44.4045,-0.0986,-0.3935,3629.0,2015-06-02T00:00:00Z,SVPB
300234062326760,2015-04-10T08:00:00Z,-40.86459,-44.40798,-0.0555,-0.4439,3629.0,2015-06-02T00:00:00Z,SVPB
300234062326760,2015-04-10T09:00:00Z,-40.87953,-44.40985,-0.0325,-0.4751,0.0,2015-06-02T00:00:00Z,SVPB
300234062326760,2015-04-10T10:00:00Z,-40.89544,-44.41122,-0.0281,-0.5112,3629.0,2015-06-02T00:00:00Z,SVPB
300234062326760,2015-04-10T11:00:00Z,-40.91254,-44.41166,-9.0E-4,-0.5419,3629.0,2015-06-02T00:00:00Z,SVPB
300234062326760,2015-04-10T12:00:00Z,-40.93028,-44.40977,0.0862,-0.5577,0.0,2015-06-02T00:00:00Z,SVPB
300234062326760,2015-04-10T13:00:00Z,-40.94832,-44.40448,0.1667,-0.5549,3629.0,2015-06-02T00:00:00Z,SVPB
300234062326760,2015-04-10T14:00:00Z,-40.96527,-44.39555,0.2401,-0.5069,3629.0,2015-06-02T00:00:00Z,SVPB
300234062326760,2015-04-10T15:00:00Z,-40.98008,-44.3839,0.3076,-0.4025,0.0,2015-06-02T00:00:00Z,SVPB
300234062326760,2015-04-10T16:00:00Z,-40.99042,-44.3702,0.3324,-0.2657,3629.0,2015-06-02T00:00:00Z,SVPB
300234062326760,2015-04-10T17:00:00Z,-40.99713,-44.35712,0.2744,-0.1254,3629.0,2015-06-02T00:00:00Z,SVPB
300234062326760,2015-04-10T18:00:00Z,-41.00014,-44.34827,0.1536,-0.0606,0.0,2015-06-02T00:00:00Z,SVPB
300234062326760,2015-04-10T19:00:00Z,-41.00232,-44.34323,0.0532,-0.0721,3629.0,2015-06-02T00:00:00Z,SVPB
300234062326760,2015-04-10T20:00:00Z,-41.00539,-44.34341,-0.0413,-0.1116,3629.0,2015-06-02T00:00:00Z,SVPB
300234062326760,2015-04-10T21:00:00Z,-41.00986,-44.34713,-0.1477,-0.1677,0.0,2015-06-02T00:00:00Z,SVPB
300234062326760,2015-04-10T22:00:00Z,-41.01661,-44.35448,-0.1988,-0.2487,3629.0,2015-06-02T00:00:00Z,SVPB
300234062326760,2015-04-10T23:00:00Z,-41.02355,-44.36136,-0.1446,-0.1936,3629.0,2015-06-02T00:00:00Z,SVPB
300234062326760,2015-04-11T00:00:00Z,-41.03166,-44.37024,-0.1787,-0.2251,0.0,2015-06-02T00:00:00Z,SVPB
300234062326760,2015-04-11T01:00:00Z,-41.04811,-44.3662,-0.1627,-0.2232,28771.0,2015-06-02T00:00:00Z,SVPB
300234062326760,2015-04-11T02:00:00Z,-41.06456,-44.36215,-0.1467,-0.2213,28771.0,2015-06-02T00:00:00Z,SVPB
300234062326760,2015-04-11T03:00:00Z,-41.08101,-44.3581,-0.1307,-0.2193,28771.0,2015-06-02T00:00:00Z,SVPB
300234062326760,2015-04-11T04:00:00Z,-41.09746,-44.35405,-0.1146,-0.2174,28771.0,2015-06-02T00:00:00Z,SVPB
300234062326760,2015-04-11T05:00:00Z,-41.11391,-44.35,-0.0986,-0.2155,28771.0,2015-06-02T00:00:00Z,SVPB
300234062326760,2015-04-11T06:00:00Z,-41.13036,-44.34595,-0.0826,-0.2136,28771.0,2015-06-02T00:00:00Z,SVPB
300234062326760,2015-04-11T07:00:00Z,-41.14681,-44.3419,-0.0666,-0.2117,28771.0,2015-06-02T00:00:00Z,SVPB
300234062326760,2015-04-11T08:00:00Z,-41.16318,-44.33789,-0.0509,-0.2099,3629.0,2015-06-02T00:00:00Z,SVPB
300234062326760,2015-04-11T09:00:00Z,-41.16953,-44.33919,-0.0741,-0.2245,0.0,2015-06-02T00:00:00Z,SVPB
300234062326760,2015-04-11T10:00:00Z,-41.1767,-44.3417,-0.0312,-0.2017,3629.0,2015-06-02T00:00:00Z,SVPB
300234062326760,2015-04-11T11:00:00Z,-41.18352,-44.34449,-0.1027,-0.2143,3629.0,2015-06-02T00:00:00Z,SVPB
300234062326760,2015-04-11T12:00:00Z,-41.19155,-44.34993,-0.1499,-0.2781,0.0,2015-06-02T00:00:00Z,SVPB
300234062326760,2015-04-11T13:00:00Z,-41.2026,-44.356,-0.1417,-0.385,3629.0,2015-06-02T00:00:00Z,SVPB
300234062326760,2015-04-11T14:00:00Z,-41.21527,-44.36139,-0.0966,-0.4159,3629.0,2015-06-02T00:00:00Z,SVPB
300234062326760,2015-04-11T15:00:00Z,-41.2288,-44.36494,-0.0692,-0.4139,0.0,2015-06-02T00:00:00Z,SVPB
300234062326760,2015-04-11T16:00:00Z,-41.2427,-44.36715,-0.0333,-0.446,3629.0,2015-06-02T00:00:00Z,SVPB
300234062326760,2015-04-11T17:00:00Z,-41.2566,-44.36771,0.0053,-0.4213,3629.0,2015-06-02T00:00:00Z,SVPB
300234062326760,2015-04-11T18:00:00Z,-41.26985,-44.36692,0.0347,-0.3893,0.0,2015-06-02T00:00:00Z,SVPB
300234062326760,2015-04-11T19:00:00Z,-41.28213,-44.36548,0.0352,-0.3729,3629.0,2015-06-02T00:00:00Z,SVPB
300234062326760,2015-04-11T20:00:00Z,-41.29307,-44.36444,0.014,-0.3093,3629.0,2015-06-02T00:00:00Z,SVPB
300234062326760,2015-04-11T21:00:00Z,-41.30191,-44.36548,-0.051,-0.2389,0.0,2015-06-02T00:00:00Z,SVPB
300234062326760,2015-04-11T22:00:00Z,-41.30999,-44.36893,-0.1211,-0.253,3629.0,2015-06-02T00:00:00Z,SVPB
300234062326760,2015-04-11T23:00:00Z,-41.31937,-44.37469,-0.1469,-0.3265,3629.0,2015-06-02T00:00:00Z,SVPB
300234062326760,2015-04-12T00:00:00Z,-41.33023,-44.38087,-0.1428,-0.3524,0.0,2015-06-02T00:00:00Z,SVPB
300234062326760,2015-04-12T01:00:00Z,-41.34171,-44.38603,-0.1004,-0.3535,3629.0,2015-06-02T00:00:00Z,SVPB
300234062326760,2015-04-12T02:00:00Z,-41.35332,-44.38946,-0.0555,-0.3658,3629.0,2015-06-02T00:00:00Z,SVPB
300234062326760,2015-04-12T03:00:00Z,-41.36502,-44.39073,-0.0073,-0.3587,0.0,2015-06-02T00:00:00Z,SVPB
300234062326760,2015-04-12T04:00:00Z,-41.37601,-44.3904,0.0278,-0.3223,3629.0,2015-06-02T00:00:00Z,SVPB
300234062326760,2015-04-12T05:00:00Z,-41.38572,-44.38914,0.0306,-0.2756,3629.0,2015-06-02T00:00:00Z,SVPB
300234062326760,2015-04-12T06:00:00Z,-41.39423,-44.3878,0.0319,-0.2482,0.0,2015-06-02T00:00:00Z,SVPB
300234062326760,2015-04-12T07:00:00Z,-41.40184,-44.38629,0.0369,-0.2234,3629.0,2015-06-02T00:00:00Z,SVPB
300234062326760,2015-04-12T08:00:00Z,-41.40858,-44.3845,0.0465,-0.1924,3629.0,2015-06-02T00:00:00Z,SVPB
300234062326760,2015-04-12T09:00:00Z,-41.41395,-44.38311,0.0238,-0.1449,0.0,2015-06-02T00:00:00Z,SVPB
300234062326760,2015-04-12T10:00:00Z,-41.41813,-44.38359,-0.045,-0.1088,3629.0,2015-06-02T00:00:00Z,SVPB
300234062326760,2015-04-12T11:00:00Z,-41.42195,-44.38649,-0.0959,-0.1246,3629.0,2015-06-02T00:00:00Z,SVPB
300234062326760,2015-04-12T12:00:00Z,-41.42631,-44.39108,-0.1168,-0.1469,0.0,2015-06-02T00:00:00Z,SVPB
300234062326760,2015-04-12T13:00:00Z,-41.4318,-44.39706,-0.1551,-0.1853,3629.0,2015-06-02T00:00:00Z,SVPB
300234062326760,2015-04-12T14:00:00Z,-41.43883,-44.40398,-0.1717,-0.2519,3629.0,2015-06-02T00:00:00Z,SVPB
300234062326760,2015-04-12T15:00:00Z,-41.44797,-44.41062,-0.1379,-0.3124,0.0,2015-06-02T00:00:00Z,SVPB
300234062326760,2015-04-12T16:00:00Z,-41.45859,-44.41527,-0.0794,-0.347,3629.0,2015-06-02T00:00:00Z,SVPB
300234062326760,2015-04-12T17:00:00Z,-41.46953,-44.41725,-0.0114,-0.3319,3629.0,2015-06-02T00:00:00Z,SVPB
300234062326760,2015-04-12T18:00:00Z,-41.48033,-44.41633,0.0532,-0.3302,0.0,2015-06-02T00:00:00Z,SVPB
300234062326760,2015-04-12T19:00:00Z,-41.49019,-44.41364,0.0764,-0.2936,3629.0,2015-06-02T00:00:00Z,SVPB
300234062326760,2015-04-12T20:00:00Z,-41.49885,-44.41043,0.0678,-0.2257,3629.0,2015-06-02T00:00:00Z,SVPB
300234062326760,2015-04-12T21:00:00Z,-41.50634,-44.407,0.0892,-0.2328,0.0,2015-06-02T00:00:00Z,SVPB
300234062326760,2015-04-12T22:00:00Z,-41.51386,-44.40331,0.0868,-0.2361,3629.0,2015-06-02T00:00:00Z,SVPB
300234062326760,2015-04-12T23:00:00Z,-41.52031,-44.39995,0.0669,-0.1715,3629.0,2015-06-02T00:00:00Z,SVPB
300234062326760,2015-04-13T00:00:00Z,-41.52508,-44.39817,0.021,-0.1163,0.0,2015-06-02T00:00:00Z,SVPB
300234062326760,2015-04-13T01:00:00Z,-41.52874,-44.39834,-0.0367,-0.1086,3629.0,2015-06-02T00:00:00Z,SVPB
300234062326760,2015-04-13T02:00:00Z,-41.53286,-44.40117,-0.0871,-0.1385,3629.0,2015-06-02T00:00:00Z,SVPB
300234062326760,2015-04-13T03:00:00Z,-41.53845,-44.40658,-0.1624,-0.2059,0.0,2015-06-02T00:00:00Z,SVPB
300234062326760,2015-04-13T04:00:00Z,-41.54718,-44.41422,-0.1942,-0.314,3629.0,2015-06-02T00:00:00Z,SVPB
300234062326760,2015-04-13T05:00:00Z,-41.55875,-44.42235,-0.1778,-0.4253,3629.0,2015-06-02T00:00:00Z,SVPB
300234062326760,2015-04-13T06:00:00Z,-41.57338,-44.42908,-0.138,-0.4798,0.0,2015-06-02T00:00:00Z,SVPB
300234062326760,2015-04-13T07:00:00Z,-41.59018,-44.43289,-0.0509,-0.5459,3629.0,2015-06-02T00:00:00Z,SVPB
300234062326760,2015-04-13T08:00:00Z,-41.60839,-44.43371,0.0277,-0.5922,3629.0,2015-06-02T00:00:00Z,SVPB
300234062326760,2015-04-13T09:00:00Z,-41.62717,-44.43113,0.0886,-0.5721,0.0,2015-06-02T00:00:00Z,SVPB
300234062326760,2015-04-13T10:00:00Z,-41.64539,-44.42466,0.1916,-0.5519,3629.0,2015-06-02T00:00:00Z,SVPB
300234062326760,2015-04-13T11:00:00Z,-41.66216,-44.41477,0.2766,-0.4923,3629.0,2015-06-02T00:00:00Z,SVPB
300234062326760,2015-04-13T12:00:00Z,-41.67662,-44.40208,0.3104,-0.3898,0.0,2015-06-02T00:00:00Z,SVPB
300234062326760,2015-04-13T13:00:00Z,-41.6882,-44.38821,0.3329,-0.3212,3629.0,2015-06-02T00:00:00Z,SVPB
300234062326760,2015-04-13T14:00:00Z,-41.69682,-44.3738,0.3329,-0.2278,3629.0,2015-06-02T00:00:00Z,SVPB
300234062326760,2015-04-13T15:00:00Z,-41.70287,-44.36052,0.2826,-0.1356,0.0,2015-06-02T00:00:00Z,SVPB
300234062326760,2015-04-13T16:00:00Z,-41.7066,-44.35116,0.1654,-0.0961,3629.0,2015-06-02T00:00:00Z,SVPB
300234062326760,2015-04-13T17:00:00Z,-41.71002,-44.34546,0.0752,-0.1135,3629.0,2015-06-02T00:00:00Z,SVPB
300234062326760,2015-04-13T18:00:00Z,-41.71495,-44.34301,0.0392,-0.1826,0.0,2015-06-02T00:00:00Z,SVPB
300234062326760,2015-04-13T19:00:00Z,-41.72243,-44.34126,0.0373,-0.2801,3629.0,2015-06-02T00:00:00Z,SVPB
300234062326760,2015-04-13T20:00:00Z,-41.73213,-44.33996,0.0271,-0.3289,3629.0,2015-06-02T00:00:00Z,SVPB
300234062326760,2015-04-13T21:00:00Z,-41.74297,-44.33864,0.0275,-0.3402,0.0,2015-06-02T00:00:00Z,SVPB
300234062326760,2015-04-13T22:00:00Z,-41.75454,-44.33677,0.0601,-0.3718,3629.0,2015-06-02T00:00:00Z,SVPB
300234062326760,2015-04-13T23:00:00Z,-41.76721,-44.33341,0.0926,-0.4122,3629.0,2015-06-02T00:00:00Z,SVPB
300234062326760,2015-04-14T00:00:00Z,-41.78045,-44.32831,0.1415,-0.4107,0.0,2015-06-02T00:00:00Z,SVPB
300234062326760,2015-04-14T01:00:00Z,-41.79352,-44.32092,0.1986,-0.3939,3629.0,2015-06-02T00:00:00Z,SVPB
300234062326760,2015-04-14T02:00:00Z,-41.8058,-44.31119,0.2501,-0.3687,3629.0,2015-06-02T00:00:00Z,SVPB
300234062326760,2015-04-14T03:00:00Z,-41.8174,-44.29954,0.2881,-0.3433,0.0,2015-06-02T00:00:00Z,SVPB
300234062326760,2015-04-14T04:00:00Z,-41.82836,-44.28621,0.325,-0.3351,3629.0,2015-06-02T00:00:00Z,SVPB
300234062326760,2015-04-14T05:00:00Z,-41.83841,-44.27107,0.3693,-0.2914,3629.0,2015-06-02T00:00:00Z,SVPB
300234062326760,2015-04-14T06:00:00Z,-41.84673,-44.2546,0.3926,-0.2205,0.0,2015-06-02T00:00:00Z,SVPB
300234062326760,2015-04-14T07:00:00Z,-41.85274,-44.23801,0.3741,-0.1519,3629.0,2015-06-02T00:00:00Z,SVPB
300234062326760,2015-04-14T08:00:00Z,-41.85726,-44.22252,0.3368,-0.121,3629.0,2015-06-02T00:00:00Z,SVPB
300234062326760,2015-04-14T09:00:00Z,-41.86138,-44.20902,0.2876,-0.1318,0.0,2015-06-02T00:00:00Z,SVPB
300234062326760,2015-04-14T10:00:00Z,-41.86591,-44.19723,0.2497,-0.1489,3629.0,2015-06-02T00:00:00Z,SVPB
300234062326760,2015-04-14T11:00:00Z,-41.87092,-44.18607,0.2605,-0.1612,3629.0,2015-06-02T00:00:00Z,SVPB
300234062326760,2015-04-14T12:00:00Z,-41.87597,-44.17491,0.2579,-0.1533,0.0,2015-06-02T00:00:00Z,SVPB
300234062326760,2015-04-14T13:00:00Z,-41.88126,-44.16372,0.252,-0.1675,3629.0,2015-06-02T00:00:00Z,SVPB
300234062326760,2015-04-14T14:00:00Z,-41.88695,-44.15219,0.2794,-0.189,3629.0,2015-06-02T00:00:00Z,SVPB
300234062326760,2015-04-14T15:00:00Z,-41.89277,-44.14025,0.2738,-0.1717,0.0,2015-06-02T00:00:00Z,SVPB
300234062326760,2015-04-14T16:00:00Z,-41.89866,-44.12868,0.2562,-0.186,3629.0,2015-06-02T00:00:00Z,SVPB
300234062326760,2015-04-14T17:00:00Z,-41.90535,-44.11742,0.2611,-0.2294,3629.0,2015-06-02T00:00:00Z,SVPB
300234062326760,2015-04-14T18:00:00Z,-41.91271,-44.10536,0.2898,-0.2299,0.0,2015-06-02T00:00:00Z,SVPB
300234062326760,2015-04-14T19:00:00Z,-41.91965,-44.09199,0.3269,-0.199,3629.0,2015-06-02T00:00:00Z,SVPB
300234062326760,2015-04-14T20:00:00Z,-41.92501,-44.07759,0.3368,-0.139,3629.0,2015-06-02T00:00:00Z,SVPB
300234062326760,2015-04-14T21:00:00Z,-41.92889,-44.063,0.333,-0.0919,0.0,2015-06-02T00:00:00Z,SVPB
300234062326760,2015-04-14T22:00:00Z,-41.93111,-44.04829,0.341,-0.0515,3629.0,2015-06-02T00:00:00Z,SVPB
300234062326760,2015-04-14T23:00:00Z,-41.93147,-44.03412,0.3174,0.0256,3629.0,2015-06-02T00:00:00Z,SVPB
300234062326760,2015-04-15T00:00:00Z,-41.93003,-44.02135,0.2634,0.0709,0.0,2015-06-02T00:00:00Z,SVPB
300234062326760,2015-04-15T01:00:00Z,-41.92766,-44.01044,0.2356,0.0774,3629.0,2015-06-02T00:00:00Z,SVPB
300234062326760,2015-04-15T02:00:00Z,-41.92532,-44.00033,0.2283,0.0681,3629.0,2015-06-02T00:00:00Z,SVPB
300234062326760,2015-04-15T03:00:00Z,-41.92355,-43.99086,0.2099,0.0429,0.0,2015-06-02T00:00:00Z,SVPB
300234062326760,2015-04-15T04:00:00Z,-41.92257,-43.98229,0.1822,0.0157,3629.0,2015-06-02T00:00:00Z,SVPB
300234062326760,2015-04-15T05:00:00Z,-41.92273,-43.97429,0.1825,-0.0215,3629.0,2015-06-02T00:00:00Z,SVPB
300234062326760,2015-04-15T06:00:00Z,-41.92357,-43.9655,0.2196,-0.0366,0.0,2015-06-02T00:00:00Z,SVPB
300234062326760,2015-04-15T07:00:00Z,-41.9246,-43.95545,0.2466,-0.0249,3629.0,2015-06-02T00:00:00Z,SVPB
300234062326760,2015-04-15T08:00:00Z,-41.9254,-43.94461,0.2513,-0.025,3629.0,2015-06-02T00:00:00Z,SVPB
300234062326760,2015-04-15T09:00:00Z,-41.92655,-43.93371,0.2509,-0.0429,0.0,2015-06-02T00:00:00Z,SVPB
300234062326760,2015-04-15T10:00:00Z,-41.92803,-43.92269,0.2538,-0.0526,3629.0,2015-06-02T00:00:00Z,SVPB
300234062326760,2015-04-15T11:00:00Z,-41.92949,-43.911,0.2814,-0.0373,3629.0,2015-06-02T00:00:00Z,SVPB
300234062326760,2015-04-15T12:00:00Z,-41.93077,-43.89795,0.3188,-0.0397,0.0,2015-06-02T00:00:00Z,SVPB
300234062326760,2015-04-15T13:00:00Z,-41.93203,-43.88287,0.3702,-0.0405,3629.0,2015-06-02T00:00:00Z,SVPB
300234062326760,2015-04-15T14:00:00Z,-41.93266,-43.86524,0.4387,-0.0025,3629.0,2015-06-02T00:00:00Z,SVPB
300234062326760,2015-04-15T15:00:00Z,-41.93193,-43.84524,0.485,0.0509,0.0,2015-06-02T00:00:00Z,SVPB
300234062326760,2015-04-15T16:00:00Z,-41.9289,-43.82278,0.5372,0.1236,3629.0,2015-06-02T00:00:00Z,SVPB
300234062326760,2015-04-15T17:00:00Z,-41.92291,-43.79916,0.5573,0.2413,3629.0,2015-06-02T00:00:00Z,SVPB
300234062326760,2015-04-15T18:00:00Z,-41.91377,-43.77599,0.5034,0.3377,0.0,2015-06-02T00:00:00Z,SVPB
300234062326760,2015-04-15T19:00:00Z,-41.90133,-43.75562,0.4381,0.4221,3629.0,2015-06-02T00:00:00Z,SVPB
300234062326760,2015-04-15T20:00:00Z,-41.88693,-43.73899,0.334,0.4744,3629.0,2015-06-02T00:00:00Z,SVPB
300234062326760,2015-04-15T21:00:00Z,-41.87135,-43.72631,0.2331,0.4871,0.0,2015-06-02T00:00:00Z,SVPB
300234062326760,2015-04-15T22:00:00Z,-41.85597,-43.71866,0.1356,0.472,3629.0,2015-06-02T00:00:00Z,SVPB
300234062326760,2015-04-15T23:00:00Z,-41.84174,-43.7147,0.0347,0.4015,3629.0,2015-06-02T00:00:00Z,SVPB
300234062326760,2015-04-16T00:00:00Z,-41.8311,-43.71407,-0.0045,0.2838,0.0,2015-06-02T00:00:00Z,SVPB
300234062326760,2015-04-16T01:00:00Z,-41.82332,-43.71406,0.0073,0.1634,3629.0,2015-06-02T00:00:00Z,SVPB
300234062326760,2015-04-16T02:00:00Z,-41.81999,-43.71234,0.0578,0.0623,3629.0,2015-06-02T00:00:00Z,SVPB
300234062326760,2015-04-16T03:00:00Z,-41.81915,-43.70824,0.1446,-0.028,0.0,2015-06-02T00:00:00Z,SVPB
300234062326760,2015-04-16T04:00:00Z,-41.81996,-43.69937,0.2477,-0.0303,3629.0,2015-06-02T00:00:00Z,SVPB
300234062326760,2015-04-16T05:00:00Z,-41.82023,-43.68699,0.3418,0.0233,3629.0,2015-06-02T00:00:00Z,SVPB
300234062326760,2015-04-16T06:00:00Z,-41.81854,-43.67064,0.4069,0.0768,0.0,2015-06-02T00:00:00Z,SVPB
300234062326760,2015-04-16T07:00:00Z,-41.81521,-43.65188,0.4625,0.1336,3629.0,2015-06-02T00:00:00Z,SVPB
300234062326760,2015-04-16T08:00:00Z,-41.81001,-43.63116,0.4923,0.1864,3629.0,2015-06-02T00:00:00Z,SVPB
300234062326760,2015-04-16T09:00:00Z,-41.80297,-43.60959,0.5027,0.2482,0.0,2015-06-02T00:00:00Z,SVPB
300234062326760,2015-04-16T10:00:00Z,-41.79389,-43.58796,0.4946,0.3128,3629.0,2015-06-02T00:00:00Z,SVPB
300234062326760,2015-04-16T11:00:00Z,-41.78294,-43.56723,0.4623,0.3656,3629.0,2015-06-02T00:00:00Z,SVPB
300234062326760,2015-04-16T12:00:00Z,-41.77032,-43.5487,0.3972,0.411,0.0,2015-06-02T00:00:00Z,SVPB
300234062326760,2015-04-16T13:00:00Z,-41.75673,-43.53258,0.3378,0.4339,3629.0,2015-06-02T00:00:00Z,SVPB
300234062326760,2015-04-16T14:00:00Z,-41.74321,-43.51899,0.2914,0.406,3629.0,2015-06-02T00:00:00Z,SVPB
300234062326760,2015-04-16T15:00:00Z,-41.73073,-43.50724,0.2473,0.3619,0.0,2015-06-02T00:00:00Z,SVPB
300234062326760,2015-04-16T16:00:00Z,-41.71939,-43.49799,0.1865,0.3383,3629.0,2015-06-02T00:00:00Z,SVPB
300234062326760,2015-04-16T17:00:00Z,-41.70928,-43.49089,0.1343,0.2909,3629.0,2015-06-02T00:00:00Z,SVPB
300234062326760,2015-04-16T18:00:00Z,-41.70115,-43.48467,0.1486,0.2117,0.0,2015-06-02T00:00:00Z,SVPB
300234062326760,2015-04-16T19:00:00Z,-41.69568,-43.4778,0.1712,0.1276,3629.0,2015-06-02T00:00:00Z,SVPB
300234062326760,2015-04-16T20:00:00Z,-41.69266,-43.46946,0.2087,0.0555,3629.0,2015-06-02T00:00:00Z,SVPB
300234062326760,2015-04-16T21:00:00Z,-41.69149,-43.45877,0.2839,0.0153,0.0,2015-06-02T00:00:00Z,SVPB
300234062326760,2015-04-16T22:00:00Z,-41.69097,-43.44468,0.3655,0.0125,3629.0,2015-06-02T00:00:00Z,SVPB
300234062326760,2015-04-16T23:00:00Z,-41.68986,-43.42717,0.443,0.0535,3629.0,2015-06-02T00:00:00Z,SVPB
300234062326760,2015-04-17T00:00:00Z,-41.68742,-43.40702,0.4922,0.1012,0.0,2015-06-02T00:00:00Z,SVPB
300234062326760,2015-04-17T01:00:00Z,-41.68314,-43.38491,0.5257,0.1579,3629.0,2015-06-02T00:00:00Z,SVPB
300234062326760,2015-04-17T02:00:00Z,-41.67725,-43.36208,0.5323,0.2114,3629.0,2015-06-02T00:00:00Z,SVPB
300234062326760,2015-04-17T03:00:00Z,-41.67009,-43.33903,0.5289,0.233,0.0,2015-06-02T00:00:00Z,SVPB
300234062326760,2015-04-17T04:00:00Z,-41.66229,-43.3157,0.5466,0.2479,3629.0,2015-06-02T00:00:00Z,SVPB
300234062326760,2015-04-17T05:00:00Z,-41.65384,-43.29214,0.5443,0.2729,3629.0,2015-06-02T00:00:00Z,SVPB
300234062326760,2015-04-17T06:00:00Z,-41.6444,-43.26937,0.5085,0.3096,0.0,2015-06-02T00:00:00Z,SVPB
300234062326760,2015-04-17T07:00:00Z,-41.63435,-43.24733,0.5032,0.3159,3629.0,2015-06-02T00:00:00Z,SVPB
300234062326760,2015-04-17T08:00:00Z,-41.62433,-43.2252,0.5214,0.3007,3629.0,2015-06-02T00:00:00Z,SVPB
300234062326760,2015-04-17T09:00:00Z,-41.61472,-43.20232,0.5337,0.2943,0.0,2015-06-02T00:00:00Z,SVPB
300234062326760,2015-04-17T10:00:00Z,-41.60551,-43.17836,0.5699,0.2762,3629.0,2015-06-02T00:00:00Z,SVPB
300234062326760,2015-04-17T11:00:00Z,-41.59639,-43.15285,0.6103,0.2826,3629.0,2015-06-02T00:00:00Z,SVPB
300234062326760,2015-04-17T12:00:00Z,-41.58684,-43.12625,0.6213,0.3093,0.0,2015-06-02T00:00:00Z,SVPB
300234062326760,2015-04-17T13:00:00Z,-41.5759,-43.09987,0.6015,0.3578,3629.0,2015-06-02T00:00:00Z,SVPB
300234062326760,2015-04-17T14:00:00Z,-41.56403,-43.07539,0.5351,0.3839,3629.0,2015-06-02T00:00:00Z,SVPB
300234062326760,2015-04-17T15:00:00Z,-41.55248,-43.05306,0.4885,0.3298,0.0,2015-06-02T00:00:00Z,SVPB
300234062326760,2015-04-17T16:00:00Z,-41.54256,-43.03154,0.5038,0.2792,3629.0,2015-06-02T00:00:00Z,SVPB
300234062326760,2015-04-17T17:00:00Z,-41.53356,-43.00906,0.5364,0.2727,3629.0,2015-06-02T00:00:00Z,SVPB
300234062326760,2015-04-17T18:00:00Z,-41.52477,-42.98479,0.5825,0.2729,0.0,2015-06-02T00:00:00Z,SVPB
300234062326760,2015-04-17T19:00:00Z,-41.51625,-42.95817,0.6477,0.2542,3629.0,2015-06-02T00:00:00Z,SVPB
300234062326760,2015-04-17T20:00:00Z,-41.50825,-42.92942,0.6877,0.2387,3629.0,2015-06-02T00:00:00Z,SVPB
300234062326760,2015-04-17T21:00:00Z,-41.50049,-42.8991,0.7131,0.2389,0.0,2015-06-02T00:00:00Z,SVPB
300234062326760,2015-04-17T22:00:00Z,-41.49182,-42.86762,0.7429,0.2878,3629.0,2015-06-02T00:00:00Z,SVPB
300234062326760,2015-04-17T23:00:00Z,-41.48221,-42.8359,0.7288,0.3159,3629.0,2015-06-02T00:00:00Z,SVPB
300234062326760,2015-04-18T00:00:00Z,-41.47193,-42.80436,0.7251,0.3152,0.0,2015-06-02T00:00:00Z,SVPB
300234062326760,2015-04-18T01:00:00Z,-41.46085,-42.77174,0.7783,0.3624,3629.0,2015-06-02T00:00:00Z,SVPB
300234062326760,2015-04-18T02:00:00Z,-41.44885,-42.73809,0.7891,0.3871,3629.0,2015-06-02T00:00:00Z,SVPB
300234062326760,2015-04-18T03:00:00Z,-41.4368,-42.70474,0.7534,0.3586,0.0,2015-06-02T00:00:00Z,SVPB
300234062326760,2015-04-18T04:00:00Z,-41.4251,-42.67226,0.748,0.3581,3629.0,2015-06-02T00:00:00Z,SVPB
300234062326760,2015-04-18T05:00:00Z,-41.41353,-42.64137,0.6998,0.3625,3629.0,2015-06-02T00:00:00Z,SVPB
300234062326760,2015-04-18T06:00:00Z,-41.40248,-42.61216,0.6365,0.3135,0.0,2015-06-02T00:00:00Z,SVPB
300234062326760,2015-04-18T07:00:00Z,-41.39273,-42.58446,0.6443,0.2855,3629.0,2015-06-02T00:00:00Z,SVPB
300234062326760,2015-04-18T08:00:00Z,-41.38342,-42.55686,0.6397,0.2883,3629.0,2015-06-02T00:00:00Z,SVPB
300234062326760,2015-04-18T09:00:00Z,-41.37434,-42.52937,0.6303,0.2758,0.0,2015-06-02T00:00:00Z,SVPB
300234062326760,2015-04-18T10:00:00Z,-41.36596,-42.50194,0.6423,0.2421,3629.0,2015-06-02T00:00:00Z,SVPB
300234062326760,2015-04-18T11:00:00Z,-41.35827,-42.47373,0.6634,0.2297,3629.0,2015-06-02T00:00:00Z,SVPB
300234062326760,2015-04-18T12:00:00Z,-41.35034,-42.44464,0.687,0.2576,0.0,2015-06-02T00:00:00Z,SVPB
300234062326760,2015-04-18T13:00:00Z,-41.34025,-42.41385,0.7285,0.3438,3629.0,2015-06-02T00:00:00Z,SVPB
300234062326760,2015-04-18T14:00:00Z,-41.32863,-42.3824,0.741,0.3933,3629.0,2015-06-02T00:00:00Z,SVPB
300234062326760,2015-04-18T15:00:00Z,-41.31531,-42.35074,0.725,0.4225,0.0,2015-06-02T00:00:00Z,SVPB
300234062326760,2015-04-18T16:00:00Z,-41.30085,-42.31989,0.7098,0.4738,3629.0,2015-06-02T00:00:00Z,SVPB
300234062326760,2015-04-18T17:00:00Z,-41.28631,-42.29373,0.5864,0.4487,3629.0,2015-06-02T00:00:00Z,SVPB
300234062326760,2015-04-18T18:00:00Z,-41.2722,-42.26897,0.4955,0.3541,0.0,2015-06-02T00:00:00Z,SVPB
300234062326760,2015-04-18T19:00:00Z,-41.26098,-42.24819,0.4713,0.3382,3629.0,2015-06-02T00:00:00Z,SVPB
300234062326760,2015-04-18T20:00:00Z,-41.24989,-42.22903,0.4216,0.3442,3629.0,2015-06-02T00:00:00Z,SVPB
300234062326760,2015-04-18T21:00:00Z,-41.23871,-42.21139,0.3918,0.3492,0.0,2015-06-02T00:00:00Z,SVPB
300234062326760,2015-04-18T22:00:00Z,-41.2273,-42.19459,0.3893,0.3534,3629.0,2015-06-02T00:00:00Z,SVPB
300234062326760,2015-04-18T23:00:00Z,-41.21602,-42.17804,0.3801,0.3472,3629.0,2015-06-02T00:00:00Z,SVPB
300234062326760,2015-04-19T00:00:00Z,-41.20489,-42.16159,0.3824,0.3369,0.0,2015-06-02T00:00:00Z,SVPB
300234062326760,2015-04-19T01:00:00Z,-41.19356,-42.14374,0.4362,0.3595,3629.0,2015-06-02T00:00:00Z,SVPB
300234062326760,2015-04-19T02:00:00Z,-41.1819,-42.1242,0.4833,0.3653,3629.0,2015-06-02T00:00:00Z,SVPB
300234062326760,2015-04-19T03:00:00Z,-41.17066,-42.10334,0.4865,0.3311,0.0,2015-06-02T00:00:00Z,SVPB
300234062326760,2015-04-19T04:00:00Z,-41.16004,-42.08263,0.4784,0.3195,3629.0,2015-06-02T00:00:00Z,SVPB
300234062326760,2015-04-19T05:00:00Z,-41.14982,-42.06205,0.4762,0.3161,3629.0,2015-06-02T00:00:00Z,SVPB
300234062326760,2015-04-19T06:00:00Z,-41.14009,-42.04193,0.4637,0.285,0.0,2015-06-02T00:00:00Z,SVPB
300234062326760,2015-04-19T07:00:00Z,-41.13113,-42.02229,0.4463,0.2668,3629.0,2015-06-02T00:00:00Z,SVPB
300234062326760,2015-04-19T08:00:00Z,-41.12218,-42.00254,0.4699,0.2823,3629.0,2015-06-02T00:00:00Z,SVPB
