ID,time,latitude,longitude,ve,vn,gap,drogue_lost_date,typebuoy
,UTC,degrees_north,degrees_east,m/s,m/s,seconds,UTC,
116352,2015-07-01T00:00:00Z,-32.81121,-49.88125,-0.2044,-0.3826,442.95834,2015-09-14T00:00:00Z,SVP
116352,2015-07-01T01:00:00Z,-32.82256,-49.89721,-0.609,-0.3754,137.08333,2015-09-14T00:00:00Z,SVP
116352,2015-07-01T02:00:00Z,-32.83469,-49.92093,-0.6055,-0.3547,112.5,2015-09-14T00:00:00Z,SVP
116352,2015-07-01T03:00:00Z,-32.84613,-49.93184,-0.2882,-0.4049,302.4167,2015-09-14T00:00:00Z,SVP
116352,2015-07-01T04:00:00Z,-32.85791,-49.94321,-0.2818,-0.4125,302.4167,2015-09-14T00:00:00Z,SVP
116352,2015-07-01T05:00:00Z,-32.87261,-49.95366,-0.2585,-0.4223,242.54167,2015-09-14T00:00:00Z,SVP
116352,2015-07-01T06:00:00Z,-32.88754,-49.9639,-0.2728,-0.472,130.04166,2015-09-14T00:00:00Z,SVP
116352,2015-07-01T07:00:00Z,-32.90366,-49.97398,-0.2491,-0.5727,108.91667,2015-09-14T00:00:00Z,SVP
116352,2015-07-01T08:00:00Z,-32.92261,-49.98292,-0.2275,-0.6139,144.16667,2015-09-14T00:00:00Z,SVP
116352,2015-07-01T09:00:00Z,-32.94166,-49.99215,-0.2074,-0.545,108.91667,2015-09-14T00:00:00Z,SVP
116352,2015-07-01T10:00:00Z,-32.9551,-49.99456,-0.0905,-0.4329,397.3333,2015-09-14T00:00:00Z,SVP
116352,2015-07-01T11:00:00Z,-32.96902,-49.99755,-0.092,-0.4326,397.3333,2015-09-14T00:00:00Z,SVP
116352,2015-07-01T12:00:00Z,-32.9825,-50.00177,-0.0903,-0.4028,147.58333,2015-09-14T00:00:00Z,SVP
116352,2015-07-01T13:00:00Z,-32.99478,-50.00742,-0.2006,-0.3668,115.958336,2015-09-14T00:00:00Z,SVP
116352,2015-07-01T14:00:00Z,-33.00615,-50.01538,-0.1935,-0.3771,703.2083,2015-09-14T00:00:00Z,SVP
116352,2015-07-01T15:00:00Z,-33.0188,-50.02256,-0.1931,-0.3772,703.2083,2015-09-14T00:00:00Z,SVP
116352,2015-07-01T16:00:00Z,-33.0312,-50.02995,-0.193,-0.3772,703.2083,2015-09-14T00:00:00Z,SVP
116352,2015-07-01T17:00:00Z,-33.04355,-50.0374,-0.1929,-0.3772,703.2083,2015-09-14T00:00:00Z,SVP
116352,2015-07-01T18:00:00Z,-33.05596,-50.04494,-0.1929,-0.3772,703.2083,2015-09-14T00:00:00Z,SVP
116352,2015-07-01T19:00:00Z,-33.06817,-50.05317,-0.1964,-0.3909,390.29166,2015-09-14T00:00:00Z,SVP
116352,2015-07-01T20:00:00Z,-33.08042,-50.06108,-0.199,-0.39,390.29166,2015-09-14T00:00:00Z,SVP
116352,2015-07-01T21:00:00Z,-33.09372,-50.07174,-0.2361,-0.4208,87.91667,2015-09-14T00:00:00Z,SVP
116352,2015-07-01T22:00:00Z,-33.10735,-50.08289,-0.1061,-0.4344,418.33334,2015-09-14T00:00:00Z,SVP
116352,2015-07-01T23:00:00Z,-33.12159,-50.08186,-0.1652,-0.4334,418.33334,2015-09-14T00:00:00Z,SVP
116352,2015-07-02T00:00:00Z,-33.1366,-50.08456,-0.193,-0.4289,418.33334,2015-09-14T00:00:00Z,SVP
116352,2015-07-02T01:00:00Z,-33.14909,-50.09614,-0.2291,-0.459,112.5,2015-09-14T00:00:00Z,SVP
116352,2015-07-02T02:00:00Z,-33.16549,-50.10502,-0.149,-0.4569,323.41666,2015-09-14T00:00:00Z,SVP
116352,2015-07-02T03:00:00Z,-33.17936,-50.11021,-0.1434,-0.4596,323.41666,2015-09-14T00:00:00Z,SVP
116352,2015-07-02T04:00:00Z,-33.19374,-50.1165,-0.0444,-0.3988,249.58333,2015-09-14T00:00:00Z,SVP
116352,2015-07-02T05:00:00Z,-33.20862,-50.11715,-0.0438,-0.4173,249.58333,2015-09-14T00:00:00Z,SVP
116352,2015-07-02T06:00:00Z,-33.22402,-50.11829,-0.027,-0.4676,210.91667,2015-09-14T00:00:00Z,SVP
116352,2015-07-02T07:00:00Z,-33.22697,-50.1235,-0.1258,-0.7166,168.75,2015-09-14T00:00:00Z,SVP
116352,2015-07-02T08:00:00Z,-33.25569,-50.12688,-0.125,-0.481,168.75,2015-09-14T00:00:00Z,SVP
116352,2015-07-02T09:00:00Z,-33.27196,-50.13292,-0.188,-0.586,98.416664,2015-09-14T00:00:00Z,SVP
116352,2015-07-02T10:00:00Z,-33.28996,-50.13493,-0.0528,-0.5703,246.16667,2015-09-14T00:00:00Z,SVP
116352,2015-07-02T11:00:00Z,-33.30732,-50.14307,-0.1149,-0.2609,73.791664,2015-09-14T00:00:00Z,SVP
116352,2015-07-02T12:00:00Z,-33.31505,-50.14493,-0.3313,-0.1939,126.58333,2015-09-14T00:00:00Z,SVP
116352,2015-07-02T13:00:00Z,-33.32105,-50.15678,-0.2028,-0.3962,1117.9584,2015-09-14T00:00:00Z,SVP
116352,2015-07-02T14:00:00Z,-33.33578,-50.16372,-0.2011,-0.3915,1117.9584,2015-09-14T00:00:00Z,SVP
116352,2015-07-02T15:00:00Z,-33.34918,-50.17127,-0.2006,-0.3893,1117.9584,2015-09-14T00:00:00Z,SVP
116352,2015-07-02T16:00:00Z,-33.36208,-50.17895,-0.2004,-0.3885,1117.9584,2015-09-14T00:00:00Z,SVP
116352,2015-07-02T17:00:00Z,-33.37481,-50.18668,-0.2003,-0.3881,1117.9584,2015-09-14T00:00:00Z,SVP
116352,2015-07-02T18:00:00Z,-33.38749,-50.19447,-0.2002,-0.3877,1117.9584,2015-09-14T00:00:00Z,SVP
116352,2015-07-02T19:00:00Z,-33.40017,-50.20234,-0.2003,-0.3873,1117.9584,2015-09-14T00:00:00Z,SVP
116352,2015-07-02T20:00:00Z,-33.41294,-50.21053,-0.2007,-0.3866,1117.9584,2015-09-14T00:00:00Z,SVP
116352,2015-07-02T21:00:00Z,-33.42495,-50.21703,-0.2527,-0.4609,175.79167,2015-09-14T00:00:00Z,SVP
116352,2015-07-02T22:00:00Z,-33.43893,-50.23893,-0.4026,-0.4666,175.79167,2015-09-14T00:00:00Z,SVP
116352,2015-07-02T23:00:00Z,-33.45494,-50.23766,-0.2633,-0.5016,386.70834,2015-09-14T00:00:00Z,SVP
116352,2015-07-03T00:00:00Z,-33.47126,-50.24709,-0.2669,-0.5018,386.70834,2015-09-14T00:00:00Z,SVP
116352,2015-07-03T01:00:00Z,-33.48771,-50.25755,-0.2539,-0.5268,115.958336,2015-09-14T00:00:00Z,SVP
116352,2015-07-03T02:00:00Z,-33.5048,-50.2691,-0.3015,-0.5307,123.0,2015-09-14T00:00:00Z,SVP
116352,2015-07-03T03:00:00Z,-33.52096,-50.27491,-0.1247,-0.4777,217.95833,2015-09-14T00:00:00Z,SVP
116352,2015-07-03T04:00:00Z,-33.53521,-50.28895,-0.0222,-0.3315,253.20834,2015-09-14T00:00:00Z,SVP
116352,2015-07-03T05:00:00Z,-33.5397,-50.28303,-0.093,-0.3587,253.20834,2015-09-14T00:00:00Z,SVP
116352,2015-07-03T06:00:00Z,-33.55196,-50.28653,-0.057,-0.4327,418.33334,2015-09-14T00:00:00Z,SVP
116352,2015-07-03T07:00:00Z,-33.56628,-50.28986,-0.0583,-0.4331,418.33334,2015-09-14T00:00:00Z,SVP
116352,2015-07-03T08:00:00Z,-33.58003,-50.29331,-0.0481,-0.436,418.33334,2015-09-14T00:00:00Z,SVP
116352,2015-07-03T09:00:00Z,-33.59545,-50.2993,-0.2309,-0.3961,246.16667,2015-09-14T00:00:00Z,SVP
116352,2015-07-03T10:00:00Z,-33.60806,-50.31497,-0.2848,-0.3951,246.16667,2015-09-14T00:00:00Z,SVP
116352,2015-07-03T11:00:00Z,-33.62069,-50.32208,-0.0978,-0.3533,235.50002,2015-09-14T00:00:00Z,SVP
116352,2015-07-03T12:00:00Z,-33.63263,-50.32523,-0.1075,-0.3981,109.041664,2015-09-14T00:00:00Z,SVP
116352,2015-07-03T13:00:00Z,-33.64521,-50.33128,-0.1525,-0.3717,133.66667,2015-09-14T00:00:00Z,SVP
116352,2015-07-03T14:00:00Z,-33.66424,-50.33728,-0.1453,-0.2807,622.3334,2015-09-14T00:00:00Z,SVP
116352,2015-07-03T15:00:00Z,-33.67269,-50.34314,-0.1449,-0.2841,622.3334,2015-09-14T00:00:00Z,SVP
116352,2015-07-03T16:00:00Z,-33.68191,-50.3489,-0.1446,-0.2834,622.3334,2015-09-14T00:00:00Z,SVP
116352,2015-07-03T17:00:00Z,-33.69141,-50.35466,-0.1442,-0.2799,622.3334,2015-09-14T00:00:00Z,SVP
116352,2015-07-03T18:00:00Z,-33.7002,-50.36108,-0.1774,-0.235,358.5,2015-09-14T00:00:00Z,SVP
116352,2015-07-03T19:00:00Z,-33.70741,-50.36795,-0.1782,-0.2346,358.5,2015-09-14T00:00:00Z,SVP
116352,2015-07-03T20:00:00Z,-33.71514,-50.37279,-0.1698,-0.2334,358.5,2015-09-14T00:00:00Z,SVP
116352,2015-07-03T21:00:00Z,-33.72205,-50.38363,-0.2096,-0.2177,225.0,2015-09-14T00:00:00Z,SVP
116352,2015-07-03T22:00:00Z,-33.72922,-50.39226,-0.2538,-0.2002,341.0833,2015-09-14T00:00:00Z,SVP
116352,2015-07-03T23:00:00Z,-33.73566,-50.40325,-0.2645,-0.199,341.0833,2015-09-14T00:00:00Z,SVP
116352,2015-07-04T00:00:00Z,-33.74266,-50.41547,-0.2768,-0.1994,341.0833,2015-09-14T00:00:00Z,SVP
116352,2015-07-04T01:00:00Z,-33.74658,-50.42025,-0.2288,-0.1372,126.58333,2015-09-14T00:00:00Z,SVP
116352,2015-07-04T02:00:00Z,-33.75128,-50.43034,-0.2248,-0.1263,998.4167,2015-09-14T00:00:00Z,SVP
116352,2015-07-04T03:00:00Z,-33.75552,-50.4396,-0.224,-0.1265,998.4167,2015-09-14T00:00:00Z,SVP
116352,2015-07-04T04:00:00Z,-33.7597,-50.44854,-0.2237,-0.1265,998.4167,2015-09-14T00:00:00Z,SVP
116352,2015-07-04T05:00:00Z,-33.76386,-50.45734,-0.2235,-0.1266,998.4167,2015-09-14T00:00:00Z,SVP
116352,2015-07-04T06:00:00Z,-33.76803,-50.46607,-0.2235,-0.1266,998.4167,2015-09-14T00:00:00Z,SVP
116352,2015-07-04T07:00:00Z,-33.77223,-50.47473,-0.2236,-0.1266,998.4167,2015-09-14T00:00:00Z,SVP
116352,2015-07-04T08:00:00Z,-33.77695,-50.48379,-0.2455,-0.1496,253.20834,2015-09-14T00:00:00Z,SVP
116352,2015-07-04T09:00:00Z,-33.7811,-50.49368,-0.2478,-0.1475,253.20834,2015-09-14T00:00:00Z,SVP
116352,2015-07-04T10:00:00Z,-33.78659,-50.50887,-0.3705,-0.1965,573.0,2015-09-14T00:00:00Z,SVP
116352,2015-07-04T11:00:00Z,-33.79319,-50.52409,-0.3671,-0.1961,573.0,2015-09-14T00:00:00Z,SVP
116352,2015-07-04T12:00:00Z,-33.79937,-50.53846,-0.3672,-0.1971,573.0,2015-09-14T00:00:00Z,SVP
116352,2015-07-04T13:00:00Z,-33.80537,-50.55263,-0.3687,-0.1996,573.0,2015-09-14T00:00:00Z,SVP
116352,2015-07-04T14:00:00Z,-33.8127,-50.57127,-0.5006,-0.2357,660.9167,2015-09-14T00:00:00Z,SVP
116352,2015-07-04T15:00:00Z,-33.82047,-50.59124,-0.5008,-0.2367,660.9167,2015-09-14T00:00:00Z,SVP
116352,2015-07-04T16:00:00Z,-33.82801,-50.61129,-0.5007,-0.2365,660.9167,2015-09-14T00:00:00Z,SVP
116352,2015-07-04T17:00:00Z,-33.83508,-50.63163,-0.499,-0.2346,660.9167,2015-09-14T00:00:00Z,SVP
116352,2015-07-04T18:00:00Z,-33.84352,-50.65045,-0.4682,-0.3147,239.08334,2015-09-14T00:00:00Z,SVP
116352,2015-07-04T19:00:00Z,-33.85553,-50.66728,-0.4811,-0.2743,239.08334,2015-09-14T00:00:00Z,SVP
116352,2015-07-04T20:00:00Z,-33.86375,-50.68396,-0.4053,-0.2579,119.54167,2015-09-14T00:00:00Z,SVP
116352,2015-07-04T21:00:00Z,-33.87142,-50.69971,-0.41,-0.2294,256.66666,2015-09-14T00:00:00Z,SVP
116352,2015-07-04T22:00:00Z,-33.87936,-50.71453,-0.3779,-0.2726,337.5,2015-09-14T00:00:00Z,SVP
116352,2015-07-04T23:00:00Z,-33.8887,-50.72936,-0.3782,-0.2775,337.5,2015-09-14T00:00:00Z,SVP
116352,2015-07-05T00:00:00Z,-33.89702,-50.74884,-0.4127,-0.2986,0.0,2015-09-14T00:00:00Z,SVP
116352,2015-07-05T01:00:00Z,-33.90856,-50.75769,-0.4579,-0.327,151.20834,2015-09-14T00:00:00Z,SVP
116352,2015-07-05T02:00:00Z,-33.91796,-50.7762,-0.488,-0.2566,105.458336,2015-09-14T00:00:00Z,SVP
116352,2015-07-05T03:00:00Z,-33.92685,-50.7941,-0.4208,-0.2563,390.29166,2015-09-14T00:00:00Z,SVP
116352,2015-07-05T04:00:00Z,-33.9342,-50.80979,-0.4233,-0.255,390.29166,2015-09-14T00:00:00Z,SVP
116352,2015-07-05T05:00:00Z,-33.94018,-50.82683,-0.3794,-0.2754,355.0417,2015-09-14T00:00:00Z,SVP
116352,2015-07-05T06:00:00Z,-33.95095,-50.84262,-0.3756,-0.2622,355.0417,2015-09-14T00:00:00Z,SVP
116352,2015-07-05T07:00:00Z,-33.96054,-50.85829,-0.3697,-0.2528,355.0417,2015-09-14T00:00:00Z,SVP
116352,2015-07-05T08:00:00Z,-33.96826,-50.87259,-0.3818,-0.2491,246.16667,2015-09-14T00:00:00Z,SVP
116352,2015-07-05T09:00:00Z,-33.97585,-50.88558,-0.41,-0.2381,0.0,2015-09-14T00:00:00Z,SVP
116352,2015-07-05T10:00:00Z,-33.98444,-50.90402,-0.4449,-0.2518,340.95834,2015-09-14T00:00:00Z,SVP
116352,2015-07-05T11:00:00Z,-33.99267,-50.92192,-0.4419,-0.2524,340.95834,2015-09-14T00:00:00Z,SVP
116352,2015-07-05T12:00:00Z,-34.00206,-50.93914,-0.4363,-0.3195,144.16667,2015-09-14T00:00:00Z,SVP
116352,2015-07-05T13:00:00Z,-34.01399,-50.95409,-0.3624,-0.3331,112.5,2015-09-14T00:00:00Z,SVP
116352,2015-07-05T14:00:00Z,-34.02127,-50.98023,-0.2805,-0.3516,562.5,2015-09-14T00:00:00Z,SVP
116352,2015-07-05T15:00:00Z,-34.03436,-50.98285,-0.3415,-0.3417,562.5,2015-09-14T00:00:00Z,SVP
116352,2015-07-05T16:00:00Z,-34.04589,-50.99592,-0.3428,-0.339,562.5,2015-09-14T00:00:00Z,SVP
116352,2015-07-05T17:00:00Z,-34.05723,-51.00918,-0.3435,-0.3366,562.5,2015-09-14T00:00:00Z,SVP
116352,2015-07-05T18:00:00Z,-34.06748,-51.02304,-0.3159,-0.3345,242.54167,2015-09-14T00:00:00Z,SVP
116352,2015-07-05T19:00:00Z,-34.07786,-51.03603,-0.3081,-0.3373,242.54167,2015-09-14T00:00:00Z,SVP
116352,2015-07-05T20:00:00Z,-34.08736,-51.04865,-0.3648,-0.2668,87.91667,2015-09-14T00:00:00Z,SVP
116352,2015-07-05T21:00:00Z,-34.09491,-51.06427,-0.4512,-0.2066,130.04166,2015-09-14T00:00:00Z,SVP
116352,2015-07-05T22:00:00Z,-34.101,-51.07878,-0.2179,-0.2188,115.958336,2015-09-14T00:00:00Z,SVP
116352,2015-07-05T23:00:00Z,-34.11222,-51.08607,-0.177,-0.2996,327.0,2015-09-14T00:00:00Z,SVP
116352,2015-07-06T00:00:00Z,-34.12349,-51.09291,-0.1761,-0.2989,327.0,2015-09-14T00:00:00Z,SVP
116352,2015-07-06T01:00:00Z,-34.13556,-51.09955,-0.1501,-0.4085,151.20834,2015-09-14T00:00:00Z,SVP
116352,2015-07-06T02:00:00Z,-34.15071,-51.14049,-0.2692,-0.3313,421.95834,2015-09-14T00:00:00Z,SVP
116352,2015-07-06T03:00:00Z,-34.15961,-51.15018,-0.2673,-0.3226,421.95834,2015-09-14T00:00:00Z,SVP
116352,2015-07-06T04:00:00Z,-34.1674,-51.15985,-0.2685,-0.371,421.95834,2015-09-14T00:00:00Z,SVP
116352,2015-07-06T05:00:00Z,-34.17917,-51.17065,-0.3233,-0.4536,253.20834,2015-09-14T00:00:00Z,SVP
116352,2015-07-06T06:00:00Z,-34.19485,-51.1857,-0.3214,-0.45,253.20834,2015-09-14T00:00:00Z,SVP
116352,2015-07-06T07:00:00Z,-34.20884,-51.20127,-0.3051,-0.4271,59.833332,2015-09-14T00:00:00Z,SVP
116352,2015-07-06T08:00:00Z,-34.22327,-51.2098,-0.1363,-0.5082,189.91667,2015-09-14T00:00:00Z,SVP
116352,2015-07-06T09:00:00Z,-34.24086,-51.21824,-0.5303,-0.5843,59.708332,2015-09-14T00:00:00Z,SVP
116352,2015-07-06T10:00:00Z,-34.26064,-51.23896,-0.5341,-0.6054,217.95833,2015-09-14T00:00:00Z,SVP
116352,2015-07-06T11:00:00Z,-34.27608,-51.25323,-0.329,-0.4705,179.25,2015-09-14T00:00:00Z,SVP
116352,2015-07-06T12:00:00Z,-34.28964,-51.26334,-0.2807,-0.5935,249.58333,2015-09-14T00:00:00Z,SVP
116352,2015-07-06T13:00:00Z,-34.30763,-51.27732,-0.2739,-0.6045,249.58333,2015-09-14T00:00:00Z,SVP
116352,2015-07-06T14:00:00Z,-34.32658,-51.28862,-0.2455,-0.6123,573.1667,2015-09-14T00:00:00Z,SVP
116352,2015-07-06T15:00:00Z,-34.34699,-51.29794,-0.2472,-0.6116,573.1667,2015-09-14T00:00:00Z,SVP
116352,2015-07-06T16:00:00Z,-34.36735,-51.30795,-0.2434,-0.6103,573.1667,2015-09-14T00:00:00Z,SVP
116352,2015-07-06T17:00:00Z,-34.38789,-51.31805,-0.2331,-0.6068,573.1667,2015-09-14T00:00:00Z,SVP
116352,2015-07-06T18:00:00Z,-34.40565,-51.32574,-0.1978,-0.5591,253.20834,2015-09-14T00:00:00Z,SVP
116352,2015-07-06T19:00:00Z,-34.42301,-51.33346,-0.1976,-0.5334,137.08333,2015-09-14T00:00:00Z,SVP
116352,2015-07-06T20:00:00Z,-34.44053,-51.3417,-0.2441,-0.4929,172.33334,2015-09-14T00:00:00Z,SVP
116352,2015-07-06T21:00:00Z,-34.45557,-51.35147,-0.2668,-0.4247,89.70833,2015-09-14T00:00:00Z,SVP
116352,2015-07-06T22:00:00Z,-34.46485,-51.36123,-0.2283,-0.2436,159.91667,2015-09-14T00:00:00Z,SVP
116352,2015-07-06T23:00:00Z,-34.4755,-51.36742,-0.1448,-0.5578,210.91667,2015-09-14T00:00:00Z,SVP
116352,2015-07-07T00:00:00Z,-34.4955,-51.35951,-0.5264,-0.5833,140.70834,2015-09-14T00:00:00Z,SVP
116352,2015-07-07T01:00:00Z,-34.51142,-51.37988,-0.2989,-0.4462,112.5,2015-09-14T00:00:00Z,SVP
116352,2015-07-07T02:00:00Z,-34.5282,-51.39267,-0.2623,-0.4315,453.45834,2015-09-14T00:00:00Z,SVP
116352,2015-07-07T03:00:00Z,-34.54084,-51.40255,-0.2636,-0.4395,453.45834,2015-09-14T00:00:00Z,SVP
116352,2015-07-07T04:00:00Z,-34.5546,-51.41309,-0.2621,-0.442,453.45834,2015-09-14T00:00:00Z,SVP
116352,2015-07-07T05:00:00Z,-34.56888,-51.4239,-0.2377,-0.4486,239.08334,2015-09-14T00:00:00Z,SVP
116352,2015-07-07T06:00:00Z,-34.58416,-51.433,-0.2382,-0.4431,239.08334,2015-09-14T00:00:00Z,SVP
116352,2015-07-07T07:00:00Z,-34.59869,-51.44736,-0.3335,-0.4609,126.58333,2015-09-14T00:00:00Z,SVP
116352,2015-07-07T08:00:00Z,-34.61428,-51.45964,-0.3324,-0.479,161.70833,2015-09-14T00:00:00Z,SVP
116352,2015-07-07T09:00:00Z,-34.63166,-51.47057,-0.331,-0.5685,386.70834,2015-09-14T00:00:00Z,SVP
116352,2015-07-07T10:00:00Z,-34.64993,-51.48432,-0.3355,-0.5679,386.70834,2015-09-14T00:00:00Z,SVP
116352,2015-07-07T11:00:00Z,-34.66809,-51.49692,-0.3353,-0.5674,386.70834,2015-09-14T00:00:00Z,SVP
116352,2015-07-07T12:00:00Z,-34.68666,-51.51159,-0.3634,-0.5648,133.66667,2015-09-14T00:00:00Z,SVP
116352,2015-07-07T13:00:00Z,-34.70551,-51.52187,-0.1853,-0.6904,611.7083,2015-09-14T00:00:00Z,SVP
116352,2015-07-07T14:00:00Z,-34.72903,-51.52899,-0.1853,-0.6867,611.7083,2015-09-14T00:00:00Z,SVP
116352,2015-07-07T15:00:00Z,-34.75144,-51.53618,-0.1854,-0.6863,611.7083,2015-09-14T00:00:00Z,SVP
116352,2015-07-07T16:00:00Z,-34.77368,-51.54331,-0.1855,-0.6863,611.7083,2015-09-14T00:00:00Z,SVP
116352,2015-07-07T17:00:00Z,-34.79581,-51.55015,-0.1861,-0.6868,611.7083,2015-09-14T00:00:00Z,SVP
116352,2015-07-07T18:00:00Z,-34.81813,-51.55797,-0.1864,-0.7055,246.16667,2015-09-14T00:00:00Z,SVP
116352,2015-07-07T19:00:00Z,-34.83976,-51.56467,-0.1563,-0.6325,130.04166,2015-09-14T00:00:00Z,SVP
116352,2015-07-07T20:00:00Z,-34.85973,-51.57009,-0.147,-0.5937,242.54167,2015-09-14T00:00:00Z,SVP
116352,2015-07-07T21:00:00Z,-34.87789,-51.5765,-0.1441,-0.5941,242.54167,2015-09-14T00:00:00Z,SVP
116352,2015-07-07T22:00:00Z,-34.89841,-51.58162,-0.1162,-0.5789,158.25,2015-09-14T00:00:00Z,SVP
116352,2015-07-07T23:00:00Z,-34.91638,-51.58522,-0.0834,-0.5617,358.6667,2015-09-14T00:00:00Z,SVP
116352,2015-07-08T00:00:00Z,-34.93402,-51.5888,-0.0847,-0.5613,358.6667,2015-09-14T00:00:00Z,SVP
116352,2015-07-08T01:00:00Z,-34.952,-51.59467,-0.1297,-0.5446,242.54167,2015-09-14T00:00:00Z,SVP
116352,2015-07-08T02:00:00Z,-34.97021,-51.58953,-0.0378,-0.5451,242.54167,2015-09-14T00:00:00Z,SVP
116352,2015-07-08T03:00:00Z,-34.98776,-51.60605,-0.1778,-0.5509,340.95834,2015-09-14T00:00:00Z,SVP
116352,2015-07-08T04:00:00Z,-35.00522,-51.61396,-0.1717,-0.5523,340.95834,2015-09-14T00:00:00Z,SVP
116352,2015-07-08T05:00:00Z,-35.02269,-51.62098,-0.2018,-0.5364,242.54167,2015-09-14T00:00:00Z,SVP
116352,2015-07-08T06:00:00Z,-35.04108,-51.62744,-0.213,-0.5388,242.54167,2015-09-14T00:00:00Z,SVP
116352,2015-07-08T07:00:00Z,-35.05712,-51.6375,-0.2311,-0.6306,126.58333,2015-09-14T00:00:00Z,SVP
116352,2015-07-08T08:00:00Z,-35.07791,-51.64545,-0.1209,-0.6262,115.958336,2015-09-14T00:00:00Z,SVP
116352,2015-07-08T09:00:00Z,-35.09524,-51.65138,-0.1932,-0.5141,116.083336,2015-09-14T00:00:00Z,SVP
116352,2015-07-08T10:00:00Z,-35.11582,-51.65896,-0.2267,-0.606,242.54167,2015-09-14T00:00:00Z,SVP
116352,2015-07-08T11:00:00Z,-35.14724,-51.67085,-0.1366,-0.2642,137.08333,2015-09-14T00:00:00Z,SVP
116352,2015-07-08T12:00:00Z,-35.15439,-51.67365,-0.029,-0.5505,116.083336,2015-09-14T00:00:00Z,SVP
116352,2015-07-08T13:00:00Z,-35.17233,-51.67855,-0.1516,-0.5566,130.04166,2015-09-14T00:00:00Z,SVP
116352,2015-07-08T14:00:00Z,-35.19148,-51.67927,-0.2163,-0.5269,499.20834,2015-09-14T00:00:00Z,SVP
116352,2015-07-08T15:00:00Z,-35.20818,-51.68845,-0.2126,-0.5288,499.20834,2015-09-14T00:00:00Z,SVP
116352,2015-07-08T16:00:00Z,-35.22515,-51.69733,-0.2083,-0.5299,499.20834,2015-09-14T00:00:00Z,SVP
116352,2015-07-08T17:00:00Z,-35.24243,-51.70593,-0.2284,-0.5303,242.54167,2015-09-14T00:00:00Z,SVP
116352,2015-07-08T18:00:00Z,-35.25979,-51.71405,-0.2262,-0.5311,242.54167,2015-09-14T00:00:00Z,SVP
116352,2015-07-08T19:00:00Z,-35.27723,-51.723,-0.2291,-0.5448,246.16667,2015-09-14T00:00:00Z,SVP
116352,2015-07-08T20:00:00Z,-35.2952,-51.73455,-0.2464,-0.5465,246.16667,2015-09-14T00:00:00Z,SVP
116352,2015-07-08T21:00:00Z,-35.31195,-51.74211,-0.392,-0.549,119.54167,2015-09-14T00:00:00Z,SVP
116352,2015-07-08T22:00:00Z,-35.33005,-51.75963,-0.2905,-0.6589,362.08334,2015-09-14T00:00:00Z,SVP
116352,2015-07-08T23:00:00Z,-35.35159,-51.77054,-0.2821,-0.6617,362.08334,2015-09-14T00:00:00Z,SVP
116352,2015-07-09T00:00:00Z,-35.37193,-51.78564,-0.3133,-0.6581,362.08334,2015-09-14T00:00:00Z,SVP
116352,2015-07-09T01:00:00Z,-35.39744,-51.79047,-0.4559,-0.8782,256.66666,2015-09-14T00:00:00Z,SVP
116352,2015-07-09T02:00:00Z,-35.42589,-51.81108,-0.4492,-0.8764,256.66666,2015-09-14T00:00:00Z,SVP
116352,2015-07-09T03:00:00Z,-35.44884,-51.83511,-0.2897,-0.4743,246.16667,2015-09-14T00:00:00Z,SVP
116352,2015-07-09T04:00:00Z,-35.45514,-51.84606,-0.297,-0.6002,246.16667,2015-09-14T00:00:00Z,SVP
116352,2015-07-09T05:00:00Z,-35.47512,-51.85811,-0.2953,-0.6433,239.08334,2015-09-14T00:00:00Z,SVP
116352,2015-07-09T06:00:00Z,-35.4962,-51.8707,-0.5356,-0.6447,221.41666,2015-09-14T00:00:00Z,SVP
116352,2015-07-09T07:00:00Z,-35.51673,-51.89624,-0.4737,-0.6442,221.41666,2015-09-14T00:00:00Z,SVP
116352,2015-07-09T08:00:00Z,-35.53823,-51.9134,-0.5038,-0.6579,158.25,2015-09-14T00:00:00Z,SVP
116352,2015-07-09T09:00:00Z,-35.56255,-51.93546,-0.6721,-0.6372,249.58333,2015-09-14T00:00:00Z,SVP
116352,2015-07-09T10:00:00Z,-35.58259,-51.96342,-0.6692,-0.6345,249.58333,2015-09-14T00:00:00Z,SVP
116352,2015-07-09T11:00:00Z,-35.60309,-51.9902,-0.6233,-0.5436,147.58333,2015-09-14T00:00:00Z,SVP
116352,2015-07-09T12:00:00Z,-35.6234,-52.01421,-0.5898,-0.7477,98.416664,2015-09-14T00:00:00Z,SVP
116352,2015-07-09T13:00:00Z,-35.64897,-52.03734,-0.5957,-0.8054,144.16667,2015-09-14T00:00:00Z,SVP
116352,2015-07-09T14:00:00Z,-35.67339,-52.06622,-0.7354,-0.7536,523.7917,2015-09-14T00:00:00Z,SVP
116352,2015-07-09T15:00:00Z,-35.69793,-52.09604,-0.7347,-0.7538,523.7917,2015-09-14T00:00:00Z,SVP
116352,2015-07-09T16:00:00Z,-35.72344,-52.12625,-0.7326,-0.7592,523.7917,2015-09-14T00:00:00Z,SVP
116352,2015-07-09T17:00:00Z,-35.74994,-52.15515,-0.7246,-0.6153,242.54167,2015-09-14T00:00:00Z,SVP
116352,2015-07-09T18:00:00Z,-35.76974,-52.18279,-0.7247,-0.615,242.54167,2015-09-14T00:00:00Z,SVP
116352,2015-07-09T19:00:00Z,-35.79005,-52.20218,-0.4302,-0.6208,277.66666,2015-09-14T00:00:00Z,SVP
116352,2015-07-09T20:00:00Z,-35.8094,-52.21812,-0.4382,-0.6186,277.66666,2015-09-14T00:00:00Z,SVP
116352,2015-07-09T21:00:00Z,-35.83124,-52.23743,-0.5123,-0.6484,77.41667,2015-09-14T00:00:00Z,SVP
116352,2015-07-09T22:00:00Z,-35.85112,-52.25714,-0.2351,-0.7063,105.458336,2015-09-14T00:00:00Z,SVP
116352,2015-07-09T23:00:00Z,-35.87355,-52.26759,-0.22,-0.7467,323.41666,2015-09-14T00:00:00Z,SVP
116352,2015-07-10T00:00:00Z,-35.89822,-52.27511,-0.2148,-0.745,323.41666,2015-09-14T00:00:00Z,SVP
116352,2015-07-10T01:00:00Z,-35.92306,-52.28455,-0.4733,-0.7936,123.0,2015-09-14T00:00:00Z,SVP
116352,2015-07-10T02:00:00Z,-35.94914,-52.30428,-0.4918,-0.8009,126.58333,2015-09-14T00:00:00Z,SVP
116352,2015-07-10T03:00:00Z,-35.9694,-52.31816,-0.2269,-0.6236,270.74997,2015-09-14T00:00:00Z,SVP
116352,2015-07-10T04:00:00Z,-35.98781,-52.32907,-0.2203,-0.6466,270.74997,2015-09-14T00:00:00Z,SVP
116352,2015-07-10T05:00:00Z,-36.00998,-52.33499,-0.1784,-0.6287,242.54167,2015-09-14T00:00:00Z,SVP
116352,2015-07-10T06:00:00Z,-36.03081,-52.34074,-0.127,-0.6648,186.29166,2015-09-14T00:00:00Z,SVP
116352,2015-07-10T07:00:00Z,-36.05209,-52.34841,-0.1336,-0.6662,193.33334,2015-09-14T00:00:00Z,SVP
116352,2015-07-10T08:00:00Z,-36.07394,-52.35142,-0.1301,-0.6678,193.33334,2015-09-14T00:00:00Z,SVP
116352,2015-07-10T09:00:00Z,-36.09583,-52.35628,-0.0776,-0.6621,207.45834,2015-09-14T00:00:00Z,SVP
116352,2015-07-10T10:00:00Z,-36.11801,-52.36002,-0.0739,-0.6628,207.45834,2015-09-14T00:00:00Z,SVP
116352,2015-07-10T11:00:00Z,-36.13767,-52.36009,-0.0093,-0.6302,175.79167,2015-09-14T00:00:00Z,SVP
116352,2015-07-10T12:00:00Z,-36.15836,-52.35736,0.038,-0.6432,144.16667,2015-09-14T00:00:00Z,SVP
116352,2015-07-10T13:00:00Z,-36.17977,-52.35697,-0.0619,-0.5274,108.91667,2015-09-14T00:00:00Z,SVP
116352,2015-07-10T14:00:00Z,-36.1959,-52.36723,-0.0384,-0.5193,1068.75,2015-09-14T00:00:00Z,SVP
116352,2015-07-10T15:00:00Z,-36.21315,-52.36374,-0.057,-0.52,1068.75,2015-09-14T00:00:00Z,SVP
116352,2015-07-10T16:00:00Z,-36.23014,-52.36559,-0.0581,-0.5201,1068.75,2015-09-14T00:00:00Z,SVP
116352,2015-07-10T17:00:00Z,-36.24708,-52.36774,-0.0586,-0.5202,1068.75,2015-09-14T00:00:00Z,SVP
116352,2015-07-10T18:00:00Z,-36.26402,-52.36997,-0.0589,-0.5202,1068.75,2015-09-14T00:00:00Z,SVP
116352,2015-07-10T19:00:00Z,-36.281,-52.37222,-0.0593,-0.5202,1068.75,2015-09-14T00:00:00Z,SVP
116352,2015-07-10T20:00:00Z,-36.29808,-52.37442,-0.0599,-0.5202,1068.75,2015-09-14T00:00:00Z,SVP
116352,2015-07-10T21:00:00Z,-36.31412,-52.37532,0.057,-0.4349,77.41667,2015-09-14T00:00:00Z,SVP
116352,2015-07-10T22:00:00Z,-36.3285,-52.37119,0.1846,-0.4834,151.20834,2015-09-14T00:00:00Z,SVP
116352,2015-07-10T23:00:00Z,-36.34461,-52.36383,0.2213,-0.542,302.4167,2015-09-14T00:00:00Z,SVP
116352,2015-07-11T00:00:00Z,-36.36187,-52.35413,0.222,-0.5429,302.4167,2015-09-14T00:00:00Z,SVP
116352,2015-07-11T01:00:00Z,-36.38074,-52.34839,0.1595,-0.5755,133.66667,2015-09-14T00:00:00Z,SVP
116352,2015-07-11T02:00:00Z,-36.40212,-52.35364,0.2753,-0.4067,291.75003,2015-09-14T00:00:00Z,SVP
116352,2015-07-11T03:00:00Z,-36.41457,-52.3406,0.2572,-0.4101,291.75003,2015-09-14T00:00:00Z,SVP
116352,2015-07-11T04:00:00Z,-36.42858,-52.33032,0.2745,-0.3646,256.66666,2015-09-14T00:00:00Z,SVP
116352,2015-07-11T05:00:00Z,-36.43996,-52.32003,0.2745,-0.3643,256.66666,2015-09-14T00:00:00Z,SVP
116352,2015-07-11T06:00:00Z,-36.45114,-52.31046,0.2202,-0.3346,376.2083,2015-09-14T00:00:00Z,SVP
116352,2015-07-11T07:00:00Z,-36.46215,-52.30138,0.2212,-0.3351,376.2083,2015-09-14T00:00:00Z,SVP
116352,2015-07-11T08:00:00Z,-36.47391,-52.28902,0.245,-0.3385,376.2083,2015-09-14T00:00:00Z,SVP
116352,2015-07-11T09:00:00Z,-36.4841,-52.2864,0.1816,-0.3362,270.74997,2015-09-14T00:00:00Z,SVP
116352,2015-07-11T10:00:00Z,-36.4926,-52.27973,0.0801,-0.2655,200.41666,2015-09-14T00:00:00Z,SVP
116352,2015-07-11T11:00:00Z,-36.50257,-52.28167,0.0105,-0.2772,200.41666,2015-09-14T00:00:00Z,SVP
116352,2015-07-11T12:00:00Z,-36.50667,-52.25652,-0.0762,-0.0275,140.70834,2015-09-14T00:00:00Z,SVP
116352,2015-07-11T13:00:00Z,-36.5086,-52.26243,0.2654,-0.1388,102.0,2015-09-14T00:00:00Z,SVP
116352,2015-07-11T14:00:00Z,-36.51313,-52.25165,0.2879,-0.1633,703.2083,2015-09-14T00:00:00Z,SVP
116352,2015-07-11T15:00:00Z,-36.51848,-52.24063,0.2879,-0.1633,703.2083,2015-09-14T00:00:00Z,SVP
116352,2015-07-11T16:00:00Z,-36.52376,-52.22961,0.2884,-0.1633,703.2083,2015-09-14T00:00:00Z,SVP
116352,2015-07-11T17:00:00Z,-36.52899,-52.21882,0.29,-0.1635,703.2083,2015-09-14T00:00:00Z,SVP
116352,2015-07-11T18:00:00Z,-36.53413,-52.20831,0.3511,-0.1711,253.20834,2015-09-14T00:00:00Z,SVP
116352,2015-07-11T19:00:00Z,-36.53991,-52.19298,0.3332,-0.171,253.20834,2015-09-14T00:00:00Z,SVP
116352,2015-07-11T20:00:00Z,-36.54528,-52.17891,0.3673,-0.1665,115.958336,2015-09-14T00:00:00Z,SVP
116352,2015-07-11T21:00:00Z,-36.54959,-52.16473,0.333,-0.093,203.83333,2015-09-14T00:00:00Z,SVP
116352,2015-07-11T22:00:00Z,-36.5535,-52.15156,0.3337,-0.0898,203.83333,2015-09-14T00:00:00Z,SVP
116352,2015-07-11T23:00:00Z,-36.55605,-52.13803,0.3247,-0.0755,411.2917,2015-09-14T00:00:00Z,SVP
116352,2015-07-12T00:00:00Z,-36.5582,-52.12475,0.3247,-0.0755,411.2917,2015-09-14T00:00:00Z,SVP
116352,2015-07-12T01:00:00Z,-36.55998,-52.11111,0.3399,-0.0541,112.5,2015-09-14T00:00:00Z,SVP
116352,2015-07-12T02:00:00Z,-36.5621,-52.09695,0.3637,-0.0593,130.04166,2015-09-14T00:00:00Z,SVP
116352,2015-07-12T03:00:00Z,-36.5631,-52.08193,0.3819,-0.031,182.83333,2015-09-14T00:00:00Z,SVP
116352,2015-07-12T04:00:00Z,-36.56613,-52.06696,0.376,0.0044,249.58333,2015-09-14T00:00:00Z,SVP
116352,2015-07-12T05:00:00Z,-36.56391,-52.05114,0.3737,-0.0154,249.58333,2015-09-14T00:00:00Z,SVP
116352,2015-07-12T06:00:00Z,-36.56492,-52.03563,0.3932,-0.0076,372.5833,2015-09-14T00:00:00Z,SVP
116352,2015-07-12T07:00:00Z,-36.56551,-52.02067,0.3912,-0.0052,372.5833,2015-09-14T00:00:00Z,SVP
116352,2015-07-12T08:00:00Z,-36.56512,-52.00556,0.4045,0.0076,172.20833,2015-09-14T00:00:00Z,SVP
116352,2015-07-12T09:00:00Z,-36.5648,-51.98499,0.4631,0.063,0.0,2015-09-14T00:00:00Z,SVP
116352,2015-07-12T10:00:00Z,-36.56162,-51.97355,0.3168,0.0863,175.79167,2015-09-14T00:00:00Z,SVP
116352,2015-07-12T11:00:00Z,-36.55678,-51.95706,0.4195,0.2393,87.91667,2015-09-14T00:00:00Z,SVP
116352,2015-07-12T12:00:00Z,-36.54636,-51.94104,0.4039,0.3375,144.16667,2015-09-14T00:00:00Z,SVP
116352,2015-07-12T13:00:00Z,-36.5456,-51.92555,0.3144,0.0825,246.16667,2015-09-14T00:00:00Z,SVP
116352,2015-07-12T14:00:00Z,-36.5479,-51.91196,0.3371,0.1152,583.6666,2015-09-14T00:00:00Z,SVP
116352,2015-07-12T15:00:00Z,-36.54072,-51.89967,0.3307,0.0891,583.6666,2015-09-14T00:00:00Z,SVP
116352,2015-07-12T16:00:00Z,-36.53665,-51.887,0.3295,0.0786,583.6666,2015-09-14T00:00:00Z,SVP
116352,2015-07-12T17:00:00Z,-36.53374,-51.8744,0.3293,0.0757,583.6666,2015-09-14T00:00:00Z,SVP
116352,2015-07-12T18:00:00Z,-36.53156,-51.86039,0.4592,0.0572,256.66666,2015-09-14T00:00:00Z,SVP
116352,2015-07-12T19:00:00Z,-36.53023,-51.84138,0.4597,0.0486,256.66666,2015-09-14T00:00:00Z,SVP
116352,2015-07-12T20:00:00Z,-36.53278,-51.82332,0.4523,-0.0225,102.0,2015-09-14T00:00:00Z,SVP
116352,2015-07-12T21:00:00Z,-36.53154,-51.80717,0.3957,-0.0196,253.20834,2015-09-14T00:00:00Z,SVP
116352,2015-07-12T22:00:00Z,-36.5317,-51.79025,0.397,-0.018,400.79166,2015-09-14T00:00:00Z,SVP
116352,2015-07-12T23:00:00Z,-36.53332,-51.77471,0.3961,-0.0118,400.79166,2015-09-14T00:00:00Z,SVP
116352,2015-07-13T00:00:00Z,-36.5341,-51.7593,0.3962,-0.0089,400.79166,2015-09-14T00:00:00Z,SVP
116352,2015-07-13T01:00:00Z,-36.53483,-51.73233,0.9182,-0.0532,112.5,2015-09-14T00:00:00Z,SVP
116352,2015-07-13T02:00:00Z,-36.5367,-51.73918,0.187,-0.0593,594.1666,2015-09-14T00:00:00Z,SVP
116352,2015-07-13T03:00:00Z,-36.5388,-51.7321,0.188,-0.0593,594.1666,2015-09-14T00:00:00Z,SVP
116352,2015-07-13T04:00:00Z,-36.5409,-51.7247,0.1884,-0.0593,594.1666,2015-09-14T00:00:00Z,SVP
116352,2015-07-13T05:00:00Z,-36.5432,-51.71727,0.1888,-0.0591,594.1666,2015-09-14T00:00:00Z,SVP
116352,2015-07-13T06:00:00Z,-36.54482,-51.70843,0.1681,-0.0603,330.45834,2015-09-14T00:00:00Z,SVP
116352,2015-07-13T07:00:00Z,-36.54651,-51.70098,0.147,-0.0619,330.45834,2015-09-14T00:00:00Z,SVP
116352,2015-07-13T08:00:00Z,-36.54712,-51.69442,0.1715,0.0622,214.5,2015-09-14T00:00:00Z,SVP
116352,2015-07-13T09:00:00Z,-36.54388,-51.68765,0.1702,0.0739,214.5,2015-09-14T00:00:00Z,SVP
116352,2015-07-13T10:00:00Z,-36.54265,-51.67865,0.2113,0.0809,151.20834,2015-09-14T00:00:00Z,SVP
116352,2015-07-13T11:00:00Z,-36.53907,-51.66118,0.4025,0.1185,249.58333,2015-09-14T00:00:00Z,SVP
116352,2015-07-13T12:00:00Z,-36.53411,-51.64548,0.2242,0.3046,112.5,2015-09-14T00:00:00Z,SVP
116352,2015-07-13T13:00:00Z,-36.52354,-51.63752,0.3244,0.2767,130.04166,2015-09-14T00:00:00Z,SVP
116352,2015-07-13T14:00:00Z,-36.51441,-51.62585,0.3332,0.2406,604.6667,2015-09-14T00:00:00Z,SVP
116352,2015-07-13T15:00:00Z,-36.50619,-51.61251,0.3326,0.2397,604.6667,2015-09-14T00:00:00Z,SVP
116352,2015-07-13T16:00:00Z,-36.49805,-51.59862,0.3323,0.2387,604.6667,2015-09-14T00:00:00Z,SVP
116352,2015-07-13T17:00:00Z,-36.48972,-51.58386,0.3328,0.2365,604.6667,2015-09-14T00:00:00Z,SVP
116352,2015-07-13T18:00:00Z,-36.4817,-51.57089,0.3096,0.2476,260.0833,2015-09-14T00:00:00Z,SVP
116352,2015-07-13T19:00:00Z,-36.47524,-51.56073,0.3098,0.242,260.0833,2015-09-14T00:00:00Z,SVP
116352,2015-07-13T20:00:00Z,-36.46993,-51.54884,0.2728,0.1819,56.25,2015-09-14T00:00:00Z,SVP
116352,2015-07-13T21:00:00Z,-36.46422,-51.53774,0.2527,0.1435,193.33334,2015-09-14T00:00:00Z,SVP
116352,2015-07-13T22:00:00Z,-36.46001,-51.52573,0.3421,0.1434,369.16666,2015-09-14T00:00:00Z,SVP
116352,2015-07-13T23:00:00Z,-36.45511,-51.51216,0.3421,0.1433,369.16666,2015-09-14T00:00:00Z,SVP
116352,2015-07-14T00:00:00Z,-36.45053,-51.49867,0.3426,0.1441,369.16666,2015-09-14T00:00:00Z,SVP
116352,2015-07-14T01:00:00Z,-36.44593,-51.48539,0.2141,0.057,133.66667,2015-09-14T00:00:00Z,SVP
116352,2015-07-14T02:00:00Z,-36.44408,-51.4758,0.3866,0.034,119.54167,2015-09-14T00:00:00Z,SVP
116352,2015-07-14T03:00:00Z,-36.44541,-51.46074,0.4356,0.021,355.0417,2015-09-14T00:00:00Z,SVP
116352,2015-07-14T04:00:00Z,-36.44205,-51.44281,0.4367,0.0356,355.0417,2015-09-14T00:00:00Z,SVP
116352,2015-07-14T05:00:00Z,-36.43988,-51.42558,0.5098,-0.1154,276.0,2015-09-14T00:00:00Z,SVP
116352,2015-07-14T06:00:00Z,-36.44414,-51.40445,0.5109,-0.1132,276.0,2015-09-14T00:00:00Z,SVP
116352,2015-07-14T07:00:00Z,-36.4475,-51.38395,0.4688,-0.088,107.25,2015-09-14T00:00:00Z,SVP
116352,2015-07-14T08:00:00Z,-36.44681,-51.36846,0.2854,0.1476,161.70833,2015-09-14T00:00:00Z,SVP
116352,2015-07-14T09:00:00Z,-36.44169,-51.35606,0.326,0.1702,73.791664,2015-09-14T00:00:00Z,SVP
116352,2015-07-14T10:00:00Z,-36.44273,-51.34086,0.366,-0.0791,256.66666,2015-09-14T00:00:00Z,SVP
116352,2015-07-14T11:00:00Z,-36.44531,-51.33944,0.1943,-0.0778,256.66666,2015-09-14T00:00:00Z,SVP
116352,2015-07-14T12:00:00Z,-36.42498,-51.31385,0.3028,0.2389,133.66667,2015-09-14T00:00:00Z,SVP
116352,2015-07-14T13:00:00Z,-36.41901,-51.30361,0.1842,0.0833,137.08333,2015-09-14T00:00:00Z,SVP
116352,2015-07-14T14:00:00Z,-36.41654,-51.29572,0.1856,0.0606,643.3334,2015-09-14T00:00:00Z,SVP
116352,2015-07-14T15:00:00Z,-36.41427,-51.28825,0.1857,0.0612,643.3334,2015-09-14T00:00:00Z,SVP
116352,2015-07-14T16:00:00Z,-36.41184,-51.2809,0.1862,0.0617,643.3334,2015-09-14T00:00:00Z,SVP
116352,2015-07-14T17:00:00Z,-36.40918,-51.27367,0.1872,0.0617,643.3334,2015-09-14T00:00:00Z,SVP
116352,2015-07-14T18:00:00Z,-36.40803,-51.26548,0.2058,0.0335,372.5833,2015-09-14T00:00:00Z,SVP
116352,2015-07-14T19:00:00Z,-36.4083,-51.25673,0.2082,0.0315,372.5833,2015-09-14T00:00:00Z,SVP
116352,2015-07-14T20:00:00Z,-36.40769,-51.24799,0.2321,0.0559,144.16667,2015-09-14T00:00:00Z,SVP
116352,2015-07-14T21:00:00Z,-36.40427,-51.23712,0.1663,0.1092,98.416664,2015-09-14T00:00:00Z,SVP
116352,2015-07-14T22:00:00Z,-36.40082,-51.23027,0.2004,0.0951,161.70833,2015-09-14T00:00:00Z,SVP
116352,2015-07-14T23:00:00Z,-36.39776,-51.22304,0.2426,0.1277,302.4167,2015-09-14T00:00:00Z,SVP
116352,2015-07-15T00:00:00Z,-36.39345,-51.21246,0.2403,0.1294,302.4167,2015-09-14T00:00:00Z,SVP
116352,2015-07-15T01:00:00Z,-36.38941,-51.2034,0.233,0.139,126.58333,2015-09-14T00:00:00Z,SVP
116352,2015-07-15T02:00:00Z,-36.38439,-51.19269,0.3009,0.1782,116.083336,2015-09-14T00:00:00Z,SVP
116352,2015-07-15T03:00:00Z,-36.37975,-51.18137,0.3658,0.2159,397.20834,2015-09-14T00:00:00Z,SVP
116352,2015-07-15T04:00:00Z,-36.3708,-51.16657,0.3657,0.1795,397.20834,2015-09-14T00:00:00Z,SVP
116352,2015-07-15T05:00:00Z,-36.36489,-51.15232,0.3576,0.0145,242.54167,2015-09-14T00:00:00Z,SVP
116352,2015-07-15T06:00:00Z,-36.36515,-51.13796,0.3563,0.0186,242.54167,2015-09-14T00:00:00Z,SVP
116352,2015-07-15T07:00:00Z,-36.36384,-51.12514,0.3108,0.037,130.04166,2015-09-14T00:00:00Z,SVP
116352,2015-07-15T08:00:00Z,-36.36102,-51.11924,0.0888,0.1308,126.58333,2015-09-14T00:00:00Z,SVP
116352,2015-07-15T09:00:00Z,-36.3572,-51.11542,0.0557,0.089,147.58333,2015-09-14T00:00:00Z,SVP
116352,2015-07-15T10:00:00Z,-36.3553,-51.11226,0.0679,0.1662,133.66667,2015-09-14T00:00:00Z,SVP
116352,2015-07-15T11:00:00Z,-36.34989,-51.11239,0.0511,0.2188,168.75,2015-09-14T00:00:00Z,SVP
116352,2015-07-15T12:00:00Z,-36.34212,-51.10164,-0.2087,0.2526,133.66667,2015-09-14T00:00:00Z,SVP
116352,2015-07-15T13:00:00Z,-36.3355,-51.11105,-0.2046,0.1965,116.083336,2015-09-14T00:00:00Z,SVP
116352,2015-07-15T14:00:00Z,-36.32574,-51.10634,0.1967,0.1252,530.8334,2015-09-14T00:00:00Z,SVP
116352,2015-07-15T15:00:00Z,-36.32281,-51.09765,0.193,0.1332,530.8334,2015-09-14T00:00:00Z,SVP
116352,2015-07-15T16:00:00Z,-36.31795,-51.0902,0.1955,0.1263,530.8334,2015-09-14T00:00:00Z,SVP
116352,2015-07-15T17:00:00Z,-36.31284,-51.08325,0.2076,0.1091,530.8334,2015-09-14T00:00:00Z,SVP
116352,2015-07-15T18:00:00Z,-36.31027,-51.07492,0.2154,0.0818,256.66666,2015-09-14T00:00:00Z,SVP
116352,2015-07-15T19:00:00Z,-36.30762,-51.06624,0.1728,0.0922,126.58333,2015-09-14T00:00:00Z,SVP
116352,2015-07-15T20:00:00Z,-36.30306,-51.06233,0.1366,0.1681,94.958336,2015-09-14T00:00:00Z,SVP
116352,2015-07-15T21:00:00Z,-36.29705,-51.05731,0.1248,0.2115,147.58333,2015-09-14T00:00:00Z,SVP
116352,2015-07-15T22:00:00Z,-36.28968,-51.05278,0.1061,0.2346,140.70834,2015-09-14T00:00:00Z,SVP
116352,2015-07-15T23:00:00Z,-36.28288,-51.04721,0.1375,0.2132,305.83334,2015-09-14T00:00:00Z,SVP
116352,2015-07-16T00:00:00Z,-36.27574,-51.04026,0.1423,0.213,305.83334,2015-09-14T00:00:00Z,SVP
116352,2015-07-16T01:00:00Z,-36.27026,-51.03676,0.1336,0.1794,130.04166,2015-09-14T00:00:00Z,SVP
116352,2015-07-16T02:00:00Z,-36.26434,-51.03146,0.1118,0.2148,418.33334,2015-09-14T00:00:00Z,SVP
116352,2015-07-16T03:00:00Z,-36.25712,-51.0273,0.1111,0.2151,418.33334,2015-09-14T00:00:00Z,SVP
116352,2015-07-16T04:00:00Z,-36.24994,-51.02271,0.1107,0.2151,418.33334,2015-09-14T00:00:00Z,SVP
116352,2015-07-16T05:00:00Z,-36.24314,-51.01849,0.0825,0.2018,235.50002,2015-09-14T00:00:00Z,SVP
116352,2015-07-16T06:00:00Z,-36.23704,-51.0156,0.0824,0.2017,235.50002,2015-09-14T00:00:00Z,SVP
116352,2015-07-16T07:00:00Z,-36.23088,-51.01246,0.0725,0.1825,137.08333,2015-09-14T00:00:00Z,SVP
116352,2015-07-16T08:00:00Z,-36.22616,-51.0082,0.1167,0.1344,109.041664,2015-09-14T00:00:00Z,SVP
116352,2015-07-16T09:00:00Z,-36.22129,-51.00582,0.0256,0.1924,249.58333,2015-09-14T00:00:00Z,SVP
116352,2015-07-16T10:00:00Z,-36.21492,-51.01247,-0.0349,0.1947,249.58333,2015-09-14T00:00:00Z,SVP
116352,2015-07-16T11:00:00Z,-36.20883,-51.00431,0.0075,0.2057,203.83333,2015-09-14T00:00:00Z,SVP
116352,2015-07-16T12:00:00Z,-36.20125,-51.00592,-0.3141,0.2306,130.04166,2015-09-14T00:00:00Z,SVP
116352,2015-07-16T13:00:00Z,-36.19258,-51.0202,-0.3842,0.3055,119.54167,2015-09-14T00:00:00Z,SVP
116352,2015-07-16T14:00:00Z,-36.1834,-51.02174,0.0845,0.2893,555.4583,2015-09-14T00:00:00Z,SVP
116352,2015-07-16T15:00:00Z,-36.17392,-51.01857,0.0856,0.2887,555.4583,2015-09-14T00:00:00Z,SVP
116352,2015-07-16T16:00:00Z,-36.16402,-51.01571,0.0882,0.288,555.4583,2015-09-14T00:00:00Z,SVP
116352,2015-07-16T17:00:00Z,-36.15348,-51.01309,0.1194,0.1594,256.66666,2015-09-14T00:00:00Z,SVP
116352,2015-07-16T18:00:00Z,-36.14826,-51.0071,0.1137,0.1543,256.66666,2015-09-14T00:00:00Z,SVP
116352,2015-07-16T19:00:00Z,-36.14273,-51.00166,0.1429,0.1529,217.95833,2015-09-14T00:00:00Z,SVP
116352,2015-07-16T20:00:00Z,-36.14092,-50.99743,0.1353,0.1231,217.95833,2015-09-14T00:00:00Z,SVP
116352,2015-07-16T21:00:00Z,-36.12916,-50.99005,0.148,0.2317,151.20834,2015-09-14T00:00:00Z,SVP
116352,2015-07-16T22:00:00Z,-36.12628,-50.98584,0.059,0.2049,309.45834,2015-09-14T00:00:00Z,SVP
116352,2015-07-16T23:00:00Z,-36.11928,-50.98386,0.0552,0.206,309.45834,2015-09-14T00:00:00Z,SVP
116352,2015-07-17T00:00:00Z,-36.11311,-50.98083,0.0076,0.2339,123.0,2015-09-14T00:00:00Z,SVP
116352,2015-07-17T01:00:00Z,-36.1044,-50.98214,-0.0526,0.2956,112.5,2015-09-14T00:00:00Z,SVP
116352,2015-07-17T02:00:00Z,-36.09561,-50.9819,0.0527,0.2567,144.16667,2015-09-14T00:00:00Z,SVP
116352,2015-07-17T03:00:00Z,-36.08715,-50.98047,0.0689,0.1868,298.7917,2015-09-14T00:00:00Z,SVP
116352,2015-07-17T04:00:00Z,-36.08089,-50.97713,0.0661,0.1825,298.7917,2015-09-14T00:00:00Z,SVP
116352,2015-07-17T05:00:00Z,-36.07586,-50.97609,-0.0024,0.1381,246.16667,2015-09-14T00:00:00Z,SVP
116352,2015-07-17T06:00:00Z,-36.07174,-50.97635,-0.0039,0.1383,246.16667,2015-09-14T00:00:00Z,SVP
116352,2015-07-17T07:00:00Z,-36.06764,-50.97665,-0.0081,0.1173,200.41666,2015-09-14T00:00:00Z,SVP
116352,2015-07-17T08:00:00Z,-36.0642,-50.97583,0.0433,0.1008,168.75,2015-09-14T00:00:00Z,SVP
116352,2015-07-17T09:00:00Z,-36.05998,-50.97112,0.1489,0.14,175.79167,2015-09-14T00:00:00Z,SVP
116352,2015-07-17T10:00:00Z,-36.05599,-50.97137,0.0266,0.1543,228.58334,2015-09-14T00:00:00Z,SVP
116352,2015-07-17T11:00:00Z,-36.04205,-50.95674,0.184,0.2621,228.58334,2015-09-14T00:00:00Z,SVP
116352,2015-07-17T12:00:00Z,-36.04623,-50.97182,-0.063,0.1414,137.08333,2015-09-14T00:00:00Z,SVP
116352,2015-07-17T13:00:00Z,-36.04149,-50.97299,-0.0227,0.14,133.66667,2015-09-14T00:00:00Z,SVP
116352,2015-07-17T14:00:00Z,-36.03933,-50.97213,-0.0402,0.1864,457.04166,2015-09-14T00:00:00Z,SVP
116352,2015-07-17T15:00:00Z,-36.03235,-50.9746,-0.0375,0.1815,457.04166,2015-09-14T00:00:00Z,SVP
116352,2015-07-17T16:00:00Z,-36.02688,-50.97655,-0.0358,0.1863,457.04166,2015-09-14T00:00:00Z,SVP
116352,2015-07-17T17:00:00Z,-36.02178,-50.97849,-0.0065,0.2137,246.16667,2015-09-14T00:00:00Z,SVP
116352,2015-07-17T18:00:00Z,-36.01378,-50.97855,-0.0048,0.2152,246.16667,2015-09-14T00:00:00Z,SVP
116352,2015-07-17T19:00:00Z,-36.00783,-50.97863,0.0071,0.1672,372.5833,2015-09-14T00:00:00Z,SVP
116352,2015-07-17T20:00:00Z,-36.00324,-50.97784,0.0114,0.1636,372.5833,2015-09-14T00:00:00Z,SVP
116352,2015-07-17T21:00:00Z,-35.9989,-50.97435,0.0491,0.1243,63.291664,2015-09-14T00:00:00Z,SVP
116352,2015-07-17T22:00:00Z,-35.99365,-50.98093,-0.1293,0.1716,186.29166,2015-09-14T00:00:00Z,SVP
116352,2015-07-17T23:00:00Z,-36.00794,-50.96893,-0.4173,0.5592,274.2083,2015-09-14T00:00:00Z,SVP
116352,2015-07-18T00:00:00Z,-35.98152,-50.99178,-0.1025,0.202,274.2083,2015-09-14T00:00:00Z,SVP
116352,2015-07-18T01:00:00Z,-35.97529,-50.98622,-0.2368,0.209,116.083336,2015-09-14T00:00:00Z,SVP
116352,2015-07-18T02:00:00Z,-35.96895,-50.99723,-0.043,0.203,133.66667,2015-09-14T00:00:00Z,SVP
116352,2015-07-18T03:00:00Z,-35.96226,-50.99851,-0.0442,0.2039,330.45834,2015-09-14T00:00:00Z,SVP
116352,2015-07-18T04:00:00Z,-35.95531,-50.99985,-0.0467,0.2029,330.45834,2015-09-14T00:00:00Z,SVP
116352,2015-07-18T05:00:00Z,-35.949,-51.00288,-0.0607,0.2014,242.54167,2015-09-14T00:00:00Z,SVP
116352,2015-07-18T06:00:00Z,-35.94264,-51.00477,-0.0701,0.2271,115.958336,2015-09-14T00:00:00Z,SVP
116352,2015-07-18T07:00:00Z,-35.93537,-51.00769,0.046,0.231,256.66666,2015-09-14T00:00:00Z,SVP
116352,2015-07-18T08:00:00Z,-35.92746,-51.00507,0.0567,0.2337,256.66666,2015-09-14T00:00:00Z,SVP
116352,2015-07-18T09:00:00Z,-35.92228,-51.00013,0.108,0.1614,115.958336,2015-09-14T00:00:00Z,SVP
116352,2015-07-18T10:00:00Z,-35.9161,-51.00163,-0.0025,0.1761,246.16667,2015-09-14T00:00:00Z,SVP
116352,2015-07-18T11:00:00Z,-35.91044,-51.00254,0.0651,0.2839,144.16667,2015-09-14T00:00:00Z,SVP
116352,2015-07-18T12:00:00Z,-35.89903,-50.99979,0.1161,0.2372,246.16667,2015-09-14T00:00:00Z,SVP
116352,2015-07-18T13:00:00Z,-35.89196,-50.99538,0.1162,0.2328,246.16667,2015-09-14T00:00:00Z,SVP
116352,2015-07-18T14:00:00Z,-35.88676,-50.99021,0.1347,0.152,485.08334,2015-09-14T00:00:00Z,SVP
116352,2015-07-18T15:00:00Z,-35.88249,-50.98436,0.1361,0.15,485.08334,2015-09-14T00:00:00Z,SVP
116352,2015-07-18T16:00:00Z,-35.87899,-50.97802,0.1388,0.1449,485.08334,2015-09-14T00:00:00Z,SVP
116352,2015-07-18T17:00:00Z,-35.88256,-50.97046,0.0705,0.2748,239.08334,2015-09-14T00:00:00Z,SVP
116352,2015-07-18T18:00:00Z,-35.86714,-50.96933,0.1121,0.1547,239.08334,2015-09-14T00:00:00Z,SVP
116352,2015-07-18T19:00:00Z,-35.86179,-50.96623,0.038,0.2098,346.33334,2015-09-14T00:00:00Z,SVP
116352,2015-07-18T20:00:00Z,-35.85633,-50.96379,0.043,0.212,346.33334,2015-09-14T00:00:00Z,SVP
116352,2015-07-18T21:00:00Z,-35.85021,-50.96253,0.0335,0.1868,223.20834,2015-09-14T00:00:00Z,SVP
116352,2015-07-18T22:00:00Z,-35.84129,-50.96491,0.0123,0.2073,223.20834,2015-09-14T00:00:00Z,SVP
116352,2015-07-18T23:00:00Z,-35.83728,-50.95653,0.2344,0.1399,369.16666,2015-09-14T00:00:00Z,SVP
116352,2015-07-19T00:00:00Z,-35.83175,-50.94702,0.2325,0.1333,369.16666,2015-09-14T00:00:00Z,SVP
116352,2015-07-19T01:00:00Z,-35.82679,-50.93778,0.1683,0.1299,235.50002,2015-09-14T00:00:00Z,SVP
116352,2015-07-19T02:00:00Z,-35.82473,-50.93265,0.1636,0.1259,235.50002,2015-09-14T00:00:00Z,SVP
116352,2015-07-19T03:00:00Z,-35.82017,-50.92629,0.1576,0.1381,246.16667,2015-09-14T00:00:00Z,SVP
116352,2015-07-19T04:00:00Z,-35.81451,-50.91856,0.1566,0.1327,246.16667,2015-09-14T00:00:00Z,SVP
116352,2015-07-19T05:00:00Z,-35.81085,-50.91329,0.186,0.1451,242.54167,2015-09-14T00:00:00Z,SVP
116352,2015-07-19T06:00:00Z,-35.80644,-50.9055,0.3117,0.1195,372.5833,2015-09-14T00:00:00Z,SVP
116352,2015-07-19T07:00:00Z,-35.80246,-50.89095,0.3096,0.1199,372.5833,2015-09-14T00:00:00Z,SVP
116352,2015-07-19T08:00:00Z,-35.79836,-50.87582,0.2844,0.1205,372.5833,2015-09-14T00:00:00Z,SVP
116352,2015-07-19T09:00:00Z,-35.79393,-50.86309,0.3561,0.1338,316.3333,2015-09-14T00:00:00Z,SVP
116352,2015-07-19T10:00:00Z,-35.79027,-50.85326,0.3317,0.1319,316.3333,2015-09-14T00:00:00Z,SVP
116352,2015-07-19T11:00:00Z,-35.78605,-50.83805,0.3532,0.1332,274.2083,2015-09-14T00:00:00Z,SVP
116352,2015-07-19T12:00:00Z,-35.78022,-50.81883,0.349,0.1327,274.2083,2015-09-14T00:00:00Z,SVP
116352,2015-07-19T13:00:00Z,-35.77861,-50.81033,0.331,0.0652,147.58333,2015-09-14T00:00:00Z,SVP
116352,2015-07-19T14:00:00Z,-35.77666,-50.79623,0.3368,0.0409,741.9167,2015-09-14T00:00:00Z,SVP
116352,2015-07-19T15:00:00Z,-35.77513,-50.78234,0.34,0.041,741.9167,2015-09-14T00:00:00Z,SVP
116352,2015-07-19T16:00:00Z,-35.77363,-50.76878,0.3403,0.0409,741.9167,2015-09-14T00:00:00Z,SVP
116352,2015-07-19T17:00:00Z,-35.77205,-50.75575,0.3383,0.0409,741.9167,2015-09-14T00:00:00Z,SVP
116352,2015-07-19T18:00:00Z,-35.77009,-50.74349,0.3346,0.0405,741.9167,2015-09-14T00:00:00Z,SVP
116352,2015-07-19T19:00:00Z,-35.77042,-50.73208,0.324,0.0316,274.2083,2015-09-14T00:00:00Z,SVP
116352,2015-07-19T20:00:00Z,-35.76929,-50.69616,-0.3187,0.0504,91.33333,2015-09-14T00:00:00Z,SVP
116352,2015-07-19T21:00:00Z,-35.76774,-50.71212,0.0781,0.062,151.20834,2015-09-14T00:00:00Z,SVP
116352,2015-07-19T22:00:00Z,-35.76814,-50.7021,0.2989,-0.0171,102.0,2015-09-14T00:00:00Z,SVP
116352,2015-07-19T23:00:00Z,-35.76744,-50.6912,0.3084,-4.0E-4,337.5,2015-09-14T00:00:00Z,SVP
116352,2015-07-20T00:00:00Z,-35.76778,-50.67854,0.3065,0.0039,337.5,2015-09-14T00:00:00Z,SVP
116352,2015-07-20T01:00:00Z,-35.76701,-50.66927,0.1001,0.0344,144.16667,2015-09-14T00:00:00Z,SVP
116352,2015-07-20T02:00:00Z,-35.76702,-50.6671,0.0651,0.0409,115.958336,2015-09-14T00:00:00Z,SVP
116352,2015-07-20T03:00:00Z,-35.76398,-50.65906,0.1974,0.1226,256.66666,2015-09-14T00:00:00Z,SVP
116352,2015-07-20T04:00:00Z,-35.76044,-50.65106,0.1963,0.1286,246.16667,2015-09-14T00:00:00Z,SVP
116352,2015-07-20T05:00:00Z,-35.75609,-50.64372,0.1967,0.1271,246.16667,2015-09-14T00:00:00Z,SVP
116352,2015-07-20T06:00:00Z,-35.75187,-50.63593,0.1744,0.1063,337.5,2015-09-14T00:00:00Z,SVP
116352,2015-07-20T07:00:00Z,-35.74887,-50.62891,0.1742,0.1063,337.5,2015-09-14T00:00:00Z,SVP
116352,2015-07-20T08:00:00Z,-35.74545,-50.62175,0.1738,0.1149,249.58333,2015-09-14T00:00:00Z,SVP
116352,2015-07-20T09:00:00Z,-35.74116,-50.61548,0.1698,0.1186,249.58333,2015-09-14T00:00:00Z,SVP
116352,2015-07-20T10:00:00Z,-35.73595,-50.60979,0.1533,0.1597,358.6667,2015-09-14T00:00:00Z,SVP
116352,2015-07-20T11:00:00Z,-35.73115,-50.60147,0.1704,0.1574,358.6667,2015-09-14T00:00:00Z,SVP
116352,2015-07-20T12:00:00Z,-35.72757,-50.59449,0.0465,0.1495,242.54167,2015-09-14T00:00:00Z,SVP
116352,2015-07-20T13:00:00Z,-35.71737,-50.60434,0.0655,0.2011,242.54167,2015-09-14T00:00:00Z,SVP
116352,2015-07-20T14:00:00Z,-35.71233,-50.6024,0.0874,0.0881,675.0,2015-09-14T00:00:00Z,SVP
116352,2015-07-20T15:00:00Z,-35.71051,-50.59732,0.0815,0.0931,675.0,2015-09-14T00:00:00Z,SVP
116352,2015-07-20T16:00:00Z,-35.70812,-50.59027,0.0572,0.0972,675.0,2015-09-14T00:00:00Z,SVP
116352,2015-07-20T17:00:00Z,-35.70528,-50.58663,0.0474,0.0998,675.0,2015-09-14T00:00:00Z,SVP
116352,2015-07-20T18:00:00Z,-35.70164,-50.5841,0.0635,0.1057,319.9583,2015-09-14T00:00:00Z,SVP
116352,2015-07-20T19:00:00Z,-35.69788,-50.58378,0.0796,0.1077,319.9583,2015-09-14T00:00:00Z,SVP
116352,2015-07-20T20:00:00Z,-35.69512,-50.58173,0.088,0.1161,319.9583,2015-09-14T00:00:00Z,SVP
116352,2015-07-20T21:00:00Z,-35.68908,-50.57767,0.0752,0.1542,260.0833,2015-09-14T00:00:00Z,SVP
116352,2015-07-20T22:00:00Z,-35.68298,-50.57443,0.0552,0.1311,348.0,2015-09-14T00:00:00Z,SVP
116352,2015-07-20T23:00:00Z,-35.67977,-50.57305,0.0488,0.1348,348.0,2015-09-14T00:00:00Z,SVP
116352,2015-07-21T00:00:00Z,-35.67591,-50.57047,0.0495,0.1371,348.0,2015-09-14T00:00:00Z,SVP
116352,2015-07-21T01:00:00Z,-35.67203,-50.57698,-0.2019,0.0985,144.16667,2015-09-14T00:00:00Z,SVP
116352,2015-07-21T02:00:00Z,-35.6717,-50.58265,-0.0152,0.0328,274.2083,2015-09-14T00:00:00Z,SVP
116352,2015-07-21T03:00:00Z,-35.6703,-50.58118,0.0072,0.0437,274.2083,2015-09-14T00:00:00Z,SVP
116352,2015-07-21T04:00:00Z,-35.66762,-50.57753,0.1751,0.1963,249.58333,2015-09-14T00:00:00Z,SVP
116352,2015-07-21T05:00:00Z,-35.65858,-50.5662,0.1485,0.1659,249.58333,2015-09-14T00:00:00Z,SVP
116352,2015-07-21T06:00:00Z,-35.65364,-50.56035,0.1183,0.1636,305.83334,2015-09-14T00:00:00Z,SVP
116352,2015-07-21T07:00:00Z,-35.64876,-50.55627,0.129,0.169,305.83334,2015-09-14T00:00:00Z,SVP
116352,2015-07-21T08:00:00Z,-35.64381,-50.55087,0.1285,0.1238,182.83333,2015-09-14T00:00:00Z,SVP
116352,2015-07-21T09:00:00Z,-35.6386,-50.5456,0.1272,0.1362,182.83333,2015-09-14T00:00:00Z,SVP
116352,2015-07-21T10:00:00Z,-35.6345,-50.53547,0.2108,0.1329,281.25,2015-09-14T00:00:00Z,SVP
116352,2015-07-21T11:00:00Z,-35.63133,-50.52953,0.2178,0.1613,80.83333,2015-09-14T00:00:00Z,SVP
116352,2015-07-21T12:00:00Z,-35.6236,-50.52324,-0.0712,0.2712,144.16667,2015-09-14T00:00:00Z,SVP
116352,2015-07-21T13:00:00Z,-35.61426,-50.52649,-0.0813,0.257,112.5,2015-09-14T00:00:00Z,SVP
116352,2015-07-21T14:00:00Z,-35.61361,-50.52188,0.1001,0.0269,678.4583,2015-09-14T00:00:00Z,SVP
116352,2015-07-21T15:00:00Z,-35.61375,-50.5173,0.098,0.0337,678.4583,2015-09-14T00:00:00Z,SVP
116352,2015-07-21T16:00:00Z,-35.61318,-50.51294,0.096,0.0385,678.4583,2015-09-14T00:00:00Z,SVP
116352,2015-07-21T17:00:00Z,-35.61223,-50.50858,0.0929,0.0423,678.4583,2015-09-14T00:00:00Z,SVP
116352,2015-07-21T18:00:00Z,-35.61084,-50.50458,0.0998,0.0146,256.66666,2015-09-14T00:00:00Z,SVP
116352,2015-07-21T19:00:00Z,-35.60976,-50.50173,0.105,0.0123,256.66666,2015-09-14T00:00:00Z,SVP
116352,2015-07-21T20:00:00Z,-35.60972,-50.49733,0.0948,0.0074,145.95833,2015-09-14T00:00:00Z,SVP
116352,2015-07-21T21:00:00Z,-35.60889,-50.49432,0.0798,0.0234,149.41667,2015-09-14T00:00:00Z,SVP
116352,2015-07-21T22:00:00Z,-35.60816,-50.49078,0.1254,-0.0345,541.3334,2015-09-14T00:00:00Z,SVP
116352,2015-07-21T23:00:00Z,-35.60956,-50.48646,0.1185,-0.0367,541.3334,2015-09-14T00:00:00Z,SVP
116352,2015-07-22T00:00:00Z,-35.611,-50.48241,0.1139,-0.038,541.3334,2015-09-14T00:00:00Z,SVP
116352,2015-07-22T01:00:00Z,-35.61279,-50.47927,0.1065,-0.0404,541.3334,2015-09-14T00:00:00Z,SVP
116352,2015-07-22T02:00:00Z,-35.61195,-50.47205,0.1182,-0.0073,144.16667,2015-09-14T00:00:00Z,SVP
116352,2015-07-22T03:00:00Z,-35.61159,-50.46662,0.094,0.0331,689.0833,2015-09-14T00:00:00Z,SVP
116352,2015-07-22T04:00:00Z,-35.61073,-50.46372,0.0983,0.0337,689.0833,2015-09-14T00:00:00Z,SVP
116352,2015-07-22T05:00:00Z,-35.60973,-50.46007,0.1,0.034,689.0833,2015-09-14T00:00:00Z,SVP
116352,2015-07-22T06:00:00Z,-35.6087,-50.45612,0.1001,0.0343,689.0833,2015-09-14T00:00:00Z,SVP
116352,2015-07-22T07:00:00Z,-35.60775,-50.45187,0.0956,0.0353,689.0833,2015-09-14T00:00:00Z,SVP
116352,2015-07-22T08:00:00Z,-35.60778,-50.44742,0.1487,-0.0734,147.58333,2015-09-14T00:00:00Z,SVP
116352,2015-07-22T09:00:00Z,-35.61026,-50.4418,0.1302,-0.0868,94.958336,2015-09-14T00:00:00Z,SVP
116352,2015-07-22T10:00:00Z,-35.61027,-50.44401,-0.0718,0.0191,179.25,2015-09-14T00:00:00Z,SVP
116352,2015-07-22T11:00:00Z,-35.61027,-50.43723,0.0408,0.0168,102.0,2015-09-14T00:00:00Z,SVP
116352,2015-07-22T12:00:00Z,-35.61194,-50.43834,0.1077,-0.0969,140.70834,2015-09-14T00:00:00Z,SVP
116352,2015-07-22T13:00:00Z,-35.61494,-50.43328,0.2012,-0.0078,696.1666,2015-09-14T00:00:00Z,SVP
116352,2015-07-22T14:00:00Z,-35.61472,-50.42492,0.2018,-0.0051,696.1666,2015-09-14T00:00:00Z,SVP
116352,2015-07-22T15:00:00Z,-35.61484,-50.41682,0.202,-0.0047,696.1666,2015-09-14T00:00:00Z,SVP
116352,2015-07-22T16:00:00Z,-35.61523,-50.40886,0.202,-0.0052,696.1666,2015-09-14T00:00:00Z,SVP
116352,2015-07-22T17:00:00Z,-35.61609,-50.40112,0.2019,-0.007,696.1666,2015-09-14T00:00:00Z,SVP
116352,2015-07-22T18:00:00Z,-35.61486,-50.39305,0.2086,0.0346,256.66666,2015-09-14T00:00:00Z,SVP
116352,2015-07-22T19:00:00Z,-35.61235,-50.38394,0.2099,0.0269,256.66666,2015-09-14T00:00:00Z,SVP
116352,2015-07-22T20:00:00Z,-35.60916,-50.37818,0.0529,0.2651,151.20834,2015-09-14T00:00:00Z,SVP
116352,2015-07-22T21:00:00Z,-35.59844,-50.37537,0.0627,0.109,98.416664,2015-09-14T00:00:00Z,SVP
116352,2015-07-22T22:00:00Z,-35.59586,-50.37375,0.0563,0.0555,151.20834,2015-09-14T00:00:00Z,SVP
116352,2015-07-22T23:00:00Z,-35.59466,-50.37032,0.0546,0.0908,267.16666,2015-09-14T00:00:00Z,SVP
116352,2015-07-23T00:00:00Z,-35.59107,-50.36978,0.052,0.0883,267.16666,2015-09-14T00:00:00Z,SVP
116352,2015-07-23T01:00:00Z,-35.58944,-50.36799,0.0077,0.0235,116.083336,2015-09-14T00:00:00Z,SVP
116352,2015-07-23T02:00:00Z,-35.59044,-50.36806,0.0086,-0.0383,569.5417,2015-09-14T00:00:00Z,SVP
116352,2015-07-23T03:00:00Z,-35.59139,-50.36831,0.0093,-0.0373,569.5417,2015-09-14T00:00:00Z,SVP
116352,2015-07-23T04:00:00Z,-35.59166,-50.36852,0.01,-0.0333,569.5417,2015-09-14T00:00:00Z,SVP
116352,2015-07-23T05:00:00Z,-35.59112,-50.3695,0.01,-0.093,379.66666,2015-09-14T00:00:00Z,SVP
116352,2015-07-23T06:00:00Z,-35.59507,-50.36805,0.0074,-0.0863,379.66666,2015-09-14T00:00:00Z,SVP
116352,2015-07-23T07:00:00Z,-35.59853,-50.36627,-0.0164,-0.0789,379.66666,2015-09-14T00:00:00Z,SVP
116352,2015-07-23T08:00:00Z,-35.60132,-50.36652,0.0236,-0.1061,109.041664,2015-09-14T00:00:00Z,SVP
116352,2015-07-23T09:00:00Z,-35.6067,-50.35981,0.0998,-0.1727,126.58333,2015-09-14T00:00:00Z,SVP
116352,2015-07-23T10:00:00Z,-35.61316,-50.36278,-0.043,-0.1023,274.2083,2015-09-14T00:00:00Z,SVP
116352,2015-07-23T11:00:00Z,-35.61556,-50.36245,-0.0403,-0.1035,274.2083,2015-09-14T00:00:00Z,SVP
116352,2015-07-23T12:00:00Z,-35.61984,-50.36037,0.1278,-0.1208,112.5,2015-09-14T00:00:00Z,SVP
116352,2015-07-23T13:00:00Z,-35.62496,-50.35425,0.172,-0.2177,133.66667,2015-09-14T00:00:00Z,SVP
116352,2015-07-23T14:00:00Z,-35.63164,-50.35434,-0.1129,-0.2193,608.24994,2015-09-14T00:00:00Z,SVP
116352,2015-07-23T15:00:00Z,-35.63868,-50.3589,-0.1129,-0.2192,608.24994,2015-09-14T00:00:00Z,SVP
116352,2015-07-23T16:00:00Z,-35.64584,-50.36332,-0.1132,-0.219,608.24994,2015-09-14T00:00:00Z,SVP
116352,2015-07-23T17:00:00Z,-35.65316,-50.36758,-0.1141,-0.2185,608.24994,2015-09-14T00:00:00Z,SVP
116352,2015-07-23T18:00:00Z,-35.65917,-50.37167,-0.1081,-0.188,242.54167,2015-09-14T00:00:00Z,SVP
116352,2015-07-23T19:00:00Z,-35.665,-50.37742,-0.1123,-0.1863,242.54167,2015-09-14T00:00:00Z,SVP
116352,2015-07-23T20:00:00Z,-35.66939,-50.37942,-0.0883,-0.1423,228.45833,2015-09-14T00:00:00Z,SVP
116352,2015-07-23T21:00:00Z,-35.67404,-50.38312,-0.0755,-0.1384,84.458336,2015-09-14T00:00:00Z,SVP
116352,2015-07-23T22:00:00Z,-35.67751,-50.3862,-0.0468,-0.0964,108.91667,2015-09-14T00:00:00Z,SVP
116352,2015-07-23T23:00:00Z,-35.67997,-50.38826,-0.06,-0.0615,379.66666,2015-09-14T00:00:00Z,SVP
116352,2015-07-24T00:00:00Z,-35.68266,-50.39037,-0.0591,-0.0665,379.66666,2015-09-14T00:00:00Z,SVP
116352,2015-07-24T01:00:00Z,-35.68501,-50.39331,-0.0758,-0.0615,144.16667,2015-09-14T00:00:00Z,SVP
116352,2015-07-24T02:00:00Z,-35.68441,-50.39744,-0.0952,0.0213,115.958336,2015-09-14T00:00:00Z,SVP
116352,2015-07-24T03:00:00Z,-35.68456,-50.4034,-0.0324,0.0686,351.58334,2015-09-14T00:00:00Z,SVP
116352,2015-07-24T04:00:00Z,-35.68245,-50.40415,-0.039,0.0735,351.58334,2015-09-14T00:00:00Z,SVP
116352,2015-07-24T05:00:00Z,-35.68038,-50.40631,-0.0036,0.1337,249.58333,2015-09-14T00:00:00Z,SVP
116352,2015-07-24T06:00:00Z,-35.67556,-50.40661,-0.0043,0.1326,249.58333,2015-09-14T00:00:00Z,SVP
116352,2015-07-24T07:00:00Z,-35.67047,-50.40682,-0.0093,0.1627,126.58333,2015-09-14T00:00:00Z,SVP
116352,2015-07-24T08:00:00Z,-35.66363,-50.40606,0.058,0.209,158.25,2015-09-14T00:00:00Z,SVP
116352,2015-07-24T09:00:00Z,-35.65794,-50.40645,-0.0227,0.0973,73.791664,2015-09-14T00:00:00Z,SVP
116352,2015-07-24T10:00:00Z,-35.65469,-50.40113,0.0746,0.1242,256.66666,2015-09-14T00:00:00Z,SVP
116352,2015-07-24T11:00:00Z,-35.65105,-50.41102,-0.0604,0.1273,256.66666,2015-09-14T00:00:00Z,SVP
116352,2015-07-24T12:00:00Z,-35.64099,-50.39128,0.055,0.2421,158.25,2015-09-14T00:00:00Z,SVP
116352,2015-07-24T13:00:00Z,-35.63287,-50.38917,0.2535,0.308,130.04166,2015-09-14T00:00:00Z,SVP
116352,2015-07-24T14:00:00Z,-35.62071,-50.4016,0.4405,0.1284,513.2917,2015-09-14T00:00:00Z,SVP
116352,2015-07-24T15:00:00Z,-35.62117,-50.3665,0.3,0.1653,513.2917,2015-09-14T00:00:00Z,SVP
116352,2015-07-24T16:00:00Z,-35.61627,-50.35467,0.3007,0.1676,513.2917,2015-09-14T00:00:00Z,SVP
116352,2015-07-24T17:00:00Z,-35.6113,-50.34312,0.3038,0.1702,513.2917,2015-09-14T00:00:00Z,SVP
116352,2015-07-24T18:00:00Z,-35.60485,-50.33066,0.3588,0.2062,242.54167,2015-09-14T00:00:00Z,SVP
116352,2015-07-24T19:00:00Z,-35.59731,-50.31657,0.3516,0.262,119.54167,2015-09-14T00:00:00Z,SVP
116352,2015-07-24T20:00:00Z,-35.58862,-50.30064,0.4276,0.2584,73.791664,2015-09-14T00:00:00Z,SVP
116352,2015-07-24T21:00:00Z,-35.58416,-50.28416,0.2813,0.0788,94.958336,2015-09-14T00:00:00Z,SVP
116352,2015-07-24T22:00:00Z,-35.58111,-50.27652,0.1117,0.0359,52.791668,2015-09-14T00:00:00Z,SVP
116352,2015-07-24T23:00:00Z,-35.57688,-50.26417,0.3305,-0.0687,330.45834,2015-09-14T00:00:00Z,SVP
116352,2015-07-25T00:00:00Z,-35.58087,-50.23872,0.4823,-0.0209,330.45834,2015-09-14T00:00:00Z,SVP
116352,2015-07-25T01:00:00Z,-35.58263,-50.23993,0.3013,-0.1139,151.20834,2015-09-14T00:00:00Z,SVP
116352,2015-07-25T02:00:00Z,-35.58785,-50.22985,0.1951,-0.1328,105.458336,2015-09-14T00:00:00Z,SVP
116352,2015-07-25T03:00:00Z,-35.59172,-50.22173,0.2152,-0.1453,376.2083,2015-09-14T00:00:00Z,SVP
116352,2015-07-25T04:00:00Z,-35.59557,-50.21297,0.2146,-0.1506,376.2083,2015-09-14T00:00:00Z,SVP
116352,2015-07-25T05:00:00Z,-35.60047,-50.20482,0.1976,-0.1641,242.54167,2015-09-14T00:00:00Z,SVP
116352,2015-07-25T06:00:00Z,-35.6067,-50.19698,0.1954,-0.158,242.54167,2015-09-14T00:00:00Z,SVP
116352,2015-07-25T07:00:00Z,-35.61175,-50.19303,0.0811,-0.1723,147.58333,2015-09-14T00:00:00Z,SVP
116352,2015-07-25T08:00:00Z,-35.6165,-50.19157,0.0309,-0.1403,210.91667,2015-09-14T00:00:00Z,SVP
116352,2015-07-25T09:00:00Z,-35.62147,-50.19019,-0.0038,-0.197,59.708332,2015-09-14T00:00:00Z,SVP
116352,2015-07-25T10:00:00Z,-35.6288,-50.19517,-0.0737,-0.2141,225.0,2015-09-14T00:00:00Z,SVP
116352,2015-07-25T11:00:00Z,-35.63462,-50.19884,-0.1091,-0.151,182.83333,2015-09-14T00:00:00Z,SVP
116352,2015-07-25T12:00:00Z,-35.63837,-50.19711,-0.3317,-0.0958,137.08333,2015-09-14T00:00:00Z,SVP
116352,2015-07-25T13:00:00Z,-35.64096,-50.21089,-0.3485,0.0116,112.5,2015-09-14T00:00:00Z,SVP
116352,2015-07-25T14:00:00Z,-35.6398,-50.21495,-0.1106,0.0498,534.4583,2015-09-14T00:00:00Z,SVP
116352,2015-07-25T15:00:00Z,-35.63861,-50.21899,-0.1113,0.049,534.4583,2015-09-14T00:00:00Z,SVP
116352,2015-07-25T16:00:00Z,-35.63763,-50.22349,-0.1109,0.0476,534.4583,2015-09-14T00:00:00Z,SVP
116352,2015-07-25T17:00:00Z,-35.63762,-50.22837,-0.1081,0.044,534.4583,2015-09-14T00:00:00Z,SVP
116352,2015-07-25T18:00:00Z,-35.63327,-50.23206,-0.079,0.1041,242.54167,2015-09-14T00:00:00Z,SVP
116352,2015-07-25T19:00:00Z,-35.62936,-50.23402,-0.038,0.1341,119.54167,2015-09-14T00:00:00Z,SVP
116352,2015-07-25T20:00:00Z,-35.62451,-50.23369,0.0115,0.1601,102.0,2015-09-14T00:00:00Z,SVP
116352,2015-07-25T21:00:00Z,-35.61856,-50.23498,-0.0413,0.1887,144.16667,2015-09-14T00:00:00Z,SVP
116352,2015-07-25T22:00:00Z,-35.612,-50.23436,0.0646,0.2204,400.79166,2015-09-14T00:00:00Z,SVP
116352,2015-07-25T23:00:00Z,-35.60485,-50.23094,0.0675,0.2208,400.79166,2015-09-14T00:00:00Z,SVP
116352,2015-07-26T00:00:00Z,-35.59804,-50.21983,0.1327,0.2207,400.79166,2015-09-14T00:00:00Z,SVP
116352,2015-07-26T01:00:00Z,-35.59008,-50.22695,0.1853,0.2107,123.0,2015-09-14T00:00:00Z,SVP
116352,2015-07-26T02:00:00Z,-35.58387,-50.21897,0.1949,0.1939,400.79166,2015-09-14T00:00:00Z,SVP
116352,2015-07-26T03:00:00Z,-35.57727,-50.21151,0.1948,0.1943,400.79166,2015-09-14T00:00:00Z,SVP
116352,2015-07-26T04:00:00Z,-35.57055,-50.20402,0.195,0.1944,400.79166,2015-09-14T00:00:00Z,SVP
116352,2015-07-26T05:00:00Z,-35.56539,-50.1951,0.2221,0.1534,239.08334,2015-09-14T00:00:00Z,SVP
116352,2015-07-26T06:00:00Z,-35.56067,-50.18635,0.2263,0.1489,239.08334,2015-09-14T00:00:00Z,SVP
116352,2015-07-26T07:00:00Z,-35.55779,-50.16987,0.3721,0.1175,253.20834,2015-09-14T00:00:00Z,SVP
116352,2015-07-26T08:00:00Z,-35.55243,-50.15557,0.3653,0.1288,253.20834,2015-09-14T00:00:00Z,SVP
116352,2015-07-26T09:00:00Z,-35.54895,-50.13904,0.3973,0.1041,221.41666,2015-09-14T00:00:00Z,SVP
116352,2015-07-26T10:00:00Z,-35.54771,-50.13451,0.2801,0.1068,221.41666,2015-09-14T00:00:00Z,SVP
116352,2015-07-26T11:00:00Z,-35.54327,-50.10368,0.4517,0.0773,217.95833,2015-09-14T00:00:00Z,SVP
116352,2015-07-26T12:00:00Z,-35.54333,-50.09197,0.1853,-0.1086,137.08333,2015-09-14T00:00:00Z,SVP
116352,2015-07-26T13:00:00Z,-35.54917,-50.084,0.1544,-0.2483,112.5,2015-09-14T00:00:00Z,SVP
116352,2015-07-26T14:00:00Z,-35.55676,-50.07839,0.1336,-0.251,555.4583,2015-09-14T00:00:00Z,SVP
116352,2015-07-26T15:00:00Z,-35.56517,-50.073,0.1328,-0.2519,555.4583,2015-09-14T00:00:00Z,SVP
116352,2015-07-26T16:00:00Z,-35.57379,-50.06732,0.1311,-0.2527,555.4583,2015-09-14T00:00:00Z,SVP
116352,2015-07-26T17:00:00Z,-35.58149,-50.06252,-0.0023,-0.0159,246.16667,2015-09-14T00:00:00Z,SVP
116352,2015-07-26T18:00:00Z,-35.58184,-50.06408,-0.0058,-0.0139,246.16667,2015-09-14T00:00:00Z,SVP
116352,2015-07-26T19:00:00Z,-35.57992,-50.06622,-0.0521,0.0675,168.75,2015-09-14T00:00:00Z,SVP
116352,2015-07-26T20:00:00Z,-35.57551,-50.06736,-0.0606,0.1747,226.79166,2015-09-14T00:00:00Z,SVP
116352,2015-07-26T21:00:00Z,-35.56876,-50.07239,-0.0713,0.1743,226.79166,2015-09-14T00:00:00Z,SVP
116352,2015-07-26T22:00:00Z,-35.55944,-50.06467,0.1666,0.3046,223.20834,2015-09-14T00:00:00Z,SVP
116352,2015-07-26T23:00:00Z,-35.55333,-50.05689,0.175,0.3661,316.3333,2015-09-14T00:00:00Z,SVP
116352,2015-07-27T00:00:00Z,-35.53802,-50.05141,0.1809,0.3298,316.3333,2015-09-14T00:00:00Z,SVP
116352,2015-07-27T01:00:00Z,-35.52783,-50.04376,0.2862,0.155,109.041664,2015-09-14T00:00:00Z,SVP
116352,2015-07-27T02:00:00Z,-35.52439,-50.03183,0.3014,0.099,428.8333,2015-09-14T00:00:00Z,SVP
116352,2015-07-27T03:00:00Z,-35.52017,-50.02008,0.3014,0.1091,428.8333,2015-09-14T00:00:00Z,SVP
116352,2015-07-27T04:00:00Z,-35.51418,-50.0085,0.3015,0.1294,428.8333,2015-09-14T00:00:00Z,SVP
116352,2015-07-27T05:00:00Z,-35.51352,-49.99648,0.2913,-0.0019,246.16667,2015-09-14T00:00:00Z,SVP
116352,2015-07-27T06:00:00Z,-35.51436,-49.98351,0.3052,-0.0292,348.0,2015-09-14T00:00:00Z,SVP
116352,2015-07-27T07:00:00Z,-35.5146,-49.97369,0.2767,-0.0238,348.0,2015-09-14T00:00:00Z,SVP
116352,2015-07-27T08:00:00Z,-35.51445,-49.96444,0.2671,-0.0193,348.0,2015-09-14T00:00:00Z,SVP
116352,2015-07-27T09:00:00Z,-35.51851,-49.9553,0.2293,-0.1383,182.83333,2015-09-14T00:00:00Z,SVP
116352,2015-07-27T10:00:00Z,-35.5226,-49.94615,0.1835,-0.1457,249.58333,2015-09-14T00:00:00Z,SVP
116352,2015-07-27T11:00:00Z,-35.52812,-49.93919,0.1873,-0.1463,249.58333,2015-09-14T00:00:00Z,SVP
116352,2015-07-27T12:00:00Z,-35.52371,-49.93254,0.1393,0.1025,133.66667,2015-09-14T00:00:00Z,SVP
116352,2015-07-27T13:00:00Z,-35.52387,-49.92666,0.0739,-0.0551,587.0834,2015-09-14T00:00:00Z,SVP
116352,2015-07-27T14:00:00Z,-35.5256,-49.92436,0.0759,-0.0552,587.0834,2015-09-14T00:00:00Z,SVP
116352,2015-07-27T15:00:00Z,-35.52722,-49.92129,0.0754,-0.0555,587.0834,2015-09-14T00:00:00Z,SVP
116352,2015-07-27T16:00:00Z,-35.52865,-49.91792,0.0731,-0.0564,587.0834,2015-09-14T00:00:00Z,SVP
116352,2015-07-27T17:00:00Z,-35.52979,-49.91484,0.0125,-0.0431,242.54167,2015-09-14T00:00:00Z,SVP
116352,2015-07-27T18:00:00Z,-35.53317,-49.91378,0.0057,-0.0521,242.54167,2015-09-14T00:00:00Z,SVP
116352,2015-07-27T19:00:00Z,-35.5321,-49.91433,-0.0182,0.0529,360.29166,2015-09-14T00:00:00Z,SVP
116352,2015-07-27T20:00:00Z,-35.53007,-49.9153,-0.0178,0.0507,360.29166,2015-09-14T00:00:00Z,SVP
116352,2015-07-27T21:00:00Z,-35.5281,-49.91565,-0.0077,0.0824,237.29167,2015-09-14T00:00:00Z,SVP
116352,2015-07-27T22:00:00Z,-35.52569,-49.91616,-0.0066,0.083,237.29167,2015-09-14T00:00:00Z,SVP
116352,2015-07-27T23:00:00Z,-35.52242,-49.91511,0.0282,0.1017,316.3333,2015-09-14T00:00:00Z,SVP
116352,2015-07-28T00:00:00Z,-35.51889,-49.91382,0.0298,0.1026,316.3333,2015-09-14T00:00:00Z,SVP
116352,2015-07-28T01:00:00Z,-35.51492,-49.91008,0.0673,0.1258,115.958336,2015-09-14T00:00:00Z,SVP
116352,2015-07-28T02:00:00Z,-35.51017,-49.90977,0.0454,0.1372,140.70834,2015-09-14T00:00:00Z,SVP
116352,2015-07-28T03:00:00Z,-35.50544,-49.90561,0.0975,0.155,305.83334,2015-09-14T00:00:00Z,SVP
116352,2015-07-28T04:00:00Z,-35.50124,-49.9034,0.1045,0.1574,305.83334,2015-09-14T00:00:00Z,SVP
116352,2015-07-28T05:00:00Z,-35.49481,-49.89766,0.1106,0.1897,249.58333,2015-09-14T00:00:00Z,SVP
116352,2015-07-28T06:00:00Z,-35.48905,-49.89247,0.1162,0.204,335.7083,2015-09-14T00:00:00Z,SVP
116352,2015-07-28T07:00:00Z,-35.48231,-49.88889,0.1101,0.2036,335.7083,2015-09-14T00:00:00Z,SVP
116352,2015-07-28T08:00:00Z,-35.47518,-49.88547,0.1104,0.2025,335.7083,2015-09-14T00:00:00Z,SVP
116352,2015-07-28T09:00:00Z,-35.47029,-49.86278,-0.0774,0.14,80.83333,2015-09-14T00:00:00Z,SVP
116352,2015-07-28T10:00:00Z,-35.4631,-49.86514,0.0433,0.2068,172.33334,2015-09-14T00:00:00Z,SVP
116352,2015-07-28T11:00:00Z,-35.45822,-49.86059,0.2544,0.2902,154.66667,2015-09-14T00:00:00Z,SVP
116352,2015-07-28T12:00:00Z,-35.44795,-49.85031,0.2635,0.2587,246.16667,2015-09-14T00:00:00Z,SVP
116352,2015-07-28T13:00:00Z,-35.4397,-49.8398,0.2626,0.2575,246.16667,2015-09-14T00:00:00Z,SVP
116352,2015-07-28T14:00:00Z,-35.43127,-49.82878,0.269,0.2475,710.0834,2015-09-14T00:00:00Z,SVP
116352,2015-07-28T15:00:00Z,-35.42328,-49.81818,0.2688,0.2475,710.0834,2015-09-14T00:00:00Z,SVP
116352,2015-07-28T16:00:00Z,-35.41532,-49.80777,0.268,0.2475,710.0834,2015-09-14T00:00:00Z,SVP
116352,2015-07-28T17:00:00Z,-35.40742,-49.79778,0.2662,0.2474,710.0834,2015-09-14T00:00:00Z,SVP
116352,2015-07-28T18:00:00Z,-35.39974,-49.78874,0.2618,0.2472,710.0834,2015-09-14T00:00:00Z,SVP
116352,2015-07-28T19:00:00Z,-35.39105,-49.77526,0.3021,0.2544,362.08334,2015-09-14T00:00:00Z,SVP
116352,2015-07-28T20:00:00Z,-35.38261,-49.76249,0.2929,0.2545,362.08334,2015-09-14T00:00:00Z,SVP
116352,2015-07-28T21:00:00Z,-35.37501,-49.75044,0.3258,0.2422,193.33334,2015-09-14T00:00:00Z,SVP
116352,2015-07-28T22:00:00Z,-35.36818,-49.7377,0.3189,0.1962,63.291664,2015-09-14T00:00:00Z,SVP
116352,2015-07-28T23:00:00Z,-35.36205,-49.72651,0.2797,0.1857,379.66666,2015-09-14T00:00:00Z,SVP
116352,2015-07-29T00:00:00Z,-35.35573,-49.71487,0.2821,0.1858,379.66666,2015-09-14T00:00:00Z,SVP
116352,2015-07-29T01:00:00Z,-35.35005,-49.70381,0.261,0.1789,140.70834,2015-09-14T00:00:00Z,SVP
116352,2015-07-29T02:00:00Z,-35.3442,-49.69424,0.2903,0.189,337.5,2015-09-14T00:00:00Z,SVP
116352,2015-07-29T03:00:00Z,-35.33835,-49.68278,0.2923,0.1897,337.5,2015-09-14T00:00:00Z,SVP
116352,2015-07-29T04:00:00Z,-35.33295,-49.67201,0.3925,0.2585,242.54167,2015-09-14T00:00:00Z,SVP
116352,2015-07-29T05:00:00Z,-35.32375,-49.65642,0.4008,0.2538,242.54167,2015-09-14T00:00:00Z,SVP
116352,2015-07-29T06:00:00Z,-35.31587,-49.63964,0.4654,0.2633,284.70834,2015-09-14T00:00:00Z,SVP
116352,2015-07-29T07:00:00Z,-35.30725,-49.62084,0.467,0.2623,284.70834,2015-09-14T00:00:00Z,SVP
116352,2015-07-29T08:00:00Z,-35.29923,-49.59934,0.5829,0.3096,70.333336,2015-09-14T00:00:00Z,SVP
116352,2015-07-29T09:00:00Z,-35.28831,-49.58702,0.1848,0.3109,98.416664,2015-09-14T00:00:00Z,SVP
116352,2015-07-29T10:00:00Z,-35.28075,-49.58103,0.1343,0.2652,161.70833,2015-09-14T00:00:00Z,SVP
116352,2015-07-29T11:00:00Z,-35.27141,-49.56486,0.4188,0.2722,284.70834,2015-09-14T00:00:00Z,SVP
116352,2015-07-29T12:00:00Z,-35.26183,-49.54598,0.3607,0.2648,284.70834,2015-09-14T00:00:00Z,SVP
116352,2015-07-29T13:00:00Z,-35.25472,-49.5338,0.3452,0.2298,140.70834,2015-09-14T00:00:00Z,SVP
116352,2015-07-29T14:00:00Z,-35.24712,-49.51744,0.3801,0.2224,991.3334,2015-09-14T00:00:00Z,SVP
116352,2015-07-29T15:00:00Z,-35.2399,-49.50212,0.3805,0.2224,991.3334,2015-09-14T00:00:00Z,SVP
116352,2015-07-29T16:00:00Z,-35.23271,-49.48695,0.3807,0.2224,991.3334,2015-09-14T00:00:00Z,SVP
116352,2015-07-29T17:00:00Z,-35.22554,-49.47186,0.3808,0.2224,991.3334,2015-09-14T00:00:00Z,SVP
116352,2015-07-29T18:00:00Z,-35.21844,-49.45687,0.3808,0.2224,991.3334,2015-09-14T00:00:00Z,SVP
116352,2015-07-29T19:00:00Z,-35.21155,-49.44229,0.3804,0.2221,991.3334,2015-09-14T00:00:00Z,SVP
116352,2015-07-29T20:00:00Z,-35.20315,-49.42663,0.3892,0.2506,98.416664,2015-09-14T00:00:00Z,SVP
116352,2015-07-29T21:00:00Z,-35.19411,-49.41213,0.3256,0.306,161.70833,2015-09-14T00:00:00Z,SVP
116352,2015-07-29T22:00:00Z,-35.18375,-49.40065,0.2858,0.3366,98.416664,2015-09-14T00:00:00Z,SVP
116352,2015-07-29T23:00:00Z,-35.17079,-49.39091,0.2444,0.3927,365.70834,2015-09-14T00:00:00Z,SVP
116352,2015-07-30T00:00:00Z,-35.1582,-49.37971,0.2564,0.3931,365.70834,2015-09-14T00:00:00Z,SVP
116352,2015-07-30T01:00:00Z,-35.14571,-49.37439,-0.0039,0.3896,119.54167,2015-09-14T00:00:00Z,SVP
116352,2015-07-30T02:00:00Z,-35.1389,-49.37429,0.0095,0.2751,130.04166,2015-09-14T00:00:00Z,SVP
116352,2015-07-30T03:00:00Z,-35.12528,-49.36463,0.2076,0.4401,235.50002,2015-09-14T00:00:00Z,SVP
116352,2015-07-30T04:00:00Z,-35.1116,-49.35692,0.213,0.4596,249.58333,2015-09-14T00:00:00Z,SVP
116352,2015-07-30T05:00:00Z,-35.09576,-49.34853,0.2104,0.4624,249.58333,2015-09-14T00:00:00Z,SVP
116352,2015-07-30T06:00:00Z,-35.08202,-49.3442,0.0717,0.4194,253.20834,2015-09-14T00:00:00Z,SVP
116352,2015-07-30T07:00:00Z,-35.06942,-49.34137,0.0682,0.4232,253.20834,2015-09-14T00:00:00Z,SVP
116352,2015-07-30T08:00:00Z,-35.05425,-49.34076,-0.0162,0.4854,140.70834,2015-09-14T00:00:00Z,SVP
116352,2015-07-30T09:00:00Z,-35.03807,-49.34185,-0.0722,0.522,105.458336,2015-09-14T00:00:00Z,SVP
116352,2015-07-30T10:00:00Z,-35.02171,-49.34153,0.0069,0.5252,267.16666,2015-09-14T00:00:00Z,SVP
116352,2015-07-30T11:00:00Z,-35.00299,-49.34148,0.0074,0.5396,267.16666,2015-09-14T00:00:00Z,SVP
116352,2015-07-30T12:00:00Z,-34.98935,-49.34315,-0.3425,0.4411,137.08333,2015-09-14T00:00:00Z,SVP
116352,2015-07-30T13:00:00Z,-34.97343,-49.35688,-0.3534,0.5276,116.083336,2015-09-14T00:00:00Z,SVP
116352,2015-07-30T14:00:00Z,-34.95624,-49.36366,-0.157,0.5027,643.3334,2015-09-14T00:00:00Z,SVP
116352,2015-07-30T15:00:00Z,-34.94027,-49.36921,-0.159,0.5028,643.3334,2015-09-14T00:00:00Z,SVP
116352,2015-07-30T16:00:00Z,-34.92386,-49.37563,-0.1582,0.5022,643.3334,2015-09-14T00:00:00Z,SVP
116352,2015-07-30T17:00:00Z,-34.90712,-49.38244,-0.1539,0.5004,643.3334,2015-09-14T00:00:00Z,SVP
116352,2015-07-30T18:00:00Z,-34.89095,-49.38896,-0.1232,0.4512,256.66666,2015-09-14T00:00:00Z,SVP
116352,2015-07-30T19:00:00Z,-34.87701,-49.3933,-0.1254,0.4564,256.66666,2015-09-14T00:00:00Z,SVP
116352,2015-07-30T20:00:00Z,-34.86288,-49.39844,-0.117,0.4152,105.458336,2015-09-14T00:00:00Z,SVP
116352,2015-07-30T21:00:00Z,-34.85208,-49.40476,-0.1717,0.3095,151.20834,2015-09-14T00:00:00Z,SVP
116352,2015-07-30T22:00:00Z,-34.84082,-49.41401,-0.2374,0.2583,341.0833,2015-09-14T00:00:00Z,SVP
116352,2015-07-30T23:00:00Z,-34.83336,-49.42248,-0.2336,0.2558,341.0833,2015-09-14T00:00:00Z,SVP
116352,2015-07-31T00:00:00Z,-34.82665,-49.41687,-0.0754,0.2572,341.0833,2015-09-14T00:00:00Z,SVP
116352,2015-07-31T01:00:00Z,-34.81633,-49.44202,-0.1552,0.2706,119.54167,2015-09-14T00:00:00Z,SVP
116352,2015-07-31T02:00:00Z,-34.80935,-49.4518,-0.2062,0.2156,260.0833,2015-09-14T00:00:00Z,SVP
116352,2015-07-31T03:00:00Z,-34.79993,-49.45256,-0.1231,0.2291,260.0833,2015-09-14T00:00:00Z,SVP
116352,2015-07-31T04:00:00Z,-34.79282,-49.46003,-0.2655,0.1628,622.2083,2015-09-14T00:00:00Z,SVP
116352,2015-07-31T05:00:00Z,-34.78804,-49.47096,-0.264,0.1639,622.2083,2015-09-14T00:00:00Z,SVP
116352,2015-07-31T06:00:00Z,-34.7829,-49.48168,-0.2626,0.1641,622.2083,2015-09-14T00:00:00Z,SVP
116352,2015-07-31T07:00:00Z,-34.77743,-49.49234,-0.2601,0.1628,622.2083,2015-09-14T00:00:00Z,SVP
116352,2015-07-31T08:00:00Z,-34.77375,-49.50196,-0.2579,0.1085,91.33333,2015-09-14T00:00:00Z,SVP
116352,2015-07-31T09:00:00Z,-34.77426,-49.51294,-0.316,-0.0386,119.54167,2015-09-14T00:00:00Z,SVP
116352,2015-07-31T10:00:00Z,-34.77459,-49.52811,-0.3673,-0.0078,246.16667,2015-09-14T00:00:00Z,SVP
116352,2015-07-31T11:00:00Z,-34.77247,-49.54069,-0.2518,0.1308,105.458336,2015-09-14T00:00:00Z,SVP
116352,2015-07-31T12:00:00Z,-34.76787,-49.55014,-0.1945,4.0E-4,133.66667,2015-09-14T00:00:00Z,SVP
116352,2015-07-31T13:00:00Z,-34.76759,-49.55788,-0.1818,-0.0236,783.9166,2015-09-14T00:00:00Z,SVP
116352,2015-07-31T14:00:00Z,-34.76821,-49.56472,-0.1826,-0.0237,783.9166,2015-09-14T00:00:00Z,SVP
116352,2015-07-31T15:00:00Z,-34.76885,-49.57178,-0.1831,-0.0238,783.9166,2015-09-14T00:00:00Z,SVP
116352,2015-07-31T16:00:00Z,-34.76945,-49.57894,-0.1832,-0.024,783.9166,2015-09-14T00:00:00Z,SVP
116352,2015-07-31T17:00:00Z,-34.76991,-49.58617,-0.1832,-0.0244,783.9166,2015-09-14T00:00:00Z,SVP
116352,2015-07-31T18:00:00Z,-34.77171,-49.59285,-0.1677,-0.0561,256.66666,2015-09-14T00:00:00Z,SVP
116352,2015-07-31T19:00:00Z,-34.77403,-49.59957,-0.1672,-0.0592,256.66666,2015-09-14T00:00:00Z,SVP
116352,2015-07-31T20:00:00Z,-34.77901,-49.60535,-0.1798,-0.1437,91.33333,2015-09-14T00:00:00Z,SVP
116352,2015-07-31T21:00:00Z,-34.783,-49.61291,-0.1549,-0.0768,175.79167,2015-09-14T00:00:00Z,SVP
116352,2015-07-31T22:00:00Z,-34.78576,-49.61585,0.0546,-0.0799,432.4583,2015-09-14T00:00:00Z,SVP
116352,2015-07-31T23:00:00Z,-34.78836,-49.61183,0.0534,-0.0802,432.4583,2015-09-14T00:00:00Z,SVP
116352,2015-08-01T00:00:00Z,-34.7908,-49.60864,0.0491,-0.08,432.4583,2015-09-14T00:00:00Z,SVP
116352,2015-08-01T01:00:00Z,-34.79277,-49.60725,0.0619,-0.0679,112.5,2015-09-14T00:00:00Z,SVP
116352,2015-08-01T02:00:00Z,-34.78947,-49.60525,0.0663,0.1394,126.58333,2015-09-14T00:00:00Z,SVP
116352,2015-08-01T03:00:00Z,-34.78508,-49.59664,0.233,0.1944,411.2917,2015-09-14T00:00:00Z,SVP
116352,2015-08-01T04:00:00Z,-34.77929,-49.58585,0.245,0.1947,411.2917,2015-09-14T00:00:00Z,SVP
116352,2015-08-01T05:00:00Z,-34.77334,-49.57455,-0.0208,0.2202,369.16666,2015-09-14T00:00:00Z,SVP
116352,2015-08-01T06:00:00Z,-34.76532,-49.576,-0.0149,0.2153,369.16666,2015-09-14T00:00:00Z,SVP
116352,2015-08-01T07:00:00Z,-34.75815,-49.57665,-0.0148,0.2145,369.16666,2015-09-14T00:00:00Z,SVP
116352,2015-08-01T08:00:00Z,-34.75141,-49.57804,-0.0906,0.1596,105.458336,2015-09-14T00:00:00Z,SVP
116352,2015-08-01T09:00:00Z,-34.74445,-49.58317,-0.1447,0.2324,147.58333,2015-09-14T00:00:00Z,SVP
116352,2015-08-01T10:00:00Z,-34.73477,-49.5888,-0.1665,0.4099,102.0,2015-09-14T00:00:00Z,SVP
116352,2015-08-01T11:00:00Z,-34.72083,-49.58019,0.217,0.4147,130.04166,2015-09-14T00:00:00Z,SVP
116352,2015-08-01T12:00:00Z,-34.71242,-49.60542,-0.1961,0.2653,242.54167,2015-09-14T00:00:00Z,SVP
116352,2015-08-01T13:00:00Z,-34.70436,-49.61897,-0.1368,0.1698,696.1666,2015-09-14T00:00:00Z,SVP
116352,2015-08-01T14:00:00Z,-34.69929,-49.62378,-0.1394,0.171,696.1666,2015-09-14T00:00:00Z,SVP
116352,2015-08-01T15:00:00Z,-34.69386,-49.62903,-0.1407,0.1713,696.1666,2015-09-14T00:00:00Z,SVP
116352,2015-08-01T16:00:00Z,-34.68831,-49.63448,-0.1413,0.1711,696.1666,2015-09-14T00:00:00Z,SVP
116352,2015-08-01T17:00:00Z,-34.68262,-49.64006,-0.141,0.1703,696.1666,2015-09-14T00:00:00Z,SVP
116352,2015-08-01T18:00:00Z,-34.67817,-49.64563,-0.1343,0.1365,253.20834,2015-09-14T00:00:00Z,SVP
116352,2015-08-01T19:00:00Z,-34.67347,-49.65094,-0.1344,0.1332,253.20834,2015-09-14T00:00:00Z,SVP
116352,2015-08-01T20:00:00Z,-34.6696,-49.66025,-0.2835,0.1421,66.91667,2015-09-14T00:00:00Z,SVP
116352,2015-08-01T21:00:00Z,-34.66507,-49.6711,-0.287,0.1601,186.29166,2015-09-14T00:00:00Z,SVP
116352,2015-08-01T22:00:00Z,-34.66065,-49.68133,-0.2111,0.0817,358.6667,2015-09-14T00:00:00Z,SVP
116352,2015-08-01T23:00:00Z,-34.65813,-49.68975,-0.2113,0.0809,358.6667,2015-09-14T00:00:00Z,SVP
116352,2015-08-02T00:00:00Z,-34.65542,-49.6985,-0.2127,0.0807,358.6667,2015-09-14T00:00:00Z,SVP
116352,2015-08-02T01:00:00Z,-34.65367,-49.70404,-0.1884,0.063,126.58333,2015-09-14T00:00:00Z,SVP
116352,2015-08-02T02:00:00Z,-34.65138,-49.71339,-0.3148,0.1079,428.8333,2015-09-14T00:00:00Z,SVP
116352,2015-08-02T03:00:00Z,-34.64795,-49.72571,-0.3131,0.1082,428.8333,2015-09-14T00:00:00Z,SVP
116352,2015-08-02T04:00:00Z,-34.64465,-49.73859,-0.3149,0.1089,428.8333,2015-09-14T00:00:00Z,SVP
116352,2015-08-02T05:00:00Z,-34.64185,-49.75055,-0.1967,0.097,249.58333,2015-09-14T00:00:00Z,SVP
116352,2015-08-02T06:00:00Z,-34.638,-49.75527,-0.247,0.1004,249.58333,2015-09-14T00:00:00Z,SVP
116352,2015-08-02T07:00:00Z,-34.63705,-49.76576,-0.2853,0.0043,119.54167,2015-09-14T00:00:00Z,SVP
116352,2015-08-02T08:00:00Z,-34.63697,-49.7771,-0.3007,-0.0174,239.08334,2015-09-14T00:00:00Z,SVP
116352,2015-08-02T09:00:00Z,-34.63715,-49.78974,-0.3221,0.0224,123.0,2015-09-14T00:00:00Z,SVP
116352,2015-08-02T10:00:00Z,-34.63656,-49.80292,-0.3968,0.0109,291.75003,2015-09-14T00:00:00Z,SVP
116352,2015-08-02T11:00:00Z,-34.63597,-49.81902,-0.397,0.0105,291.75003,2015-09-14T00:00:00Z,SVP
116352,2015-08-02T12:00:00Z,-34.63575,-49.83405,-0.4136,-0.049,239.08334,2015-09-14T00:00:00Z,SVP
116352,2015-08-02T13:00:00Z,-34.63741,-49.85132,-0.4118,-0.0498,239.08334,2015-09-14T00:00:00Z,SVP
116352,2015-08-02T14:00:00Z,-34.64017,-49.86614,-0.3759,-0.0891,594.1666,2015-09-14T00:00:00Z,SVP
116352,2015-08-02T15:00:00Z,-34.64292,-49.88068,-0.3761,-0.0887,594.1666,2015-09-14T00:00:00Z,SVP
116352,2015-08-02T16:00:00Z,-34.64508,-49.8955,-0.3759,-0.0854,594.1666,2015-09-14T00:00:00Z,SVP
116352,2015-08-02T17:00:00Z,-34.64624,-49.91063,-0.3747,-0.079,594.1666,2015-09-14T00:00:00Z,SVP
116352,2015-08-02T18:00:00Z,-34.65225,-49.92403,-0.3464,-0.1573,246.16667,2015-09-14T00:00:00Z,SVP
116352,2015-08-02T19:00:00Z,-34.65803,-49.9368,-0.2589,-0.1897,126.58333,2015-09-14T00:00:00Z,SVP
116352,2015-08-02T20:00:00Z,-34.66373,-49.94478,-0.185,-0.1887,182.83333,2015-09-14T00:00:00Z,SVP
116352,2015-08-02T21:00:00Z,-34.67013,-49.95093,-0.1903,-0.1996,77.41667,2015-09-14T00:00:00Z,SVP
116352,2015-08-02T22:00:00Z,-34.6762,-49.95902,-0.1522,-0.1777,383.25,2015-09-14T00:00:00Z,SVP
116352,2015-08-02T23:00:00Z,-34.68204,-49.96475,-0.1508,-0.1779,383.25,2015-09-14T00:00:00Z,SVP
116352,2015-08-03T00:00:00Z,-34.68756,-49.97187,-0.1482,-0.1608,112.5,2015-09-14T00:00:00Z,SVP
116352,2015-08-03T01:00:00Z,-34.69074,-49.97864,-0.3397,-0.0198,133.66667,2015-09-14T00:00:00Z,SVP
116352,2015-08-03T02:00:00Z,-34.69152,-49.98678,-0.0703,-0.029,115.958336,2015-09-14T00:00:00Z,SVP
116352,2015-08-03T03:00:00Z,-34.69183,-49.99613,0.0353,-0.0386,344.54166,2015-09-14T00:00:00Z,SVP
116352,2015-08-03T04:00:00Z,-34.694,-49.99158,-0.0465,-0.0319,344.54166,2015-09-14T00:00:00Z,SVP
116352,2015-08-03T05:00:00Z,-34.69506,-49.99341,-0.0607,-0.0219,242.54167,2015-09-14T00:00:00Z,SVP
116352,2015-08-03T06:00:00Z,-34.69468,-49.99683,-0.0551,-0.0255,242.54167,2015-09-14T00:00:00Z,SVP
116352,2015-08-03T07:00:00Z,-34.69589,-49.99869,-0.1558,0.0687,256.66666,2015-09-14T00:00:00Z,SVP
116352,2015-08-03T08:00:00Z,-34.69296,-50.00618,-0.1626,0.0657,256.66666,2015-09-14T00:00:00Z,SVP
116352,2015-08-03T09:00:00Z,-34.69139,-50.01192,-0.1666,0.0463,66.75,2015-09-14T00:00:00Z,SVP
116352,2015-08-03T10:00:00Z,-34.69097,-50.02425,-0.271,0.0032,249.58333,2015-09-14T00:00:00Z,SVP
116352,2015-08-03T11:00:00Z,-34.68921,-50.03307,-0.256,0.0963,70.333336,2015-09-14T00:00:00Z,SVP
116352,2015-08-03T12:00:00Z,-34.6844,-50.04014,-0.1307,0.1238,116.083336,2015-09-14T00:00:00Z,SVP
116352,2015-08-03T13:00:00Z,-34.68453,-50.04785,-0.3207,-0.0591,611.7083,2015-09-14T00:00:00Z,SVP
116352,2015-08-03T14:00:00Z,-34.6862,-50.06189,-0.3245,-0.0576,611.7083,2015-09-14T00:00:00Z,SVP
116352,2015-08-03T15:00:00Z,-34.68773,-50.07581,-0.3287,-0.0559,611.7083,2015-09-14T00:00:00Z,SVP
116352,2015-08-03T16:00:00Z,-34.68888,-50.09013,-0.3329,-0.0532,611.7083,2015-09-14T00:00:00Z,SVP
116352,2015-08-03T17:00:00Z,-34.68926,-50.10491,-0.3354,-0.0488,611.7083,2015-09-14T00:00:00Z,SVP
116352,2015-08-03T18:00:00Z,-34.695,-50.11296,-0.208,-0.1627,242.54167,2015-09-14T00:00:00Z,SVP
116352,2015-08-03T19:00:00Z,-34.70106,-50.12151,-0.2154,-0.203,263.7083,2015-09-14T00:00:00Z,SVP
116352,2015-08-03T20:00:00Z,-34.70743,-50.12994,-0.2165,-0.2039,263.7083,2015-09-14T00:00:00Z,SVP
116352,2015-08-03T21:00:00Z,-34.71461,-50.14017,-0.367,-0.1452,0.0,2015-09-14T00:00:00Z,SVP
116352,2015-08-03T22:00:00Z,-34.71592,-50.1531,-0.3214,-0.1112,154.66667,2015-09-14T00:00:00Z,SVP
116352,2015-08-03T23:00:00Z,-34.72934,-50.15125,0.0917,-0.446,256.66666,2015-09-14T00:00:00Z,SVP
116352,2015-08-04T00:00:00Z,-34.74417,-50.14722,0.0884,-0.4425,256.66666,2015-09-14T00:00:00Z,SVP
116352,2015-08-04T01:00:00Z,-34.75616,-50.14894,-0.1387,-0.3859,126.58333,2015-09-14T00:00:00Z,SVP
116352,2015-08-04T02:00:00Z,-34.77095,-50.1595,0.0135,-0.1292,348.0,2015-09-14T00:00:00Z,SVP
116352,2015-08-04T03:00:00Z,-34.77423,-50.15771,4.0E-4,-0.1388,348.0,2015-09-14T00:00:00Z,SVP
116352,2015-08-04T04:00:00Z,-34.77893,-50.15778,0.0041,-0.1319,348.0,2015-09-14T00:00:00Z,SVP
116352,2015-08-04T05:00:00Z,-34.78337,-50.15724,0.0275,-0.1241,263.7083,2015-09-14T00:00:00Z,SVP
116352,2015-08-04T06:00:00Z,-34.7867,-50.15597,0.0275,-0.1223,263.7083,2015-09-14T00:00:00Z,SVP
116352,2015-08-04T07:00:00Z,-34.79266,-50.15569,-0.0202,-0.178,267.16666,2015-09-14T00:00:00Z,SVP
116352,2015-08-04T08:00:00Z,-34.79716,-50.15434,0.0019,-0.177,267.16666,2015-09-14T00:00:00Z,SVP
116352,2015-08-04T09:00:00Z,-34.80209,-50.15468,-0.0332,-0.162,253.20834,2015-09-14T00:00:00Z,SVP
116352,2015-08-04T10:00:00Z,-34.81031,-50.16075,-0.054,-0.1833,253.20834,2015-09-14T00:00:00Z,SVP
116352,2015-08-04T11:00:00Z,-34.81251,-50.1618,-0.071,-0.0986,207.45834,2015-09-14T00:00:00Z,SVP
116352,2015-08-04T12:00:00Z,-34.81507,-50.16435,-0.0739,-0.0464,140.70834,2015-09-14T00:00:00Z,SVP
116352,2015-08-04T13:00:00Z,-34.81708,-50.16737,-0.0338,-0.0901,112.5,2015-09-14T00:00:00Z,SVP
116352,2015-08-04T14:00:00Z,-34.81961,-50.16898,-0.0286,-0.0914,520.3334,2015-09-14T00:00:00Z,SVP
116352,2015-08-04T15:00:00Z,-34.82314,-50.16985,-0.0279,-0.0918,520.3334,2015-09-14T00:00:00Z,SVP
116352,2015-08-04T16:00:00Z,-34.82663,-50.17055,-0.027,-0.0921,520.3334,2015-09-14T00:00:00Z,SVP
116352,2015-08-04T17:00:00Z,-34.83005,-50.17045,-0.0116,-0.0228,242.54167,2015-09-14T00:00:00Z,SVP
116352,2015-08-04T18:00:00Z,-34.83042,-50.17307,-0.0225,-0.0202,242.54167,2015-09-14T00:00:00Z,SVP
116352,2015-08-04T19:00:00Z,-34.83136,-50.1729,0.0027,-0.017,210.91667,2015-09-14T00:00:00Z,SVP
116352,2015-08-04T20:00:00Z,-34.83125,-50.17236,-0.5409,-0.0895,128.25,2015-09-14T00:00:00Z,SVP
116352,2015-08-04T21:00:00Z,-34.83575,-50.19543,-0.2882,-0.1272,117.75001,2015-09-14T00:00:00Z,SVP
116352,2015-08-04T22:00:00Z,-34.8404,-50.20475,-0.1833,-0.1874,112.5,2015-09-14T00:00:00Z,SVP
116352,2015-08-04T23:00:00Z,-34.84538,-50.20688,-0.0576,-0.1734,263.7083,2015-09-14T00:00:00Z,SVP
116352,2015-08-05T00:00:00Z,-34.85384,-50.19791,0.1027,-0.153,0.0,2015-09-14T00:00:00Z,SVP
116352,2015-08-05T01:00:00Z,-34.85467,-50.21314,-0.3138,-0.1373,112.5,2015-09-14T00:00:00Z,SVP
116352,2015-08-05T02:00:00Z,-34.8617,-50.22101,-0.089,-0.1056,390.29166,2015-09-14T00:00:00Z,SVP
116352,2015-08-05T03:00:00Z,-34.86423,-50.22357,-0.0931,-0.1119,390.29166,2015-09-14T00:00:00Z,SVP
116352,2015-08-05T04:00:00Z,-34.86758,-50.2266,-0.097,-0.1146,390.29166,2015-09-14T00:00:00Z,SVP
116352,2015-08-05T05:00:00Z,-34.87177,-50.23141,-0.0989,-0.1013,242.54167,2015-09-14T00:00:00Z,SVP
116352,2015-08-05T06:00:00Z,-34.87544,-50.23573,-0.134,-0.1459,105.458336,2015-09-14T00:00:00Z,SVP
116352,2015-08-05T07:00:00Z,-34.88073,-50.24048,-0.0932,-0.1695,186.29166,2015-09-14T00:00:00Z,SVP
116352,2015-08-05T08:00:00Z,-34.88598,-50.24426,-0.0386,-0.1542,66.75,2015-09-14T00:00:00Z,SVP
116352,2015-08-05T09:00:00Z,-34.89105,-50.24742,-0.0859,-0.1583,179.25,2015-09-14T00:00:00Z,SVP
116352,2015-08-05T10:00:00Z,-34.89696,-50.25421,-0.1604,-0.187,277.79166,2015-09-14T00:00:00Z,SVP
116352,2015-08-05T11:00:00Z,-34.90323,-50.25435,-0.1051,-0.1886,277.79166,2015-09-14T00:00:00Z,SVP
116352,2015-08-05T12:00:00Z,-34.91012,-50.26687,-0.3969,-0.2324,130.04166,2015-09-14T00:00:00Z,SVP
116352,2015-08-05T13:00:00Z,-34.91775,-50.28081,-0.2129,-0.3411,552.0,2015-09-14T00:00:00Z,SVP
116352,2015-08-05T14:00:00Z,-34.92947,-50.28881,-0.2102,-0.3423,552.0,2015-09-14T00:00:00Z,SVP
116352,2015-08-05T15:00:00Z,-34.94084,-50.29712,-0.21,-0.3426,552.0,2015-09-14T00:00:00Z,SVP
116352,2015-08-05T16:00:00Z,-34.9522,-50.30588,-0.2113,-0.3427,552.0,2015-09-14T00:00:00Z,SVP
116352,2015-08-05T17:00:00Z,-34.96433,-50.3134,-0.1839,-0.373,242.54167,2015-09-14T00:00:00Z,SVP
116352,2015-08-05T18:00:00Z,-34.97481,-50.31988,-0.1854,-0.3651,242.54167,2015-09-14T00:00:00Z,SVP
116352,2015-08-05T19:00:00Z,-34.98954,-50.3272,-0.1608,-0.4699,291.75003,2015-09-14T00:00:00Z,SVP
116352,2015-08-05T20:00:00Z,-35.00524,-50.33367,-0.1604,-0.461,291.75003,2015-09-14T00:00:00Z,SVP
116352,2015-08-05T21:00:00Z,-35.0208,-50.33976,-0.1516,-0.4998,179.41666,2015-09-14T00:00:00Z,SVP
116352,2015-08-05T22:00:00Z,-35.03657,-50.34548,-0.148,-0.4872,77.41667,2015-09-14T00:00:00Z,SVP
116352,2015-08-05T23:00:00Z,-35.05246,-50.35086,-0.122,-0.4661,337.5,2015-09-14T00:00:00Z,SVP
116352,2015-08-06T00:00:00Z,-35.06712,-50.35572,-0.1211,-0.4656,337.5,2015-09-14T00:00:00Z,SVP
116352,2015-08-06T01:00:00Z,-35.08325,-50.35966,-0.0691,-0.5063,112.5,2015-09-14T00:00:00Z,SVP
116352,2015-08-06T02:00:00Z,-35.10085,-50.36311,-0.0703,-0.5345,126.58333,2015-09-14T00:00:00Z,SVP
116352,2015-08-06T03:00:00Z,-35.1167,-50.36342,0.0173,-0.4767,284.83334,2015-09-14T00:00:00Z,SVP
116352,2015-08-06T04:00:00Z,-35.13181,-50.36421,0.0357,-0.4789,284.83334,2015-09-14T00:00:00Z,SVP
116352,2015-08-06T05:00:00Z,-35.14736,-50.36223,0.0325,-0.4547,242.54167,2015-09-14T00:00:00Z,SVP
116352,2015-08-06T06:00:00Z,-35.16209,-50.36017,0.0431,-0.415,260.0833,2015-09-14T00:00:00Z,SVP
116352,2015-08-06T07:00:00Z,-35.17569,-50.36009,0.0372,-0.4127,260.0833,2015-09-14T00:00:00Z,SVP
116352,2015-08-06T08:00:00Z,-35.18881,-50.3587,0.0324,-0.3994,249.58333,2015-09-14T00:00:00Z,SVP
116352,2015-08-06T09:00:00Z,-35.19989,-50.35228,0.0729,-0.3826,249.58333,2015-09-14T00:00:00Z,SVP
116352,2015-08-06T10:00:00Z,-35.21515,-50.36006,-0.0312,-0.4174,274.2083,2015-09-14T00:00:00Z,SVP
116352,2015-08-06T11:00:00Z,-35.23996,-50.36216,-0.1288,-0.1058,140.70834,2015-09-14T00:00:00Z,SVP
116352,2015-08-06T12:00:00Z,-35.24145,-50.36323,0.0523,-0.3451,116.083336,2015-09-14T00:00:00Z,SVP
116352,2015-08-06T13:00:00Z,-35.25265,-50.36715,0.0738,-0.3743,815.7083,2015-09-14T00:00:00Z,SVP
116352,2015-08-06T14:00:00Z,-35.26481,-50.36003,0.0679,-0.3744,815.7083,2015-09-14T00:00:00Z,SVP
116352,2015-08-06T15:00:00Z,-35.2769,-50.35635,0.0695,-0.3744,815.7083,2015-09-14T00:00:00Z,SVP
116352,2015-08-06T16:00:00Z,-35.28893,-50.35277,0.0713,-0.3743,815.7083,2015-09-14T00:00:00Z,SVP
116352,2015-08-06T17:00:00Z,-35.30086,-50.34888,0.0736,-0.374,815.7083,2015-09-14T00:00:00Z,SVP
116352,2015-08-06T18:00:00Z,-35.31249,-50.34434,0.077,-0.3734,815.7083,2015-09-14T00:00:00Z,SVP
116352,2015-08-06T19:00:00Z,-35.32456,-50.34421,0.0375,-0.3721,348.0,2015-09-14T00:00:00Z,SVP
116352,2015-08-06T20:00:00Z,-35.33736,-50.34548,0.0799,-0.3731,348.0,2015-09-14T00:00:00Z,SVP
116352,2015-08-06T21:00:00Z,-35.34991,-50.34072,0.0864,-0.3903,154.66667,2015-09-14T00:00:00Z,SVP
116352,2015-08-06T22:00:00Z,-35.36433,-50.33453,0.2063,-0.3605,102.0,2015-09-14T00:00:00Z,SVP
116352,2015-08-06T23:00:00Z,-35.37384,-50.32513,0.2529,-0.2458,309.45834,2015-09-14T00:00:00Z,SVP
116352,2015-08-07T00:00:00Z,-35.38173,-50.31637,0.2518,-0.245,309.45834,2015-09-14T00:00:00Z,SVP
116352,2015-08-07T01:00:00Z,-35.38935,-50.29486,-0.0854,-0.2379,137.08333,2015-09-14T00:00:00Z,SVP
116352,2015-08-07T02:00:00Z,-35.39717,-50.29861,-0.1077,-0.1248,115.958336,2015-09-14T00:00:00Z,SVP
116352,2015-08-07T03:00:00Z,-35.40061,-50.28987,0.2351,-0.0859,432.4583,2015-09-14T00:00:00Z,SVP
116352,2015-08-07T04:00:00Z,-35.40369,-50.27919,0.234,-0.0864,432.4583,2015-09-14T00:00:00Z,SVP
116352,2015-08-07T05:00:00Z,-35.40698,-50.26909,0.2337,-0.0869,432.4583,2015-09-14T00:00:00Z,SVP
116352,2015-08-07T06:00:00Z,-35.40964,-50.2597,0.2239,-0.0608,358.6667,2015-09-14T00:00:00Z,SVP
116352,2015-08-07T07:00:00Z,-35.41108,-50.25174,0.2274,-0.0613,358.6667,2015-09-14T00:00:00Z,SVP
116352,2015-08-07T08:00:00Z,-35.41313,-50.2444,0.169,-0.0687,115.958336,2015-09-14T00:00:00Z,SVP
116352,2015-08-07T09:00:00Z,-35.41515,-50.23763,0.1119,-0.0691,253.20834,2015-09-14T00:00:00Z,SVP
116352,2015-08-07T10:00:00Z,-35.41832,-50.23595,0.0991,-0.0759,253.20834,2015-09-14T00:00:00Z,SVP
116352,2015-08-07T11:00:00Z,-35.41846,-50.22711,0.3289,-0.0123,172.33334,2015-09-14T00:00:00Z,SVP
116352,2015-08-07T12:00:00Z,-35.42083,-50.21552,0.2861,-0.0707,105.458336,2015-09-14T00:00:00Z,SVP
116352,2015-08-07T13:00:00Z,-35.42335,-50.21211,0.1169,-0.0908,147.58333,2015-09-14T00:00:00Z,SVP
116352,2015-08-07T14:00:00Z,-35.42635,-50.20637,0.1414,-0.0738,699.5834,2015-09-14T00:00:00Z,SVP
116352,2015-08-07T15:00:00Z,-35.42866,-50.20041,0.1435,-0.0737,699.5834,2015-09-14T00:00:00Z,SVP
116352,2015-08-07T16:00:00Z,-35.43093,-50.19483,0.1434,-0.0735,699.5834,2015-09-14T00:00:00Z,SVP
116352,2015-08-07T17:00:00Z,-35.43307,-50.18983,0.1413,-0.0731,699.5834,2015-09-14T00:00:00Z,SVP
116352,2015-08-07T18:00:00Z,-35.43592,-50.18572,0.1435,-0.1143,312.91666,2015-09-14T00:00:00Z,SVP
116352,2015-08-07T19:00:00Z,-35.44141,-50.1793,0.1438,-0.1095,312.91666,2015-09-14T00:00:00Z,SVP
116352,2015-08-07T20:00:00Z,-35.44493,-50.16923,-0.1138,-0.2701,56.25,2015-09-14T00:00:00Z,SVP
116352,2015-08-07T21:00:00Z,-35.45423,-50.17188,0.0786,-0.2041,0.0,2015-09-14T00:00:00Z,SVP
116352,2015-08-07T22:00:00Z,-35.45913,-50.16312,0.3051,-0.2013,109.041664,2015-09-14T00:00:00Z,SVP
116352,2015-08-07T23:00:00Z,-35.46546,-50.15202,0.2873,-0.1606,295.33334,2015-09-14T00:00:00Z,SVP
116352,2015-08-08T00:00:00Z,-35.47084,-50.1399,0.2887,-0.1597,295.33334,2015-09-14T00:00:00Z,SVP
116352,2015-08-08T01:00:00Z,-35.47572,-50.12927,0.095,-0.1225,123.0,2015-09-14T00:00:00Z,SVP
116352,2015-08-08T02:00:00Z,-35.47981,-50.12676,0.0586,-0.1332,126.58333,2015-09-14T00:00:00Z,SVP
116352,2015-08-08T03:00:00Z,-35.48368,-50.11224,0.2854,-0.1243,200.41666,2015-09-14T00:00:00Z,SVP
116352,2015-08-08T04:00:00Z,-35.48306,-50.10138,0.3118,0.1945,249.58333,2015-09-14T00:00:00Z,SVP
116352,2015-08-08T05:00:00Z,-35.4735,-50.08986,0.3194,0.146,249.58333,2015-09-14T00:00:00Z,SVP
116352,2015-08-08T06:00:00Z,-35.46909,-50.07756,0.2893,0.1765,369.16666,2015-09-14T00:00:00Z,SVP
116352,2015-08-08T07:00:00Z,-35.46398,-50.06569,0.2889,0.1807,369.16666,2015-09-14T00:00:00Z,SVP
116352,2015-08-08T08:00:00Z,-35.45829,-50.05457,0.2677,0.1609,77.41667,2015-09-14T00:00:00Z,SVP
116352,2015-08-08T09:00:00Z,-35.45249,-50.05412,-0.0069,0.1756,439.5,2015-09-14T00:00:00Z,SVP
116352,2015-08-08T10:00:00Z,-35.4471,-50.05573,-0.0207,0.1739,439.5,2015-09-14T00:00:00Z,SVP
116352,2015-08-08T11:00:00Z,-35.44201,-50.05915,-0.0389,0.1718,439.5,2015-09-14T00:00:00Z,SVP
116352,2015-08-08T12:00:00Z,-35.43604,-50.05319,-0.1133,0.0808,140.70834,2015-09-14T00:00:00Z,SVP
116352,2015-08-08T13:00:00Z,-35.43475,-50.05789,-0.0299,-0.0788,119.54167,2015-09-14T00:00:00Z,SVP
116352,2015-08-08T14:00:00Z,-35.4345,-50.05986,-0.0256,-0.0333,601.2084,2015-09-14T00:00:00Z,SVP
116352,2015-08-08T15:00:00Z,-35.43953,-50.06041,-0.0235,-0.0894,601.2084,2015-09-14T00:00:00Z,SVP
116352,2015-08-08T16:00:00Z,-35.44301,-50.061,-0.0224,-0.0923,601.2084,2015-09-14T00:00:00Z,SVP
116352,2015-08-08T17:00:00Z,-35.44657,-50.06139,-0.0211,-0.0943,601.2084,2015-09-14T00:00:00Z,SVP
116352,2015-08-08T18:00:00Z,-35.4517,-50.06028,0.0253,-0.162,260.0833,2015-09-14T00:00:00Z,SVP
116352,2015-08-08T19:00:00Z,-35.4571,-50.0637,-0.0183,-0.1656,260.0833,2015-09-14T00:00:00Z,SVP
116352,2015-08-08T20:00:00Z,-35.46459,-50.052,0.0961,-0.201,108.91667,2015-09-14T00:00:00Z,SVP
116352,2015-08-08T21:00:00Z,-35.47032,-50.04429,0.3553,-0.2451,144.16667,2015-09-14T00:00:00Z,SVP
116352,2015-08-08T22:00:00Z,-35.48068,-50.02993,0.3907,-0.3152,77.41667,2015-09-14T00:00:00Z,SVP
116352,2015-08-08T23:00:00Z,-35.48695,-50.01815,0.2757,-0.152,295.33334,2015-09-14T00:00:00Z,SVP
116352,2015-08-09T00:00:00Z,-35.49224,-49.99973,0.3674,-0.1528,295.33334,2015-09-14T00:00:00Z,SVP
116352,2015-08-09T01:00:00Z,-35.49433,-49.99916,0.2496,-0.1027,144.16667,2015-09-14T00:00:00Z,SVP
116352,2015-08-09T02:00:00Z,-35.49781,-49.98774,0.2703,0.0086,866.5417,2015-09-14T00:00:00Z,SVP
116352,2015-08-09T03:00:00Z,-35.49661,-49.97773,0.2717,0.0082,866.5417,2015-09-14T00:00:00Z,SVP
116352,2015-08-09T04:00:00Z,-35.49618,-49.96715,0.2722,0.0084,866.5417,2015-09-14T00:00:00Z,SVP
116352,2015-08-09T05:00:00Z,-35.49597,-49.95644,0.2725,0.0086,866.5417,2015-09-14T00:00:00Z,SVP
116352,2015-08-09T06:00:00Z,-35.49594,-49.94571,0.2727,0.0089,866.5417,2015-09-14T00:00:00Z,SVP
116352,2015-08-09T07:00:00Z,-35.49614,-49.93498,0.2732,0.0098,866.5417,2015-09-14T00:00:00Z,SVP
116352,2015-08-09T08:00:00Z,-35.49721,-49.92437,0.2626,0.0019,219.75,2015-09-14T00:00:00Z,SVP
116352,2015-08-09T09:00:00Z,-35.4953,-49.91361,0.2625,0.015,219.75,2015-09-14T00:00:00Z,SVP
116352,2015-08-09T10:00:00Z,-35.50156,-49.90243,0.3226,-0.1221,214.5,2015-09-14T00:00:00Z,SVP
116352,2015-08-09T11:00:00Z,-35.50529,-49.89801,0.235,-0.0718,98.416664,2015-09-14T00:00:00Z,SVP
116352,2015-08-09T12:00:00Z,-35.50707,-49.87923,0.1055,-0.0138,140.70834,2015-09-14T00:00:00Z,SVP
116352,2015-08-09T13:00:00Z,-35.50876,-49.87432,0.4063,-0.1167,102.0,2015-09-14T00:00:00Z,SVP
116352,2015-08-09T14:00:00Z,-35.5127,-49.8589,0.4091,-0.1627,639.9166,2015-09-14T00:00:00Z,SVP
116352,2015-08-09T15:00:00Z,-35.51829,-49.84241,0.409,-0.1622,639.9166,2015-09-14T00:00:00Z,SVP
116352,2015-08-09T16:00:00Z,-35.5238,-49.82577,0.4088,-0.1616,639.9166,2015-09-14T00:00:00Z,SVP
116352,2015-08-09T17:00:00Z,-35.52937,-49.80894,0.4082,-0.1606,639.9166,2015-09-14T00:00:00Z,SVP
116352,2015-08-09T18:00:00Z,-35.53377,-49.7921,0.4132,-0.1298,362.08334,2015-09-14T00:00:00Z,SVP
116352,2015-08-09T19:00:00Z,-35.53726,-49.77738,0.4005,-0.1272,362.08334,2015-09-14T00:00:00Z,SVP
116352,2015-08-09T20:00:00Z,-35.54073,-49.764,0.4184,-0.079,94.958336,2015-09-14T00:00:00Z,SVP
116352,2015-08-09T21:00:00Z,-35.54228,-49.74278,0.2677,-0.0334,174.0,2015-09-14T00:00:00Z,SVP
116352,2015-08-09T22:00:00Z,-35.54542,-49.72944,0.4616,-0.1737,75.583336,2015-09-14T00:00:00Z,SVP
116352,2015-08-09T23:00:00Z,-35.55258,-49.7104,0.4863,-0.2271,260.0833,2015-09-14T00:00:00Z,SVP
116352,2015-08-10T00:00:00Z,-35.56064,-49.68986,0.0121,0.1516,140.70834,2015-09-14T00:00:00Z,SVP
116352,2015-08-10T01:00:00Z,-35.55063,-49.67904,0.2726,-0.044,112.5,2015-09-14T00:00:00Z,SVP
116352,2015-08-10T02:00:00Z,-35.55296,-49.68505,0.4279,-0.0447,499.20834,2015-09-14T00:00:00Z,SVP
116352,2015-08-10T03:00:00Z,-35.554,-49.66769,0.4266,-0.0461,499.20834,2015-09-14T00:00:00Z,SVP
116352,2015-08-10T04:00:00Z,-35.55531,-49.65055,0.4258,-0.0469,499.20834,2015-09-14T00:00:00Z,SVP
116352,2015-08-10T05:00:00Z,-35.5568,-49.63367,0.422,-0.038,365.70834,2015-09-14T00:00:00Z,SVP
116352,2015-08-10T06:00:00Z,-35.55834,-49.61712,0.4218,-0.0378,365.70834,2015-09-14T00:00:00Z,SVP
116352,2015-08-10T07:00:00Z,-35.5598,-49.60021,0.4212,-0.0374,365.70834,2015-09-14T00:00:00Z,SVP
116352,2015-08-10T08:00:00Z,-35.5616,-49.5841,0.3994,-0.0588,256.66666,2015-09-14T00:00:00Z,SVP
116352,2015-08-10T09:00:00Z,-35.56253,-49.56857,0.3987,-0.0545,256.66666,2015-09-14T00:00:00Z,SVP
116352,2015-08-10T10:00:00Z,-35.56614,-49.55205,0.4057,-0.0748,196.95833,2015-09-14T00:00:00Z,SVP
116352,2015-08-10T11:00:00Z,-35.56511,-49.53581,0.409,-7.0E-4,133.66667,2015-09-14T00:00:00Z,SVP
116352,2015-08-10T12:00:00Z,-35.56621,-49.52136,0.3607,-0.0262,130.04166,2015-09-14T00:00:00Z,SVP
116352,2015-08-10T13:00:00Z,-35.56918,-49.50783,0.3073,-0.0901,650.4166,2015-09-14T00:00:00Z,SVP
116352,2015-08-10T14:00:00Z,-35.57177,-49.49584,0.3067,-0.0895,650.4166,2015-09-14T00:00:00Z,SVP
116352,2015-08-10T15:00:00Z,-35.57453,-49.48365,0.3066,-0.0893,650.4166,2015-09-14T00:00:00Z,SVP
116352,2015-08-10T16:00:00Z,-35.5773,-49.47137,0.3066,-0.0891,650.4166,2015-09-14T00:00:00Z,SVP
116352,2015-08-10T17:00:00Z,-35.57999,-49.45893,0.3068,-0.089,650.4166,2015-09-14T00:00:00Z,SVP
116352,2015-08-10T18:00:00Z,-35.58363,-49.44628,0.3101,-0.0968,256.66666,2015-09-14T00:00:00Z,SVP
116352,2015-08-10T19:00:00Z,-35.58721,-49.43548,0.3034,-0.0986,256.66666,2015-09-14T00:00:00Z,SVP
116352,2015-08-10T20:00:00Z,-35.59239,-49.41781,0.3456,-0.1489,217.95833,2015-09-14T00:00:00Z,SVP
116352,2015-08-10T21:00:00Z,-35.59889,-49.40483,0.3521,-0.153,217.95833,2015-09-14T00:00:00Z,SVP
116352,2015-08-10T22:00:00Z,-35.60195,-49.39052,0.3547,-0.0433,464.08337,2015-09-14T00:00:00Z,SVP
116352,2015-08-10T23:00:00Z,-35.60334,-49.37645,0.3549,-0.0417,464.08337,2015-09-14T00:00:00Z,SVP
116352,2015-08-11T00:00:00Z,-35.60522,-49.36262,0.3551,-0.0437,464.08337,2015-09-14T00:00:00Z,SVP
116352,2015-08-11T01:00:00Z,-35.60466,-49.34906,0.3499,0.0315,660.9167,2015-09-14T00:00:00Z,SVP
116352,2015-08-11T02:00:00Z,-35.60258,-49.33491,0.3507,0.0265,660.9167,2015-09-14T00:00:00Z,SVP
116352,2015-08-11T03:00:00Z,-35.60109,-49.32057,0.3519,0.0231,660.9167,2015-09-14T00:00:00Z,SVP
116352,2015-08-11T04:00:00Z,-35.60008,-49.30583,0.3539,0.0219,660.9167,2015-09-14T00:00:00Z,SVP
116352,2015-08-11T05:00:00Z,-35.59896,-49.29113,0.2915,0.0608,239.08334,2015-09-14T00:00:00Z,SVP
116352,2015-08-11T06:00:00Z,-35.59689,-49.28132,0.3217,0.0621,239.08334,2015-09-14T00:00:00Z,SVP
116352,2015-08-11T07:00:00Z,-35.59217,-49.27015,0.2198,0.1462,87.91667,2015-09-14T00:00:00Z,SVP
116352,2015-08-11T08:00:00Z,-35.58793,-49.26386,0.1577,0.1459,253.20834,2015-09-14T00:00:00Z,SVP
116352,2015-08-11T09:00:00Z,-35.58392,-49.2573,0.1448,0.0763,186.29166,2015-09-14T00:00:00Z,SVP
116352,2015-08-11T10:00:00Z,-35.58259,-49.25222,0.1628,0.0968,151.20834,2015-09-14T00:00:00Z,SVP
116352,2015-08-11T11:00:00Z,-35.57909,-49.24215,0.0763,0.1888,133.66667,2015-09-14T00:00:00Z,SVP
116352,2015-08-11T12:00:00Z,-35.57448,-49.23878,0.2109,0.0036,112.5,2015-09-14T00:00:00Z,SVP
116352,2015-08-11T13:00:00Z,-35.57209,-49.23165,0.236,-0.0206,689.0833,2015-09-14T00:00:00Z,SVP
116352,2015-08-11T14:00:00Z,-35.57382,-49.22176,0.2349,-0.0162,689.0833,2015-09-14T00:00:00Z,SVP
116352,2015-08-11T15:00:00Z,-35.57463,-49.21241,0.235,-0.015,689.0833,2015-09-14T00:00:00Z,SVP
116352,2015-08-11T16:00:00Z,-35.57534,-49.20323,0.2357,-0.0141,689.0833,2015-09-14T00:00:00Z,SVP
116352,2015-08-11T17:00:00Z,-35.57611,-49.1943,0.2385,-0.0125,689.0833,2015-09-14T00:00:00Z,SVP
116352,2015-08-11T18:00:00Z,-35.57601,-49.18428,0.2589,-0.024,242.54167,2015-09-14T00:00:00Z,SVP
116352,2015-08-11T19:00:00Z,-35.57621,-49.17351,0.2588,-0.0169,330.45834,2015-09-14T00:00:00Z,SVP
116352,2015-08-11T20:00:00Z,-35.57741,-49.1643,0.2496,-0.0216,330.45834,2015-09-14T00:00:00Z,SVP
116352,2015-08-11T21:00:00Z,-35.5787,-49.1568,0.2346,-0.0246,330.45834,2015-09-14T00:00:00Z,SVP
116352,2015-08-11T22:00:00Z,-35.57996,-49.14234,0.2711,-0.045,249.58333,2015-09-14T00:00:00Z,SVP
116352,2015-08-11T23:00:00Z,-35.5811,-49.13138,0.3094,-0.0636,225.0,2015-09-14T00:00:00Z,SVP
116352,2015-08-12T00:00:00Z,-35.58434,-49.11954,0.3083,-0.0639,225.0,2015-09-14T00:00:00Z,SVP
116352,2015-08-12T01:00:00Z,-35.58338,-49.1072,0.2997,0.0872,133.66667,2015-09-14T00:00:00Z,SVP
116352,2015-08-12T02:00:00Z,-35.57964,-49.09437,0.2649,0.0711,428.8333,2015-09-14T00:00:00Z,SVP
116352,2015-08-12T03:00:00Z,-35.57767,-49.08393,0.2645,0.0716,428.8333,2015-09-14T00:00:00Z,SVP
116352,2015-08-12T04:00:00Z,-35.57558,-49.0731,0.2635,0.0723,428.8333,2015-09-14T00:00:00Z,SVP
116352,2015-08-12T05:00:00Z,-35.57264,-49.06263,0.246,0.0932,239.08334,2015-09-14T00:00:00Z,SVP
116352,2015-08-12T06:00:00Z,-35.56939,-49.05354,0.2474,0.0948,239.08334,2015-09-14T00:00:00Z,SVP
116352,2015-08-12T07:00:00Z,-35.56449,-49.04398,0.2018,0.1676,112.5,2015-09-14T00:00:00Z,SVP
116352,2015-08-12T08:00:00Z,-35.55893,-49.03826,0.1347,0.1691,242.54167,2015-09-14T00:00:00Z,SVP
116352,2015-08-12T09:00:00Z,-35.5535,-49.03242,0.1256,0.1458,425.41666,2015-09-14T00:00:00Z,SVP
116352,2015-08-12T10:00:00Z,-35.54913,-49.02779,0.1234,0.144,425.41666,2015-09-14T00:00:00Z,SVP
116352,2015-08-12T11:00:00Z,-35.54444,-49.02332,0.1217,0.1437,425.41666,2015-09-14T00:00:00Z,SVP
116352,2015-08-12T12:00:00Z,-35.5425,-49.01756,0.126,0.0789,109.041664,2015-09-14T00:00:00Z,SVP
116352,2015-08-12T13:00:00Z,-35.54071,-49.01364,0.1042,0.0395,147.58333,2015-09-14T00:00:00Z,SVP
116352,2015-08-12T14:00:00Z,-35.53934,-49.00819,0.1236,0.0533,573.0,2015-09-14T00:00:00Z,SVP
116352,2015-08-12T15:00:00Z,-35.53765,-49.00321,0.1244,0.0532,573.0,2015-09-14T00:00:00Z,SVP
116352,2015-08-12T16:00:00Z,-35.53594,-48.9989,0.1221,0.0531,573.0,2015-09-14T00:00:00Z,SVP
116352,2015-08-12T17:00:00Z,-35.53397,-48.99751,0.2011,0.0585,246.16667,2015-09-14T00:00:00Z,SVP
116352,2015-08-12T18:00:00Z,-35.5321,-48.98596,0.1549,0.0589,246.16667,2015-09-14T00:00:00Z,SVP
116352,2015-08-12T19:00:00Z,-35.53085,-48.98033,0.1643,0.049,295.33334,2015-09-14T00:00:00Z,SVP
116352,2015-08-12T20:00:00Z,-35.5289,-48.9741,0.1613,0.0497,295.33334,2015-09-14T00:00:00Z,SVP
116352,2015-08-12T21:00:00Z,-35.52908,-48.97109,-0.1133,-0.0569,0.0,2015-09-14T00:00:00Z,SVP
116352,2015-08-12T22:00:00Z,-35.52728,-48.94906,0.3567,0.0562,189.91667,2015-09-14T00:00:00Z,SVP
116352,2015-08-12T23:00:00Z,-35.52507,-48.94436,0.2893,0.0968,348.0,2015-09-14T00:00:00Z,SVP
116352,2015-08-13T00:00:00Z,-35.52193,-48.93343,0.2951,0.0972,348.0,2015-09-14T00:00:00Z,SVP
116352,2015-08-13T01:00:00Z,-35.51953,-48.92308,0.1463,0.0713,130.04166,2015-09-14T00:00:00Z,SVP
116352,2015-08-13T02:00:00Z,-35.5182,-48.92209,0.0819,0.068,112.5,2015-09-14T00:00:00Z,SVP
116352,2015-08-13T03:00:00Z,-35.51579,-48.91796,0.1298,0.0662,337.5,2015-09-14T00:00:00Z,SVP
116352,2015-08-13T04:00:00Z,-35.51205,-48.91123,0.1049,0.0631,337.5,2015-09-14T00:00:00Z,SVP
116352,2015-08-13T05:00:00Z,-35.5108,-48.90763,0.1003,-0.0152,242.54167,2015-09-14T00:00:00Z,SVP
116352,2015-08-13T06:00:00Z,-35.51161,-48.90363,0.0961,-0.0136,242.54167,2015-09-14T00:00:00Z,SVP
116352,2015-08-13T07:00:00Z,-35.51326,-48.9007,0.0787,-0.0515,270.74997,2015-09-14T00:00:00Z,SVP
116352,2015-08-13T08:00:00Z,-35.5154,-48.89704,0.1287,-0.1001,154.66667,2015-09-14T00:00:00Z,SVP
116352,2015-08-13T09:00:00Z,-35.51969,-48.88536,-0.1304,-0.1595,94.958336,2015-09-14T00:00:00Z,SVP
116352,2015-08-13T10:00:00Z,-35.52397,-48.89608,-0.382,-0.1178,154.66667,2015-09-14T00:00:00Z,SVP
116352,2015-08-13T11:00:00Z,-35.52733,-48.88973,-0.0087,-0.0891,200.41666,2015-09-14T00:00:00Z,SVP
116352,2015-08-13T12:00:00Z,-35.52925,-48.88761,-0.097,-0.0223,140.70834,2015-09-14T00:00:00Z,SVP
116352,2015-08-13T13:00:00Z,-35.53248,-48.88988,0.1683,-0.1421,112.5,2015-09-14T00:00:00Z,SVP
116352,2015-08-13T14:00:00Z,-35.53363,-48.88676,0.2453,-0.154,485.08334,2015-09-14T00:00:00Z,SVP
116352,2015-08-13T15:00:00Z,-35.5406,-48.8752,0.2317,-0.1447,485.08334,2015-09-14T00:00:00Z,SVP
116352,2015-08-13T16:00:00Z,-35.54638,-48.86647,0.2375,-0.1416,485.08334,2015-09-14T00:00:00Z,SVP
116352,2015-08-13T17:00:00Z,-35.55241,-48.85797,0.2792,-0.0494,239.08334,2015-09-14T00:00:00Z,SVP
116352,2015-08-13T18:00:00Z,-35.55376,-48.84679,0.2788,-0.0502,239.08334,2015-09-14T00:00:00Z,SVP
116352,2015-08-13T19:00:00Z,-35.55506,-48.83675,0.2495,-0.0331,256.66666,2015-09-14T00:00:00Z,SVP
116352,2015-08-13T20:00:00Z,-35.55586,-48.8269,0.2475,-0.0322,256.66666,2015-09-14T00:00:00Z,SVP
116352,2015-08-13T21:00:00Z,-35.55441,-48.84219,0.2562,0.1785,151.20834,2015-09-14T00:00:00Z,SVP
116352,2015-08-13T22:00:00Z,-35.54742,-48.83256,0.2412,0.1279,105.458336,2015-09-14T00:00:00Z,SVP
116352,2015-08-13T23:00:00Z,-35.54398,-48.8268,0.092,0.1107,256.66666,2015-09-14T00:00:00Z,SVP
116352,2015-08-14T00:00:00Z,-35.53984,-48.82358,0.0812,0.1114,256.66666,2015-09-14T00:00:00Z,SVP
116352,2015-08-14T01:00:00Z,-35.53792,-48.832,-0.2474,0.0614,137.08333,2015-09-14T00:00:00Z,SVP
116352,2015-08-14T02:00:00Z,-35.54342,-48.8417,-0.1098,0.0027,355.0417,2015-09-14T00:00:00Z,SVP
116352,2015-08-14T03:00:00Z,-35.54093,-48.84598,-0.1077,0.0031,355.0417,2015-09-14T00:00:00Z,SVP
116352,2015-08-14T04:00:00Z,-35.53795,-48.85125,-0.1072,-0.0162,355.0417,2015-09-14T00:00:00Z,SVP
116352,2015-08-14T05:00:00Z,-35.54053,-48.85354,-0.0692,-0.0692,239.08334,2015-09-14T00:00:00Z,SVP
116352,2015-08-14T06:00:00Z,-35.54419,-48.85603,-0.1495,-0.1241,102.0,2015-09-14T00:00:00Z,SVP
116352,2015-08-14T07:00:00Z,-35.54802,-48.86255,-0.1789,-0.1442,137.08333,2015-09-14T00:00:00Z,SVP
116352,2015-08-14T08:00:00Z,-35.55311,-48.86663,-0.0482,-0.1814,115.958336,2015-09-14T00:00:00Z,SVP
116352,2015-08-14T09:00:00Z,-35.55956,-48.86904,-0.0566,-0.2086,130.04166,2015-09-14T00:00:00Z,SVP
116352,2015-08-14T10:00:00Z,-35.57163,-48.87358,-0.113,-0.3319,137.08333,2015-09-14T00:00:00Z,SVP
116352,2015-08-14T11:00:00Z,-35.56981,-48.85461,0.1993,-0.1383,217.95833,2015-09-14T00:00:00Z,SVP
116352,2015-08-14T12:00:00Z,-35.57301,-48.85224,-0.1491,-0.0074,147.58333,2015-09-14T00:00:00Z,SVP
116352,2015-08-14T13:00:00Z,-35.57196,-48.8532,0.1,0.0418,108.91667,2015-09-14T00:00:00Z,SVP
116352,2015-08-14T14:00:00Z,-35.57102,-48.85316,0.1569,0.0675,513.2917,2015-09-14T00:00:00Z,SVP
116352,2015-08-14T15:00:00Z,-35.56919,-48.84461,0.1357,0.0696,513.2917,2015-09-14T00:00:00Z,SVP
116352,2015-08-14T16:00:00Z,-35.56732,-48.83851,0.1262,0.0726,513.2917,2015-09-14T00:00:00Z,SVP
116352,2015-08-14T17:00:00Z,-35.56484,-48.83357,0.1398,0.0931,246.16667,2015-09-14T00:00:00Z,SVP
116352,2015-08-14T18:00:00Z,-35.56141,-48.82887,0.143,0.0931,246.16667,2015-09-14T00:00:00Z,SVP
116352,2015-08-14T19:00:00Z,-35.55865,-48.82415,0.1142,0.092,203.83333,2015-09-14T00:00:00Z,SVP
116352,2015-08-14T20:00:00Z,-35.55528,-48.83735,-0.1609,0.0905,158.25,2015-09-14T00:00:00Z,SVP
116352,2015-08-14T21:00:00Z,-35.55265,-48.84417,-0.2802,0.0619,91.33333,2015-09-14T00:00:00Z,SVP
116352,2015-08-14T22:00:00Z,-35.55142,-48.84519,-0.0127,0.0186,393.75,2015-09-14T00:00:00Z,SVP
116352,2015-08-14T23:00:00Z,-35.55133,-48.84466,-0.0088,0.0198,393.75,2015-09-14T00:00:00Z,SVP
116352,2015-08-15T00:00:00Z,-35.55072,-48.83791,-0.2663,0.0064,123.0,2015-09-14T00:00:00Z,SVP
116352,2015-08-15T01:00:00Z,-35.54868,-48.84876,-0.1658,0.1354,130.04166,2015-09-14T00:00:00Z,SVP
116352,2015-08-15T02:00:00Z,-35.54504,-48.84959,0.0125,0.1514,362.08334,2015-09-14T00:00:00Z,SVP
116352,2015-08-15T03:00:00Z,-35.53931,-48.84823,0.0102,0.1502,362.08334,2015-09-14T00:00:00Z,SVP
116352,2015-08-15T04:00:00Z,-35.53278,-48.84663,0.0063,0.1481,362.08334,2015-09-14T00:00:00Z,SVP
116352,2015-08-15T05:00:00Z,-35.53002,-48.84732,0.0411,0.1453,253.20834,2015-09-14T00:00:00Z,SVP
116352,2015-08-15T06:00:00Z,-35.52574,-48.84862,-0.0646,0.1222,203.83333,2015-09-14T00:00:00Z,SVP
116352,2015-08-15T07:00:00Z,-35.52073,-48.84024,0.092,0.1211,203.83333,2015-09-14T00:00:00Z,SVP
116352,2015-08-15T08:00:00Z,-35.51941,-48.85719,-0.1031,0.0684,147.58333,2015-09-14T00:00:00Z,SVP
116352,2015-08-15T09:00:00Z,-35.51951,-48.83928,0.399,-0.01,119.54167,2015-09-14T00:00:00Z,SVP
116352,2015-08-15T10:00:00Z,-35.51739,-48.83377,0.1384,0.0868,249.58333,2015-09-14T00:00:00Z,SVP
116352,2015-08-15T11:00:00Z,-35.51669,-48.83021,0.1308,0.0629,249.58333,2015-09-14T00:00:00Z,SVP
116352,2015-08-15T12:00:00Z,-35.5079,-48.82215,0.1649,0.2365,140.70834,2015-09-14T00:00:00Z,SVP
116352,2015-08-15T13:00:00Z,-35.49996,-48.81409,0.2504,0.2227,773.4167,2015-09-14T00:00:00Z,SVP
116352,2015-08-15T14:00:00Z,-35.49289,-48.8036,0.2513,0.2227,773.4167,2015-09-14T00:00:00Z,SVP
116352,2015-08-15T15:00:00Z,-35.4858,-48.79322,0.2521,0.2227,773.4167,2015-09-14T00:00:00Z,SVP
116352,2015-08-15T16:00:00Z,-35.47874,-48.78261,0.2534,0.2228,773.4167,2015-09-14T00:00:00Z,SVP
116352,2015-08-15T17:00:00Z,-35.47182,-48.77131,0.2567,0.2229,773.4167,2015-09-14T00:00:00Z,SVP
116352,2015-08-15T18:00:00Z,-35.4653,-48.75923,0.2608,0.2232,773.4167,2015-09-14T00:00:00Z,SVP
116352,2015-08-15T19:00:00Z,-35.45637,-48.75257,0.1484,0.2452,351.58334,2015-09-14T00:00:00Z,SVP
116352,2015-08-15T20:00:00Z,-35.44816,-48.74609,0.1443,0.244,351.58334,2015-09-14T00:00:00Z,SVP
116352,2015-08-15T21:00:00Z,-35.43922,-48.74519,0.0466,0.2753,94.958336,2015-09-14T00:00:00Z,SVP
116352,2015-08-15T22:00:00Z,-35.43127,-48.74296,0.0247,0.2509,513.2917,2015-09-14T00:00:00Z,SVP
116352,2015-08-15T23:00:00Z,-35.42287,-48.74152,0.0248,0.2532,513.2917,2015-09-14T00:00:00Z,SVP
116352,2015-08-16T00:00:00Z,-35.41401,-48.74005,0.0248,0.2574,513.2917,2015-09-14T00:00:00Z,SVP
116352,2015-08-16T01:00:00Z,-35.40808,-48.73972,0.0223,0.1141,516.75,2015-09-14T00:00:00Z,SVP
116352,2015-08-16T02:00:00Z,-35.40459,-48.7394,0.0227,0.1139,516.75,2015-09-14T00:00:00Z,SVP
116352,2015-08-16T03:00:00Z,-35.4006,-48.73873,0.0229,0.1118,516.75,2015-09-14T00:00:00Z,SVP
116352,2015-08-16T04:00:00Z,-35.39614,-48.73789,0.0012,0.0473,242.54167,2015-09-14T00:00:00Z,SVP
116352,2015-08-16T05:00:00Z,-35.39544,-48.73753,0.0013,0.0534,242.54167,2015-09-14T00:00:00Z,SVP
116352,2015-08-16T06:00:00Z,-35.39531,-48.73622,0.0293,-0.0186,421.95834,2015-09-14T00:00:00Z,SVP
116352,2015-08-16T07:00:00Z,-35.39611,-48.73508,0.0295,-0.0207,421.95834,2015-09-14T00:00:00Z,SVP
116352,2015-08-16T08:00:00Z,-35.3961,-48.7408,-0.023,-0.0171,421.95834,2015-09-14T00:00:00Z,SVP
116352,2015-08-16T09:00:00Z,-35.40006,-48.73072,-0.0117,-0.2286,0.0,2015-09-14T00:00:00Z,SVP
116352,2015-08-16T10:00:00Z,-35.40636,-48.73212,0.0648,-0.1926,249.58333,2015-09-14T00:00:00Z,SVP
116352,2015-08-16T11:00:00Z,-35.40935,-48.72987,0.1404,0.0625,270.74997,2015-09-14T00:00:00Z,SVP
116352,2015-08-16T12:00:00Z,-35.40397,-48.724,0.1469,-0.005,270.74997,2015-09-14T00:00:00Z,SVP
116352,2015-08-16T13:00:00Z,-35.40464,-48.71579,0.2222,-0.0772,144.16667,2015-09-14T00:00:00Z,SVP
116352,2015-08-16T14:00:00Z,-35.40691,-48.70724,0.2161,-0.0823,1012.5,2015-09-14T00:00:00Z,SVP
116352,2015-08-16T15:00:00Z,-35.40955,-48.69897,0.216,-0.0823,1012.5,2015-09-14T00:00:00Z,SVP
116352,2015-08-16T16:00:00Z,-35.41221,-48.69049,0.216,-0.0823,1012.5,2015-09-14T00:00:00Z,SVP
116352,2015-08-16T17:00:00Z,-35.41488,-48.68195,0.216,-0.0823,1012.5,2015-09-14T00:00:00Z,SVP
116352,2015-08-16T18:00:00Z,-35.41756,-48.67335,0.2159,-0.0822,1012.5,2015-09-14T00:00:00Z,SVP
116352,2015-08-16T19:00:00Z,-35.42027,-48.66466,0.2158,-0.0822,1012.5,2015-09-14T00:00:00Z,SVP
116352,2015-08-16T20:00:00Z,-35.42313,-48.65555,0.2156,-0.082,1012.5,2015-09-14T00:00:00Z,SVP
116352,2015-08-16T21:00:00Z,-35.42538,-48.64943,0.1451,-0.0737,189.91667,2015-09-14T00:00:00Z,SVP
116352,2015-08-16T22:00:00Z,-35.42784,-48.6426,0.1845,-0.0484,63.291664,2015-09-14T00:00:00Z,SVP
116352,2015-08-16T23:00:00Z,-35.42935,-48.63534,0.223,-0.0495,277.66666,2015-09-14T00:00:00Z,SVP
116352,2015-08-17T00:00:00Z,-35.43082,-48.6267,0.2271,-0.0544,277.66666,2015-09-14T00:00:00Z,SVP
116352,2015-08-17T01:00:00Z,-35.43601,-48.61813,0.157,-0.1886,239.08334,2015-09-14T00:00:00Z,SVP
116352,2015-08-17T02:00:00Z,-35.4449,-48.61416,0.1451,-0.2342,239.08334,2015-09-14T00:00:00Z,SVP
116352,2015-08-17T03:00:00Z,-35.44768,-48.60712,0.215,0.0283,175.79167,2015-09-14T00:00:00Z,SVP
116352,2015-08-17T04:00:00Z,-35.4463,-48.59921,0.2103,-0.0084,249.58333,2015-09-14T00:00:00Z,SVP
116352,2015-08-17T05:00:00Z,-35.44611,-48.5895,0.2008,-0.0169,249.58333,2015-09-14T00:00:00Z,SVP
116352,2015-08-17T06:00:00Z,-35.4469,-48.58435,0.0963,-0.0424,358.6667,2015-09-14T00:00:00Z,SVP
116352,2015-08-17T07:00:00Z,-35.44843,-48.5814,0.0951,-0.0425,358.6667,2015-09-14T00:00:00Z,SVP
116352,2015-08-17T08:00:00Z,-35.45024,-48.5764,0.1283,-0.0598,116.083336,2015-09-14T00:00:00Z,SVP
116352,2015-08-17T09:00:00Z,-35.4538,-48.56892,0.193,-0.1308,161.70833,2015-09-14T00:00:00Z,SVP
116352,2015-08-17T10:00:00Z,-35.45894,-48.56091,0.241,-0.2111,91.33333,2015-09-14T00:00:00Z,SVP
116352,2015-08-17T11:00:00Z,-35.46526,-48.55115,0.2546,-0.2,298.7917,2015-09-14T00:00:00Z,SVP
116352,2015-08-17T12:00:00Z,-35.47172,-48.54106,0.2542,-0.1995,298.7917,2015-09-14T00:00:00Z,SVP
116352,2015-08-17T13:00:00Z,-35.47759,-48.53079,0.2674,-0.168,144.16667,2015-09-14T00:00:00Z,SVP
116352,2015-08-17T14:00:00Z,-35.48018,-48.51939,0.295,-0.0771,682.0417,2015-09-14T00:00:00Z,SVP
116352,2015-08-17T15:00:00Z,-35.48251,-48.50762,0.2952,-0.0769,682.0417,2015-09-14T00:00:00Z,SVP
116352,2015-08-17T16:00:00Z,-35.48487,-48.49592,0.2951,-0.0768,682.0417,2015-09-14T00:00:00Z,SVP
116352,2015-08-17T17:00:00Z,-35.48721,-48.48432,0.295,-0.0767,682.0417,2015-09-14T00:00:00Z,SVP
116352,2015-08-17T18:00:00Z,-35.48899,-48.47132,0.3176,-0.0623,256.66666,2015-09-14T00:00:00Z,SVP
116352,2015-08-17T19:00:00Z,-35.49105,-48.45672,0.3263,-0.062,256.66666,2015-09-14T00:00:00Z,SVP
116352,2015-08-17T20:00:00Z,-35.49169,-48.44299,0.072,-0.0489,226.79166,2015-09-14T00:00:00Z,SVP
116352,2015-08-17T21:00:00Z,-35.49348,-48.44202,0.082,-0.0586,226.79166,2015-09-14T00:00:00Z,SVP
116352,2015-08-17T22:00:00Z,-35.50174,-48.43484,0.2574,-0.179,411.2917,2015-09-14T00:00:00Z,SVP
116352,2015-08-17T23:00:00Z,-35.50687,-48.42496,0.2568,-0.1827,411.2917,2015-09-14T00:00:00Z,SVP
116352,2015-08-18T00:00:00Z,-35.513,-48.41481,0.2566,-0.1786,411.2917,2015-09-14T00:00:00Z,SVP
116352,2015-08-18T01:00:00Z,-35.51897,-48.40565,0.2238,-0.1616,140.70834,2015-09-14T00:00:00Z,SVP
116352,2015-08-18T02:00:00Z,-35.52715,-48.3982,0.1944,-0.2136,115.958336,2015-09-14T00:00:00Z,SVP
116352,2015-08-18T03:00:00Z,-35.53298,-48.38085,0.398,-0.1944,446.54166,2015-09-14T00:00:00Z,SVP
116352,2015-08-18T04:00:00Z,-35.53832,-48.36281,0.3891,-0.2006,446.54166,2015-09-14T00:00:00Z,SVP
116352,2015-08-18T05:00:00Z,-35.54392,-48.34109,0.3449,-0.208,446.54166,2015-09-14T00:00:00Z,SVP
116352,2015-08-18T06:00:00Z,-35.55089,-48.32924,0.3537,-0.1687,348.0,2015-09-14T00:00:00Z,SVP
116352,2015-08-18T07:00:00Z,-35.55782,-48.31797,0.4051,-0.1687,348.0,2015-09-14T00:00:00Z,SVP
116352,2015-08-18T08:00:00Z,-35.56192,-48.30118,0.4426,-0.0771,249.58333,2015-09-14T00:00:00Z,SVP
116352,2015-08-18T09:00:00Z,-35.56326,-48.28341,0.4473,-0.0844,249.58333,2015-09-14T00:00:00Z,SVP
116352,2015-08-18T10:00:00Z,-35.56561,-48.26329,0.4361,-0.0399,334.04166,2015-09-14T00:00:00Z,SVP
116352,2015-08-18T11:00:00Z,-35.56688,-48.24625,0.4369,-0.0384,334.04166,2015-09-14T00:00:00Z,SVP
116352,2015-08-18T12:00:00Z,-35.56861,-48.2282,0.2513,0.0936,126.58333,2015-09-14T00:00:00Z,SVP
116352,2015-08-18T13:00:00Z,-35.56565,-48.21726,0.2243,0.0999,717.1667,2015-09-14T00:00:00Z,SVP
116352,2015-08-18T14:00:00Z,-35.56241,-48.20862,0.2239,0.0999,717.1667,2015-09-14T00:00:00Z,SVP
116352,2015-08-18T15:00:00Z,-35.55915,-48.19967,0.2238,0.0998,717.1667,2015-09-14T00:00:00Z,SVP
116352,2015-08-18T16:00:00Z,-35.55585,-48.19054,0.2237,0.0997,717.1667,2015-09-14T00:00:00Z,SVP
116352,2015-08-18T17:00:00Z,-35.55248,-48.18113,0.2234,0.0995,717.1667,2015-09-14T00:00:00Z,SVP
116352,2015-08-18T18:00:00Z,-35.54967,-48.17387,0.1273,0.0884,256.66666,2015-09-14T00:00:00Z,SVP
116352,2015-08-18T19:00:00Z,-35.54715,-48.16896,0.1239,0.0875,256.66666,2015-09-14T00:00:00Z,SVP
116352,2015-08-18T20:00:00Z,-35.54479,-48.16568,0.1148,0.0627,253.20834,2015-09-14T00:00:00Z,SVP
116352,2015-08-18T21:00:00Z,-35.54185,-48.16082,0.1167,0.0697,253.20834,2015-09-14T00:00:00Z,SVP
116352,2015-08-18T22:00:00Z,-35.53996,-48.15693,0.1124,0.0459,404.25,2015-09-14T00:00:00Z,SVP
116352,2015-08-18T23:00:00Z,-35.5395,-48.15254,0.1113,0.0405,404.25,2015-09-14T00:00:00Z,SVP
116352,2015-08-19T00:00:00Z,-35.53962,-48.14682,0.1183,0.0352,404.25,2015-09-14T00:00:00Z,SVP
116352,2015-08-19T01:00:00Z,-35.53701,-48.15091,0.0253,0.0219,140.70834,2015-09-14T00:00:00Z,SVP
116352,2015-08-19T02:00:00Z,-35.54101,-48.15812,0.0415,0.0168,464.08337,2015-09-14T00:00:00Z,SVP
116352,2015-08-19T03:00:00Z,-35.53796,-48.156,0.0405,0.0056,464.08337,2015-09-14T00:00:00Z,SVP
116352,2015-08-19T04:00:00Z,-35.53558,-48.15565,0.0469,-0.0037,464.08337,2015-09-14T00:00:00Z,SVP
116352,2015-08-19T05:00:00Z,-35.53184,-48.1577,0.0952,-0.0842,362.08334,2015-09-14T00:00:00Z,SVP
116352,2015-08-19T06:00:00Z,-35.53529,-48.15218,0.0796,-0.076,362.08334,2015-09-14T00:00:00Z,SVP
116352,2015-08-19T07:00:00Z,-35.53788,-48.14837,0.0716,-0.074,362.08334,2015-09-14T00:00:00Z,SVP
116352,2015-08-19T08:00:00Z,-35.5408,-48.14593,0.0562,-0.114,203.83333,2015-09-14T00:00:00Z,SVP
116352,2015-08-19T09:00:00Z,-35.54442,-48.14341,0.0554,-0.131,305.83334,2015-09-14T00:00:00Z,SVP
116352,2015-08-19T10:00:00Z,-35.55115,-48.14267,0.0381,-0.1627,305.83334,2015-09-14T00:00:00Z,SVP
116352,2015-08-19T11:00:00Z,-35.55599,-48.13921,0.5947,-0.1516,105.458336,2015-09-14T00:00:00Z,SVP
116352,2015-08-19T12:00:00Z,-35.55988,-48.11537,0.5982,-0.092,137.08333,2015-09-14T00:00:00Z,SVP
116352,2015-08-19T13:00:00Z,-35.56278,-48.13152,-0.0077,-0.1256,123.0,2015-09-14T00:00:00Z,SVP
116352,2015-08-19T14:00:00Z,-35.5673,-48.13205,-0.005,-0.1269,615.2917,2015-09-14T00:00:00Z,SVP
116352,2015-08-19T15:00:00Z,-35.57139,-48.13168,-0.0041,-0.1271,615.2917,2015-09-14T00:00:00Z,SVP
116352,2015-08-19T16:00:00Z,-35.57533,-48.12509,-0.1116,-0.127,615.2917,2015-09-14T00:00:00Z,SVP
116352,2015-08-19T17:00:00Z,-35.57899,-48.12898,-0.1184,-0.1268,615.2917,2015-09-14T00:00:00Z,SVP
116352,2015-08-19T18:00:00Z,-35.58404,-48.13042,0.01,-0.1432,253.20834,2015-09-14T00:00:00Z,SVP
116352,2015-08-19T19:00:00Z,-35.59015,-48.13861,0.27,-0.1804,105.458336,2015-09-14T00:00:00Z,SVP
116352,2015-08-19T20:00:00Z,-35.59701,-48.12761,0.1507,-0.424,94.958336,2015-09-14T00:00:00Z,SVP
116352,2015-08-19T21:00:00Z,-35.6115,-48.12801,-0.0565,-0.4481,126.58333,2015-09-14T00:00:00Z,SVP
116352,2015-08-19T22:00:00Z,-35.61454,-48.1351,0.1896,-0.5777,277.66666,2015-09-14T00:00:00Z,SVP
116352,2015-08-19T23:00:00Z,-35.63471,-48.12633,0.1835,-0.5691,277.66666,2015-09-14T00:00:00Z,SVP
116352,2015-08-20T00:00:00Z,-35.65924,-48.10766,-0.2582,-0.3701,130.04166,2015-09-14T00:00:00Z,SVP
116352,2015-08-20T01:00:00Z,-35.66953,-48.11398,0.0988,-0.3396,112.5,2015-09-14T00:00:00Z,SVP
116352,2015-08-20T02:00:00Z,-35.68095,-48.11073,0.1229,-0.3175,506.25,2015-09-14T00:00:00Z,SVP
116352,2015-08-20T03:00:00Z,-35.69065,-48.10502,0.1229,-0.318,506.25,2015-09-14T00:00:00Z,SVP
116352,2015-08-20T04:00:00Z,-35.70109,-48.09973,0.123,-0.3168,506.25,2015-09-14T00:00:00Z,SVP
116352,2015-08-20T05:00:00Z,-35.71223,-48.09494,0.0525,-0.2894,246.16667,2015-09-14T00:00:00Z,SVP
116352,2015-08-20T06:00:00Z,-35.72128,-48.09315,0.0506,-0.2892,246.16667,2015-09-14T00:00:00Z,SVP
116352,2015-08-20T07:00:00Z,-35.73349,-48.09197,0.0415,-0.4234,91.33333,2015-09-14T00:00:00Z,SVP
116352,2015-08-20T08:00:00Z,-35.7487,-48.09484,-0.0794,-0.4897,225.0,2015-09-14T00:00:00Z,SVP
116352,2015-08-20T09:00:00Z,-35.76446,-48.0962,-0.0679,-0.4641,246.16667,2015-09-14T00:00:00Z,SVP
116352,2015-08-20T10:00:00Z,-35.77924,-48.10205,-0.0787,-0.4634,246.16667,2015-09-14T00:00:00Z,SVP
116352,2015-08-20T11:00:00Z,-35.79411,-48.09668,-0.1501,-0.4536,140.70834,2015-09-14T00:00:00Z,SVP
116352,2015-08-20T12:00:00Z,-35.80784,-48.10416,-0.2262,-0.4086,140.70834,2015-09-14T00:00:00Z,SVP
116352,2015-08-20T13:00:00Z,-35.82032,-48.12632,-0.0377,-0.6794,650.4166,2015-09-14T00:00:00Z,SVP
116352,2015-08-20T14:00:00Z,-35.84392,-48.12723,-0.0401,-0.6723,650.4166,2015-09-14T00:00:00Z,SVP
116352,2015-08-20T15:00:00Z,-35.8679,-48.1286,-0.0413,-0.6531,650.4166,2015-09-14T00:00:00Z,SVP
116352,2015-08-20T16:00:00Z,-35.88982,-48.13011,-0.0422,-0.6454,650.4166,2015-09-14T00:00:00Z,SVP
116352,2015-08-20T17:00:00Z,-35.91132,-48.1317,-0.0434,-0.6394,650.4166,2015-09-14T00:00:00Z,SVP
116352,2015-08-20T18:00:00Z,-35.93075,-48.13309,-0.0288,-0.598,242.54167,2015-09-14T00:00:00Z,SVP
116352,2015-08-20T19:00:00Z,-35.94914,-48.13374,0.0078,-0.5314,105.458336,2015-09-14T00:00:00Z,SVP
116352,2015-08-20T20:00:00Z,-35.96596,-48.13341,0.0113,-0.5071,168.75,2015-09-14T00:00:00Z,SVP
116352,2015-08-20T21:00:00Z,-35.98282,-48.1338,-0.02,-0.5311,73.791664,2015-09-14T00:00:00Z,SVP
116352,2015-08-20T22:00:00Z,-35.99992,-48.13313,0.0097,-0.5377,175.79167,2015-09-14T00:00:00Z,SVP
116352,2015-08-20T23:00:00Z,-36.01771,-48.13339,0.0118,-0.5457,312.91666,2015-09-14T00:00:00Z,SVP
116352,2015-08-21T00:00:00Z,-36.03536,-48.13282,0.0109,-0.5464,312.91666,2015-09-14T00:00:00Z,SVP
116352,2015-08-21T01:00:00Z,-36.05463,-48.13554,-0.0436,-0.5942,119.54167,2015-09-14T00:00:00Z,SVP
116352,2015-08-21T02:00:00Z,-36.07465,-48.13549,0.1409,-0.6222,130.04166,2015-09-14T00:00:00Z,SVP
116352,2015-08-21T03:00:00Z,-36.09465,-48.12922,0.185,-0.6127,390.1667,2015-09-14T00:00:00Z,SVP
116352,2015-08-21T04:00:00Z,-36.1146,-48.1225,0.1843,-0.6121,390.1667,2015-09-14T00:00:00Z,SVP
116352,2015-08-21T05:00:00Z,-36.13391,-48.11348,0.3287,-0.5867,242.54167,2015-09-14T00:00:00Z,SVP
116352,2015-08-21T06:00:00Z,-36.15273,-48.09965,0.3251,-0.5844,242.54167,2015-09-14T00:00:00Z,SVP
116352,2015-08-21T07:00:00Z,-36.1703,-48.08694,0.2865,-0.5687,137.08333,2015-09-14T00:00:00Z,SVP
116352,2015-08-21T08:00:00Z,-36.18898,-48.07586,0.339,-0.5491,105.458336,2015-09-14T00:00:00Z,SVP
116352,2015-08-21T09:00:00Z,-36.20566,-48.06197,0.3447,-0.4985,147.58333,2015-09-14T00:00:00Z,SVP
116352,2015-08-21T10:00:00Z,-36.22072,-48.04714,0.3285,-0.5165,319.9583,2015-09-14T00:00:00Z,SVP
116352,2015-08-21T11:00:00Z,-36.23878,-48.03546,0.3249,-0.5142,319.9583,2015-09-14T00:00:00Z,SVP
116352,2015-08-21T12:00:00Z,-36.25523,-48.02205,0.3554,-0.5627,116.083336,2015-09-14T00:00:00Z,SVP
116352,2015-08-21T13:00:00Z,-36.27289,-48.00764,0.3145,-0.5129,140.70834,2015-09-14T00:00:00Z,SVP
116352,2015-08-21T14:00:00Z,-36.28995,-47.99407,0.3248,-0.5245,537.9166,2015-09-14T00:00:00Z,SVP
116352,2015-08-21T15:00:00Z,-36.30651,-47.98126,0.324,-0.5243,537.9166,2015-09-14T00:00:00Z,SVP
116352,2015-08-21T16:00:00Z,-36.32293,-47.96922,0.3198,-0.5243,537.9166,2015-09-14T00:00:00Z,SVP
116352,2015-08-21T17:00:00Z,-36.33836,-47.95921,0.4284,-0.5892,242.54167,2015-09-14T00:00:00Z,SVP
116352,2015-08-21T18:00:00Z,-36.35878,-47.94108,0.4197,-0.5566,242.54167,2015-09-14T00:00:00Z,SVP
116352,2015-08-21T19:00:00Z,-36.37771,-47.92276,0.4651,-0.602,105.458336,2015-09-14T00:00:00Z,SVP
116352,2015-08-21T20:00:00Z,-36.39466,-47.90515,0.4418,-0.5411,133.66667,2015-09-14T00:00:00Z,SVP
116352,2015-08-21T21:00:00Z,-36.41473,-47.88984,0.3441,-0.631,144.16667,2015-09-14T00:00:00Z,SVP
116352,2015-08-21T22:00:00Z,-36.4353,-47.87675,0.3423,-0.6102,327.0,2015-09-14T00:00:00Z,SVP
116352,2015-08-21T23:00:00Z,-36.45508,-47.86259,0.3426,-0.6103,327.0,2015-09-14T00:00:00Z,SVP
116352,2015-08-22T00:00:00Z,-36.47478,-47.8483,0.3418,-0.6106,327.0,2015-09-14T00:00:00Z,SVP
116352,2015-08-22T01:00:00Z,-36.49427,-47.83743,0.2855,-0.5854,147.58333,2015-09-14T00:00:00Z,SVP
116352,2015-08-22T02:00:00Z,-36.51325,-47.82707,0.3401,-0.5879,411.2917,2015-09-14T00:00:00Z,SVP
116352,2015-08-22T03:00:00Z,-36.5323,-47.81297,0.3422,-0.588,411.2917,2015-09-14T00:00:00Z,SVP
116352,2015-08-22T04:00:00Z,-36.55124,-47.79946,0.3428,-0.5882,411.2917,2015-09-14T00:00:00Z,SVP
116352,2015-08-22T05:00:00Z,-36.57116,-47.78245,0.4264,-0.6167,242.54167,2015-09-14T00:00:00Z,SVP
116352,2015-08-22T06:00:00Z,-36.59093,-47.7615,0.4137,-0.6178,242.54167,2015-09-14T00:00:00Z,SVP
116352,2015-08-22T07:00:00Z,-36.61505,-47.7463,0.449,-0.7103,214.5,2015-09-14T00:00:00Z,SVP
116352,2015-08-22T08:00:00Z,-36.63829,-47.73005,0.3768,-0.7372,133.66667,2015-09-14T00:00:00Z,SVP
116352,2015-08-22T09:00:00Z,-36.65774,-47.71845,0.3522,-0.6277,116.083336,2015-09-14T00:00:00Z,SVP
116352,2015-08-22T10:00:00Z,-36.69558,-47.70095,0.4913,-0.9052,249.58333,2015-09-14T00:00:00Z,SVP
116352,2015-08-22T11:00:00Z,-36.7254,-47.68135,0.5094,-0.7954,892.9583,2015-09-14T00:00:00Z,SVP
116352,2015-08-22T12:00:00Z,-36.75045,-47.66079,0.5093,-0.7965,892.9583,2015-09-14T00:00:00Z,SVP
116352,2015-08-22T13:00:00Z,-36.7757,-47.64028,0.5091,-0.7977,892.9583,2015-09-14T00:00:00Z,SVP
116352,2015-08-22T14:00:00Z,-36.795,-47.6198,0.509,-0.8484,892.9583,2015-09-14T00:00:00Z,SVP
116352,2015-08-22T15:00:00Z,-36.82206,-47.59942,0.5088,-0.8505,892.9583,2015-09-14T00:00:00Z,SVP
116352,2015-08-22T16:00:00Z,-36.84916,-47.57928,0.5086,-0.8525,892.9583,2015-09-14T00:00:00Z,SVP
116352,2015-08-22T17:00:00Z,-36.87637,-47.55917,0.5173,-0.8733,246.16667,2015-09-14T00:00:00Z,SVP
116352,2015-08-22T18:00:00Z,-36.90546,-47.53681,0.5149,-0.8585,246.16667,2015-09-14T00:00:00Z,SVP
116352,2015-08-22T19:00:00Z,-36.93322,-47.51649,0.5027,-0.8658,200.41666,2015-09-14T00:00:00Z,SVP
116352,2015-08-22T20:00:00Z,-36.96115,-47.49695,0.4699,-0.855,123.0,2015-09-14T00:00:00Z,SVP
116352,2015-08-22T21:00:00Z,-36.98762,-47.4781,0.4529,-0.7975,133.66667,2015-09-14T00:00:00Z,SVP
116352,2015-08-22T22:00:00Z,-37.01076,-47.45939,0.4741,-0.7262,94.958336,2015-09-14T00:00:00Z,SVP
116352,2015-08-22T23:00:00Z,-37.04284,-47.44074,0.4641,-0.9897,355.0417,2015-09-14T00:00:00Z,SVP
116352,2015-08-23T00:00:00Z,-37.07497,-47.4212,0.4663,-0.9896,355.0417,2015-09-14T00:00:00Z,SVP
116352,2015-08-23T01:00:00Z,-37.10829,-47.40598,0.3072,-1.0541,137.08333,2015-09-14T00:00:00Z,SVP
116352,2015-08-23T02:00:00Z,-37.14658,-47.39294,0.3219,-1.1677,112.5,2015-09-14T00:00:00Z,SVP
116352,2015-08-23T03:00:00Z,-37.17053,-47.37031,0.5173,-0.7356,562.5,2015-09-14T00:00:00Z,SVP
116352,2015-08-23T04:00:00Z,-37.19416,-47.34898,0.5167,-0.7356,562.5,2015-09-14T00:00:00Z,SVP
116352,2015-08-23T05:00:00Z,-37.21875,-47.32766,0.516,-0.7258,562.5,2015-09-14T00:00:00Z,SVP
116352,2015-08-23T06:00:00Z,-37.24329,-47.30606,0.5269,-0.5398,179.25,2015-09-14T00:00:00Z,SVP
116352,2015-08-23T07:00:00Z,-37.26075,-47.28615,0.533,-0.5362,179.25,2015-09-14T00:00:00Z,SVP
116352,2015-08-23T08:00:00Z,-37.27741,-47.26218,0.5744,-0.5173,168.75,2015-09-14T00:00:00Z,SVP
116352,2015-08-23T09:00:00Z,-37.29274,-47.2448,0.3557,-0.4383,246.16667,2015-09-14T00:00:00Z,SVP
116352,2015-08-23T10:00:00Z,-37.30753,-47.23646,0.2903,-0.4428,246.16667,2015-09-14T00:00:00Z,SVP
116352,2015-08-23T11:00:00Z,-37.31128,-47.21489,0.4248,-0.2882,109.041664,2015-09-14T00:00:00Z,SVP
116352,2015-08-23T12:00:00Z,-37.32375,-47.20035,0.2856,-0.38,130.04166,2015-09-14T00:00:00Z,SVP
116352,2015-08-23T13:00:00Z,-37.33423,-47.18874,0.285,-0.2868,112.5,2015-09-14T00:00:00Z,SVP
116352,2015-08-23T14:00:00Z,-37.34281,-47.17686,0.3147,-0.3307,474.58334,2015-09-14T00:00:00Z,SVP
116352,2015-08-23T15:00:00Z,-37.35422,-47.16378,0.3166,-0.3269,474.58334,2015-09-14T00:00:00Z,SVP
116352,2015-08-23T16:00:00Z,-37.36427,-47.15138,0.3156,-0.3343,474.58334,2015-09-14T00:00:00Z,SVP
116352,2015-08-23T17:00:00Z,-37.37483,-47.13554,0.5022,-0.3837,246.16667,2015-09-14T00:00:00Z,SVP
116352,2015-08-23T18:00:00Z,-37.38794,-47.11357,0.4887,-0.3865,246.16667,2015-09-14T00:00:00Z,SVP
116352,2015-08-23T19:00:00Z,-37.39153,-47.09592,0.4551,-0.063,253.20834,2015-09-14T00:00:00Z,SVP
116352,2015-08-23T20:00:00Z,-37.39245,-47.08399,0.2822,-0.0087,94.958336,2015-09-14T00:00:00Z,SVP
116352,2015-08-23T21:00:00Z,-37.38865,-47.07707,0.2754,0.267,77.41667,2015-09-14T00:00:00Z,SVP
116352,2015-08-23T22:00:00Z,-37.38295,-47.06704,0.21,0.0834,383.25,2015-09-14T00:00:00Z,SVP
116352,2015-08-23T23:00:00Z,-37.3809,-47.05724,0.2154,0.0832,383.25,2015-09-14T00:00:00Z,SVP
116352,2015-08-24T00:00:00Z,-37.37913,-47.04626,0.2215,0.0845,383.25,2015-09-14T00:00:00Z,SVP
116352,2015-08-24T01:00:00Z,-37.37568,-47.04688,-0.1512,-0.1073,112.5,2015-09-14T00:00:00Z,SVP
116352,2015-08-24T02:00:00Z,-37.38189,-47.06169,0.0201,-0.1377,351.58334,2015-09-14T00:00:00Z,SVP
116352,2015-08-24T03:00:00Z,-37.38453,-47.06196,0.0272,-0.1465,351.58334,2015-09-14T00:00:00Z,SVP
116352,2015-08-24T04:00:00Z,-37.38734,-47.06401,0.0911,-0.1613,351.58334,2015-09-14T00:00:00Z,SVP
116352,2015-08-24T05:00:00Z,-37.39454,-47.05872,0.1279,-0.2544,239.08334,2015-09-14T00:00:00Z,SVP
116352,2015-08-24T06:00:00Z,-37.40352,-47.05371,0.1207,-0.3136,376.2083,2015-09-14T00:00:00Z,SVP
116352,2015-08-24T07:00:00Z,-37.41412,-47.04915,0.1165,-0.3177,376.2083,2015-09-14T00:00:00Z,SVP
116352,2015-08-24T08:00:00Z,-37.42416,-47.04346,0.1223,-0.3172,376.2083,2015-09-14T00:00:00Z,SVP
116352,2015-08-24T09:00:00Z,-37.43789,-47.04142,0.0952,-0.3826,242.54167,2015-09-14T00:00:00Z,SVP
116352,2015-08-24T10:00:00Z,-37.44987,-47.04022,0.1717,-0.4591,246.16667,2015-09-14T00:00:00Z,SVP
116352,2015-08-24T11:00:00Z,-37.46474,-47.03322,0.1846,-0.4611,246.16667,2015-09-14T00:00:00Z,SVP
116352,2015-08-24T12:00:00Z,-37.47986,-47.02003,0.3803,-0.4719,133.66667,2015-09-14T00:00:00Z,SVP
116352,2015-08-24T13:00:00Z,-37.48547,-47.01485,0.2345,-0.2982,119.54167,2015-09-14T00:00:00Z,SVP
116352,2015-08-24T14:00:00Z,-37.49692,-46.98862,0.3837,-0.269,738.2917,2015-09-14T00:00:00Z,SVP
116352,2015-08-24T15:00:00Z,-37.50994,-46.97214,0.3815,-0.2961,738.2917,2015-09-14T00:00:00Z,SVP
116352,2015-08-24T16:00:00Z,-37.52059,-46.95617,0.3804,-0.2991,738.2917,2015-09-14T00:00:00Z,SVP
116352,2015-08-24T17:00:00Z,-37.53104,-46.94023,0.3792,-0.2999,738.2917,2015-09-14T00:00:00Z,SVP
116352,2015-08-24T18:00:00Z,-37.54164,-46.92409,0.3773,-0.3002,738.2917,2015-09-14T00:00:00Z,SVP
116352,2015-08-24T19:00:00Z,-37.54595,-46.91006,0.3334,-0.1278,365.70834,2015-09-14T00:00:00Z,SVP
116352,2015-08-24T20:00:00Z,-37.54981,-46.89607,0.3303,-0.1302,365.70834,2015-09-14T00:00:00Z,SVP
116352,2015-08-24T21:00:00Z,-37.55377,-46.8825,0.3276,-0.1167,270.74997,2015-09-14T00:00:00Z,SVP
116352,2015-08-24T22:00:00Z,-37.55797,-46.8701,0.3251,-0.1168,270.74997,2015-09-14T00:00:00Z,SVP
116352,2015-08-24T23:00:00Z,-37.55958,-46.85573,0.3396,-0.0518,217.95833,2015-09-14T00:00:00Z,SVP
116352,2015-08-25T00:00:00Z,-37.5618,-46.83495,-0.0381,-0.056,137.08333,2015-09-14T00:00:00Z,SVP
116352,2015-08-25T01:00:00Z,-37.56482,-46.83665,-0.0794,-0.1833,119.54167,2015-09-14T00:00:00Z,SVP
116352,2015-08-25T02:00:00Z,-37.57087,-46.83528,0.1204,-0.1987,130.04166,2015-09-14T00:00:00Z,SVP
116352,2015-08-25T03:00:00Z,-37.57798,-46.82839,0.2147,-0.2154,235.50002,2015-09-14T00:00:00Z,SVP
116352,2015-08-25T04:00:00Z,-37.5845,-46.82256,0.2619,-0.2667,242.54167,2015-09-14T00:00:00Z,SVP
116352,2015-08-25T05:00:00Z,-37.59283,-46.80946,0.2567,-0.2682,242.54167,2015-09-14T00:00:00Z,SVP
116352,2015-08-25T06:00:00Z,-37.60287,-46.79745,0.3034,-0.3424,344.54166,2015-09-14T00:00:00Z,SVP
116352,2015-08-25T07:00:00Z,-37.61423,-46.78619,0.2974,-0.3458,344.54166,2015-09-14T00:00:00Z,SVP
116352,2015-08-25T08:00:00Z,-37.62483,-46.78338,0.3878,-0.363,267.16666,2015-09-14T00:00:00Z,SVP
116352,2015-08-25T09:00:00Z,-37.63804,-46.76056,0.3027,-0.3694,267.16666,2015-09-14T00:00:00Z,SVP
116352,2015-08-25T10:00:00Z,-37.64893,-46.74682,0.3966,-0.2539,200.41666,2015-09-14T00:00:00Z,SVP
116352,2015-08-25T11:00:00Z,-37.65614,-46.73571,0.5151,-0.1629,158.25,2015-09-14T00:00:00Z,SVP
116352,2015-08-25T12:00:00Z,-37.66117,-46.71371,0.589,-0.0398,112.5,2015-09-14T00:00:00Z,SVP
116352,2015-08-25T13:00:00Z,-37.66336,-46.69404,0.3926,-0.0283,769.9584,2015-09-14T00:00:00Z,SVP
116352,2015-08-25T14:00:00Z,-37.664,-46.67819,0.3922,-0.0276,769.9584,2015-09-14T00:00:00Z,SVP
116352,2015-08-25T15:00:00Z,-37.66465,-46.66217,0.3921,-0.0271,769.9584,2015-09-14T00:00:00Z,SVP
116352,2015-08-25T16:00:00Z,-37.66514,-46.64603,0.3922,-0.0263,769.9584,2015-09-14T00:00:00Z,SVP
116352,2015-08-25T17:00:00Z,-37.66514,-46.61951,0.4465,-0.0244,769.9584,2015-09-14T00:00:00Z,SVP
116352,2015-08-25T18:00:00Z,-37.6648,-46.61054,0.3876,-0.0547,340.95834,2015-09-14T00:00:00Z,SVP
116352,2015-08-25T19:00:00Z,-37.66857,-46.59734,0.3889,-0.0397,340.95834,2015-09-14T00:00:00Z,SVP
116352,2015-08-25T20:00:00Z,-37.67072,-46.58211,0.3892,-0.0376,340.95834,2015-09-14T00:00:00Z,SVP
116352,2015-08-25T21:00:00Z,-37.67182,-46.56913,0.2142,-0.051,203.83333,2015-09-14T00:00:00Z,SVP
116352,2015-08-25T22:00:00Z,-37.67302,-46.55871,0.1384,-0.0991,369.16666,2015-09-14T00:00:00Z,SVP
116352,2015-08-25T23:00:00Z,-37.676,-46.55341,0.1389,-0.0995,369.16666,2015-09-14T00:00:00Z,SVP
116352,2015-08-26T00:00:00Z,-37.67843,-46.54786,0.1391,-0.0995,369.16666,2015-09-14T00:00:00Z,SVP
116352,2015-08-26T01:00:00Z,-37.68286,-46.54106,0.1591,-0.1512,502.6667,2015-09-14T00:00:00Z,SVP
116352,2015-08-26T02:00:00Z,-37.68812,-46.5345,0.1603,-0.1519,502.6667,2015-09-14T00:00:00Z,SVP
116352,2015-08-26T03:00:00Z,-37.69272,-46.52918,0.1545,-0.1534,502.6667,2015-09-14T00:00:00Z,SVP
116352,2015-08-26T04:00:00Z,-37.69778,-46.52264,0.3063,-0.2042,242.54167,2015-09-14T00:00:00Z,SVP
116352,2015-08-26T05:00:00Z,-37.70527,-46.50987,0.3046,-0.1979,242.54167,2015-09-14T00:00:00Z,SVP
116352,2015-08-26T06:00:00Z,-37.71157,-46.49637,0.3411,-0.2073,327.0,2015-09-14T00:00:00Z,SVP
116352,2015-08-26T07:00:00Z,-37.71816,-46.48318,0.3382,-0.2073,327.0,2015-09-14T00:00:00Z,SVP
116352,2015-08-26T08:00:00Z,-37.72466,-46.46736,0.3954,-0.1945,189.91667,2015-09-14T00:00:00Z,SVP
116352,2015-08-26T09:00:00Z,-37.73145,-46.45108,0.359,-0.2396,56.25,2015-09-14T00:00:00Z,SVP
116352,2015-08-26T10:00:00Z,-37.73968,-46.44033,0.2589,-0.2455,189.91667,2015-09-14T00:00:00Z,SVP
116352,2015-08-26T11:00:00Z,-37.74551,-46.41885,0.4155,-0.0443,175.79167,2015-09-14T00:00:00Z,SVP
116352,2015-08-26T12:00:00Z,-37.74744,-46.40115,0.4702,-0.0587,126.58333,2015-09-14T00:00:00Z,SVP
116352,2015-08-26T13:00:00Z,-37.75129,-46.38161,0.4493,-0.1407,140.70834,2015-09-14T00:00:00Z,SVP
116352,2015-08-26T14:00:00Z,-37.75582,-46.36809,0.2639,-0.152,643.3334,2015-09-14T00:00:00Z,SVP
116352,2015-08-26T15:00:00Z,-37.76039,-46.35804,0.261,-0.1507,643.3334,2015-09-14T00:00:00Z,SVP
116352,2015-08-26T16:00:00Z,-37.76504,-46.34814,0.259,-0.15,643.3334,2015-09-14T00:00:00Z,SVP
116352,2015-08-26T17:00:00Z,-37.76963,-46.34017,0.2898,-0.1494,643.3334,2015-09-14T00:00:00Z,SVP
116352,2015-08-26T18:00:00Z,-37.77545,-46.32733,0.2601,-0.1623,319.9583,2015-09-14T00:00:00Z,SVP
116352,2015-08-26T19:00:00Z,-37.78172,-46.31479,0.261,-0.1687,319.9583,2015-09-14T00:00:00Z,SVP
116352,2015-08-26T20:00:00Z,-37.78753,-46.30324,0.3002,-0.272,253.20834,2015-09-14T00:00:00Z,SVP
116352,2015-08-26T21:00:00Z,-37.79727,-46.29341,0.2939,-0.2672,253.20834,2015-09-14T00:00:00Z,SVP
116352,2015-08-26T22:00:00Z,-37.80623,-46.28066,0.3301,-0.2928,485.08334,2015-09-14T00:00:00Z,SVP
116352,2015-08-26T23:00:00Z,-37.81551,-46.26627,0.3303,-0.2927,485.08334,2015-09-14T00:00:00Z,SVP
116352,2015-08-27T00:00:00Z,-37.82475,-46.25143,0.33,-0.2927,485.08334,2015-09-14T00:00:00Z,SVP
116352,2015-08-27T01:00:00Z,-37.83474,-46.2355,0.1098,-0.3079,144.16667,2015-09-14T00:00:00Z,SVP
116352,2015-08-27T02:00:00Z,-37.84924,-46.23125,0.0952,-0.5202,112.5,2015-09-14T00:00:00Z,SVP
116352,2015-08-27T03:00:00Z,-37.8702,-46.21299,0.4555,-0.0353,158.25,2015-09-14T00:00:00Z,SVP
116352,2015-08-27T04:00:00Z,-37.8717,-46.19576,0.4998,-0.0299,249.58333,2015-09-14T00:00:00Z,SVP
116352,2015-08-27T05:00:00Z,-37.87192,-46.175,0.4884,-0.0328,249.58333,2015-09-14T00:00:00Z,SVP
116352,2015-08-27T06:00:00Z,-37.87946,-46.16029,0.3553,-0.2435,295.33334,2015-09-14T00:00:00Z,SVP
116352,2015-08-27T07:00:00Z,-37.88782,-46.14618,0.355,-0.2414,295.33334,2015-09-14T00:00:00Z,SVP
116352,2015-08-27T08:00:00Z,-37.89671,-46.12531,0.5769,-0.3125,109.041664,2015-09-14T00:00:00Z,SVP
116352,2015-08-27T09:00:00Z,-37.90804,-46.10676,0.203,-0.3123,168.75,2015-09-14T00:00:00Z,SVP
116352,2015-08-27T10:00:00Z,-37.91881,-46.09662,0.4157,-0.3325,214.5,2015-09-14T00:00:00Z,SVP
116352,2015-08-27T11:00:00Z,-37.92861,-46.08752,0.2719,-0.3296,214.5,2015-09-14T00:00:00Z,SVP
116352,2015-08-27T12:00:00Z,-37.9399,-46.06402,0.5577,-0.3328,246.16667,2015-09-14T00:00:00Z,SVP
116352,2015-08-27T13:00:00Z,-37.9534,-46.03984,0.6721,-0.2833,675.0,2015-09-14T00:00:00Z,SVP
116352,2015-08-27T14:00:00Z,-37.96185,-46.01254,0.6686,-0.2825,675.0,2015-09-14T00:00:00Z,SVP
116352,2015-08-27T15:00:00Z,-37.97075,-45.99502,0.5684,-0.2819,675.0,2015-09-14T00:00:00Z,SVP
116352,2015-08-27T16:00:00Z,-37.97996,-45.97208,0.5682,-0.2814,675.0,2015-09-14T00:00:00Z,SVP
116352,2015-08-27T17:00:00Z,-37.98951,-45.94917,0.5683,-0.2809,675.0,2015-09-14T00:00:00Z,SVP
116352,2015-08-27T18:00:00Z,-37.99508,-45.92109,0.7713,-0.0479,253.20834,2015-09-14T00:00:00Z,SVP
116352,2015-08-27T19:00:00Z,-37.99697,-45.8729,0.6774,-0.0424,253.20834,2015-09-14T00:00:00Z,SVP
116352,2015-08-27T20:00:00Z,-37.99459,-45.85802,0.707,0.1563,193.33334,2015-09-14T00:00:00Z,SVP
116352,2015-08-27T21:00:00Z,-37.98822,-45.82872,0.7116,0.1674,193.33334,2015-09-14T00:00:00Z,SVP
116352,2015-08-27T22:00:00Z,-37.98319,-45.8022,0.5359,0.3155,182.83333,2015-09-14T00:00:00Z,SVP
116352,2015-08-27T23:00:00Z,-37.97313,-45.7748,0.5768,0.3767,253.20834,2015-09-14T00:00:00Z,SVP
116352,2015-08-28T00:00:00Z,-37.96069,-45.75975,0.505,0.3792,253.20834,2015-09-14T00:00:00Z,SVP
116352,2015-08-28T01:00:00Z,-37.9483,-45.74315,0.367,0.3928,140.70834,2015-09-14T00:00:00Z,SVP
116352,2015-08-28T02:00:00Z,-37.94666,-45.73307,0.2691,0.1495,109.041664,2015-09-14T00:00:00Z,SVP
116352,2015-08-28T03:00:00Z,-37.94095,-45.72081,0.0481,0.2054,182.83333,2015-09-14T00:00:00Z,SVP
116352,2015-08-28T04:00:00Z,-37.93086,-45.71897,0.1032,0.313,249.58333,2015-09-14T00:00:00Z,SVP
116352,2015-08-28T05:00:00Z,-37.919,-45.71544,0.3756,0.0795,355.0417,2015-09-14T00:00:00Z,SVP
116352,2015-08-28T06:00:00Z,-37.91732,-45.69228,0.2922,0.0872,355.0417,2015-09-14T00:00:00Z,SVP
116352,2015-08-28T07:00:00Z,-37.9151,-45.67879,0.2767,0.0984,355.0417,2015-09-14T00:00:00Z,SVP
116352,2015-08-28T08:00:00Z,-37.91201,-45.66832,0.3664,0.0719,154.66667,2015-09-14T00:00:00Z,SVP
116352,2015-08-28T09:00:00Z,-37.91178,-45.65482,0.3528,-0.037,66.75,2015-09-14T00:00:00Z,SVP
116352,2015-08-28T10:00:00Z,-37.90619,-45.64039,0.4863,0.2629,351.58334,2015-09-14T00:00:00Z,SVP
116352,2015-08-28T11:00:00Z,-37.89621,-45.62379,0.4468,0.2616,351.58334,2015-09-14T00:00:00Z,SVP
116352,2015-08-28T12:00:00Z,-37.88732,-45.60651,0.4462,0.2761,140.70834,2015-09-14T00:00:00Z,SVP
116352,2015-08-28T13:00:00Z,-37.87997,-45.57953,0.3637,0.4254,692.5416,2015-09-14T00:00:00Z,SVP
116352,2015-08-28T14:00:00Z,-37.86561,-45.56495,0.3628,0.4241,692.5416,2015-09-14T00:00:00Z,SVP
116352,2015-08-28T15:00:00Z,-37.85153,-45.55006,0.3626,0.4228,692.5416,2015-09-14T00:00:00Z,SVP
116352,2015-08-28T16:00:00Z,-37.83755,-45.53487,0.3628,0.4211,692.5416,2015-09-14T00:00:00Z,SVP
116352,2015-08-28T17:00:00Z,-37.82356,-45.51912,0.3638,0.4166,692.5416,2015-09-14T00:00:00Z,SVP
116352,2015-08-28T18:00:00Z,-37.81129,-45.50698,0.2791,0.4161,256.66666,2015-09-14T00:00:00Z,SVP
116352,2015-08-28T19:00:00Z,-37.79768,-45.49545,0.2548,0.4013,94.958336,2015-09-14T00:00:00Z,SVP
116352,2015-08-28T20:00:00Z,-37.78479,-45.48525,0.294,0.4511,151.20834,2015-09-14T00:00:00Z,SVP
116352,2015-08-28T21:00:00Z,-37.77075,-45.47365,0.2452,0.3213,94.958336,2015-09-14T00:00:00Z,SVP
116352,2015-08-28T22:00:00Z,-37.76044,-45.46446,0.2028,0.2965,421.95834,2015-09-14T00:00:00Z,SVP
116352,2015-08-28T23:00:00Z,-37.75095,-45.45622,0.2022,0.2963,421.95834,2015-09-14T00:00:00Z,SVP
116352,2015-08-29T00:00:00Z,-37.74171,-45.44775,0.2027,0.2958,421.95834,2015-09-14T00:00:00Z,SVP
116352,2015-08-29T01:00:00Z,-37.73034,-45.48374,0.4523,0.3156,109.041664,2015-09-14T00:00:00Z,SVP
116352,2015-08-29T02:00:00Z,-37.72022,-45.4568,0.2976,0.2593,471.16666,2015-09-14T00:00:00Z,SVP
116352,2015-08-29T03:00:00Z,-37.71183,-45.44464,0.2968,0.259,471.16666,2015-09-14T00:00:00Z,SVP
116352,2015-08-29T04:00:00Z,-37.70324,-45.43154,0.298,0.2588,471.16666,2015-09-14T00:00:00Z,SVP
116352,2015-08-29T05:00:00Z,-37.69374,-45.41757,0.2752,0.271,341.0833,2015-09-14T00:00:00Z,SVP
116352,2015-08-29T06:00:00Z,-37.68542,-45.40835,0.2816,0.2695,341.0833,2015-09-14T00:00:00Z,SVP
116352,2015-08-29T07:00:00Z,-37.67803,-45.39797,0.2838,0.2661,341.0833,2015-09-14T00:00:00Z,SVP
116352,2015-08-29T08:00:00Z,-37.66327,-45.38333,0.3795,0.4829,126.58333,2015-09-14T00:00:00Z,SVP
116352,2015-08-29T09:00:00Z,-37.64903,-45.37046,0.2575,0.3867,263.7083,2015-09-14T00:00:00Z,SVP
116352,2015-08-29T10:00:00Z,-37.64391,-45.36321,0.2512,0.2905,263.7083,2015-09-14T00:00:00Z,SVP
116352,2015-08-29T11:00:00Z,-37.63134,-45.35839,0.1663,0.5792,260.0833,2015-09-14T00:00:00Z,SVP
116352,2015-08-29T12:00:00Z,-37.61202,-45.33929,0.2407,0.5664,260.0833,2015-09-14T00:00:00Z,SVP
116352,2015-08-29T13:00:00Z,-37.59334,-45.34707,0.1229,0.596,126.58333,2015-09-14T00:00:00Z,SVP
116352,2015-08-29T14:00:00Z,-37.57372,-45.33481,0.0697,0.6007,615.2917,2015-09-14T00:00:00Z,SVP
116352,2015-08-29T15:00:00Z,-37.55428,-45.33134,0.0666,0.6008,615.2917,2015-09-14T00:00:00Z,SVP
116352,2015-08-29T16:00:00Z,-37.53491,-45.3286,0.0668,0.601,615.2917,2015-09-14T00:00:00Z,SVP
116352,2015-08-29T17:00:00Z,-37.51568,-45.32611,0.0693,0.6015,615.2917,2015-09-14T00:00:00Z,SVP
116352,2015-08-29T18:00:00Z,-37.49662,-45.32371,0.0934,0.5939,242.54167,2015-09-14T00:00:00Z,SVP
116352,2015-08-29T19:00:00Z,-37.47821,-45.32147,0.0342,0.5369,94.958336,2015-09-14T00:00:00Z,SVP
116352,2015-08-29T20:00:00Z,-37.46061,-45.32378,-0.0814,0.5783,102.0,2015-09-14T00:00:00Z,SVP
116352,2015-08-29T21:00:00Z,-37.44186,-45.32891,-0.2855,0.5808,144.16667,2015-09-14T00:00:00Z,SVP
116352,2015-08-29T22:00:00Z,-37.42561,-45.34008,-0.1016,0.5192,267.16666,2015-09-14T00:00:00Z,SVP
116352,2015-08-29T23:00:00Z,-37.40813,-45.34071,-0.1209,0.5225,267.16666,2015-09-14T00:00:00Z,SVP
116352,2015-08-30T00:00:00Z,-37.39168,-45.34672,-0.1036,0.5185,144.16667,2015-09-14T00:00:00Z,SVP
116352,2015-08-30T01:00:00Z,-37.37597,-45.35155,-0.0984,0.4477,116.083336,2015-09-14T00:00:00Z,SVP
116352,2015-08-30T02:00:00Z,-37.36145,-45.35587,-0.0714,0.4525,488.7083,2015-09-14T00:00:00Z,SVP
116352,2015-08-30T03:00:00Z,-37.3467,-45.3584,-0.0717,0.4527,488.7083,2015-09-14T00:00:00Z,SVP
116352,2015-08-30T04:00:00Z,-37.33206,-45.36115,-0.0718,0.4529,488.7083,2015-09-14T00:00:00Z,SVP
116352,2015-08-30T05:00:00Z,-37.31665,-45.36377,-0.0487,0.4941,239.08334,2015-09-14T00:00:00Z,SVP
116352,2015-08-30T06:00:00Z,-37.30054,-45.36612,-0.0485,0.4965,239.08334,2015-09-14T00:00:00Z,SVP
116352,2015-08-30T07:00:00Z,-37.28275,-45.36649,0.074,0.5431,91.33333,2015-09-14T00:00:00Z,SVP
116352,2015-08-30T08:00:00Z,-37.26476,-45.36462,0.0269,0.5652,119.54167,2015-09-14T00:00:00Z,SVP
116352,2015-08-30T09:00:00Z,-37.24634,-45.36552,-0.0524,0.5591,126.58333,2015-09-14T00:00:00Z,SVP
116352,2015-08-30T10:00:00Z,-37.22963,-45.36893,-0.0597,0.659,161.70833,2015-09-14T00:00:00Z,SVP
116352,2015-08-30T11:00:00Z,-37.20584,-45.36747,-0.0329,0.6385,161.70833,2015-09-14T00:00:00Z,SVP
116352,2015-08-30T12:00:00Z,-37.18511,-45.37561,-0.3721,0.6132,115.958336,2015-09-14T00:00:00Z,SVP
116352,2015-08-30T13:00:00Z,-37.1632,-45.3879,-0.1375,0.6058,639.9166,2015-09-14T00:00:00Z,SVP
116352,2015-08-30T14:00:00Z,-37.14433,-45.39261,-0.1399,0.6059,639.9166,2015-09-14T00:00:00Z,SVP
116352,2015-08-30T15:00:00Z,-37.12514,-45.39818,-0.1401,0.6061,639.9166,2015-09-14T00:00:00Z,SVP
116352,2015-08-30T16:00:00Z,-37.10601,-45.40417,-0.1382,0.6066,639.9166,2015-09-14T00:00:00Z,SVP
116352,2015-08-30T17:00:00Z,-37.08725,-45.41092,-0.1314,0.6579,242.54167,2015-09-14T00:00:00Z,SVP
116352,2015-08-30T18:00:00Z,-37.06474,-45.41548,-0.1291,0.6376,242.54167,2015-09-14T00:00:00Z,SVP
116352,2015-08-30T19:00:00Z,-37.04457,-45.41938,-0.1051,0.6396,98.416664,2015-09-14T00:00:00Z,SVP
116352,2015-08-30T20:00:00Z,-37.02912,-45.42678,-0.6323,0.4716,189.91667,2015-09-14T00:00:00Z,SVP
116352,2015-08-30T21:00:00Z,-37.01416,-45.45265,-0.6785,0.4498,59.708332,2015-09-14T00:00:00Z,SVP
116352,2015-08-30T22:00:00Z,-36.99998,-45.46419,-0.2178,0.4194,453.5833,2015-09-14T00:00:00Z,SVP
116352,2015-08-30T23:00:00Z,-36.98721,-45.47085,-0.2295,0.418,453.5833,2015-09-14T00:00:00Z,SVP
116352,2015-08-31T00:00:00Z,-36.97516,-45.47954,-0.2335,0.4138,453.5833,2015-09-14T00:00:00Z,SVP
116352,2015-08-31T01:00:00Z,-36.9608,-45.48992,-0.2291,0.452,622.2083,2015-09-14T00:00:00Z,SVP
116352,2015-08-31T02:00:00Z,-36.9456,-45.49981,-0.2268,0.4493,622.2083,2015-09-14T00:00:00Z,SVP
116352,2015-08-31T03:00:00Z,-36.93086,-45.50924,-0.2259,0.4482,622.2083,2015-09-14T00:00:00Z,SVP
116352,2015-08-31T04:00:00Z,-36.91645,-45.51833,-0.2266,0.4499,622.2083,2015-09-14T00:00:00Z,SVP
116352,2015-08-31T05:00:00Z,-36.90244,-45.52918,-0.2763,0.4503,242.54167,2015-09-14T00:00:00Z,SVP
116352,2015-08-31T06:00:00Z,-36.88695,-45.54018,-0.2822,0.4531,242.54167,2015-09-14T00:00:00Z,SVP
116352,2015-08-31T07:00:00Z,-36.87481,-45.55327,-0.3157,0.3764,59.833332,2015-09-14T00:00:00Z,SVP
116352,2015-08-31T08:00:00Z,-36.86337,-45.56482,-0.2559,0.3679,189.91667,2015-09-14T00:00:00Z,SVP
116352,2015-08-31T09:00:00Z,-36.85169,-45.57304,-0.1386,0.3665,288.2917,2015-09-14T00:00:00Z,SVP
116352,2015-08-31T10:00:00Z,-36.839,-45.59208,-0.399,0.3755,288.2917,2015-09-14T00:00:00Z,SVP
116352,2015-08-31T11:00:00Z,-36.82719,-45.60951,-0.4518,0.3522,137.08333,2015-09-14T00:00:00Z,SVP
116352,2015-08-31T12:00:00Z,-36.81665,-45.62843,-0.4608,0.2755,112.5,2015-09-14T00:00:00Z,SVP
116352,2015-08-31T13:00:00Z,-36.80781,-45.6471,-0.4392,0.2606,660.9167,2015-09-14T00:00:00Z,SVP
116352,2015-08-31T14:00:00Z,-36.79957,-45.66481,-0.4388,0.2604,660.9167,2015-09-14T00:00:00Z,SVP
116352,2015-08-31T15:00:00Z,-36.79102,-45.68276,-0.4391,0.26,660.9167,2015-09-14T00:00:00Z,SVP
116352,2015-08-31T16:00:00Z,-36.78223,-45.70097,-0.4397,0.2593,660.9167,2015-09-14T00:00:00Z,SVP
116352,2015-08-31T17:00:00Z,-36.77385,-45.71833,-0.2906,0.187,242.54167,2015-09-14T00:00:00Z,SVP
116352,2015-08-31T18:00:00Z,-36.76863,-45.72995,-0.2889,0.1874,242.54167,2015-09-14T00:00:00Z,SVP
116352,2015-08-31T19:00:00Z,-36.76269,-45.74174,-0.288,0.1755,397.3333,2015-09-14T00:00:00Z,SVP
116352,2015-08-31T20:00:00Z,-36.75694,-45.75266,-0.2822,0.1761,397.3333,2015-09-14T00:00:00Z,SVP
116352,2015-08-31T21:00:00Z,-36.75171,-45.76252,-0.2733,0.1743,397.3333,2015-09-14T00:00:00Z,SVP
116352,2015-08-31T22:00:00Z,-36.74507,-45.79058,-0.3784,0.1786,200.41666,2015-09-14T00:00:00Z,SVP
116352,2015-08-31T23:00:00Z,-36.73761,-45.80648,-0.2903,0.2243,478.2083,2015-09-14T00:00:00Z,SVP
116352,2015-09-01T00:00:00Z,-36.73384,-45.81749,-0.2948,0.1824,478.2083,2015-09-14T00:00:00Z,SVP
116352,2015-09-01T01:00:00Z,-36.72888,-45.82913,-0.2973,0.1806,478.2083,2015-09-14T00:00:00Z,SVP
116352,2015-09-01T02:00:00Z,-36.72105,-45.84146,-0.2983,0.3578,400.79166,2015-09-14T00:00:00Z,SVP
116352,2015-09-01T03:00:00Z,-36.70909,-45.85364,-0.2984,0.3557,400.79166,2015-09-14T00:00:00Z,SVP
116352,2015-09-01T04:00:00Z,-36.69738,-45.8655,-0.2994,0.3543,400.79166,2015-09-14T00:00:00Z,SVP
116352,2015-09-01T05:00:00Z,-36.685,-45.87873,-0.3222,0.3827,246.16667,2015-09-14T00:00:00Z,SVP
116352,2015-09-01T06:00:00Z,-36.67412,-45.89292,-0.4162,0.3341,123.0,2015-09-14T00:00:00Z,SVP
116352,2015-09-01T07:00:00Z,-36.66004,-45.91075,-0.48,0.15,253.20834,2015-09-14T00:00:00Z,SVP
116352,2015-09-01T08:00:00Z,-36.6569,-45.93013,-0.4812,0.2142,253.20834,2015-09-14T00:00:00Z,SVP
116352,2015-09-01T09:00:00Z,-36.65117,-45.95233,-0.6013,0.2127,246.16667,2015-09-14T00:00:00Z,SVP
116352,2015-09-01T10:00:00Z,-36.644,-45.97695,-0.6015,0.2162,246.16667,2015-09-14T00:00:00Z,SVP
116352,2015-09-01T11:00:00Z,-36.63629,-46.00048,-0.2988,0.2734,98.416664,2015-09-14T00:00:00Z,SVP
116352,2015-09-01T12:00:00Z,-36.6286,-46.01323,-0.5232,0.1926,147.58333,2015-09-14T00:00:00Z,SVP
116352,2015-09-01T13:00:00Z,-36.62326,-46.03537,-0.5012,0.1694,541.3334,2015-09-14T00:00:00Z,SVP
116352,2015-09-01T14:00:00Z,-36.61749,-46.05513,-0.4983,0.1711,541.3334,2015-09-14T00:00:00Z,SVP
116352,2015-09-01T15:00:00Z,-36.61152,-46.07528,-0.4981,0.1734,541.3334,2015-09-14T00:00:00Z,SVP
116352,2015-09-01T16:00:00Z,-36.60457,-46.09616,-0.5003,0.1806,541.3334,2015-09-14T00:00:00Z,SVP
116352,2015-09-01T17:00:00Z,-36.59891,-46.11492,-0.4679,0.0832,246.16667,2015-09-14T00:00:00Z,SVP
116352,2015-09-01T18:00:00Z,-36.59737,-46.1328,-0.4695,0.109,246.16667,2015-09-14T00:00:00Z,SVP
116352,2015-09-01T19:00:00Z,-36.59422,-46.15134,-0.4313,0.0684,341.0833,2015-09-14T00:00:00Z,SVP
116352,2015-09-01T20:00:00Z,-36.5918,-46.16908,-0.4312,0.0685,341.0833,2015-09-14T00:00:00Z,SVP
116352,2015-09-01T21:00:00Z,-36.58992,-46.1856,-0.4105,0.061,256.66666,2015-09-14T00:00:00Z,SVP
116352,2015-09-01T22:00:00Z,-36.58794,-46.20197,-0.4079,0.0603,256.66666,2015-09-14T00:00:00Z,SVP
116352,2015-09-01T23:00:00Z,-36.58691,-46.21754,-0.387,0.0361,323.41666,2015-09-14T00:00:00Z,SVP
116352,2015-09-02T00:00:00Z,-36.58582,-46.23204,-0.3824,0.0356,323.41666,2015-09-14T00:00:00Z,SVP
116352,2015-09-02T01:00:00Z,-36.58513,-46.25312,-0.76,0.0182,126.58333,2015-09-14T00:00:00Z,SVP
116352,2015-09-02T02:00:00Z,-36.58359,-46.28601,-0.7841,0.1172,126.58333,2015-09-14T00:00:00Z,SVP
116352,2015-09-02T03:00:00Z,-36.57913,-46.2961,-0.265,0.1301,302.4167,2015-09-14T00:00:00Z,SVP
116352,2015-09-02T04:00:00Z,-36.57428,-46.30574,-0.2881,0.1255,302.4167,2015-09-14T00:00:00Z,SVP
116352,2015-09-02T05:00:00Z,-36.57206,-46.3188,-0.3062,0.076,242.54167,2015-09-14T00:00:00Z,SVP
116352,2015-09-02T06:00:00Z,-36.57043,-46.33537,-0.4638,0.0209,340.95834,2015-09-14T00:00:00Z,SVP
116352,2015-09-02T07:00:00Z,-36.57026,-46.35617,-0.447,0.0188,340.95834,2015-09-14T00:00:00Z,SVP
116352,2015-09-02T08:00:00Z,-36.56989,-46.37475,-0.4928,-0.0703,70.333336,2015-09-14T00:00:00Z,SVP
116352,2015-09-02T09:00:00Z,-36.57304,-46.3928,-0.4426,-0.1057,249.58333,2015-09-14T00:00:00Z,SVP
116352,2015-09-02T10:00:00Z,-36.5767,-46.41279,-0.4552,-0.1043,249.58333,2015-09-14T00:00:00Z,SVP
116352,2015-09-02T11:00:00Z,-36.5784,-46.42445,-0.2278,-0.0474,109.041664,2015-09-14T00:00:00Z,SVP
116352,2015-09-02T12:00:00Z,-36.57969,-46.43395,-0.2475,-0.0856,123.0,2015-09-14T00:00:00Z,SVP
116352,2015-09-02T13:00:00Z,-36.58106,-46.44585,-0.3023,0.022,130.04166,2015-09-14T00:00:00Z,SVP
116352,2015-09-02T14:00:00Z,-36.57931,-46.45474,-0.2381,0.0738,457.04166,2015-09-14T00:00:00Z,SVP
116352,2015-09-02T15:00:00Z,-36.57699,-46.46379,-0.234,0.0738,457.04166,2015-09-14T00:00:00Z,SVP
116352,2015-09-02T16:00:00Z,-36.57494,-46.47837,-0.1501,0.0734,457.04166,2015-09-14T00:00:00Z,SVP
116352,2015-09-02T17:00:00Z,-36.57173,-46.48374,-0.0987,0.121,242.54167,2015-09-14T00:00:00Z,SVP
116352,2015-09-02T18:00:00Z,-36.56812,-46.48763,-0.0979,0.1288,242.54167,2015-09-14T00:00:00Z,SVP
116352,2015-09-02T19:00:00Z,-36.56355,-46.49242,-0.1129,0.1377,246.16667,2015-09-14T00:00:00Z,SVP
116352,2015-09-02T20:00:00Z,-36.55996,-46.50637,-0.2344,0.0455,87.91667,2015-09-14T00:00:00Z,SVP
116352,2015-09-02T21:00:00Z,-36.55933,-46.51452,-0.1503,-6.0E-4,161.70833,2015-09-14T00:00:00Z,SVP
116352,2015-09-02T22:00:00Z,-36.55916,-46.51939,-0.0915,-0.0176,302.4167,2015-09-14T00:00:00Z,SVP
116352,2015-09-02T23:00:00Z,-36.56002,-46.52187,-0.0808,-0.0189,302.4167,2015-09-14T00:00:00Z,SVP
116352,2015-09-03T00:00:00Z,-36.56041,-46.52497,-0.2685,-0.0096,256.66666,2015-09-14T00:00:00Z,SVP
116352,2015-09-03T01:00:00Z,-36.56077,-46.53788,-0.2595,-0.0088,256.66666,2015-09-14T00:00:00Z,SVP
116352,2015-09-03T02:00:00Z,-36.56126,-46.55765,-0.1457,0.0047,333.9167,2015-09-14T00:00:00Z,SVP
116352,2015-09-03T03:00:00Z,-36.56087,-46.56027,-0.1906,0.0038,333.9167,2015-09-14T00:00:00Z,SVP
116352,2015-09-03T04:00:00Z,-36.56081,-46.56808,-0.1813,-0.0289,239.08334,2015-09-14T00:00:00Z,SVP
116352,2015-09-03T05:00:00Z,-36.56136,-46.57563,-0.1809,-0.0312,239.08334,2015-09-14T00:00:00Z,SVP
116352,2015-09-03T06:00:00Z,-36.56305,-46.58283,-0.1816,-0.0722,305.83334,2015-09-14T00:00:00Z,SVP
116352,2015-09-03T07:00:00Z,-36.56602,-46.59053,-0.1832,-0.0728,305.83334,2015-09-14T00:00:00Z,SVP
116352,2015-09-03T08:00:00Z,-36.56855,-46.59616,-0.1228,-0.0864,573.1667,2015-09-14T00:00:00Z,SVP
116352,2015-09-03T09:00:00Z,-36.5711,-46.59952,-0.1097,-0.0855,573.1667,2015-09-14T00:00:00Z,SVP
116352,2015-09-03T10:00:00Z,-36.57369,-46.60326,-0.1063,-0.0849,573.1667,2015-09-14T00:00:00Z,SVP
116352,2015-09-03T11:00:00Z,-36.57616,-46.6082,-0.1074,-0.0841,573.1667,2015-09-14T00:00:00Z,SVP
116352,2015-09-03T12:00:00Z,-36.57918,-46.60923,-0.0757,-0.0762,137.08333,2015-09-14T00:00:00Z,SVP
116352,2015-09-03T13:00:00Z,-36.57895,-46.61674,-0.2168,0.0221,850.7917,2015-09-14T00:00:00Z,SVP
116352,2015-09-03T14:00:00Z,-36.57804,-46.62602,-0.2159,0.0219,850.7917,2015-09-14T00:00:00Z,SVP
116352,2015-09-03T15:00:00Z,-36.57731,-46.63518,-0.2148,0.022,850.7917,2015-09-14T00:00:00Z,SVP
116352,2015-09-03T16:00:00Z,-36.57669,-46.64447,-0.2128,0.0222,850.7917,2015-09-14T00:00:00Z,SVP
116352,2015-09-03T17:00:00Z,-36.57623,-46.65467,-0.2034,0.0228,850.7917,2015-09-14T00:00:00Z,SVP
116352,2015-09-03T18:00:00Z,-36.5766,-46.6649,-0.2235,0.0237,323.41666,2015-09-14T00:00:00Z,SVP
116352,2015-09-03T19:00:00Z,-36.57499,-46.67051,-0.2228,0.0243,323.41666,2015-09-14T00:00:00Z,SVP
116352,2015-09-03T20:00:00Z,-36.57328,-46.67789,-0.2236,0.0238,323.41666,2015-09-14T00:00:00Z,SVP
116352,2015-09-03T21:00:00Z,-36.57502,-46.68873,-0.219,-0.0393,233.83334,2015-09-14T00:00:00Z,SVP
116352,2015-09-03T22:00:00Z,-36.57679,-46.69999,-0.2326,-0.06,427.20834,2015-09-14T00:00:00Z,SVP
116352,2015-09-03T23:00:00Z,-36.57841,-46.7067,-0.2245,-0.0589,427.20834,2015-09-14T00:00:00Z,SVP
116352,2015-09-04T00:00:00Z,-36.57988,-46.71419,-0.2219,-0.058,427.20834,2015-09-14T00:00:00Z,SVP
116352,2015-09-04T01:00:00Z,-36.58299,-46.72498,-0.2023,-0.0753,112.5,2015-09-14T00:00:00Z,SVP
116352,2015-09-04T02:00:00Z,-36.58569,-46.73273,-0.1193,-0.0926,369.16666,2015-09-14T00:00:00Z,SVP
116352,2015-09-04T03:00:00Z,-36.58804,-46.73786,-0.1141,-0.093,369.16666,2015-09-14T00:00:00Z,SVP
116352,2015-09-04T04:00:00Z,-36.59094,-46.74297,-0.0859,-0.1071,242.54167,2015-09-14T00:00:00Z,SVP
116352,2015-09-04T05:00:00Z,-36.59526,-46.74556,-0.087,-0.1023,242.54167,2015-09-14T00:00:00Z,SVP
116352,2015-09-04T06:00:00Z,-36.59842,-46.75006,-0.1103,-0.112,270.74997,2015-09-14T00:00:00Z,SVP
116352,2015-09-04T07:00:00Z,-36.60187,-46.7548,-0.1117,-0.111,270.74997,2015-09-14T00:00:00Z,SVP
116352,2015-09-04T08:00:00Z,-36.60621,-46.75831,-0.0679,-0.158,168.75,2015-09-14T00:00:00Z,SVP
116352,2015-09-04T09:00:00Z,-36.61069,-46.76079,-0.0992,-0.0957,312.91666,2015-09-14T00:00:00Z,SVP
116352,2015-09-04T10:00:00Z,-36.61351,-46.76552,-0.0994,-0.0914,312.91666,2015-09-14T00:00:00Z,SVP
116352,2015-09-04T11:00:00Z,-36.6168,-46.77023,-0.1193,-0.039,161.70833,2015-09-14T00:00:00Z,SVP
116352,2015-09-04T12:00:00Z,-36.61703,-46.77404,-0.1062,-0.0508,109.041664,2015-09-14T00:00:00Z,SVP
116352,2015-09-04T13:00:00Z,-36.61826,-46.77946,-0.0965,-0.0506,748.7916,2015-09-14T00:00:00Z,SVP
116352,2015-09-04T14:00:00Z,-36.62007,-46.78283,-0.0957,-0.0521,748.7916,2015-09-14T00:00:00Z,SVP
116352,2015-09-04T15:00:00Z,-36.62196,-46.78653,-0.0954,-0.0535,748.7916,2015-09-14T00:00:00Z,SVP
116352,2015-09-04T16:00:00Z,-36.62401,-46.79033,-0.0953,-0.055,748.7916,2015-09-14T00:00:00Z,SVP
116352,2015-09-04T17:00:00Z,-36.62632,-46.79421,-0.0953,-0.0571,748.7916,2015-09-14T00:00:00Z,SVP
116352,2015-09-04T18:00:00Z,-36.62762,-46.79865,-0.093,-0.0357,260.0833,2015-09-14T00:00:00Z,SVP
116352,2015-09-04T19:00:00Z,-36.62693,-46.80258,-0.0936,-0.0367,260.0833,2015-09-14T00:00:00Z,SVP
116352,2015-09-04T20:00:00Z,-36.62882,-46.808,-0.2147,-0.0219,175.79167,2015-09-14T00:00:00Z,SVP
116352,2015-09-04T21:00:00Z,-36.62941,-46.81702,-0.2142,-0.0116,175.79167,2015-09-14T00:00:00Z,SVP
116352,2015-09-04T22:00:00Z,-36.62654,-46.82621,-0.0779,-0.1498,337.5,2015-09-14T00:00:00Z,SVP
116352,2015-09-04T23:00:00Z,-36.63151,-46.82746,-0.0861,-0.1503,337.5,2015-09-14T00:00:00Z,SVP
116352,2015-09-05T00:00:00Z,-36.6359,-46.83044,-0.0886,-0.1538,337.5,2015-09-14T00:00:00Z,SVP
116352,2015-09-05T01:00:00Z,-36.64057,-46.83472,-0.1027,-0.1583,738.2917,2015-09-14T00:00:00Z,SVP
116352,2015-09-05T02:00:00Z,-36.64572,-46.83906,-0.1033,-0.1583,738.2917,2015-09-14T00:00:00Z,SVP
116352,2015-09-05T03:00:00Z,-36.65094,-46.84321,-0.1035,-0.1584,738.2917,2015-09-14T00:00:00Z,SVP
116352,2015-09-05T04:00:00Z,-36.6563,-46.84708,-0.1032,-0.1586,738.2917,2015-09-14T00:00:00Z,SVP
116352,2015-09-05T05:00:00Z,-36.6621,-46.8503,-0.1021,-0.1593,738.2917,2015-09-14T00:00:00Z,SVP
116352,2015-09-05T06:00:00Z,-36.66532,-46.85762,-0.1253,-0.1423,235.50002,2015-09-14T00:00:00Z,SVP
116352,2015-09-05T07:00:00Z,-36.66932,-46.86281,-0.1251,-0.1019,109.041664,2015-09-14T00:00:00Z,SVP
116352,2015-09-05T08:00:00Z,-36.67119,-46.86318,0.0199,-0.0322,140.70834,2015-09-14T00:00:00Z,SVP
116352,2015-09-05T09:00:00Z,-36.67251,-46.86507,-0.0184,-0.0495,102.0,2015-09-14T00:00:00Z,SVP
116352,2015-09-05T10:00:00Z,-36.68065,-46.86564,-0.0713,-0.1438,168.75,2015-09-14T00:00:00Z,SVP
116352,2015-09-05T11:00:00Z,-36.68337,-46.86885,-0.0675,-0.0358,196.95833,2015-09-14T00:00:00Z,SVP
116352,2015-09-05T12:00:00Z,-36.68292,-46.87194,-0.0758,0.0159,112.5,2015-09-14T00:00:00Z,SVP
116352,2015-09-05T13:00:00Z,-36.6874,-46.87505,-0.0743,-0.1095,783.9166,2015-09-14T00:00:00Z,SVP
116352,2015-09-05T14:00:00Z,-36.69131,-46.87795,-0.0744,-0.1085,783.9166,2015-09-14T00:00:00Z,SVP
116352,2015-09-05T15:00:00Z,-36.69485,-46.8809,-0.0744,-0.1085,783.9166,2015-09-14T00:00:00Z,SVP
116352,2015-09-05T16:00:00Z,-36.69825,-46.88385,-0.0745,-0.1091,783.9166,2015-09-14T00:00:00Z,SVP
116352,2015-09-05T17:00:00Z,-36.70149,-46.88676,-0.0746,-0.111,783.9166,2015-09-14T00:00:00Z,SVP
116352,2015-09-05T18:00:00Z,-36.70587,-46.88906,-0.0545,-0.1571,253.20834,2015-09-14T00:00:00Z,SVP
116352,2015-09-05T19:00:00Z,-36.71119,-46.89189,-0.0555,-0.1582,253.20834,2015-09-14T00:00:00Z,SVP
116352,2015-09-05T20:00:00Z,-36.71855,-46.89138,-0.0424,-0.2581,242.54167,2015-09-14T00:00:00Z,SVP
116352,2015-09-05T21:00:00Z,-36.72732,-46.89539,-0.0533,-0.2608,242.54167,2015-09-14T00:00:00Z,SVP
116352,2015-09-05T22:00:00Z,-36.73418,-46.8956,-0.05,-0.2189,137.08333,2015-09-14T00:00:00Z,SVP
116352,2015-09-05T23:00:00Z,-36.7416,-46.89639,0.0337,-0.2148,232.04169,2015-09-14T00:00:00Z,SVP
116352,2015-09-06T00:00:00Z,-36.74829,-46.89776,-0.0124,-0.2451,115.958336,2015-09-14T00:00:00Z,SVP
116352,2015-09-06T01:00:00Z,-36.75598,-46.89571,-0.3034,-0.2078,126.58333,2015-09-14T00:00:00Z,SVP
116352,2015-09-06T02:00:00Z,-36.76168,-46.91023,-0.3757,-0.1603,115.958336,2015-09-14T00:00:00Z,SVP
116352,2015-09-06T03:00:00Z,-36.76738,-46.90756,-0.0216,-0.1818,404.25,2015-09-14T00:00:00Z,SVP
116352,2015-09-06T04:00:00Z,-36.77306,-46.90817,-0.0233,-0.1827,404.25,2015-09-14T00:00:00Z,SVP
116352,2015-09-06T05:00:00Z,-36.7783,-46.91034,-0.0108,-0.2222,344.54166,2015-09-14T00:00:00Z,SVP
116352,2015-09-06T06:00:00Z,-36.78582,-46.91113,-0.0104,-0.2216,344.54166,2015-09-14T00:00:00Z,SVP
116352,2015-09-06T07:00:00Z,-36.79278,-46.91114,-0.0157,-0.2244,344.54166,2015-09-14T00:00:00Z,SVP
116352,2015-09-06T08:00:00Z,-36.80178,-46.91303,0.0552,-0.2949,140.70834,2015-09-14T00:00:00Z,SVP
116352,2015-09-06T09:00:00Z,-36.81125,-46.90991,0.0848,-0.3023,112.5,2015-09-14T00:00:00Z,SVP
116352,2015-09-06T10:00:00Z,-36.82111,-46.91492,-0.1411,-0.3253,235.50002,2015-09-14T00:00:00Z,SVP
116352,2015-09-06T11:00:00Z,-36.83174,-46.92209,-0.145,-0.3258,235.50002,2015-09-14T00:00:00Z,SVP
116352,2015-09-06T12:00:00Z,-36.84367,-46.92172,-0.0419,-0.3956,144.16667,2015-09-14T00:00:00Z,SVP
116352,2015-09-06T13:00:00Z,-36.85724,-46.92278,-0.0548,-0.386,650.4166,2015-09-14T00:00:00Z,SVP
116352,2015-09-06T14:00:00Z,-36.86952,-46.92483,-0.0549,-0.3864,650.4166,2015-09-14T00:00:00Z,SVP
116352,2015-09-06T15:00:00Z,-36.882,-46.92709,-0.0547,-0.3864,650.4166,2015-09-14T00:00:00Z,SVP
116352,2015-09-06T16:00:00Z,-36.89457,-46.92945,-0.0542,-0.3861,650.4166,2015-09-14T00:00:00Z,SVP
116352,2015-09-06T17:00:00Z,-36.90723,-46.93198,-0.053,-0.3854,650.4166,2015-09-14T00:00:00Z,SVP
116352,2015-09-06T18:00:00Z,-36.92006,-46.93267,-0.0267,-0.3895,256.66666,2015-09-14T00:00:00Z,SVP
116352,2015-09-06T19:00:00Z,-36.93263,-46.93373,-0.0152,-0.4274,94.958336,2015-09-14T00:00:00Z,SVP
116352,2015-09-06T20:00:00Z,-36.94731,-46.93478,-0.0525,-0.4518,94.958336,2015-09-14T00:00:00Z,SVP
116352,2015-09-06T21:00:00Z,-36.96161,-46.93653,-0.049,-0.4275,147.58333,2015-09-14T00:00:00Z,SVP
116352,2015-09-06T22:00:00Z,-36.97558,-46.93704,0.0309,-0.4366,344.54166,2015-09-14T00:00:00Z,SVP
116352,2015-09-06T23:00:00Z,-36.98989,-46.93496,0.0366,-0.4374,344.54166,2015-09-14T00:00:00Z,SVP
116352,2015-09-07T00:00:00Z,-37.00446,-46.93126,0.0508,-0.4388,344.54166,2015-09-14T00:00:00Z,SVP
116352,2015-09-07T01:00:00Z,-37.01843,-46.93413,-0.0035,-0.4468,140.70834,2015-09-14T00:00:00Z,SVP
116352,2015-09-07T02:00:00Z,-37.04195,-46.93726,0.0018,-0.3298,428.8333,2015-09-14T00:00:00Z,SVP
116352,2015-09-07T03:00:00Z,-37.04668,-46.93551,-3.0E-4,-0.3932,428.8333,2015-09-14T00:00:00Z,SVP
116352,2015-09-07T04:00:00Z,-37.05903,-46.93469,-0.0015,-0.3972,428.8333,2015-09-14T00:00:00Z,SVP
116352,2015-09-07T05:00:00Z,-37.07272,-46.93412,-0.087,-0.3946,242.54167,2015-09-14T00:00:00Z,SVP
116352,2015-09-07T06:00:00Z,-37.08584,-46.93783,-0.0879,-0.3971,242.54167,2015-09-14T00:00:00Z,SVP
116352,2015-09-07T07:00:00Z,-37.10029,-46.9429,-0.132,-0.5206,84.458336,2015-09-14T00:00:00Z,SVP
116352,2015-09-07T08:00:00Z,-37.11669,-46.94718,-0.0622,-0.5354,172.33334,2015-09-14T00:00:00Z,SVP
116352,2015-09-07T09:00:00Z,-37.13362,-46.94918,-0.0443,-0.5185,70.333336,2015-09-14T00:00:00Z,SVP
116352,2015-09-07T10:00:00Z,-37.14978,-46.95984,-0.2154,-0.479,246.16667,2015-09-14T00:00:00Z,SVP
116352,2015-09-07T11:00:00Z,-37.16585,-46.96784,-0.0203,-0.5073,123.0,2015-09-14T00:00:00Z,SVP
116352,2015-09-07T12:00:00Z,-37.18256,-46.96852,-0.059,-0.5468,140.70834,2015-09-14T00:00:00Z,SVP
116352,2015-09-07T13:00:00Z,-37.20113,-46.97451,-0.1745,-0.6016,105.458336,2015-09-14T00:00:00Z,SVP
116352,2015-09-07T14:00:00Z,-37.22032,-46.98034,-0.1331,-0.5909,573.0,2015-09-14T00:00:00Z,SVP
116352,2015-09-07T15:00:00Z,-37.2396,-46.98562,-0.1326,-0.5908,573.0,2015-09-14T00:00:00Z,SVP
116352,2015-09-07T16:00:00Z,-37.25895,-46.99168,-0.1303,-0.5907,573.0,2015-09-14T00:00:00Z,SVP
116352,2015-09-07T17:00:00Z,-37.27868,-46.99895,-0.0853,-0.5901,573.0,2015-09-14T00:00:00Z,SVP
116352,2015-09-07T18:00:00Z,-37.29595,-47.00139,-0.0613,-0.5402,256.66666,2015-09-14T00:00:00Z,SVP
116352,2015-09-07T19:00:00Z,-37.31286,-47.00361,-0.0497,-0.4923,91.33333,2015-09-14T00:00:00Z,SVP
116352,2015-09-07T20:00:00Z,-37.32885,-47.00566,-0.0572,-0.5937,84.458336,2015-09-14T00:00:00Z,SVP
116352,2015-09-07T21:00:00Z,-37.34762,-47.01084,-0.183,-0.5553,98.416664,2015-09-14T00:00:00Z,SVP
116352,2015-09-07T22:00:00Z,-37.35629,-47.03231,-0.5651,-0.2435,84.458336,2015-09-14T00:00:00Z,SVP
116352,2015-09-07T23:00:00Z,-37.3769,-47.03157,-0.1435,-0.4625,281.25,2015-09-14T00:00:00Z,SVP
116352,2015-09-08T00:00:00Z,-37.39139,-47.02455,-0.5488,-0.5684,133.66667,2015-09-14T00:00:00Z,SVP
116352,2015-09-08T01:00:00Z,-37.40854,-47.04631,-0.2465,-0.4944,116.083336,2015-09-14T00:00:00Z,SVP
116352,2015-09-08T02:00:00Z,-37.426,-47.06086,-0.1599,-0.4755,453.45834,2015-09-14T00:00:00Z,SVP
116352,2015-09-08T03:00:00Z,-37.4407,-47.06705,-0.1598,-0.4778,453.45834,2015-09-14T00:00:00Z,SVP
116352,2015-09-08T04:00:00Z,-37.45572,-47.07401,-0.1552,-0.48,453.45834,2015-09-14T00:00:00Z,SVP
116352,2015-09-08T05:00:00Z,-37.47148,-47.07903,-0.0783,-0.4824,246.16667,2015-09-14T00:00:00Z,SVP
116352,2015-09-08T06:00:00Z,-37.48784,-47.08069,-0.0928,-0.4807,246.16667,2015-09-14T00:00:00Z,SVP
116352,2015-09-08T07:00:00Z,-37.50288,-47.08499,-0.1021,-0.4051,268.9583,2015-09-14T00:00:00Z,SVP
116352,2015-09-08T08:00:00Z,-37.5155,-47.08878,-0.1017,-0.4038,268.9583,2015-09-14T00:00:00Z,SVP
116352,2015-09-08T09:00:00Z,-37.52745,-47.09228,-0.0693,-0.376,221.41666,2015-09-14T00:00:00Z,SVP
116352,2015-09-08T10:00:00Z,-37.54191,-47.09547,-0.0707,-0.4006,221.41666,2015-09-14T00:00:00Z,SVP
116352,2015-09-08T11:00:00Z,-37.54901,-47.09278,0.0029,-0.2885,144.16667,2015-09-14T00:00:00Z,SVP
116352,2015-09-08T12:00:00Z,-37.5584,-47.0988,-0.1358,-0.2532,267.16666,2015-09-14T00:00:00Z,SVP
116352,2015-09-08T13:00:00Z,-37.56646,-47.10753,-0.1156,-0.2549,267.16666,2015-09-14T00:00:00Z,SVP
116352,2015-09-08T14:00:00Z,-37.58214,-47.1093,-0.1265,-0.3869,594.1666,2015-09-14T00:00:00Z,SVP
116352,2015-09-08T15:00:00Z,-37.59554,-47.11412,-0.1277,-0.3841,594.1666,2015-09-14T00:00:00Z,SVP
116352,2015-09-08T16:00:00Z,-37.60866,-47.11954,-0.1261,-0.3822,594.1666,2015-09-14T00:00:00Z,SVP
116352,2015-09-08T17:00:00Z,-37.62248,-47.12571,-0.0759,-0.3197,242.54167,2015-09-14T00:00:00Z,SVP
116352,2015-09-08T18:00:00Z,-37.63234,-47.1286,-0.0755,-0.3251,242.54167,2015-09-14T00:00:00Z,SVP
116352,2015-09-08T19:00:00Z,-37.64285,-47.13173,-0.0685,-0.3167,189.91667,2015-09-14T00:00:00Z,SVP
116352,2015-09-08T20:00:00Z,-37.65204,-47.13543,-0.2406,-0.2865,144.16667,2015-09-14T00:00:00Z,SVP
116352,2015-09-08T21:00:00Z,-37.66234,-47.14656,-0.2878,-0.2955,105.458336,2015-09-14T00:00:00Z,SVP
116352,2015-09-08T22:00:00Z,-37.67023,-47.15415,-0.0741,-0.3331,439.5,2015-09-14T00:00:00Z,SVP
116352,2015-09-08T23:00:00Z,-37.68136,-47.15696,-0.0753,-0.3303,439.5,2015-09-14T00:00:00Z,SVP
116352,2015-09-09T00:00:00Z,-37.69207,-47.16012,-0.074,-0.3304,439.5,2015-09-14T00:00:00Z,SVP
116352,2015-09-09T01:00:00Z,-37.70259,-47.16245,-0.0413,-0.318,116.083336,2015-09-14T00:00:00Z,SVP
116352,2015-09-09T02:00:00Z,-37.71041,-47.16387,-0.0293,-0.235,481.66666,2015-09-14T00:00:00Z,SVP
116352,2015-09-09T03:00:00Z,-37.71792,-47.16508,-0.0293,-0.234,481.66666,2015-09-14T00:00:00Z,SVP
116352,2015-09-09T04:00:00Z,-37.72577,-47.16633,-0.0294,-0.2345,481.66666,2015-09-14T00:00:00Z,SVP
116352,2015-09-09T05:00:00Z,-37.73081,-47.16814,-0.0383,-0.1615,246.16667,2015-09-14T00:00:00Z,SVP
116352,2015-09-09T06:00:00Z,-37.73211,-47.16952,-0.0378,-0.1601,246.16667,2015-09-14T00:00:00Z,SVP
116352,2015-09-09T07:00:00Z,-37.73838,-47.17351,-0.0767,-0.1697,239.08334,2015-09-14T00:00:00Z,SVP
116352,2015-09-09T08:00:00Z,-37.74271,-47.17499,-0.0764,-0.1772,239.08334,2015-09-14T00:00:00Z,SVP
116352,2015-09-09T09:00:00Z,-37.74843,-47.18112,-0.1291,-0.1471,214.5,2015-09-14T00:00:00Z,SVP
116352,2015-09-09T10:00:00Z,-37.75392,-47.19505,-0.0118,-0.1255,319.9583,2015-09-14T00:00:00Z,SVP
116352,2015-09-09T11:00:00Z,-37.75713,-47.19042,-0.1097,-0.13,319.9583,2015-09-14T00:00:00Z,SVP
116352,2015-09-09T12:00:00Z,-37.76138,-47.19534,-0.0759,-0.1684,112.5,2015-09-14T00:00:00Z,SVP
116352,2015-09-09T13:00:00Z,-37.76664,-47.19788,-0.0829,-0.195,632.8333,2015-09-14T00:00:00Z,SVP
116352,2015-09-09T14:00:00Z,-37.77313,-47.20157,-0.0836,-0.1951,632.8333,2015-09-14T00:00:00Z,SVP
116352,2015-09-09T15:00:00Z,-37.77954,-47.20529,-0.0841,-0.1951,632.8333,2015-09-14T00:00:00Z,SVP
116352,2015-09-09T16:00:00Z,-37.78596,-47.20927,-0.0849,-0.195,632.8333,2015-09-14T00:00:00Z,SVP
116352,2015-09-09T17:00:00Z,-37.792,-47.21311,-0.0581,-0.1836,235.50002,2015-09-14T00:00:00Z,SVP
116352,2015-09-09T18:00:00Z,-37.79745,-47.2134,-0.0547,-0.18,235.50002,2015-09-14T00:00:00Z,SVP
116352,2015-09-09T19:00:00Z,-37.80058,-47.21077,0.0504,-0.1095,144.16667,2015-09-14T00:00:00Z,SVP
116352,2015-09-09T20:00:00Z,-37.80484,-47.21198,0.0,-0.1216,189.91667,2015-09-14T00:00:00Z,SVP
116352,2015-09-09T21:00:00Z,-37.80939,-47.21727,-0.0715,-0.1362,0.0,2015-09-14T00:00:00Z,SVP
116352,2015-09-09T22:00:00Z,-37.81391,-47.21883,-0.0893,-0.1365,203.83333,2015-09-14T00:00:00Z,SVP
116352,2015-09-09T23:00:00Z,-37.81894,-47.22299,-0.0813,-0.1638,274.2083,2015-09-14T00:00:00Z,SVP
116352,2015-09-10T00:00:00Z,-37.82381,-47.22646,-0.081,-0.1667,274.2083,2015-09-14T00:00:00Z,SVP
116352,2015-09-10T01:00:00Z,-37.82997,-47.22918,-0.0438,-0.1191,130.04166,2015-09-14T00:00:00Z,SVP
116352,2015-09-10T02:00:00Z,-37.83389,-47.22898,-0.0937,-0.1341,365.70834,2015-09-14T00:00:00Z,SVP
116352,2015-09-10T03:00:00Z,-37.83819,-47.23338,-0.0935,-0.1352,365.70834,2015-09-14T00:00:00Z,SVP
116352,2015-09-10T04:00:00Z,-37.84159,-47.23681,-0.0968,-0.1296,365.70834,2015-09-14T00:00:00Z,SVP
116352,2015-09-10T05:00:00Z,-37.84829,-47.24159,-0.1195,-0.18,242.54167,2015-09-14T00:00:00Z,SVP
116352,2015-09-10T06:00:00Z,-37.85477,-47.24796,-0.1716,-0.1617,84.458336,2015-09-14T00:00:00Z,SVP
116352,2015-09-10T07:00:00Z,-37.85965,-47.25513,-0.1936,-0.1577,228.45833,2015-09-14T00:00:00Z,SVP
116352,2015-09-10T08:00:00Z,-37.86464,-47.2634,0.0691,-0.2809,189.91667,2015-09-14T00:00:00Z,SVP
116352,2015-09-10T09:00:00Z,-37.87492,-47.25955,0.0697,-0.2848,189.91667,2015-09-14T00:00:00Z,SVP
116352,2015-09-10T10:00:00Z,-37.88303,-47.26129,-0.1594,-0.22,281.25,2015-09-14T00:00:00Z,SVP
116352,2015-09-10T11:00:00Z,-37.89067,-47.26778,-0.1595,-0.2206,281.25,2015-09-14T00:00:00Z,SVP
116352,2015-09-10T12:00:00Z,-37.89701,-47.27049,0.029,-0.2138,102.0,2015-09-14T00:00:00Z,SVP
116352,2015-09-10T13:00:00Z,-37.90428,-47.26714,0.0588,-0.2095,147.58333,2015-09-14T00:00:00Z,SVP
116352,2015-09-10T14:00:00Z,-37.91049,-47.2687,-0.0526,-0.2001,509.70834,2015-09-14T00:00:00Z,SVP
116352,2015-09-10T15:00:00Z,-37.91699,-47.27126,-0.0519,-0.1998,509.70834,2015-09-14T00:00:00Z,SVP
116352,2015-09-10T16:00:00Z,-37.92378,-47.27385,-0.0504,-0.1998,509.70834,2015-09-14T00:00:00Z,SVP
116352,2015-09-10T17:00:00Z,-37.92973,-47.27564,-0.0514,-0.178,246.16667,2015-09-14T00:00:00Z,SVP
116352,2015-09-10T18:00:00Z,-37.93469,-47.27695,-0.0506,-0.1776,246.16667,2015-09-14T00:00:00Z,SVP
116352,2015-09-10T19:00:00Z,-37.94025,-47.27922,-0.0455,-0.1574,305.83334,2015-09-14T00:00:00Z,SVP
116352,2015-09-10T20:00:00Z,-37.94574,-47.28132,-0.0456,-0.1572,305.83334,2015-09-14T00:00:00Z,SVP
116352,2015-09-10T21:00:00Z,-37.95038,-47.28266,-0.0354,-0.151,253.20834,2015-09-14T00:00:00Z,SVP
116352,2015-09-10T22:00:00Z,-37.95492,-47.28454,-0.0184,-0.1356,383.25,2015-09-14T00:00:00Z,SVP
116352,2015-09-10T23:00:00Z,-37.95947,-47.28461,-0.0158,-0.136,383.25,2015-09-14T00:00:00Z,SVP
116352,2015-09-11T00:00:00Z,-37.96406,-47.28425,-0.0124,-0.1362,383.25,2015-09-14T00:00:00Z,SVP
116352,2015-09-11T01:00:00Z,-37.969,-47.28695,-0.0482,-0.152,140.70834,2015-09-14T00:00:00Z,SVP
116352,2015-09-11T02:00:00Z,-37.97535,-47.29153,-0.1365,-0.1758,115.958336,2015-09-14T00:00:00Z,SVP
116352,2015-09-11T03:00:00Z,-37.97988,-47.29552,-0.0777,-0.1485,277.79166,2015-09-14T00:00:00Z,SVP
116352,2015-09-11T04:00:00Z,-37.98435,-47.29974,-0.068,-0.1515,277.79166,2015-09-14T00:00:00Z,SVP
116352,2015-09-11T05:00:00Z,-37.98982,-47.30155,-0.0492,-0.1563,246.16667,2015-09-14T00:00:00Z,SVP
116352,2015-09-11T06:00:00Z,-37.995,-47.30307,-0.0428,-0.1963,281.25,2015-09-14T00:00:00Z,SVP
116352,2015-09-11T07:00:00Z,-38.00151,-47.30576,-0.048,-0.1981,281.25,2015-09-14T00:00:00Z,SVP
116352,2015-09-11T08:00:00Z,-38.00869,-47.30514,0.0257,-0.2305,168.75,2015-09-14T00:00:00Z,SVP
116352,2015-09-11T09:00:00Z,-38.01596,-47.3036,0.0204,-0.2101,77.41667,2015-09-14T00:00:00Z,SVP
116352,2015-09-11T10:00:00Z,-38.02072,-47.30907,-0.173,-0.0813,172.33334,2015-09-14T00:00:00Z,SVP
116352,2015-09-11T11:00:00Z,-38.02252,-47.3079,0.0944,-0.0442,235.50002,2015-09-14T00:00:00Z,SVP
116352,2015-09-11T12:00:00Z,-38.0235,-47.30354,0.0888,-0.0653,137.08333,2015-09-14T00:00:00Z,SVP
116352,2015-09-11T13:00:00Z,-38.02619,-47.30136,0.0071,-0.107,530.8334,2015-09-14T00:00:00Z,SVP
116352,2015-09-11T14:00:00Z,-38.03071,-47.30137,0.0054,-0.1254,530.8334,2015-09-14T00:00:00Z,SVP
116352,2015-09-11T15:00:00Z,-38.03564,-47.3012,0.0051,-0.1337,530.8334,2015-09-14T00:00:00Z,SVP
116352,2015-09-11T16:00:00Z,-38.04112,-47.30081,0.0055,-0.1411,530.8334,2015-09-14T00:00:00Z,SVP
116352,2015-09-11T17:00:00Z,-38.03933,-47.30205,-0.0186,-0.0592,242.54167,2015-09-14T00:00:00Z,SVP
116352,2015-09-11T18:00:00Z,-38.03405,-47.30262,-0.0638,-0.1327,0.0,2015-09-14T00:00:00Z,SVP
116352,2015-09-11T19:00:00Z,-38.03937,-47.3044,-0.0406,-0.0175,274.2083,2015-09-14T00:00:00Z,SVP
116352,2015-09-11T20:00:00Z,-38.04035,-47.30661,0.2094,0.0402,59.833332,2015-09-14T00:00:00Z,SVP
116352,2015-09-11T21:00:00Z,-38.03978,-47.30241,0.0881,0.0098,193.33334,2015-09-14T00:00:00Z,SVP
116352,2015-09-11T22:00:00Z,-38.04098,-47.30084,-0.0612,-0.0704,340.95834,2015-09-14T00:00:00Z,SVP
116352,2015-09-11T23:00:00Z,-38.04308,-47.30228,-0.0634,-0.0672,340.95834,2015-09-14T00:00:00Z,SVP
116352,2015-09-12T00:00:00Z,-38.04597,-47.30408,-0.0723,-0.0687,340.95834,2015-09-14T00:00:00Z,SVP
116352,2015-09-12T01:00:00Z,-38.04545,-47.3062,-0.0294,-0.0341,140.70834,2015-09-14T00:00:00Z,SVP
116352,2015-09-12T02:00:00Z,-38.04822,-47.30416,0.1143,0.0282,295.33334,2015-09-14T00:00:00Z,SVP
116352,2015-09-12T03:00:00Z,-38.04574,-47.30027,0.1173,0.0153,295.33334,2015-09-14T00:00:00Z,SVP
116352,2015-09-12T04:00:00Z,-38.04465,-47.29637,0.1066,-0.0039,242.54167,2015-09-14T00:00:00Z,SVP
116352,2015-09-12T05:00:00Z,-38.04563,-47.29027,0.1143,-7.0E-4,242.54167,2015-09-14T00:00:00Z,SVP
116352,2015-09-12T06:00:00Z,-38.04632,-47.28879,-0.0371,-0.041,249.58333,2015-09-14T00:00:00Z,SVP
116352,2015-09-12T07:00:00Z,-38.04772,-47.29098,-0.0375,-0.0412,249.58333,2015-09-14T00:00:00Z,SVP
116352,2015-09-12T08:00:00Z,-38.04894,-47.29146,0.0718,-0.0584,151.20834,2015-09-14T00:00:00Z,SVP
116352,2015-09-12T09:00:00Z,-38.05053,-47.28814,0.0955,-0.0659,158.25,2015-09-14T00:00:00Z,SVP
116352,2015-09-12T10:00:00Z,-38.0531,-47.28464,0.0838,-0.0374,246.16667,2015-09-14T00:00:00Z,SVP
116352,2015-09-12T11:00:00Z,-38.05349,-47.28105,0.0838,-0.0353,246.16667,2015-09-14T00:00:00Z,SVP
116352,2015-09-12T12:00:00Z,-38.05307,-47.27925,-0.0276,0.0682,147.58333,2015-09-14T00:00:00Z,SVP
116352,2015-09-12T13:00:00Z,-38.04934,-47.28215,-0.0842,0.1381,108.91667,2015-09-14T00:00:00Z,SVP
116352,2015-09-12T14:00:00Z,-38.04927,-47.28431,-0.0524,-2.0E-4,692.5416,2015-09-14T00:00:00Z,SVP
116352,2015-09-12T15:00:00Z,-38.05022,-47.28589,-0.0483,-0.005,692.5416,2015-09-14T00:00:00Z,SVP
116352,2015-09-12T16:00:00Z,-38.05148,-47.28764,-0.0469,-0.0095,692.5416,2015-09-14T00:00:00Z,SVP
116352,2015-09-12T17:00:00Z,-38.05329,-47.28966,-0.0472,-0.0132,692.5416,2015-09-14T00:00:00Z,SVP
116352,2015-09-12T18:00:00Z,-38.05457,-47.28856,0.3581,0.1632,246.16667,2015-09-14T00:00:00Z,SVP
116352,2015-09-12T19:00:00Z,-38.04628,-47.26232,0.0925,0.0232,246.16667,2015-09-14T00:00:00Z,SVP
116352,2015-09-12T20:00:00Z,-38.04318,-47.2592,0.3638,0.1774,87.91667,2015-09-14T00:00:00Z,SVP
116352,2015-09-12T21:00:00Z,-38.0416,-47.25942,-0.0336,0.0252,158.25,2015-09-14T00:00:00Z,SVP
116352,2015-09-12T22:00:00Z,-38.04291,-47.26134,0.0817,0.1703,446.54166,2015-09-14T00:00:00Z,SVP
116352,2015-09-12T23:00:00Z,-38.03666,-47.25739,0.0815,0.1669,446.54166,2015-09-14T00:00:00Z,SVP
116352,2015-09-13T00:00:00Z,-38.03088,-47.24713,-0.042,0.1635,446.54166,2015-09-14T00:00:00Z,SVP
116352,2015-09-13T01:00:00Z,-38.02568,-47.25053,0.0699,0.1808,112.5,2015-09-14T00:00:00Z,SVP
116352,2015-09-13T02:00:00Z,-38.01993,-47.24864,0.0479,0.1849,330.45834,2015-09-14T00:00:00Z,SVP
116352,2015-09-13T03:00:00Z,-38.01389,-47.24618,0.047,0.1852,330.45834,2015-09-14T00:00:00Z,SVP
116352,2015-09-13T04:00:00Z,-38.00806,-47.2447,0.044,0.1892,246.16667,2015-09-14T00:00:00Z,SVP
116352,2015-09-13T05:00:00Z,-38.00177,-47.24305,0.042,0.1891,246.16667,2015-09-14T00:00:00Z,SVP
116352,2015-09-13T06:00:00Z,-37.99615,-47.2479,-0.1369,0.1723,210.91667,2015-09-14T00:00:00Z,SVP
116352,2015-09-13T07:00:00Z,-37.99146,-47.25544,0.1224,0.1246,130.04166,2015-09-14T00:00:00Z,SVP
116352,2015-09-13T08:00:00Z,-37.98822,-47.24968,0.2554,0.0103,119.54167,2015-09-14T00:00:00Z,SVP
116352,2015-09-13T09:00:00Z,-37.99002,-47.23924,0.2592,-0.0801,123.0,2015-09-14T00:00:00Z,SVP
116352,2015-09-13T10:00:00Z,-37.99183,-47.25926,-0.2312,-0.0663,263.7083,2015-09-14T00:00:00Z,SVP
116352,2015-09-13T11:00:00Z,-37.99371,-47.27466,0.0434,0.3943,179.25,2015-09-14T00:00:00Z,SVP
116352,2015-09-13T12:00:00Z,-37.97426,-47.27329,0.0598,0.2028,179.25,2015-09-14T00:00:00Z,SVP
116352,2015-09-13T13:00:00Z,-37.9703,-47.26702,0.1112,0.0828,710.0834,2015-09-14T00:00:00Z,SVP
116352,2015-09-13T14:00:00Z,-37.96741,-47.26308,0.1114,0.0833,710.0834,2015-09-14T00:00:00Z,SVP
116352,2015-09-13T15:00:00Z,-37.96473,-47.2585,0.1112,0.0834,710.0834,2015-09-14T00:00:00Z,SVP
116352,2015-09-13T16:00:00Z,-37.96215,-47.25369,0.1106,0.0834,710.0834,2015-09-14T00:00:00Z,SVP
116352,2015-09-13T17:00:00Z,-37.9597,-47.24865,0.1094,0.0833,710.0834,2015-09-14T00:00:00Z,SVP
116352,2015-09-13T18:00:00Z,-37.95559,-47.2469,-0.1207,0.1634,256.66666,2015-09-14T00:00:00Z,SVP
116352,2015-09-13T19:00:00Z,-37.94846,-47.25144,-0.1224,0.1491,256.66666,2015-09-14T00:00:00Z,SVP
116352,2015-09-13T20:00:00Z,-37.94382,-47.25765,-0.0076,0.1503,116.083336,2015-09-14T00:00:00Z,SVP
116352,2015-09-13T21:00:00Z,-37.93969,-47.25785,0.0145,0.1216,137.08333,2015-09-14T00:00:00Z,SVP
116352,2015-09-13T22:00:00Z,-37.93859,-47.25834,-0.0877,0.0485,123.0,2015-09-14T00:00:00Z,SVP
116352,2015-09-13T23:00:00Z,-37.94,-47.26242,-0.1226,0.1325,312.91666,2015-09-14T00:00:00Z,SVP
116352,2015-09-14T00:00:00Z,-37.93335,-47.26745,-0.1238,0.0548,312.91666,2015-09-14T00:00:00Z,SVP
116352,2015-09-14T01:00:00Z,-37.93095,-47.27465,-0.1631,0.1556,112.5,2015-09-14T00:00:00Z,SVP
116352,2015-09-14T02:00:00Z,-37.92266,-47.26692,0.0421,0.1941,137.08333,2015-09-14T00:00:00Z,SVP
116352,2015-09-14T03:00:00Z,-37.91788,-47.26766,-0.0133,0.2027,453.5833,2015-09-14T00:00:00Z,SVP
116352,2015-09-14T04:00:00Z,-37.91166,-47.26715,-0.0185,0.2048,453.5833,2015-09-14T00:00:00Z,SVP
116352,2015-09-14T05:00:00Z,-37.90501,-47.26394,-0.0554,0.2043,453.5833,2015-09-14T00:00:00Z,SVP
116352,2015-09-14T06:00:00Z,-37.89846,-47.26764,-0.0503,0.1814,340.95834,2015-09-14T00:00:00Z,SVP
116352,2015-09-14T07:00:00Z,-37.89239,-47.27055,-0.036,0.1796,340.95834,2015-09-14T00:00:00Z,SVP
116352,2015-09-14T08:00:00Z,-37.88891,-47.27042,0.0689,-0.0696,126.58333,2015-09-14T00:00:00Z,SVP
116352,2015-09-14T09:00:00Z,-37.89157,-47.26478,-0.2245,-0.0124,126.58333,2015-09-14T00:00:00Z,SVP
116352,2015-09-14T10:00:00Z,-37.89088,-47.27446,-0.2832,0.0924,119.54167,2015-09-14T00:00:00Z,SVP
116352,2015-09-14T11:00:00Z,-37.88754,-47.282,-0.0988,0.0806,133.66667,2015-09-14T00:00:00Z,SVP
116352,2015-09-14T12:00:00Z,-37.88536,-47.28572,0.0632,-0.0366,102.0,2015-09-14T00:00:00Z,SVP
116352,2015-09-14T13:00:00Z,-37.88628,-47.28178,0.1013,-0.0124,151.20834,2015-09-14T00:00:00Z,SVP
116352,2015-09-14T14:00:00Z,-37.88734,-47.27636,0.1209,0.004,594.1666,2015-09-14T00:00:00Z,SVP
116352,2015-09-14T15:00:00Z,-37.88685,-47.27328,0.111,0.0036,594.1666,2015-09-14T00:00:00Z,SVP
116352,2015-09-14T16:00:00Z,-37.88651,-47.2697,0.1103,0.0032,594.1666,2015-09-14T00:00:00Z,SVP
116352,2015-09-14T17:00:00Z,-37.88612,-47.26604,0.1113,0.0024,594.1666,2015-09-14T00:00:00Z,SVP
116352,2015-09-14T18:00:00Z,-37.88595,-47.25915,0.2214,0.0105,256.66666,2015-09-14T00:00:00Z,SVP
116352,2015-09-14T19:00:00Z,-37.88626,-47.24935,0.2132,0.0102,256.66666,2015-09-14T00:00:00Z,SVP
116352,2015-09-14T20:00:00Z,-37.88315,-47.24136,0.1276,0.1422,52.791668,2015-09-14T00:00:00Z,SVP
116352,2015-09-14T21:00:00Z,-37.87773,-47.24011,0.0294,0.169,193.33334,2015-09-14T00:00:00Z,SVP
116352,2015-09-14T22:00:00Z,-37.87319,-47.24212,0.1207,0.0432,355.0417,2015-09-14T00:00:00Z,SVP
116352,2015-09-14T23:00:00Z,-37.87221,-47.23652,0.1148,0.0449,355.0417,2015-09-14T00:00:00Z,SVP
116352,2015-09-15T00:00:00Z,-37.87081,-47.23202,0.1227,0.0446,355.0417,2015-09-14T00:00:00Z,SVP
116352,2015-09-15T01:00:00Z,-37.86966,-47.22499,0.1579,0.0275,130.04166,2015-09-14T00:00:00Z,SVP
116352,2015-09-15T02:00:00Z,-37.86856,-47.2243,-0.1613,0.0158,116.083336,2015-09-14T00:00:00Z,SVP
116352,2015-09-15T03:00:00Z,-37.86976,-47.2314,-0.1366,-0.0282,365.70834,2015-09-14T00:00:00Z,SVP
116352,2015-09-15T04:00:00Z,-37.86922,-47.23593,-0.1314,-0.0212,365.70834,2015-09-14T00:00:00Z,SVP
116352,2015-09-15T05:00:00Z,-37.86629,-47.24072,0.1601,-0.1341,340.95834,2015-09-14T00:00:00Z,SVP
116352,2015-09-15T06:00:00Z,-37.87165,-47.23293,0.1446,-0.1199,340.95834,2015-09-14T00:00:00Z,SVP
116352,2015-09-15T07:00:00Z,-37.87564,-47.2258,0.0808,-0.1207,340.95834,2015-09-14T00:00:00Z,SVP
116352,2015-09-15T08:00:00Z,-37.8823,-47.22276,0.0417,-0.2121,105.458336,2015-09-14T00:00:00Z,SVP
116352,2015-09-15T09:00:00Z,-37.88842,-47.22302,-0.2421,-0.2141,56.25,2015-09-14T00:00:00Z,SVP
116352,2015-09-15T10:00:00Z,-37.89587,-47.23147,0.0955,-0.1802,221.54167,2015-09-14T00:00:00Z,SVP
116352,2015-09-15T11:00:00Z,-37.90144,-47.2275,0.1113,-0.1786,221.54167,2015-09-14T00:00:00Z,SVP
116352,2015-09-15T12:00:00Z,-37.9071,-47.22219,0.1849,-0.1518,249.58333,2015-09-14T00:00:00Z,SVP
116352,2015-09-15T13:00:00Z,-37.91205,-47.21455,0.1855,-0.1516,249.58333,2015-09-14T00:00:00Z,SVP
116352,2015-09-15T14:00:00Z,-37.91682,-47.20631,0.209,-0.1458,622.2083,2015-09-14T00:00:00Z,SVP
116352,2015-09-15T15:00:00Z,-37.92156,-47.19792,0.2087,-0.1458,622.2083,2015-09-14T00:00:00Z,SVP
116352,2015-09-15T16:00:00Z,-37.92633,-47.18976,0.208,-0.1457,622.2083,2015-09-14T00:00:00Z,SVP
116352,2015-09-15T17:00:00Z,-37.93119,-47.18209,0.2069,-0.1455,622.2083,2015-09-14T00:00:00Z,SVP
116352,2015-09-15T18:00:00Z,-37.93598,-47.17177,0.2274,-0.1475,253.20834,2015-09-14T00:00:00Z,SVP
116352,2015-09-15T19:00:00Z,-37.94071,-47.1614,0.2347,-0.1803,114.29167,2015-09-14T00:00:00Z,SVP
116352,2015-09-15T20:00:00Z,-37.94772,-47.15605,0.0972,-0.2324,216.16667,2015-09-14T00:00:00Z,SVP
116352,2015-09-15T21:00:00Z,-37.95533,-47.153,0.0911,-0.2324,216.16667,2015-09-14T00:00:00Z,SVP
116352,2015-09-15T22:00:00Z,-37.96275,-47.14392,0.2785,-0.2331,442.95834,2015-09-14T00:00:00Z,SVP
116352,2015-09-15T23:00:00Z,-37.97067,-47.13209,0.2815,-0.2343,442.95834,2015-09-14T00:00:00Z,SVP
116352,2015-09-16T00:00:00Z,-37.97906,-47.11932,0.2873,-0.2361,442.95834,2015-09-14T00:00:00Z,SVP
116352,2015-09-16T01:00:00Z,-37.98456,-47.11231,0.0725,-0.1919,140.70834,2015-09-14T00:00:00Z,SVP
116352,2015-09-16T02:00:00Z,-37.98991,-47.10855,0.1135,-0.1262,115.958336,2015-09-14T00:00:00Z,SVP
116352,2015-09-16T03:00:00Z,-37.99291,-47.09558,0.3011,-0.0921,393.75,2015-09-14T00:00:00Z,SVP
116352,2015-09-16T04:00:00Z,-37.9964,-47.08241,0.3005,-0.0944,393.75,2015-09-14T00:00:00Z,SVP
116352,2015-09-16T05:00:00Z,-37.99966,-47.0697,0.283,0.0492,327.0,2015-09-14T00:00:00Z,SVP
116352,2015-09-16T06:00:00Z,-37.99772,-47.05909,0.2859,0.0543,327.0,2015-09-14T00:00:00Z,SVP
116352,2015-09-16T07:00:00Z,-37.99667,-47.04766,0.2594,0.0995,249.58333,2015-09-14T00:00:00Z,SVP
116352,2015-09-16T08:00:00Z,-37.99163,-47.03672,0.2602,0.1061,249.58333,2015-09-14T00:00:00Z,SVP
116352,2015-09-16T09:00:00Z,-37.98823,-47.02742,0.2044,0.1081,116.083336,2015-09-14T00:00:00Z,SVP
116352,2015-09-16T10:00:00Z,-37.9844,-47.02319,0.0953,0.1228,249.58333,2015-09-14T00:00:00Z,SVP
116352,2015-09-16T11:00:00Z,-37.98047,-47.02183,0.0725,0.1261,249.58333,2015-09-14T00:00:00Z,SVP
116352,2015-09-16T12:00:00Z,-37.97413,-47.00598,0.2617,0.1987,137.08333,2015-09-14T00:00:00Z,SVP
116352,2015-09-16T13:00:00Z,-37.96797,-46.99684,0.2852,0.1947,639.9166,2015-09-14T00:00:00Z,SVP
116352,2015-09-16T14:00:00Z,-37.96153,-46.98492,0.2857,0.1946,639.9166,2015-09-14T00:00:00Z,SVP
116352,2015-09-16T15:00:00Z,-37.95512,-46.97329,0.286,0.1945,639.9166,2015-09-14T00:00:00Z,SVP
116352,2015-09-16T16:00:00Z,-37.94869,-46.96189,0.2862,0.1943,639.9166,2015-09-14T00:00:00Z,SVP
116352,2015-09-16T17:00:00Z,-37.9421,-46.9509,0.2869,0.1937,639.9166,2015-09-14T00:00:00Z,SVP
116352,2015-09-16T18:00:00Z,-37.93626,-46.93697,0.3008,0.1946,260.0833,2015-09-14T00:00:00Z,SVP
116352,2015-09-16T19:00:00Z,-37.93013,-46.92319,0.2747,0.2086,327.0,2015-09-14T00:00:00Z,SVP
116352,2015-09-16T20:00:00Z,-37.92285,-46.91373,0.2727,0.2111,327.0,2015-09-14T00:00:00Z,SVP
116352,2015-09-16T21:00:00Z,-37.91632,-46.90332,0.1939,0.2136,267.16666,2015-09-14T00:00:00Z,SVP
116352,2015-09-16T22:00:00Z,-37.90923,-46.8976,0.1819,0.2144,267.16666,2015-09-14T00:00:00Z,SVP
116352,2015-09-16T23:00:00Z,-37.90469,-46.89368,0.1156,-0.0124,214.5,2015-09-14T00:00:00Z,SVP
116352,2015-09-17T00:00:00Z,-37.90797,-46.88287,0.1628,0.0609,214.5,2015-09-14T00:00:00Z,SVP
116352,2015-09-17T01:00:00Z,-37.90779,-46.88421,0.1259,-0.076,140.70834,2015-09-14T00:00:00Z,SVP
116352,2015-09-17T02:00:00Z,-37.91024,-46.8752,0.3355,0.029,414.9167,2015-09-14T00:00:00Z,SVP
116352,2015-09-17T03:00:00Z,-37.90813,-46.86206,0.333,0.0276,414.9167,2015-09-14T00:00:00Z,SVP
116352,2015-09-17T04:00:00Z,-37.90627,-46.84918,0.3324,0.0222,414.9167,2015-09-14T00:00:00Z,SVP
116352,2015-09-17T05:00:00Z,-37.9062,-46.83444,0.4059,-0.0663,242.54167,2015-09-14T00:00:00Z,SVP
116352,2015-09-17T06:00:00Z,-37.9088,-46.8158,0.3871,-0.0682,242.54167,2015-09-14T00:00:00Z,SVP
116352,2015-09-17T07:00:00Z,-37.91206,-46.79941,0.4443,-0.0786,246.16667,2015-09-14T00:00:00Z,SVP
116352,2015-09-17T08:00:00Z,-37.91422,-46.7808,0.4428,-0.0799,246.16667,2015-09-14T00:00:00Z,SVP
116352,2015-09-17T09:00:00Z,-37.91701,-46.76249,0.4374,-0.0629,249.58333,2015-09-14T00:00:00Z,SVP
116352,2015-09-17T10:00:00Z,-37.91922,-46.75207,0.317,-0.0618,249.58333,2015-09-14T00:00:00Z,SVP
116352,2015-09-17T11:00:00Z,-37.91988,-46.72845,0.4395,-0.0013,137.08333,2015-09-14T00:00:00Z,SVP
116352,2015-09-17T12:00:00Z,-37.92019,-46.7102,0.2652,-0.0203,144.16667,2015-09-14T00:00:00Z,SVP
116352,2015-09-17T13:00:00Z,-37.92135,-46.7008,0.2173,-0.0645,115.958336,2015-09-14T00:00:00Z,SVP
116352,2015-09-17T14:00:00Z,-37.92354,-46.68293,0.4618,-0.0649,562.5,2015-09-14T00:00:00Z,SVP
116352,2015-09-17T15:00:00Z,-37.92566,-46.66368,0.4619,-0.065,562.5,2015-09-14T00:00:00Z,SVP
116352,2015-09-17T16:00:00Z,-37.92775,-46.64492,0.4633,-0.065,562.5,2015-09-14T00:00:00Z,SVP
116352,2015-09-17T17:00:00Z,-37.92967,-46.62603,0.5362,-0.0617,242.54167,2015-09-14T00:00:00Z,SVP
116352,2015-09-17T18:00:00Z,-37.93173,-46.60038,0.5218,-0.0615,242.54167,2015-09-14T00:00:00Z,SVP
116352,2015-09-17T19:00:00Z,-37.93392,-46.57875,0.462,-0.0602,239.08334,2015-09-14T00:00:00Z,SVP
116352,2015-09-17T20:00:00Z,-37.93535,-46.56039,0.4462,-0.0587,239.08334,2015-09-14T00:00:00Z,SVP
116352,2015-09-17T21:00:00Z,-37.93734,-46.54556,0.4287,-0.0415,165.29167,2015-09-14T00:00:00Z,SVP
116352,2015-09-17T22:00:00Z,-37.93813,-46.52548,0.5773,-0.0424,84.458336,2015-09-14T00:00:00Z,SVP
116352,2015-09-17T23:00:00Z,-37.93973,-46.50231,0.5501,-0.0505,221.41666,2015-09-14T00:00:00Z,SVP
116352,2015-09-18T00:00:00Z,-37.94117,-46.47976,0.472,-0.0251,133.66667,2015-09-14T00:00:00Z,SVP
116352,2015-09-18T01:00:00Z,-37.94171,-46.46116,0.4725,0.0081,115.958336,2015-09-14T00:00:00Z,SVP
116352,2015-09-18T02:00:00Z,-37.94021,-46.44033,0.5144,0.0704,133.66667,2015-09-14T00:00:00Z,SVP
116352,2015-09-18T03:00:00Z,-37.93831,-46.419,0.4881,0.0551,305.83334,2015-09-14T00:00:00Z,SVP
116352,2015-09-18T04:00:00Z,-37.93615,-46.39934,0.4908,0.0524,305.83334,2015-09-14T00:00:00Z,SVP
116352,2015-09-18T05:00:00Z,-37.9349,-46.37979,0.4607,0.0237,242.54167,2015-09-14T00:00:00Z,SVP
116352,2015-09-18T06:00:00Z,-37.93448,-46.35984,0.4642,0.0233,242.54167,2015-09-14T00:00:00Z,SVP
116352,2015-09-18T07:00:00Z,-37.93196,-46.34769,0.3626,0.1073,207.45834,2015-09-14T00:00:00Z,SVP
116352,2015-09-18T08:00:00Z,-37.92877,-46.33211,0.5729,0.0846,249.58333,2015-09-14T00:00:00Z,SVP
116352,2015-09-18T09:00:00Z,-37.92657,-46.30606,0.5993,0.0745,249.58333,2015-09-14T00:00:00Z,SVP
116352,2015-09-18T10:00:00Z,-37.93164,-46.28047,0.6488,-0.0336,56.25,2015-09-14T00:00:00Z,SVP
116352,2015-09-18T11:00:00Z,-37.92977,-46.25142,0.6189,0.1478,172.20833,2015-09-14T00:00:00Z,SVP
116352,2015-09-18T12:00:00Z,-37.92284,-46.24615,0.4663,0.2289,137.08333,2015-09-14T00:00:00Z,SVP
116352,2015-09-18T13:00:00Z,-37.91603,-46.22086,0.55,0.1499,587.0834,2015-09-14T00:00:00Z,SVP
116352,2015-09-18T14:00:00Z,-37.91127,-46.20003,0.5581,0.1501,587.0834,2015-09-14T00:00:00Z,SVP
116352,2015-09-18T15:00:00Z,-37.90626,-46.178,0.5637,0.1493,587.0834,2015-09-14T00:00:00Z,SVP
116352,2015-09-18T16:00:00Z,-37.90111,-46.1556,0.5704,0.1471,587.0834,2015-09-14T00:00:00Z,SVP
116352,2015-09-18T17:00:00Z,-37.89618,-46.13253,0.604,0.1147,242.54167,2015-09-14T00:00:00Z,SVP
116352,2015-09-18T18:00:00Z,-37.89293,-46.10731,0.6033,0.1147,242.54167,2015-09-14T00:00:00Z,SVP
116352,2015-09-18T19:00:00Z,-37.88938,-46.08359,0.5864,0.104,189.91667,2015-09-14T00:00:00Z,SVP
116352,2015-09-18T20:00:00Z,-37.88536,-46.07295,0.3772,0.142,91.33333,2015-09-14T00:00:00Z,SVP
116352,2015-09-18T21:00:00Z,-37.8813,-46.05405,0.543,0.1194,158.25,2015-09-14T00:00:00Z,SVP
116352,2015-09-18T22:00:00Z,-37.88302,-46.02873,0.5679,-0.1931,52.666664,2015-09-14T00:00:00Z,SVP
116352,2015-09-18T23:00:00Z,-37.87902,-46.00572,0.5026,0.1693,319.9583,2015-09-14T00:00:00Z,SVP
116352,2015-09-19T00:00:00Z,-37.87281,-45.98494,0.5009,0.1683,319.9583,2015-09-14T00:00:00Z,SVP
116352,2015-09-19T01:00:00Z,-37.86961,-45.96673,0.4564,0.1504,112.5,2015-09-14T00:00:00Z,SVP
116352,2015-09-19T02:00:00Z,-37.8639,-45.93885,0.5791,0.1313,133.66667,2015-09-14T00:00:00Z,SVP
116352,2015-09-19T03:00:00Z,-37.8605,-45.91697,0.6167,0.1463,330.45834,2015-09-14T00:00:00Z,SVP
116352,2015-09-19T04:00:00Z,-37.85582,-45.89206,0.6218,0.1461,330.45834,2015-09-14T00:00:00Z,SVP
116352,2015-09-19T05:00:00Z,-37.8511,-45.86728,0.5721,0.1336,242.54167,2015-09-14T00:00:00Z,SVP
116352,2015-09-19T06:00:00Z,-37.84708,-45.84223,0.587,0.1237,256.66666,2015-09-14T00:00:00Z,SVP
116352,2015-09-19T07:00:00Z,-37.84302,-45.81979,0.5767,0.1232,256.66666,2015-09-14T00:00:00Z,SVP
116352,2015-09-19T08:00:00Z,-37.84042,-45.79361,0.6,0.0659,70.333336,2015-09-14T00:00:00Z,SVP
116352,2015-09-19T09:00:00Z,-37.83873,-45.7695,0.6571,0.0408,179.25,2015-09-14T00:00:00Z,SVP
116352,2015-09-19T10:00:00Z,-37.8362,-45.74649,0.5481,0.0844,239.08334,2015-09-14T00:00:00Z,SVP
116352,2015-09-19T11:00:00Z,-37.83337,-45.72365,0.5212,0.1072,137.08333,2015-09-14T00:00:00Z,SVP
116352,2015-09-19T12:00:00Z,-37.82999,-45.70297,0.4892,0.084,105.458336,2015-09-14T00:00:00Z,SVP
116352,2015-09-19T13:00:00Z,-37.82834,-45.68372,0.4564,0.0466,144.16667,2015-09-14T00:00:00Z,SVP
116352,2015-09-19T14:00:00Z,-37.82639,-45.66283,0.4711,0.0783,474.58334,2015-09-14T00:00:00Z,SVP
116352,2015-09-19T15:00:00Z,-37.82374,-45.64466,0.4683,0.0785,474.58334,2015-09-14T00:00:00Z,SVP
116352,2015-09-19T16:00:00Z,-37.82165,-45.62911,0.4491,0.0814,474.58334,2015-09-14T00:00:00Z,SVP
116352,2015-09-19T17:00:00Z,-37.81925,-45.61022,0.4942,0.1044,242.54167,2015-09-14T00:00:00Z,SVP
116352,2015-09-19T18:00:00Z,-37.81494,-45.58465,0.4693,0.1013,242.54167,2015-09-14T00:00:00Z,SVP
116352,2015-09-19T19:00:00Z,-37.81286,-45.56823,0.4024,0.0769,246.16667,2015-09-14T00:00:00Z,SVP
116352,2015-09-19T20:00:00Z,-37.81027,-45.5528,0.3723,0.0744,80.83333,2015-09-14T00:00:00Z,SVP
116352,2015-09-19T21:00:00Z,-37.80727,-45.53488,0.4689,0.0589,109.041664,2015-09-14T00:00:00Z,SVP
116352,2015-09-19T22:00:00Z,-37.80597,-45.51451,0.5536,-0.0026,87.91667,2015-09-14T00:00:00Z,SVP
116352,2015-09-19T23:00:00Z,-37.80623,-45.50123,0.3722,-0.0019,284.83334,2015-09-14T00:00:00Z,SVP
116352,2015-09-20T00:00:00Z,-37.8065,-45.48737,0.3513,-0.0165,115.958336,2015-09-14T00:00:00Z,SVP
116352,2015-09-20T01:00:00Z,-37.80791,-45.46455,0.0819,-0.0848,137.08333,2015-09-14T00:00:00Z,SVP
116352,2015-09-20T02:00:00Z,-37.80785,-45.45633,0.3227,0.024,119.54167,2015-09-14T00:00:00Z,SVP
116352,2015-09-20T03:00:00Z,-37.80829,-45.44643,0.4151,0.082,239.08334,2015-09-14T00:00:00Z,SVP
116352,2015-09-20T04:00:00Z,-37.80489,-45.42799,0.3839,0.0663,239.08334,2015-09-14T00:00:00Z,SVP
116352,2015-09-20T05:00:00Z,-37.80265,-45.41287,0.377,0.1335,242.54167,2015-09-14T00:00:00Z,SVP
116352,2015-09-20T06:00:00Z,-37.79864,-45.39718,0.3754,0.1424,221.41666,2015-09-14T00:00:00Z,SVP
116352,2015-09-20T07:00:00Z,-37.79283,-45.3825,0.3737,0.1399,221.41666,2015-09-14T00:00:00Z,SVP
116352,2015-09-20T08:00:00Z,-37.78909,-45.36636,0.3819,0.1378,253.20834,2015-09-14T00:00:00Z,SVP
116352,2015-09-20T09:00:00Z,-37.78733,-45.35071,0.3007,-0.0805,270.74997,2015-09-14T00:00:00Z,SVP
116352,2015-09-20T10:00:00Z,-37.79386,-45.34117,0.3161,-0.0486,270.74997,2015-09-14T00:00:00Z,SVP
116352,2015-09-20T11:00:00Z,-37.79391,-45.3284,0.2679,-0.0543,116.083336,2015-09-14T00:00:00Z,SVP
116352,2015-09-20T12:00:00Z,-37.79371,-45.31506,0.3741,0.0608,108.91667,2015-09-14T00:00:00Z,SVP
116352,2015-09-20T13:00:00Z,-37.7945,-45.29801,0.4054,-0.0391,137.08333,2015-09-14T00:00:00Z,SVP
116352,2015-09-20T14:00:00Z,-37.79614,-45.28114,0.4305,-0.0698,741.75006,2015-09-14T00:00:00Z,SVP
116352,2015-09-20T15:00:00Z,-37.79806,-45.26398,0.4291,-0.0686,741.75006,2015-09-14T00:00:00Z,SVP
116352,2015-09-20T16:00:00Z,-37.79981,-45.24703,0.4276,-0.0671,741.75006,2015-09-14T00:00:00Z,SVP
116352,2015-09-20T17:00:00Z,-37.80123,-45.23042,0.4261,-0.0651,741.75006,2015-09-14T00:00:00Z,SVP
116352,2015-09-20T18:00:00Z,-37.80213,-45.21429,0.4284,-0.0726,0.0,2015-09-14T00:00:00Z,SVP
116352,2015-09-20T19:00:00Z,-37.80748,-45.19424,0.4363,-0.1059,323.41666,2015-09-14T00:00:00Z,SVP
116352,2015-09-20T20:00:00Z,-37.81233,-45.17304,0.4416,-0.0913,323.41666,2015-09-14T00:00:00Z,SVP
116352,2015-09-20T21:00:00Z,-37.8138,-45.16315,0.1942,-0.0921,140.70834,2015-09-14T00:00:00Z,SVP
116352,2015-09-20T22:00:00Z,-37.81424,-45.15348,0.5523,-0.0056,270.74997,2015-09-14T00:00:00Z,SVP
116352,2015-09-20T23:00:00Z,-37.81452,-45.12916,0.5353,-0.0054,270.74997,2015-09-14T00:00:00Z,SVP
116352,2015-09-21T00:00:00Z,-37.81399,-45.10935,0.4103,0.0344,112.5,2015-09-14T00:00:00Z,SVP
116352,2015-09-21T01:00:00Z,-37.81295,-45.09318,0.2845,0.0287,137.08333,2015-09-14T00:00:00Z,SVP
116352,2015-09-21T02:00:00Z,-37.81215,-45.08351,0.1978,0.0624,112.5,2015-09-14T00:00:00Z,SVP
116352,2015-09-21T03:00:00Z,-37.80682,-45.07469,0.2194,0.1201,260.0833,2015-09-14T00:00:00Z,SVP
116352,2015-09-21T04:00:00Z,-37.80277,-45.06678,0.2237,0.1118,242.54167,2015-09-14T00:00:00Z,SVP
116352,2015-09-21T05:00:00Z,-37.79956,-45.05631,0.2271,0.1142,242.54167,2015-09-14T00:00:00Z,SVP
116352,2015-09-21T06:00:00Z,-37.79588,-45.05176,0.0521,0.1024,193.33334,2015-09-14T00:00:00Z,SVP
116352,2015-09-21T07:00:00Z,-37.79325,-45.05305,0.2908,0.0893,147.58333,2015-09-14T00:00:00Z,SVP
116352,2015-09-21T08:00:00Z,-37.78935,-45.04014,0.3503,0.1145,98.416664,2015-09-14T00:00:00Z,SVP
116352,2015-09-21T09:00:00Z,-37.78603,-45.03846,-0.1598,0.1032,144.16667,2015-09-14T00:00:00Z,SVP
116352,2015-09-21T10:00:00Z,-37.78373,-45.04375,-0.1159,0.1363,115.958336,2015-09-14T00:00:00Z,SVP
116352,2015-09-21T11:00:00Z,-37.77882,-45.04213,0.0936,0.0029,137.08333,2015-09-14T00:00:00Z,SVP
116352,2015-09-21T12:00:00Z,-37.78227,-45.0351,0.1079,-0.1142,144.16667,2015-09-14T00:00:00Z,SVP
116352,2015-09-21T13:00:00Z,-37.78478,-45.03634,-0.2377,0.0203,112.5,2015-09-14T00:00:00Z,SVP
116352,2015-09-21T14:00:00Z,-37.78416,-45.02966,0.0863,0.026,653.8334,2015-09-14T00:00:00Z,SVP
116352,2015-09-21T15:00:00Z,-37.78335,-45.02562,0.0857,0.0259,653.8334,2015-09-14T00:00:00Z,SVP
116352,2015-09-21T16:00:00Z,-37.78247,-45.02212,0.0859,0.0259,653.8334,2015-09-14T00:00:00Z,SVP
116352,2015-09-21T17:00:00Z,-37.78153,-45.01892,0.0867,0.0258,653.8334,2015-09-14T00:00:00Z,SVP
116352,2015-09-21T18:00:00Z,-37.78063,-45.01792,0.1298,0.0067,327.0,2015-09-14T00:00:00Z,SVP
116352,2015-09-21T19:00:00Z,-37.78062,-45.01293,0.132,0.0075,327.0,2015-09-14T00:00:00Z,SVP
116352,2015-09-21T20:00:00Z,-37.77995,-45.00721,0.0935,-0.0075,105.458336,2015-09-14T00:00:00Z,SVP
116352,2015-09-21T21:00:00Z,-37.78063,-45.00309,0.1304,-0.0087,126.58333,2015-09-14T00:00:00Z,SVP
116352,2015-09-21T22:00:00Z,-37.78014,-44.99732,0.1716,0.0074,386.70834,2015-09-14T00:00:00Z,SVP
116352,2015-09-21T23:00:00Z,-37.78063,-44.98998,0.1735,0.0019,386.70834,2015-09-14T00:00:00Z,SVP
116352,2015-09-22T00:00:00Z,-37.78154,-44.98314,0.1732,-0.0027,386.70834,2015-09-14T00:00:00Z,SVP
116352,2015-09-22T01:00:00Z,-37.77936,-44.97869,-0.0125,0.0151,112.5,2015-09-14T00:00:00Z,SVP
116352,2015-09-22T02:00:00Z,-37.78265,-44.98417,0.1143,0.02,277.66666,2015-09-14T00:00:00Z,SVP
116352,2015-09-22T03:00:00Z,-37.77967,-44.98026,0.1195,-5.0E-4,277.66666,2015-09-14T00:00:00Z,SVP
116352,2015-09-22T04:00:00Z,-37.77964,-44.97618,0.1197,-0.0206,256.66666,2015-09-14T00:00:00Z,SVP
116352,2015-09-22T05:00:00Z,-37.78129,-44.96861,0.1325,-0.0099,256.66666,2015-09-14T00:00:00Z,SVP
116352,2015-09-22T06:00:00Z,-37.78198,-44.96608,0.0415,-0.0437,337.5,2015-09-14T00:00:00Z,SVP
116352,2015-09-22T07:00:00Z,-37.78289,-44.9652,0.0456,-0.0427,337.5,2015-09-14T00:00:00Z,SVP
116352,2015-09-22T08:00:00Z,-37.78461,-44.96402,0.0205,-0.0521,239.08334,2015-09-14T00:00:00Z,SVP
116352,2015-09-22T09:00:00Z,-37.78703,-44.96228,0.0247,-0.055,239.08334,2015-09-14T00:00:00Z,SVP
116352,2015-09-22T10:00:00Z,-37.78906,-44.96349,0.0057,-0.0334,165.16666,2015-09-14T00:00:00Z,SVP
116352,2015-09-22T11:00:00Z,-37.78974,-44.95937,0.2103,0.0858,105.458336,2015-09-14T00:00:00Z,SVP
116352,2015-09-22T12:00:00Z,-37.78712,-44.9499,0.0385,0.0714,144.16667,2015-09-14T00:00:00Z,SVP
116352,2015-09-22T13:00:00Z,-37.78628,-44.95386,-0.0789,-0.0201,112.5,2015-09-14T00:00:00Z,SVP
116352,2015-09-22T14:00:00Z,-37.78767,-44.95515,-0.0639,-0.0381,675.0,2015-09-14T00:00:00Z,SVP
116352,2015-09-22T15:00:00Z,-37.78893,-44.9574,-0.0633,-0.0384,675.0,2015-09-14T00:00:00Z,SVP
116352,2015-09-22T16:00:00Z,-37.79002,-44.95997,-0.0631,-0.038,675.0,2015-09-14T00:00:00Z,SVP
116352,2015-09-22T17:00:00Z,-37.79082,-44.96275,-0.0631,-0.037,675.0,2015-09-14T00:00:00Z,SVP
116352,2015-09-22T18:00:00Z,-37.79073,-44.96137,0.1869,-0.0243,239.08334,2015-09-14T00:00:00Z,SVP
116352,2015-09-22T19:00:00Z,-37.793,-44.94942,0.086,-0.0316,239.08334,2015-09-14T00:00:00Z,SVP
116352,2015-09-22T20:00:00Z,-37.79137,-44.94897,-0.1764,0.0309,63.291664,2015-09-14T00:00:00Z,SVP
116352,2015-09-22T21:00:00Z,-37.79365,-44.94981,0.0962,-0.1075,91.33333,2015-09-14T00:00:00Z,SVP
116352,2015-09-22T22:00:00Z,-37.79741,-44.94553,0.0438,-0.0662,270.74997,2015-09-14T00:00:00Z,SVP
116352,2015-09-22T23:00:00Z,-37.79954,-44.94491,0.0216,-0.0659,270.74997,2015-09-14T00:00:00Z,SVP
116352,2015-09-23T00:00:00Z,-37.80183,-44.94575,-0.0457,-0.0514,137.08333,2015-09-14T00:00:00Z,SVP
116352,2015-09-23T01:00:00Z,-37.8031,-44.94879,-0.1962,-0.0451,112.5,2015-09-14T00:00:00Z,SVP
116352,2015-09-23T02:00:00Z,-37.80475,-44.95006,0.0165,-0.0533,309.45834,2015-09-14T00:00:00Z,SVP
116352,2015-09-23T03:00:00Z,-37.80618,-44.94868,0.0132,-0.0534,309.45834,2015-09-14T00:00:00Z,SVP
116352,2015-09-23T04:00:00Z,-37.80852,-44.94885,0.0033,-0.0776,242.54167,2015-09-14T00:00:00Z,SVP
116352,2015-09-23T05:00:00Z,-37.81082,-44.94856,-5.0E-4,-0.0798,242.54167,2015-09-14T00:00:00Z,SVP
116352,2015-09-23T06:00:00Z,-37.81385,-44.95541,-0.1076,-0.0953,333.9167,2015-09-14T00:00:00Z,SVP
116352,2015-09-23T07:00:00Z,-37.81721,-44.9616,-0.1064,-0.0947,333.9167,2015-09-14T00:00:00Z,SVP
116352,2015-09-23T08:00:00Z,-37.82073,-44.96311,-0.0333,-0.1131,263.7083,2015-09-14T00:00:00Z,SVP
116352,2015-09-23T09:00:00Z,-37.82339,-44.95694,-0.0586,-0.1114,263.7083,2015-09-14T00:00:00Z,SVP
116352,2015-09-23T10:00:00Z,-37.82849,-44.9637,-0.0185,-0.1319,246.16667,2015-09-14T00:00:00Z,SVP
116352,2015-09-23T11:00:00Z,-37.8328,-44.96684,-0.133,-0.1453,56.25,2015-09-14T00:00:00Z,SVP
116352,2015-09-23T12:00:00Z,-37.83651,-44.97446,-0.138,-0.1037,137.08333,2015-09-14T00:00:00Z,SVP
116352,2015-09-23T13:00:00Z,-37.84006,-44.97508,0.0042,-0.1334,703.2083,2015-09-14T00:00:00Z,SVP
116352,2015-09-23T14:00:00Z,-37.84464,-44.97526,0.0051,-0.1328,703.2083,2015-09-14T00:00:00Z,SVP
116352,2015-09-23T15:00:00Z,-37.84909,-44.97526,0.0057,-0.1325,703.2083,2015-09-14T00:00:00Z,SVP
116352,2015-09-23T16:00:00Z,-37.85356,-44.97526,0.0065,-0.1319,703.2083,2015-09-14T00:00:00Z,SVP
116352,2015-09-23T17:00:00Z,-37.85816,-44.97538,0.0082,-0.1307,703.2083,2015-09-14T00:00:00Z,SVP
116352,2015-09-23T18:00:00Z,-37.86145,-44.97672,-0.0264,-0.1029,256.66666,2015-09-14T00:00:00Z,SVP
116352,2015-09-23T19:00:00Z,-37.86453,-44.97556,-0.0159,-0.1034,256.66666,2015-09-14T00:00:00Z,SVP
116352,2015-09-23T20:00:00Z,-37.86419,-44.9827,-0.1616,0.0722,102.0,2015-09-14T00:00:00Z,SVP
116352,2015-09-23T21:00:00Z,-37.86315,-44.98968,-0.2824,-0.0165,144.16667,2015-09-14T00:00:00Z,SVP
116352,2015-09-23T22:00:00Z,-37.86393,-45.001,-0.3227,-0.0758,457.04166,2015-09-14T00:00:00Z,SVP
116352,2015-09-23T23:00:00Z,-37.86642,-45.0141,-0.3229,-0.0763,457.04166,2015-09-14T00:00:00Z,SVP
116352,2015-09-24T00:00:00Z,-37.8686,-45.02703,-0.3234,-0.077,457.04166,2015-09-14T00:00:00Z,SVP
116352,2015-09-24T01:00:00Z,-37.87492,-45.04127,-0.3218,-0.1323,98.416664,2015-09-14T00:00:00Z,SVP
116352,2015-09-24T02:00:00Z,-37.87975,-45.05118,-0.2263,-0.2923,193.33334,2015-09-14T00:00:00Z,SVP
116352,2015-09-24T03:00:00Z,-37.89007,-45.06381,-0.2483,-0.29,193.33334,2015-09-14T00:00:00Z,SVP
116352,2015-09-24T04:00:00Z,-37.89908,-45.07022,-0.1768,-0.2908,249.58333,2015-09-14T00:00:00Z,SVP
116352,2015-09-24T05:00:00Z,-37.90935,-45.07639,-0.1473,-0.29,333.9167,2015-09-14T00:00:00Z,SVP
116352,2015-09-24T06:00:00Z,-37.91818,-45.08395,-0.145,-0.2913,333.9167,2015-09-14T00:00:00Z,SVP
116352,2015-09-24T07:00:00Z,-37.92689,-45.09114,-0.1407,-0.2946,333.9167,2015-09-14T00:00:00Z,SVP
116352,2015-09-24T08:00:00Z,-37.93777,-45.09539,-0.1071,-0.3398,249.58333,2015-09-14T00:00:00Z,SVP
116352,2015-09-24T09:00:00Z,-37.94855,-45.09898,-0.0865,-0.3412,210.91667,2015-09-14T00:00:00Z,SVP
116352,2015-09-24T10:00:00Z,-37.95985,-45.1038,-0.0975,-0.3427,210.91667,2015-09-14T00:00:00Z,SVP
116352,2015-09-24T11:00:00Z,-37.9611,-45.10667,-0.1035,-0.011,126.58333,2015-09-14T00:00:00Z,SVP
116352,2015-09-24T12:00:00Z,-37.96266,-45.11064,-0.12,-0.1391,123.0,2015-09-14T00:00:00Z,SVP
116352,2015-09-24T13:00:00Z,-37.9677,-45.11527,-0.1235,-0.1291,144.16667,2015-09-14T00:00:00Z,SVP
116352,2015-09-24T14:00:00Z,-37.97187,-45.12054,-0.1503,-0.112,580.0417,2015-09-14T00:00:00Z,SVP
116352,2015-09-24T15:00:00Z,-37.97489,-45.12709,-0.1498,-0.1143,580.0417,2015-09-14T00:00:00Z,SVP
116352,2015-09-24T16:00:00Z,-37.97831,-45.13337,-0.1497,-0.1155,580.0417,2015-09-14T00:00:00Z,SVP
116352,2015-09-24T17:00:00Z,-37.98185,-45.13956,-0.1496,-0.1167,580.0417,2015-09-14T00:00:00Z,SVP
116352,2015-09-24T18:00:00Z,-37.98572,-45.14649,-0.1696,-0.1002,260.0833,2015-09-14T00:00:00Z,SVP
116352,2015-09-24T19:00:00Z,-37.98989,-45.15244,-0.1561,-0.1405,77.41667,2015-09-14T00:00:00Z,SVP
116352,2015-09-24T20:00:00Z,-37.99789,-45.15756,-0.3737,-0.3297,189.91667,2015-09-14T00:00:00Z,SVP
116352,2015-09-24T21:00:00Z,-38.00918,-45.17254,-0.4115,-0.3174,189.91667,2015-09-14T00:00:00Z,SVP
116352,2015-09-24T22:00:00Z,-38.01683,-45.18091,-0.1067,-0.311,390.1667,2015-09-14T00:00:00Z,SVP
116352,2015-09-24T23:00:00Z,-38.02738,-45.18471,-0.1111,-0.3063,390.1667,2015-09-14T00:00:00Z,SVP
116352,2015-09-25T00:00:00Z,-38.03719,-45.18937,-0.1084,-0.3102,390.1667,2015-09-14T00:00:00Z,SVP
116352,2015-09-25T01:00:00Z,-38.04678,-45.19272,-0.1056,-0.2478,144.16667,2015-09-14T00:00:00Z,SVP
116352,2015-09-25T02:00:00Z,-38.05408,-45.19772,-0.1768,-0.1526,471.16666,2015-09-14T00:00:00Z,SVP
116352,2015-09-25T03:00:00Z,-38.05912,-45.20525,-0.1774,-0.153,471.16666,2015-09-14T00:00:00Z,SVP
116352,2015-09-25T04:00:00Z,-38.06508,-45.21292,-0.178,-0.1604,471.16666,2015-09-14T00:00:00Z,SVP
116352,2015-09-25T05:00:00Z,-38.07365,-45.22072,-0.1786,-0.1908,239.08334,2015-09-14T00:00:00Z,SVP
116352,2015-09-25T06:00:00Z,-38.073,-45.22693,-0.1757,-0.1376,239.08334,2015-09-14T00:00:00Z,SVP
116352,2015-09-25T07:00:00Z,-38.08527,-45.23185,-0.0661,-0.3487,246.16667,2015-09-14T00:00:00Z,SVP
116352,2015-09-25T08:00:00Z,-38.09539,-45.23367,-0.0674,-0.3787,246.16667,2015-09-14T00:00:00Z,SVP
116352,2015-09-25T09:00:00Z,-38.10654,-45.23753,-0.0961,-0.2612,193.33334,2015-09-14T00:00:00Z,SVP
116352,2015-09-25T10:00:00Z,-38.11564,-45.24169,-0.0742,-0.268,246.16667,2015-09-14T00:00:00Z,SVP
116352,2015-09-25T11:00:00Z,-38.12349,-45.24426,-0.0747,-0.2694,246.16667,2015-09-14T00:00:00Z,SVP
116352,2015-09-25T12:00:00Z,-38.13236,-45.24726,-0.0274,-0.2481,242.54167,2015-09-14T00:00:00Z,SVP
116352,2015-09-25T13:00:00Z,-38.14144,-45.24873,-0.015,-0.2264,611.7083,2015-09-14T00:00:00Z,SVP
116352,2015-09-25T14:00:00Z,-38.14818,-45.24897,-0.0124,-0.226,611.7083,2015-09-14T00:00:00Z,SVP
116352,2015-09-25T15:00:00Z,-38.15527,-45.24942,-0.0118,-0.2259,611.7083,2015-09-14T00:00:00Z,SVP
116352,2015-09-25T16:00:00Z,-38.16253,-45.25016,-0.0127,-0.2258,611.7083,2015-09-14T00:00:00Z,SVP
116352,2015-09-25T17:00:00Z,-38.17001,-45.25142,-0.015,-0.2254,611.7083,2015-09-14T00:00:00Z,SVP
116352,2015-09-25T18:00:00Z,-38.1771,-45.23737,0.0737,-0.2178,256.66666,2015-09-14T00:00:00Z,SVP
116352,2015-09-25T19:00:00Z,-38.18365,-45.23207,0.2358,-0.1959,84.458336,2015-09-14T00:00:00Z,SVP
116352,2015-09-25T20:00:00Z,-38.18947,-45.23508,-0.0303,-0.1658,207.45834,2015-09-14T00:00:00Z,SVP
116352,2015-09-25T21:00:00Z,-38.19459,-45.23369,0.2542,-0.1442,249.58333,2015-09-14T00:00:00Z,SVP
116352,2015-09-25T22:00:00Z,-38.19996,-45.22121,0.2513,-0.1447,249.58333,2015-09-14T00:00:00Z,SVP
116352,2015-09-25T23:00:00Z,-38.20605,-45.21396,0.1987,-0.188,189.91667,2015-09-14T00:00:00Z,SVP
116352,2015-09-26T00:00:00Z,-38.21311,-45.20705,0.1362,-0.2406,112.5,2015-09-14T00:00:00Z,SVP
116352,2015-09-26T01:00:00Z,-38.22191,-45.20314,0.024,-0.3427,130.04166,2015-09-14T00:00:00Z,SVP
116352,2015-09-26T02:00:00Z,-38.24244,-45.20683,-0.0682,-0.5026,123.0,2015-09-14T00:00:00Z,SVP
116352,2015-09-26T03:00:00Z,-38.24001,-45.19258,0.1698,-0.2675,379.66666,2015-09-14T00:00:00Z,SVP
116352,2015-09-26T04:00:00Z,-38.24798,-45.18518,0.1666,-0.2728,379.66666,2015-09-14T00:00:00Z,SVP
116352,2015-09-26T05:00:00Z,-38.25679,-45.17906,0.1454,-0.2598,242.54167,2015-09-14T00:00:00Z,SVP
116352,2015-09-26T06:00:00Z,-38.26632,-45.17334,0.1415,-0.2533,242.54167,2015-09-14T00:00:00Z,SVP
116352,2015-09-26T07:00:00Z,-38.27469,-45.16797,0.2126,-0.3016,182.83333,2015-09-14T00:00:00Z,SVP
116352,2015-09-26T08:00:00Z,-38.2841,-45.15967,0.2888,-0.3406,59.708332,2015-09-14T00:00:00Z,SVP
116352,2015-09-26T09:00:00Z,-38.29567,-45.147,0.2346,-0.3755,116.083336,2015-09-14T00:00:00Z,SVP
116352,2015-09-26T10:00:00Z,-38.30708,-45.14033,0.1642,-0.3352,246.16667,2015-09-14T00:00:00Z,SVP
116352,2015-09-26T11:00:00Z,-38.31805,-45.13431,0.1763,-0.283,133.66667,2015-09-14T00:00:00Z,SVP
116352,2015-09-26T12:00:00Z,-38.32531,-45.12525,0.1279,-0.4005,144.16667,2015-09-14T00:00:00Z,SVP
116352,2015-09-26T13:00:00Z,-38.33767,-45.11976,0.1408,-0.4313,629.25006,2015-09-14T00:00:00Z,SVP
116352,2015-09-26T14:00:00Z,-38.35169,-45.11399,0.1409,-0.4313,629.25006,2015-09-14T00:00:00Z,SVP
116352,2015-09-26T15:00:00Z,-38.36559,-45.10845,0.1407,-0.4315,629.25006,2015-09-14T00:00:00Z,SVP
116352,2015-09-26T16:00:00Z,-38.3794,-45.10324,0.1401,-0.4319,629.25006,2015-09-14T00:00:00Z,SVP
116352,2015-09-26T17:00:00Z,-38.39331,-45.09797,0.1637,-0.4503,256.66666,2015-09-14T00:00:00Z,SVP
116352,2015-09-26T18:00:00Z,-38.40853,-45.08903,0.1638,-0.4536,256.66666,2015-09-14T00:00:00Z,SVP
116352,2015-09-26T19:00:00Z,-38.42408,-45.08098,0.2024,-0.4918,253.20834,2015-09-14T00:00:00Z,SVP
116352,2015-09-26T20:00:00Z,-38.44074,-45.07361,0.1967,-0.4966,253.20834,2015-09-14T00:00:00Z,SVP
116352,2015-09-26T21:00:00Z,-38.45649,-45.06552,0.1962,-0.5454,182.83333,2015-09-14T00:00:00Z,SVP
116352,2015-09-26T22:00:00Z,-38.47382,-45.05829,0.3935,-0.5662,305.83334,2015-09-14T00:00:00Z,SVP
116352,2015-09-26T23:00:00Z,-38.49225,-45.04095,0.3944,-0.5667,305.83334,2015-09-14T00:00:00Z,SVP
116352,2015-09-27T00:00:00Z,-38.51142,-45.02427,0.4012,-0.6015,144.16667,2015-09-14T00:00:00Z,SVP
116352,2015-09-27T01:00:00Z,-38.53169,-45.01315,0.2046,-0.7325,119.54167,2015-09-14T00:00:00Z,SVP
116352,2015-09-27T02:00:00Z,-38.55703,-45.01661,0.3387,-0.7734,400.79166,2015-09-14T00:00:00Z,SVP
116352,2015-09-27T03:00:00Z,-38.58034,-45.0026,0.3399,-0.7587,400.79166,2015-09-14T00:00:00Z,SVP
116352,2015-09-27T04:00:00Z,-38.60368,-44.98899,0.343,-0.7592,400.79166,2015-09-14T00:00:00Z,SVP
116352,2015-09-27T05:00:00Z,-38.63051,-44.97337,0.3754,-0.8685,242.54167,2015-09-14T00:00:00Z,SVP
116352,2015-09-27T06:00:00Z,-38.66008,-44.9481,0.4235,-0.8125,242.54167,2015-09-14T00:00:00Z,SVP
116352,2015-09-27T07:00:00Z,-38.68648,-44.93763,0.6752,-0.8376,151.20834,2015-09-14T00:00:00Z,SVP
116352,2015-09-27T08:00:00Z,-38.71461,-44.90751,0.8212,-0.9162,91.33333,2015-09-14T00:00:00Z,SVP
116352,2015-09-27T09:00:00Z,-38.74366,-44.88454,0.3318,-0.8992,87.91667,2015-09-14T00:00:00Z,SVP
116352,2015-09-27T10:00:00Z,-38.77323,-44.86548,0.4846,-0.8982,158.25,2015-09-14T00:00:00Z,SVP
116352,2015-09-27T11:00:00Z,-38.80106,-44.84427,0.5185,-0.8846,161.70833,2015-09-14T00:00:00Z,SVP
116352,2015-09-27T12:00:00Z,-38.82921,-44.8235,0.468,-0.7877,137.08333,2015-09-14T00:00:00Z,SVP
116352,2015-09-27T13:00:00Z,-38.85223,-44.80989,0.3707,-0.7538,115.958336,2015-09-14T00:00:00Z,SVP
116352,2015-09-27T14:00:00Z,-38.89037,-44.79073,0.4085,-1.0061,552.0,2015-09-14T00:00:00Z,SVP
116352,2015-09-27T15:00:00Z,-38.92305,-44.77382,0.4092,-1.007,552.0,2015-09-14T00:00:00Z,SVP
116352,2015-09-27T16:00:00Z,-38.95355,-44.75824,0.411,-1.0468,552.0,2015-09-14T00:00:00Z,SVP
116352,2015-09-27T17:00:00Z,-38.9867,-44.74214,0.5372,-1.0743,242.54167,2015-09-14T00:00:00Z,SVP
116352,2015-09-27T18:00:00Z,-39.02256,-44.71983,0.5403,-1.0719,242.54167,2015-09-14T00:00:00Z,SVP
116352,2015-09-27T19:00:00Z,-39.05601,-44.69581,0.5859,-1.0243,232.04169,2015-09-14T00:00:00Z,SVP
116352,2015-09-27T20:00:00Z,-39.08781,-44.67069,0.6264,-0.934,102.0,2015-09-14T00:00:00Z,SVP
116352,2015-09-27T21:00:00Z,-39.11732,-44.64387,0.6224,-0.8967,137.08333,2015-09-14T00:00:00Z,SVP
116352,2015-09-27T22:00:00Z,-39.14665,-44.61777,0.6224,-0.8952,105.458336,2015-09-14T00:00:00Z,SVP
116352,2015-09-27T23:00:00Z,-39.17165,-44.58468,0.7593,-0.8012,221.41666,2015-09-14T00:00:00Z,SVP
116352,2015-09-28T00:00:00Z,-39.19801,-44.54509,0.3197,-0.798,137.08333,2015-09-14T00:00:00Z,SVP
116352,2015-09-28T01:00:00Z,-39.22395,-44.53302,0.2316,-0.8097,115.958336,2015-09-14T00:00:00Z,SVP
116352,2015-09-28T02:00:00Z,-39.24605,-44.51895,0.3063,-0.65,126.58333,2015-09-14T00:00:00Z,SVP
116352,2015-09-28T03:00:00Z,-39.2678,-44.50763,0.3053,-0.6451,298.7917,2015-09-14T00:00:00Z,SVP
116352,2015-09-28T04:00:00Z,-39.28787,-44.49426,0.2873,-0.6462,298.7917,2015-09-14T00:00:00Z,SVP
116352,2015-09-28T05:00:00Z,-39.31143,-44.48513,0.1938,-0.7297,242.54167,2015-09-14T00:00:00Z,SVP
116352,2015-09-28T06:00:00Z,-39.33539,-44.47814,-0.2252,-0.7313,73.791664,2015-09-14T00:00:00Z,SVP
116352,2015-09-28T07:00:00Z,-39.35906,-44.48775,-0.2218,-0.7452,126.58333,2015-09-14T00:00:00Z,SVP
116352,2015-09-28T08:00:00Z,-39.38361,-44.4819,-0.2563,-0.6556,126.58333,2015-09-14T00:00:00Z,SVP
116352,2015-09-28T09:00:00Z,-39.4042,-44.49241,-0.2341,-0.5694,144.16667,2015-09-14T00:00:00Z,SVP
116352,2015-09-28T10:00:00Z,-39.42301,-44.502,-0.1707,-0.605,179.25,2015-09-14T00:00:00Z,SVP
116352,2015-09-28T11:00:00Z,-39.44155,-44.50776,-0.1357,-0.6996,256.66666,2015-09-14T00:00:00Z,SVP
116352,2015-09-28T12:00:00Z,-39.46505,-44.5154,-0.1526,-0.7135,256.66666,2015-09-14T00:00:00Z,SVP
116352,2015-09-28T13:00:00Z,-39.48865,-44.51827,0.1762,-0.7674,576.5834,2015-09-14T00:00:00Z,SVP
116352,2015-09-28T14:00:00Z,-39.51447,-44.51061,0.1779,-0.7737,576.5834,2015-09-14T00:00:00Z,SVP
116352,2015-09-28T15:00:00Z,-39.54104,-44.50337,0.1778,-0.7837,576.5834,2015-09-14T00:00:00Z,SVP
116352,2015-09-28T16:00:00Z,-39.56796,-44.49665,0.1771,-0.7902,576.5834,2015-09-14T00:00:00Z,SVP
116352,2015-09-28T17:00:00Z,-39.5919,-44.48654,0.3705,-0.5857,246.16667,2015-09-14T00:00:00Z,SVP
116352,2015-09-28T18:00:00Z,-39.61118,-44.47115,0.3751,-0.5795,246.16667,2015-09-14T00:00:00Z,SVP
116352,2015-09-28T19:00:00Z,-39.62507,-44.455,0.3751,-0.4294,182.83333,2015-09-14T00:00:00Z,SVP
116352,2015-09-28T20:00:00Z,-39.63719,-44.44025,0.3471,-0.3255,137.08333,2015-09-14T00:00:00Z,SVP
116352,2015-09-28T21:00:00Z,-39.64455,-44.4251,0.3759,-0.1899,112.5,2015-09-14T00:00:00Z,SVP
116352,2015-09-28T22:00:00Z,-39.65037,-44.40343,0.46,-0.1622,144.16667,2015-09-14T00:00:00Z,SVP
116352,2015-09-28T23:00:00Z,-39.65553,-44.38587,0.4481,-0.1692,330.45834,2015-09-14T00:00:00Z,SVP
116352,2015-09-29T00:00:00Z,-39.66074,-44.36692,0.4454,-0.1701,330.45834,2015-09-14T00:00:00Z,SVP
116352,2015-09-29T01:00:00Z,-39.66732,-44.35703,0.2706,-0.1985,460.5,2015-09-14T00:00:00Z,SVP
116352,2015-09-29T02:00:00Z,-39.67222,-44.34404,0.2675,-0.179,460.5,2015-09-14T00:00:00Z,SVP
116352,2015-09-29T03:00:00Z,-39.67624,-44.33277,0.2679,-0.1622,460.5,2015-09-14T00:00:00Z,SVP
116352,2015-09-29T04:00:00Z,-39.68001,-44.32199,0.2701,-0.1546,460.5,2015-09-14T00:00:00Z,SVP
116352,2015-09-29T05:00:00Z,-39.69148,-44.31037,0.2912,-0.35,239.08334,2015-09-14T00:00:00Z,SVP
116352,2015-09-29T06:00:00Z,-39.70201,-44.30137,0.2246,-0.3204,73.791664,2015-09-14T00:00:00Z,SVP
116352,2015-09-29T07:00:00Z,-39.71049,-44.29395,0.1781,-0.3485,246.16667,2015-09-14T00:00:00Z,SVP
116352,2015-09-29T08:00:00Z,-39.72209,-44.28704,0.1856,-0.3464,246.16667,2015-09-14T00:00:00Z,SVP
116352,2015-09-29T09:00:00Z,-39.73391,-44.28213,0.0517,-0.3849,126.58333,2015-09-14T00:00:00Z,SVP
116352,2015-09-29T10:00:00Z,-39.74619,-44.27951,0.0518,-0.3791,355.0417,2015-09-14T00:00:00Z,SVP
116352,2015-09-29T11:00:00Z,-39.75854,-44.27854,0.0465,-0.3788,355.0417,2015-09-14T00:00:00Z,SVP
116352,2015-09-29T12:00:00Z,-39.77099,-44.27278,0.3693,-0.3865,112.5,2015-09-14T00:00:00Z,SVP
116352,2015-09-29T13:00:00Z,-39.78322,-44.25462,0.4524,-0.3544,130.04166,2015-09-14T00:00:00Z,SVP
116352,2015-09-29T14:00:00Z,-39.79281,-44.23569,0.4709,-0.2774,710.0834,2015-09-14T00:00:00Z,SVP
116352,2015-09-29T15:00:00Z,-39.80143,-44.21575,0.4707,-0.2763,710.0834,2015-09-14T00:00:00Z,SVP
116352,2015-09-29T16:00:00Z,-39.81063,-44.1959,0.4707,-0.2759,710.0834,2015-09-14T00:00:00Z,SVP
116352,2015-09-29T17:00:00Z,-39.82024,-44.17609,0.4707,-0.2751,710.0834,2015-09-14T00:00:00Z,SVP
116352,2015-09-29T18:00:00Z,-39.83038,-44.15654,0.4704,-0.1427,319.9583,2015-09-14T00:00:00Z,SVP
116352,2015-09-29T19:00:00Z,-39.83455,-44.13679,0.4703,-0.1454,319.9583,2015-09-14T00:00:00Z,SVP
116352,2015-09-29T20:00:00Z,-39.83929,-44.11677,0.4694,-0.142,319.9583,2015-09-14T00:00:00Z,SVP
116352,2015-09-29T21:00:00Z,-39.84164,-44.09879,0.4146,-0.0718,172.20833,2015-09-14T00:00:00Z,SVP
116352,2015-09-29T22:00:00Z,-39.84407,-44.0819,0.3463,-0.1208,84.458336,2015-09-14T00:00:00Z,SVP
116352,2015-09-29T23:00:00Z,-39.84805,-44.06806,0.3046,-0.111,242.54167,2015-09-14T00:00:00Z,SVP
116352,2015-09-30T00:00:00Z,-39.85162,-44.05656,0.3072,-0.0799,0.0,2015-09-14T00:00:00Z,SVP
116352,2015-09-30T01:00:00Z,-39.8557,-44.04335,0.2249,-0.1541,133.66667,2015-09-14T00:00:00Z,SVP
116352,2015-09-30T02:00:00Z,-39.86202,-44.03734,0.1169,-0.2314,116.083336,2015-09-14T00:00:00Z,SVP
116352,2015-09-30T03:00:00Z,-39.86982,-44.03295,0.2121,-0.2555,225.0,2015-09-14T00:00:00Z,SVP
116352,2015-09-30T04:00:00Z,-39.87828,-44.02476,0.2618,-0.2311,242.54167,2015-09-14T00:00:00Z,SVP
116352,2015-09-30T05:00:00Z,-39.88566,-44.01409,0.261,-0.2293,242.54167,2015-09-14T00:00:00Z,SVP
116352,2015-09-30T06:00:00Z,-39.89295,-44.00181,0.2836,-0.2142,355.0417,2015-09-14T00:00:00Z,SVP
116352,2015-09-30T07:00:00Z,-39.89965,-43.98967,0.2865,-0.2137,355.0417,2015-09-14T00:00:00Z,SVP
116352,2015-09-30T08:00:00Z,-39.90525,-43.97631,0.3398,-0.1812,137.08333,2015-09-14T00:00:00Z,SVP
116352,2015-09-30T09:00:00Z,-39.91013,-43.95758,0.4047,-0.1021,84.458336,2015-09-14T00:00:00Z,SVP
116352,2015-09-30T10:00:00Z,-39.91167,-43.93832,0.586,-0.0321,161.70833,2015-09-14T00:00:00Z,SVP
116352,2015-09-30T11:00:00Z,-39.91028,-43.91242,0.6461,-0.0154,133.66667,2015-09-14T00:00:00Z,SVP
116352,2015-09-30T12:00:00Z,-39.90821,-43.88187,0.7601,0.1055,147.58333,2015-09-14T00:00:00Z,SVP
116352,2015-09-30T13:00:00Z,-39.90434,-43.85074,0.493,0.372,724.2083,2015-09-14T00:00:00Z,SVP
116352,2015-09-30T14:00:00Z,-39.89121,-43.83086,0.488,0.3721,724.2083,2015-09-14T00:00:00Z,SVP
116352,2015-09-30T15:00:00Z,-39.8783,-43.81062,0.4864,0.372,724.2083,2015-09-14T00:00:00Z,SVP
116352,2015-09-30T16:00:00Z,-39.86457,-43.79012,0.4861,0.3722,724.2083,2015-09-14T00:00:00Z,SVP
116352,2015-09-30T17:00:00Z,-39.8466,-43.7693,0.487,0.3982,724.2083,2015-09-14T00:00:00Z,SVP
116352,2015-09-30T18:00:00Z,-39.83317,-43.75158,0.1569,0.2292,353.25,2015-09-14T00:00:00Z,SVP
116352,2015-09-30T19:00:00Z,-39.82653,-43.7467,0.1697,0.2368,353.25,2015-09-14T00:00:00Z,SVP
116352,2015-09-30T20:00:00Z,-39.81944,-43.74154,0.2023,0.2465,353.25,2015-09-14T00:00:00Z,SVP
116352,2015-09-30T21:00:00Z,-39.81089,-43.73235,0.2198,0.2667,272.41666,2015-09-14T00:00:00Z,SVP
116352,2015-09-30T22:00:00Z,-39.80269,-43.72343,0.2316,0.3248,358.6667,2015-09-14T00:00:00Z,SVP
116352,2015-09-30T23:00:00Z,-39.7915,-43.71342,0.2322,0.3261,358.6667,2015-09-14T00:00:00Z,SVP
116352,2015-10-01T00:00:00Z,-39.78079,-43.7033,0.2328,0.3269,358.6667,2015-09-14T00:00:00Z,SVP
116352,2015-10-01T01:00:00Z,-39.77012,-43.69502,0.2114,0.3348,130.04166,2015-09-14T00:00:00Z,SVP
116352,2015-10-01T02:00:00Z,-39.76323,-43.69867,0.273,0.1981,253.20834,2015-09-14T00:00:00Z,SVP
116352,2015-10-01T03:00:00Z,-39.75722,-43.68208,0.1992,0.2017,253.20834,2015-09-14T00:00:00Z,SVP
116352,2015-10-01T04:00:00Z,-39.75111,-43.67427,0.1892,0.2335,242.54167,2015-09-14T00:00:00Z,SVP
116352,2015-10-01T05:00:00Z,-39.74193,-43.66533,0.1865,0.2314,242.54167,2015-09-14T00:00:00Z,SVP
116352,2015-10-01T06:00:00Z,-39.73574,-43.65908,0.1533,0.1942,330.45834,2015-09-14T00:00:00Z,SVP
116352,2015-10-01T07:00:00Z,-39.73,-43.65395,0.1482,0.1926,330.45834,2015-09-14T00:00:00Z,SVP
116352,2015-10-01T08:00:00Z,-39.72587,-43.63585,0.2442,0.1383,108.91667,2015-09-14T00:00:00Z,SVP
116352,2015-10-01T09:00:00Z,-39.71857,-43.6289,0.3243,0.1814,133.66667,2015-09-14T00:00:00Z,SVP
116352,2015-10-01T10:00:00Z,-39.711,-43.62053,0.2344,0.313,161.70833,2015-09-14T00:00:00Z,SVP
116352,2015-10-01T11:00:00Z,-39.70049,-43.61066,0.3127,0.3001,109.041664,2015-09-14T00:00:00Z,SVP
116352,2015-10-01T12:00:00Z,-39.69093,-43.597,0.2943,0.3059,140.70834,2015-09-14T00:00:00Z,SVP
116352,2015-10-01T13:00:00Z,-39.68128,-43.5862,0.2074,0.3245,748.7916,2015-09-14T00:00:00Z,SVP
116352,2015-10-01T14:00:00Z,-39.67066,-43.57718,0.2102,0.3249,748.7916,2015-09-14T00:00:00Z,SVP
116352,2015-10-01T15:00:00Z,-39.66007,-43.56829,0.2107,0.3251,748.7916,2015-09-14T00:00:00Z,SVP
116352,2015-10-01T16:00:00Z,-39.64948,-43.58474,0.0425,0.3253,748.7916,2015-09-14T00:00:00Z,SVP
116352,2015-10-01T17:00:00Z,-39.63883,-43.58339,0.0408,0.3256,748.7916,2015-09-14T00:00:00Z,SVP
116352,2015-10-01T18:00:00Z,-39.62706,-43.54599,0.1995,0.3406,256.66666,2015-09-14T00:00:00Z,SVP
116352,2015-10-01T19:00:00Z,-39.61599,-43.53595,0.2004,0.3415,256.66666,2015-09-14T00:00:00Z,SVP
116352,2015-10-01T20:00:00Z,-39.59213,-43.52993,0.0903,0.3362,219.75,2015-09-14T00:00:00Z,SVP
116352,2015-10-01T21:00:00Z,-39.58055,-43.52697,0.09,0.333,219.75,2015-09-14T00:00:00Z,SVP
116352,2015-10-01T22:00:00Z,-39.5707,-43.52294,0.1013,0.3007,399.00003,2015-09-14T00:00:00Z,SVP
116352,2015-10-01T23:00:00Z,-39.56141,-43.51733,0.1098,0.2995,399.00003,2015-09-14T00:00:00Z,SVP
116352,2015-10-02T00:00:00Z,-39.5521,-43.51208,0.0507,0.2707,140.70834,2015-09-14T00:00:00Z,SVP
116352,2015-10-02T01:00:00Z,-39.54296,-43.51322,0.099,0.2798,112.5,2015-09-14T00:00:00Z,SVP
116352,2015-10-02T02:00:00Z,-39.53454,-43.50814,0.1805,0.2783,274.2083,2015-09-14T00:00:00Z,SVP
116352,2015-10-02T03:00:00Z,-39.52492,-43.50195,0.1833,0.2753,274.2083,2015-09-14T00:00:00Z,SVP
116352,2015-10-02T04:00:00Z,-39.51654,-43.49509,0.1613,0.2349,242.54167,2015-09-14T00:00:00Z,SVP
116352,2015-10-02T05:00:00Z,-39.5087,-43.48453,0.1759,0.2297,242.54167,2015-09-14T00:00:00Z,SVP
116352,2015-10-02T06:00:00Z,-39.50239,-43.48043,0.136,0.1914,316.3333,2015-09-14T00:00:00Z,SVP
116352,2015-10-02T07:00:00Z,-39.4961,-43.47703,0.1526,0.1906,316.3333,2015-09-14T00:00:00Z,SVP
116352,2015-10-02T08:00:00Z,-39.49041,-43.46875,0.1727,0.1763,249.58333,2015-09-14T00:00:00Z,SVP
116352,2015-10-02T09:00:00Z,-39.48455,-43.46122,0.1851,0.186,73.791664,2015-09-14T00:00:00Z,SVP
116352,2015-10-02T10:00:00Z,-39.47832,-43.45461,0.1464,0.1984,186.29166,2015-09-14T00:00:00Z,SVP
116352,2015-10-02T11:00:00Z,-39.47142,-43.44657,0.207,0.2349,87.91667,2015-09-14T00:00:00Z,SVP
116352,2015-10-02T12:00:00Z,-39.46212,-43.43877,0.181,0.3283,161.70833,2015-09-14T00:00:00Z,SVP
116352,2015-10-02T13:00:00Z,-39.44457,-43.44471,0.1702,0.2554,664.49994,2015-09-14T00:00:00Z,SVP
116352,2015-10-02T14:00:00Z,-39.43834,-43.43615,0.1682,0.2641,664.49994,2015-09-14T00:00:00Z,SVP
116352,2015-10-02T15:00:00Z,-39.43217,-43.42862,0.1667,0.2848,664.49994,2015-09-14T00:00:00Z,SVP
116352,2015-10-02T16:00:00Z,-39.42329,-43.42173,0.168,0.2869,664.49994,2015-09-14T00:00:00Z,SVP
116352,2015-10-02T17:00:00Z,-39.4142,-43.41513,0.171,0.288,664.49994,2015-09-14T00:00:00Z,SVP
116352,2015-10-02T18:00:00Z,-39.40345,-43.40805,0.1806,0.3,235.50002,2015-09-14T00:00:00Z,SVP
116352,2015-10-02T19:00:00Z,-39.39282,-43.39061,-0.1544,0.4076,94.958336,2015-09-14T00:00:00Z,SVP
116352,2015-10-02T20:00:00Z,-39.37879,-43.39608,0.045,0.432,151.20834,2015-09-14T00:00:00Z,SVP
116352,2015-10-02T21:00:00Z,-39.36636,-43.39273,0.0958,0.2899,77.41667,2015-09-14T00:00:00Z,SVP
116352,2015-10-02T22:00:00Z,-39.35887,-43.40186,-0.2705,0.2079,372.5833,2015-09-14T00:00:00Z,SVP
116352,2015-10-02T23:00:00Z,-39.35227,-43.41265,-0.2728,0.2084,372.5833,2015-09-14T00:00:00Z,SVP
116352,2015-10-03T00:00:00Z,-39.34609,-43.42393,-0.2899,0.1927,130.04166,2015-09-14T00:00:00Z,SVP
116352,2015-10-03T01:00:00Z,-39.34107,-43.43405,-0.0834,0.1262,109.041664,2015-09-14T00:00:00Z,SVP
116352,2015-10-03T02:00:00Z,-39.3364,-43.43656,-0.0785,0.1393,144.16667,2015-09-14T00:00:00Z,SVP
116352,2015-10-03T03:00:00Z,-39.32753,-43.44161,-0.1287,0.2837,407.83334,2015-09-14T00:00:00Z,SVP
116352,2015-10-03T04:00:00Z,-39.32636,-43.44709,-0.1305,0.1672,407.83334,2015-09-14T00:00:00Z,SVP
116352,2015-10-03T05:00:00Z,-39.32053,-43.45295,-0.3292,0.4895,327.0,2015-09-14T00:00:00Z,SVP
116352,2015-10-03T06:00:00Z,-39.30412,-43.46771,-0.3209,0.4839,327.0,2015-09-14T00:00:00Z,SVP
116352,2015-10-03T07:00:00Z,-39.28804,-43.48177,-0.3078,0.4762,327.0,2015-09-14T00:00:00Z,SVP
116352,2015-10-03T08:00:00Z,-39.27295,-43.4946,-0.3245,0.4792,200.41666,2015-09-14T00:00:00Z,SVP
116352,2015-10-03T09:00:00Z,-39.25677,-43.50707,-0.296,0.4937,312.91666,2015-09-14T00:00:00Z,SVP
116352,2015-10-03T10:00:00Z,-39.24065,-43.51965,-0.2977,0.4961,312.91666,2015-09-14T00:00:00Z,SVP
116352,2015-10-03T11:00:00Z,-39.21368,-43.51147,-0.2896,0.6365,256.66666,2015-09-14T00:00:00Z,SVP
116352,2015-10-03T12:00:00Z,-39.19211,-43.54362,-0.2074,0.6285,256.66666,2015-09-14T00:00:00Z,SVP
116358,2015-09-05T22:00:00Z,-33.67352,-42.50173,1.0373,1.4794,1128.4584,2015-07-26T00:00:00Z,SVP
116358,2015-09-06T03:00:00Z,-33.3296,-42.02492,-0.6963,-0.2034,1128.4584,2015-07-26T00:00:00Z,SVP
116358,2015-09-06T04:00:00Z,-33.33622,-42.05262,-0.684,-0.2034,1128.4584,2015-07-26T00:00:00Z,SVP
116358,2015-09-06T05:00:00Z,-33.33954,-42.07933,-0.6688,1.4873,327.0,2015-07-26T00:00:00Z,SVP
116358,2015-09-06T06:00:00Z,-33.28991,-42.10519,-0.6688,1.4977,327.0,2015-07-26T00:00:00Z,SVP
116358,2015-09-06T07:00:00Z,-33.23984,-42.13096,-0.6684,1.5037,327.0,2015-07-26T00:00:00Z,SVP
116358,2015-09-06T08:00:00Z,-33.26541,-42.16432,-0.7932,-1.1344,608.24994,2015-07-26T00:00:00Z,SVP
116358,2015-09-06T09:00:00Z,-33.30216,-42.19778,-0.7927,-1.1345,608.24994,2015-07-26T00:00:00Z,SVP
116358,2015-09-06T10:00:00Z,-33.33887,-42.2302,-0.7924,-1.1346,608.24994,2015-07-26T00:00:00Z,SVP
116358,2015-09-06T11:00:00Z,-33.37557,-42.41793,-1.4504,-1.1346,608.24994,2015-07-26T00:00:00Z,SVP
116358,2015-09-07T01:00:00Z,-33.56688,-42.48971,-0.1116,-0.4117,998.4167,2015-07-26T00:00:00Z,SVP
116358,2015-09-07T02:00:00Z,-33.58,-42.49281,-0.1111,-0.4116,998.4167,2015-07-26T00:00:00Z,SVP
116358,2015-09-07T03:00:00Z,-33.55961,-42.49657,-0.1109,-0.3458,998.4167,2015-07-26T00:00:00Z,SVP
116358,2015-09-07T04:00:00Z,-33.60659,-42.50046,-0.1106,-0.4116,998.4167,2015-07-26T00:00:00Z,SVP
116358,2015-09-07T05:00:00Z,-33.61996,-42.56814,0.5357,-0.4116,998.4167,2015-07-26T00:00:00Z,SVP
116358,2015-09-07T06:00:00Z,-33.63343,-42.50777,-0.1101,-0.4116,998.4167,2015-07-26T00:00:00Z,SVP
116358,2015-09-07T07:00:00Z,-33.63909,-42.50986,-0.7809,2.013,87.91667,2015-07-26T00:00:00Z,SVP
116358,2015-09-08T05:00:00Z,-34.25532,-43.1808,-0.7832,0.8174,326.8333,2015-07-26T00:00:00Z,SVP
116358,2015-09-08T06:00:00Z,-34.22874,-43.32019,-0.907,0.8174,326.8333,2015-07-26T00:00:00Z,SVP
116358,2015-09-09T05:00:00Z,-33.90431,-43.41628,-0.0778,0.5356,1248.0,2015-07-26T00:00:00Z,SVP
116358,2015-09-09T06:00:00Z,-33.8869,-43.41249,0.0222,0.5355,1248.0,2015-07-26T00:00:00Z,SVP
116358,2015-09-09T07:00:00Z,-33.8695,-43.42227,-0.0777,0.5354,1248.0,2015-07-26T00:00:00Z,SVP
116358,2015-09-09T08:00:00Z,-33.85212,-43.4253,-0.0777,0.5353,1248.0,2015-07-26T00:00:00Z,SVP
116358,2015-09-09T09:00:00Z,-33.83475,-43.42839,-0.0778,0.5352,1248.0,2015-07-26T00:00:00Z,SVP
116358,2015-09-09T10:00:00Z,-33.81739,-43.43165,-0.0782,0.5352,1248.0,2015-07-26T00:00:00Z,SVP
116358,2015-09-09T11:00:00Z,-33.80004,-43.43543,-0.0792,0.5351,1248.0,2015-07-26T00:00:00Z,SVP
116358,2015-09-09T12:00:00Z,-33.7827,-43.77434,-0.3746,0.5351,1248.0,2015-07-26T00:00:00Z,SVP
116358,2015-09-10T05:00:00Z,-33.21433,-43.33108,0.7135,1.0468,263.7083,2015-07-26T00:00:00Z,SVP
116358,2015-09-10T06:00:00Z,-33.24141,-43.31148,-0.7123,0.9156,309.45834,2015-07-26T00:00:00Z,SVP
116358,2015-09-10T07:00:00Z,-33.14776,-43.33896,-0.7129,1.0278,309.45834,2015-07-26T00:00:00Z,SVP
116358,2015-09-10T08:00:00Z,-33.11587,-43.36617,-0.7137,0.4322,646.9583,2015-07-26T00:00:00Z,SVP
116358,2015-09-10T09:00:00Z,-33.10206,-43.4207,-0.9579,0.432,646.9583,2015-07-26T00:00:00Z,SVP
116358,2015-09-10T10:00:00Z,-33.08814,-43.45961,-0.9617,0.4319,646.9583,2015-07-26T00:00:00Z,SVP
116358,2015-09-10T11:00:00Z,-33.07417,-43.32853,-0.1023,0.4318,646.9583,2015-07-26T00:00:00Z,SVP
116358,2015-09-10T12:00:00Z,-33.0634,-43.53506,-0.9641,0.9146,646.9583,2015-07-26T00:00:00Z,SVP
116358,2015-09-10T13:00:00Z,-33.06071,-43.46827,2.457,-0.1271,653.8334,2015-07-26T00:00:00Z,SVP
116358,2015-09-10T14:00:00Z,-33.16201,-43.37352,2.4542,-0.2314,653.8334,2015-07-26T00:00:00Z,SVP
116358,2015-09-10T15:00:00Z,-33.16966,-43.50303,2.5227,-0.2311,653.8334,2015-07-26T00:00:00Z,SVP
116358,2015-09-10T16:00:00Z,-33.17723,-43.40553,2.5226,-0.2309,653.8334,2015-07-26T00:00:00Z,SVP
116358,2015-09-26T17:00:00Z,-35.70711,-43.85864,0.139,0.4012,506.25,2015-07-26T00:00:00Z,SVP
116358,2015-09-26T18:00:00Z,-35.69409,-43.75496,2.4228,0.4012,506.25,2015-07-26T00:00:00Z,SVP
116358,2015-09-26T19:00:00Z,-35.68106,-43.52793,-0.1029,0.4011,506.25,2015-07-26T00:00:00Z,SVP
116358,2015-09-26T20:00:00Z,-35.66284,-43.56177,2.4238,-0.1551,506.25,2015-07-26T00:00:00Z,SVP
116360,2015-07-02T09:00:00Z,-33.93322,-42.00635,-0.2709,0.0622,421.95834,2015-10-20T00:00:00Z,SVP
116360,2015-07-02T10:00:00Z,-33.93087,-42.01678,-0.2705,0.0619,421.95834,2015-10-20T00:00:00Z,SVP
116360,2015-07-02T11:00:00Z,-33.92869,-42.02684,-0.2693,0.0615,421.95834,2015-10-20T00:00:00Z,SVP
116360,2015-07-02T12:00:00Z,-33.92631,-42.03925,-0.2992,0.0894,123.0,2015-10-20T00:00:00Z,SVP
116360,2015-07-02T13:00:00Z,-33.91806,-42.06457,-0.6174,0.2206,126.58333,2015-10-20T00:00:00Z,SVP
116360,2015-07-02T14:00:00Z,-33.91198,-42.06721,-0.3316,0.2284,485.08334,2015-10-20T00:00:00Z,SVP
116360,2015-07-02T15:00:00Z,-33.90481,-42.08001,-0.3306,0.2285,485.08334,2015-10-20T00:00:00Z,SVP
116360,2015-07-02T16:00:00Z,-33.89755,-42.09417,-0.2329,0.2287,485.08334,2015-10-20T00:00:00Z,SVP
116360,2015-07-02T17:00:00Z,-33.89006,-42.09929,-0.0937,0.2135,256.66666,2015-10-20T00:00:00Z,SVP
116360,2015-07-02T18:00:00Z,-33.88277,-42.10228,-0.0879,0.215,0.0,2015-10-20T00:00:00Z,SVP
116360,2015-07-02T19:00:00Z,-33.87603,-42.10522,-0.0723,0.2157,365.70834,2015-10-20T00:00:00Z,SVP
116360,2015-07-02T20:00:00Z,-33.86918,-42.10854,-0.0735,0.2157,365.70834,2015-10-20T00:00:00Z,SVP
116360,2015-07-02T21:00:00Z,-33.86191,-42.10827,0.0958,0.2305,425.41666,2015-10-20T00:00:00Z,SVP
116360,2015-07-02T22:00:00Z,-33.85451,-42.10478,0.0933,0.2302,425.41666,2015-10-20T00:00:00Z,SVP
116360,2015-07-02T23:00:00Z,-33.84705,-42.10086,0.0943,0.2301,425.41666,2015-10-20T00:00:00Z,SVP
116360,2015-07-03T00:00:00Z,-33.84039,-42.09888,0.0313,0.2007,140.70834,2015-10-20T00:00:00Z,SVP
116360,2015-07-03T01:00:00Z,-33.834,-42.10023,0.1533,0.2155,112.5,2015-10-20T00:00:00Z,SVP
116360,2015-07-03T02:00:00Z,-33.82792,-42.09473,0.1584,0.2189,351.58334,2015-10-20T00:00:00Z,SVP
116360,2015-07-03T03:00:00Z,-33.81875,-42.08819,0.1573,0.2348,351.58334,2015-10-20T00:00:00Z,SVP
116360,2015-07-03T04:00:00Z,-33.81073,-42.08212,0.1123,0.094,242.54167,2015-10-20T00:00:00Z,SVP
116360,2015-07-03T05:00:00Z,-33.80856,-42.07859,0.114,0.1076,242.54167,2015-10-20T00:00:00Z,SVP
116360,2015-07-03T06:00:00Z,-33.80642,-42.07619,0.0239,0.0322,140.70834,2015-10-20T00:00:00Z,SVP
116360,2015-07-03T07:00:00Z,-33.8066,-42.07811,-0.0584,-0.0314,261.91666,2015-10-20T00:00:00Z,SVP
116360,2015-07-03T08:00:00Z,-33.80732,-42.08179,-0.0546,-0.0363,261.91666,2015-10-20T00:00:00Z,SVP
116360,2015-07-03T09:00:00Z,-33.81419,-42.08257,-0.0667,-0.2509,249.58333,2015-10-20T00:00:00Z,SVP
116360,2015-07-03T10:00:00Z,-33.82311,-42.09758,-0.2138,-0.2587,249.58333,2015-10-20T00:00:00Z,SVP
116360,2015-07-03T11:00:00Z,-33.82126,-42.08822,-0.175,0.0302,253.20834,2015-10-20T00:00:00Z,SVP
116360,2015-07-03T12:00:00Z,-33.82242,-42.10657,-0.1187,0.0385,253.20834,2015-10-20T00:00:00Z,SVP
116360,2015-07-03T13:00:00Z,-33.82032,-42.1086,-0.1362,0.0365,755.8334,2015-10-20T00:00:00Z,SVP
116360,2015-07-03T14:00:00Z,-33.81857,-42.11127,-0.1507,0.0362,755.8334,2015-10-20T00:00:00Z,SVP
116360,2015-07-03T15:00:00Z,-33.81734,-42.11633,-0.1559,0.0364,755.8334,2015-10-20T00:00:00Z,SVP
116360,2015-07-03T16:00:00Z,-33.81635,-42.12266,-0.1533,0.0369,755.8334,2015-10-20T00:00:00Z,SVP
116360,2015-07-03T17:00:00Z,-33.8156,-42.12934,-0.1411,0.0381,755.8334,2015-10-20T00:00:00Z,SVP
116360,2015-07-03T18:00:00Z,-33.81417,-42.13525,-0.1262,0.1014,319.9583,2015-10-20T00:00:00Z,SVP
116360,2015-07-03T19:00:00Z,-33.81023,-42.13988,-0.1258,0.0985,319.9583,2015-10-20T00:00:00Z,SVP
116360,2015-07-03T20:00:00Z,-33.80614,-42.14511,-0.1561,0.1344,94.958336,2015-10-20T00:00:00Z,SVP
116360,2015-07-03T21:00:00Z,-33.80089,-42.15278,-0.2009,0.1894,165.16666,2015-10-20T00:00:00Z,SVP
116360,2015-07-03T22:00:00Z,-33.79433,-42.14724,0.0482,0.2261,84.458336,2015-10-20T00:00:00Z,SVP
116360,2015-07-03T23:00:00Z,-33.78601,-42.14879,-0.0785,0.2446,186.29166,2015-10-20T00:00:00Z,SVP
116360,2015-07-04T00:00:00Z,-33.77856,-42.15219,-0.1352,0.2434,126.58333,2015-10-20T00:00:00Z,SVP
116360,2015-07-04T01:00:00Z,-33.7714,-42.15679,0.0236,0.2082,386.70834,2015-10-20T00:00:00Z,SVP
116360,2015-07-04T02:00:00Z,-33.7646,-42.15521,0.0237,0.208,386.70834,2015-10-20T00:00:00Z,SVP
116360,2015-07-04T03:00:00Z,-33.75774,-42.15474,0.0262,0.2077,386.70834,2015-10-20T00:00:00Z,SVP
116360,2015-07-04T04:00:00Z,-33.75146,-42.15405,0.0439,0.188,242.54167,2015-10-20T00:00:00Z,SVP
116360,2015-07-04T05:00:00Z,-33.74531,-42.1511,0.0471,0.1862,242.54167,2015-10-20T00:00:00Z,SVP
116360,2015-07-04T06:00:00Z,-33.74319,-42.15448,-0.0079,0.1283,130.04166,2015-10-20T00:00:00Z,SVP
116360,2015-07-04T07:00:00Z,-33.73201,-42.13885,0.1716,0.2322,253.20834,2015-10-20T00:00:00Z,SVP
116360,2015-07-04T08:00:00Z,-33.72444,-42.13311,0.0175,0.2869,77.41667,2015-10-20T00:00:00Z,SVP
116360,2015-07-04T09:00:00Z,-33.71521,-42.13219,0.0265,0.276,239.08334,2015-10-20T00:00:00Z,SVP
116360,2015-07-04T10:00:00Z,-33.70721,-42.12926,0.2998,0.2274,126.58333,2015-10-20T00:00:00Z,SVP
116360,2015-07-04T11:00:00Z,-33.69965,-42.10768,-0.117,0.1962,123.0,2015-10-20T00:00:00Z,SVP
116360,2015-07-04T12:00:00Z,-33.69367,-42.11127,-0.0485,0.1708,126.58333,2015-10-20T00:00:00Z,SVP
116360,2015-07-04T13:00:00Z,-33.68937,-42.09877,0.2446,0.1482,133.66667,2015-10-20T00:00:00Z,SVP
116360,2015-07-04T14:00:00Z,-33.68454,-42.09243,0.2089,0.119,646.9583,2015-10-20T00:00:00Z,SVP
116360,2015-07-04T15:00:00Z,-33.68036,-42.08575,0.2142,0.1191,646.9583,2015-10-20T00:00:00Z,SVP
116360,2015-07-04T16:00:00Z,-33.67622,-42.07702,0.212,0.1191,646.9583,2015-10-20T00:00:00Z,SVP
116360,2015-07-04T17:00:00Z,-33.67184,-42.06685,0.1927,0.1191,646.9583,2015-10-20T00:00:00Z,SVP
116360,2015-07-04T18:00:00Z,-33.66766,-42.05964,0.1214,0.1248,281.25,2015-10-20T00:00:00Z,SVP
116360,2015-07-04T19:00:00Z,-33.66447,-42.05524,0.1253,0.129,281.25,2015-10-20T00:00:00Z,SVP
116360,2015-07-04T20:00:00Z,-33.65882,-42.05234,-7.0E-4,0.2019,87.91667,2015-10-20T00:00:00Z,SVP
116360,2015-07-04T21:00:00Z,-33.65209,-42.05941,-0.1509,0.2098,154.66667,2015-10-20T00:00:00Z,SVP
116360,2015-07-04T22:00:00Z,-33.64853,-42.02412,-0.2832,0.1418,340.95834,2015-10-20T00:00:00Z,SVP
116360,2015-07-04T23:00:00Z,-33.64342,-42.05889,-0.0249,0.14,340.95834,2015-10-20T00:00:00Z,SVP
116360,2015-07-05T00:00:00Z,-33.63854,-42.05871,-0.0461,0.1381,340.95834,2015-10-20T00:00:00Z,SVP
116360,2015-07-05T01:00:00Z,-33.63347,-42.06039,-0.0451,0.1833,246.16667,2015-10-20T00:00:00Z,SVP
116360,2015-07-05T02:00:00Z,-33.62886,-42.06216,0.0021,0.1622,246.16667,2015-10-20T00:00:00Z,SVP
116360,2015-07-05T03:00:00Z,-33.61928,-42.06182,0.0019,0.2071,246.16667,2015-10-20T00:00:00Z,SVP
116360,2015-07-05T04:00:00Z,-33.61677,-42.06234,-0.0128,0.0699,253.20834,2015-10-20T00:00:00Z,SVP
116360,2015-07-05T05:00:00Z,-33.61602,-42.06187,-0.0822,0.0162,358.6667,2015-10-20T00:00:00Z,SVP
116360,2015-07-05T06:00:00Z,-33.61367,-42.0671,-0.0797,0.0299,358.6667,2015-10-20T00:00:00Z,SVP
116360,2015-07-05T07:00:00Z,-33.61027,-42.07168,-0.077,0.0472,358.6667,2015-10-20T00:00:00Z,SVP
116360,2015-07-05T08:00:00Z,-33.61048,-42.07398,-0.0635,-0.0328,583.6666,2015-10-20T00:00:00Z,SVP
116360,2015-07-05T09:00:00Z,-33.61234,-42.07561,-0.0633,-0.0289,583.6666,2015-10-20T00:00:00Z,SVP
116360,2015-07-05T10:00:00Z,-33.61376,-42.07771,-0.063,-0.025,583.6666,2015-10-20T00:00:00Z,SVP
116360,2015-07-05T11:00:00Z,-33.61466,-42.08034,-0.0621,-0.0246,583.6666,2015-10-20T00:00:00Z,SVP
116360,2015-07-05T12:00:00Z,-33.61562,-42.07754,0.0166,0.0681,1176.0,2015-10-20T00:00:00Z,SVP
116360,2015-07-05T13:00:00Z,-33.61262,-42.0783,0.018,0.0679,1176.0,2015-10-20T00:00:00Z,SVP
116360,2015-07-05T14:00:00Z,-33.61024,-42.07787,0.0182,0.0679,1176.0,2015-10-20T00:00:00Z,SVP
116360,2015-07-05T15:00:00Z,-33.60798,-42.07726,0.0183,0.068,1176.0,2015-10-20T00:00:00Z,SVP
116360,2015-07-05T16:00:00Z,-33.60576,-42.07659,0.0183,0.068,1176.0,2015-10-20T00:00:00Z,SVP
116360,2015-07-05T17:00:00Z,-33.60358,-42.07587,0.0183,0.068,1176.0,2015-10-20T00:00:00Z,SVP
116360,2015-07-05T18:00:00Z,-33.60144,-42.07512,0.0182,0.068,1176.0,2015-10-20T00:00:00Z,SVP
116360,2015-07-05T19:00:00Z,-33.59939,-42.07428,0.018,0.0682,1176.0,2015-10-20T00:00:00Z,SVP
116360,2015-07-05T20:00:00Z,-33.5972,-42.07401,-0.1012,0.0847,110.70833,2015-10-20T00:00:00Z,SVP
116360,2015-07-05T21:00:00Z,-33.59357,-42.07833,-0.1146,0.1545,115.958336,2015-10-20T00:00:00Z,SVP
116360,2015-07-05T22:00:00Z,-33.58852,-42.08187,-0.078,0.1828,351.58334,2015-10-20T00:00:00Z,SVP
116360,2015-07-05T23:00:00Z,-33.58183,-42.08554,-0.0834,0.1841,351.58334,2015-10-20T00:00:00Z,SVP
116360,2015-07-06T00:00:00Z,-33.57693,-42.08035,0.0299,0.1599,105.458336,2015-10-20T00:00:00Z,SVP
116360,2015-07-06T01:00:00Z,-33.5729,-42.07918,0.0661,0.0839,147.58333,2015-10-20T00:00:00Z,SVP
116360,2015-07-06T02:00:00Z,-33.57091,-42.09001,0.1137,0.2573,421.95834,2015-10-20T00:00:00Z,SVP
116360,2015-07-06T03:00:00Z,-33.5597,-42.07678,0.0449,0.2408,421.95834,2015-10-20T00:00:00Z,SVP
116360,2015-07-06T04:00:00Z,-33.55144,-42.07497,0.045,0.2392,421.95834,2015-10-20T00:00:00Z,SVP
116360,2015-07-06T05:00:00Z,-33.54368,-42.07392,0.1042,0.1985,319.9583,2015-10-20T00:00:00Z,SVP
116360,2015-07-06T06:00:00Z,-33.5373,-42.07101,0.1101,0.1962,319.9583,2015-10-20T00:00:00Z,SVP
116360,2015-07-06T07:00:00Z,-33.53004,-42.06783,0.0947,0.1202,249.58333,2015-10-20T00:00:00Z,SVP
116360,2015-07-06T08:00:00Z,-33.52663,-42.06264,0.0959,0.1165,249.58333,2015-10-20T00:00:00Z,SVP
116360,2015-07-06T09:00:00Z,-33.52424,-42.0592,0.0589,0.0249,277.66666,2015-10-20T00:00:00Z,SVP
116360,2015-07-06T10:00:00Z,-33.52392,-42.05767,0.0598,0.0221,277.66666,2015-10-20T00:00:00Z,SVP
116360,2015-07-06T11:00:00Z,-33.5247,-42.05372,0.283,-0.0751,112.5,2015-10-20T00:00:00Z,SVP
116360,2015-07-06T12:00:00Z,-33.52674,-42.04265,0.3017,-0.102,137.08333,2015-10-20T00:00:00Z,SVP
116360,2015-07-06T13:00:00Z,-33.53014,-42.0332,0.1787,-0.0958,685.6667,2015-10-20T00:00:00Z,SVP
116360,2015-07-06T14:00:00Z,-33.53299,-42.02684,0.1786,-0.0954,685.6667,2015-10-20T00:00:00Z,SVP
116360,2015-07-06T15:00:00Z,-33.53604,-42.02026,0.1788,-0.0953,685.6667,2015-10-20T00:00:00Z,SVP
116360,2015-07-06T16:00:00Z,-33.53919,-42.01367,0.1791,-0.0952,685.6667,2015-10-20T00:00:00Z,SVP
116360,2015-07-06T17:00:00Z,-33.54259,-42.00732,0.1801,-0.0952,685.6667,2015-10-20T00:00:00Z,SVP
116360,2015-07-06T18:00:00Z,-33.54489,-42.00011,0.1684,-0.0826,256.66666,2015-10-20T00:00:00Z,SVP
116360,2015-07-07T04:00:00Z,-33.5433,-42.00592,-0.1262,0.0756,453.45834,2015-10-20T00:00:00Z,SVP
116360,2015-07-07T05:00:00Z,-33.54101,-42.00415,0.4187,0.0513,277.79166,2015-10-20T00:00:00Z,SVP
116360,2015-07-12T14:00:00Z,-33.95521,-42.00699,-0.1885,-0.0291,583.6666,2015-10-20T00:00:00Z,SVP
116360,2015-07-12T15:00:00Z,-33.95647,-42.01434,-0.1883,-0.0287,583.6666,2015-10-20T00:00:00Z,SVP
116360,2015-07-12T16:00:00Z,-33.95795,-42.02198,-0.187,-0.0277,583.6666,2015-10-20T00:00:00Z,SVP
116360,2015-07-12T17:00:00Z,-33.95865,-42.02856,-0.1716,-0.0476,246.16667,2015-10-20T00:00:00Z,SVP
116360,2015-07-12T18:00:00Z,-33.95965,-42.03452,-0.1459,-0.0862,362.08334,2015-10-20T00:00:00Z,SVP
116360,2015-07-12T19:00:00Z,-33.96345,-42.04088,-0.151,-0.083,362.08334,2015-10-20T00:00:00Z,SVP
116360,2015-07-12T20:00:00Z,-33.96676,-42.04815,-0.1577,-0.0803,362.08334,2015-10-20T00:00:00Z,SVP
116360,2015-07-12T21:00:00Z,-33.96863,-42.04764,0.0502,-0.0835,246.16667,2015-10-20T00:00:00Z,SVP
116360,2015-07-12T22:00:00Z,-33.97015,-42.04707,0.021,-0.0154,277.79166,2015-10-20T00:00:00Z,SVP
116360,2015-07-12T23:00:00Z,-33.97054,-42.04595,0.0222,-0.0126,277.79166,2015-10-20T00:00:00Z,SVP
116360,2015-07-13T00:00:00Z,-33.96956,-42.04762,-0.0539,0.049,126.58333,2015-10-20T00:00:00Z,SVP
116360,2015-07-13T01:00:00Z,-33.96736,-42.05222,-0.1884,0.0848,112.5,2015-10-20T00:00:00Z,SVP
116360,2015-07-13T02:00:00Z,-33.96435,-42.05951,-0.1677,0.08,351.58334,2015-10-20T00:00:00Z,SVP
116360,2015-07-13T03:00:00Z,-33.96181,-42.0661,-0.1672,0.0805,351.58334,2015-10-20T00:00:00Z,SVP
116360,2015-07-13T04:00:00Z,-33.95906,-42.07271,-0.1631,0.1006,242.54167,2015-10-20T00:00:00Z,SVP
116360,2015-07-13T05:00:00Z,-33.95587,-42.07898,-0.1636,0.1015,242.54167,2015-10-20T00:00:00Z,SVP
116360,2015-07-13T06:00:00Z,-33.95243,-42.08654,-0.2341,0.0676,0.0,2015-10-20T00:00:00Z,SVP
116360,2015-07-13T07:00:00Z,-33.95133,-42.09598,-0.2326,0.0532,207.45834,2015-10-20T00:00:00Z,SVP
116360,2015-07-13T08:00:00Z,-33.95,-42.10362,-0.1829,0.0436,112.5,2015-10-20T00:00:00Z,SVP
116360,2015-07-13T09:00:00Z,-33.94807,-42.1095,-0.1713,0.0755,256.66666,2015-10-20T00:00:00Z,SVP
116360,2015-07-13T10:00:00Z,-33.94597,-42.11837,-0.1869,0.0763,256.66666,2015-10-20T00:00:00Z,SVP
116360,2015-07-13T11:00:00Z,-33.9432,-42.12087,-0.1731,0.0194,133.66667,2015-10-20T00:00:00Z,SVP
116360,2015-07-13T12:00:00Z,-33.94446,-42.1303,-0.3333,-0.0282,112.5,2015-10-20T00:00:00Z,SVP
116360,2015-07-13T13:00:00Z,-33.94363,-42.13973,-0.0122,-0.024,738.2917,2015-10-20T00:00:00Z,SVP
116360,2015-07-13T14:00:00Z,-33.94519,-42.13975,-0.0121,-0.0236,738.2917,2015-10-20T00:00:00Z,SVP
116360,2015-07-13T15:00:00Z,-33.94642,-42.14031,-0.0117,-0.0232,738.2917,2015-10-20T00:00:00Z,SVP
116360,2015-07-13T16:00:00Z,-33.94765,-42.1412,-0.0109,-0.0227,738.2917,2015-10-20T00:00:00Z,SVP
116360,2015-07-13T17:00:00Z,-33.94908,-42.14246,-0.0099,-0.0218,738.2917,2015-10-20T00:00:00Z,SVP
116360,2015-07-13T18:00:00Z,-33.94917,-42.14298,-6.0E-4,-0.0022,330.45834,2015-10-20T00:00:00Z,SVP
116360,2015-07-13T19:00:00Z,-33.94816,-42.14166,0.0031,-0.0128,330.45834,2015-10-20T00:00:00Z,SVP
116360,2015-07-13T20:00:00Z,-33.94805,-42.14289,-0.1394,0.0274,59.833332,2015-10-20T00:00:00Z,SVP
116360,2015-07-13T21:00:00Z,-33.94731,-42.14819,-0.1361,0.0111,186.29166,2015-10-20T00:00:00Z,SVP
116360,2015-07-13T22:00:00Z,-33.9442,-42.15079,-0.0561,0.0936,281.25,2015-10-20T00:00:00Z,SVP
116360,2015-07-13T23:00:00Z,-33.94591,-42.15062,-0.0454,0.0335,281.25,2015-10-20T00:00:00Z,SVP
116360,2015-07-14T00:00:00Z,-33.93458,-42.15648,-0.0898,0.1576,144.16667,2015-10-20T00:00:00Z,SVP
116360,2015-07-14T01:00:00Z,-33.92896,-42.16318,-0.1648,0.2216,355.0417,2015-10-20T00:00:00Z,SVP
116360,2015-07-14T02:00:00Z,-33.92072,-42.16856,-0.1621,0.2206,355.0417,2015-10-20T00:00:00Z,SVP
116360,2015-07-14T03:00:00Z,-33.91277,-42.17354,-0.1601,0.2188,355.0417,2015-10-20T00:00:00Z,SVP
116360,2015-07-14T04:00:00Z,-33.90671,-42.18172,-0.2594,0.1854,246.16667,2015-10-20T00:00:00Z,SVP
116360,2015-07-14T05:00:00Z,-33.90148,-42.19154,-0.2649,0.1308,305.83334,2015-10-20T00:00:00Z,SVP
116360,2015-07-14T06:00:00Z,-33.89729,-42.20255,-0.2722,0.1291,305.83334,2015-10-20T00:00:00Z,SVP
116360,2015-07-14T07:00:00Z,-33.89231,-42.21383,-0.1119,0.0733,147.58333,2015-10-20T00:00:00Z,SVP
116360,2015-07-14T08:00:00Z,-33.89333,-42.20717,-0.4267,0.0478,94.958336,2015-10-20T00:00:00Z,SVP
116360,2015-07-14T09:00:00Z,-33.89063,-42.22385,-0.3402,0.0471,151.20834,2015-10-20T00:00:00Z,SVP
116360,2015-07-14T10:00:00Z,-33.88929,-42.22535,-0.0544,0.0304,147.58333,2015-10-20T00:00:00Z,SVP
116360,2015-07-14T11:00:00Z,-33.88767,-42.22778,0.0104,0.0824,133.66667,2015-10-20T00:00:00Z,SVP
116360,2015-07-14T12:00:00Z,-33.88376,-42.227,0.0186,0.1455,105.458336,2015-10-20T00:00:00Z,SVP
116360,2015-07-14T13:00:00Z,-33.8796,-42.22635,0.0152,0.1033,137.08333,2015-10-20T00:00:00Z,SVP
116360,2015-07-14T14:00:00Z,-33.87646,-42.2226,0.0801,0.0867,632.8333,2015-10-20T00:00:00Z,SVP
116360,2015-07-14T15:00:00Z,-33.87455,-42.21943,0.0806,0.0773,632.8333,2015-10-20T00:00:00Z,SVP
116360,2015-07-14T16:00:00Z,-33.87324,-42.24151,-0.1243,0.0686,632.8333,2015-10-20T00:00:00Z,SVP
116360,2015-07-14T17:00:00Z,-33.87248,-42.24693,-0.1264,0.0612,632.8333,2015-10-20T00:00:00Z,SVP
116360,2015-07-14T18:00:00Z,-33.86617,-42.21383,0.0701,0.2795,284.83334,2015-10-20T00:00:00Z,SVP
116360,2015-07-14T19:00:00Z,-33.85713,-42.20828,0.0733,0.2826,284.83334,2015-10-20T00:00:00Z,SVP
116360,2015-07-14T20:00:00Z,-33.84629,-42.20836,0.1072,0.3707,140.70834,2015-10-20T00:00:00Z,SVP
116360,2015-07-14T21:00:00Z,-33.8349,-42.20484,0.0685,0.2517,105.458336,2015-10-20T00:00:00Z,SVP
116360,2015-07-14T22:00:00Z,-33.82662,-42.20044,0.0148,0.2137,355.0417,2015-10-20T00:00:00Z,SVP
116360,2015-07-14T23:00:00Z,-33.81967,-42.20056,0.0189,0.2138,355.0417,2015-10-20T00:00:00Z,SVP
116360,2015-07-15T00:00:00Z,-33.81239,-42.20017,0.0044,0.2533,105.458336,2015-10-20T00:00:00Z,SVP
116360,2015-07-15T01:00:00Z,-33.80356,-42.19988,-0.0286,0.2906,130.04166,2015-10-20T00:00:00Z,SVP
116360,2015-07-15T02:00:00Z,-33.79539,-42.20122,-0.0615,0.2142,249.58333,2015-10-20T00:00:00Z,SVP
116360,2015-07-15T03:00:00Z,-33.78719,-42.20427,-0.0606,0.2171,249.58333,2015-10-20T00:00:00Z,SVP
116360,2015-07-15T04:00:00Z,-33.78301,-42.20499,-0.0261,0.1476,260.0833,2015-10-20T00:00:00Z,SVP
116360,2015-07-15T05:00:00Z,-33.77839,-42.20652,0.017,0.0707,253.20834,2015-10-20T00:00:00Z,SVP
116360,2015-07-15T06:00:00Z,-33.77584,-42.20557,0.0163,0.0696,253.20834,2015-10-20T00:00:00Z,SVP
116360,2015-07-15T07:00:00Z,-33.77512,-42.20446,0.0414,0.0111,119.54167,2015-10-20T00:00:00Z,SVP
116360,2015-07-15T08:00:00Z,-33.77399,-42.20334,0.0323,0.047,256.66666,2015-10-20T00:00:00Z,SVP
116360,2015-07-15T09:00:00Z,-33.77312,-42.18781,0.2021,0.046,256.66666,2015-10-20T00:00:00Z,SVP
116360,2015-07-15T10:00:00Z,-33.76871,-42.18244,0.2024,0.1045,253.20834,2015-10-20T00:00:00Z,SVP
116360,2015-07-15T11:00:00Z,-33.76502,-42.1748,0.3105,0.1539,56.25,2015-10-20T00:00:00Z,SVP
116360,2015-07-15T12:00:00Z,-33.75957,-42.16258,0.3164,0.1956,253.20834,2015-10-20T00:00:00Z,SVP
116360,2015-07-15T13:00:00Z,-33.75377,-42.15152,0.1405,0.1836,660.9167,2015-10-20T00:00:00Z,SVP
116360,2015-07-15T14:00:00Z,-33.74809,-42.14661,0.1415,0.1801,660.9167,2015-10-20T00:00:00Z,SVP
116360,2015-07-15T15:00:00Z,-33.74195,-42.14137,0.1422,0.1823,660.9167,2015-10-20T00:00:00Z,SVP
116360,2015-07-15T16:00:00Z,-33.73515,-42.13593,0.1425,0.1879,660.9167,2015-10-20T00:00:00Z,SVP
116360,2015-07-15T17:00:00Z,-33.72783,-42.13033,0.1421,0.1935,660.9167,2015-10-20T00:00:00Z,SVP
116360,2015-07-15T18:00:00Z,-33.72442,-42.12443,0.1393,0.0895,372.5833,2015-10-20T00:00:00Z,SVP
116360,2015-07-15T19:00:00Z,-33.722,-42.11903,0.1394,0.0963,372.5833,2015-10-20T00:00:00Z,SVP
116360,2015-07-15T20:00:00Z,-33.72029,-42.11271,0.1698,0.0234,91.33333,2015-10-20T00:00:00Z,SVP
116360,2015-07-15T21:00:00Z,-33.72107,-42.10598,0.1705,-0.0344,151.20834,2015-10-20T00:00:00Z,SVP
116360,2015-07-15T22:00:00Z,-33.72217,-42.0994,0.1399,-0.0331,439.5,2015-10-20T00:00:00Z,SVP
116360,2015-07-15T23:00:00Z,-33.72322,-42.09356,0.1394,-0.0331,439.5,2015-10-20T00:00:00Z,SVP
116360,2015-07-16T00:00:00Z,-33.72428,-42.08751,0.1377,-0.0331,439.5,2015-10-20T00:00:00Z,SVP
116360,2015-07-16T01:00:00Z,-33.72578,-42.08463,0.0976,-0.0433,133.66667,2015-10-20T00:00:00Z,SVP
116360,2015-07-16T02:00:00Z,-33.72697,-42.08925,-0.0041,0.0577,414.9167,2015-10-20T00:00:00Z,SVP
116360,2015-07-16T03:00:00Z,-33.7237,-42.0879,-0.0024,0.0572,414.9167,2015-10-20T00:00:00Z,SVP
116360,2015-07-16T04:00:00Z,-33.72083,-42.08891,8.0E-4,0.0573,414.9167,2015-10-20T00:00:00Z,SVP
116360,2015-07-16T05:00:00Z,-33.71825,-42.0902,0.0484,0.0472,372.5833,2015-10-20T00:00:00Z,SVP
116360,2015-07-16T06:00:00Z,-33.71794,-42.08766,0.0446,0.0567,372.5833,2015-10-20T00:00:00Z,SVP
116360,2015-07-16T07:00:00Z,-33.71687,-42.08559,0.0419,0.064,372.5833,2015-10-20T00:00:00Z,SVP
116360,2015-07-16T08:00:00Z,-33.71678,-42.08276,0.055,-0.0952,115.958336,2015-10-20T00:00:00Z,SVP
116360,2015-07-16T09:00:00Z,-33.71971,-42.07691,0.1015,-0.0708,249.58333,2015-10-20T00:00:00Z,SVP
116360,2015-07-16T10:00:00Z,-33.72227,-42.08108,0.0077,-0.0675,249.58333,2015-10-20T00:00:00Z,SVP
116360,2015-07-16T11:00:00Z,-33.71886,-42.06868,0.1154,0.0661,189.91667,2015-10-20T00:00:00Z,SVP
116360,2015-07-16T12:00:00Z,-33.71606,-42.06559,0.1721,0.1209,144.16667,2015-10-20T00:00:00Z,SVP
116360,2015-07-16T13:00:00Z,-33.71302,-42.06015,0.1438,0.0588,119.54167,2015-10-20T00:00:00Z,SVP
116360,2015-07-16T14:00:00Z,-33.71137,-42.05442,0.1754,0.0391,573.0,2015-10-20T00:00:00Z,SVP
116360,2015-07-16T15:00:00Z,-33.71045,-42.04731,0.1752,0.0399,573.0,2015-10-20T00:00:00Z,SVP
116360,2015-07-16T16:00:00Z,-33.7092,-42.04058,0.1757,0.0399,573.0,2015-10-20T00:00:00Z,SVP
116360,2015-07-16T17:00:00Z,-33.70781,-42.03409,0.1778,0.0392,573.0,2015-10-20T00:00:00Z,SVP
116360,2015-07-16T18:00:00Z,-33.7088,-42.02236,0.3081,-0.0301,239.08334,2015-10-20T00:00:00Z,SVP
116360,2015-07-16T19:00:00Z,-33.70945,-42.01227,0.2862,-0.0413,172.20833,2015-10-20T00:00:00Z,SVP
116360,2015-07-16T20:00:00Z,-33.71073,-42.00236,-0.0445,0.0115,49.208332,2015-10-20T00:00:00Z,SVP
116360,2015-07-16T21:00:00Z,-33.71138,-42.00162,0.0374,-0.0217,175.79167,2015-10-20T00:00:00Z,SVP
116360,2015-07-19T14:00:00Z,-33.97559,-42.00238,-0.1578,-0.0827,520.3334,2015-10-20T00:00:00Z,SVP
116360,2015-07-19T15:00:00Z,-33.9784,-42.00875,-0.1566,-0.082,520.3334,2015-10-20T00:00:00Z,SVP
116360,2015-07-19T16:00:00Z,-33.98135,-42.01487,-0.1568,-0.0802,520.3334,2015-10-20T00:00:00Z,SVP
116360,2015-07-19T17:00:00Z,-33.9839,-42.0208,-0.1663,-0.069,235.66666,2015-10-20T00:00:00Z,SVP
116360,2015-07-19T18:00:00Z,-33.9857,-42.02727,-0.166,-0.0714,235.66666,2015-10-20T00:00:00Z,SVP
116360,2015-07-19T19:00:00Z,-33.98927,-42.03294,-0.141,-0.158,144.16667,2015-10-20T00:00:00Z,SVP
116360,2015-07-19T20:00:00Z,-33.99409,-42.03771,-0.1975,-0.2284,94.958336,2015-10-20T00:00:00Z,SVP
116360,2015-07-19T21:00:00Z,-34.00158,-42.04612,-0.2114,-0.2003,151.20834,2015-10-20T00:00:00Z,SVP
116360,2015-07-19T22:00:00Z,-34.00749,-42.04601,-0.0124,-0.163,439.5,2015-10-20T00:00:00Z,SVP
116360,2015-07-19T23:00:00Z,-34.01283,-42.04564,-0.0123,-0.163,439.5,2015-10-20T00:00:00Z,SVP
116360,2015-07-20T00:00:00Z,-34.01834,-42.04576,-0.0123,-0.1633,439.5,2015-10-20T00:00:00Z,SVP
116360,2015-07-20T01:00:00Z,-34.02283,-42.04686,-0.0198,-0.0644,144.16667,2015-10-20T00:00:00Z,SVP
116360,2015-07-20T02:00:00Z,-34.02383,-42.048,-0.0518,0.0178,351.58334,2015-10-20T00:00:00Z,SVP
116360,2015-07-20T03:00:00Z,-34.02393,-42.04987,-0.0524,0.0141,351.58334,2015-10-20T00:00:00Z,SVP
116360,2015-07-20T04:00:00Z,-34.02349,-42.05207,-0.0681,0.0812,263.7083,2015-10-20T00:00:00Z,SVP
116360,2015-07-20T05:00:00Z,-34.01887,-42.05502,-0.0689,0.0716,263.7083,2015-10-20T00:00:00Z,SVP
116360,2015-07-20T06:00:00Z,-34.01645,-42.05841,-0.0973,0.111,119.54167,2015-10-20T00:00:00Z,SVP
116360,2015-07-20T07:00:00Z,-34.01346,-42.064,-0.1551,0.0836,246.16667,2015-10-20T00:00:00Z,SVP
116360,2015-07-20T08:00:00Z,-34.00796,-42.06874,-0.1973,0.066,274.2083,2015-10-20T00:00:00Z,SVP
116360,2015-07-20T09:00:00Z,-34.00814,-42.07745,-0.192,0.086,274.2083,2015-10-20T00:00:00Z,SVP
116360,2015-07-20T10:00:00Z,-34.00627,-42.08443,-0.1792,0.0213,189.91667,2015-10-20T00:00:00Z,SVP
116360,2015-07-20T11:00:00Z,-34.00272,-42.09259,-0.1657,0.0215,189.91667,2015-10-20T00:00:00Z,SVP
116360,2015-07-20T12:00:00Z,-34.00501,-42.09694,-0.1213,-0.0452,246.16667,2015-10-20T00:00:00Z,SVP
116360,2015-07-20T13:00:00Z,-34.0063,-42.10094,-0.0876,-0.0377,544.9583,2015-10-20T00:00:00Z,SVP
116360,2015-07-20T14:00:00Z,-34.00683,-42.1045,-0.0882,-0.0303,544.9583,2015-10-20T00:00:00Z,SVP
116360,2015-07-20T15:00:00Z,-34.00788,-42.10847,-0.0905,-0.0302,544.9583,2015-10-20T00:00:00Z,SVP
116360,2015-07-20T16:00:00Z,-34.0099,-42.11372,-0.098,-0.0357,544.9583,2015-10-20T00:00:00Z,SVP
116360,2015-07-20T17:00:00Z,-34.00769,-42.11493,-0.03,0.1242,235.66666,2015-10-20T00:00:00Z,SVP
116360,2015-07-20T18:00:00Z,-34.00334,-42.11566,-0.0319,0.1416,221.41666,2015-10-20T00:00:00Z,SVP
116360,2015-07-20T19:00:00Z,-33.99898,-42.11775,-0.0448,0.1409,221.41666,2015-10-20T00:00:00Z,SVP
116360,2015-07-20T20:00:00Z,-33.99313,-42.12687,-0.1568,0.1859,112.5,2015-10-20T00:00:00Z,SVP
116360,2015-07-20T21:00:00Z,-33.98238,-42.13073,-0.1274,0.3447,133.66667,2015-10-20T00:00:00Z,SVP
116360,2015-07-20T22:00:00Z,-33.97288,-42.137,-0.2389,0.1138,239.08334,2015-10-20T00:00:00Z,SVP
116360,2015-07-20T23:00:00Z,-33.97102,-42.14869,-0.2489,0.1342,239.08334,2015-10-20T00:00:00Z,SVP
116360,2015-07-21T00:00:00Z,-33.96541,-42.15586,-0.2262,0.1561,112.5,2015-10-20T00:00:00Z,SVP
116360,2015-07-21T01:00:00Z,-33.95987,-42.16538,-0.2735,0.1592,137.08333,2015-10-20T00:00:00Z,SVP
116360,2015-07-21T02:00:00Z,-33.95836,-42.17567,-0.2723,0.0519,397.20834,2015-10-20T00:00:00Z,SVP
116360,2015-07-21T03:00:00Z,-33.95689,-42.18749,-0.2821,0.0517,397.20834,2015-10-20T00:00:00Z,SVP
116360,2015-07-21T04:00:00Z,-33.95494,-42.19803,-0.1851,0.045,239.08334,2015-10-20T00:00:00Z,SVP
116360,2015-07-21T05:00:00Z,-33.95346,-42.20279,-0.2259,0.0456,239.08334,2015-10-20T00:00:00Z,SVP
116360,2015-07-21T06:00:00Z,-33.95089,-42.21247,-0.2596,0.0831,119.54167,2015-10-20T00:00:00Z,SVP
116360,2015-07-21T07:00:00Z,-33.94777,-42.22339,-0.2889,0.1064,189.91667,2015-10-20T00:00:00Z,SVP
116360,2015-07-21T08:00:00Z,-33.94411,-42.23148,-0.1193,0.1404,182.83333,2015-10-20T00:00:00Z,SVP
116360,2015-07-21T09:00:00Z,-33.94145,-42.23452,-0.0996,0.1213,182.83333,2015-10-20T00:00:00Z,SVP
116360,2015-07-21T10:00:00Z,-33.93432,-42.24698,-0.2252,0.1822,253.20834,2015-10-20T00:00:00Z,SVP
116360,2015-07-21T11:00:00Z,-33.92844,-42.25891,-0.1811,0.1871,108.91667,2015-10-20T00:00:00Z,SVP
116360,2015-07-21T12:00:00Z,-33.92284,-42.26492,-0.245,0.1694,144.16667,2015-10-20T00:00:00Z,SVP
116360,2015-07-21T13:00:00Z,-33.91761,-42.27298,-0.2112,0.1689,558.9167,2015-10-20T00:00:00Z,SVP
116360,2015-07-21T14:00:00Z,-33.91215,-42.28082,-0.2104,0.1688,558.9167,2015-10-20T00:00:00Z,SVP
116360,2015-07-21T15:00:00Z,-33.9066,-42.28933,-0.2099,0.1688,558.9167,2015-10-20T00:00:00Z,SVP
116360,2015-07-21T16:00:00Z,-33.90079,-42.30041,-0.2172,0.1685,558.9167,2015-10-20T00:00:00Z,SVP
116360,2015-07-21T17:00:00Z,-33.89552,-42.30605,-0.1079,0.1721,232.04169,2015-10-20T00:00:00Z,SVP
116360,2015-07-21T18:00:00Z,-33.88939,-42.31019,-0.0905,0.2557,298.7917,2015-10-20T00:00:00Z,SVP
116360,2015-07-21T19:00:00Z,-33.88043,-42.31381,-0.092,0.2605,298.7917,2015-10-20T00:00:00Z,SVP
116360,2015-07-21T20:00:00Z,-33.87041,-42.31611,-0.0639,0.3135,66.75,2015-10-20T00:00:00Z,SVP
116360,2015-07-21T21:00:00Z,-33.85962,-42.31381,-0.0093,0.3356,179.25,2015-10-20T00:00:00Z,SVP
116360,2015-07-21T22:00:00Z,-33.84897,-42.31475,-0.0699,0.3153,379.66666,2015-10-20T00:00:00Z,SVP
116360,2015-07-21T23:00:00Z,-33.83874,-42.31752,-0.0719,0.315,379.66666,2015-10-20T00:00:00Z,SVP
116360,2015-07-22T00:00:00Z,-33.82881,-42.32018,-0.0954,0.2703,239.08334,2015-10-20T00:00:00Z,SVP
116360,2015-07-22T01:00:00Z,-33.82023,-42.32719,-0.1085,0.2674,239.08334,2015-10-20T00:00:00Z,SVP
116360,2015-07-22T02:00:00Z,-33.81202,-42.33388,-0.0408,0.2319,555.4583,2015-10-20T00:00:00Z,SVP
116360,2015-07-22T03:00:00Z,-33.80466,-42.33239,-0.0658,0.2319,555.4583,2015-10-20T00:00:00Z,SVP
116360,2015-07-22T04:00:00Z,-33.79707,-42.33489,-0.0657,0.2316,555.4583,2015-10-20T00:00:00Z,SVP
116360,2015-07-22T05:00:00Z,-33.78921,-42.3382,-0.0463,0.2306,555.4583,2015-10-20T00:00:00Z,SVP
116360,2015-07-22T06:00:00Z,-33.78292,-42.33871,-0.0028,0.1995,270.58334,2015-10-20T00:00:00Z,SVP
116360,2015-07-22T07:00:00Z,-33.77624,-42.3381,0.1329,0.2042,105.458336,2015-10-20T00:00:00Z,SVP
116360,2015-07-22T08:00:00Z,-33.77033,-42.32763,0.0188,0.188,147.58333,2015-10-20T00:00:00Z,SVP
116360,2015-07-22T09:00:00Z,-33.76158,-42.3246,0.0402,0.1855,274.2083,2015-10-20T00:00:00Z,SVP
116360,2015-07-22T10:00:00Z,-33.7579,-42.32391,0.0389,0.1908,274.2083,2015-10-20T00:00:00Z,SVP
116360,2015-07-22T11:00:00Z,-33.74944,-42.32014,0.0758,0.2241,102.0,2015-10-20T00:00:00Z,SVP
116360,2015-07-22T12:00:00Z,-33.74219,-42.32147,-0.0432,0.2544,137.08333,2015-10-20T00:00:00Z,SVP
116360,2015-07-22T13:00:00Z,-33.73635,-42.32071,0.1342,0.1513,717.1667,2015-10-20T00:00:00Z,SVP
116360,2015-07-22T14:00:00Z,-33.73146,-42.31483,0.1339,0.1512,717.1667,2015-10-20T00:00:00Z,SVP
116360,2015-07-22T15:00:00Z,-33.72653,-42.30938,0.1338,0.1512,717.1667,2015-10-20T00:00:00Z,SVP
116360,2015-07-22T16:00:00Z,-33.72156,-42.30401,0.1336,0.1512,717.1667,2015-10-20T00:00:00Z,SVP
116360,2015-07-22T17:00:00Z,-33.71651,-42.29861,0.1334,0.1511,717.1667,2015-10-20T00:00:00Z,SVP
116360,2015-07-22T18:00:00Z,-33.71144,-42.29199,0.169,0.1508,351.58334,2015-10-20T00:00:00Z,SVP
116360,2015-07-22T19:00:00Z,-33.70678,-42.28551,0.1699,0.1512,351.58334,2015-10-20T00:00:00Z,SVP
116360,2015-07-22T20:00:00Z,-33.70234,-42.28123,0.2263,0.1507,151.20834,2015-10-20T00:00:00Z,SVP
116360,2015-07-22T21:00:00Z,-33.69694,-42.26971,0.1518,0.1137,105.458336,2015-10-20T00:00:00Z,SVP
116360,2015-07-22T22:00:00Z,-33.69401,-42.2646,0.1372,0.0777,270.58334,2015-10-20T00:00:00Z,SVP
116360,2015-07-22T23:00:00Z,-33.69127,-42.25907,0.1378,0.0775,270.58334,2015-10-20T00:00:00Z,SVP
116360,2015-07-23T00:00:00Z,-33.68907,-42.25318,0.1785,0.0655,144.16667,2015-10-20T00:00:00Z,SVP
116360,2015-07-23T01:00:00Z,-33.68639,-42.2466,0.1221,0.1184,112.5,2015-10-20T00:00:00Z,SVP
116360,2015-07-23T02:00:00Z,-33.68295,-42.24033,0.1608,0.1082,319.9583,2015-10-20T00:00:00Z,SVP
116360,2015-07-23T03:00:00Z,-33.67836,-42.23946,0.1115,0.1102,319.9583,2015-10-20T00:00:00Z,SVP
116360,2015-07-23T04:00:00Z,-33.67619,-42.2304,0.2418,0.0405,253.20834,2015-10-20T00:00:00Z,SVP
116360,2015-07-23T05:00:00Z,-33.67466,-42.21955,0.2382,0.0173,239.08334,2015-10-20T00:00:00Z,SVP
116360,2015-07-23T06:00:00Z,-33.67441,-42.21168,0.2374,0.0164,239.08334,2015-10-20T00:00:00Z,SVP
116360,2015-07-23T07:00:00Z,-33.67246,-42.20379,0.1939,0.076,137.08333,2015-10-20T00:00:00Z,SVP
116360,2015-07-23T08:00:00Z,-33.66924,-42.19663,0.2004,0.0968,109.041664,2015-10-20T00:00:00Z,SVP
116360,2015-07-23T09:00:00Z,-33.66748,-42.18665,0.3032,0.0484,249.58333,2015-10-20T00:00:00Z,SVP
116360,2015-07-23T10:00:00Z,-33.66663,-42.17615,0.3127,0.1059,140.70834,2015-10-20T00:00:00Z,SVP
116360,2015-07-23T11:00:00Z,-33.66294,-42.16999,0.1155,0.0773,133.66667,2015-10-20T00:00:00Z,SVP
116360,2015-07-23T12:00:00Z,-33.66254,-42.16718,0.2312,-0.0765,112.5,2015-10-20T00:00:00Z,SVP
116360,2015-07-23T13:00:00Z,-33.66505,-42.15592,0.2985,-0.0515,731.25,2015-10-20T00:00:00Z,SVP
116360,2015-07-23T14:00:00Z,-33.66627,-42.14445,0.2977,-0.0499,731.25,2015-10-20T00:00:00Z,SVP
116360,2015-07-23T15:00:00Z,-33.66782,-42.13313,0.2964,-0.0496,731.25,2015-10-20T00:00:00Z,SVP
116360,2015-07-23T16:00:00Z,-33.66963,-42.12257,0.2915,-0.0498,731.25,2015-10-20T00:00:00Z,SVP
116360,2015-07-23T17:00:00Z,-33.67203,-42.12176,0.2368,-0.0511,731.25,2015-10-20T00:00:00Z,SVP
116360,2015-07-23T18:00:00Z,-33.67188,-42.10016,0.2992,-0.0225,319.9583,2015-10-20T00:00:00Z,SVP
116360,2015-07-23T19:00:00Z,-33.67194,-42.08671,0.2992,-0.0228,319.9583,2015-10-20T00:00:00Z,SVP
116360,2015-07-23T20:00:00Z,-33.6711,-42.07744,0.1551,0.111,102.0,2015-10-20T00:00:00Z,SVP
116360,2015-07-23T21:00:00Z,-33.66883,-42.06893,0.2854,0.0531,84.458336,2015-10-20T00:00:00Z,SVP
116360,2015-07-23T22:00:00Z,-33.66974,-42.06119,0.1315,-0.0394,379.66666,2015-10-20T00:00:00Z,SVP
116360,2015-07-23T23:00:00Z,-33.67055,-42.05613,0.1306,-0.0382,379.66666,2015-10-20T00:00:00Z,SVP
116360,2015-07-24T00:00:00Z,-33.67118,-42.05051,0.1176,-0.0185,0.0,2015-10-20T00:00:00Z,SVP
116360,2015-07-24T01:00:00Z,-33.67497,-42.04774,0.1259,-0.1061,344.54166,2015-10-20T00:00:00Z,SVP
116360,2015-07-24T02:00:00Z,-33.67818,-42.04152,0.1414,-0.1058,344.54166,2015-10-20T00:00:00Z,SVP
116360,2015-07-24T03:00:00Z,-33.68161,-42.03745,0.1338,-0.1055,344.54166,2015-10-20T00:00:00Z,SVP
116360,2015-07-24T04:00:00Z,-33.68511,-42.02374,0.2219,-0.1036,256.66666,2015-10-20T00:00:00Z,SVP
116360,2015-07-24T05:00:00Z,-33.6883,-42.00777,0.1269,-0.1127,369.16666,2015-10-20T00:00:00Z,SVP
116360,2015-07-24T06:00:00Z,-33.69201,-42.00394,0.1295,-0.1127,369.16666,2015-10-20T00:00:00Z,SVP
116360,2015-07-24T07:00:00Z,-33.69563,-42.00082,0.2197,-0.113,369.16666,2015-10-20T00:00:00Z,SVP
116360,2015-07-26T18:00:00Z,-34.0951,-42.00339,-0.1712,-0.1296,242.54167,2015-10-20T00:00:00Z,SVP
116360,2015-07-26T19:00:00Z,-34.09929,-42.01097,-0.2036,-0.1276,165.16666,2015-10-20T00:00:00Z,SVP
116360,2015-07-26T20:00:00Z,-34.10261,-42.02101,-0.308,-0.0383,196.95833,2015-10-20T00:00:00Z,SVP
116360,2015-07-26T21:00:00Z,-34.10337,-42.03364,-0.3292,-0.0209,52.791668,2015-10-20T00:00:00Z,SVP
116360,2015-07-26T22:00:00Z,-34.10864,-42.04743,-0.3285,-0.1901,372.5833,2015-10-20T00:00:00Z,SVP
116360,2015-07-26T23:00:00Z,-34.11497,-42.05924,-0.3275,-0.1898,372.5833,2015-10-20T00:00:00Z,SVP
116360,2015-07-27T00:00:00Z,-34.12089,-42.07322,-0.4724,-0.2013,144.16667,2015-10-20T00:00:00Z,SVP
116360,2015-07-27T01:00:00Z,-34.12633,-42.09307,-0.1874,-0.1424,115.958336,2015-10-20T00:00:00Z,SVP
116360,2015-07-27T02:00:00Z,-34.13112,-42.10166,-0.1964,-0.1296,425.41666,2015-10-20T00:00:00Z,SVP
116360,2015-07-27T03:00:00Z,-34.13525,-42.10791,-0.1874,-0.1298,425.41666,2015-10-20T00:00:00Z,SVP
116360,2015-07-27T04:00:00Z,-34.13939,-42.11385,-0.1868,-0.1301,425.41666,2015-10-20T00:00:00Z,SVP
116360,2015-07-27T05:00:00Z,-34.14304,-42.12388,-0.2709,-0.1104,348.0,2015-10-20T00:00:00Z,SVP
116360,2015-07-27T06:00:00Z,-34.14702,-42.13606,-0.271,-0.1115,348.0,2015-10-20T00:00:00Z,SVP
116360,2015-07-27T07:00:00Z,-34.14867,-42.14287,-0.0106,-0.0326,179.25,2015-10-20T00:00:00Z,SVP
116360,2015-07-27T08:00:00Z,-34.14911,-42.13986,-0.3327,-0.024,66.75,2015-10-20T00:00:00Z,SVP
116360,2015-07-27T09:00:00Z,-34.14959,-42.15188,-0.2683,0.0022,179.25,2015-10-20T00:00:00Z,SVP
116360,2015-07-27T10:00:00Z,-34.1486,-42.16039,-0.1986,0.0517,246.16667,2015-10-20T00:00:00Z,SVP
116360,2015-07-27T11:00:00Z,-34.1461,-42.16731,-0.1965,0.0539,246.16667,2015-10-20T00:00:00Z,SVP
116360,2015-07-27T12:00:00Z,-34.14408,-42.17547,-0.1894,0.088,140.70834,2015-10-20T00:00:00Z,SVP
116360,2015-07-27T13:00:00Z,-34.14191,-42.19286,-0.2794,-0.0078,594.1666,2015-10-20T00:00:00Z,SVP
116360,2015-07-27T14:00:00Z,-34.14287,-42.20286,-0.2772,-0.0063,594.1666,2015-10-20T00:00:00Z,SVP
116360,2015-07-27T15:00:00Z,-34.14349,-42.21422,-0.2761,-0.0053,594.1666,2015-10-20T00:00:00Z,SVP
116360,2015-07-27T16:00:00Z,-34.14423,-42.23027,-0.306,-0.0035,594.1666,2015-10-20T00:00:00Z,SVP
116360,2015-07-27T17:00:00Z,-34.14474,-42.24204,-0.1489,-0.012,239.08334,2015-10-20T00:00:00Z,SVP
116360,2015-07-27T18:00:00Z,-34.14381,-42.24448,-0.2399,-0.0173,239.08334,2015-10-20T00:00:00Z,SVP
116360,2015-07-27T19:00:00Z,-34.14638,-42.25526,-0.3056,-0.1066,119.54167,2015-10-20T00:00:00Z,SVP
116360,2015-07-27T20:00:00Z,-34.14968,-42.26851,-0.335,-0.0991,221.54167,2015-10-20T00:00:00Z,SVP
116360,2015-07-27T21:00:00Z,-34.15254,-42.27483,-0.0566,-0.0389,432.4583,2015-10-20T00:00:00Z,SVP
116360,2015-07-27T22:00:00Z,-34.15298,-42.27038,-0.1128,-0.0322,432.4583,2015-10-20T00:00:00Z,SVP
116360,2015-07-27T23:00:00Z,-34.15501,-42.26791,-0.0794,-0.0334,432.4583,2015-10-20T00:00:00Z,SVP
116360,2015-07-28T00:00:00Z,-34.15224,-42.27663,-0.3701,0.0874,137.08333,2015-10-20T00:00:00Z,SVP
116360,2015-07-28T01:00:00Z,-34.15025,-42.28643,-0.1668,0.0795,112.5,2015-10-20T00:00:00Z,SVP
116360,2015-07-28T02:00:00Z,-34.14611,-42.29187,-0.1277,0.1007,439.5,2015-10-20T00:00:00Z,SVP
116360,2015-07-28T03:00:00Z,-34.14347,-42.29716,-0.1273,0.0992,439.5,2015-10-20T00:00:00Z,SVP
116360,2015-07-28T04:00:00Z,-34.14186,-42.30302,-0.1261,0.0965,439.5,2015-10-20T00:00:00Z,SVP
116360,2015-07-28T05:00:00Z,-34.13637,-42.30745,-0.1189,0.1473,376.2083,2015-10-20T00:00:00Z,SVP
116360,2015-07-28T06:00:00Z,-34.13089,-42.31142,-0.1208,0.1433,376.2083,2015-10-20T00:00:00Z,SVP
116360,2015-07-28T07:00:00Z,-34.12611,-42.31519,-0.0996,0.1526,242.54167,2015-10-20T00:00:00Z,SVP
116360,2015-07-28T08:00:00Z,-34.12214,-42.32241,-0.1268,0.1508,242.54167,2015-10-20T00:00:00Z,SVP
116360,2015-07-28T09:00:00Z,-34.11656,-42.31508,-0.3492,0.1145,249.58333,2015-10-20T00:00:00Z,SVP
116360,2015-07-28T10:00:00Z,-34.11444,-42.3373,-0.2134,0.1125,249.58333,2015-10-20T00:00:00Z,SVP
116360,2015-07-28T11:00:00Z,-34.11079,-42.34418,-0.245,0.1469,151.20834,2015-10-20T00:00:00Z,SVP
116360,2015-07-28T12:00:00Z,-34.10578,-42.35226,-0.124,0.089,116.083336,2015-10-20T00:00:00Z,SVP
116360,2015-07-28T13:00:00Z,-34.10259,-42.35675,-0.1119,0.0802,608.24994,2015-10-20T00:00:00Z,SVP
116360,2015-07-28T14:00:00Z,-34.10013,-42.36128,-0.1119,0.0803,608.24994,2015-10-20T00:00:00Z,SVP
116360,2015-07-28T15:00:00Z,-34.09766,-42.3659,-0.112,0.0804,608.24994,2015-10-20T00:00:00Z,SVP
116360,2015-07-28T16:00:00Z,-34.09528,-42.37078,-0.1121,0.0807,608.24994,2015-10-20T00:00:00Z,SVP
116360,2015-07-28T17:00:00Z,-34.09259,-42.37446,-0.0685,0.0808,239.08334,2015-10-20T00:00:00Z,SVP
116360,2015-07-28T18:00:00Z,-34.0892,-42.37668,-0.0633,0.0821,239.08334,2015-10-20T00:00:00Z,SVP
116360,2015-07-28T19:00:00Z,-34.08703,-42.37464,0.0167,0.0801,312.91666,2015-10-20T00:00:00Z,SVP
116360,2015-07-28T20:00:00Z,-34.08497,-42.37294,0.0204,0.0775,312.91666,2015-10-20T00:00:00Z,SVP
116360,2015-07-28T21:00:00Z,-34.08173,-42.37498,-0.0638,0.1318,193.33334,2015-10-20T00:00:00Z,SVP
116360,2015-07-28T22:00:00Z,-34.08766,-42.39125,0.1005,0.2826,327.0,2015-10-20T00:00:00Z,SVP
116360,2015-07-28T23:00:00Z,-34.07293,-42.38039,-0.0521,0.1503,327.0,2015-10-20T00:00:00Z,SVP
116360,2015-07-29T00:00:00Z,-34.06798,-42.38157,0.0632,0.2772,108.91667,2015-10-20T00:00:00Z,SVP
116360,2015-07-29T01:00:00Z,-34.06023,-42.38154,0.0077,0.246,140.70834,2015-10-20T00:00:00Z,SVP
116360,2015-07-29T02:00:00Z,-34.05182,-42.37936,-0.0372,0.2253,341.0833,2015-10-20T00:00:00Z,SVP
116360,2015-07-29T03:00:00Z,-34.04469,-42.38101,-0.0364,0.2254,341.0833,2015-10-20T00:00:00Z,SVP
116360,2015-07-29T04:00:00Z,-34.03698,-42.38232,-0.0579,0.2214,242.54167,2015-10-20T00:00:00Z,SVP
116360,2015-07-29T05:00:00Z,-34.03003,-42.38484,-0.0596,0.2205,242.54167,2015-10-20T00:00:00Z,SVP
116360,2015-07-29T06:00:00Z,-34.02258,-42.38861,-0.0969,0.2234,108.91667,2015-10-20T00:00:00Z,SVP
116360,2015-07-29T07:00:00Z,-34.01633,-42.3919,-0.0864,0.1836,175.79167,2015-10-20T00:00:00Z,SVP
116360,2015-07-29T08:00:00Z,-34.0114,-42.39248,-0.0295,0.116,70.333336,2015-10-20T00:00:00Z,SVP
116360,2015-07-29T09:00:00Z,-34.00673,-42.39488,-0.1088,0.1615,256.66666,2015-10-20T00:00:00Z,SVP
116360,2015-07-29T10:00:00Z,-34.0026,-42.39954,-0.1072,0.1601,256.66666,2015-10-20T00:00:00Z,SVP
116360,2015-07-29T11:00:00Z,-33.99515,-42.40252,-0.0711,0.2016,172.33334,2015-10-20T00:00:00Z,SVP
116360,2015-07-29T12:00:00Z,-33.98882,-42.40078,0.0417,0.2077,253.20834,2015-10-20T00:00:00Z,SVP
116360,2015-07-29T13:00:00Z,-33.98207,-42.39689,0.0539,0.2139,495.75,2015-10-20T00:00:00Z,SVP
116360,2015-07-29T14:00:00Z,-33.9748,-42.39646,0.0506,0.2158,495.75,2015-10-20T00:00:00Z,SVP
116360,2015-07-29T15:00:00Z,-33.9679,-42.39557,0.0483,0.2159,495.75,2015-10-20T00:00:00Z,SVP
116360,2015-07-29T16:00:00Z,-33.9615,-42.39503,0.0458,0.2145,495.75,2015-10-20T00:00:00Z,SVP
116360,2015-07-29T17:00:00Z,-33.95332,-42.39125,0.0997,0.2386,239.08334,2015-10-20T00:00:00Z,SVP
116360,2015-07-29T18:00:00Z,-33.9447,-42.38706,0.1037,0.2261,270.74997,2015-10-20T00:00:00Z,SVP
116360,2015-07-29T19:00:00Z,-33.93834,-42.38359,0.0985,0.2246,270.74997,2015-10-20T00:00:00Z,SVP
116360,2015-07-29T20:00:00Z,-33.93081,-42.38418,-0.1498,0.2226,105.458336,2015-10-20T00:00:00Z,SVP
116360,2015-07-29T21:00:00Z,-33.92302,-42.39001,-0.1187,0.2349,137.08333,2015-10-20T00:00:00Z,SVP
116360,2015-07-29T22:00:00Z,-33.91548,-42.38746,0.1305,0.2214,355.0417,2015-10-20T00:00:00Z,SVP
116360,2015-07-29T23:00:00Z,-33.90861,-42.3825,0.132,0.2223,355.0417,2015-10-20T00:00:00Z,SVP
116360,2015-07-30T00:00:00Z,-33.90099,-42.37735,0.1351,0.2481,112.5,2015-10-20T00:00:00Z,SVP
116360,2015-07-30T01:00:00Z,-33.89304,-42.37142,0.1197,0.2526,485.08334,2015-10-20T00:00:00Z,SVP
116360,2015-07-30T02:00:00Z,-33.88474,-42.37069,0.0824,0.2526,485.08334,2015-10-20T00:00:00Z,SVP
116360,2015-07-30T03:00:00Z,-33.87618,-42.36923,0.0759,0.2529,485.08334,2015-10-20T00:00:00Z,SVP
116360,2015-07-30T04:00:00Z,-33.86801,-42.36485,0.2293,0.234,256.66666,2015-10-20T00:00:00Z,SVP
116360,2015-07-30T05:00:00Z,-33.86145,-42.35232,0.1253,0.2324,256.66666,2015-10-20T00:00:00Z,SVP
116360,2015-07-30T06:00:00Z,-33.85311,-42.34886,0.1822,0.2409,109.041664,2015-10-20T00:00:00Z,SVP
116360,2015-07-30T07:00:00Z,-33.84537,-42.34157,0.1532,0.2377,137.08333,2015-10-20T00:00:00Z,SVP
116360,2015-07-30T08:00:00Z,-33.83936,-42.33529,0.1278,0.1978,140.70834,2015-10-20T00:00:00Z,SVP
116360,2015-07-30T09:00:00Z,-33.83124,-42.33105,0.0683,0.3039,133.66667,2015-10-20T00:00:00Z,SVP
116360,2015-07-30T10:00:00Z,-33.82274,-42.32207,0.2307,0.3099,316.3333,2015-10-20T00:00:00Z,SVP
116360,2015-07-30T11:00:00Z,-33.81122,-42.3129,0.2327,0.3105,316.3333,2015-10-20T00:00:00Z,SVP
116360,2015-07-30T12:00:00Z,-33.80039,-42.30506,0.2826,0.2709,144.16667,2015-10-20T00:00:00Z,SVP
116360,2015-07-30T13:00:00Z,-33.79251,-42.29355,0.2212,0.3033,513.2917,2015-10-20T00:00:00Z,SVP
116360,2015-07-30T14:00:00Z,-33.78205,-42.28551,0.2197,0.3119,513.2917,2015-10-20T00:00:00Z,SVP
116360,2015-07-30T15:00:00Z,-33.77207,-42.27788,0.2176,0.3117,513.2917,2015-10-20T00:00:00Z,SVP
116360,2015-07-30T16:00:00Z,-33.76309,-42.27424,0.2912,0.3052,513.2917,2015-10-20T00:00:00Z,SVP
116360,2015-07-30T17:00:00Z,-33.73955,-42.26014,0.217,0.4117,242.54167,2015-10-20T00:00:00Z,SVP
116360,2015-07-30T18:00:00Z,-33.72554,-42.25358,-0.1188,0.3115,217.95833,2015-10-20T00:00:00Z,SVP
116360,2015-07-30T19:00:00Z,-33.71854,-42.25741,-0.1244,0.3936,217.95833,2015-10-20T00:00:00Z,SVP
116360,2015-07-30T20:00:00Z,-33.70499,-42.26475,-0.1578,0.3288,144.16667,2015-10-20T00:00:00Z,SVP
116360,2015-07-30T21:00:00Z,-33.69648,-42.26625,0.0545,0.1819,495.75,2015-10-20T00:00:00Z,SVP
116360,2015-07-30T22:00:00Z,-33.69094,-42.26369,0.053,0.1831,495.75,2015-10-20T00:00:00Z,SVP
116360,2015-07-30T23:00:00Z,-33.68509,-42.26159,0.0531,0.1833,495.75,2015-10-20T00:00:00Z,SVP
116360,2015-07-31T00:00:00Z,-33.67916,-42.2597,0.0545,0.1832,495.75,2015-10-20T00:00:00Z,SVP
116360,2015-07-31T01:00:00Z,-33.67387,-42.25705,0.0784,0.1461,119.54167,2015-10-20T00:00:00Z,SVP
116360,2015-07-31T02:00:00Z,-33.67168,-42.25386,0.1194,0.152,260.0833,2015-10-20T00:00:00Z,SVP
116360,2015-07-31T03:00:00Z,-33.664,-42.24853,0.1252,0.1588,260.0833,2015-10-20T00:00:00Z,SVP
116360,2015-07-31T04:00:00Z,-33.65938,-42.24336,0.1725,0.1111,249.58333,2015-10-20T00:00:00Z,SVP
116360,2015-07-31T05:00:00Z,-33.65667,-42.2364,0.1714,0.119,249.58333,2015-10-20T00:00:00Z,SVP
116360,2015-07-31T06:00:00Z,-33.6523,-42.22962,0.1776,0.1051,464.08337,2015-10-20T00:00:00Z,SVP
116360,2015-07-31T07:00:00Z,-33.64876,-42.22289,0.1785,0.1046,464.08337,2015-10-20T00:00:00Z,SVP
116360,2015-07-31T08:00:00Z,-33.64537,-42.21623,0.1804,0.1047,464.08337,2015-10-20T00:00:00Z,SVP
116360,2015-07-31T09:00:00Z,-33.64055,-42.20782,0.1939,0.1623,123.0,2015-10-20T00:00:00Z,SVP
116360,2015-07-31T10:00:00Z,-33.63643,-42.20026,0.2079,0.1375,239.08334,2015-10-20T00:00:00Z,SVP
116360,2015-07-31T11:00:00Z,-33.63075,-42.19185,0.2283,0.1358,108.91667,2015-10-20T00:00:00Z,SVP
116360,2015-07-31T12:00:00Z,-33.62528,-42.18334,0.1901,0.3872,133.66667,2015-10-20T00:00:00Z,SVP
116360,2015-07-31T13:00:00Z,-33.61087,-42.18369,0.0493,0.4392,115.958336,2015-10-20T00:00:00Z,SVP
116360,2015-07-31T14:00:00Z,-33.60803,-42.17737,0.0787,0.176,667.9583,2015-10-20T00:00:00Z,SVP
116360,2015-07-31T15:00:00Z,-33.60261,-42.17342,0.0775,0.1758,667.9583,2015-10-20T00:00:00Z,SVP
116360,2015-07-31T16:00:00Z,-33.59652,-42.15922,0.1522,0.1728,667.9583,2015-10-20T00:00:00Z,SVP
116360,2015-07-31T17:00:00Z,-33.59019,-42.15265,0.1523,0.165,667.9583,2015-10-20T00:00:00Z,SVP
116360,2015-07-31T18:00:00Z,-33.58691,-42.15088,-0.0766,0.0169,372.5833,2015-10-20T00:00:00Z,SVP
116360,2015-07-31T19:00:00Z,-33.58682,-42.1547,-0.0771,0.0221,372.5833,2015-10-20T00:00:00Z,SVP
116360,2015-07-31T20:00:00Z,-33.58655,-42.15926,0.166,-0.0083,87.91667,2015-10-20T00:00:00Z,SVP
116360,2015-07-31T21:00:00Z,-33.58765,-42.1535,0.0843,-0.0599,158.25,2015-10-20T00:00:00Z,SVP
116360,2015-07-31T22:00:00Z,-33.58973,-42.14862,0.0731,-0.0632,453.5833,2015-10-20T00:00:00Z,SVP
116360,2015-07-31T23:00:00Z,-33.5915,-42.14651,0.0673,-0.0636,453.5833,2015-10-20T00:00:00Z,SVP
116360,2015-08-01T00:00:00Z,-33.59344,-42.14469,0.0638,-0.0638,453.5833,2015-10-20T00:00:00Z,SVP
116360,2015-08-01T01:00:00Z,-33.59515,-42.13669,0.4438,-0.0289,108.91667,2015-10-20T00:00:00Z,SVP
116360,2015-08-01T02:00:00Z,-33.59576,-42.12074,0.3783,-0.0096,284.83334,2015-10-20T00:00:00Z,SVP
116360,2015-08-01T03:00:00Z,-33.59522,-42.10739,0.3862,-0.0098,284.83334,2015-10-20T00:00:00Z,SVP
116360,2015-08-01T04:00:00Z,-33.59593,-42.09196,0.3447,-0.0012,253.20834,2015-10-20T00:00:00Z,SVP
116360,2015-08-01T05:00:00Z,-33.59716,-42.077,0.2618,0.0306,372.5833,2015-10-20T00:00:00Z,SVP
116360,2015-08-01T06:00:00Z,-33.59555,-42.06738,0.2626,0.0299,372.5833,2015-10-20T00:00:00Z,SVP
116360,2015-08-01T07:00:00Z,-33.59428,-42.05745,0.2633,0.0292,372.5833,2015-10-20T00:00:00Z,SVP
116360,2015-08-01T08:00:00Z,-33.59355,-42.04718,0.2616,0.0023,105.458336,2015-10-20T00:00:00Z,SVP
116360,2015-08-01T09:00:00Z,-33.59311,-42.03597,0.2941,0.0242,242.54167,2015-10-20T00:00:00Z,SVP
116360,2015-08-01T10:00:00Z,-33.5925,-42.02684,0.2641,0.0234,242.54167,2015-10-20T00:00:00Z,SVP
116360,2015-08-01T11:00:00Z,-33.58915,-42.0004,0.43,0.0915,130.04166,2015-10-20T00:00:00Z,SVP
116360,2015-08-01T12:00:00Z,-33.58477,-42.00652,0.025,0.1244,249.58333,2015-10-20T00:00:00Z,SVP
116360,2015-08-01T13:00:00Z,-33.58036,-42.00583,0.032,0.0887,703.2083,2015-10-20T00:00:00Z,SVP
116360,2015-08-01T14:00:00Z,-33.578,-42.00382,0.0364,0.0883,703.2083,2015-10-20T00:00:00Z,SVP
116360,2015-08-01T15:00:00Z,-33.57541,-42.002,0.0383,0.0881,703.2083,2015-10-20T00:00:00Z,SVP
116360,2015-08-01T16:00:00Z,-33.57274,-42.00041,0.0389,0.0881,703.2083,2015-10-20T00:00:00Z,SVP
126964,2015-07-01T00:00:00Z,-35.75853,-47.78981,0.0775,0.2134,439.5,2016-09-23T00:00:00Z,SVP
126964,2015-07-01T01:00:00Z,-35.75101,-47.78783,0.0596,0.2025,123.0,2016-09-23T00:00:00Z,SVP
126964,2015-07-01T02:00:00Z,-35.74261,-47.79378,-0.1184,0.2994,126.58333,2016-09-23T00:00:00Z,SVP
126964,2015-07-01T03:00:00Z,-35.73051,-47.79868,-0.1607,0.3777,305.83334,2016-09-23T00:00:00Z,SVP
126964,2015-07-01T04:00:00Z,-35.71912,-47.80336,-0.159,0.3872,305.83334,2016-09-23T00:00:00Z,SVP
126964,2015-07-01T05:00:00Z,-35.70405,-47.8115,-0.1759,0.4682,246.16667,2016-09-23T00:00:00Z,SVP
126964,2015-07-01T06:00:00Z,-35.68836,-47.81912,-0.0209,0.5101,137.08333,2016-09-23T00:00:00Z,SVP
126964,2015-07-01T07:00:00Z,-35.67177,-47.81879,0.0678,0.517,98.416664,2016-09-23T00:00:00Z,SVP
126964,2015-07-01T08:00:00Z,-35.65593,-47.81417,0.1465,0.4747,147.58333,2016-09-23T00:00:00Z,SVP
126964,2015-07-01T09:00:00Z,-35.64238,-47.80672,0.2157,0.307,0.0,2016-09-23T00:00:00Z,SVP
126964,2015-07-01T10:00:00Z,-35.63633,-47.80068,0.1419,0.1408,288.2917,2016-09-23T00:00:00Z,SVP
126964,2015-07-01T11:00:00Z,-35.63131,-47.79329,0.1506,0.1402,288.2917,2016-09-23T00:00:00Z,SVP
126964,2015-07-01T12:00:00Z,-35.62671,-47.78557,-0.0854,0.0864,140.70834,2016-09-23T00:00:00Z,SVP
126964,2015-07-01T13:00:00Z,-35.62044,-47.78803,-0.0414,0.4598,576.5834,2016-09-23T00:00:00Z,SVP
126964,2015-07-01T14:00:00Z,-35.60517,-47.78934,-0.0377,0.4632,576.5834,2016-09-23T00:00:00Z,SVP
126964,2015-07-01T15:00:00Z,-35.59035,-47.79122,-0.04,0.463,576.5834,2016-09-23T00:00:00Z,SVP
126964,2015-07-01T16:00:00Z,-35.5766,-47.79772,-0.0715,0.4575,576.5834,2016-09-23T00:00:00Z,SVP
126964,2015-07-01T17:00:00Z,-35.56148,-47.79791,0.1406,0.4673,239.08334,2016-09-23T00:00:00Z,SVP
126964,2015-07-01T18:00:00Z,-35.54248,-47.79164,-0.0048,0.4858,239.08334,2016-09-23T00:00:00Z,SVP
126964,2015-07-01T19:00:00Z,-35.53487,-47.78576,0.1588,0.3771,212.70833,2016-09-23T00:00:00Z,SVP
126964,2015-07-01T20:00:00Z,-35.52227,-47.77826,0.1797,0.3575,226.79166,2016-09-23T00:00:00Z,SVP
126964,2015-07-01T21:00:00Z,-35.50979,-47.77209,0.2275,0.4451,0.0,2016-09-23T00:00:00Z,SVP
126964,2015-07-01T22:00:00Z,-35.50546,-47.76158,0.2312,0.0968,414.9167,2016-09-23T00:00:00Z,SVP
126964,2015-07-01T23:00:00Z,-35.50249,-47.75217,0.2314,0.0968,414.9167,2016-09-23T00:00:00Z,SVP
126964,2015-07-02T00:00:00Z,-35.49991,-47.74165,0.2355,0.0967,414.9167,2016-09-23T00:00:00Z,SVP
126964,2015-07-02T01:00:00Z,-35.4957,-47.74373,0.0812,0.1211,112.5,2016-09-23T00:00:00Z,SVP
126964,2015-07-02T02:00:00Z,-35.493,-47.73984,0.1429,0.1614,334.04166,2016-09-23T00:00:00Z,SVP
126964,2015-07-02T03:00:00Z,-35.48735,-47.73364,0.1437,0.1605,334.04166,2016-09-23T00:00:00Z,SVP
126964,2015-07-02T04:00:00Z,-35.48223,-47.727,0.1195,0.18,242.54167,2016-09-23T00:00:00Z,SVP
126964,2015-07-02T05:00:00Z,-35.47653,-47.72377,0.1174,0.1798,242.54167,2016-09-23T00:00:00Z,SVP
126964,2015-07-02T06:00:00Z,-35.47041,-47.7226,-0.0053,0.1921,130.04166,2016-09-23T00:00:00Z,SVP
126964,2015-07-02T07:00:00Z,-35.4635,-47.72475,-0.0781,0.2691,172.20833,2016-09-23T00:00:00Z,SVP
126964,2015-07-02T08:00:00Z,-35.45454,-47.72974,-0.0733,0.266,172.20833,2016-09-23T00:00:00Z,SVP
126964,2015-07-02T09:00:00Z,-35.44546,-47.72579,0.1229,0.2825,98.416664,2016-09-23T00:00:00Z,SVP
126964,2015-07-02T10:00:00Z,-35.43588,-47.71796,0.1782,0.2979,242.54167,2016-09-23T00:00:00Z,SVP
126964,2015-07-02T11:00:00Z,-35.42628,-47.71045,0.2499,0.3104,77.41667,2016-09-23T00:00:00Z,SVP
126964,2015-07-02T12:00:00Z,-35.41676,-47.69965,0.254,0.2647,126.58333,2016-09-23T00:00:00Z,SVP
126964,2015-07-02T13:00:00Z,-35.40925,-47.69024,0.2435,0.2007,126.58333,2016-09-23T00:00:00Z,SVP
126964,2015-07-02T14:00:00Z,-35.40725,-47.68596,0.113,0.0679,724.2083,2016-09-23T00:00:00Z,SVP
126964,2015-07-02T15:00:00Z,-35.4057,-47.68139,0.1132,0.0628,724.2083,2016-09-23T00:00:00Z,SVP
126964,2015-07-02T16:00:00Z,-35.40942,-47.67661,0.1141,0.007,724.2083,2016-09-23T00:00:00Z,SVP
126964,2015-07-02T17:00:00Z,-35.40973,-47.65035,0.2479,0.0055,724.2083,2016-09-23T00:00:00Z,SVP
126964,2015-07-02T18:00:00Z,-35.40962,-47.64166,-0.156,0.2311,379.66666,2016-09-23T00:00:00Z,SVP
126964,2015-07-02T19:00:00Z,-35.40179,-47.66509,0.0983,0.2282,379.66666,2016-09-23T00:00:00Z,SVP
126964,2015-07-02T20:00:00Z,-35.3913,-47.66145,0.0985,0.0882,379.66666,2016-09-23T00:00:00Z,SVP
126964,2015-07-02T21:00:00Z,-35.38716,-47.65839,0.0768,0.1703,175.79167,2016-09-23T00:00:00Z,SVP
126964,2015-07-02T22:00:00Z,-35.38045,-47.65544,0.078,0.1844,175.79167,2016-09-23T00:00:00Z,SVP
126964,2015-07-02T23:00:00Z,-35.37777,-47.63546,0.2995,0.1243,242.54167,2016-09-23T00:00:00Z,SVP
126964,2015-07-03T00:00:00Z,-35.3742,-47.6209,0.0907,0.0462,137.08333,2016-09-23T00:00:00Z,SVP
126964,2015-07-03T01:00:00Z,-35.37371,-47.61866,-0.0127,-0.078,116.083336,2016-09-23T00:00:00Z,SVP
126964,2015-07-03T02:00:00Z,-35.37635,-47.61341,0.1379,-0.0871,351.58334,2016-09-23T00:00:00Z,SVP
126964,2015-07-03T03:00:00Z,-35.37904,-47.60592,0.1333,-0.0868,351.58334,2016-09-23T00:00:00Z,SVP
126964,2015-07-03T04:00:00Z,-35.38171,-47.59106,-0.0865,-0.0625,246.16667,2016-09-23T00:00:00Z,SVP
126964,2015-07-03T05:00:00Z,-35.38421,-47.59399,-0.0935,-0.0625,246.16667,2016-09-23T00:00:00Z,SVP
126964,2015-07-03T06:00:00Z,-35.38227,-47.5974,-0.0893,0.1321,376.2083,2016-09-23T00:00:00Z,SVP
126964,2015-07-03T07:00:00Z,-35.37781,-47.60137,-0.091,0.132,376.2083,2016-09-23T00:00:00Z,SVP
126964,2015-07-03T08:00:00Z,-35.37339,-47.60439,0.1491,0.166,123.166664,2016-09-23T00:00:00Z,SVP
126964,2015-07-03T09:00:00Z,-35.36716,-47.59463,0.1715,0.2008,249.58333,2016-09-23T00:00:00Z,SVP
126964,2015-07-03T10:00:00Z,-35.36114,-47.59203,0.1469,0.1985,249.58333,2016-09-23T00:00:00Z,SVP
126964,2015-07-03T11:00:00Z,-35.35366,-47.57913,0.3592,0.2062,102.0,2016-09-23T00:00:00Z,SVP
126964,2015-07-03T12:00:00Z,-35.34834,-47.56532,0.2615,0.0095,108.91667,2016-09-23T00:00:00Z,SVP
126964,2015-07-03T13:00:00Z,-35.3477,-47.55727,0.0993,-0.0274,1009.0417,2016-09-23T00:00:00Z,SVP
126964,2015-07-03T14:00:00Z,-35.34888,-47.55419,0.098,-0.028,1009.0417,2016-09-23T00:00:00Z,SVP
126964,2015-07-03T15:00:00Z,-35.34988,-47.5506,0.0979,-0.0281,1009.0417,2016-09-23T00:00:00Z,SVP
126964,2015-07-03T16:00:00Z,-35.35083,-47.54683,0.0978,-0.0282,1009.0417,2016-09-23T00:00:00Z,SVP
126964,2015-07-03T17:00:00Z,-35.35174,-47.54295,0.0978,-0.0282,1009.0417,2016-09-23T00:00:00Z,SVP
126964,2015-07-03T18:00:00Z,-35.35261,-47.53894,0.0977,-0.0282,1009.0417,2016-09-23T00:00:00Z,SVP
126964,2015-07-03T19:00:00Z,-35.3533,-47.53439,0.0976,-0.028,1009.0417,2016-09-23T00:00:00Z,SVP
126964,2015-07-03T20:00:00Z,-35.3543,-47.53164,0.0869,-0.0292,123.0,2016-09-23T00:00:00Z,SVP
126964,2015-07-03T21:00:00Z,-35.3492,-47.52631,0.16,0.2213,200.41666,2016-09-23T00:00:00Z,SVP
126964,2015-07-03T22:00:00Z,-35.34068,-47.51734,0.391,0.1951,341.0833,2016-09-23T00:00:00Z,SVP
126964,2015-07-03T23:00:00Z,-35.3347,-47.50174,0.3909,0.1937,341.0833,2016-09-23T00:00:00Z,SVP
126964,2015-07-04T00:00:00Z,-35.3279,-47.48599,0.3906,0.1912,341.0833,2016-09-23T00:00:00Z,SVP
126964,2015-07-04T01:00:00Z,-35.32326,-47.47144,0.3688,0.1364,256.66666,2016-09-23T00:00:00Z,SVP
126964,2015-07-04T02:00:00Z,-35.31908,-47.4569,0.3304,0.0729,235.50002,2016-09-23T00:00:00Z,SVP
126964,2015-07-04T03:00:00Z,-35.31757,-47.4459,0.3217,0.0713,235.50002,2016-09-23T00:00:00Z,SVP
126964,2015-07-04T04:00:00Z,-35.3159,-47.44345,0.157,0.0334,249.58333,2016-09-23T00:00:00Z,SVP
126964,2015-07-04T05:00:00Z,-35.31371,-47.41785,0.3311,0.0335,249.58333,2016-09-23T00:00:00Z,SVP
126964,2015-07-04T06:00:00Z,-35.31392,-47.41738,-0.0425,-0.0119,383.25,2016-09-23T00:00:00Z,SVP
126964,2015-07-04T07:00:00Z,-35.31451,-47.42015,-0.0422,-0.0121,383.25,2016-09-23T00:00:00Z,SVP
126964,2015-07-04T08:00:00Z,-35.31563,-47.42158,-0.0152,-0.0527,260.0833,2016-09-23T00:00:00Z,SVP
126964,2015-07-04T09:00:00Z,-35.31798,-47.41937,-0.0054,-0.058,260.0833,2016-09-23T00:00:00Z,SVP
126964,2015-07-04T10:00:00Z,-35.3218,-47.42126,-0.1852,-0.0449,130.04166,2016-09-23T00:00:00Z,SVP
126964,2015-07-04T11:00:00Z,-35.33462,-47.42831,-0.1511,0.5611,133.66667,2016-09-23T00:00:00Z,SVP
126964,2015-07-04T12:00:00Z,-35.31848,-47.43192,0.0137,0.2813,115.958336,2016-09-23T00:00:00Z,SVP
126964,2015-07-04T13:00:00Z,-35.31169,-47.42942,0.1194,0.1684,130.04166,2016-09-23T00:00:00Z,SVP
126964,2015-07-04T14:00:00Z,-35.30601,-47.42383,0.1651,0.1552,639.9166,2016-09-23T00:00:00Z,SVP
126964,2015-07-04T15:00:00Z,-35.30083,-47.41727,0.1651,0.1555,639.9166,2016-09-23T00:00:00Z,SVP
126964,2015-07-04T16:00:00Z,-35.29573,-47.41073,0.1651,0.1556,639.9166,2016-09-23T00:00:00Z,SVP
126964,2015-07-04T17:00:00Z,-35.29066,-47.40423,0.1651,0.1557,639.9166,2016-09-23T00:00:00Z,SVP
126964,2015-07-04T18:00:00Z,-35.28687,-47.39569,0.1895,0.1413,260.0833,2016-09-23T00:00:00Z,SVP
126964,2015-07-04T19:00:00Z,-35.28221,-47.38813,0.1914,0.1399,260.0833,2016-09-23T00:00:00Z,SVP
126964,2015-07-04T20:00:00Z,-35.28089,-47.37782,0.2374,0.018,126.58333,2016-09-23T00:00:00Z,SVP
126964,2015-07-04T21:00:00Z,-35.28351,-47.37096,0.2081,-0.0959,147.58333,2016-09-23T00:00:00Z,SVP
126964,2015-07-04T22:00:00Z,-35.28611,-47.36287,0.1816,-0.0296,337.5,2016-09-23T00:00:00Z,SVP
126964,2015-07-04T23:00:00Z,-35.28682,-47.35618,0.1822,-0.03,337.5,2016-09-23T00:00:00Z,SVP
126964,2015-07-05T00:00:00Z,-35.28771,-47.34984,0.1816,-0.0201,0.0,2016-09-23T00:00:00Z,SVP
126964,2015-07-05T01:00:00Z,-35.28953,-47.34242,0.1068,-0.0781,650.4166,2016-09-23T00:00:00Z,SVP
126964,2015-07-05T02:00:00Z,-35.29197,-47.33922,0.1061,-0.0777,650.4166,2016-09-23T00:00:00Z,SVP
126964,2015-07-05T03:00:00Z,-35.29411,-47.33583,0.1052,-0.0757,650.4166,2016-09-23T00:00:00Z,SVP
126964,2015-07-05T04:00:00Z,-35.29533,-47.33345,0.1006,-0.0686,650.4166,2016-09-23T00:00:00Z,SVP
126964,2015-07-05T05:00:00Z,-35.29506,-47.33389,0.0829,-0.0556,650.4166,2016-09-23T00:00:00Z,SVP
126964,2015-07-05T06:00:00Z,-35.30208,-47.32314,0.1055,-0.1068,355.0417,2016-09-23T00:00:00Z,SVP
126964,2015-07-05T07:00:00Z,-35.30665,-47.31761,0.0996,-0.0977,355.0417,2016-09-23T00:00:00Z,SVP
126964,2015-07-05T08:00:00Z,-35.30947,-47.31399,0.0708,-0.1099,246.16667,2016-09-23T00:00:00Z,SVP
126964,2015-07-05T09:00:00Z,-35.31259,-47.31121,0.0653,-0.1123,246.16667,2016-09-23T00:00:00Z,SVP
126964,2015-07-05T10:00:00Z,-35.31533,-47.31626,-0.0819,-0.0802,288.2917,2016-09-23T00:00:00Z,SVP
126964,2015-07-05T11:00:00Z,-35.31838,-47.32086,-0.0691,-0.0793,154.66667,2016-09-23T00:00:00Z,SVP
126964,2015-07-05T12:00:00Z,-35.32004,-47.32193,-0.1723,-0.0126,144.16667,2016-09-23T00:00:00Z,SVP
126964,2015-07-05T13:00:00Z,-35.3226,-47.32448,-0.1732,0.0183,671.5417,2016-09-23T00:00:00Z,SVP
126964,2015-07-05T14:00:00Z,-35.32137,-47.33279,-0.175,0.0171,671.5417,2016-09-23T00:00:00Z,SVP
126964,2015-07-05T15:00:00Z,-35.32074,-47.34147,-0.1836,0.0171,671.5417,2016-09-23T00:00:00Z,SVP
126964,2015-07-05T16:00:00Z,-35.32031,-47.35018,-0.188,0.0177,671.5417,2016-09-23T00:00:00Z,SVP
126964,2015-07-05T17:00:00Z,-35.32011,-47.35876,-0.188,0.0194,671.5417,2016-09-23T00:00:00Z,SVP
126964,2015-07-05T18:00:00Z,-35.31936,-47.36352,-0.0458,0.0312,246.16667,2016-09-23T00:00:00Z,SVP
126964,2015-07-05T19:00:00Z,-35.3175,-47.36502,-0.0495,0.0306,246.16667,2016-09-23T00:00:00Z,SVP
126964,2015-07-05T20:00:00Z,-35.31723,-47.3661,0.0086,0.0564,91.33333,2016-09-23T00:00:00Z,SVP
126964,2015-07-05T21:00:00Z,-35.31468,-47.36524,0.0299,0.0894,154.66667,2016-09-23T00:00:00Z,SVP
126964,2015-07-05T22:00:00Z,-35.31165,-47.36409,0.031,0.1008,414.9167,2016-09-23T00:00:00Z,SVP
126964,2015-07-05T23:00:00Z,-35.3082,-47.36272,0.0313,0.1016,414.9167,2016-09-23T00:00:00Z,SVP
126964,2015-07-06T00:00:00Z,-35.30501,-47.36141,0.0315,0.1019,414.9167,2016-09-23T00:00:00Z,SVP
126964,2015-07-06T01:00:00Z,-35.30195,-47.36082,0.0228,0.0981,130.04166,2016-09-23T00:00:00Z,SVP
126964,2015-07-06T02:00:00Z,-35.30133,-47.36096,0.0578,0.1352,421.95834,2016-09-23T00:00:00Z,SVP
126964,2015-07-06T03:00:00Z,-35.29549,-47.3575,0.0639,0.1357,421.95834,2016-09-23T00:00:00Z,SVP
126964,2015-07-06T04:00:00Z,-35.29047,-47.35419,0.0668,0.135,421.95834,2016-09-23T00:00:00Z,SVP
126964,2015-07-06T05:00:00Z,-35.28606,-47.35143,0.0653,0.1538,323.41666,2016-09-23T00:00:00Z,SVP
126964,2015-07-06T06:00:00Z,-35.28159,-47.34975,0.0674,0.1544,323.41666,2016-09-23T00:00:00Z,SVP
126964,2015-07-06T07:00:00Z,-35.27701,-47.34755,0.1277,0.1217,56.25,2016-09-23T00:00:00Z,SVP
126964,2015-07-06T08:00:00Z,-35.2739,-47.34197,0.15,0.0275,189.91667,2016-09-23T00:00:00Z,SVP
126964,2015-07-06T09:00:00Z,-35.27322,-47.33531,0.1703,-0.0316,277.66666,2016-09-23T00:00:00Z,SVP
126964,2015-07-06T10:00:00Z,-35.27455,-47.32926,0.1676,-0.032,277.66666,2016-09-23T00:00:00Z,SVP
126964,2015-07-06T11:00:00Z,-35.27675,-47.32132,0.2024,-0.0883,182.83333,2016-09-23T00:00:00Z,SVP
126964,2015-07-06T12:00:00Z,-35.28038,-47.31334,0.1806,-0.1439,123.0,2016-09-23T00:00:00Z,SVP
126964,2015-07-06T13:00:00Z,-35.28448,-47.3158,-0.1028,-0.0894,126.58333,2016-09-23T00:00:00Z,SVP
126964,2015-07-06T14:00:00Z,-35.28664,-47.3192,-0.1062,-0.0413,583.6666,2016-09-23T00:00:00Z,SVP
126964,2015-07-06T15:00:00Z,-35.28791,-47.32299,-0.1065,-0.0404,583.6666,2016-09-23T00:00:00Z,SVP
126964,2015-07-06T16:00:00Z,-35.28948,-47.32714,-0.1063,-0.0418,583.6666,2016-09-23T00:00:00Z,SVP
126964,2015-07-06T17:00:00Z,-35.29151,-47.33155,-0.1058,-0.0448,583.6666,2016-09-23T00:00:00Z,SVP
126964,2015-07-06T18:00:00Z,-35.28581,-47.33498,-0.0818,0.2385,246.16667,2016-09-23T00:00:00Z,SVP
126964,2015-07-06T19:00:00Z,-35.27752,-47.338,-0.0621,0.2665,156.45833,2016-09-23T00:00:00Z,SVP
126964,2015-07-06T20:00:00Z,-35.26923,-47.34081,-0.0794,0.3048,149.41667,2016-09-23T00:00:00Z,SVP
126964,2015-07-06T21:00:00Z,-35.25913,-47.34297,-0.0417,0.2681,91.33333,2016-09-23T00:00:00Z,SVP
126964,2015-07-06T22:00:00Z,-35.25082,-47.34507,0.0136,0.2151,365.54166,2016-09-23T00:00:00Z,SVP
126964,2015-07-06T23:00:00Z,-35.24389,-47.34186,0.0291,0.2146,365.54166,2016-09-23T00:00:00Z,SVP
126964,2015-07-07T00:00:00Z,-35.23677,-47.33834,-0.0124,0.1904,147.58333,2016-09-23T00:00:00Z,SVP
126964,2015-07-07T01:00:00Z,-35.23178,-47.3444,0.144,0.0701,109.041664,2016-09-23T00:00:00Z,SVP
126964,2015-07-07T02:00:00Z,-35.22933,-47.33818,0.1625,0.0155,453.45834,2016-09-23T00:00:00Z,SVP
126964,2015-07-07T03:00:00Z,-35.22896,-47.33204,0.1623,0.0139,453.45834,2016-09-23T00:00:00Z,SVP
126964,2015-07-07T04:00:00Z,-35.22807,-47.32584,0.1624,0.0147,453.45834,2016-09-23T00:00:00Z,SVP
126964,2015-07-07T05:00:00Z,-35.22723,-47.32021,0.1347,-0.0057,246.16667,2016-09-23T00:00:00Z,SVP
126964,2015-07-07T06:00:00Z,-35.22911,-47.31361,0.1447,-0.0085,246.16667,2016-09-23T00:00:00Z,SVP
126964,2015-07-07T07:00:00Z,-35.2282,-47.33055,-0.1072,0.2851,133.66667,2016-09-23T00:00:00Z,SVP
126964,2015-07-07T08:00:00Z,-35.21943,-47.3361,-0.1851,0.2696,158.08334,2016-09-23T00:00:00Z,SVP
126964,2015-07-07T09:00:00Z,-35.21335,-47.34247,-0.0374,0.2109,172.20833,2016-09-23T00:00:00Z,SVP
126964,2015-07-07T10:00:00Z,-35.20786,-47.34536,-0.0413,0.2962,210.91667,2016-09-23T00:00:00Z,SVP
126964,2015-07-07T11:00:00Z,-35.19768,-47.34489,-0.0253,0.295,210.91667,2016-09-23T00:00:00Z,SVP
126964,2015-07-07T12:00:00Z,-35.18795,-47.349,-0.1114,0.3128,242.54167,2016-09-23T00:00:00Z,SVP
126964,2015-07-07T13:00:00Z,-35.17802,-47.35508,0.1549,0.0749,615.2917,2016-09-23T00:00:00Z,SVP
126964,2015-07-07T14:00:00Z,-35.17641,-47.34791,0.1521,0.075,615.2917,2016-09-23T00:00:00Z,SVP
126964,2015-07-07T15:00:00Z,-35.17413,-47.33354,0.086,0.0745,615.2917,2016-09-23T00:00:00Z,SVP
126964,2015-07-07T16:00:00Z,-35.17128,-47.32987,0.0851,0.0725,615.2917,2016-09-23T00:00:00Z,SVP
126964,2015-07-07T17:00:00Z,-35.16765,-47.32628,0.0843,0.0693,615.2917,2016-09-23T00:00:00Z,SVP
126964,2015-07-07T18:00:00Z,-35.16854,-47.3228,0.1578,-0.0399,242.54167,2016-09-23T00:00:00Z,SVP
126964,2015-07-07T19:00:00Z,-35.16991,-47.31766,0.1281,-0.0585,130.04166,2016-09-23T00:00:00Z,SVP
126964,2015-07-07T20:00:00Z,-35.17046,-47.31552,-0.1233,0.0319,144.16667,2016-09-23T00:00:00Z,SVP
126964,2015-07-07T21:00:00Z,-35.1673,-47.31955,-0.0916,0.1337,98.416664,2016-09-23T00:00:00Z,SVP
126964,2015-07-07T22:00:00Z,-35.16232,-47.32216,-0.0586,0.1842,158.25,2016-09-23T00:00:00Z,SVP
126964,2015-07-07T23:00:00Z,-35.15589,-47.33123,-0.2384,0.2027,358.6667,2016-09-23T00:00:00Z,SVP
126964,2015-07-08T00:00:00Z,-35.14927,-47.34183,-0.2299,0.2031,358.6667,2016-09-23T00:00:00Z,SVP
126964,2015-07-08T01:00:00Z,-35.1415,-47.34977,-0.2189,0.252,108.91667,2016-09-23T00:00:00Z,SVP
126964,2015-07-08T02:00:00Z,-35.12952,-47.35593,-0.1149,0.357,130.04166,2016-09-23T00:00:00Z,SVP
126964,2015-07-08T03:00:00Z,-35.12345,-47.35972,-0.0772,0.1419,344.54166,2016-09-23T00:00:00Z,SVP
126964,2015-07-08T04:00:00Z,-35.11856,-47.3629,-0.0751,0.1335,344.54166,2016-09-23T00:00:00Z,SVP
126964,2015-07-08T05:00:00Z,-35.11644,-47.36212,0.0973,0.0091,379.66666,2016-09-23T00:00:00Z,SVP
126964,2015-07-08T06:00:00Z,-35.11678,-47.35743,0.0935,0.0138,379.66666,2016-09-23T00:00:00Z,SVP
126964,2015-07-08T07:00:00Z,-35.1166,-47.35261,0.0515,0.0177,379.66666,2016-09-23T00:00:00Z,SVP
126964,2015-07-08T08:00:00Z,-35.11724,-47.35107,0.0307,-0.0244,119.54167,2016-09-23T00:00:00Z,SVP
126964,2015-07-08T09:00:00Z,-35.11733,-47.35013,-0.0877,0.0617,126.58333,2016-09-23T00:00:00Z,SVP
126964,2015-07-08T10:00:00Z,-35.11307,-47.35568,-0.1664,0.1562,228.45833,2016-09-23T00:00:00Z,SVP
126964,2015-07-08T11:00:00Z,-35.10645,-47.36074,-0.207,0.1927,140.70834,2016-09-23T00:00:00Z,SVP
126964,2015-07-08T12:00:00Z,-35.10224,-47.37105,-0.0339,0.2745,116.083336,2016-09-23T00:00:00Z,SVP
126964,2015-07-08T13:00:00Z,-35.09292,-47.37322,0.0021,0.267,629.25006,2016-09-23T00:00:00Z,SVP
126964,2015-07-08T14:00:00Z,-35.08458,-47.37274,0.0031,0.2662,629.25006,2016-09-23T00:00:00Z,SVP
126964,2015-07-08T15:00:00Z,-35.07591,-47.37268,0.0033,0.266,629.25006,2016-09-23T00:00:00Z,SVP
126964,2015-07-08T16:00:00Z,-35.067,-47.3729,0.0032,0.266,629.25006,2016-09-23T00:00:00Z,SVP
126964,2015-07-08T17:00:00Z,-35.05819,-47.3729,0.0636,0.1599,246.16667,2016-09-23T00:00:00Z,SVP
126964,2015-07-08T18:00:00Z,-35.05343,-47.36915,0.0575,0.1498,246.16667,2016-09-23T00:00:00Z,SVP
126964,2015-07-08T19:00:00Z,-35.05097,-47.36739,0.0536,0.0859,130.04166,2016-09-23T00:00:00Z,SVP
126964,2015-07-08T20:00:00Z,-35.04925,-47.36694,0.0018,0.0073,112.5,2016-09-23T00:00:00Z,SVP
126964,2015-07-08T21:00:00Z,-35.05047,-47.36652,-0.0736,-0.0346,119.54167,2016-09-23T00:00:00Z,SVP
126964,2015-07-08T22:00:00Z,-35.05078,-47.3701,-0.1452,0.0841,362.08334,2016-09-23T00:00:00Z,SVP
126964,2015-07-08T23:00:00Z,-35.04736,-47.37632,-0.1485,0.0879,362.08334,2016-09-23T00:00:00Z,SVP
126964,2015-07-09T00:00:00Z,-35.04452,-47.3822,-0.149,0.0889,362.08334,2016-09-23T00:00:00Z,SVP
126964,2015-07-09T01:00:00Z,-35.03829,-47.389,-0.0735,0.2087,140.70834,2016-09-23T00:00:00Z,SVP
126964,2015-07-09T02:00:00Z,-35.02799,-47.39427,0.009,0.1267,358.6667,2016-09-23T00:00:00Z,SVP
126964,2015-07-09T03:00:00Z,-35.0244,-47.39369,0.0098,0.1286,358.6667,2016-09-23T00:00:00Z,SVP
126964,2015-07-09T04:00:00Z,-35.02013,-47.3936,0.012,0.1261,358.6667,2016-09-23T00:00:00Z,SVP
126964,2015-07-09T05:00:00Z,-35.01722,-47.38973,0.1061,0.088,242.54167,2016-09-23T00:00:00Z,SVP
126964,2015-07-09T06:00:00Z,-35.01472,-47.38468,0.1461,0.0717,137.08333,2016-09-23T00:00:00Z,SVP
126964,2015-07-09T07:00:00Z,-35.01226,-47.37805,0.2691,0.0767,84.458336,2016-09-23T00:00:00Z,SVP
126964,2015-07-09T08:00:00Z,-35.00995,-47.36695,0.3049,0.0685,158.25,2016-09-23T00:00:00Z,SVP
126964,2015-07-09T09:00:00Z,-35.00814,-47.35858,0.0123,0.0538,246.16667,2016-09-23T00:00:00Z,SVP
126964,2015-07-09T10:00:00Z,-35.00829,-47.35874,0.0086,0.0197,246.16667,2016-09-23T00:00:00Z,SVP
126964,2015-07-09T11:00:00Z,-35.00704,-47.35921,-0.0389,0.3478,151.20834,2016-09-23T00:00:00Z,SVP
126964,2015-07-09T12:00:00Z,-34.99584,-47.36298,-0.1352,0.3402,98.416664,2016-09-23T00:00:00Z,SVP
126964,2015-07-09T13:00:00Z,-34.98649,-47.36778,-0.1169,0.2537,144.16667,2016-09-23T00:00:00Z,SVP
126964,2015-07-09T14:00:00Z,-34.97955,-47.3666,0.0388,0.1961,530.8334,2016-09-23T00:00:00Z,SVP
126964,2015-07-09T15:00:00Z,-34.97306,-47.36467,0.0388,0.1962,530.8334,2016-09-23T00:00:00Z,SVP
126964,2015-07-09T16:00:00Z,-34.96618,-47.36259,0.0385,0.1971,530.8334,2016-09-23T00:00:00Z,SVP
126964,2015-07-09T17:00:00Z,-34.95976,-47.3614,0.0218,0.1351,235.66666,2016-09-23T00:00:00Z,SVP
126964,2015-07-09T18:00:00Z,-34.95628,-47.3615,0.0211,0.1439,235.66666,2016-09-23T00:00:00Z,SVP
126964,2015-07-09T19:00:00Z,-34.95523,-47.35739,0.0902,0.0231,210.91667,2016-09-23T00:00:00Z,SVP
126964,2015-07-09T20:00:00Z,-34.95424,-47.35254,0.106,0.0304,66.75,2016-09-23T00:00:00Z,SVP
126964,2015-07-09T21:00:00Z,-34.95133,-47.35398,-0.1306,0.1263,182.83333,2016-09-23T00:00:00Z,SVP
126964,2015-07-09T22:00:00Z,-34.94542,-47.35729,0.1798,0.1491,428.8333,2016-09-23T00:00:00Z,SVP
126964,2015-07-09T23:00:00Z,-34.94113,-47.34906,0.1709,0.1518,428.8333,2016-09-23T00:00:00Z,SVP
126964,2015-07-10T00:00:00Z,-34.93625,-47.34209,0.1682,0.1516,428.8333,2016-09-23T00:00:00Z,SVP
126964,2015-07-10T01:00:00Z,-34.932,-47.3361,0.1773,0.0978,123.0,2016-09-23T00:00:00Z,SVP
126964,2015-07-10T02:00:00Z,-34.93244,-47.33175,0.0606,-0.026,126.58333,2016-09-23T00:00:00Z,SVP
126964,2015-07-10T03:00:00Z,-34.93208,-47.33084,0.0051,0.0389,270.74997,2016-09-23T00:00:00Z,SVP
126964,2015-07-10T04:00:00Z,-34.93102,-47.32923,0.0138,0.0469,270.74997,2016-09-23T00:00:00Z,SVP
126964,2015-07-10T05:00:00Z,-34.9269,-47.33185,-0.0344,0.1311,242.54167,2016-09-23T00:00:00Z,SVP
126964,2015-07-10T06:00:00Z,-34.92249,-47.33396,-0.0564,0.1772,133.66667,2016-09-23T00:00:00Z,SVP
126964,2015-07-10T07:00:00Z,-34.91668,-47.33476,0.2054,0.1429,246.16667,2016-09-23T00:00:00Z,SVP
126964,2015-07-10T08:00:00Z,-34.91104,-47.32545,0.1988,0.1379,246.16667,2016-09-23T00:00:00Z,SVP
126964,2015-07-10T09:00:00Z,-34.90717,-47.31828,0.1835,0.1163,210.91667,2016-09-23T00:00:00Z,SVP
126964,2015-07-10T10:00:00Z,-34.90325,-47.31081,0.178,0.1105,210.91667,2016-09-23T00:00:00Z,SVP
126964,2015-07-10T11:00:00Z,-34.90079,-47.30678,0.1118,0.081,288.2917,2016-09-23T00:00:00Z,SVP
126964,2015-07-10T12:00:00Z,-34.89878,-47.30157,-0.0184,0.1723,144.16667,2016-09-23T00:00:00Z,SVP
126964,2015-07-10T13:00:00Z,-34.89402,-47.30207,-0.0288,0.1594,534.4583,2016-09-23T00:00:00Z,SVP
126964,2015-07-10T14:00:00Z,-34.88761,-47.3033,-0.0286,0.1816,534.4583,2016-09-23T00:00:00Z,SVP
126964,2015-07-10T15:00:00Z,-34.88116,-47.30454,-0.0283,0.1853,534.4583,2016-09-23T00:00:00Z,SVP
126964,2015-07-10T16:00:00Z,-34.87443,-47.30589,-0.0277,0.1878,534.4583,2016-09-23T00:00:00Z,SVP
126964,2015-07-10T17:00:00Z,-34.87137,-47.30644,-0.0066,9.0E-4,242.54167,2016-09-23T00:00:00Z,SVP
126964,2015-07-10T18:00:00Z,-34.87216,-47.30659,-0.0039,0.0121,242.54167,2016-09-23T00:00:00Z,SVP
126964,2015-07-10T19:00:00Z,-34.87029,-47.30191,0.0647,0.0419,228.45833,2016-09-23T00:00:00Z,SVP
126964,2015-07-10T20:00:00Z,-34.8675,-47.29577,0.0597,0.1224,221.54167,2016-09-23T00:00:00Z,SVP
126964,2015-07-10T21:00:00Z,-34.86309,-47.30153,0.0419,0.1268,221.54167,2016-09-23T00:00:00Z,SVP
126964,2015-07-10T22:00:00Z,-34.85917,-47.29324,0.2377,0.1258,225.0,2016-09-23T00:00:00Z,SVP
126964,2015-07-10T23:00:00Z,-34.85502,-47.28501,0.2264,0.089,256.66666,2016-09-23T00:00:00Z,SVP
126964,2015-07-11T00:00:00Z,-34.85376,-47.27471,0.2311,0.0918,256.66666,2016-09-23T00:00:00Z,SVP
126964,2015-07-11T01:00:00Z,-34.84979,-47.27061,-0.0112,0.07,130.04166,2016-09-23T00:00:00Z,SVP
126964,2015-07-11T02:00:00Z,-34.84779,-47.27146,0.107,0.1473,298.7917,2016-09-23T00:00:00Z,SVP
126964,2015-07-11T03:00:00Z,-34.8388,-47.26681,0.1063,0.1812,298.7917,2016-09-23T00:00:00Z,SVP
126964,2015-07-11T04:00:00Z,-34.831,-47.26332,0.1335,-0.0079,242.54167,2016-09-23T00:00:00Z,SVP
126964,2015-07-11T05:00:00Z,-34.83168,-47.25753,0.1353,-0.0076,242.54167,2016-09-23T00:00:00Z,SVP
126964,2015-07-11T06:00:00Z,-34.83119,-47.25418,0.0593,0.0205,123.0,2016-09-23T00:00:00Z,SVP
126964,2015-07-11T07:00:00Z,-34.82928,-47.25283,0.0084,0.0937,256.66666,2016-09-23T00:00:00Z,SVP
126964,2015-07-11T08:00:00Z,-34.82644,-47.25228,0.0076,0.0982,256.66666,2016-09-23T00:00:00Z,SVP
126964,2015-07-11T09:00:00Z,-34.81737,-47.25156,0.0247,0.2603,217.95833,2016-09-23T00:00:00Z,SVP
126964,2015-07-11T10:00:00Z,-34.80996,-47.24566,0.1178,0.2326,312.91666,2016-09-23T00:00:00Z,SVP
126964,2015-07-11T11:00:00Z,-34.8026,-47.23997,0.1137,0.2288,312.91666,2016-09-23T00:00:00Z,SVP
126964,2015-07-11T12:00:00Z,-34.79595,-47.23577,0.0362,0.1472,133.66667,2016-09-23T00:00:00Z,SVP
126964,2015-07-11T13:00:00Z,-34.79159,-47.23596,-0.0135,0.105,105.458336,2016-09-23T00:00:00Z,SVP
126964,2015-07-11T14:00:00Z,-34.78645,-47.23241,0.0739,0.1579,460.5,2016-09-23T00:00:00Z,SVP
126964,2015-07-11T15:00:00Z,-34.78196,-47.22891,0.0729,0.1564,460.5,2016-09-23T00:00:00Z,SVP
126964,2015-07-11T16:00:00Z,-34.78919,-47.22545,0.0718,0.0459,460.5,2016-09-23T00:00:00Z,SVP
126964,2015-07-11T17:00:00Z,-34.77267,-47.22302,0.1,0.1323,246.16667,2016-09-23T00:00:00Z,SVP
126964,2015-07-11T18:00:00Z,-34.76582,-47.21987,0.2087,0.0436,372.5833,2016-09-23T00:00:00Z,SVP
126964,2015-07-11T19:00:00Z,-34.7649,-47.20958,0.2303,0.0456,372.5833,2016-09-23T00:00:00Z,SVP
126964,2015-07-11T20:00:00Z,-34.76382,-47.19884,0.2235,0.0487,372.5833,2016-09-23T00:00:00Z,SVP
126964,2015-07-11T21:00:00Z,-34.76141,-47.19239,0.1319,0.0707,256.66666,2016-09-23T00:00:00Z,SVP
126964,2015-07-11T22:00:00Z,-34.75913,-47.1892,0.1639,0.074,256.66666,2016-09-23T00:00:00Z,SVP
126964,2015-07-11T23:00:00Z,-34.75137,-47.18304,0.1186,0.2065,274.2083,2016-09-23T00:00:00Z,SVP
126964,2015-07-12T00:00:00Z,-34.74513,-47.17771,0.1219,0.2678,137.08333,2016-09-23T00:00:00Z,SVP
126964,2015-07-12T01:00:00Z,-34.73561,-47.17339,0.1854,0.2146,115.958336,2016-09-23T00:00:00Z,SVP
126964,2015-07-12T02:00:00Z,-34.73043,-47.16615,0.2078,0.1174,309.45834,2016-09-23T00:00:00Z,SVP
126964,2015-07-12T03:00:00Z,-34.72411,-47.15721,0.2094,0.1567,309.45834,2016-09-23T00:00:00Z,SVP
126964,2015-07-12T04:00:00Z,-34.72017,-47.14804,0.1209,0.0296,253.20834,2016-09-23T00:00:00Z,SVP
126964,2015-07-12T05:00:00Z,-34.72247,-47.14281,0.1066,0.0639,253.20834,2016-09-23T00:00:00Z,SVP
126964,2015-07-12T06:00:00Z,-34.71987,-47.13883,0.0897,0.093,358.6667,2016-09-23T00:00:00Z,SVP
126964,2015-07-12T07:00:00Z,-34.71679,-47.13637,0.0875,0.095,358.6667,2016-09-23T00:00:00Z,SVP
126964,2015-07-12T08:00:00Z,-34.71381,-47.13339,0.1917,0.1241,186.29166,2016-09-23T00:00:00Z,SVP
126964,2015-07-12T09:00:00Z,-34.70857,-47.12519,0.2106,0.1271,186.29166,2016-09-23T00:00:00Z,SVP
126964,2015-07-12T10:00:00Z,-34.70896,-47.11022,0.3642,-0.0241,175.79167,2016-09-23T00:00:00Z,SVP
126964,2015-07-12T11:00:00Z,-34.70791,-47.09595,0.3267,0.0649,87.91667,2016-09-23T00:00:00Z,SVP
126964,2015-07-12T12:00:00Z,-34.70579,-47.08727,0.1114,0.1062,144.16667,2016-09-23T00:00:00Z,SVP
126964,2015-07-12T13:00:00Z,-34.7013,-47.08015,0.1446,0.1096,1188.2916,2016-09-23T00:00:00Z,SVP
126964,2015-07-12T14:00:00Z,-34.69751,-47.07448,0.1446,0.1096,1188.2916,2016-09-23T00:00:00Z,SVP
126964,2015-07-12T15:00:00Z,-34.6939,-47.0689,0.1442,0.1096,1188.2916,2016-09-23T00:00:00Z,SVP
126964,2015-07-12T16:00:00Z,-34.69037,-47.06948,0.1086,0.1096,1188.2916,2016-09-23T00:00:00Z,SVP
126964,2015-07-12T17:00:00Z,-34.68688,-47.06537,0.1083,0.1097,1188.2916,2016-09-23T00:00:00Z,SVP
126964,2015-07-12T18:00:00Z,-34.68347,-47.06134,0.1079,0.1098,1188.2916,2016-09-23T00:00:00Z,SVP
126964,2015-07-12T19:00:00Z,-34.68019,-47.05746,0.1074,0.1101,1188.2916,2016-09-23T00:00:00Z,SVP
126964,2015-07-12T20:00:00Z,-34.67728,-47.05387,0.1068,0.111,1188.2916,2016-09-23T00:00:00Z,SVP
126964,2015-07-12T21:00:00Z,-34.673,-47.04113,0.2809,0.1118,249.58333,2016-09-23T00:00:00Z,SVP
126964,2015-07-12T22:00:00Z,-34.66857,-47.02608,0.2078,0.0297,404.4167,2016-09-23T00:00:00Z,SVP
126964,2015-07-12T23:00:00Z,-34.66881,-47.01872,0.2125,0.039,404.4167,2016-09-23T00:00:00Z,SVP
126964,2015-07-13T00:00:00Z,-34.66804,-47.01045,0.2115,0.0449,404.4167,2016-09-23T00:00:00Z,SVP
126964,2015-07-13T01:00:00Z,-34.66572,-47.00409,0.1649,0.0553,115.958336,2016-09-23T00:00:00Z,SVP
126964,2015-07-13T02:00:00Z,-34.66175,-46.99711,0.1718,0.1181,140.70834,2016-09-23T00:00:00Z,SVP
126964,2015-07-13T03:00:00Z,-34.65872,-46.99089,0.1745,0.0865,446.54166,2016-09-23T00:00:00Z,SVP
126964,2015-07-13T04:00:00Z,-34.65551,-46.98391,0.1739,0.0886,446.54166,2016-09-23T00:00:00Z,SVP
126964,2015-07-13T05:00:00Z,-34.65169,-46.97659,0.1716,0.0922,446.54166,2016-09-23T00:00:00Z,SVP
126964,2015-07-13T06:00:00Z,-34.65402,-46.97016,0.1655,-0.0427,333.9167,2016-09-23T00:00:00Z,SVP
126964,2015-07-13T07:00:00Z,-34.65764,-46.96402,0.1655,0.005,333.9167,2016-09-23T00:00:00Z,SVP
126964,2015-07-13T08:00:00Z,-34.65523,-46.95772,0.1567,0.1153,165.29167,2016-09-23T00:00:00Z,SVP
126964,2015-07-13T09:00:00Z,-34.65073,-46.95148,0.1739,0.1542,84.458336,2016-09-23T00:00:00Z,SVP
126964,2015-07-13T10:00:00Z,-34.64612,-46.94309,0.2257,0.1312,172.20833,2016-09-23T00:00:00Z,SVP
126964,2015-07-13T11:00:00Z,-34.64332,-46.92076,-0.0168,0.0903,137.08333,2016-09-23T00:00:00Z,SVP
126964,2015-07-13T12:00:00Z,-34.63984,-46.92182,-0.03,0.0783,112.5,2016-09-23T00:00:00Z,SVP
126964,2015-07-13T13:00:00Z,-34.63762,-46.91854,0.1739,0.0574,738.2917,2016-09-23T00:00:00Z,SVP
126964,2015-07-13T14:00:00Z,-34.63563,-46.91115,0.174,0.0577,738.2917,2016-09-23T00:00:00Z,SVP
126964,2015-07-13T15:00:00Z,-34.63359,-46.90425,0.1741,0.0581,738.2917,2016-09-23T00:00:00Z,SVP
126964,2015-07-13T16:00:00Z,-34.63141,-46.89761,0.1745,0.0587,738.2917,2016-09-23T00:00:00Z,SVP
126964,2015-07-13T17:00:00Z,-34.62887,-46.89132,0.1753,0.06,738.2917,2016-09-23T00:00:00Z,SVP
126964,2015-07-13T18:00:00Z,-34.62759,-46.88323,0.2517,0.0388,256.66666,2016-09-23T00:00:00Z,SVP
126964,2015-07-13T19:00:00Z,-34.62761,-46.8729,0.2567,0.0426,256.66666,2016-09-23T00:00:00Z,SVP
126964,2015-07-13T20:00:00Z,-34.62221,-46.86701,0.0445,0.2989,56.25,2016-09-23T00:00:00Z,SVP
126964,2015-07-13T21:00:00Z,-34.61277,-46.86479,0.0306,0.2822,189.91667,2016-09-23T00:00:00Z,SVP
126964,2015-07-13T22:00:00Z,-34.60879,-46.8552,0.3092,0.0898,421.95834,2016-09-23T00:00:00Z,SVP
126964,2015-07-13T23:00:00Z,-34.60686,-46.84248,0.3048,0.101,421.95834,2016-09-23T00:00:00Z,SVP
126964,2015-07-14T00:00:00Z,-34.60398,-46.83056,0.3085,0.1091,421.95834,2016-09-23T00:00:00Z,SVP
126964,2015-07-14T01:00:00Z,-34.60074,-46.81881,0.1984,0.073,604.6667,2016-09-23T00:00:00Z,SVP
126964,2015-07-14T02:00:00Z,-34.5999,-46.81305,0.1985,0.0452,604.6667,2016-09-23T00:00:00Z,SVP
126964,2015-07-14T03:00:00Z,-34.59783,-46.80584,0.1977,0.0506,604.6667,2016-09-23T00:00:00Z,SVP
126964,2015-07-14T04:00:00Z,-34.59231,-46.79883,0.1964,0.0825,604.6667,2016-09-23T00:00:00Z,SVP
126964,2015-07-14T05:00:00Z,-34.58781,-46.79374,0.2118,-0.0999,302.4167,2016-09-23T00:00:00Z,SVP
126964,2015-07-14T06:00:00Z,-34.59224,-46.78307,0.1841,-0.0804,302.4167,2016-09-23T00:00:00Z,SVP
126964,2015-07-14T07:00:00Z,-34.59583,-46.77416,0.1321,0.0138,87.91667,2016-09-23T00:00:00Z,SVP
126964,2015-07-14T08:00:00Z,-34.59473,-46.76931,0.1519,0.052,154.66667,2016-09-23T00:00:00Z,SVP
126964,2015-07-14T09:00:00Z,-34.59364,-46.76257,0.1833,0.0303,77.41667,2016-09-23T00:00:00Z,SVP
126964,2015-07-14T10:00:00Z,-34.59134,-46.75352,0.2939,0.0973,281.25,2016-09-23T00:00:00Z,SVP
126964,2015-07-14T11:00:00Z,-34.58794,-46.742,0.2967,0.0944,281.25,2016-09-23T00:00:00Z,SVP
126964,2015-07-14T12:00:00Z,-34.58749,-46.72974,0.3219,-0.0439,108.91667,2016-09-23T00:00:00Z,SVP
126964,2015-07-14T13:00:00Z,-34.58846,-46.72143,0.2116,0.0085,140.70834,2016-09-23T00:00:00Z,SVP
126964,2015-07-14T14:00:00Z,-34.58815,-46.71167,0.2025,0.0443,625.7917,2016-09-23T00:00:00Z,SVP
126964,2015-07-14T15:00:00Z,-34.58643,-46.7039,0.2031,0.043,625.7917,2016-09-23T00:00:00Z,SVP
126964,2015-07-14T16:00:00Z,-34.58485,-46.69631,0.2042,0.0419,625.7917,2016-09-23T00:00:00Z,SVP
126964,2015-07-14T17:00:00Z,-34.58328,-46.6889,0.2074,0.0403,625.7917,2016-09-23T00:00:00Z,SVP
126964,2015-07-14T18:00:00Z,-34.58299,-46.6777,0.3096,0.009,260.0833,2016-09-23T00:00:00Z,SVP
126964,2015-07-14T19:00:00Z,-34.58252,-46.66323,0.2663,0.0045,260.0833,2016-09-23T00:00:00Z,SVP
126964,2015-07-14T20:00:00Z,-34.58338,-46.65521,0.1595,0.0604,140.70834,2016-09-23T00:00:00Z,SVP
126964,2015-07-14T21:00:00Z,-34.58064,-46.64865,0.1688,0.1024,102.0,2016-09-23T00:00:00Z,SVP
126964,2015-07-14T22:00:00Z,-34.57728,-46.64176,0.1944,0.0923,358.6667,2016-09-23T00:00:00Z,SVP
126964,2015-07-14T23:00:00Z,-34.57439,-46.63402,0.1957,0.0916,358.6667,2016-09-23T00:00:00Z,SVP
126964,2015-07-15T00:00:00Z,-34.57241,-46.62696,0.1928,0.058,105.458336,2016-09-23T00:00:00Z,SVP
126964,2015-07-15T01:00:00Z,-34.57167,-46.61976,0.114,-0.0594,126.58333,2016-09-23T00:00:00Z,SVP
126964,2015-07-15T02:00:00Z,-34.57306,-46.61646,0.0732,-0.0131,116.083336,2016-09-23T00:00:00Z,SVP
126964,2015-07-15T03:00:00Z,-34.57141,-46.60424,0.2705,0.0611,393.75,2016-09-23T00:00:00Z,SVP
126964,2015-07-15T04:00:00Z,-34.5693,-46.59342,0.2707,0.0613,393.75,2016-09-23T00:00:00Z,SVP
126964,2015-07-15T05:00:00Z,-34.56824,-46.58398,0.3203,0.0528,249.58333,2016-09-23T00:00:00Z,SVP
126964,2015-07-15T06:00:00Z,-34.56629,-46.57129,0.3201,0.0503,249.58333,2016-09-23T00:00:00Z,SVP
126964,2015-07-15T07:00:00Z,-34.56701,-46.5579,0.3649,-0.1252,126.58333,2016-09-23T00:00:00Z,SVP
126964,2015-07-15T08:00:00Z,-34.5714,-46.54183,0.4035,-0.1404,126.58333,2016-09-23T00:00:00Z,SVP
126964,2015-07-15T09:00:00Z,-34.57308,-46.53706,0.1195,-0.0137,305.83334,2016-09-23T00:00:00Z,SVP
126964,2015-07-15T10:00:00Z,-34.57498,-46.53203,0.1231,-0.0227,305.83334,2016-09-23T00:00:00Z,SVP
126964,2015-07-15T11:00:00Z,-34.578,-46.52874,0.26,0.1296,140.70834,2016-09-23T00:00:00Z,SVP
126964,2015-07-15T12:00:00Z,-34.57246,-46.51771,0.2751,0.0819,133.66667,2016-09-23T00:00:00Z,SVP
126964,2015-07-15T13:00:00Z,-34.57125,-46.50739,0.2755,-0.0297,664.49994,2016-09-23T00:00:00Z,SVP
126964,2015-07-15T14:00:00Z,-34.57268,-46.49637,0.2754,-0.0327,664.49994,2016-09-23T00:00:00Z,SVP
126964,2015-07-15T15:00:00Z,-34.57424,-46.48545,0.2753,-0.0355,664.49994,2016-09-23T00:00:00Z,SVP
126964,2015-07-15T16:00:00Z,-34.57611,-46.47455,0.2752,-0.0387,664.49994,2016-09-23T00:00:00Z,SVP
126964,2015-07-15T17:00:00Z,-34.57842,-46.4636,0.275,-0.0415,664.49994,2016-09-23T00:00:00Z,SVP
126964,2015-07-15T18:00:00Z,-34.57673,-46.4527,0.2799,0.1,246.16667,2016-09-23T00:00:00Z,SVP
126964,2015-07-15T19:00:00Z,-34.57376,-46.44127,0.3255,0.1052,126.58333,2016-09-23T00:00:00Z,SVP
126964,2015-07-15T20:00:00Z,-34.5711,-46.42748,0.3608,-0.0322,91.33333,2016-09-23T00:00:00Z,SVP
126964,2015-07-15T21:00:00Z,-34.5737,-46.4174,0.1018,-0.1045,151.20834,2016-09-23T00:00:00Z,SVP
126964,2015-07-15T22:00:00Z,-34.57564,-46.41613,0.0349,-0.0454,137.08333,2016-09-23T00:00:00Z,SVP
126964,2015-07-15T23:00:00Z,-34.5763,-46.40774,0.2172,-0.0061,302.4167,2016-09-23T00:00:00Z,SVP
126964,2015-07-16T00:00:00Z,-34.57646,-46.39916,0.2246,-0.0059,302.4167,2016-09-23T00:00:00Z,SVP
126964,2015-07-16T01:00:00Z,-34.57719,-46.3896,0.2513,-0.0207,137.08333,2016-09-23T00:00:00Z,SVP
126964,2015-07-16T02:00:00Z,-34.57943,-46.38763,0.2746,-0.0763,414.9167,2016-09-23T00:00:00Z,SVP
126964,2015-07-16T03:00:00Z,-34.58183,-46.37136,0.262,-0.076,414.9167,2016-09-23T00:00:00Z,SVP
126964,2015-07-16T04:00:00Z,-34.58442,-46.35922,0.2517,-0.0755,414.9167,2016-09-23T00:00:00Z,SVP
126964,2015-07-16T05:00:00Z,-34.58628,-46.34968,0.1579,-0.0309,235.50002,2016-09-23T00:00:00Z,SVP
126964,2015-07-16T06:00:00Z,-34.58708,-46.34438,0.1667,-0.0272,235.50002,2016-09-23T00:00:00Z,SVP
126964,2015-07-16T07:00:00Z,-34.58563,-46.33643,0.1908,0.0387,137.08333,2016-09-23T00:00:00Z,SVP
126964,2015-07-16T08:00:00Z,-34.58425,-46.32515,0.3149,-0.015,115.958336,2016-09-23T00:00:00Z,SVP
126964,2015-07-16T09:00:00Z,-34.58521,-46.31346,0.2466,-0.0666,246.16667,2016-09-23T00:00:00Z,SVP
126964,2015-07-16T10:00:00Z,-34.58771,-46.3042,0.2448,-0.068,246.16667,2016-09-23T00:00:00Z,SVP
126964,2015-07-16T11:00:00Z,-34.5896,-46.29593,0.2017,-0.069,189.91667,2016-09-23T00:00:00Z,SVP
126964,2015-07-16T12:00:00Z,-34.59117,-46.28969,0.132,-0.0355,140.70834,2016-09-23T00:00:00Z,SVP
126964,2015-07-16T13:00:00Z,-34.59093,-46.28298,0.2119,0.0175,119.54167,2016-09-23T00:00:00Z,SVP
126964,2015-07-16T14:00:00Z,-34.59077,-46.27542,0.235,0.0146,573.0,2016-09-23T00:00:00Z,SVP
126964,2015-07-16T15:00:00Z,-34.59029,-46.26522,0.2306,0.0145,573.0,2016-09-23T00:00:00Z,SVP
126964,2015-07-16T16:00:00Z,-34.5897,-46.25558,0.2276,0.0139,573.0,2016-09-23T00:00:00Z,SVP
126964,2015-07-16T17:00:00Z,-34.58893,-46.24586,0.2224,0.0118,573.0,2016-09-23T00:00:00Z,SVP
126964,2015-07-16T18:00:00Z,-34.58911,-46.2387,0.1814,-0.0,242.54167,2016-09-23T00:00:00Z,SVP
126964,2015-07-16T19:00:00Z,-34.58926,-46.233,0.1315,-0.0034,149.41667,2016-09-23T00:00:00Z,SVP
126964,2015-07-16T20:00:00Z,-34.58847,-46.22859,0.115,0.0601,68.541664,2016-09-23T00:00:00Z,SVP
126964,2015-07-16T21:00:00Z,-34.58424,-46.22243,0.1458,0.1422,151.20834,2016-09-23T00:00:00Z,SVP
126964,2015-07-16T22:00:00Z,-34.58168,-46.21475,0.2873,0.0014,319.9583,2016-09-23T00:00:00Z,SVP
126964,2015-07-16T23:00:00Z,-34.58241,-46.20261,0.2873,-0.0027,319.9583,2016-09-23T00:00:00Z,SVP
126964,2015-07-17T00:00:00Z,-34.5838,-46.1917,0.292,-0.037,123.0,2016-09-23T00:00:00Z,SVP
126964,2015-07-17T01:00:00Z,-34.58249,-46.18355,0.1803,0.0448,112.5,2016-09-23T00:00:00Z,SVP
126964,2015-07-17T02:00:00Z,-34.58362,-46.17987,0.2333,0.0883,428.8333,2016-09-23T00:00:00Z,SVP
126964,2015-07-17T03:00:00Z,-34.57958,-46.1699,0.2268,0.0768,428.8333,2016-09-23T00:00:00Z,SVP
126964,2015-07-17T04:00:00Z,-34.57662,-46.16085,0.2254,0.0693,428.8333,2016-09-23T00:00:00Z,SVP
126964,2015-07-17T05:00:00Z,-34.57506,-46.15173,0.2497,0.0758,260.0833,2016-09-23T00:00:00Z,SVP
126964,2015-07-17T06:00:00Z,-34.57294,-46.14219,0.2498,0.0757,260.0833,2016-09-23T00:00:00Z,SVP
126964,2015-07-17T07:00:00Z,-34.57292,-46.13334,0.1844,-0.0431,73.791664,2016-09-23T00:00:00Z,SVP
126964,2015-07-17T08:00:00Z,-34.57455,-46.12563,0.2079,-0.0375,172.33334,2016-09-23T00:00:00Z,SVP
126964,2015-07-17T09:00:00Z,-34.57615,-46.11688,0.2392,-0.0319,80.83333,2016-09-23T00:00:00Z,SVP
126964,2015-07-17T10:00:00Z,-34.57445,-46.10697,0.2519,0.1075,225.0,2016-09-23T00:00:00Z,SVP
126964,2015-07-17T11:00:00Z,-34.57085,-46.09607,0.2579,0.1097,225.0,2016-09-23T00:00:00Z,SVP
126964,2015-07-17T12:00:00Z,-34.56604,-46.09109,0.1259,0.1567,137.08333,2016-09-23T00:00:00Z,SVP
126964,2015-07-17T13:00:00Z,-34.56147,-46.08568,0.2378,0.096,597.5834,2016-09-23T00:00:00Z,SVP
126964,2015-07-17T14:00:00Z,-34.55863,-46.07623,0.2392,0.0951,597.5834,2016-09-23T00:00:00Z,SVP
126964,2015-07-17T15:00:00Z,-34.55591,-46.06739,0.2356,0.094,597.5834,2016-09-23T00:00:00Z,SVP
126964,2015-07-17T16:00:00Z,-34.55364,-46.06177,0.2096,0.0915,597.5834,2016-09-23T00:00:00Z,SVP
126964,2015-07-17T17:00:00Z,-34.55172,-46.05452,0.4051,0.1086,239.08334,2016-09-23T00:00:00Z,SVP
126964,2015-07-17T18:00:00Z,-34.5458,-46.03824,0.4014,0.1046,239.08334,2016-09-23T00:00:00Z,SVP
126964,2015-07-17T19:00:00Z,-34.54396,-46.0233,0.3816,0.0201,123.0,2016-09-23T00:00:00Z,SVP
126964,2015-07-17T20:00:00Z,-34.54313,-46.0179,0.1657,0.0934,182.83333,2016-09-23T00:00:00Z,SVP
126964,2015-07-17T21:00:00Z,-34.53966,-46.01138,0.189,0.1394,66.75,2016-09-23T00:00:00Z,SVP
126964,2015-07-17T22:00:00Z,-34.5388,-46.00411,0.1752,0.0222,333.9167,2016-09-23T00:00:00Z,SVP
126964,2015-07-17T23:00:00Z,-34.53738,-45.99783,0.1727,0.027,333.9167,2016-09-23T00:00:00Z,SVP
126964,2015-07-18T00:00:00Z,-34.53724,-45.99369,0.4246,0.0014,130.04166,2016-09-23T00:00:00Z,SVP
126964,2015-07-18T01:00:00Z,-34.53635,-45.97736,0.3992,0.1042,116.083336,2016-09-23T00:00:00Z,SVP
126964,2015-07-18T02:00:00Z,-34.53188,-45.96416,0.3146,0.1298,133.66667,2016-09-23T00:00:00Z,SVP
126964,2015-07-18T03:00:00Z,-34.52933,-45.95288,0.2772,0.0764,305.83334,2016-09-23T00:00:00Z,SVP
126964,2015-07-18T04:00:00Z,-34.52606,-45.94223,0.2779,0.0733,305.83334,2016-09-23T00:00:00Z,SVP
126964,2015-07-18T05:00:00Z,-34.52564,-45.93152,0.2671,0.0153,263.7083,2016-09-23T00:00:00Z,SVP
126964,2015-07-18T06:00:00Z,-34.52522,-45.92087,0.2245,-0.0322,130.04166,2016-09-23T00:00:00Z,SVP
126964,2015-07-18T07:00:00Z,-34.52672,-45.91275,0.1979,-0.0238,242.54167,2016-09-23T00:00:00Z,SVP
126964,2015-07-18T08:00:00Z,-34.52721,-45.90466,0.198,-0.0229,242.54167,2016-09-23T00:00:00Z,SVP
126964,2015-07-18T09:00:00Z,-34.52868,-45.89894,0.0944,-0.0614,119.54167,2016-09-23T00:00:00Z,SVP
126964,2015-07-18T10:00:00Z,-34.53167,-45.89557,0.0818,-0.0939,249.58333,2016-09-23T00:00:00Z,SVP
126964,2015-07-18T11:00:00Z,-34.53259,-45.89238,0.2872,0.4957,137.08333,2016-09-23T00:00:00Z,SVP
126964,2015-07-18T12:00:00Z,-34.51659,-45.88062,0.2852,0.4273,112.5,2016-09-23T00:00:00Z,SVP
126964,2015-07-18T13:00:00Z,-34.5097,-45.87201,0.1741,0.0541,133.66667,2016-09-23T00:00:00Z,SVP
126964,2015-07-18T14:00:00Z,-34.50685,-45.86465,0.1729,0.0517,495.58334,2016-09-23T00:00:00Z,SVP
126964,2015-07-18T15:00:00Z,-34.50593,-45.85808,0.1732,0.0463,495.58334,2016-09-23T00:00:00Z,SVP
126964,2015-07-18T16:00:00Z,-34.50559,-45.85163,0.1737,0.0405,495.58334,2016-09-23T00:00:00Z,SVP
126964,2015-07-18T17:00:00Z,-34.50412,-45.84535,0.166,0.1684,235.66666,2016-09-23T00:00:00Z,SVP
126964,2015-07-18T18:00:00Z,-34.49759,-45.83737,0.1624,0.1569,235.66666,2016-09-23T00:00:00Z,SVP
126964,2015-07-18T19:00:00Z,-34.49298,-45.83172,0.1408,0.1424,346.20834,2016-09-23T00:00:00Z,SVP
126964,2015-07-18T20:00:00Z,-34.48807,-45.82661,0.1421,0.1408,346.20834,2016-09-23T00:00:00Z,SVP
126964,2015-07-18T21:00:00Z,-34.48386,-45.82079,0.1405,0.102,532.6667,2016-09-23T00:00:00Z,SVP
126964,2015-07-18T22:00:00Z,-34.48101,-45.81491,0.1426,0.1008,532.6667,2016-09-23T00:00:00Z,SVP
126964,2015-07-18T23:00:00Z,-34.478,-45.8092,0.1433,0.1003,532.6667,2016-09-23T00:00:00Z,SVP
126964,2015-07-19T00:00:00Z,-34.47493,-45.80395,0.1422,0.1,532.6667,2016-09-23T00:00:00Z,SVP
126964,2015-07-19T01:00:00Z,-34.47105,-45.78667,0.2714,0.157,485.08334,2016-09-23T00:00:00Z,SVP
126964,2015-07-19T02:00:00Z,-34.4659,-45.7805,0.2913,0.1571,485.08334,2016-09-23T00:00:00Z,SVP
126964,2015-07-19T03:00:00Z,-34.46099,-45.77608,0.2406,0.1578,485.08334,2016-09-23T00:00:00Z,SVP
126964,2015-07-19T04:00:00Z,-34.45644,-45.7682,0.2381,0.1599,485.08334,2016-09-23T00:00:00Z,SVP
126964,2015-07-19T05:00:00Z,-34.45025,-45.75069,0.4684,0.1855,242.54167,2016-09-23T00:00:00Z,SVP
126964,2015-07-19T06:00:00Z,-34.44456,-45.73278,0.3838,0.1559,119.54167,2016-09-23T00:00:00Z,SVP
126964,2015-07-19T07:00:00Z,-34.44213,-45.72011,0.2952,0.0373,249.58333,2016-09-23T00:00:00Z,SVP
126964,2015-07-19T08:00:00Z,-34.4417,-45.70915,0.2937,0.0369,249.58333,2016-09-23T00:00:00Z,SVP
126964,2015-07-19T09:00:00Z,-34.43928,-45.70189,0.0608,0.1062,246.16667,2016-09-23T00:00:00Z,SVP
126964,2015-07-19T10:00:00Z,-34.43682,-45.7004,0.0672,0.1002,246.16667,2016-09-23T00:00:00Z,SVP
126964,2015-07-19T11:00:00Z,-34.4308,-45.69452,0.1677,0.1857,277.79166,2016-09-23T00:00:00Z,SVP
126964,2015-07-19T12:00:00Z,-34.42332,-45.68875,0.1679,0.175,277.79166,2016-09-23T00:00:00Z,SVP
126964,2015-07-19T13:00:00Z,-34.41894,-45.67877,0.2082,0.1697,133.66667,2016-09-23T00:00:00Z,SVP
126964,2015-07-19T14:00:00Z,-34.41698,-45.67073,0.2212,0.0538,520.3334,2016-09-23T00:00:00Z,SVP
126964,2015-07-19T15:00:00Z,-34.41527,-45.66235,0.2216,0.0539,520.3334,2016-09-23T00:00:00Z,SVP
126964,2015-07-19T16:00:00Z,-34.41361,-45.65405,0.2225,0.0539,520.3334,2016-09-23T00:00:00Z,SVP
126964,2015-07-19T17:00:00Z,-34.41132,-45.6456,0.2089,0.0682,235.66666,2016-09-23T00:00:00Z,SVP
126964,2015-07-19T18:00:00Z,-34.40937,-45.63635,0.2093,0.0697,235.66666,2016-09-23T00:00:00Z,SVP
126964,2015-07-19T19:00:00Z,-34.40567,-45.62982,0.1723,0.1138,270.58334,2016-09-23T00:00:00Z,SVP
126964,2015-07-19T20:00:00Z,-34.40133,-45.62387,0.1467,0.1399,94.958336,2016-09-23T00:00:00Z,SVP
126964,2015-07-19T21:00:00Z,-34.39692,-45.61736,0.1618,0.1516,147.58333,2016-09-23T00:00:00Z,SVP
126964,2015-07-19T22:00:00Z,-34.39331,-45.60925,0.2955,0.0536,105.458336,2016-09-23T00:00:00Z,SVP
126964,2015-07-19T23:00:00Z,-34.39248,-45.59791,0.3066,-0.0048,239.08334,2016-09-23T00:00:00Z,SVP
126964,2015-07-20T00:00:00Z,-34.39184,-45.58646,0.2268,0.0256,98.416664,2016-09-23T00:00:00Z,SVP
126964,2015-07-20T01:00:00Z,-34.38938,-45.57981,0.1431,0.1065,144.16667,2016-09-23T00:00:00Z,SVP
126964,2015-07-20T02:00:00Z,-34.38574,-45.5758,0.1108,0.1495,115.958336,2016-09-23T00:00:00Z,SVP
126964,2015-07-20T03:00:00Z,-34.3795,-45.55969,0.2744,0.2023,242.54167,2016-09-23T00:00:00Z,SVP
126964,2015-07-20T04:00:00Z,-34.37411,-45.54619,0.1923,0.2733,256.66666,2016-09-23T00:00:00Z,SVP
126964,2015-07-20T05:00:00Z,-34.36463,-45.53908,0.1955,0.2704,256.66666,2016-09-23T00:00:00Z,SVP
126964,2015-07-20T06:00:00Z,-34.35646,-45.53168,0.1826,0.2506,123.0,2016-09-23T00:00:00Z,SVP
126964,2015-07-20T07:00:00Z,-34.34895,-45.52483,0.1689,0.2137,225.0,2016-09-23T00:00:00Z,SVP
126964,2015-07-20T08:00:00Z,-34.34176,-45.51736,0.1643,0.2011,295.33334,2016-09-23T00:00:00Z,SVP
126964,2015-07-20T09:00:00Z,-34.33544,-45.51197,0.1556,0.2005,295.33334,2016-09-23T00:00:00Z,SVP
126964,2015-07-20T10:00:00Z,-34.32868,-45.50521,0.2431,0.2153,189.91667,2016-09-23T00:00:00Z,SVP
126964,2015-07-20T11:00:00Z,-34.32133,-45.49315,0.224,0.2182,189.91667,2016-09-23T00:00:00Z,SVP
126964,2015-07-20T12:00:00Z,-34.31544,-45.48527,0.1744,0.0776,126.58333,2016-09-23T00:00:00Z,SVP
126964,2015-07-20T13:00:00Z,-34.31322,-45.47952,0.2019,0.0814,784.0417,2016-09-23T00:00:00Z,SVP
126964,2015-07-20T14:00:00Z,-34.31039,-45.47123,0.202,0.0814,784.0417,2016-09-23T00:00:00Z,SVP
126964,2015-07-20T15:00:00Z,-34.3077,-45.46323,0.202,0.0814,784.0417,2016-09-23T00:00:00Z,SVP
126964,2015-07-20T16:00:00Z,-34.30507,-45.45536,0.2021,0.0815,784.0417,2016-09-23T00:00:00Z,SVP
126964,2015-07-20T17:00:00Z,-34.30248,-45.44766,0.2024,0.0815,784.0417,2016-09-23T00:00:00Z,SVP
126964,2015-07-20T18:00:00Z,-34.29985,-45.44096,0.2003,0.0919,221.41666,2016-09-23T00:00:00Z,SVP
126964,2015-07-20T19:00:00Z,-34.29657,-45.43204,0.203,0.0922,221.41666,2016-09-23T00:00:00Z,SVP
126964,2015-07-20T20:00:00Z,-34.29274,-45.42702,0.144,0.1276,109.041664,2016-09-23T00:00:00Z,SVP
126964,2015-07-20T21:00:00Z,-34.28789,-45.42556,0.0901,0.0843,84.458336,2016-09-23T00:00:00Z,SVP
126964,2015-07-20T22:00:00Z,-34.28793,-45.41582,0.2804,0.0754,362.08334,2016-09-23T00:00:00Z,SVP
126964,2015-07-20T23:00:00Z,-34.28455,-45.40507,0.2792,0.0771,362.08334,2016-09-23T00:00:00Z,SVP
126964,2015-07-21T00:00:00Z,-34.28224,-45.39445,0.2781,0.0795,362.08334,2016-09-23T00:00:00Z,SVP
126964,2015-07-21T01:00:00Z,-34.27814,-45.38452,0.2508,0.1148,137.08333,2016-09-23T00:00:00Z,SVP
126964,2015-07-21T02:00:00Z,-34.27608,-45.38545,0.1586,0.1587,281.25,2016-09-23T00:00:00Z,SVP
126964,2015-07-21T03:00:00Z,-34.2709,-45.37947,0.1623,0.161,281.25,2016-09-23T00:00:00Z,SVP
126964,2015-07-21T04:00:00Z,-34.26596,-45.37382,0.185,0.2105,242.54167,2016-09-23T00:00:00Z,SVP
126964,2015-07-21T05:00:00Z,-34.25888,-45.36547,0.1813,0.2104,242.54167,2016-09-23T00:00:00Z,SVP
126964,2015-07-21T06:00:00Z,-34.25165,-45.35928,0.1529,0.237,302.4167,2016-09-23T00:00:00Z,SVP
126964,2015-07-21T07:00:00Z,-34.24403,-45.35354,0.15,0.2373,302.4167,2016-09-23T00:00:00Z,SVP
126964,2015-07-21T08:00:00Z,-34.23698,-45.35178,0.0692,0.1566,467.5417,2016-09-23T00:00:00Z,SVP
126964,2015-07-21T09:00:00Z,-34.23253,-45.34596,0.1092,0.1511,467.5417,2016-09-23T00:00:00Z,SVP
126964,2015-07-21T10:00:00Z,-34.22827,-45.34164,0.1103,0.1464,467.5417,2016-09-23T00:00:00Z,SVP
126964,2015-07-21T11:00:00Z,-34.23176,-45.34254,0.429,0.0749,77.41667,2016-09-23T00:00:00Z,SVP
126964,2015-07-21T12:00:00Z,-34.22082,-45.32709,0.2867,0.0733,147.58333,2016-09-23T00:00:00Z,SVP
126964,2015-07-21T13:00:00Z,-34.21717,-45.32912,0.0292,0.0241,109.041664,2016-09-23T00:00:00Z,SVP
126964,2015-07-21T14:00:00Z,-34.21723,-45.31992,0.2439,-0.0017,682.0417,2016-09-23T00:00:00Z,SVP
126964,2015-07-21T15:00:00Z,-34.21846,-45.30875,0.2364,0.0051,682.0417,2016-09-23T00:00:00Z,SVP
126964,2015-07-21T16:00:00Z,-34.21915,-45.29656,0.2113,0.0125,682.0417,2016-09-23T00:00:00Z,SVP
126964,2015-07-21T17:00:00Z,-34.21922,-45.28761,0.2051,0.0183,682.0417,2016-09-23T00:00:00Z,SVP
126964,2015-07-21T18:00:00Z,-34.2177,-45.28021,0.183,0.0404,298.7917,2016-09-23T00:00:00Z,SVP
126964,2015-07-21T19:00:00Z,-34.2156,-45.27392,0.1939,0.0386,298.7917,2016-09-23T00:00:00Z,SVP
126964,2015-07-21T20:00:00Z,-34.21293,-45.26646,0.1691,0.1618,96.74999,2016-09-23T00:00:00Z,SVP
126964,2015-07-21T21:00:00Z,-34.2066,-45.25894,0.2184,0.2286,152.83333,2016-09-23T00:00:00Z,SVP
126964,2015-07-21T22:00:00Z,-34.20028,-45.24951,0.259,0.1109,295.33334,2016-09-23T00:00:00Z,SVP
126964,2015-07-21T23:00:00Z,-34.19769,-45.23903,0.2605,0.1053,295.33334,2016-09-23T00:00:00Z,SVP
126964,2015-07-22T00:00:00Z,-34.19523,-45.22852,0.2309,0.1041,130.04166,2016-09-23T00:00:00Z,SVP
126964,2015-07-22T01:00:00Z,-34.1903,-45.22043,0.1916,0.1643,116.083336,2016-09-23T00:00:00Z,SVP
126964,2015-07-22T02:00:00Z,-34.18549,-45.21234,0.2151,0.1711,302.4167,2016-09-23T00:00:00Z,SVP
126964,2015-07-22T03:00:00Z,-34.17912,-45.20461,0.2144,0.1678,302.4167,2016-09-23T00:00:00Z,SVP
126964,2015-07-22T04:00:00Z,-34.17401,-45.19699,0.1946,0.1728,249.58333,2016-09-23T00:00:00Z,SVP
126964,2015-07-22T05:00:00Z,-34.16908,-45.18635,0.2163,0.1738,249.58333,2016-09-23T00:00:00Z,SVP
126964,2015-07-22T06:00:00Z,-34.16341,-45.18468,0.0442,0.1603,277.66666,2016-09-23T00:00:00Z,SVP
126964,2015-07-22T07:00:00Z,-34.15786,-45.18381,0.0883,0.1611,277.66666,2016-09-23T00:00:00Z,SVP
126964,2015-07-22T08:00:00Z,-34.15635,-45.18099,0.0545,0.0065,144.16667,2016-09-23T00:00:00Z,SVP
126964,2015-07-22T09:00:00Z,-34.15546,-45.17966,-0.0432,0.0466,274.2083,2016-09-23T00:00:00Z,SVP
126964,2015-07-22T10:00:00Z,-34.15411,-45.18262,-0.0486,0.0473,274.2083,2016-09-23T00:00:00Z,SVP
126964,2015-07-22T11:00:00Z,-34.14813,-45.18256,-0.0287,0.12,102.0,2016-09-23T00:00:00Z,SVP
126964,2015-07-22T12:00:00Z,-34.14712,-45.18061,0.1014,0.0709,137.08333,2016-09-23T00:00:00Z,SVP
126964,2015-07-22T13:00:00Z,-34.14582,-45.17379,0.2795,0.0081,703.2083,2016-09-23T00:00:00Z,SVP
126964,2015-07-22T14:00:00Z,-34.14588,-45.16209,0.2881,0.0059,703.2083,2016-09-23T00:00:00Z,SVP
126964,2015-07-22T15:00:00Z,-34.146,-45.14881,0.3074,0.0042,703.2083,2016-09-23T00:00:00Z,SVP
126964,2015-07-22T16:00:00Z,-34.14637,-45.13538,0.3161,0.002,703.2083,2016-09-23T00:00:00Z,SVP
126964,2015-07-22T17:00:00Z,-34.14731,-45.12159,0.3221,-0.0018,703.2083,2016-09-23T00:00:00Z,SVP
126964,2015-07-22T18:00:00Z,-34.14605,-45.11212,0.1394,0.1276,256.66666,2016-09-23T00:00:00Z,SVP
126964,2015-07-22T19:00:00Z,-34.14147,-45.11064,0.2629,0.1203,256.66666,2016-09-23T00:00:00Z,SVP
126964,2015-07-22T20:00:00Z,-34.13607,-45.10209,0.0578,0.2525,154.66667,2016-09-23T00:00:00Z,SVP
126964,2015-07-22T21:00:00Z,-34.12927,-45.10729,0.3351,0.3879,94.958336,2016-09-23T00:00:00Z,SVP
126964,2015-07-22T22:00:00Z,-34.11576,-45.09462,0.2626,0.3627,277.66666,2016-09-23T00:00:00Z,SVP
126964,2015-07-22T23:00:00Z,-34.10459,-45.08427,0.2597,0.3492,277.66666,2016-09-23T00:00:00Z,SVP
126964,2015-07-23T00:00:00Z,-34.10497,-45.07515,0.2062,0.1267,144.16667,2016-09-23T00:00:00Z,SVP
126964,2015-07-23T01:00:00Z,-34.1015,-45.06737,0.2056,0.0939,108.91667,2016-09-23T00:00:00Z,SVP
126964,2015-07-23T02:00:00Z,-34.09356,-45.05854,0.2227,0.2128,323.41666,2016-09-23T00:00:00Z,SVP
126964,2015-07-23T03:00:00Z,-34.08467,-45.04721,0.2444,0.2326,323.41666,2016-09-23T00:00:00Z,SVP
126964,2015-07-23T04:00:00Z,-34.0855,-45.04161,0.0352,-0.0411,253.20834,2016-09-23T00:00:00Z,SVP
126964,2015-07-23T05:00:00Z,-34.09106,-45.03861,0.0291,-0.0105,376.2083,2016-09-23T00:00:00Z,SVP
126964,2015-07-23T06:00:00Z,-34.0893,-45.03833,0.0272,-0.0263,376.2083,2016-09-23T00:00:00Z,SVP
126964,2015-07-23T07:00:00Z,-34.08906,-45.03802,0.0275,-0.0395,376.2083,2016-09-23T00:00:00Z,SVP
126964,2015-07-23T08:00:00Z,-34.08951,-45.0358,0.028,0.0395,109.041664,2016-09-23T00:00:00Z,SVP
126964,2015-07-23T09:00:00Z,-34.0876,-45.03089,0.1177,0.0535,253.20834,2016-09-23T00:00:00Z,SVP
126964,2015-07-23T10:00:00Z,-34.08472,-45.034,0.239,0.0066,137.08333,2016-09-23T00:00:00Z,SVP
126964,2015-07-23T11:00:00Z,-34.08503,-45.01952,0.0758,0.0509,133.66667,2016-09-23T00:00:00Z,SVP
126964,2015-07-23T12:00:00Z,-34.08207,-45.01662,0.1111,0.1626,108.91667,2016-09-23T00:00:00Z,SVP
126964,2015-07-23T13:00:00Z,-34.07759,-45.00506,0.3319,0.115,137.08333,2016-09-23T00:00:00Z,SVP
126964,2015-07-23T14:00:00Z,-34.07361,-44.99318,0.3342,0.0882,608.24994,2016-09-23T00:00:00Z,SVP
126964,2015-07-23T15:00:00Z,-34.07068,-44.98011,0.3339,0.088,608.24994,2016-09-23T00:00:00Z,SVP
126964,2015-07-23T16:00:00Z,-34.06765,-44.96679,0.3334,0.0876,608.24994,2016-09-23T00:00:00Z,SVP
126964,2015-07-23T17:00:00Z,-34.06444,-44.95319,0.332,0.0866,608.24994,2016-09-23T00:00:00Z,SVP
126964,2015-07-23T18:00:00Z,-34.06211,-44.94088,0.3014,0.0654,242.54167,2016-09-23T00:00:00Z,SVP
126964,2015-07-23T19:00:00Z,-34.06075,-44.93056,0.3015,0.0665,242.54167,2016-09-23T00:00:00Z,SVP
126964,2015-07-23T20:00:00Z,-34.05726,-44.93094,0.028,0.1293,102.0,2016-09-23T00:00:00Z,SVP
126964,2015-07-23T21:00:00Z,-34.0535,-44.92916,0.0762,0.1073,84.458336,2016-09-23T00:00:00Z,SVP
126964,2015-07-23T22:00:00Z,-34.04962,-44.93004,-0.0608,0.144,115.958336,2016-09-23T00:00:00Z,SVP
126964,2015-07-23T23:00:00Z,-34.0447,-44.93212,-0.0648,0.1654,274.2083,2016-09-23T00:00:00Z,SVP
126964,2015-07-24T00:00:00Z,-34.03973,-44.93468,-0.0643,0.1643,274.2083,2016-09-23T00:00:00Z,SVP
126964,2015-07-24T01:00:00Z,-34.03404,-44.92991,0.1023,0.1709,710.0834,2016-09-23T00:00:00Z,SVP
126964,2015-07-24T02:00:00Z,-34.02836,-44.92531,0.1011,0.1711,710.0834,2016-09-23T00:00:00Z,SVP
126964,2015-07-24T03:00:00Z,-34.02267,-44.92089,0.0995,0.1713,710.0834,2016-09-23T00:00:00Z,SVP
126964,2015-07-24T04:00:00Z,-34.01688,-44.91657,0.0972,0.1716,710.0834,2016-09-23T00:00:00Z,SVP
126964,2015-07-24T05:00:00Z,-34.01127,-44.91242,0.117,0.1655,372.5833,2016-09-23T00:00:00Z,SVP
126964,2015-07-24T06:00:00Z,-34.00656,-44.90812,0.1167,0.1661,372.5833,2016-09-23T00:00:00Z,SVP
126964,2015-07-24T07:00:00Z,-34.00134,-44.90407,0.1165,0.1661,372.5833,2016-09-23T00:00:00Z,SVP
126964,2015-07-24T08:00:00Z,-33.99676,-44.89518,0.294,0.1276,154.66667,2016-09-23T00:00:00Z,SVP
126964,2015-07-24T09:00:00Z,-33.99296,-44.88449,0.3542,0.0427,73.791664,2016-09-23T00:00:00Z,SVP
126964,2015-07-24T10:00:00Z,-33.99172,-44.87045,0.3512,0.0112,302.4167,2016-09-23T00:00:00Z,SVP
126964,2015-07-24T11:00:00Z,-33.99149,-44.8568,0.3498,0.0113,302.4167,2016-09-23T00:00:00Z,SVP
126964,2015-07-24T12:00:00Z,-33.98941,-44.84603,0.2675,0.0669,109.041664,2016-09-23T00:00:00Z,SVP
126964,2015-07-24T13:00:00Z,-33.98484,-44.83822,0.148,0.1316,133.66667,2016-09-23T00:00:00Z,SVP
126964,2015-07-24T14:00:00Z,-33.98041,-44.83368,0.1153,0.1475,618.75,2016-09-23T00:00:00Z,SVP
126964,2015-07-24T15:00:00Z,-33.97595,-44.82965,0.1155,0.1472,618.75,2016-09-23T00:00:00Z,SVP
126964,2015-07-24T16:00:00Z,-33.97163,-44.82568,0.1165,0.1471,618.75,2016-09-23T00:00:00Z,SVP
126964,2015-07-24T17:00:00Z,-33.96763,-44.82194,0.1197,0.1481,618.75,2016-09-23T00:00:00Z,SVP
126964,2015-07-24T18:00:00Z,-33.96045,-44.81567,0.1306,0.1974,260.0833,2016-09-23T00:00:00Z,SVP
126964,2015-07-24T19:00:00Z,-33.95393,-44.80917,0.1507,0.1952,119.54167,2016-09-23T00:00:00Z,SVP
126964,2015-07-24T20:00:00Z,-33.94893,-44.80312,0.2231,0.1069,70.333336,2016-09-23T00:00:00Z,SVP
126964,2015-07-24T21:00:00Z,-33.94557,-44.79462,0.1833,0.1115,102.0,2016-09-23T00:00:00Z,SVP
126964,2015-07-24T22:00:00Z,-33.94282,-44.78868,0.1098,0.0428,397.20834,2016-09-23T00:00:00Z,SVP
126964,2015-07-24T23:00:00Z,-33.94165,-44.78452,0.1081,0.0419,397.20834,2016-09-23T00:00:00Z,SVP
126964,2015-07-25T00:00:00Z,-33.9405,-44.77971,0.1111,0.0413,397.20834,2016-09-23T00:00:00Z,SVP
126964,2015-07-25T01:00:00Z,-33.93823,-44.7778,0.0694,0.0566,151.20834,2016-09-23T00:00:00Z,SVP
126964,2015-07-25T02:00:00Z,-33.93445,-44.77589,0.0434,0.1297,105.458336,2016-09-23T00:00:00Z,SVP
126964,2015-07-25T03:00:00Z,-33.93126,-44.77416,0.0603,0.0988,376.2083,2016-09-23T00:00:00Z,SVP
126964,2015-07-25T04:00:00Z,-33.92746,-44.77173,0.06,0.0993,376.2083,2016-09-23T00:00:00Z,SVP
126964,2015-07-25T05:00:00Z,-33.92416,-44.76824,0.1069,0.0486,239.08334,2016-09-23T00:00:00Z,SVP
126964,2015-07-25T06:00:00Z,-33.92366,-44.76557,0.0961,0.0576,239.08334,2016-09-23T00:00:00Z,SVP
126964,2015-07-25T07:00:00Z,-33.92167,-44.75359,0.1929,0.0306,116.083336,2016-09-23T00:00:00Z,SVP
126964,2015-07-25T08:00:00Z,-33.92084,-44.74483,0.2366,0.0364,189.91667,2016-09-23T00:00:00Z,SVP
126964,2015-07-25T09:00:00Z,-33.9198,-44.73716,0.1143,0.0264,52.791668,2016-09-23T00:00:00Z,SVP
126964,2015-07-25T10:00:00Z,-33.92021,-44.73281,0.0948,-0.0138,225.0,2016-09-23T00:00:00Z,SVP
126964,2015-07-25T11:00:00Z,-33.91964,-44.72412,0.3848,0.0153,73.791664,2016-09-23T00:00:00Z,SVP
126964,2015-07-25T12:00:00Z,-33.9168,-44.71486,0.0231,0.135,147.58333,2016-09-23T00:00:00Z,SVP
126964,2015-07-25T13:00:00Z,-33.91263,-44.71451,0.0301,0.127,643.3334,2016-09-23T00:00:00Z,SVP
126964,2015-07-25T14:00:00Z,-33.90858,-44.71285,0.0304,0.1263,643.3334,2016-09-23T00:00:00Z,SVP
126964,2015-07-25T15:00:00Z,-33.90434,-44.71156,0.0306,0.1271,643.3334,2016-09-23T00:00:00Z,SVP
126964,2015-07-25T16:00:00Z,-33.89986,-44.71045,0.0308,0.1286,643.3334,2016-09-23T00:00:00Z,SVP
126964,2015-07-25T17:00:00Z,-33.89505,-44.70982,0.0378,0.1175,253.20834,2016-09-23T00:00:00Z,SVP
126964,2015-07-25T18:00:00Z,-33.89488,-44.70775,0.0407,0.092,253.20834,2016-09-23T00:00:00Z,SVP
126964,2015-07-25T19:00:00Z,-33.893,-44.70544,0.0511,0.0849,119.54167,2016-09-23T00:00:00Z,SVP
126964,2015-07-25T20:00:00Z,-33.88989,-44.7029,0.0588,0.0302,87.91667,2016-09-23T00:00:00Z,SVP
126964,2015-07-25T21:00:00Z,-33.88895,-44.703,-0.0259,0.012,165.29167,2016-09-23T00:00:00Z,SVP
126964,2015-07-25T22:00:00Z,-33.88714,-44.70677,0.0777,0.0173,362.08334,2016-09-23T00:00:00Z,SVP
126964,2015-07-25T23:00:00Z,-33.88752,-44.70248,0.0684,0.0149,362.08334,2016-09-23T00:00:00Z,SVP
126964,2015-07-26T00:00:00Z,-33.88867,-44.69942,0.0626,0.0111,362.08334,2016-09-23T00:00:00Z,SVP
126964,2015-07-26T01:00:00Z,-33.88577,-44.69726,0.0604,0.0438,126.58333,2016-09-23T00:00:00Z,SVP
126964,2015-07-26T02:00:00Z,-33.88773,-44.69935,0.0877,0.0809,400.79166,2016-09-23T00:00:00Z,SVP
126964,2015-07-26T03:00:00Z,-33.88368,-44.69326,0.0711,0.0672,400.79166,2016-09-23T00:00:00Z,SVP
126964,2015-07-26T04:00:00Z,-33.88143,-44.68984,0.0677,0.0672,400.79166,2016-09-23T00:00:00Z,SVP
126964,2015-07-26T05:00:00Z,-33.87997,-44.68805,0.0312,0.0655,242.54167,2016-09-23T00:00:00Z,SVP
126964,2015-07-26T06:00:00Z,-33.87744,-44.6878,0.0334,0.0647,242.54167,2016-09-23T00:00:00Z,SVP
126964,2015-07-26T07:00:00Z,-33.87915,-44.68578,0.0614,-0.0622,210.91667,2016-09-23T00:00:00Z,SVP
126964,2015-07-26T08:00:00Z,-33.88083,-44.68281,0.0614,-0.061,210.91667,2016-09-23T00:00:00Z,SVP
126964,2015-07-26T09:00:00Z,-33.88069,-44.68166,0.0315,0.0152,246.16667,2016-09-23T00:00:00Z,SVP
126964,2015-07-26T10:00:00Z,-33.88205,-44.68218,0.0183,0.1226,217.95833,2016-09-23T00:00:00Z,SVP
126964,2015-07-26T11:00:00Z,-33.87528,-44.67979,0.0162,0.0925,217.95833,2016-09-23T00:00:00Z,SVP
126964,2015-07-26T12:00:00Z,-33.8722,-44.67976,0.0061,0.1451,133.66667,2016-09-23T00:00:00Z,SVP
126964,2015-07-26T13:00:00Z,-33.8674,-44.67871,0.0453,0.0991,119.54167,2016-09-23T00:00:00Z,SVP
126964,2015-07-26T14:00:00Z,-33.86817,-44.67729,0.0494,-0.0142,555.4583,2016-09-23T00:00:00Z,SVP
126964,2015-07-26T15:00:00Z,-33.86888,-44.67522,0.0495,-0.0135,555.4583,2016-09-23T00:00:00Z,SVP
126964,2015-07-26T16:00:00Z,-33.86913,-44.67294,0.0498,-0.0152,555.4583,2016-09-23T00:00:00Z,SVP
126964,2015-07-26T17:00:00Z,-33.86931,-44.67091,0.0107,-0.0419,246.16667,2016-09-23T00:00:00Z,SVP
126964,2015-07-26T18:00:00Z,-33.87125,-44.67152,0.0144,-0.0422,246.16667,2016-09-23T00:00:00Z,SVP
126964,2015-07-26T19:00:00Z,-33.87171,-44.67231,-0.0367,0.0104,119.54167,2016-09-23T00:00:00Z,SVP
126964,2015-07-26T20:00:00Z,-33.86986,-44.67353,-0.0303,0.0773,268.9583,2016-09-23T00:00:00Z,SVP
126964,2015-07-26T21:00:00Z,-33.86721,-44.67507,-0.0318,0.0779,268.9583,2016-09-23T00:00:00Z,SVP
126964,2015-07-26T22:00:00Z,-33.86597,-44.66907,0.0999,0.0572,399.00003,2016-09-23T00:00:00Z,SVP
126964,2015-07-26T23:00:00Z,-33.864,-44.66275,0.0918,0.057,399.00003,2016-09-23T00:00:00Z,SVP
126964,2015-07-27T00:00:00Z,-33.86315,-44.66017,0.0887,-0.0112,144.16667,2016-09-23T00:00:00Z,SVP
126964,2015-07-27T01:00:00Z,-33.86427,-44.65748,0.0153,-0.0311,112.5,2016-09-23T00:00:00Z,SVP
126964,2015-07-27T02:00:00Z,-33.86545,-44.65697,0.021,-0.0013,428.8333,2016-09-23T00:00:00Z,SVP
126964,2015-07-27T03:00:00Z,-33.86534,-44.6562,0.0208,-0.0011,428.8333,2016-09-23T00:00:00Z,SVP
126964,2015-07-27T04:00:00Z,-33.86543,-44.65532,0.0207,-7.0E-4,428.8333,2016-09-23T00:00:00Z,SVP
126964,2015-07-27T05:00:00Z,-33.86487,-44.65337,0.0395,0.02,242.54167,2016-09-23T00:00:00Z,SVP
126964,2015-07-27T06:00:00Z,-33.86372,-44.6511,0.093,0.048,101.833336,2016-09-23T00:00:00Z,SVP
126964,2015-07-27T07:00:00Z,-33.86248,-44.64667,0.136,0.0404,249.58333,2016-09-23T00:00:00Z,SVP
126964,2015-07-27T08:00:00Z,-33.85985,-44.64188,0.1364,0.0514,249.58333,2016-09-23T00:00:00Z,SVP
126964,2015-07-27T09:00:00Z,-33.86191,-44.63785,0.104,-0.0609,428.8333,2016-09-23T00:00:00Z,SVP
126964,2015-07-27T10:00:00Z,-33.86459,-44.63351,0.1049,-0.0573,428.8333,2016-09-23T00:00:00Z,SVP
126964,2015-07-27T11:00:00Z,-33.8665,-44.62769,0.1117,-0.0583,428.8333,2016-09-23T00:00:00Z,SVP
126964,2015-07-27T12:00:00Z,-33.86838,-44.62804,-0.1279,0.0683,0.0,2016-09-23T00:00:00Z,SVP
126964,2015-07-27T13:00:00Z,-33.86532,-44.62903,0.0908,0.0411,590.7083,2016-09-23T00:00:00Z,SVP
126964,2015-07-27T14:00:00Z,-33.86431,-44.62382,0.0937,0.039,590.7083,2016-09-23T00:00:00Z,SVP
126964,2015-07-27T15:00:00Z,-33.8628,-44.61761,0.1077,0.0393,590.7083,2016-09-23T00:00:00Z,SVP
126964,2015-07-27T16:00:00Z,-33.86082,-44.61218,0.108,0.0402,590.7083,2016-09-23T00:00:00Z,SVP
126964,2015-07-27T17:00:00Z,-33.85995,-44.60895,-0.0237,-0.0858,242.54167,2016-09-23T00:00:00Z,SVP
126964,2015-07-27T18:00:00Z,-33.86294,-44.61097,-0.0161,-0.0857,242.54167,2016-09-23T00:00:00Z,SVP
126964,2015-07-27T19:00:00Z,-33.86634,-44.61048,0.0075,-0.1087,344.54166,2016-09-23T00:00:00Z,SVP
126964,2015-07-27T20:00:00Z,-33.86984,-44.60992,0.0111,-0.1089,344.54166,2016-09-23T00:00:00Z,SVP
126964,2015-07-27T21:00:00Z,-33.873,-44.60674,0.1042,-0.1008,249.58333,2016-09-23T00:00:00Z,SVP
126964,2015-07-27T22:00:00Z,-33.87691,-44.60106,0.0985,-0.104,249.58333,2016-09-23T00:00:00Z,SVP
126964,2015-07-27T23:00:00Z,-33.87893,-44.59855,0.0961,-0.0708,327.0,2016-09-23T00:00:00Z,SVP
126964,2015-07-28T00:00:00Z,-33.88044,-44.59491,0.0933,-0.0693,327.0,2016-09-23T00:00:00Z,SVP
126964,2015-07-28T01:00:00Z,-33.88321,-44.59337,0.0836,-0.0473,105.458336,2016-09-23T00:00:00Z,SVP
126964,2015-07-28T02:00:00Z,-33.8849,-44.58793,0.165,-0.0671,446.54166,2016-09-23T00:00:00Z,SVP
126964,2015-07-28T03:00:00Z,-33.88623,-44.5815,0.1654,-0.0678,446.54166,2016-09-23T00:00:00Z,SVP
126964,2015-07-28T04:00:00Z,-33.88719,-44.57533,0.1688,-0.0734,446.54166,2016-09-23T00:00:00Z,SVP
126964,2015-07-28T05:00:00Z,-33.89195,-44.5695,0.1566,-0.1192,242.54167,2016-09-23T00:00:00Z,SVP
126964,2015-07-28T06:00:00Z,-33.89634,-44.56543,0.0755,-0.1535,108.91667,2016-09-23T00:00:00Z,SVP
126964,2015-07-28T07:00:00Z,-33.90139,-44.56277,0.0939,-0.1666,253.20834,2016-09-23T00:00:00Z,SVP
126964,2015-07-28T08:00:00Z,-33.90693,-44.55894,0.0968,-0.1674,253.20834,2016-09-23T00:00:00Z,SVP
126964,2015-07-28T09:00:00Z,-33.91184,-44.55386,0.1047,-0.0914,249.58333,2016-09-23T00:00:00Z,SVP
126964,2015-07-28T10:00:00Z,-33.91447,-44.55096,0.1005,-0.0854,249.58333,2016-09-23T00:00:00Z,SVP
126964,2015-07-28T11:00:00Z,-33.9167,-44.54733,0.1007,0.0189,151.20834,2016-09-23T00:00:00Z,SVP
126964,2015-07-28T12:00:00Z,-33.91522,-44.54244,0.1865,0.0766,116.083336,2016-09-23T00:00:00Z,SVP
126964,2015-07-28T13:00:00Z,-33.91556,-44.53627,0.1773,-0.0451,604.6667,2016-09-23T00:00:00Z,SVP
126964,2015-07-28T14:00:00Z,-33.91756,-44.52845,0.1791,-0.0483,604.6667,2016-09-23T00:00:00Z,SVP
126964,2015-07-28T15:00:00Z,-33.91901,-44.52076,0.1805,-0.0484,604.6667,2016-09-23T00:00:00Z,SVP
126964,2015-07-28T16:00:00Z,-33.91992,-44.51268,0.1824,-0.0471,604.6667,2016-09-23T00:00:00Z,SVP
126964,2015-07-28T17:00:00Z,-33.9244,-44.50677,0.1603,-0.1286,242.54167,2016-09-23T00:00:00Z,SVP
126964,2015-07-28T18:00:00Z,-33.93314,-44.50267,0.1749,-0.1145,242.54167,2016-09-23T00:00:00Z,SVP
126964,2015-07-28T19:00:00Z,-33.93438,-44.49557,0.1487,-0.0845,312.91666,2016-09-23T00:00:00Z,SVP
126964,2015-07-28T20:00:00Z,-33.9363,-44.4889,0.1502,-0.1085,312.91666,2016-09-23T00:00:00Z,SVP
126964,2015-07-28T21:00:00Z,-33.93784,-44.48479,0.1324,-0.0427,186.29166,2016-09-23T00:00:00Z,SVP
126964,2015-07-28T22:00:00Z,-33.93856,-44.48189,0.1857,-0.0503,330.45834,2016-09-23T00:00:00Z,SVP
126964,2015-07-28T23:00:00Z,-33.94062,-44.4743,0.1848,-0.048,330.45834,2016-09-23T00:00:00Z,SVP
126964,2015-07-29T00:00:00Z,-33.94255,-44.46779,0.1142,-0.0837,112.5,2016-09-23T00:00:00Z,SVP
126964,2015-07-29T01:00:00Z,-33.94444,-44.46286,0.0856,-0.0819,481.66666,2016-09-23T00:00:00Z,SVP
126964,2015-07-29T02:00:00Z,-33.94751,-44.46005,0.0869,-0.0819,481.66666,2016-09-23T00:00:00Z,SVP
126964,2015-07-29T03:00:00Z,-33.95054,-44.4568,0.0873,-0.0817,481.66666,2016-09-23T00:00:00Z,SVP
126964,2015-07-29T04:00:00Z,-33.954,-44.45328,0.083,-0.0549,246.16667,2016-09-23T00:00:00Z,SVP
126964,2015-07-29T05:00:00Z,-33.9549,-44.44964,0.0798,-0.0608,246.16667,2016-09-23T00:00:00Z,SVP
126964,2015-07-29T06:00:00Z,-33.95699,-44.44485,0.1407,-0.0605,109.041664,2016-09-23T00:00:00Z,SVP
126964,2015-07-29T07:00:00Z,-33.95887,-44.4386,0.1709,-0.0621,168.75,2016-09-23T00:00:00Z,SVP
126964,2015-07-29T08:00:00Z,-33.96068,-44.431,0.2161,-0.0958,73.791664,2016-09-23T00:00:00Z,SVP
126964,2015-07-29T09:00:00Z,-33.96324,-44.42269,0.1794,-0.0694,256.66666,2016-09-23T00:00:00Z,SVP
126964,2015-07-29T10:00:00Z,-33.9666,-44.41601,0.1783,-0.0804,256.66666,2016-09-23T00:00:00Z,SVP
126964,2015-07-29T11:00:00Z,-33.96442,-44.40962,0.1505,0.009,172.20833,2016-09-23T00:00:00Z,SVP
126964,2015-07-29T12:00:00Z,-33.96445,-44.40415,0.1299,0.0139,249.58333,2016-09-23T00:00:00Z,SVP
126964,2015-07-29T13:00:00Z,-33.96373,-44.399,0.1079,-0.0141,492.16663,2016-09-23T00:00:00Z,SVP
126964,2015-07-29T14:00:00Z,-33.96436,-44.39494,0.1076,-0.0144,492.16663,2016-09-23T00:00:00Z,SVP
126964,2015-07-29T15:00:00Z,-33.96499,-44.39078,0.1075,-0.0146,492.16663,2016-09-23T00:00:00Z,SVP
126964,2015-07-29T16:00:00Z,-33.96586,-44.38654,0.1075,-0.0149,492.16663,2016-09-23T00:00:00Z,SVP
126964,2015-07-29T17:00:00Z,-33.96627,-44.3818,0.1163,-0.021,242.54167,2016-09-23T00:00:00Z,SVP
126964,2015-07-29T18:00:00Z,-33.96635,-44.37785,0.1533,-0.0662,267.16666,2016-09-23T00:00:00Z,SVP
126964,2015-07-29T19:00:00Z,-33.96902,-44.37108,0.155,-0.0663,267.16666,2016-09-23T00:00:00Z,SVP
126964,2015-07-29T20:00:00Z,-33.97104,-44.3662,0.1147,-0.0688,108.91667,2016-09-23T00:00:00Z,SVP
126964,2015-07-29T21:00:00Z,-33.97337,-44.36303,0.0573,-0.0734,140.70834,2016-09-23T00:00:00Z,SVP
126964,2015-07-29T22:00:00Z,-33.97704,-44.35762,0.1577,-0.0659,102.0,2016-09-23T00:00:00Z,SVP
126964,2015-07-29T23:00:00Z,-33.97675,-44.35048,0.1951,-0.0558,249.58333,2016-09-23T00:00:00Z,SVP
126964,2015-07-30T00:00:00Z,-33.97856,-44.34267,0.2171,-0.0723,112.5,2016-09-23T00:00:00Z,SVP
126964,2015-07-30T01:00:00Z,-33.98123,-44.33494,0.1713,-0.1171,123.0,2016-09-23T00:00:00Z,SVP
126964,2015-07-30T02:00:00Z,-33.98546,-44.33141,0.1121,-0.0498,126.58333,2016-09-23T00:00:00Z,SVP
126964,2015-07-30T03:00:00Z,-33.98092,-44.31985,0.2063,0.0379,246.16667,2016-09-23T00:00:00Z,SVP
126964,2015-07-30T04:00:00Z,-33.97967,-44.31124,0.1656,0.0496,242.54167,2016-09-23T00:00:00Z,SVP
126964,2015-07-30T05:00:00Z,-33.97898,-44.30484,0.1584,0.057,242.54167,2016-09-23T00:00:00Z,SVP
126964,2015-07-30T06:00:00Z,-33.97749,-44.29959,0.1246,0.0264,249.58333,2016-09-23T00:00:00Z,SVP
126964,2015-07-30T07:00:00Z,-33.97605,-44.29605,0.1175,0.0288,249.58333,2016-09-23T00:00:00Z,SVP
126964,2015-07-30T08:00:00Z,-33.97719,-44.28719,0.1858,-0.0583,133.66667,2016-09-23T00:00:00Z,SVP
126964,2015-07-30T09:00:00Z,-33.97876,-44.28097,0.0823,-0.0531,137.08333,2016-09-23T00:00:00Z,SVP
126964,2015-07-30T10:00:00Z,-33.98002,-44.2752,0.212,-0.0168,200.41666,2016-09-23T00:00:00Z,SVP
126964,2015-07-30T11:00:00Z,-33.9804,-44.26823,0.2207,-0.0175,115.958336,2016-09-23T00:00:00Z,SVP
126964,2015-07-30T12:00:00Z,-33.98113,-44.25814,0.0028,-0.0501,140.70834,2016-09-23T00:00:00Z,SVP
126964,2015-07-30T13:00:00Z,-33.98198,-44.25614,0.1236,0.0103,116.083336,2016-09-23T00:00:00Z,SVP
126964,2015-07-30T14:00:00Z,-33.98194,-44.25223,0.1439,0.0117,646.9583,2016-09-23T00:00:00Z,SVP
126964,2015-07-30T15:00:00Z,-33.98149,-44.24609,0.1426,0.0116,646.9583,2016-09-23T00:00:00Z,SVP
126964,2015-07-30T16:00:00Z,-33.981,-44.24027,0.1419,0.0114,646.9583,2016-09-23T00:00:00Z,SVP
126964,2015-07-30T17:00:00Z,-33.98042,-44.23446,0.1411,0.011,646.9583,2016-09-23T00:00:00Z,SVP
126964,2015-07-30T18:00:00Z,-33.97997,-44.22883,0.1437,-0.0053,372.5833,2016-09-23T00:00:00Z,SVP
126964,2015-07-30T19:00:00Z,-33.98044,-44.22376,0.144,-0.0054,372.5833,2016-09-23T00:00:00Z,SVP
126964,2015-07-30T20:00:00Z,-33.98072,-44.21862,0.1452,-0.0057,372.5833,2016-09-23T00:00:00Z,SVP
126964,2015-07-30T21:00:00Z,-33.98275,-44.21129,0.2032,-0.0762,151.20834,2016-09-23T00:00:00Z,SVP
126964,2015-07-30T22:00:00Z,-33.98541,-44.20375,0.1632,-0.0378,341.0833,2016-09-23T00:00:00Z,SVP
126964,2015-07-30T23:00:00Z,-33.9866,-44.19698,0.1645,-0.0368,341.0833,2016-09-23T00:00:00Z,SVP
126964,2015-07-31T00:00:00Z,-33.98839,-44.18904,0.1684,-0.0351,341.0833,2016-09-23T00:00:00Z,SVP
126964,2015-07-31T01:00:00Z,-33.9875,-44.18798,0.0447,0.0309,119.54167,2016-09-23T00:00:00Z,SVP
126964,2015-07-31T02:00:00Z,-33.98786,-44.18437,0.1608,0.0345,256.66666,2016-09-23T00:00:00Z,SVP
126964,2015-07-31T03:00:00Z,-33.98563,-44.17756,0.162,0.0353,256.66666,2016-09-23T00:00:00Z,SVP
126964,2015-07-31T04:00:00Z,-33.98522,-44.17213,0.141,0.0042,253.20834,2016-09-23T00:00:00Z,SVP
126964,2015-07-31T05:00:00Z,-33.98503,-44.16571,0.1385,5.0E-4,253.20834,2016-09-23T00:00:00Z,SVP
126964,2015-07-31T06:00:00Z,-33.98631,-44.16041,0.1279,-0.0547,369.16666,2016-09-23T00:00:00Z,SVP
126964,2015-07-31T07:00:00Z,-33.98793,-44.158,0.1059,-0.0553,369.16666,2016-09-23T00:00:00Z,SVP
126964,2015-07-31T08:00:00Z,-33.99098,-44.14482,0.2066,-0.1015,94.958336,2016-09-23T00:00:00Z,SVP
126964,2015-07-31T09:00:00Z,-33.99516,-44.13759,0.0926,-0.1432,123.0,2016-09-23T00:00:00Z,SVP
126964,2015-07-31T10:00:00Z,-33.99881,-44.13443,0.0856,-0.1035,242.54167,2016-09-23T00:00:00Z,SVP
126964,2015-07-31T11:00:00Z,-34.00125,-44.13163,0.0793,-0.0375,102.0,2016-09-23T00:00:00Z,SVP
126964,2015-07-31T12:00:00Z,-34.00085,-44.12819,0.1187,0.0603,140.70834,2016-09-23T00:00:00Z,SVP
126964,2015-07-31T13:00:00Z,-33.99667,-44.1202,0.1772,0.1142,112.5,2016-09-23T00:00:00Z,SVP
126964,2015-07-31T14:00:00Z,-33.99894,-44.11482,0.177,-0.0146,1040.7084,2016-09-23T00:00:00Z,SVP
126964,2015-07-31T15:00:00Z,-33.99986,-44.1082,0.1766,-0.0132,1040.7084,2016-09-23T00:00:00Z,SVP
126964,2015-07-31T16:00:00Z,-34.00046,-44.10141,0.1765,-0.0128,1040.7084,2016-09-23T00:00:00Z,SVP
126964,2015-07-31T17:00:00Z,-34.00093,-44.09452,0.1764,-0.0126,1040.7084,2016-09-23T00:00:00Z,SVP
126964,2015-07-31T18:00:00Z,-34.00135,-44.08755,0.1764,-0.0125,1040.7084,2016-09-23T00:00:00Z,SVP
126964,2015-07-31T19:00:00Z,-34.00172,-44.08041,0.1765,-0.0128,1040.7084,2016-09-23T00:00:00Z,SVP
126964,2015-07-31T20:00:00Z,-34.00213,-44.07257,0.0635,-0.0439,91.33333,2016-09-23T00:00:00Z,SVP
126964,2015-07-31T21:00:00Z,-34.00432,-44.07106,0.0694,-0.0659,151.20834,2016-09-23T00:00:00Z,SVP
126964,2015-07-31T22:00:00Z,-34.00659,-44.06819,0.0915,-0.0796,102.0,2016-09-23T00:00:00Z,SVP
126964,2015-07-31T23:00:00Z,-34.00972,-44.06469,0.0801,-0.1374,348.0,2016-09-23T00:00:00Z,SVP
126964,2015-08-01T00:00:00Z,-34.0141,-44.06134,0.0796,-0.1403,348.0,2016-09-23T00:00:00Z,SVP
126964,2015-08-01T01:00:00Z,-34.01922,-44.05793,0.0995,-0.174,119.54167,2016-09-23T00:00:00Z,SVP
126964,2015-08-01T02:00:00Z,-34.02304,-44.05096,0.1939,-0.0741,281.25,2016-09-23T00:00:00Z,SVP
126964,2015-08-01T03:00:00Z,-34.02498,-44.04294,0.1952,-0.0749,281.25,2016-09-23T00:00:00Z,SVP
126964,2015-08-01T04:00:00Z,-34.0283,-44.03462,0.2408,-0.074,256.66666,2016-09-23T00:00:00Z,SVP
126964,2015-08-01T05:00:00Z,-34.02911,-44.02645,0.2768,-0.1366,344.54166,2016-09-23T00:00:00Z,SVP
126964,2015-08-01T06:00:00Z,-34.03417,-44.01521,0.2767,-0.1345,344.54166,2016-09-23T00:00:00Z,SVP
126964,2015-08-01T07:00:00Z,-34.03864,-44.00447,0.2781,-0.1348,344.54166,2016-09-23T00:00:00Z,SVP
126964,2015-08-01T08:00:00Z,-34.0439,-43.98888,0.4301,-0.1306,102.0,2016-09-23T00:00:00Z,SVP
126964,2015-08-01T09:00:00Z,-34.04722,-43.97786,0.1484,-0.0117,246.16667,2016-09-23T00:00:00Z,SVP
126964,2015-08-01T10:00:00Z,-34.04879,-43.973,0.1577,-0.0174,246.16667,2016-09-23T00:00:00Z,SVP
126964,2015-08-01T11:00:00Z,-34.04376,-43.96465,0.2072,0.0723,133.66667,2016-09-23T00:00:00Z,SVP
126964,2015-08-01T12:00:00Z,-34.04033,-43.9553,0.09,0.1606,112.5,2016-09-23T00:00:00Z,SVP
126964,2015-08-01T13:00:00Z,-34.03358,-43.952,0.0878,0.1426,710.0834,2016-09-23T00:00:00Z,SVP
126964,2015-08-01T14:00:00Z,-34.02957,-43.94832,0.0888,0.1416,710.0834,2016-09-23T00:00:00Z,SVP
126964,2015-08-01T15:00:00Z,-34.02508,-43.94486,0.0889,0.1412,710.0834,2016-09-23T00:00:00Z,SVP
126964,2015-08-01T16:00:00Z,-34.02035,-43.94156,0.0886,0.1411,710.0834,2016-09-23T00:00:00Z,SVP
126964,2015-08-01T17:00:00Z,-34.01529,-43.93854,0.0879,0.1409,710.0834,2016-09-23T00:00:00Z,SVP
126964,2015-08-01T18:00:00Z,-34.01256,-43.93683,0.0719,0.0971,242.54167,2016-09-23T00:00:00Z,SVP
126964,2015-08-01T19:00:00Z,-34.01078,-43.93109,0.0854,0.1031,242.54167,2016-09-23T00:00:00Z,SVP
126964,2015-08-01T20:00:00Z,-34.00548,-43.93659,-0.1902,0.1658,66.91667,2016-09-23T00:00:00Z,SVP
126964,2015-08-01T21:00:00Z,-34.00697,-43.94306,-0.1608,-0.0276,182.83333,2016-09-23T00:00:00Z,SVP
126964,2015-08-01T22:00:00Z,-34.00717,-43.94822,-0.0448,-0.0708,235.50002,2016-09-23T00:00:00Z,SVP
126964,2015-08-01T23:00:00Z,-34.00005,-43.94889,-0.0485,0.1644,235.50002,2016-09-23T00:00:00Z,SVP
126964,2015-08-02T00:00:00Z,-34.01341,-43.95214,-0.0698,-0.1954,126.58333,2016-09-23T00:00:00Z,SVP
126964,2015-08-02T01:00:00Z,-34.02207,-43.95566,-0.1129,-0.3527,123.0,2016-09-23T00:00:00Z,SVP
126964,2015-08-02T02:00:00Z,-34.02155,-43.94645,0.1541,-0.0592,959.7083,2016-09-23T00:00:00Z,SVP
126964,2015-08-02T03:00:00Z,-34.02301,-43.93971,0.1522,-0.0598,959.7083,2016-09-23T00:00:00Z,SVP
126964,2015-08-02T04:00:00Z,-34.02483,-43.93352,0.1515,-0.0599,959.7083,2016-09-23T00:00:00Z,SVP
126964,2015-08-02T05:00:00Z,-34.0268,-43.92749,0.1512,-0.0598,959.7083,2016-09-23T00:00:00Z,SVP
126964,2015-08-02T06:00:00Z,-34.02888,-43.92152,0.1511,-0.0593,959.7083,2016-09-23T00:00:00Z,SVP
126964,2015-08-02T07:00:00Z,-34.03114,-43.9156,0.1511,-0.0581,959.7083,2016-09-23T00:00:00Z,SVP
126964,2015-08-02T08:00:00Z,-34.03144,-43.91057,0.1506,-0.0105,214.5,2016-09-23T00:00:00Z,SVP
126964,2015-08-02T09:00:00Z,-34.0304,-43.90489,0.1316,0.0215,119.54167,2016-09-23T00:00:00Z,SVP
126964,2015-08-02T10:00:00Z,-34.02987,-43.90138,0.0857,0.0851,154.66667,2016-09-23T00:00:00Z,SVP
126964,2015-08-02T11:00:00Z,-34.02682,-43.89827,0.0501,0.1158,133.66667,2016-09-23T00:00:00Z,SVP
126964,2015-08-02T12:00:00Z,-34.02344,-43.89686,0.016,0.0645,112.5,2016-09-23T00:00:00Z,SVP
126964,2015-08-02T13:00:00Z,-34.0216,-43.8963,0.0284,0.042,731.25,2016-09-23T00:00:00Z,SVP
126964,2015-08-02T14:00:00Z,-34.02036,-43.89502,0.029,0.0413,731.25,2016-09-23T00:00:00Z,SVP
126964,2015-08-02T15:00:00Z,-34.01897,-43.89381,0.0291,0.0414,731.25,2016-09-23T00:00:00Z,SVP
126964,2015-08-02T16:00:00Z,-34.01743,-43.89259,0.0293,0.0419,731.25,2016-09-23T00:00:00Z,SVP
126964,2015-08-02T17:00:00Z,-34.01553,-43.89132,0.0295,0.0433,731.25,2016-09-23T00:00:00Z,SVP
126964,2015-08-02T18:00:00Z,-34.01744,-43.89001,0.0354,-0.0723,242.54167,2016-09-23T00:00:00Z,SVP
126964,2015-08-02T19:00:00Z,-34.01876,-43.89033,-0.0071,-0.0523,59.708332,2016-09-23T00:00:00Z,SVP
126964,2015-08-02T20:00:00Z,-34.01919,-43.89057,0.0866,-0.0421,225.0,2016-09-23T00:00:00Z,SVP
126964,2015-08-02T21:00:00Z,-34.02112,-43.88788,0.0902,-0.0382,225.0,2016-09-23T00:00:00Z,SVP
126964,2015-08-02T22:00:00Z,-34.02202,-43.88273,0.129,-0.044,421.95834,2016-09-23T00:00:00Z,SVP
126964,2015-08-02T23:00:00Z,-34.0232,-43.87718,0.1325,-0.0428,421.95834,2016-09-23T00:00:00Z,SVP
126964,2015-08-03T00:00:00Z,-34.02448,-43.87234,0.1317,-0.0423,421.95834,2016-09-23T00:00:00Z,SVP
126964,2015-08-03T01:00:00Z,-34.02791,-43.85976,0.2995,-0.0859,130.04166,2016-09-23T00:00:00Z,SVP
126964,2015-08-03T02:00:00Z,-34.0368,-43.84898,0.292,0.0768,460.5,2016-09-23T00:00:00Z,SVP
126964,2015-08-03T03:00:00Z,-34.03439,-43.8367,0.2898,0.0787,460.5,2016-09-23T00:00:00Z,SVP
126964,2015-08-03T04:00:00Z,-34.0327,-43.82454,0.2857,0.0776,460.5,2016-09-23T00:00:00Z,SVP
126964,2015-08-03T05:00:00Z,-34.02971,-43.81356,0.237,0.1766,355.0417,2016-09-23T00:00:00Z,SVP
126964,2015-08-03T06:00:00Z,-34.02325,-43.80469,0.2272,0.17,355.0417,2016-09-23T00:00:00Z,SVP
126964,2015-08-03T07:00:00Z,-34.01758,-43.79428,0.2249,0.1688,355.0417,2016-09-23T00:00:00Z,SVP
126964,2015-08-03T08:00:00Z,-34.0118,-43.79023,0.163,0.1892,246.16667,2016-09-23T00:00:00Z,SVP
126964,2015-08-03T09:00:00Z,-34.00584,-43.78519,0.094,0.1814,73.791664,2016-09-23T00:00:00Z,SVP
126964,2015-08-03T10:00:00Z,-33.99962,-43.78235,0.0749,0.1905,246.16667,2016-09-23T00:00:00Z,SVP
126964,2015-08-03T11:00:00Z,-33.99337,-43.77952,0.0546,0.207,66.75,2016-09-23T00:00:00Z,SVP
126964,2015-08-03T12:00:00Z,-33.98691,-43.7771,0.0763,0.1915,119.54167,2016-09-23T00:00:00Z,SVP
126964,2015-08-03T13:00:00Z,-33.98134,-43.77465,-0.0766,0.128,618.75,2016-09-23T00:00:00Z,SVP
126964,2015-08-03T14:00:00Z,-33.9772,-43.77799,-0.0769,0.1278,618.75,2016-09-23T00:00:00Z,SVP
126964,2015-08-03T15:00:00Z,-33.97294,-43.78103,-0.0771,0.128,618.75,2016-09-23T00:00:00Z,SVP
126964,2015-08-03T16:00:00Z,-33.96848,-43.7839,-0.0773,0.1285,618.75,2016-09-23T00:00:00Z,SVP
126964,2015-08-03T17:00:00Z,-33.96343,-43.78637,-0.0778,0.13,618.75,2016-09-23T00:00:00Z,SVP
126964,2015-08-03T18:00:00Z,-33.96257,-43.79082,-0.0905,0.0851,239.08334,2016-09-23T00:00:00Z,SVP
126964,2015-08-03T19:00:00Z,-33.96157,-43.7937,-0.059,-0.0126,126.58333,2016-09-23T00:00:00Z,SVP
126964,2015-08-03T20:00:00Z,-33.96313,-43.79478,-0.0087,-0.0751,133.66667,2016-09-23T00:00:00Z,SVP
126964,2015-08-03T21:00:00Z,-33.96593,-43.79745,-0.0182,-0.0708,98.416664,2016-09-23T00:00:00Z,SVP
126964,2015-08-03T22:00:00Z,-33.96775,-43.79598,0.0035,-0.0603,502.79166,2016-09-23T00:00:00Z,SVP
126964,2015-08-03T23:00:00Z,-33.96966,-43.796,0.0051,-0.0604,502.79166,2016-09-23T00:00:00Z,SVP
126964,2015-08-04T00:00:00Z,-33.97166,-43.79668,0.0169,-0.0599,502.79166,2016-09-23T00:00:00Z,SVP
126964,2015-08-04T01:00:00Z,-33.97338,-43.79362,0.1138,-0.0464,126.58333,2016-09-23T00:00:00Z,SVP
126964,2015-08-04T02:00:00Z,-33.97317,-43.78821,0.1513,0.0277,126.58333,2016-09-23T00:00:00Z,SVP
126964,2015-08-04T03:00:00Z,-33.97069,-43.78205,0.148,0.0821,337.5,2016-09-23T00:00:00Z,SVP
126964,2015-08-04T04:00:00Z,-33.9686,-43.77603,0.1474,0.0836,337.5,2016-09-23T00:00:00Z,SVP
126964,2015-08-04T05:00:00Z,-33.96383,-43.77035,0.1492,0.169,267.16666,2016-09-23T00:00:00Z,SVP
126964,2015-08-04T06:00:00Z,-33.95772,-43.76488,0.1506,0.1643,267.16666,2016-09-23T00:00:00Z,SVP
126964,2015-08-04T07:00:00Z,-33.95315,-43.76001,-0.0445,0.1091,232.04169,2016-09-23T00:00:00Z,SVP
126964,2015-08-04T08:00:00Z,-33.94932,-43.76191,-0.0466,0.1081,232.04169,2016-09-23T00:00:00Z,SVP
126964,2015-08-04T09:00:00Z,-33.94569,-43.7636,-0.0573,0.1089,274.2083,2016-09-23T00:00:00Z,SVP
126964,2015-08-04T10:00:00Z,-33.94276,-43.76647,-0.059,0.1075,274.2083,2016-09-23T00:00:00Z,SVP
126964,2015-08-04T11:00:00Z,-33.93974,-43.76675,-0.019,0.0891,210.91667,2016-09-23T00:00:00Z,SVP
126964,2015-08-04T12:00:00Z,-33.93733,-43.76746,-0.0058,2.0E-4,137.08333,2016-09-23T00:00:00Z,SVP
126964,2015-08-04T13:00:00Z,-33.94195,-43.76771,0.0034,-0.2065,112.5,2016-09-23T00:00:00Z,SVP
126964,2015-08-04T14:00:00Z,-33.93611,-43.76704,0.0402,0.0926,523.7917,2016-09-23T00:00:00Z,SVP
126964,2015-08-04T15:00:00Z,-33.93239,-43.76521,0.0404,0.0894,523.7917,2016-09-23T00:00:00Z,SVP
126964,2015-08-04T16:00:00Z,-33.92926,-43.76391,0.0414,0.0885,523.7917,2016-09-23T00:00:00Z,SVP
126964,2015-08-04T17:00:00Z,-33.9267,-43.76293,0.0941,0.0825,246.16667,2016-09-23T00:00:00Z,SVP
126964,2015-08-04T18:00:00Z,-33.92461,-43.75884,0.0945,0.0779,246.16667,2016-09-23T00:00:00Z,SVP
126964,2015-08-04T19:00:00Z,-33.92216,-43.75424,0.1206,0.0717,112.5,2016-09-23T00:00:00Z,SVP
126964,2015-08-04T20:00:00Z,-33.91795,-43.74897,0.0964,0.0135,142.33334,2016-09-23T00:00:00Z,SVP
126964,2015-08-04T21:00:00Z,-33.91824,-43.74607,-0.0103,-0.0574,117.75001,2016-09-23T00:00:00Z,SVP
126964,2015-08-04T22:00:00Z,-33.92118,-43.74662,-0.0152,-0.132,112.5,2016-09-23T00:00:00Z,SVP
126964,2015-08-04T23:00:00Z,-33.92563,-43.73263,0.356,-0.1496,267.16666,2016-09-23T00:00:00Z,SVP
126964,2015-08-05T00:00:00Z,-33.93092,-43.71767,0.3405,-0.1504,267.16666,2016-09-23T00:00:00Z,SVP
126964,2015-08-05T01:00:00Z,-33.93387,-43.70607,0.3432,-0.0724,115.958336,2016-09-23T00:00:00Z,SVP
126964,2015-08-05T02:00:00Z,-33.93654,-43.701,0.449,-0.0377,365.70834,2016-09-23T00:00:00Z,SVP
126964,2015-08-05T03:00:00Z,-33.93797,-43.68193,0.4385,-0.0371,365.70834,2016-09-23T00:00:00Z,SVP
126964,2015-08-05T04:00:00Z,-33.93989,-43.66335,0.399,-0.0368,365.70834,2016-09-23T00:00:00Z,SVP
126964,2015-08-05T05:00:00Z,-33.93583,-43.64971,0.3533,0.1071,263.7083,2016-09-23T00:00:00Z,SVP
126964,2015-08-05T06:00:00Z,-33.93178,-43.63618,0.3052,0.1063,119.54167,2016-09-23T00:00:00Z,SVP
126964,2015-08-05T07:00:00Z,-33.92966,-43.62584,0.2218,0.0339,175.79167,2016-09-23T00:00:00Z,SVP
126964,2015-08-05T08:00:00Z,-33.92796,-43.61617,0.2062,-0.0132,284.70834,2016-09-23T00:00:00Z,SVP
126964,2015-08-05T09:00:00Z,-33.92932,-43.60931,0.204,-0.0249,284.70834,2016-09-23T00:00:00Z,SVP
126964,2015-08-05T10:00:00Z,-33.93135,-43.60123,0.2459,-0.2182,225.0,2016-09-23T00:00:00Z,SVP
126964,2015-08-05T11:00:00Z,-33.93874,-43.59105,0.2586,-0.2251,225.0,2016-09-23T00:00:00Z,SVP
126964,2015-08-05T12:00:00Z,-33.94635,-43.57804,0.3081,-0.2273,140.70834,2016-09-23T00:00:00Z,SVP
126964,2015-08-05T13:00:00Z,-33.94973,-43.5779,0.2556,-0.2108,562.5,2016-09-23T00:00:00Z,SVP
126964,2015-08-05T14:00:00Z,-33.95779,-43.56714,0.2532,-0.2104,562.5,2016-09-23T00:00:00Z,SVP
126964,2015-08-05T15:00:00Z,-33.9656,-43.5568,0.2508,-0.2078,562.5,2016-09-23T00:00:00Z,SVP
126964,2015-08-05T16:00:00Z,-33.97341,-43.54651,0.246,-0.202,562.5,2016-09-23T00:00:00Z,SVP
126964,2015-08-05T17:00:00Z,-33.98011,-43.53634,0.2692,-0.1877,232.04169,2016-09-23T00:00:00Z,SVP
126964,2015-08-05T18:00:00Z,-33.98402,-43.52728,0.2625,-0.2051,232.04169,2016-09-23T00:00:00Z,SVP
126964,2015-08-05T19:00:00Z,-33.98943,-43.51696,0.2487,-0.1354,161.70833,2016-09-23T00:00:00Z,SVP
126964,2015-08-05T20:00:00Z,-33.99245,-43.50874,-0.0133,-0.1211,126.58333,2016-09-23T00:00:00Z,SVP
126964,2015-08-05T21:00:00Z,-33.99928,-43.50813,0.0812,-0.2718,154.66667,2016-09-23T00:00:00Z,SVP
126964,2015-08-05T22:00:00Z,-34.00784,-43.50368,0.2126,-0.2478,274.2083,2016-09-23T00:00:00Z,SVP
126964,2015-08-05T23:00:00Z,-34.016,-43.49367,0.217,-0.2474,274.2083,2016-09-23T00:00:00Z,SVP
126964,2015-08-06T00:00:00Z,-34.02382,-43.4839,0.0615,-0.231,137.08333,2016-09-23T00:00:00Z,SVP
126964,2015-08-06T01:00:00Z,-34.03053,-43.48163,0.0597,-0.187,112.5,2016-09-23T00:00:00Z,SVP
126964,2015-08-06T02:00:00Z,-34.03475,-43.47326,0.2008,-0.1186,133.66667,2016-09-23T00:00:00Z,SVP
126964,2015-08-06T03:00:00Z,-34.03873,-43.46639,0.1853,-0.104,267.16666,2016-09-23T00:00:00Z,SVP
126964,2015-08-06T04:00:00Z,-34.04181,-43.45849,0.1724,-0.1066,267.16666,2016-09-23T00:00:00Z,SVP
126964,2015-08-06T05:00:00Z,-34.04595,-43.45347,0.1192,-0.1255,256.66666,2016-09-23T00:00:00Z,SVP
126964,2015-08-06T06:00:00Z,-34.05053,-43.45027,0.0305,-0.1552,105.458336,2016-09-23T00:00:00Z,SVP
126964,2015-08-06T07:00:00Z,-34.05685,-43.45053,-0.0309,-0.2208,151.20834,2016-09-23T00:00:00Z,SVP
126964,2015-08-06T08:00:00Z,-34.06488,-43.45126,-0.0011,-0.2493,98.416664,2016-09-23T00:00:00Z,SVP
126964,2015-08-06T09:00:00Z,-34.07222,-43.45052,0.01,-0.252,154.66667,2016-09-23T00:00:00Z,SVP
126964,2015-08-06T10:00:00Z,-34.08353,-43.45074,0.0041,-0.3297,270.74997,2016-09-23T00:00:00Z,SVP
126964,2015-08-06T11:00:00Z,-34.09329,-43.45084,0.009,-0.3633,147.58333,2016-09-23T00:00:00Z,SVP
126964,2015-08-06T12:00:00Z,-34.10665,-43.45002,-0.0093,-0.2987,108.91667,2016-09-23T00:00:00Z,SVP
126964,2015-08-06T13:00:00Z,-34.11586,-43.45034,-0.036,-0.2907,580.0417,2016-09-23T00:00:00Z,SVP
126964,2015-08-06T14:00:00Z,-34.12548,-43.45188,-0.0362,-0.2908,580.0417,2016-09-23T00:00:00Z,SVP
126964,2015-08-06T15:00:00Z,-34.13499,-43.45322,-0.0363,-0.2907,580.0417,2016-09-23T00:00:00Z,SVP
126964,2015-08-06T16:00:00Z,-34.14452,-43.45433,-0.0365,-0.2906,580.0417,2016-09-23T00:00:00Z,SVP
126964,2015-08-06T17:00:00Z,-34.15354,-43.45621,-0.0636,-0.2805,235.50002,2016-09-23T00:00:00Z,SVP
126964,2015-08-06T18:00:00Z,-34.1627,-43.45894,-0.0656,-0.2788,235.50002,2016-09-23T00:00:00Z,SVP
126964,2015-08-06T19:00:00Z,-34.16808,-43.4661,-0.1637,-0.1901,358.6667,2016-09-23T00:00:00Z,SVP
126964,2015-08-06T20:00:00Z,-34.17383,-43.47267,-0.1645,-0.1905,358.6667,2016-09-23T00:00:00Z,SVP
126964,2015-08-06T21:00:00Z,-34.17993,-43.47933,-0.1739,-0.173,144.16667,2016-09-23T00:00:00Z,SVP
126964,2015-08-06T22:00:00Z,-34.1859,-43.4864,-0.1716,-0.1878,418.33334,2016-09-23T00:00:00Z,SVP
126964,2015-08-06T23:00:00Z,-34.19175,-43.49288,-0.1719,-0.1875,418.33334,2016-09-23T00:00:00Z,SVP
126964,2015-08-07T00:00:00Z,-34.19729,-43.49923,-0.1728,-0.1875,418.33334,2016-09-23T00:00:00Z,SVP
126964,2015-08-07T01:00:00Z,-34.20564,-43.50603,-5.0E-4,-0.2204,439.5,2016-09-23T00:00:00Z,SVP
126964,2015-08-07T02:00:00Z,-34.21207,-43.50392,-0.0096,-0.22,439.5,2016-09-23T00:00:00Z,SVP
126964,2015-08-07T03:00:00Z,-34.21906,-43.50381,-0.0116,-0.2198,439.5,2016-09-23T00:00:00Z,SVP
126964,2015-08-07T04:00:00Z,-34.22644,-43.5046,-0.0084,-0.2116,246.16667,2016-09-23T00:00:00Z,SVP
126964,2015-08-07T05:00:00Z,-34.2333,-43.50539,-0.0104,-0.2121,246.16667,2016-09-23T00:00:00Z,SVP
126964,2015-08-07T06:00:00Z,-34.24032,-43.50543,-0.0174,-0.2264,358.6667,2016-09-23T00:00:00Z,SVP
126964,2015-08-07T07:00:00Z,-34.24777,-43.50658,-0.0192,-0.2265,358.6667,2016-09-23T00:00:00Z,SVP
126964,2015-08-07T08:00:00Z,-34.25523,-43.50843,0.101,-0.2405,119.54167,2016-09-23T00:00:00Z,SVP
126964,2015-08-07T09:00:00Z,-34.26254,-43.50401,0.0814,-0.2154,249.58333,2016-09-23T00:00:00Z,SVP
126964,2015-08-07T10:00:00Z,-34.27008,-43.50065,0.0786,-0.2147,249.58333,2016-09-23T00:00:00Z,SVP
126964,2015-08-07T11:00:00Z,-34.2757,-43.4974,0.0728,-0.1548,175.79167,2016-09-23T00:00:00Z,SVP
126964,2015-08-07T12:00:00Z,-34.28019,-43.49192,0.15,-0.1304,115.958336,2016-09-23T00:00:00Z,SVP
126964,2015-08-07T13:00:00Z,-34.28511,-43.49016,0.0279,-0.1629,587.0834,2016-09-23T00:00:00Z,SVP
126964,2015-08-07T14:00:00Z,-34.29054,-43.49136,0.0379,-0.1633,587.0834,2016-09-23T00:00:00Z,SVP
126964,2015-08-07T15:00:00Z,-34.29587,-43.49054,0.0392,-0.1635,587.0834,2016-09-23T00:00:00Z,SVP
126964,2015-08-07T16:00:00Z,-34.3011,-43.48985,0.0399,-0.1634,587.0834,2016-09-23T00:00:00Z,SVP
126964,2015-08-07T17:00:00Z,-34.30589,-43.48649,0.0168,-0.16,246.16667,2016-09-23T00:00:00Z,SVP
126964,2015-08-07T18:00:00Z,-34.31094,-43.485,0.0626,-0.0812,217.95833,2016-09-23T00:00:00Z,SVP
126964,2015-08-07T19:00:00Z,-34.31122,-43.48314,0.0625,-0.0747,217.95833,2016-09-23T00:00:00Z,SVP
126964,2015-08-07T20:00:00Z,-34.31566,-43.48135,-0.2268,-0.1264,158.25,2016-09-23T00:00:00Z,SVP
126964,2015-08-07T21:00:00Z,-34.31978,-43.49,-0.2829,-0.0624,0.0,2016-09-23T00:00:00Z,SVP
126964,2015-08-07T22:00:00Z,-34.32146,-43.49562,0.0698,-0.0778,351.58334,2016-09-23T00:00:00Z,SVP
126964,2015-08-07T23:00:00Z,-34.32411,-43.49198,0.0619,-0.0791,351.58334,2016-09-23T00:00:00Z,SVP
126964,2015-08-08T00:00:00Z,-34.32685,-43.48942,0.1085,-0.1373,105.458336,2016-09-23T00:00:00Z,SVP
126964,2015-08-08T01:00:00Z,-34.33365,-43.48539,0.0827,-0.2223,123.0,2016-09-23T00:00:00Z,SVP
126964,2015-08-08T02:00:00Z,-34.3404,-43.48018,0.1199,-0.1758,327.0,2016-09-23T00:00:00Z,SVP
126964,2015-08-08T03:00:00Z,-34.34624,-43.47668,0.1234,-0.1745,327.0,2016-09-23T00:00:00Z,SVP
126964,2015-08-08T04:00:00Z,-34.35199,-43.47541,0.2359,-0.1376,253.20834,2016-09-23T00:00:00Z,SVP
126964,2015-08-08T05:00:00Z,-34.35654,-43.46586,0.2315,-0.1345,253.20834,2016-09-23T00:00:00Z,SVP
126964,2015-08-08T06:00:00Z,-34.35982,-43.45581,0.2687,-0.0968,193.33334,2016-09-23T00:00:00Z,SVP
126964,2015-08-08T07:00:00Z,-34.36258,-43.44649,0.233,-0.099,242.54167,2016-09-23T00:00:00Z,SVP
126964,2015-08-08T08:00:00Z,-34.36691,-43.43719,0.2319,-0.101,242.54167,2016-09-23T00:00:00Z,SVP
126964,2015-08-08T09:00:00Z,-34.36903,-43.42858,0.2021,-0.0642,239.08334,2016-09-23T00:00:00Z,SVP
126964,2015-08-08T10:00:00Z,-34.37103,-43.42132,0.1889,0.012,207.45834,2016-09-23T00:00:00Z,SVP
126964,2015-08-08T11:00:00Z,-34.3706,-43.41289,0.1918,0.0164,207.45834,2016-09-23T00:00:00Z,SVP
126964,2015-08-08T12:00:00Z,-34.36669,-43.40819,0.0787,0.0622,140.70834,2016-09-23T00:00:00Z,SVP
126964,2015-08-08T13:00:00Z,-34.36434,-43.40144,0.0448,0.0273,724.2083,2016-09-23T00:00:00Z,SVP
126964,2015-08-08T14:00:00Z,-34.36329,-43.40028,0.0442,0.0282,724.2083,2016-09-23T00:00:00Z,SVP
126964,2015-08-08T15:00:00Z,-34.36217,-43.3987,0.0438,0.0291,724.2083,2016-09-23T00:00:00Z,SVP
126964,2015-08-08T16:00:00Z,-34.36091,-43.39691,0.0436,0.0302,724.2083,2016-09-23T00:00:00Z,SVP
126964,2015-08-08T17:00:00Z,-34.35938,-43.39489,0.0435,0.0316,724.2083,2016-09-23T00:00:00Z,SVP
126964,2015-08-08T18:00:00Z,-34.359,-43.39454,-0.0525,-0.018,253.20834,2016-09-23T00:00:00Z,SVP
126964,2015-08-08T19:00:00Z,-34.36165,-43.39976,-0.0073,0.0016,253.20834,2016-09-23T00:00:00Z,SVP
126964,2015-08-08T20:00:00Z,-34.36131,-43.39903,-0.0451,-0.0337,116.083336,2016-09-23T00:00:00Z,SVP
126964,2015-08-08T21:00:00Z,-34.36225,-43.39932,-0.0029,-0.08,70.333336,2016-09-23T00:00:00Z,SVP
126964,2015-08-08T22:00:00Z,-34.37048,-43.39859,0.0443,-0.0694,260.0833,2016-09-23T00:00:00Z,SVP
126964,2015-08-08T23:00:00Z,-34.36913,-43.39681,0.0471,-0.1128,260.0833,2016-09-23T00:00:00Z,SVP
126964,2015-08-09T00:00:00Z,-34.3746,-43.39341,0.0742,-0.0969,109.041664,2016-09-23T00:00:00Z,SVP
126964,2015-08-09T01:00:00Z,-34.37869,-43.39271,0.0316,-0.1949,140.70834,2016-09-23T00:00:00Z,SVP
126964,2015-08-09T02:00:00Z,-34.39293,-43.38782,0.2132,0.0498,235.50002,2016-09-23T00:00:00Z,SVP
126964,2015-08-09T03:00:00Z,-34.38567,-43.3786,0.2132,-0.0714,235.50002,2016-09-23T00:00:00Z,SVP
126964,2015-08-09T04:00:00Z,-34.38848,-43.37079,0.1759,0.0256,242.54167,2016-09-23T00:00:00Z,SVP
126964,2015-08-09T05:00:00Z,-34.38838,-43.3628,0.1751,0.0296,242.54167,2016-09-23T00:00:00Z,SVP
126964,2015-08-09T06:00:00Z,-34.38685,-43.35929,0.1056,0.0296,404.25,2016-09-23T00:00:00Z,SVP
126964,2015-08-09T07:00:00Z,-34.38577,-43.3556,0.1055,0.0308,404.25,2016-09-23T00:00:00Z,SVP
126964,2015-08-09T08:00:00Z,-34.38491,-43.35102,0.1008,0.0448,210.91667,2016-09-23T00:00:00Z,SVP
126964,2015-08-09T09:00:00Z,-34.38143,-43.34759,0.1002,0.055,210.91667,2016-09-23T00:00:00Z,SVP
126964,2015-08-09T10:00:00Z,-34.37947,-43.34117,0.1568,0.0751,242.54167,2016-09-23T00:00:00Z,SVP
126964,2015-08-09T11:00:00Z,-34.37921,-43.33568,0.1645,0.2954,112.5,2016-09-23T00:00:00Z,SVP
126964,2015-08-09T12:00:00Z,-34.36895,-43.33083,0.0299,0.311,137.08333,2016-09-23T00:00:00Z,SVP
126964,2015-08-09T13:00:00Z,-34.35845,-43.33067,0.0121,0.3159,109.041664,2016-09-23T00:00:00Z,SVP
126964,2015-08-09T14:00:00Z,-34.35727,-43.33101,0.0206,0.0683,1015.9583,2016-09-23T00:00:00Z,SVP
126964,2015-08-09T15:00:00Z,-34.3562,-43.32986,0.0201,0.0733,1015.9583,2016-09-23T00:00:00Z,SVP
126964,2015-08-09T16:00:00Z,-34.35412,-43.32893,0.0199,0.0747,1015.9583,2016-09-23T00:00:00Z,SVP
126964,2015-08-09T17:00:00Z,-34.35183,-43.32807,0.0197,0.0753,1015.9583,2016-09-23T00:00:00Z,SVP
126964,2015-08-09T18:00:00Z,-34.34945,-43.32722,0.0196,0.0756,1015.9583,2016-09-23T00:00:00Z,SVP
126964,2015-08-09T19:00:00Z,-34.34704,-43.32635,0.0193,0.0759,1015.9583,2016-09-23T00:00:00Z,SVP
126964,2015-08-09T20:00:00Z,-34.34462,-43.32532,0.0186,0.0761,1015.9583,2016-09-23T00:00:00Z,SVP
126964,2015-08-09T21:00:00Z,-34.3463,-43.32149,0.1601,-0.0734,174.0,2016-09-23T00:00:00Z,SVP
126964,2015-08-09T22:00:00Z,-34.34879,-43.31614,0.2211,-0.0508,332.24997,2016-09-23T00:00:00Z,SVP
126964,2015-08-09T23:00:00Z,-34.35018,-43.30687,0.2242,-0.0494,332.24997,2016-09-23T00:00:00Z,SVP
126964,2015-08-10T00:00:00Z,-34.35166,-43.29797,0.1336,-0.003,140.70834,2016-09-23T00:00:00Z,SVP
126964,2015-08-10T01:00:00Z,-34.35115,-43.29472,0.142,-0.0196,112.5,2016-09-23T00:00:00Z,SVP
126964,2015-08-10T02:00:00Z,-34.35179,-43.28773,0.2358,-0.0535,249.58333,2016-09-23T00:00:00Z,SVP
126964,2015-08-10T03:00:00Z,-34.35619,-43.27885,0.2362,-0.0783,249.58333,2016-09-23T00:00:00Z,SVP
126964,2015-08-10T04:00:00Z,-34.35536,-43.26967,0.2261,-0.0186,253.20834,2016-09-23T00:00:00Z,SVP
126964,2015-08-10T05:00:00Z,-34.35513,-43.26002,0.1866,-0.0256,365.70834,2016-09-23T00:00:00Z,SVP
126964,2015-08-10T06:00:00Z,-34.35662,-43.25288,0.1864,-0.0223,365.70834,2016-09-23T00:00:00Z,SVP
126964,2015-08-10T07:00:00Z,-34.35747,-43.24511,0.1837,-0.0219,365.70834,2016-09-23T00:00:00Z,SVP
126964,2015-08-10T08:00:00Z,-34.35867,-43.23883,0.1415,-0.0531,256.66666,2016-09-23T00:00:00Z,SVP
126964,2015-08-10T09:00:00Z,-34.35998,-43.23317,0.1365,-0.0544,256.66666,2016-09-23T00:00:00Z,SVP
126964,2015-08-10T10:00:00Z,-34.36188,-43.22889,0.1175,-0.0499,203.83333,2016-09-23T00:00:00Z,SVP
126964,2015-08-10T11:00:00Z,-34.36092,-43.2219,0.1533,-0.0031,123.0,2016-09-23T00:00:00Z,SVP
126964,2015-08-10T12:00:00Z,-34.3629,-43.2178,0.0606,-0.0649,133.66667,2016-09-23T00:00:00Z,SVP
126964,2015-08-10T13:00:00Z,-34.36787,-43.21763,0.0673,-0.2424,667.9583,2016-09-23T00:00:00Z,SVP
126964,2015-08-10T14:00:00Z,-34.37625,-43.21115,0.1104,-0.2436,667.9583,2016-09-23T00:00:00Z,SVP
126964,2015-08-10T15:00:00Z,-34.38415,-43.20621,0.1118,-0.2438,667.9583,2016-09-23T00:00:00Z,SVP
126964,2015-08-10T16:00:00Z,-34.39186,-43.20135,0.1124,-0.2438,667.9583,2016-09-23T00:00:00Z,SVP
126964,2015-08-10T17:00:00Z,-34.39927,-43.19636,0.1128,-0.2438,667.9583,2016-09-23T00:00:00Z,SVP
126964,2015-08-10T18:00:00Z,-34.40907,-43.19415,0.045,-0.3262,242.54167,2016-09-23T00:00:00Z,SVP
126964,2015-08-10T19:00:00Z,-34.42016,-43.20078,0.0817,-0.3223,242.54167,2016-09-23T00:00:00Z,SVP
126964,2015-08-10T20:00:00Z,-34.4311,-43.19087,0.0724,-0.3224,244.33333,2016-09-23T00:00:00Z,SVP
126964,2015-08-10T21:00:00Z,-34.44079,-43.19239,0.0949,-0.3233,244.33333,2016-09-23T00:00:00Z,SVP
126964,2015-08-10T22:00:00Z,-34.45085,-43.18934,0.074,-0.3221,312.91666,2016-09-23T00:00:00Z,SVP
126964,2015-08-10T23:00:00Z,-34.46199,-43.18424,0.0647,-0.3219,312.91666,2016-09-23T00:00:00Z,SVP
126964,2015-08-11T00:00:00Z,-34.47198,-43.18158,-0.0216,-0.3014,126.58333,2016-09-23T00:00:00Z,SVP
126964,2015-08-11T01:00:00Z,-34.48165,-43.18261,-0.0277,-0.3001,112.5,2016-09-23T00:00:00Z,SVP
126964,2015-08-11T02:00:00Z,-34.49208,-43.18225,0.0293,-0.3285,147.58333,2016-09-23T00:00:00Z,SVP
126964,2015-08-11T03:00:00Z,-34.50622,-43.17748,0.1256,-0.4273,393.75,2016-09-23T00:00:00Z,SVP
126964,2015-08-11T04:00:00Z,-34.51416,-43.17263,0.1264,-0.3466,393.75,2016-09-23T00:00:00Z,SVP
126964,2015-08-11T05:00:00Z,-34.52518,-43.16852,0.1566,-0.6013,330.45834,2016-09-23T00:00:00Z,SVP
126964,2015-08-11T06:00:00Z,-34.54507,-43.16177,0.1565,-0.5966,330.45834,2016-09-23T00:00:00Z,SVP
126964,2015-08-11T07:00:00Z,-34.56422,-43.15584,0.1584,-0.6046,330.45834,2016-09-23T00:00:00Z,SVP
126964,2015-08-11T08:00:00Z,-34.58354,-43.149,0.173,-0.5996,196.95833,2016-09-23T00:00:00Z,SVP
126964,2015-08-11T09:00:00Z,-34.60361,-43.14375,0.1342,-0.6803,186.29166,2016-09-23T00:00:00Z,SVP
126964,2015-08-11T10:00:00Z,-34.6262,-43.14166,0.0726,-0.6313,147.58333,2016-09-23T00:00:00Z,SVP
126964,2015-08-11T11:00:00Z,-34.6461,-43.13005,-0.0607,-0.5769,137.08333,2016-09-23T00:00:00Z,SVP
126964,2015-08-11T12:00:00Z,-34.66446,-43.13734,-0.0646,-0.5255,116.083336,2016-09-23T00:00:00Z,SVP
126964,2015-08-11T13:00:00Z,-34.68219,-43.13597,-0.0779,-0.5188,675.0,2016-09-23T00:00:00Z,SVP
126964,2015-08-11T14:00:00Z,-34.69866,-43.14125,-0.0684,-0.5178,675.0,2016-09-23T00:00:00Z,SVP
126964,2015-08-11T15:00:00Z,-34.71519,-43.14452,-0.0662,-0.5172,675.0,2016-09-23T00:00:00Z,SVP
126964,2015-08-11T16:00:00Z,-34.73158,-43.14742,-0.0652,-0.5164,675.0,2016-09-23T00:00:00Z,SVP
126964,2015-08-11T17:00:00Z,-34.74749,-43.15033,-0.064,-0.5148,675.0,2016-09-23T00:00:00Z,SVP
126964,2015-08-11T18:00:00Z,-34.76649,-43.15102,-0.0516,-0.5428,256.66666,2016-09-23T00:00:00Z,SVP
126964,2015-08-11T19:00:00Z,-34.78448,-43.15121,0.1546,-0.5665,98.416664,2016-09-23T00:00:00Z,SVP
126964,2015-08-11T20:00:00Z,-34.80223,-43.14235,0.2578,-0.5348,232.04169,2016-09-23T00:00:00Z,SVP
126964,2015-08-11T21:00:00Z,-34.81918,-43.13346,0.2585,-0.5354,232.04169,2016-09-23T00:00:00Z,SVP
126964,2015-08-11T22:00:00Z,-34.83738,-43.1232,0.2526,-0.5498,471.16666,2016-09-23T00:00:00Z,SVP
126964,2015-08-11T23:00:00Z,-34.85511,-43.11257,0.2535,-0.5502,471.16666,2016-09-23T00:00:00Z,SVP
126964,2015-08-12T00:00:00Z,-34.87248,-43.10162,0.2531,-0.5517,471.16666,2016-09-23T00:00:00Z,SVP
126964,2015-08-12T01:00:00Z,-34.89203,-43.096,0.1696,-0.5668,137.08333,2016-09-23T00:00:00Z,SVP
126964,2015-08-12T02:00:00Z,-34.90931,-43.08351,0.118,-0.5735,418.33334,2016-09-23T00:00:00Z,SVP
126964,2015-08-12T03:00:00Z,-34.92843,-43.07994,0.122,-0.5746,418.33334,2016-09-23T00:00:00Z,SVP
126964,2015-08-12T04:00:00Z,-34.94704,-43.07531,0.1224,-0.5751,418.33334,2016-09-23T00:00:00Z,SVP
126964,2015-08-12T05:00:00Z,-34.9662,-43.06954,0.1217,-0.6088,298.7917,2016-09-23T00:00:00Z,SVP
126964,2015-08-12T06:00:00Z,-34.98621,-43.06442,0.1229,-0.6093,298.7917,2016-09-23T00:00:00Z,SVP
126964,2015-08-12T07:00:00Z,-35.00624,-43.05891,0.1285,-0.6214,56.25,2016-09-23T00:00:00Z,SVP
126964,2015-08-12T08:00:00Z,-35.02587,-43.0538,0.1498,-0.6051,189.91667,2016-09-23T00:00:00Z,SVP
126964,2015-08-12T09:00:00Z,-35.04478,-43.04811,0.1108,-0.5699,414.9167,2016-09-23T00:00:00Z,SVP
126964,2015-08-12T10:00:00Z,-35.06345,-43.04414,0.1104,-0.5715,414.9167,2016-09-23T00:00:00Z,SVP
126964,2015-08-12T11:00:00Z,-35.08255,-43.04003,0.1103,-0.5748,414.9167,2016-09-23T00:00:00Z,SVP
126964,2015-08-12T12:00:00Z,-35.09833,-43.03473,0.1115,-0.5212,123.0,2016-09-23T00:00:00Z,SVP
126964,2015-08-12T13:00:00Z,-35.11249,-43.02788,0.1633,-0.4255,144.16667,2016-09-23T00:00:00Z,SVP
126964,2015-08-12T14:00:00Z,-35.12609,-43.02161,0.1572,-0.428,576.5834,2016-09-23T00:00:00Z,SVP
126964,2015-08-12T15:00:00Z,-35.14005,-43.01551,0.1576,-0.4277,576.5834,2016-09-23T00:00:00Z,SVP
126964,2015-08-12T16:00:00Z,-35.15403,-43.0093,0.1577,-0.4271,576.5834,2016-09-23T00:00:00Z,SVP
126964,2015-08-12T17:00:00Z,-35.16814,-43.00306,0.1576,-0.4256,576.5834,2016-09-23T00:00:00Z,SVP
126964,2015-08-12T18:00:00Z,-35.18204,-42.99667,0.1552,-0.4333,242.54167,2016-09-23T00:00:00Z,SVP
126964,2015-08-12T19:00:00Z,-35.1965,-42.99014,0.1645,-0.4362,56.25,2016-09-23T00:00:00Z,SVP
126964,2015-08-12T20:00:00Z,-35.20667,-42.9896,-0.0497,-0.2947,179.25,2016-09-23T00:00:00Z,SVP
126964,2015-08-12T21:00:00Z,-35.21694,-42.99202,-0.0252,-0.4292,0.0,2016-09-23T00:00:00Z,SVP
126964,2015-08-12T22:00:00Z,-35.22942,-42.99238,-0.0406,-0.3658,186.29166,2016-09-23T00:00:00Z,SVP
126964,2015-08-12T23:00:00Z,-35.23986,-42.99502,-0.0413,-0.3365,246.16667,2016-09-23T00:00:00Z,SVP
126964,2015-08-13T00:00:00Z,-35.25074,-42.99699,-0.0017,-0.3661,109.041664,2016-09-23T00:00:00Z,SVP
126964,2015-08-13T01:00:00Z,-35.26277,-42.99691,0.0026,-0.3799,126.58333,2016-09-23T00:00:00Z,SVP
126964,2015-08-13T02:00:00Z,-35.27311,-42.99641,0.0256,-0.3337,116.083336,2016-09-23T00:00:00Z,SVP
126964,2015-08-13T03:00:00Z,-35.28477,-42.99467,0.0542,-0.3493,333.9167,2016-09-23T00:00:00Z,SVP
126964,2015-08-13T04:00:00Z,-35.29646,-42.99252,0.0557,-0.3471,333.9167,2016-09-23T00:00:00Z,SVP
126964,2015-08-13T05:00:00Z,-35.3079,-42.99146,0.041,-0.4047,242.54167,2016-09-23T00:00:00Z,SVP
126964,2015-08-13T06:00:00Z,-35.32027,-42.98864,0.0421,-0.4078,242.54167,2016-09-23T00:00:00Z,SVP
126964,2015-08-13T07:00:00Z,-35.33341,-42.9896,0.082,-0.3876,158.25,2016-09-23T00:00:00Z,SVP
126964,2015-08-13T08:00:00Z,-35.34567,-42.98579,0.1247,-0.3787,84.458336,2016-09-23T00:00:00Z,SVP
126964,2015-08-13T09:00:00Z,-35.35842,-42.98187,0.0015,-0.4069,246.16667,2016-09-23T00:00:00Z,SVP
126964,2015-08-13T10:00:00Z,-35.37211,-42.98295,-3.0E-4,-0.4086,246.16667,2016-09-23T00:00:00Z,SVP
126964,2015-08-13T11:00:00Z,-35.38409,-42.9817,0.0567,-0.2855,91.33333,2016-09-23T00:00:00Z,SVP
126964,2015-08-13T12:00:00Z,-35.39336,-42.97977,0.0378,-0.2953,235.50002,2016-09-23T00:00:00Z,SVP
126964,2015-08-13T13:00:00Z,-35.40227,-42.97763,0.0106,-0.3234,615.1666,2016-09-23T00:00:00Z,SVP
126964,2015-08-13T14:00:00Z,-35.41325,-42.97768,0.0109,-0.3228,615.1666,2016-09-23T00:00:00Z,SVP
126964,2015-08-13T15:00:00Z,-35.42394,-42.97745,0.0111,-0.3225,615.1666,2016-09-23T00:00:00Z,SVP
126964,2015-08-13T16:00:00Z,-35.43457,-42.97713,0.0112,-0.3222,615.1666,2016-09-23T00:00:00Z,SVP
126964,2015-08-13T17:00:00Z,-35.44549,-42.97642,0.0129,-0.342,242.54167,2016-09-23T00:00:00Z,SVP
126964,2015-08-13T18:00:00Z,-35.45614,-42.97555,0.0144,-0.3404,242.54167,2016-09-23T00:00:00Z,SVP
126964,2015-08-13T19:00:00Z,-35.47014,-42.97401,0.0343,-0.4,109.041664,2016-09-23T00:00:00Z,SVP
126964,2015-08-13T20:00:00Z,-35.48164,-42.97496,-0.0143,-0.3837,144.16667,2016-09-23T00:00:00Z,SVP
126964,2015-08-13T21:00:00Z,-35.49281,-42.97663,-0.0422,-0.364,151.20834,2016-09-23T00:00:00Z,SVP
126964,2015-08-13T22:00:00Z,-35.50341,-42.97654,0.1252,-0.4411,362.08334,2016-09-23T00:00:00Z,SVP
126964,2015-08-13T23:00:00Z,-35.51908,-42.96897,0.1082,-0.4323,362.08334,2016-09-23T00:00:00Z,SVP
126964,2015-08-14T00:00:00Z,-35.53372,-42.96348,0.104,-0.4283,362.08334,2016-09-23T00:00:00Z,SVP
126964,2015-08-14T01:00:00Z,-35.54736,-42.96141,0.0273,-0.466,140.70834,2016-09-23T00:00:00Z,SVP
126964,2015-08-14T02:00:00Z,-35.56238,-42.96074,0.2949,-0.3117,355.0417,2016-09-23T00:00:00Z,SVP
126964,2015-08-14T03:00:00Z,-35.57029,-42.94504,0.2447,-0.3295,355.0417,2016-09-23T00:00:00Z,SVP
126964,2015-08-14T04:00:00Z,-35.58065,-42.93542,0.2467,-0.331,355.0417,2016-09-23T00:00:00Z,SVP
126964,2015-08-14T05:00:00Z,-35.59132,-42.9246,0.3108,-0.2978,239.08334,2016-09-23T00:00:00Z,SVP
126964,2015-08-14T06:00:00Z,-35.60087,-42.91289,0.2755,-0.2848,102.0,2016-09-23T00:00:00Z,SVP
126964,2015-08-14T07:00:00Z,-35.60901,-42.90235,0.2419,-0.1717,133.66667,2016-09-23T00:00:00Z,SVP
126964,2015-08-14T08:00:00Z,-35.614,-42.89214,0.2743,-0.137,123.0,2016-09-23T00:00:00Z,SVP
126964,2015-08-14T09:00:00Z,-35.62013,-42.88128,0.2616,-0.2058,126.58333,2016-09-23T00:00:00Z,SVP
126964,2015-08-14T10:00:00Z,-35.63271,-42.87948,0.0867,-0.332,137.08333,2016-09-23T00:00:00Z,SVP
126964,2015-08-14T11:00:00Z,-35.63776,-42.8743,0.1993,-0.0879,105.458336,2016-09-23T00:00:00Z,SVP
126964,2015-08-14T12:00:00Z,-35.64112,-42.86649,0.1238,-0.1541,151.20834,2016-09-23T00:00:00Z,SVP
126964,2015-08-14T13:00:00Z,-35.64599,-42.86142,0.094,-0.163,629.25006,2016-09-23T00:00:00Z,SVP
126964,2015-08-14T14:00:00Z,-35.65091,-42.85773,0.0939,-0.1634,629.25006,2016-09-23T00:00:00Z,SVP
126964,2015-08-14T15:00:00Z,-35.65603,-42.85396,0.0938,-0.1635,629.25006,2016-09-23T00:00:00Z,SVP
126964,2015-08-14T16:00:00Z,-35.66119,-42.85008,0.0937,-0.1637,629.25006,2016-09-23T00:00:00Z,SVP
126964,2015-08-14T17:00:00Z,-35.66658,-42.84629,0.0874,-0.1584,235.50002,2016-09-23T00:00:00Z,SVP
126964,2015-08-14T18:00:00Z,-35.67205,-42.8433,0.0873,-0.1587,235.50002,2016-09-23T00:00:00Z,SVP
126964,2015-08-14T19:00:00Z,-35.67712,-42.84087,0.0549,-0.1615,207.45834,2016-09-23T00:00:00Z,SVP
126964,2015-08-14T20:00:00Z,-35.68192,-42.83997,-0.0354,-0.1374,154.66667,2016-09-23T00:00:00Z,SVP
126964,2015-08-14T21:00:00Z,-35.6869,-42.84164,-0.0204,-0.1925,91.33333,2016-09-23T00:00:00Z,SVP
126964,2015-08-14T22:00:00Z,-35.69467,-42.84054,0.0412,-0.2802,390.1667,2016-09-23T00:00:00Z,SVP
126964,2015-08-14T23:00:00Z,-35.70369,-42.83658,0.0631,-0.2812,390.1667,2016-09-23T00:00:00Z,SVP
126964,2015-08-15T00:00:00Z,-35.71175,-42.83277,0.0597,-0.2741,239.08334,2016-09-23T00:00:00Z,SVP
126964,2015-08-15T01:00:00Z,-35.72242,-42.83751,0.0306,-0.292,239.08334,2016-09-23T00:00:00Z,SVP
126964,2015-08-15T02:00:00Z,-35.72983,-42.83561,0.1315,-0.1997,390.1667,2016-09-23T00:00:00Z,SVP
126964,2015-08-15T03:00:00Z,-35.73479,-42.82907,0.1194,-0.2107,390.1667,2016-09-23T00:00:00Z,SVP
126964,2015-08-15T04:00:00Z,-35.74064,-42.82333,0.093,-0.2194,390.1667,2016-09-23T00:00:00Z,SVP
126964,2015-08-15T05:00:00Z,-35.749,-42.82039,0.103,-0.2205,242.54167,2016-09-23T00:00:00Z,SVP
126964,2015-08-15T06:00:00Z,-35.7562,-42.81756,0.0503,-0.2307,109.041664,2016-09-23T00:00:00Z,SVP
126964,2015-08-15T07:00:00Z,-35.76278,-42.81578,0.0449,-0.2005,94.958336,2016-09-23T00:00:00Z,SVP
126964,2015-08-15T08:00:00Z,-35.77019,-42.81339,0.0643,-0.2237,147.58333,2016-09-23T00:00:00Z,SVP
126964,2015-08-15T09:00:00Z,-35.77848,-42.81171,0.0502,-0.2757,119.54167,2016-09-23T00:00:00Z,SVP
126964,2015-08-15T10:00:00Z,-35.78764,-42.80917,0.0965,-0.2762,249.58333,2016-09-23T00:00:00Z,SVP
126964,2015-08-15T11:00:00Z,-35.79614,-42.80505,0.0997,-0.2748,249.58333,2016-09-23T00:00:00Z,SVP
126964,2015-08-15T12:00:00Z,-35.80505,-42.80064,0.1173,-0.2548,137.08333,2016-09-23T00:00:00Z,SVP
126964,2015-08-15T13:00:00Z,-35.81278,-42.8056,0.1402,-0.2524,541.3334,2016-09-23T00:00:00Z,SVP
126964,2015-08-15T14:00:00Z,-35.8211,-42.79951,0.14,-0.2527,541.3334,2016-09-23T00:00:00Z,SVP
126964,2015-08-15T15:00:00Z,-35.82924,-42.79394,0.1404,-0.2529,541.3334,2016-09-23T00:00:00Z,SVP
126964,2015-08-15T16:00:00Z,-35.83716,-42.78882,0.1417,-0.2531,541.3334,2016-09-23T00:00:00Z,SVP
126964,2015-08-15T17:00:00Z,-35.84515,-42.78217,0.168,-0.2553,235.50002,2016-09-23T00:00:00Z,SVP
126964,2015-08-15T18:00:00Z,-35.85427,-42.77502,0.1696,-0.2561,235.50002,2016-09-23T00:00:00Z,SVP
126964,2015-08-15T19:00:00Z,-35.86055,-42.76664,0.1875,-0.2327,154.66667,2016-09-23T00:00:00Z,SVP
126964,2015-08-15T20:00:00Z,-35.8691,-42.76051,0.1804,-0.2535,246.16667,2016-09-23T00:00:00Z,SVP
126964,2015-08-15T21:00:00Z,-35.87651,-42.75426,0.1818,-0.2499,411.2917,2016-09-23T00:00:00Z,SVP
126964,2015-08-15T22:00:00Z,-35.88471,-42.74606,0.1829,-0.25,411.2917,2016-09-23T00:00:00Z,SVP
126964,2015-08-15T23:00:00Z,-35.89372,-42.73715,0.1847,-0.254,411.2917,2016-09-23T00:00:00Z,SVP
126964,2015-08-16T00:00:00Z,-35.90049,-42.73037,0.1946,-0.2299,144.16667,2016-09-23T00:00:00Z,SVP
126964,2015-08-16T01:00:00Z,-35.9081,-42.72125,0.3426,-0.2146,112.5,2016-09-23T00:00:00Z,SVP
126964,2015-08-16T02:00:00Z,-35.91411,-42.70768,0.3209,-0.1504,140.70834,2016-09-23T00:00:00Z,SVP
126964,2015-08-16T03:00:00Z,-35.91356,-42.69629,0.2744,0.037,263.7083,2016-09-23T00:00:00Z,SVP
126964,2015-08-16T04:00:00Z,-35.91222,-42.68532,0.2466,0.1265,242.54167,2016-09-23T00:00:00Z,SVP
126964,2015-08-16T05:00:00Z,-35.90702,-42.67591,0.2444,0.1308,242.54167,2016-09-23T00:00:00Z,SVP
126964,2015-08-16T06:00:00Z,-35.90134,-42.66716,0.2145,0.1887,102.0,2016-09-23T00:00:00Z,SVP
126964,2015-08-16T07:00:00Z,-35.8941,-42.66042,0.1602,0.247,182.83333,2016-09-23T00:00:00Z,SVP
126964,2015-08-16T08:00:00Z,-35.88619,-42.65431,0.1687,0.2621,63.291664,2016-09-23T00:00:00Z,SVP
126964,2015-08-16T09:00:00Z,-35.87847,-42.65001,-0.1032,0.1849,0.0,2016-09-23T00:00:00Z,SVP
126964,2015-08-16T10:00:00Z,-35.87199,-42.65475,-0.0905,0.2012,246.16667,2016-09-23T00:00:00Z,SVP
126964,2015-08-16T11:00:00Z,-35.86515,-42.65867,-0.0988,0.2307,172.33334,2016-09-23T00:00:00Z,SVP
126964,2015-08-16T12:00:00Z,-35.85758,-42.66223,-0.1236,0.238,102.0,2016-09-23T00:00:00Z,SVP
126964,2015-08-16T13:00:00Z,-35.85385,-42.66693,-0.1112,0.0687,565.9583,2016-09-23T00:00:00Z,SVP
126964,2015-08-16T14:00:00Z,-35.85219,-42.6712,-0.1095,0.0701,565.9583,2016-09-23T00:00:00Z,SVP
126964,2015-08-16T15:00:00Z,-35.85012,-42.67603,-0.1116,0.0705,565.9583,2016-09-23T00:00:00Z,SVP
126964,2015-08-16T16:00:00Z,-35.84798,-42.68165,-0.1159,0.0709,565.9583,2016-09-23T00:00:00Z,SVP
126964,2015-08-16T17:00:00Z,-35.84621,-42.68255,-0.0137,0.0369,242.54167,2016-09-23T00:00:00Z,SVP
126964,2015-08-16T18:00:00Z,-35.84447,-42.68288,-0.0246,-2.0E-4,348.0,2016-09-23T00:00:00Z,SVP
126964,2015-08-16T19:00:00Z,-35.84521,-42.68484,-0.0322,5.0E-4,348.0,2016-09-23T00:00:00Z,SVP
126964,2015-08-16T20:00:00Z,-35.84546,-42.68564,-0.0313,9.0E-4,348.0,2016-09-23T00:00:00Z,SVP
126964,2015-08-16T21:00:00Z,-35.84853,-42.69106,0.0338,-0.1504,189.91667,2016-09-23T00:00:00Z,SVP
126964,2015-08-16T22:00:00Z,-35.85289,-42.68873,0.1117,-0.0178,59.708332,2016-09-23T00:00:00Z,SVP
126964,2015-08-16T23:00:00Z,-35.85324,-42.68466,0.101,0.0079,277.79166,2016-09-23T00:00:00Z,SVP
126964,2015-08-17T00:00:00Z,-35.85289,-42.68006,0.0993,0.0065,277.79166,2016-09-23T00:00:00Z,SVP
126964,2015-08-17T01:00:00Z,-35.85218,-42.67356,0.2101,0.0908,130.04166,2016-09-23T00:00:00Z,SVP
126964,2015-08-17T02:00:00Z,-35.84901,-42.66397,0.149,0.2305,295.33334,2016-09-23T00:00:00Z,SVP
126964,2015-08-17T03:00:00Z,-35.84185,-42.65753,0.1448,0.233,295.33334,2016-09-23T00:00:00Z,SVP
126964,2015-08-17T04:00:00Z,-35.83452,-42.65143,0.0888,0.2777,246.16667,2016-09-23T00:00:00Z,SVP
126964,2015-08-17T05:00:00Z,-35.8248,-42.64865,0.0891,0.2762,246.16667,2016-09-23T00:00:00Z,SVP
126964,2015-08-17T06:00:00Z,-35.81528,-42.65029,-0.0586,0.2918,0.0,2016-09-23T00:00:00Z,SVP
126964,2015-08-17T07:00:00Z,-35.80739,-42.64684,0.0237,0.254,260.0833,2016-09-23T00:00:00Z,SVP
126964,2015-08-17T08:00:00Z,-35.79935,-42.64612,-0.1101,0.1473,119.54167,2016-09-23T00:00:00Z,SVP
126964,2015-08-17T09:00:00Z,-35.79444,-42.64964,-0.1706,0.1303,239.08334,2016-09-23T00:00:00Z,SVP
126964,2015-08-17T10:00:00Z,-35.79045,-42.65735,-0.1664,0.1323,239.08334,2016-09-23T00:00:00Z,SVP
126964,2015-08-17T11:00:00Z,-35.7839,-42.66096,-0.0728,0.2031,126.58333,2016-09-23T00:00:00Z,SVP
126964,2015-08-17T12:00:00Z,-35.77857,-42.66256,-0.0068,0.1159,126.58333,2016-09-23T00:00:00Z,SVP
126964,2015-08-17T13:00:00Z,-35.77632,-42.66251,-0.0039,0.0839,137.08333,2016-09-23T00:00:00Z,SVP
126964,2015-08-17T14:00:00Z,-35.77637,-42.66025,0.0448,-0.0015,442.95834,2016-09-23T00:00:00Z,SVP
126964,2015-08-17T15:00:00Z,-35.77305,-42.65931,0.0397,0.0383,442.95834,2016-09-23T00:00:00Z,SVP
126964,2015-08-17T16:00:00Z,-35.76839,-42.66555,-0.0155,0.0655,442.95834,2016-09-23T00:00:00Z,SVP
126964,2015-08-17T17:00:00Z,-35.77776,-42.65388,0.0668,-0.0462,242.54167,2016-09-23T00:00:00Z,SVP
126964,2015-08-17T18:00:00Z,-35.77926,-42.65124,0.0388,-0.0822,309.45834,2016-09-23T00:00:00Z,SVP
126964,2015-08-17T19:00:00Z,-35.78118,-42.6501,0.0377,-0.0888,309.45834,2016-09-23T00:00:00Z,SVP
126964,2015-08-17T20:00:00Z,-35.78317,-42.65009,-0.0051,-0.0199,52.666664,2016-09-23T00:00:00Z,SVP
126964,2015-08-17T21:00:00Z,-35.78314,-42.64812,0.052,-0.0022,193.33334,2016-09-23T00:00:00Z,SVP
126964,2015-08-17T22:00:00Z,-35.78506,-42.64216,0.1906,-0.0535,309.45834,2016-09-23T00:00:00Z,SVP
126964,2015-08-17T23:00:00Z,-35.78649,-42.63521,0.1931,-0.0543,309.45834,2016-09-23T00:00:00Z,SVP
126964,2015-08-18T00:00:00Z,-35.78761,-42.62791,0.1713,0.0478,94.958336,2016-09-23T00:00:00Z,SVP
126964,2015-08-18T01:00:00Z,-35.78505,-42.62058,0.1898,0.0817,140.70834,2016-09-23T00:00:00Z,SVP
126964,2015-08-18T02:00:00Z,-35.78211,-42.61216,0.24,0.0787,319.9583,2016-09-23T00:00:00Z,SVP
126964,2015-08-18T03:00:00Z,-35.78059,-42.60267,0.2417,0.0764,319.9583,2016-09-23T00:00:00Z,SVP
126964,2015-08-18T04:00:00Z,-35.77775,-42.59309,0.2551,0.1305,239.08334,2016-09-23T00:00:00Z,SVP
126964,2015-08-18T05:00:00Z,-35.77302,-42.58198,0.2544,0.1255,239.08334,2016-09-23T00:00:00Z,SVP
126964,2015-08-18T06:00:00Z,-35.76927,-42.5721,0.2578,0.1306,351.58334,2016-09-23T00:00:00Z,SVP
126964,2015-08-18T07:00:00Z,-35.76463,-42.56267,0.2566,0.1315,351.58334,2016-09-23T00:00:00Z,SVP
126964,2015-08-18T08:00:00Z,-35.76185,-42.5528,0.2484,0.0813,249.58333,2016-09-23T00:00:00Z,SVP
126964,2015-08-18T09:00:00Z,-35.7606,-42.54082,0.2594,0.0815,249.58333,2016-09-23T00:00:00Z,SVP
126964,2015-08-18T10:00:00Z,-35.75809,-42.53362,0.194,0.0655,221.41666,2016-09-23T00:00:00Z,SVP
126964,2015-08-18T11:00:00Z,-35.75644,-42.52555,0.1939,0.0665,221.41666,2016-09-23T00:00:00Z,SVP
126964,2015-08-18T12:00:00Z,-35.75524,-42.51421,0.3173,-0.0252,130.04166,2016-09-23T00:00:00Z,SVP
126964,2015-08-18T13:00:00Z,-35.75653,-42.50161,0.3058,-0.0965,717.1667,2016-09-23T00:00:00Z,SVP
126964,2015-08-18T14:00:00Z,-35.75956,-42.48953,0.3054,-0.0959,717.1667,2016-09-23T00:00:00Z,SVP
126964,2015-08-18T15:00:00Z,-35.76242,-42.47731,0.3053,-0.0945,717.1667,2016-09-23T00:00:00Z,SVP
126964,2015-08-18T16:00:00Z,-35.76474,-42.46497,0.3056,-0.0904,717.1667,2016-09-23T00:00:00Z,SVP
126964,2015-08-18T17:00:00Z,-35.76538,-42.4522,0.3065,-0.0779,717.1667,2016-09-23T00:00:00Z,SVP
126964,2015-08-18T18:00:00Z,-35.76972,-42.43988,0.304,-0.0969,256.66666,2016-09-23T00:00:00Z,SVP
126964,2015-08-18T19:00:00Z,-35.77581,-42.42883,0.3029,-0.101,256.66666,2016-09-23T00:00:00Z,SVP
126964,2015-08-18T20:00:00Z,-35.77749,-42.41518,0.3222,-0.1359,161.70833,2016-09-23T00:00:00Z,SVP
126964,2015-08-18T21:00:00Z,-35.78191,-42.40222,0.2682,-0.1754,87.91667,2016-09-23T00:00:00Z,SVP
126964,2015-08-18T22:00:00Z,-35.78835,-42.39254,0.2461,-0.1875,295.33334,2016-09-23T00:00:00Z,SVP
126964,2015-08-18T23:00:00Z,-35.79347,-42.38207,0.2489,-0.18,295.33334,2016-09-23T00:00:00Z,SVP
126964,2015-08-19T00:00:00Z,-35.80163,-42.37322,0.243,-0.2131,115.958336,2016-09-23T00:00:00Z,SVP
126964,2015-08-19T01:00:00Z,-35.81043,-42.36521,0.143,-0.3563,133.66667,2016-09-23T00:00:00Z,SVP
126964,2015-08-19T02:00:00Z,-35.82257,-42.36083,0.2052,-0.2082,214.5,2016-09-23T00:00:00Z,SVP
126964,2015-08-19T03:00:00Z,-35.82583,-42.35088,0.195,-0.2382,214.5,2016-09-23T00:00:00Z,SVP
126964,2015-08-19T04:00:00Z,-35.83463,-42.34412,0.1733,-0.2593,253.20834,2016-09-23T00:00:00Z,SVP
126964,2015-08-19T05:00:00Z,-35.84278,-42.33604,0.108,-0.3138,312.91666,2016-09-23T00:00:00Z,SVP
126964,2015-08-19T06:00:00Z,-35.8525,-42.3319,0.1081,-0.3141,312.91666,2016-09-23T00:00:00Z,SVP
126964,2015-08-19T07:00:00Z,-35.86176,-42.32743,0.1067,-0.316,312.91666,2016-09-23T00:00:00Z,SVP
126964,2015-08-19T08:00:00Z,-35.87368,-42.32417,0.0895,-0.3382,253.20834,2016-09-23T00:00:00Z,SVP
126964,2015-08-19T09:00:00Z,-35.88429,-42.32194,0.0242,-0.3082,52.791668,2016-09-23T00:00:00Z,SVP
126964,2015-08-19T10:00:00Z,-35.89216,-42.32371,-0.0575,-0.2329,249.58333,2016-09-23T00:00:00Z,SVP
126964,2015-08-19T11:00:00Z,-35.89909,-42.32681,-0.1664,-0.1997,105.458336,2016-09-23T00:00:00Z,SVP
126964,2015-08-19T12:00:00Z,-35.90449,-42.33516,-0.2567,-0.1211,144.16667,2016-09-23T00:00:00Z,SVP
126964,2015-08-19T13:00:00Z,-35.9081,-42.34595,-0.2607,-0.1245,112.5,2016-09-23T00:00:00Z,SVP
126964,2015-08-19T14:00:00Z,-35.91477,-42.35759,-0.2831,-0.1966,618.75,2016-09-23T00:00:00Z,SVP
126964,2015-08-19T15:00:00Z,-35.92134,-42.36679,-0.2652,-0.1964,618.75,2016-09-23T00:00:00Z,SVP
126964,2015-08-19T16:00:00Z,-35.9277,-42.37636,-0.2602,-0.1965,618.75,2016-09-23T00:00:00Z,SVP
126964,2015-08-19T17:00:00Z,-35.93392,-42.38571,-0.2569,-0.197,618.75,2016-09-23T00:00:00Z,SVP
126964,2015-08-19T18:00:00Z,-35.94008,-42.39881,-0.3545,-0.2102,369.16666,2016-09-23T00:00:00Z,SVP
126964,2015-08-19T19:00:00Z,-35.94683,-42.41405,-0.3545,-0.2099,369.16666,2016-09-23T00:00:00Z,SVP
126964,2015-08-19T20:00:00Z,-35.95298,-42.43001,-0.3953,-0.182,84.458336,2016-09-23T00:00:00Z,SVP
126964,2015-08-19T21:00:00Z,-35.95867,-42.447,-0.3958,-0.1969,128.25,2016-09-23T00:00:00Z,SVP
126964,2015-08-19T22:00:00Z,-35.96472,-42.46262,-0.3973,-0.1996,399.00003,2016-09-23T00:00:00Z,SVP
126964,2015-08-19T23:00:00Z,-35.97156,-42.47742,-0.3991,-0.2007,399.00003,2016-09-23T00:00:00Z,SVP
126964,2015-08-20T00:00:00Z,-35.9777,-42.49351,-0.4162,-0.0767,130.04166,2016-09-23T00:00:00Z,SVP
126964,2015-08-20T01:00:00Z,-35.97856,-42.51176,-0.3907,0.024,112.5,2016-09-23T00:00:00Z,SVP
126964,2015-08-20T02:00:00Z,-35.97486,-42.52355,-0.2184,0.1883,509.8333,2016-09-23T00:00:00Z,SVP
126964,2015-08-20T03:00:00Z,-35.96835,-42.53253,-0.2191,0.1869,509.8333,2016-09-23T00:00:00Z,SVP
126964,2015-08-20T04:00:00Z,-35.96207,-42.55689,-0.3593,0.1858,509.8333,2016-09-23T00:00:00Z,SVP
126964,2015-08-20T05:00:00Z,-35.95588,-42.56943,0.0138,0.1996,270.74997,2016-09-23T00:00:00Z,SVP
126964,2015-08-20T06:00:00Z,-35.94974,-42.55893,-0.2113,0.1998,270.74997,2016-09-23T00:00:00Z,SVP
126964,2015-08-20T07:00:00Z,-35.94265,-42.56867,-0.0576,0.2433,73.791664,2016-09-23T00:00:00Z,SVP
126964,2015-08-20T08:00:00Z,-35.93474,-42.57232,-0.1487,0.2353,195.16666,2016-09-23T00:00:00Z,SVP
126964,2015-08-20T09:00:00Z,-35.92713,-42.57855,-0.1453,0.2153,265.5,2016-09-23T00:00:00Z,SVP
126964,2015-08-20T10:00:00Z,-35.92128,-42.58522,-0.1458,0.212,265.5,2016-09-23T00:00:00Z,SVP
126964,2015-08-20T11:00:00Z,-35.91153,-42.5903,-0.1506,0.2648,140.70834,2016-09-23T00:00:00Z,SVP
126964,2015-08-20T12:00:00Z,-35.90264,-42.59755,-0.3023,0.2055,0.0,2016-09-23T00:00:00Z,SVP
126964,2015-08-20T13:00:00Z,-35.89742,-42.60876,-0.1008,0.0931,653.8334,2016-09-23T00:00:00Z,SVP
126964,2015-08-20T14:00:00Z,-35.89451,-42.61237,-0.1012,0.0931,653.8334,2016-09-23T00:00:00Z,SVP
126964,2015-08-20T15:00:00Z,-35.89142,-42.61648,-0.1008,0.0928,653.8334,2016-09-23T00:00:00Z,SVP
126964,2015-08-20T16:00:00Z,-35.88821,-42.62084,-0.0996,0.0923,653.8334,2016-09-23T00:00:00Z,SVP
126964,2015-08-20T17:00:00Z,-35.88476,-42.62549,-0.0969,0.0911,653.8334,2016-09-23T00:00:00Z,SVP
126964,2015-08-20T18:00:00Z,-35.88332,-42.62625,0.0079,0.062,239.08334,2016-09-23T00:00:00Z,SVP
126964,2015-08-20T19:00:00Z,-35.88174,-42.62637,0.0078,0.0446,154.66667,2016-09-23T00:00:00Z,SVP
126964,2015-08-20T20:00:00Z,-35.88005,-42.62539,-0.0369,0.0679,119.54167,2016-09-23T00:00:00Z,SVP
126964,2015-08-20T21:00:00Z,-35.87759,-42.62681,-0.0227,0.085,73.791664,2016-09-23T00:00:00Z,SVP
126964,2015-08-20T22:00:00Z,-35.87489,-42.6261,0.0127,0.0523,119.54167,2016-09-23T00:00:00Z,SVP
126964,2015-08-20T23:00:00Z,-35.8736,-42.62491,0.0322,0.0164,179.25,2016-09-23T00:00:00Z,SVP
126964,2015-08-21T00:00:00Z,-35.87284,-42.62428,0.0129,0.0227,144.16667,2016-09-23T00:00:00Z,SVP
126964,2015-08-21T01:00:00Z,-35.8721,-42.62567,-0.0358,0.0402,108.91667,2016-09-23T00:00:00Z,SVP
126964,2015-08-21T02:00:00Z,-35.86971,-42.6252,8.0E-4,0.0691,523.7917,2016-09-23T00:00:00Z,SVP
126964,2015-08-21T03:00:00Z,-35.86753,-42.62516,0.0014,0.0692,523.7917,2016-09-23T00:00:00Z,SVP
126964,2015-08-21T04:00:00Z,-35.86575,-42.62594,-1.0E-4,0.0686,523.7917,2016-09-23T00:00:00Z,SVP
126964,2015-08-21T05:00:00Z,-35.86409,-42.62585,0.0546,0.0787,348.0,2016-09-23T00:00:00Z,SVP
126964,2015-08-21T06:00:00Z,-35.86075,-42.6225,0.046,0.0788,348.0,2016-09-23T00:00:00Z,SVP
126964,2015-08-21T07:00:00Z,-35.8573,-42.62146,0.0877,-2.0E-4,158.25,2016-09-23T00:00:00Z,SVP
126964,2015-08-21T08:00:00Z,-35.85813,-42.61617,0.0973,-0.012,158.25,2016-09-23T00:00:00Z,SVP
126964,2015-08-21T09:00:00Z,-35.86016,-42.62208,-0.062,-0.0288,172.20833,2016-09-23T00:00:00Z,SVP
126964,2015-08-21T10:00:00Z,-35.86127,-42.62457,0.0362,-0.0225,168.75,2016-09-23T00:00:00Z,SVP
126964,2015-08-21T11:00:00Z,-35.86174,-42.62282,-0.0178,-0.0195,130.04166,2016-09-23T00:00:00Z,SVP
126964,2015-08-21T12:00:00Z,-35.86279,-42.62394,-0.023,-0.0628,112.5,2016-09-23T00:00:00Z,SVP
126964,2015-08-21T13:00:00Z,-35.86415,-42.62147,0.1108,-0.0821,667.9583,2016-09-23T00:00:00Z,SVP
126964,2015-08-21T14:00:00Z,-35.86712,-42.61684,0.1109,-0.0818,667.9583,2016-09-23T00:00:00Z,SVP
126964,2015-08-21T15:00:00Z,-35.86995,-42.61243,0.1111,-0.0816,667.9583,2016-09-23T00:00:00Z,SVP
126964,2015-08-21T16:00:00Z,-35.87277,-42.60817,0.1113,-0.0812,667.9583,2016-09-23T00:00:00Z,SVP
126964,2015-08-21T17:00:00Z,-35.87561,-42.60371,0.1367,-0.0892,256.66666,2016-09-23T00:00:00Z,SVP
126964,2015-08-21T18:00:00Z,-35.87796,-42.59699,0.1409,-0.0875,256.66666,2016-09-23T00:00:00Z,SVP
126964,2015-08-21T19:00:00Z,-35.87985,-42.59099,0.1557,-0.052,102.0,2016-09-23T00:00:00Z,SVP
126964,2015-08-21T20:00:00Z,-35.88045,-42.58668,0.0788,-0.018,133.66667,2016-09-23T00:00:00Z,SVP
126964,2015-08-21T21:00:00Z,-35.88126,-42.58453,0.0335,2.0E-4,147.58333,2016-09-23T00:00:00Z,SVP
126964,2015-08-21T22:00:00Z,-35.88106,-42.58256,-0.0026,-0.0079,312.91666,2016-09-23T00:00:00Z,SVP
126964,2015-08-21T23:00:00Z,-35.88167,-42.58333,-0.0094,-0.0131,312.91666,2016-09-23T00:00:00Z,SVP
126964,2015-08-22T00:00:00Z,-35.88188,-42.5826,0.0063,-0.0501,115.958336,2016-09-23T00:00:00Z,SVP
126964,2015-08-22T01:00:00Z,-35.88555,-42.58157,0.0679,-0.0488,140.70834,2016-09-23T00:00:00Z,SVP
126964,2015-08-22T02:00:00Z,-35.88695,-42.57788,0.0823,-0.0632,418.33334,2016-09-23T00:00:00Z,SVP
126964,2015-08-22T03:00:00Z,-35.88904,-42.57572,0.0855,-0.0642,418.33334,2016-09-23T00:00:00Z,SVP
126964,2015-08-22T04:00:00Z,-35.89055,-42.57374,0.0972,-0.0659,418.33334,2016-09-23T00:00:00Z,SVP
126964,2015-08-22T05:00:00Z,-35.89301,-42.56929,0.107,-0.0917,453.45834,2016-09-23T00:00:00Z,SVP
126964,2015-08-22T06:00:00Z,-35.89644,-42.56424,0.1045,-0.0914,453.45834,2016-09-23T00:00:00Z,SVP
126964,2015-08-22T07:00:00Z,-35.89967,-42.55978,0.1036,-0.0912,453.45834,2016-09-23T00:00:00Z,SVP
126964,2015-08-22T08:00:00Z,-35.90338,-42.55485,0.1346,-0.1211,137.08333,2016-09-23T00:00:00Z,SVP
126964,2015-08-22T09:00:00Z,-35.90782,-42.54906,0.1501,-0.1163,112.5,2016-09-23T00:00:00Z,SVP
126964,2015-08-22T10:00:00Z,-35.91055,-42.54243,0.1685,-0.0845,333.9167,2016-09-23T00:00:00Z,SVP
126964,2015-08-22T11:00:00Z,-35.91294,-42.53607,0.1676,-0.0847,333.9167,2016-09-23T00:00:00Z,SVP
126964,2015-08-22T12:00:00Z,-35.91637,-42.5285,0.164,-0.1029,112.5,2016-09-23T00:00:00Z,SVP
126964,2015-08-22T13:00:00Z,-35.91991,-42.52271,0.1489,-0.1209,699.5834,2016-09-23T00:00:00Z,SVP
126964,2015-08-22T14:00:00Z,-35.92386,-42.51721,0.149,-0.1209,699.5834,2016-09-23T00:00:00Z,SVP
126964,2015-08-22T15:00:00Z,-35.92782,-42.51169,0.1493,-0.1208,699.5834,2016-09-23T00:00:00Z,SVP
126964,2015-08-22T16:00:00Z,-35.93184,-42.50645,0.1498,-0.1206,699.5834,2016-09-23T00:00:00Z,SVP
126964,2015-08-22T17:00:00Z,-35.93607,-42.50142,0.1934,-0.1236,242.54167,2016-09-23T00:00:00Z,SVP
126964,2015-08-22T18:00:00Z,-35.93959,-42.4923,0.1681,-0.1231,242.54167,2016-09-23T00:00:00Z,SVP
126964,2015-08-22T19:00:00Z,-35.94392,-42.48457,0.21,-0.1341,203.83333,2016-09-23T00:00:00Z,SVP
126964,2015-08-22T20:00:00Z,-35.94925,-42.4772,0.182,-0.1532,144.16667,2016-09-23T00:00:00Z,SVP
126964,2015-08-22T21:00:00Z,-35.95336,-42.46978,0.1551,-0.1219,105.458336,2016-09-23T00:00:00Z,SVP
126964,2015-08-22T22:00:00Z,-35.95844,-42.46374,0.1659,-0.1439,337.5,2016-09-23T00:00:00Z,SVP
126964,2015-08-22T23:00:00Z,-35.96166,-42.45675,0.1667,-0.1313,337.5,2016-09-23T00:00:00Z,SVP
126964,2015-08-23T00:00:00Z,-35.96754,-42.45045,0.1677,-0.3127,112.5,2016-09-23T00:00:00Z,SVP
126964,2015-08-23T01:00:00Z,-35.97803,-42.44494,0.1021,-0.3318,140.70834,2016-09-23T00:00:00Z,SVP
126964,2015-08-23T02:00:00Z,-35.98766,-42.44662,-0.0073,-0.2227,112.5,2016-09-23T00:00:00Z,SVP
126964,2015-08-23T03:00:00Z,-35.99374,-42.44172,0.0964,-0.1921,319.9583,2016-09-23T00:00:00Z,SVP
126964,2015-08-23T04:00:00Z,-35.99983,-42.4377,0.0966,-0.1914,319.9583,2016-09-23T00:00:00Z,SVP
126964,2015-08-23T05:00:00Z,-36.00741,-42.43415,0.1134,-0.2187,242.54167,2016-09-23T00:00:00Z,SVP
126964,2015-08-23T06:00:00Z,-36.01415,-42.42764,0.1295,-0.2997,182.83333,2016-09-23T00:00:00Z,SVP
126964,2015-08-23T07:00:00Z,-36.02479,-42.42629,0.1089,-0.2905,182.83333,2016-09-23T00:00:00Z,SVP
126964,2015-08-23T08:00:00Z,-36.03434,-42.41793,0.1866,-0.3133,235.50002,2016-09-23T00:00:00Z,SVP
126964,2015-08-23T09:00:00Z,-36.0439,-42.40994,0.1854,-0.2739,249.58333,2016-09-23T00:00:00Z,SVP
126964,2015-08-23T10:00:00Z,-36.05244,-42.41149,0.1149,-0.2686,249.58333,2016-09-23T00:00:00Z,SVP
126964,2015-08-23T11:00:00Z,-36.04922,-42.39593,0.1728,-0.0968,102.0,2016-09-23T00:00:00Z,SVP
126964,2015-08-23T12:00:00Z,-36.05726,-42.3914,0.088,-0.1919,741.75006,2016-09-23T00:00:00Z,SVP
126964,2015-08-23T13:00:00Z,-36.06271,-42.38845,0.0818,-0.193,741.75006,2016-09-23T00:00:00Z,SVP
126964,2015-08-23T14:00:00Z,-36.06889,-42.38561,0.0794,-0.1929,741.75006,2016-09-23T00:00:00Z,SVP
126964,2015-08-23T15:00:00Z,-36.07531,-42.38296,0.0775,-0.1923,741.75006,2016-09-23T00:00:00Z,SVP
126964,2015-08-23T16:00:00Z,-36.082,-42.38062,0.0756,-0.1905,741.75006,2016-09-23T00:00:00Z,SVP
126964,2015-08-23T17:00:00Z,-36.08837,-42.37598,0.272,-0.162,232.04169,2016-09-23T00:00:00Z,SVP
126964,2015-08-23T18:00:00Z,-36.09236,-42.36423,0.2659,-0.1616,232.04169,2016-09-23T00:00:00Z,SVP
126964,2015-08-23T19:00:00Z,-36.09694,-42.35617,0.2214,-0.1298,168.75,2016-09-23T00:00:00Z,SVP
126964,2015-08-23T20:00:00Z,-36.09942,-42.34919,0.1703,0.0523,94.958336,2016-09-23T00:00:00Z,SVP
126964,2015-08-23T21:00:00Z,-36.09639,-42.34279,0.1394,0.1462,73.791664,2016-09-23T00:00:00Z,SVP
126964,2015-08-23T22:00:00Z,-36.09689,-42.34065,0.0863,-0.1306,386.70834,2016-09-23T00:00:00Z,SVP
126964,2015-08-23T23:00:00Z,-36.10207,-42.33541,0.0956,-0.1303,386.70834,2016-09-23T00:00:00Z,SVP
126964,2015-08-24T00:00:00Z,-36.10716,-42.33033,0.0959,-0.1277,386.70834,2016-09-23T00:00:00Z,SVP
126964,2015-08-24T01:00:00Z,-36.10797,-42.3347,0.0077,0.0194,112.5,2016-09-23T00:00:00Z,SVP
126964,2015-08-24T02:00:00Z,-36.10963,-42.335,0.0488,0.0276,327.0,2016-09-23T00:00:00Z,SVP
126964,2015-08-24T03:00:00Z,-36.10715,-42.33228,0.0459,0.0219,327.0,2016-09-23T00:00:00Z,SVP
126964,2015-08-24T04:00:00Z,-36.10483,-42.32936,0.0227,0.0631,358.6667,2016-09-23T00:00:00Z,SVP
126964,2015-08-24T05:00:00Z,-36.10399,-42.32907,0.0244,0.0535,358.6667,2016-09-23T00:00:00Z,SVP
126964,2015-08-24T06:00:00Z,-36.10501,-42.32846,0.026,0.0353,358.6667,2016-09-23T00:00:00Z,SVP
126964,2015-08-24T07:00:00Z,-36.10082,-42.32948,-0.0909,0.0081,221.54167,2016-09-23T00:00:00Z,SVP
126964,2015-08-24T08:00:00Z,-36.10229,-42.33332,-0.0906,0.0392,221.54167,2016-09-23T00:00:00Z,SVP
126964,2015-08-24T09:00:00Z,-36.09999,-42.3367,-0.0951,0.0301,246.16667,2016-09-23T00:00:00Z,SVP
126964,2015-08-24T10:00:00Z,-36.09918,-42.34073,-0.0959,0.0527,246.16667,2016-09-23T00:00:00Z,SVP
126964,2015-08-24T11:00:00Z,-36.09671,-42.34436,-0.0953,0.0585,246.16667,2016-09-23T00:00:00Z,SVP
126964,2015-08-24T12:00:00Z,-36.09635,-42.34931,-0.1266,-0.1166,137.08333,2016-09-23T00:00:00Z,SVP
126964,2015-08-24T13:00:00Z,-36.10066,-42.35465,-0.1522,-0.1589,611.7083,2016-09-23T00:00:00Z,SVP
126964,2015-08-24T14:00:00Z,-36.10571,-42.36075,-0.1521,-0.1589,611.7083,2016-09-23T00:00:00Z,SVP
126964,2015-08-24T15:00:00Z,-36.11075,-42.36693,-0.152,-0.1589,611.7083,2016-09-23T00:00:00Z,SVP
126964,2015-08-24T16:00:00Z,-36.11566,-42.37333,-0.1519,-0.159,611.7083,2016-09-23T00:00:00Z,SVP
126964,2015-08-24T17:00:00Z,-36.12119,-42.37876,-0.1388,-0.1653,253.20834,2016-09-23T00:00:00Z,SVP
126964,2015-08-24T18:00:00Z,-36.12686,-42.38409,-0.1375,-0.1656,253.20834,2016-09-23T00:00:00Z,SVP
126964,2015-08-24T19:00:00Z,-36.13203,-42.38113,0.0684,-0.1641,353.41666,2016-09-23T00:00:00Z,SVP
126964,2015-08-24T20:00:00Z,-36.1375,-42.37766,0.0654,-0.1636,353.41666,2016-09-23T00:00:00Z,SVP
126964,2015-08-24T21:00:00Z,-36.14265,-42.37555,0.0672,-0.1519,490.33334,2016-09-23T00:00:00Z,SVP
126964,2015-08-24T22:00:00Z,-36.14746,-42.37312,0.0673,-0.1518,490.33334,2016-09-23T00:00:00Z,SVP
126964,2015-08-24T23:00:00Z,-36.15244,-42.37041,0.0671,-0.1515,490.33334,2016-09-23T00:00:00Z,SVP
126964,2015-08-25T00:00:00Z,-36.15708,-42.36831,0.0212,-0.123,140.70834,2016-09-23T00:00:00Z,SVP
126964,2015-08-25T01:00:00Z,-36.15997,-42.36856,-0.0182,-0.0712,112.5,2016-09-23T00:00:00Z,SVP
126964,2015-08-25T02:00:00Z,-36.16236,-42.36906,-0.0254,-0.0395,369.16666,2016-09-23T00:00:00Z,SVP
126964,2015-08-25T03:00:00Z,-36.16345,-42.37033,-0.0248,-0.0399,369.16666,2016-09-23T00:00:00Z,SVP
126964,2015-08-25T04:00:00Z,-36.16466,-42.37177,-0.032,-0.0248,242.54167,2016-09-23T00:00:00Z,SVP
126964,2015-08-25T05:00:00Z,-36.16558,-42.37248,-0.0299,-0.0249,242.54167,2016-09-23T00:00:00Z,SVP
126964,2015-08-25T06:00:00Z,-36.16711,-42.37417,-0.0289,-0.067,94.958336,2016-09-23T00:00:00Z,SVP
126964,2015-08-25T07:00:00Z,-36.17109,-42.37563,-0.0662,-0.1334,253.20834,2016-09-23T00:00:00Z,SVP
126964,2015-08-25T08:00:00Z,-36.17556,-42.37582,-0.0355,-0.1977,492.16663,2016-09-23T00:00:00Z,SVP
126964,2015-08-25T09:00:00Z,-36.18016,-42.37849,-0.0354,-0.165,492.16663,2016-09-23T00:00:00Z,SVP
126964,2015-08-25T10:00:00Z,-36.18482,-42.38717,-0.1027,-0.1612,492.16663,2016-09-23T00:00:00Z,SVP
126964,2015-08-25T11:00:00Z,-36.18931,-42.39213,-0.0976,-0.1587,492.16663,2016-09-23T00:00:00Z,SVP
126964,2015-08-25T12:00:00Z,-36.19722,-42.39165,0.02,-0.2196,1012.5,2016-09-23T00:00:00Z,SVP
126964,2015-08-25T13:00:00Z,-36.2052,-42.39069,0.0199,-0.2178,1012.5,2016-09-23T00:00:00Z,SVP
126964,2015-08-25T14:00:00Z,-36.21306,-42.3899,0.02,-0.2155,1012.5,2016-09-23T00:00:00Z,SVP
126964,2015-08-25T15:00:00Z,-36.22074,-42.38926,0.0204,-0.2133,1012.5,2016-09-23T00:00:00Z,SVP
126964,2015-08-25T16:00:00Z,-36.22823,-42.38878,0.0211,-0.2114,1012.5,2016-09-23T00:00:00Z,SVP
126964,2015-08-25T17:00:00Z,-36.23568,-42.38851,0.0225,-0.2096,1012.5,2016-09-23T00:00:00Z,SVP
126964,2015-08-25T18:00:00Z,-36.24311,-42.38831,0.095,-0.1592,355.0417,2016-09-23T00:00:00Z,SVP
126964,2015-08-25T19:00:00Z,-36.248,-42.38448,0.0957,-0.1605,355.0417,2016-09-23T00:00:00Z,SVP
126964,2015-08-25T20:00:00Z,-36.25319,-42.38108,0.0992,-0.1597,355.0417,2016-09-23T00:00:00Z,SVP
126964,2015-08-25T21:00:00Z,-36.25751,-42.3757,0.1232,-0.1343,242.54167,2016-09-23T00:00:00Z,SVP
126964,2015-08-25T22:00:00Z,-36.26137,-42.37075,0.1198,-0.0861,235.50002,2016-09-23T00:00:00Z,SVP
126964,2015-08-25T23:00:00Z,-36.2634,-42.36722,0.1017,-0.0814,235.50002,2016-09-23T00:00:00Z,SVP
126964,2015-08-26T00:00:00Z,-36.26646,-42.37176,-0.0557,-0.0826,140.70834,2016-09-23T00:00:00Z,SVP
126964,2015-08-26T01:00:00Z,-36.26977,-42.37627,-0.1331,-0.0997,112.5,2016-09-23T00:00:00Z,SVP
126964,2015-08-26T02:00:00Z,-36.27359,-42.38062,-0.1051,-0.126,390.1667,2016-09-23T00:00:00Z,SVP
126964,2015-08-26T03:00:00Z,-36.27665,-42.38477,-0.105,-0.1196,390.1667,2016-09-23T00:00:00Z,SVP
126964,2015-08-26T04:00:00Z,-36.28052,-42.38925,-0.103,-0.2182,242.54167,2016-09-23T00:00:00Z,SVP
126964,2015-08-26T05:00:00Z,-36.28827,-42.39316,-0.1031,-0.2123,242.54167,2016-09-23T00:00:00Z,SVP
126964,2015-08-26T06:00:00Z,-36.29537,-42.39686,-0.0955,-0.2314,327.0,2016-09-23T00:00:00Z,SVP
126964,2015-08-26T07:00:00Z,-36.30277,-42.40203,-0.1059,-0.2309,327.0,2016-09-23T00:00:00Z,SVP
126964,2015-08-26T08:00:00Z,-36.30887,-42.39977,-0.0066,-0.1953,186.29166,2016-09-23T00:00:00Z,SVP
126964,2015-08-26T09:00:00Z,-36.31457,-42.39946,0.0575,-0.1704,63.291664,2016-09-23T00:00:00Z,SVP
126964,2015-08-26T10:00:00Z,-36.32006,-42.39862,-0.0078,-0.1538,210.91667,2016-09-23T00:00:00Z,SVP
126964,2015-08-26T11:00:00Z,-36.3242,-42.39931,-0.0173,-0.011,165.29167,2016-09-23T00:00:00Z,SVP
126964,2015-08-26T12:00:00Z,-36.32392,-42.40019,0.0135,0.0282,112.5,2016-09-23T00:00:00Z,SVP
126964,2015-08-26T13:00:00Z,-36.32307,-42.39665,0.1178,0.0093,541.3334,2016-09-23T00:00:00Z,SVP
126964,2015-08-26T14:00:00Z,-36.32294,-42.3919,0.118,0.009,541.3334,2016-09-23T00:00:00Z,SVP
126964,2015-08-26T15:00:00Z,-36.32278,-42.38738,0.1177,0.0089,541.3334,2016-09-23T00:00:00Z,SVP
126964,2015-08-26T16:00:00Z,-36.32279,-42.38377,0.1155,0.0088,541.3334,2016-09-23T00:00:00Z,SVP
126964,2015-08-26T17:00:00Z,-36.32285,-42.3781,0.1141,-0.012,242.54167,2016-09-23T00:00:00Z,SVP
126964,2015-08-26T18:00:00Z,-36.32404,-42.37337,0.0451,-0.1141,319.9583,2016-09-23T00:00:00Z,SVP
126964,2015-08-26T19:00:00Z,-36.32872,-42.37247,0.0511,-0.1067,319.9583,2016-09-23T00:00:00Z,SVP
126964,2015-08-26T20:00:00Z,-36.33233,-42.37057,0.054,-0.091,249.58333,2016-09-23T00:00:00Z,SVP
126964,2015-08-26T21:00:00Z,-36.33498,-42.36795,0.0528,-0.0913,249.58333,2016-09-23T00:00:00Z,SVP
126964,2015-08-26T22:00:00Z,-36.33777,-42.36566,0.0662,-0.0693,393.75,2016-09-23T00:00:00Z,SVP
126964,2015-08-26T23:00:00Z,-36.34,-42.36315,0.0659,-0.0692,393.75,2016-09-23T00:00:00Z,SVP
126964,2015-08-27T00:00:00Z,-36.34231,-42.36077,0.0655,-0.0692,393.75,2016-09-23T00:00:00Z,SVP
126964,2015-08-27T01:00:00Z,-36.3459,-42.35832,0.0392,-0.1415,418.33334,2016-09-23T00:00:00Z,SVP
126964,2015-08-27T02:00:00Z,-36.3508,-42.3573,0.0395,-0.1412,418.33334,2016-09-23T00:00:00Z,SVP
126964,2015-08-27T03:00:00Z,-36.3556,-42.35627,0.0402,-0.1407,418.33334,2016-09-23T00:00:00Z,SVP
126964,2015-08-27T04:00:00Z,-36.36001,-42.35455,0.0755,-0.1377,242.54167,2016-09-23T00:00:00Z,SVP
126964,2015-08-27T05:00:00Z,-36.36413,-42.35129,0.0746,-0.1392,242.54167,2016-09-23T00:00:00Z,SVP
126964,2015-08-27T06:00:00Z,-36.36836,-42.34856,0.0758,-0.1258,291.75003,2016-09-23T00:00:00Z,SVP
126964,2015-08-27T07:00:00Z,-36.37269,-42.34518,0.0769,-0.1268,291.75003,2016-09-23T00:00:00Z,SVP
126964,2015-08-27T08:00:00Z,-36.37742,-42.33373,0.2974,-0.1898,112.5,2016-09-23T00:00:00Z,SVP
126964,2015-08-27T09:00:00Z,-36.38562,-42.32367,0.155,-0.3342,172.33334,2016-09-23T00:00:00Z,SVP
126964,2015-08-27T10:00:00Z,-36.39253,-42.31689,0.2006,-0.1775,77.41667,2016-09-23T00:00:00Z,SVP
126964,2015-08-27T11:00:00Z,-36.39491,-42.30856,0.2018,-0.0058,123.0,2016-09-23T00:00:00Z,SVP
126964,2015-08-27T12:00:00Z,-36.39617,-42.30032,0.1828,-0.0782,123.0,2016-09-23T00:00:00Z,SVP
126964,2015-08-27T13:00:00Z,-36.39965,-42.29201,0.2084,-0.1033,1096.9584,2016-09-23T00:00:00Z,SVP
126964,2015-08-27T14:00:00Z,-36.40311,-42.28385,0.2066,-0.1037,1096.9584,2016-09-23T00:00:00Z,SVP
126964,2015-08-27T15:00:00Z,-36.40652,-42.27574,0.2054,-0.1038,1096.9584,2016-09-23T00:00:00Z,SVP
126964,2015-08-27T16:00:00Z,-36.40991,-42.26773,0.2042,-0.1039,1096.9584,2016-09-23T00:00:00Z,SVP
126964,2015-08-27T17:00:00Z,-36.41327,-42.25991,0.2027,-0.1039,1096.9584,2016-09-23T00:00:00Z,SVP
126964,2015-08-27T18:00:00Z,-36.41661,-42.25246,0.2003,-0.1038,1096.9584,2016-09-23T00:00:00Z,SVP
126964,2015-08-27T19:00:00Z,-36.41982,-42.24594,0.1959,-0.1036,1096.9584,2016-09-23T00:00:00Z,SVP
126964,2015-08-27T20:00:00Z,-36.4241,-42.22796,0.5042,-0.118,182.83333,2016-09-23T00:00:00Z,SVP
126964,2015-08-27T21:00:00Z,-36.42862,-42.20693,0.4706,-0.1074,182.83333,2016-09-23T00:00:00Z,SVP
126964,2015-08-27T22:00:00Z,-36.43128,-42.19709,0.2623,-0.1315,337.5,2016-09-23T00:00:00Z,SVP
126964,2015-08-27T23:00:00Z,-36.43632,-42.18621,0.2626,-0.1303,337.5,2016-09-23T00:00:00Z,SVP
126964,2015-08-28T00:00:00Z,-36.44027,-42.17473,0.3143,0.0068,101.833336,2016-09-23T00:00:00Z,SVP
126964,2015-08-28T01:00:00Z,-36.43938,-42.16107,0.3498,0.032,126.58333,2016-09-23T00:00:00Z,SVP
126964,2015-08-28T02:00:00Z,-36.44133,-42.15064,0.3128,-0.0207,123.0,2016-09-23T00:00:00Z,SVP
126964,2015-08-28T03:00:00Z,-36.44021,-42.13473,0.3294,-0.0266,179.25,2016-09-23T00:00:00Z,SVP
126964,2015-08-28T04:00:00Z,-36.44161,-42.12197,0.3242,-0.0414,253.20834,2016-09-23T00:00:00Z,SVP
126964,2015-08-28T05:00:00Z,-36.44287,-42.10914,0.1433,-0.0744,351.58334,2016-09-23T00:00:00Z,SVP
126964,2015-08-28T06:00:00Z,-36.44538,-42.10404,0.1432,-0.0751,351.58334,2016-09-23T00:00:00Z,SVP
126964,2015-08-28T07:00:00Z,-36.4476,-42.09831,0.1416,-0.0751,351.58334,2016-09-23T00:00:00Z,SVP
126964,2015-08-28T08:00:00Z,-36.45044,-42.09368,0.1194,-0.0819,154.66667,2016-09-23T00:00:00Z,SVP
126964,2015-08-28T09:00:00Z,-36.4547,-42.08866,0.184,-0.2207,70.333336,2016-09-23T00:00:00Z,SVP
126964,2015-08-28T10:00:00Z,-36.46198,-42.08141,0.2297,-0.2069,235.50002,2016-09-23T00:00:00Z,SVP
126964,2015-08-28T11:00:00Z,-36.46878,-42.07265,0.2326,-0.1249,112.5,2016-09-23T00:00:00Z,SVP
126964,2015-08-28T12:00:00Z,-36.47293,-42.06356,0.2033,-0.1482,144.16667,2016-09-23T00:00:00Z,SVP
126964,2015-08-28T13:00:00Z,-36.47759,-42.05563,0.2089,-0.1701,692.5416,2016-09-23T00:00:00Z,SVP
126964,2015-08-28T14:00:00Z,-36.48309,-42.04702,0.2093,-0.1702,692.5416,2016-09-23T00:00:00Z,SVP
126964,2015-08-28T15:00:00Z,-36.48851,-42.03853,0.2094,-0.1699,692.5416,2016-09-23T00:00:00Z,SVP
126964,2015-08-28T16:00:00Z,-36.49379,-42.03014,0.2095,-0.1694,692.5416,2016-09-23T00:00:00Z,SVP
126964,2015-08-28T17:00:00Z,-36.49875,-42.02189,0.2094,-0.1682,692.5416,2016-09-23T00:00:00Z,SVP
126964,2015-08-28T18:00:00Z,-36.50482,-42.0111,0.2353,-0.1742,253.20834,2016-09-23T00:00:00Z,SVP
126964,2015-08-28T19:00:00Z,-36.51172,-42.00154,0.2709,-0.1198,109.041664,2016-09-23T00:00:00Z,SVP
126964,2015-09-13T09:00:00Z,-35.33095,-42.0047,-0.267,-0.1019,425.41666,2016-09-23T00:00:00Z,SVP
126964,2015-09-13T10:00:00Z,-35.33363,-42.01579,-0.2702,-0.0989,425.41666,2016-09-23T00:00:00Z,SVP
126964,2015-09-13T11:00:00Z,-35.33547,-42.02757,-0.274,-0.0946,425.41666,2016-09-23T00:00:00Z,SVP
126964,2015-09-13T12:00:00Z,-35.34306,-42.02562,-0.1819,-0.2343,140.70834,2016-09-23T00:00:00Z,SVP
126964,2015-09-13T13:00:00Z,-35.34979,-42.03359,-0.1791,-0.0806,706.6666,2016-09-23T00:00:00Z,SVP
126964,2015-09-13T14:00:00Z,-35.35182,-42.04013,-0.1793,-0.0811,706.6666,2016-09-23T00:00:00Z,SVP
126964,2015-09-13T15:00:00Z,-35.35431,-42.04704,-0.1794,-0.0812,706.6666,2016-09-23T00:00:00Z,SVP
126964,2015-09-13T16:00:00Z,-35.35692,-42.054,-0.1795,-0.0811,706.6666,2016-09-23T00:00:00Z,SVP
126964,2015-09-13T17:00:00Z,-35.35962,-42.06092,-0.1797,-0.0809,706.6666,2016-09-23T00:00:00Z,SVP
126964,2015-09-13T18:00:00Z,-35.36198,-42.06845,-0.1841,-0.0628,348.0,2016-09-23T00:00:00Z,SVP
126964,2015-09-13T19:00:00Z,-35.36382,-42.07641,-0.1857,-0.062,348.0,2016-09-23T00:00:00Z,SVP
126964,2015-09-13T20:00:00Z,-35.36635,-42.08337,-0.1841,-0.0667,94.958336,2016-09-23T00:00:00Z,SVP
126964,2015-09-13T21:00:00Z,-35.36898,-42.08962,-0.0267,-0.1539,147.58333,2016-09-23T00:00:00Z,SVP
126964,2015-09-13T22:00:00Z,-35.37342,-42.09173,-5.0E-4,-0.1616,298.7917,2016-09-23T00:00:00Z,SVP
126964,2015-09-13T23:00:00Z,-35.37881,-42.09118,-1.0E-4,-0.1603,298.7917,2016-09-23T00:00:00Z,SVP
126964,2015-09-14T00:00:00Z,-35.37831,-42.09663,-0.3025,0.1592,130.04166,2016-09-23T00:00:00Z,SVP
126964,2015-09-14T01:00:00Z,-35.37447,-42.10747,-0.2448,0.1175,115.958336,2016-09-23T00:00:00Z,SVP
126964,2015-09-14T02:00:00Z,-35.37207,-42.11235,-0.1179,0.0054,334.04166,2016-09-23T00:00:00Z,SVP
126964,2015-09-14T03:00:00Z,-35.36777,-42.11627,-0.1175,0.0469,334.04166,2016-09-23T00:00:00Z,SVP
126964,2015-09-14T04:00:00Z,-35.36921,-42.12199,-0.1585,-0.0581,256.66666,2016-09-23T00:00:00Z,SVP
126964,2015-09-14T05:00:00Z,-35.37467,-42.12843,-0.1593,-0.013,256.66666,2016-09-23T00:00:00Z,SVP
126964,2015-09-14T06:00:00Z,-35.37417,-42.13461,-0.168,-0.0481,337.5,2016-09-23T00:00:00Z,SVP
126964,2015-09-14T07:00:00Z,-35.37476,-42.14155,-0.1682,-0.0563,337.5,2016-09-23T00:00:00Z,SVP
126964,2015-09-14T08:00:00Z,-35.37873,-42.14422,-0.1165,-0.1892,123.0,2016-09-23T00:00:00Z,SVP
126964,2015-09-14T09:00:00Z,-35.38456,-42.15062,-0.3135,-0.1593,246.16667,2016-09-23T00:00:00Z,SVP
126964,2015-09-14T10:00:00Z,-35.39004,-42.16349,-0.3136,-0.1592,246.16667,2016-09-23T00:00:00Z,SVP
126964,2015-09-14T11:00:00Z,-35.39534,-42.1686,-0.0239,-0.2418,137.08333,2016-09-23T00:00:00Z,SVP
126964,2015-09-14T12:00:00Z,-35.40368,-42.16988,0.0176,-0.0788,102.0,2016-09-23T00:00:00Z,SVP
126964,2015-09-14T13:00:00Z,-35.40729,-42.16978,0.0241,-0.0604,1089.9166,2016-09-23T00:00:00Z,SVP
126964,2015-09-14T14:00:00Z,-35.409,-42.16871,0.0241,-0.0607,1089.9166,2016-09-23T00:00:00Z,SVP
126964,2015-09-14T15:00:00Z,-35.41089,-42.16771,0.024,-0.0608,1089.9166,2016-09-23T00:00:00Z,SVP
126964,2015-09-14T16:00:00Z,-35.41283,-42.16673,0.024,-0.0608,1089.9166,2016-09-23T00:00:00Z,SVP
126964,2015-09-14T17:00:00Z,-35.41481,-42.16575,0.024,-0.0608,1089.9166,2016-09-23T00:00:00Z,SVP
126964,2015-09-14T18:00:00Z,-35.41681,-42.16477,0.024,-0.0607,1089.9166,2016-09-23T00:00:00Z,SVP
126964,2015-09-14T19:00:00Z,-35.41887,-42.16377,0.0239,-0.0605,1089.9166,2016-09-23T00:00:00Z,SVP
126964,2015-09-14T20:00:00Z,-35.42049,-42.16293,0.0232,-0.0427,246.16667,2016-09-23T00:00:00Z,SVP
126964,2015-09-14T21:00:00Z,-35.42139,-42.16226,0.0227,-0.0412,246.16667,2016-09-23T00:00:00Z,SVP
126964,2015-09-14T22:00:00Z,-35.42125,-42.16333,-0.1336,-0.0089,442.95834,2016-09-23T00:00:00Z,SVP
126964,2015-09-14T23:00:00Z,-35.42184,-42.16986,-0.1451,-0.0105,442.95834,2016-09-23T00:00:00Z,SVP
126964,2015-09-15T00:00:00Z,-35.42219,-42.17744,-0.1591,-0.0107,442.95834,2016-09-23T00:00:00Z,SVP
126964,2015-09-15T01:00:00Z,-35.42295,-42.18494,-0.0834,-0.0448,355.0417,2016-09-23T00:00:00Z,SVP
126964,2015-09-15T02:00:00Z,-35.42477,-42.18466,-0.1133,-0.047,355.0417,2016-09-23T00:00:00Z,SVP
126964,2015-09-15T03:00:00Z,-35.42547,-42.18825,-0.1174,-0.0462,355.0417,2016-09-23T00:00:00Z,SVP
126964,2015-09-15T04:00:00Z,-35.429,-42.19367,-0.1133,-0.1341,256.66666,2016-09-23T00:00:00Z,SVP
126964,2015-09-15T05:00:00Z,-35.4328,-42.19719,-0.1084,-0.1464,312.91666,2016-09-23T00:00:00Z,SVP
126964,2015-09-15T06:00:00Z,-35.43763,-42.20183,-0.1082,-0.1456,312.91666,2016-09-23T00:00:00Z,SVP
126964,2015-09-15T07:00:00Z,-35.44272,-42.20738,-0.1055,-0.1421,312.91666,2016-09-23T00:00:00Z,SVP
126964,2015-09-15T08:00:00Z,-35.44855,-42.20283,0.1349,-0.2089,108.91667,2016-09-23T00:00:00Z,SVP
126964,2015-09-15T09:00:00Z,-35.45346,-42.20722,-0.1462,-0.1507,63.291664,2016-09-23T00:00:00Z,SVP
126964,2015-09-15T10:00:00Z,-35.46051,-42.20612,0.1184,-0.1591,80.83333,2016-09-23T00:00:00Z,SVP
126964,2015-09-15T11:00:00Z,-35.46461,-42.20144,0.0879,-0.0791,130.04166,2016-09-23T00:00:00Z,SVP
126964,2015-09-15T12:00:00Z,-35.46676,-42.1974,0.1058,-0.0536,123.0,2016-09-23T00:00:00Z,SVP
126964,2015-09-15T13:00:00Z,-35.46746,-42.19288,0.1081,-0.0141,140.70834,2016-09-23T00:00:00Z,SVP
126964,2015-09-15T14:00:00Z,-35.46818,-42.18867,0.1053,-0.0151,622.2083,2016-09-23T00:00:00Z,SVP
126964,2015-09-15T15:00:00Z,-35.46863,-42.18464,0.1051,-0.0151,622.2083,2016-09-23T00:00:00Z,SVP
126964,2015-09-15T16:00:00Z,-35.469,-42.18066,0.1049,-0.015,622.2083,2016-09-23T00:00:00Z,SVP
126964,2015-09-15T17:00:00Z,-35.46914,-42.17699,0.1044,-0.0147,622.2083,2016-09-23T00:00:00Z,SVP
126964,2015-09-15T18:00:00Z,-35.4693,-42.17191,0.1112,-0.0106,256.66666,2016-09-23T00:00:00Z,SVP
126964,2015-09-15T19:00:00Z,-35.47043,-42.16724,0.0845,0.0056,84.458336,2016-09-23T00:00:00Z,SVP
126964,2015-09-15T20:00:00Z,-35.46919,-42.16629,-0.0174,0.0057,242.54167,2016-09-23T00:00:00Z,SVP
126964,2015-09-15T21:00:00Z,-35.46956,-42.16714,-0.0184,0.0068,242.54167,2016-09-23T00:00:00Z,SVP
126964,2015-09-15T22:00:00Z,-35.47093,-42.16927,-0.0652,-0.0905,348.0,2016-09-23T00:00:00Z,SVP
126964,2015-09-15T23:00:00Z,-35.47376,-42.17238,-0.0707,-0.0909,348.0,2016-09-23T00:00:00Z,SVP
126964,2015-09-16T00:00:00Z,-35.4774,-42.17348,0.1439,-0.1521,91.33333,2016-09-23T00:00:00Z,SVP
126964,2015-09-16T01:00:00Z,-35.48345,-42.16645,0.1021,-0.1774,147.58333,2016-09-23T00:00:00Z,SVP
126964,2015-09-16T02:00:00Z,-35.48918,-42.16177,0.0962,-0.1559,836.7083,2016-09-23T00:00:00Z,SVP
126964,2015-09-16T03:00:00Z,-35.49459,-42.15722,0.0939,-0.1575,836.7083,2016-09-23T00:00:00Z,SVP
126964,2015-09-16T04:00:00Z,-35.49997,-42.15318,0.0928,-0.1585,836.7083,2016-09-23T00:00:00Z,SVP
126964,2015-09-16T05:00:00Z,-35.50544,-42.14935,0.0922,-0.1593,836.7083,2016-09-23T00:00:00Z,SVP
126964,2015-09-16T06:00:00Z,-35.51108,-42.14563,0.0919,-0.1601,836.7083,2016-09-23T00:00:00Z,SVP
126964,2015-09-16T07:00:00Z,-35.5171,-42.14197,0.0919,-0.1608,836.7083,2016-09-23T00:00:00Z,SVP
126964,2015-09-16T08:00:00Z,-35.51797,-42.13715,0.1166,-0.0296,239.08334,2016-09-23T00:00:00Z,SVP
126964,2015-09-16T09:00:00Z,-35.5179,-42.13181,0.1333,0.0169,123.0,2016-09-23T00:00:00Z,SVP
126964,2015-09-16T10:00:00Z,-35.51615,-42.12629,0.125,0.0727,249.58333,2016-09-23T00:00:00Z,SVP
126964,2015-09-16T11:00:00Z,-35.51209,-42.12415,0.1151,0.0824,249.58333,2016-09-23T00:00:00Z,SVP
126964,2015-09-16T12:00:00Z,-35.51142,-42.11605,0.004,0.0329,133.66667,2016-09-23T00:00:00Z,SVP
126964,2015-09-16T13:00:00Z,-35.50502,-42.11413,0.0231,-0.0279,664.49994,2016-09-23T00:00:00Z,SVP
126964,2015-09-16T14:00:00Z,-35.5067,-42.11357,0.0218,-0.0251,664.49994,2016-09-23T00:00:00Z,SVP
126964,2015-09-16T15:00:00Z,-35.50762,-42.11323,0.0197,-0.0248,664.49994,2016-09-23T00:00:00Z,SVP
126964,2015-09-16T16:00:00Z,-35.50815,-42.11566,9.0E-4,-0.027,664.49994,2016-09-23T00:00:00Z,SVP
126964,2015-09-16T17:00:00Z,-35.5083,-42.11768,-0.0066,-0.0322,664.49994,2016-09-23T00:00:00Z,SVP
126964,2015-09-16T18:00:00Z,-35.51009,-42.11292,0.1043,-0.0452,235.50002,2016-09-23T00:00:00Z,SVP
126964,2015-09-16T19:00:00Z,-35.51147,-42.10864,0.0374,-0.0146,98.416664,2016-09-23T00:00:00Z,SVP
126964,2015-09-16T20:00:00Z,-35.51067,-42.10718,0.0634,0.0469,235.50002,2016-09-23T00:00:00Z,SVP
126964,2015-09-16T21:00:00Z,-35.51071,-42.10574,0.0835,0.0829,481.66666,2016-09-23T00:00:00Z,SVP
126964,2015-09-16T22:00:00Z,-35.50701,-42.10222,0.0845,0.0837,481.66666,2016-09-23T00:00:00Z,SVP
126964,2015-09-16T23:00:00Z,-35.504,-42.09857,0.0856,0.0841,481.66666,2016-09-23T00:00:00Z,SVP
126964,2015-09-17T00:00:00Z,-35.50145,-42.09447,0.0876,0.0851,481.66666,2016-09-23T00:00:00Z,SVP
126964,2015-09-17T01:00:00Z,-35.49669,-42.09686,-0.06,0.1182,137.08333,2016-09-23T00:00:00Z,SVP
126964,2015-09-17T02:00:00Z,-35.49455,-42.09873,-0.0633,0.083,499.20834,2016-09-23T00:00:00Z,SVP
126964,2015-09-17T03:00:00Z,-35.49175,-42.10124,-0.0632,0.0824,499.20834,2016-09-23T00:00:00Z,SVP
126964,2015-09-17T04:00:00Z,-35.48829,-42.104,-0.0626,0.0807,499.20834,2016-09-23T00:00:00Z,SVP
126964,2015-09-17T05:00:00Z,-35.48573,-42.10641,-0.0316,0.0449,344.54166,2016-09-23T00:00:00Z,SVP
126964,2015-09-17T06:00:00Z,-35.48467,-42.10806,-0.0281,0.0476,344.54166,2016-09-23T00:00:00Z,SVP
126964,2015-09-17T07:00:00Z,-35.48336,-42.10904,0.0275,0.0215,246.16667,2016-09-23T00:00:00Z,SVP
126964,2015-09-17T08:00:00Z,-35.48253,-42.10732,0.0245,0.0209,246.16667,2016-09-23T00:00:00Z,SVP
126964,2015-09-17T09:00:00Z,-35.48249,-42.10658,0.0236,-0.0177,242.54167,2016-09-23T00:00:00Z,SVP
126964,2015-09-17T10:00:00Z,-35.48315,-42.10593,0.0222,-0.0172,242.54167,2016-09-23T00:00:00Z,SVP
126964,2015-09-17T11:00:00Z,-35.48247,-42.10465,0.0366,0.0293,137.08333,2016-09-23T00:00:00Z,SVP
126964,2015-09-17T12:00:00Z,-35.48127,-42.10338,-0.0723,0.0618,144.16667,2016-09-23T00:00:00Z,SVP
126964,2015-09-17T13:00:00Z,-35.48094,-42.10658,-0.0599,0.0013,112.5,2016-09-23T00:00:00Z,SVP
126964,2015-09-17T14:00:00Z,-35.48072,-42.1082,-0.0298,-0.0069,565.9583,2016-09-23T00:00:00Z,SVP
126964,2015-09-17T15:00:00Z,-35.48078,-42.10925,-0.0296,-0.0071,565.9583,2016-09-23T00:00:00Z,SVP
126964,2015-09-17T16:00:00Z,-35.48085,-42.11078,-0.0276,-0.0073,565.9583,2016-09-23T00:00:00Z,SVP
126964,2015-09-17T17:00:00Z,-35.48082,-42.11285,0.0331,-0.0027,246.16667,2016-09-23T00:00:00Z,SVP
126964,2015-09-17T18:00:00Z,-35.48143,-42.11123,0.0342,-0.0045,246.16667,2016-09-23T00:00:00Z,SVP
126964,2015-09-17T19:00:00Z,-35.48234,-42.11089,0.0182,-0.0335,87.91667,2016-09-23T00:00:00Z,SVP
126964,2015-09-17T20:00:00Z,-35.48501,-42.10945,0.014,-0.0778,133.66667,2016-09-23T00:00:00Z,SVP
126964,2015-09-17T21:00:00Z,-35.48719,-42.10837,0.0477,-0.0776,249.58333,2016-09-23T00:00:00Z,SVP
126964,2015-09-17T22:00:00Z,-35.48884,-42.10707,0.0486,-0.0761,249.58333,2016-09-23T00:00:00Z,SVP
126964,2015-09-17T23:00:00Z,-35.49141,-42.10529,0.0628,-0.0898,225.0,2016-09-23T00:00:00Z,SVP
126964,2015-09-18T00:00:00Z,-35.49493,-42.10232,0.0036,0.0409,130.04166,2016-09-23T00:00:00Z,SVP
126964,2015-09-18T01:00:00Z,-35.49232,-42.10324,0.0535,0.1054,119.54167,2016-09-23T00:00:00Z,SVP
126964,2015-09-18T02:00:00Z,-35.4895,-42.10153,0.0627,0.1195,435.91666,2016-09-23T00:00:00Z,SVP
126964,2015-09-18T03:00:00Z,-35.48531,-42.09911,0.0624,0.1184,435.91666,2016-09-23T00:00:00Z,SVP
126964,2015-09-18T04:00:00Z,-35.48131,-42.0964,0.061,0.1176,435.91666,2016-09-23T00:00:00Z,SVP
126964,2015-09-18T05:00:00Z,-35.4784,-42.09629,-0.0279,0.0936,242.54167,2016-09-23T00:00:00Z,SVP
126964,2015-09-18T06:00:00Z,-35.47511,-42.0972,-0.0308,0.0917,242.54167,2016-09-23T00:00:00Z,SVP
126964,2015-09-18T07:00:00Z,-35.47335,-42.09962,-0.0539,0.0643,334.04166,2016-09-23T00:00:00Z,SVP
126964,2015-09-18T08:00:00Z,-35.47127,-42.10167,-0.0545,0.0639,334.04166,2016-09-23T00:00:00Z,SVP
126964,2015-09-18T09:00:00Z,-35.46908,-42.10351,-0.0483,0.0617,267.16666,2016-09-23T00:00:00Z,SVP
126964,2015-09-18T10:00:00Z,-35.46733,-42.10616,-0.0461,0.0636,267.16666,2016-09-23T00:00:00Z,SVP
126964,2015-09-18T11:00:00Z,-35.46445,-42.10428,0.005,0.0735,165.16666,2016-09-23T00:00:00Z,SVP
126964,2015-09-18T12:00:00Z,-35.46205,-42.10557,-0.0149,0.0869,144.16667,2016-09-23T00:00:00Z,SVP
126964,2015-09-18T13:00:00Z,-35.45954,-42.11106,-0.0033,-0.0119,601.2084,2016-09-23T00:00:00Z,SVP
126964,2015-09-18T14:00:00Z,-35.46047,-42.11083,-0.0032,-0.0104,601.2084,2016-09-23T00:00:00Z,SVP
126964,2015-09-18T15:00:00Z,-35.46109,-42.11112,-0.0024,-0.0093,601.2084,2016-09-23T00:00:00Z,SVP
126964,2015-09-18T16:00:00Z,-35.46169,-42.1117,-9.0E-4,-0.0077,601.2084,2016-09-23T00:00:00Z,SVP
126964,2015-09-18T17:00:00Z,-35.46198,-42.11177,0.0818,0.0014,232.04169,2016-09-23T00:00:00Z,SVP
126964,2015-09-18T18:00:00Z,-35.46106,-42.10725,0.0729,0.0018,232.04169,2016-09-23T00:00:00Z,SVP
126964,2015-09-18T19:00:00Z,-35.46062,-42.10591,0.0461,0.0227,186.29166,2016-09-23T00:00:00Z,SVP
126964,2015-09-18T20:00:00Z,-35.45972,-42.10586,-0.052,0.0331,98.416664,2016-09-23T00:00:00Z,SVP
126964,2015-09-18T21:00:00Z,-35.45901,-42.10727,-0.0332,0.017,147.58333,2016-09-23T00:00:00Z,SVP
126964,2015-09-18T22:00:00Z,-35.45985,-42.10606,0.0556,-0.0108,228.45833,2016-09-23T00:00:00Z,SVP
126964,2015-09-18T23:00:00Z,-35.46022,-42.09906,0.135,-0.0044,228.45833,2016-09-23T00:00:00Z,SVP
126964,2015-09-19T00:00:00Z,-35.45525,-42.1001,-0.184,0.1213,140.70834,2016-09-23T00:00:00Z,SVP
126964,2015-09-19T01:00:00Z,-35.45215,-42.10615,-0.0985,0.1266,112.5,2016-09-23T00:00:00Z,SVP
126964,2015-09-19T02:00:00Z,-35.44809,-42.10932,-0.0744,0.0939,435.91666,2016-09-23T00:00:00Z,SVP
126964,2015-09-19T03:00:00Z,-35.44455,-42.11186,-0.074,0.0939,435.91666,2016-09-23T00:00:00Z,SVP
126964,2015-09-19T04:00:00Z,-35.44058,-42.11378,-0.0733,0.0938,435.91666,2016-09-23T00:00:00Z,SVP
126964,2015-09-19T05:00:00Z,-35.43864,-42.1188,-0.097,0.0948,263.7083,2016-09-23T00:00:00Z,SVP
126964,2015-09-19T06:00:00Z,-35.43605,-42.123,-0.13,0.0709,80.83333,2016-09-23T00:00:00Z,SVP
126964,2015-09-19T07:00:00Z,-35.43445,-42.12694,-0.0885,0.0308,182.83333,2016-09-23T00:00:00Z,SVP
126964,2015-09-19T08:00:00Z,-35.43436,-42.12973,-0.0802,-0.0209,73.791664,2016-09-23T00:00:00Z,SVP
126964,2015-09-19T09:00:00Z,-35.43443,-42.13428,-0.0901,0.0016,221.54167,2016-09-23T00:00:00Z,SVP
126964,2015-09-19T10:00:00Z,-35.43426,-42.13865,-0.1244,0.0218,193.33334,2016-09-23T00:00:00Z,SVP
126964,2015-09-19T11:00:00Z,-35.43335,-42.14165,-0.1112,0.0122,137.08333,2016-09-23T00:00:00Z,SVP
126964,2015-09-19T12:00:00Z,-35.43344,-42.14747,-0.0948,-0.0149,105.458336,2016-09-23T00:00:00Z,SVP
126964,2015-09-19T13:00:00Z,-35.43363,-42.15071,-0.0814,-1.0E-4,629.25006,2016-09-23T00:00:00Z,SVP
126964,2015-09-19T14:00:00Z,-35.43376,-42.15454,-0.0802,-1.0E-4,629.25006,2016-09-23T00:00:00Z,SVP
126964,2015-09-19T15:00:00Z,-35.43398,-42.15814,-0.079,-0.0,629.25006,2016-09-23T00:00:00Z,SVP
126964,2015-09-19T16:00:00Z,-35.43443,-42.16182,-0.0769,1.0E-4,629.25006,2016-09-23T00:00:00Z,SVP
126964,2015-09-19T17:00:00Z,-35.43447,-42.1647,-0.014,0.0127,228.58334,2016-09-23T00:00:00Z,SVP
126964,2015-09-19T18:00:00Z,-35.43267,-42.1652,-0.0085,0.0123,228.58334,2016-09-23T00:00:00Z,SVP
126964,2015-09-19T19:00:00Z,-35.43292,-42.16432,0.0042,0.0271,144.16667,2016-09-23T00:00:00Z,SVP
126964,2015-09-19T20:00:00Z,-35.43009,-42.17648,-0.3701,0.1953,63.291664,2016-09-23T00:00:00Z,SVP
126964,2015-09-19T21:00:00Z,-35.42625,-42.18271,0.0652,-0.0516,112.5,2016-09-23T00:00:00Z,SVP
126964,2015-09-19T22:00:00Z,-35.42705,-42.18327,-0.141,0.0068,87.91667,2016-09-23T00:00:00Z,SVP
126964,2015-09-19T23:00:00Z,-35.42682,-42.18923,-0.163,0.03,281.25,2016-09-23T00:00:00Z,SVP
126964,2015-09-20T00:00:00Z,-35.42573,-42.19569,-0.1039,0.0121,112.5,2016-09-23T00:00:00Z,SVP
126964,2015-09-20T01:00:00Z,-35.42546,-42.20033,-0.13,0.0164,144.16667,2016-09-23T00:00:00Z,SVP
126964,2015-09-20T02:00:00Z,-35.42514,-42.20067,-0.1886,0.0069,351.58334,2016-09-23T00:00:00Z,SVP
126964,2015-09-20T03:00:00Z,-35.42468,-42.21014,-0.1682,0.0049,351.58334,2016-09-23T00:00:00Z,SVP
126964,2015-09-20T04:00:00Z,-35.42401,-42.21748,-0.1565,-0.001,351.58334,2016-09-23T00:00:00Z,SVP
126964,2015-09-20T05:00:00Z,-35.4247,-42.22304,-0.1597,-0.0125,242.54167,2016-09-23T00:00:00Z,SVP
126964,2015-09-20T06:00:00Z,-35.42448,-42.22947,-0.1609,0.0152,77.41667,2016-09-23T00:00:00Z,SVP
126964,2015-09-20T07:00:00Z,-35.42315,-42.23785,-0.2328,0.0493,147.58333,2016-09-23T00:00:00Z,SVP
126964,2015-09-20T08:00:00Z,-35.42449,-42.2485,0.047,-0.1046,147.58333,2016-09-23T00:00:00Z,SVP
126964,2015-09-20T09:00:00Z,-35.42927,-42.24641,0.0507,-0.0539,242.54167,2016-09-23T00:00:00Z,SVP
126964,2015-09-20T10:00:00Z,-35.42994,-42.25182,-0.0968,-0.0609,242.54167,2016-09-23T00:00:00Z,SVP
126964,2015-09-20T11:00:00Z,-35.43126,-42.25658,-0.14,-0.003,140.70834,2016-09-23T00:00:00Z,SVP
126964,2015-09-20T12:00:00Z,-35.43074,-42.26174,-0.144,-0.0251,109.041664,2016-09-23T00:00:00Z,SVP
126964,2015-09-20T13:00:00Z,-35.43174,-42.26718,-0.1263,-0.0217,639.9166,2016-09-23T00:00:00Z,SVP
126964,2015-09-20T14:00:00Z,-35.43283,-42.27249,-0.127,-0.022,639.9166,2016-09-23T00:00:00Z,SVP
126964,2015-09-20T15:00:00Z,-35.43393,-42.27793,-0.1279,-0.0222,639.9166,2016-09-23T00:00:00Z,SVP
126964,2015-09-20T16:00:00Z,-35.43532,-42.2838,-0.1293,-0.0224,639.9166,2016-09-23T00:00:00Z,SVP
126964,2015-09-20T17:00:00Z,-35.43527,-42.28754,-0.0547,-0.0188,246.16667,2016-09-23T00:00:00Z,SVP
126964,2015-09-20T18:00:00Z,-35.43426,-42.28963,-0.0512,-0.0197,246.16667,2016-09-23T00:00:00Z,SVP
126964,2015-09-20T19:00:00Z,-35.43646,-42.29129,-0.0455,-0.025,210.91667,2016-09-23T00:00:00Z,SVP
126964,2015-09-20T20:00:00Z,-35.4374,-42.29507,-0.0804,-0.0461,109.041664,2016-09-23T00:00:00Z,SVP
126964,2015-09-20T21:00:00Z,-35.43941,-42.29766,-0.0876,-0.0678,144.16667,2016-09-23T00:00:00Z,SVP
126964,2015-09-20T22:00:00Z,-35.44957,-42.30077,-0.0838,0.147,281.25,2016-09-23T00:00:00Z,SVP
126964,2015-09-20T23:00:00Z,-35.44014,-42.30439,-0.0825,0.0218,281.25,2016-09-23T00:00:00Z,SVP
126964,2015-09-21T00:00:00Z,-35.43938,-42.30766,-0.0574,0.1436,102.0,2016-09-23T00:00:00Z,SVP
126964,2015-09-21T01:00:00Z,-35.43438,-42.31186,-0.1249,0.1634,140.70834,2016-09-23T00:00:00Z,SVP
126964,2015-09-21T02:00:00Z,-35.42891,-42.3237,-0.2717,0.1613,112.5,2016-09-23T00:00:00Z,SVP
126964,2015-09-21T03:00:00Z,-35.43154,-42.32045,-0.0666,-0.0811,249.58333,2016-09-23T00:00:00Z,SVP
126964,2015-09-21T04:00:00Z,-35.43363,-42.32237,-0.102,-0.0646,253.20834,2016-09-23T00:00:00Z,SVP
126964,2015-09-21T05:00:00Z,-35.43613,-42.32653,-0.1025,-0.0605,253.20834,2016-09-23T00:00:00Z,SVP
126964,2015-09-21T06:00:00Z,-35.43625,-42.33116,-0.1336,0.0581,189.91667,2016-09-23T00:00:00Z,SVP
126964,2015-09-21T07:00:00Z,-35.43407,-42.33551,-0.1032,0.0811,144.16667,2016-09-23T00:00:00Z,SVP
126964,2015-09-21T08:00:00Z,-35.43153,-42.3386,-0.0313,0.0675,102.0,2016-09-23T00:00:00Z,SVP
126964,2015-09-21T09:00:00Z,-35.42973,-42.34159,-0.0955,0.0531,260.0833,2016-09-23T00:00:00Z,SVP
126964,2015-09-21T10:00:00Z,-35.42685,-42.33833,0.0088,0.0546,260.0833,2016-09-23T00:00:00Z,SVP
126964,2015-09-21T11:00:00Z,-35.42664,-42.35016,-0.1561,0.0347,386.70834,2016-09-23T00:00:00Z,SVP
126964,2015-09-21T12:00:00Z,-35.42567,-42.35597,-0.1724,0.0344,386.70834,2016-09-23T00:00:00Z,SVP
126964,2015-09-21T13:00:00Z,-35.42445,-42.36175,-0.1812,0.0053,523.7917,2016-09-23T00:00:00Z,SVP
126964,2015-09-21T14:00:00Z,-35.42419,-42.36889,-0.1802,0.0051,523.7917,2016-09-23T00:00:00Z,SVP
126964,2015-09-21T15:00:00Z,-35.42385,-42.37677,-0.1823,0.0046,523.7917,2016-09-23T00:00:00Z,SVP
126964,2015-09-21T16:00:00Z,-35.42327,-42.38601,-0.1876,0.0033,523.7917,2016-09-23T00:00:00Z,SVP
126964,2015-09-21T17:00:00Z,-35.4242,-42.38956,-0.1577,-0.0209,239.08334,2016-09-23T00:00:00Z,SVP
126964,2015-09-21T18:00:00Z,-35.42496,-42.39442,-0.2025,-0.0457,327.0,2016-09-23T00:00:00Z,SVP
126964,2015-09-21T19:00:00Z,-35.42645,-42.40304,-0.202,-0.0458,327.0,2016-09-23T00:00:00Z,SVP
126964,2015-09-21T20:00:00Z,-35.42746,-42.41037,-0.2048,-0.027,108.91667,2016-09-23T00:00:00Z,SVP
126964,2015-09-21T21:00:00Z,-35.42788,-42.41795,-0.1392,-5.0E-4,98.416664,2016-09-23T00:00:00Z,SVP
126964,2015-09-21T22:00:00Z,-35.42794,-42.4242,-0.1561,-0.0151,414.9167,2016-09-23T00:00:00Z,SVP
126964,2015-09-21T23:00:00Z,-35.42866,-42.43055,-0.1584,-0.0154,414.9167,2016-09-23T00:00:00Z,SVP
126964,2015-09-22T00:00:00Z,-35.42932,-42.43562,-0.1533,-0.0154,414.9167,2016-09-23T00:00:00Z,SVP
126964,2015-09-22T01:00:00Z,-35.43044,-42.44844,-0.2136,-0.0425,116.083336,2016-09-23T00:00:00Z,SVP
126964,2015-09-22T02:00:00Z,-35.43374,-42.4573,-0.1431,-0.0194,288.2917,2016-09-23T00:00:00Z,SVP
126964,2015-09-22T03:00:00Z,-35.43319,-42.46283,-0.143,-0.027,288.2917,2016-09-23T00:00:00Z,SVP
126964,2015-09-22T04:00:00Z,-35.43381,-42.46849,-0.1219,-0.015,246.16667,2016-09-23T00:00:00Z,SVP
126964,2015-09-22T05:00:00Z,-35.43553,-42.47332,-0.1214,-0.0173,246.16667,2016-09-23T00:00:00Z,SVP
126964,2015-09-22T06:00:00Z,-35.43547,-42.47963,-0.1552,-0.0229,154.66667,2016-09-23T00:00:00Z,SVP
126964,2015-09-22T07:00:00Z,-35.43758,-42.48755,-0.1975,-0.0499,179.25,2016-09-23T00:00:00Z,SVP
126964,2015-09-22T08:00:00Z,-35.44947,-42.4839,-0.4072,0.058,179.25,2016-09-23T00:00:00Z,SVP
126964,2015-09-22T09:00:00Z,-35.44727,-42.50323,-0.2414,0.0747,179.25,2016-09-23T00:00:00Z,SVP
126964,2015-09-22T10:00:00Z,-35.44413,-42.51419,-0.2234,0.0318,274.2083,2016-09-23T00:00:00Z,SVP
126964,2015-09-22T11:00:00Z,-35.44248,-42.52313,-0.2214,0.0285,274.2083,2016-09-23T00:00:00Z,SVP
126964,2015-09-22T12:00:00Z,-35.44335,-42.532,-0.2147,-0.041,137.08333,2016-09-23T00:00:00Z,SVP
126964,2015-09-22T13:00:00Z,-35.44525,-42.54302,-0.2447,-0.0777,112.5,2016-09-23T00:00:00Z,SVP
126964,2015-09-22T14:00:00Z,-35.44805,-42.55128,-0.2315,-0.0728,678.4583,2016-09-23T00:00:00Z,SVP
126964,2015-09-22T15:00:00Z,-35.45045,-42.56032,-0.2314,-0.0728,678.4583,2016-09-23T00:00:00Z,SVP
126964,2015-09-22T16:00:00Z,-35.45282,-42.56968,-0.2309,-0.0728,678.4583,2016-09-23T00:00:00Z,SVP
126964,2015-09-22T17:00:00Z,-35.45517,-42.5793,-0.2292,-0.0728,678.4583,2016-09-23T00:00:00Z,SVP
126964,2015-09-22T18:00:00Z,-35.45822,-42.58906,-0.2135,-0.1063,239.08334,2016-09-23T00:00:00Z,SVP
126964,2015-09-22T19:00:00Z,-35.46152,-42.59551,-0.1979,-0.1088,239.08334,2016-09-23T00:00:00Z,SVP
126964,2015-09-22T20:00:00Z,-35.46763,-42.61427,-0.2688,-0.2,59.708332,2016-09-23T00:00:00Z,SVP
126964,2015-09-22T21:00:00Z,-35.47301,-42.62238,-0.1868,-0.1633,98.416664,2016-09-23T00:00:00Z,SVP
126964,2015-09-22T22:00:00Z,-35.47779,-42.6298,-0.2114,-0.0791,270.74997,2016-09-23T00:00:00Z,SVP
126964,2015-09-22T23:00:00Z,-35.48052,-42.63763,-0.2074,-0.0798,270.74997,2016-09-23T00:00:00Z,SVP
126964,2015-09-23T00:00:00Z,-35.48349,-42.64673,-0.2595,-0.0836,137.08333,2016-09-23T00:00:00Z,SVP
126964,2015-09-23T01:00:00Z,-35.4858,-42.65954,-0.3424,-0.0757,112.5,2016-09-23T00:00:00Z,SVP
126964,2015-09-23T02:00:00Z,-35.48898,-42.67228,-0.2273,-0.0996,295.33334,2016-09-23T00:00:00Z,SVP
126964,2015-09-23T03:00:00Z,-35.49111,-42.68181,-0.2212,-0.0997,295.33334,2016-09-23T00:00:00Z,SVP
126964,2015-09-23T04:00:00Z,-35.49502,-42.68999,-0.1795,-0.1247,260.0833,2016-09-23T00:00:00Z,SVP
126964,2015-09-23T05:00:00Z,-35.49982,-42.69694,-0.1797,-0.1186,260.0833,2016-09-23T00:00:00Z,SVP
126964,2015-09-23T06:00:00Z,-35.50337,-42.7036,-0.1585,-0.1287,330.45834,2016-09-23T00:00:00Z,SVP
126964,2015-09-23T07:00:00Z,-35.50729,-42.71028,-0.1593,-0.1282,330.45834,2016-09-23T00:00:00Z,SVP
126964,2015-09-23T08:00:00Z,-35.51178,-42.71526,-0.1353,-0.1315,246.16667,2016-09-23T00:00:00Z,SVP
126964,2015-09-23T09:00:00Z,-35.51572,-42.71824,-0.0918,-0.1424,319.9583,2016-09-23T00:00:00Z,SVP
126964,2015-09-23T10:00:00Z,-35.52072,-42.72467,-0.1161,-0.1438,319.9583,2016-09-23T00:00:00Z,SVP
126964,2015-09-23T11:00:00Z,-35.52568,-42.73056,-0.1214,-0.1443,319.9583,2016-09-23T00:00:00Z,SVP
126964,2015-09-23T12:00:00Z,-35.52746,-42.72322,-0.0247,-0.0484,137.08333,2016-09-23T00:00:00Z,SVP
126964,2015-09-23T13:00:00Z,-35.52737,-42.74945,-0.2159,-0.0954,724.2083,2016-09-23T00:00:00Z,SVP
126964,2015-09-23T14:00:00Z,-35.5308,-42.75753,-0.2169,-0.0951,724.2083,2016-09-23T00:00:00Z,SVP
126964,2015-09-23T15:00:00Z,-35.53388,-42.76578,-0.2178,-0.0952,724.2083,2016-09-23T00:00:00Z,SVP
126964,2015-09-23T16:00:00Z,-35.53675,-42.77394,-0.2195,-0.0958,724.2083,2016-09-23T00:00:00Z,SVP
126964,2015-09-23T17:00:00Z,-35.53927,-42.78125,-0.2299,-0.097,724.2083,2016-09-23T00:00:00Z,SVP
126964,2015-09-23T18:00:00Z,-35.5426,-42.79131,-0.2354,-0.1172,337.5,2016-09-23T00:00:00Z,SVP
126964,2015-09-23T19:00:00Z,-35.547,-42.80163,-0.2274,-0.1147,337.5,2016-09-23T00:00:00Z,SVP
126964,2015-09-23T20:00:00Z,-35.551,-42.81051,-0.236,-0.1496,80.83333,2016-09-23T00:00:00Z,SVP
126964,2015-09-23T21:00:00Z,-35.55703,-42.81647,-0.0943,-0.2181,147.58333,2016-09-23T00:00:00Z,SVP
126964,2015-09-23T22:00:00Z,-35.56375,-42.82551,-0.1937,-0.2298,316.3333,2016-09-23T00:00:00Z,SVP
126964,2015-09-23T23:00:00Z,-35.5724,-42.82231,-0.063,-0.2341,316.3333,2016-09-23T00:00:00Z,SVP
126964,2015-09-24T00:00:00Z,-35.57851,-42.83825,-0.5382,-0.2235,123.0,2016-09-23T00:00:00Z,SVP
126964,2015-09-24T01:00:00Z,-35.58695,-42.8559,-0.3576,-0.2249,126.58333,2016-09-23T00:00:00Z,SVP
126964,2015-09-24T02:00:00Z,-35.59483,-42.86556,-0.2571,-0.2717,316.3333,2016-09-23T00:00:00Z,SVP
126964,2015-09-24T03:00:00Z,-35.60205,-42.87647,-0.2618,-0.2602,316.3333,2016-09-23T00:00:00Z,SVP
126964,2015-09-24T04:00:00Z,-35.61342,-42.88044,-0.1729,-0.3023,253.20834,2016-09-23T00:00:00Z,SVP
126964,2015-09-24T05:00:00Z,-35.62333,-42.88636,-0.1526,-0.2963,334.04166,2016-09-23T00:00:00Z,SVP
126964,2015-09-24T06:00:00Z,-35.63269,-42.89402,-0.1431,-0.2959,334.04166,2016-09-23T00:00:00Z,SVP
126964,2015-09-24T07:00:00Z,-35.64282,-42.90067,-0.1329,-0.2869,334.04166,2016-09-23T00:00:00Z,SVP
126964,2015-09-24T08:00:00Z,-35.64942,-42.90478,-0.1246,-0.1891,214.5,2016-09-23T00:00:00Z,SVP
126964,2015-09-24T09:00:00Z,-35.65435,-42.90894,-0.106,-0.1356,249.58333,2016-09-23T00:00:00Z,SVP
126964,2015-09-24T10:00:00Z,-35.65848,-42.91447,-0.1141,-0.1318,249.58333,2016-09-23T00:00:00Z,SVP
126964,2015-09-24T11:00:00Z,-35.65952,-42.92296,-0.2648,-0.0488,130.04166,2016-09-23T00:00:00Z,SVP
126964,2015-09-24T12:00:00Z,-35.66168,-42.93342,-0.1422,-0.138,123.0,2016-09-23T00:00:00Z,SVP
126964,2015-09-24T13:00:00Z,-35.66589,-42.93915,-0.1227,-0.138,738.2917,2016-09-23T00:00:00Z,SVP
126964,2015-09-24T14:00:00Z,-35.67052,-42.94393,-0.1226,-0.1381,738.2917,2016-09-23T00:00:00Z,SVP
126964,2015-09-24T15:00:00Z,-35.67511,-42.94881,-0.1225,-0.1381,738.2917,2016-09-23T00:00:00Z,SVP
126964,2015-09-24T16:00:00Z,-35.67973,-42.95377,-0.1225,-0.1381,738.2917,2016-09-23T00:00:00Z,SVP
126964,2015-09-24T17:00:00Z,-35.68452,-42.95887,-0.1223,-0.138,738.2917,2016-09-23T00:00:00Z,SVP
126964,2015-09-24T18:00:00Z,-35.6881,-42.96249,-0.1025,-0.1283,242.54167,2016-09-23T00:00:00Z,SVP
126964,2015-09-24T19:00:00Z,-35.69159,-42.9662,-0.0323,-0.0523,80.83333,2016-09-23T00:00:00Z,SVP
126964,2015-09-24T20:00:00Z,-35.69087,-42.96801,-0.0423,0.094,242.54167,2016-09-23T00:00:00Z,SVP
126964,2015-09-24T21:00:00Z,-35.6878,-42.96817,-0.0271,0.0968,242.54167,2016-09-23T00:00:00Z,SVP
126964,2015-09-24T22:00:00Z,-35.68585,-42.97889,-0.2721,0.0077,393.75,2016-09-23T00:00:00Z,SVP
126964,2015-09-24T23:00:00Z,-35.68549,-42.98042,-0.1478,0.0073,393.75,2016-09-23T00:00:00Z,SVP
126964,2015-09-25T00:00:00Z,-35.6848,-42.98572,-0.1496,0.0088,393.75,2016-09-23T00:00:00Z,SVP
126964,2015-09-25T01:00:00Z,-35.68905,-42.99873,-0.3236,-0.1062,1002.0,2016-09-23T00:00:00Z,SVP
126964,2015-09-25T02:00:00Z,-35.69306,-43.01204,-0.3233,-0.1048,1002.0,2016-09-23T00:00:00Z,SVP
126964,2015-09-25T03:00:00Z,-35.69679,-43.03252,-0.2719,-0.1038,1002.0,2016-09-23T00:00:00Z,SVP
126964,2015-09-25T04:00:00Z,-35.7003,-43.04398,-0.2701,-0.1034,1002.0,2016-09-23T00:00:00Z,SVP
126964,2015-09-25T05:00:00Z,-35.70363,-43.05512,-0.2692,-0.1037,1002.0,2016-09-23T00:00:00Z,SVP
126964,2015-09-25T06:00:00Z,-35.70677,-43.06622,-0.2684,-0.1051,1002.0,2016-09-23T00:00:00Z,SVP
126964,2015-09-25T07:00:00Z,-35.71101,-43.07603,-0.1385,-0.2477,193.33334,2016-09-23T00:00:00Z,SVP
126964,2015-09-25T08:00:00Z,-35.71976,-43.08016,-0.1363,-0.2431,193.33334,2016-09-23T00:00:00Z,SVP
126964,2015-09-25T09:00:00Z,-35.72721,-43.08887,-0.2128,-0.2386,196.95833,2016-09-23T00:00:00Z,SVP
126964,2015-09-25T10:00:00Z,-35.73525,-43.09736,-0.1924,-0.2733,102.0,2016-09-23T00:00:00Z,SVP
126964,2015-09-25T11:00:00Z,-35.74205,-43.10849,-0.2815,-0.1968,140.70834,2016-09-23T00:00:00Z,SVP
126964,2015-09-25T12:00:00Z,-35.74615,-43.12106,-0.2259,-0.19,0.0,2016-09-23T00:00:00Z,SVP
126964,2015-09-25T13:00:00Z,-35.75301,-43.1294,-0.2246,-0.1921,773.4167,2016-09-23T00:00:00Z,SVP
126964,2015-09-25T14:00:00Z,-35.75933,-43.13828,-0.2248,-0.1918,773.4167,2016-09-23T00:00:00Z,SVP
126964,2015-09-25T15:00:00Z,-35.76554,-43.14726,-0.2246,-0.1919,773.4167,2016-09-23T00:00:00Z,SVP
126964,2015-09-25T16:00:00Z,-35.7717,-43.1563,-0.2242,-0.1922,773.4167,2016-09-23T00:00:00Z,SVP
126964,2015-09-25T17:00:00Z,-35.77778,-43.1654,-0.2231,-0.1931,773.4167,2016-09-23T00:00:00Z,SVP
126964,2015-09-25T18:00:00Z,-35.78393,-43.17412,-0.2197,-0.1912,239.08334,2016-09-23T00:00:00Z,SVP
126964,2015-09-25T19:00:00Z,-35.78744,-43.1829,-0.2383,0.0526,334.04166,2016-09-23T00:00:00Z,SVP
126964,2015-09-25T20:00:00Z,-35.78254,-43.19248,-0.2392,0.006,334.04166,2016-09-23T00:00:00Z,SVP
126964,2015-09-25T21:00:00Z,-35.78287,-43.20125,-0.2522,0.039,400.79166,2016-09-23T00:00:00Z,SVP
126964,2015-09-25T22:00:00Z,-35.78206,-43.21156,-0.253,0.0386,400.79166,2016-09-23T00:00:00Z,SVP
126964,2015-09-25T23:00:00Z,-35.78094,-43.22216,-0.2543,0.0382,400.79166,2016-09-23T00:00:00Z,SVP
126964,2015-09-26T00:00:00Z,-35.78082,-43.23398,-0.2812,-0.0016,112.5,2016-09-23T00:00:00Z,SVP
126964,2015-09-26T01:00:00Z,-35.78263,-43.24871,-0.5178,-0.1023,126.58333,2016-09-23T00:00:00Z,SVP
126964,2015-09-26T02:00:00Z,-35.79514,-43.2698,-0.5377,-0.3135,123.0,2016-09-23T00:00:00Z,SVP
126964,2015-09-26T03:00:00Z,-35.79385,-43.27709,-0.2957,-0.172,379.66666,2016-09-23T00:00:00Z,SVP
126964,2015-09-26T04:00:00Z,-35.79846,-43.28912,-0.2932,-0.1734,379.66666,2016-09-23T00:00:00Z,SVP
126964,2015-09-26T05:00:00Z,-35.80438,-43.29931,-0.1934,-0.2409,242.54167,2016-09-23T00:00:00Z,SVP
126964,2015-09-26T06:00:00Z,-35.81265,-43.30502,-0.1859,-0.2378,242.54167,2016-09-23T00:00:00Z,SVP
126964,2015-09-26T07:00:00Z,-35.8206,-43.31424,-0.1248,-0.228,365.70834,2016-09-23T00:00:00Z,SVP
126964,2015-09-26T08:00:00Z,-35.82964,-43.31882,-0.1253,-0.2558,365.70834,2016-09-23T00:00:00Z,SVP
126964,2015-09-26T09:00:00Z,-35.83917,-43.32436,-0.1209,-0.265,365.70834,2016-09-23T00:00:00Z,SVP
126964,2015-09-26T10:00:00Z,-35.8433,-43.32762,-0.08,-0.1456,376.2083,2016-09-23T00:00:00Z,SVP
126964,2015-09-26T11:00:00Z,-35.84618,-43.33086,-0.0792,-0.1728,376.2083,2016-09-23T00:00:00Z,SVP
126964,2015-09-26T12:00:00Z,-35.85106,-43.33318,-0.0534,-0.1053,140.70834,2016-09-23T00:00:00Z,SVP
126964,2015-09-26T13:00:00Z,-35.85581,-43.32995,-0.1086,-0.0644,632.8333,2016-09-23T00:00:00Z,SVP
126964,2015-09-26T14:00:00Z,-35.85731,-43.33502,-0.1065,-0.0652,632.8333,2016-09-23T00:00:00Z,SVP
126964,2015-09-26T15:00:00Z,-35.85936,-43.33937,-0.1063,-0.065,632.8333,2016-09-23T00:00:00Z,SVP
126964,2015-09-26T16:00:00Z,-35.86169,-43.34334,-0.1083,-0.064,632.8333,2016-09-23T00:00:00Z,SVP
126964,2015-09-26T17:00:00Z,-35.86426,-43.34753,-0.1357,-0.0448,256.66666,2016-09-23T00:00:00Z,SVP
126964,2015-09-26T18:00:00Z,-35.86493,-43.35397,-0.1382,-0.0427,256.66666,2016-09-23T00:00:00Z,SVP
126964,2015-09-26T19:00:00Z,-35.86738,-43.36236,-0.2264,-0.075,80.83333,2016-09-23T00:00:00Z,SVP
126964,2015-09-26T20:00:00Z,-35.8703,-43.37155,-0.2394,-0.1082,179.25,2016-09-23T00:00:00Z,SVP
126964,2015-09-26T21:00:00Z,-35.87365,-43.3789,-0.1886,-0.1383,182.83333,2016-09-23T00:00:00Z,SVP
126964,2015-09-26T22:00:00Z,-35.87729,-43.38695,-0.1748,-0.1832,309.45834,2016-09-23T00:00:00Z,SVP
126964,2015-09-26T23:00:00Z,-35.88353,-43.3935,-0.1744,-0.1837,309.45834,2016-09-23T00:00:00Z,SVP
126964,2015-09-27T00:00:00Z,-35.88954,-43.40059,-0.1594,-0.1942,0.0,2016-09-23T00:00:00Z,SVP
126964,2015-09-27T01:00:00Z,-35.89631,-43.40724,-0.1711,-0.1931,116.083336,2016-09-23T00:00:00Z,SVP
126964,2015-09-27T02:00:00Z,-35.90426,-43.41936,-0.0881,-0.1441,376.2083,2016-09-23T00:00:00Z,SVP
126964,2015-09-27T03:00:00Z,-35.90846,-43.42252,-0.0891,-0.1459,376.2083,2016-09-23T00:00:00Z,SVP
126964,2015-09-27T04:00:00Z,-35.91324,-43.42655,-0.0824,-0.1447,376.2083,2016-09-23T00:00:00Z,SVP
126964,2015-09-27T05:00:00Z,-35.91832,-43.42911,-0.0606,-0.14,267.16666,2016-09-23T00:00:00Z,SVP
126964,2015-09-27T06:00:00Z,-35.92244,-43.43067,-0.0573,-0.1386,267.16666,2016-09-23T00:00:00Z,SVP
126964,2015-09-27T07:00:00Z,-35.92702,-43.4317,0.0032,-0.0822,158.25,2016-09-23T00:00:00Z,SVP
126964,2015-09-27T08:00:00Z,-35.92977,-43.43111,0.0671,-0.042,91.33333,2016-09-23T00:00:00Z,SVP
126964,2015-09-27T09:00:00Z,-35.93056,-43.43143,-0.0746,0.0232,246.16667,2016-09-23T00:00:00Z,SVP
126964,2015-09-27T10:00:00Z,-35.93011,-43.4353,-0.075,0.0242,246.16667,2016-09-23T00:00:00Z,SVP
126964,2015-09-27T11:00:00Z,-35.92811,-43.43666,-0.0467,0.0634,165.29167,2016-09-23T00:00:00Z,SVP
126964,2015-09-27T12:00:00Z,-35.92501,-43.438,-0.0151,0.1277,133.66667,2016-09-23T00:00:00Z,SVP
126964,2015-09-27T13:00:00Z,-35.91555,-43.45057,-0.2152,0.2452,105.458336,2016-09-23T00:00:00Z,SVP
126964,2015-09-27T14:00:00Z,-35.91995,-43.4561,-0.2089,-0.1091,559.0417,2016-09-23T00:00:00Z,SVP
126964,2015-09-27T15:00:00Z,-35.92345,-43.4642,-0.2098,-0.1099,559.0417,2016-09-23T00:00:00Z,SVP
126964,2015-09-27T16:00:00Z,-35.92648,-43.47323,-0.2037,-0.1139,559.0417,2016-09-23T00:00:00Z,SVP
126964,2015-09-27T17:00:00Z,-35.93001,-43.48171,-0.1685,-0.1595,242.54167,2016-09-23T00:00:00Z,SVP
126964,2015-09-27T18:00:00Z,-35.93586,-43.48779,-0.1698,-0.1555,242.54167,2016-09-23T00:00:00Z,SVP
126964,2015-09-27T19:00:00Z,-35.94181,-43.4948,-0.1687,-0.1989,221.41666,2016-09-23T00:00:00Z,SVP
126964,2015-09-27T20:00:00Z,-35.94793,-43.50183,-0.1862,-0.1919,105.458336,2016-09-23T00:00:00Z,SVP
126964,2015-09-27T21:00:00Z,-35.95469,-43.50891,-0.1396,-0.2207,151.20834,2016-09-23T00:00:00Z,SVP
126964,2015-09-27T22:00:00Z,-35.96056,-43.51117,0.0233,-0.2006,327.0,2016-09-23T00:00:00Z,SVP
126964,2015-09-27T23:00:00Z,-35.96862,-43.5091,0.0222,-0.2113,327.0,2016-09-23T00:00:00Z,SVP
126964,2015-09-28T00:00:00Z,-35.97511,-43.50832,-0.1144,-0.1612,133.66667,2016-09-23T00:00:00Z,SVP
126964,2015-09-28T01:00:00Z,-35.9788,-43.51318,-0.1079,-0.0865,115.958336,2016-09-23T00:00:00Z,SVP
126964,2015-09-28T02:00:00Z,-35.98203,-43.51766,-0.0834,-0.0902,425.41666,2016-09-23T00:00:00Z,SVP
126964,2015-09-28T03:00:00Z,-35.98413,-43.5208,-0.0833,-0.0921,425.41666,2016-09-23T00:00:00Z,SVP
126964,2015-09-28T04:00:00Z,-35.98646,-43.52413,-0.0831,-0.0951,425.41666,2016-09-23T00:00:00Z,SVP
126964,2015-09-28T05:00:00Z,-35.99019,-43.52733,-0.074,-0.0882,242.54167,2016-09-23T00:00:00Z,SVP
126964,2015-09-28T06:00:00Z,-35.99356,-43.53057,-0.0856,-0.0945,80.83333,2016-09-23T00:00:00Z,SVP
126964,2015-09-28T07:00:00Z,-35.99601,-43.53417,-0.0929,-0.0498,119.54167,2016-09-23T00:00:00Z,SVP
126964,2015-09-28T08:00:00Z,-35.99759,-43.5386,-0.1167,-0.0639,126.58333,2016-09-23T00:00:00Z,SVP
126964,2015-09-28T09:00:00Z,-36.00088,-43.54508,-0.1409,-0.1227,147.58333,2016-09-23T00:00:00Z,SVP
126964,2015-09-28T10:00:00Z,-36.00539,-43.55103,-0.062,-0.065,175.79167,2016-09-23T00:00:00Z,SVP
126964,2015-09-28T11:00:00Z,-36.00702,-43.54923,-0.195,-0.0391,147.58333,2016-09-23T00:00:00Z,SVP
126964,2015-09-28T12:00:00Z,-36.00851,-43.55735,-0.2003,-0.0567,112.5,2016-09-23T00:00:00Z,SVP
126964,2015-09-28T13:00:00Z,-36.0099,-43.56476,-0.127,-0.0334,576.5834,2016-09-23T00:00:00Z,SVP
126964,2015-09-28T14:00:00Z,-36.01105,-43.56953,-0.1251,-0.0337,576.5834,2016-09-23T00:00:00Z,SVP
126964,2015-09-28T15:00:00Z,-36.01235,-43.57461,-0.1252,-0.0345,576.5834,2016-09-23T00:00:00Z,SVP
126964,2015-09-28T16:00:00Z,-36.01415,-43.58029,-0.1272,-0.0373,576.5834,2016-09-23T00:00:00Z,SVP
126964,2015-09-28T17:00:00Z,-36.014,-43.58355,-0.0925,-0.0032,242.54167,2016-09-23T00:00:00Z,SVP
126964,2015-09-28T18:00:00Z,-36.01324,-43.58652,-0.0896,-0.006,242.54167,2016-09-23T00:00:00Z,SVP
126964,2015-09-28T19:00:00Z,-36.01173,-43.58699,-0.0024,0.0765,182.83333,2016-09-23T00:00:00Z,SVP
126964,2015-09-28T20:00:00Z,-36.00806,-43.58823,-0.0469,0.1354,144.16667,2016-09-23T00:00:00Z,SVP
126964,2015-09-28T21:00:00Z,-36.00119,-43.59246,-0.1033,0.2007,105.458336,2016-09-23T00:00:00Z,SVP
126964,2015-09-28T22:00:00Z,-35.99706,-43.59266,-0.042,0.16,348.0,2016-09-23T00:00:00Z,SVP
126964,2015-09-28T23:00:00Z,-35.99225,-43.59363,-0.0422,0.1606,348.0,2016-09-23T00:00:00Z,SVP
126964,2015-09-29T00:00:00Z,-35.98701,-43.59688,-0.0644,0.1335,126.58333,2016-09-23T00:00:00Z,SVP
126964,2015-09-29T01:00:00Z,-35.98304,-43.60223,-0.1234,0.1254,457.04166,2016-09-23T00:00:00Z,SVP
126964,2015-09-29T02:00:00Z,-35.97838,-43.60675,-0.1225,0.1303,457.04166,2016-09-23T00:00:00Z,SVP
126964,2015-09-29T03:00:00Z,-35.97342,-43.61159,-0.1223,0.1351,457.04166,2016-09-23T00:00:00Z,SVP
126964,2015-09-29T04:00:00Z,-35.96753,-43.61659,-0.1223,0.1427,457.04166,2016-09-23T00:00:00Z,SVP
126964,2015-09-29T05:00:00Z,-35.9671,-43.62154,-0.1197,0.0878,242.54167,2016-09-23T00:00:00Z,SVP
126964,2015-09-29T06:00:00Z,-35.96548,-43.62606,-0.1165,0.0253,168.75,2016-09-23T00:00:00Z,SVP
126964,2015-09-29T07:00:00Z,-35.96421,-43.63135,-0.0935,-0.0082,246.16667,2016-09-23T00:00:00Z,SVP
126964,2015-09-29T08:00:00Z,-35.96501,-43.63435,-0.0932,-0.0103,246.16667,2016-09-23T00:00:00Z,SVP
126964,2015-09-29T09:00:00Z,-35.96612,-43.63723,-0.0482,-0.0472,126.58333,2016-09-23T00:00:00Z,SVP
126964,2015-09-29T10:00:00Z,-35.96746,-43.64229,-0.1223,-0.0448,214.5,2016-09-23T00:00:00Z,SVP
126964,2015-09-29T11:00:00Z,-35.9688,-43.64573,-0.1305,-0.0607,137.08333,2016-09-23T00:00:00Z,SVP
126964,2015-09-29T12:00:00Z,-35.97189,-43.64853,0.1155,-0.1464,112.5,2016-09-23T00:00:00Z,SVP
126964,2015-09-29T13:00:00Z,-35.97913,-43.64603,0.052,-0.2077,133.66667,2016-09-23T00:00:00Z,SVP
126964,2015-09-29T14:00:00Z,-35.97796,-43.64326,0.0359,0.0474,467.5417,2016-09-23T00:00:00Z,SVP
126964,2015-09-29T15:00:00Z,-35.97479,-43.64191,0.0361,0.0235,467.5417,2016-09-23T00:00:00Z,SVP
126964,2015-09-29T16:00:00Z,-35.97458,-43.64081,0.0362,0.0435,467.5417,2016-09-23T00:00:00Z,SVP
126964,2015-09-29T17:00:00Z,-35.9733,-43.63865,0.0565,0.0624,246.16667,2016-09-23T00:00:00Z,SVP
126964,2015-09-29T18:00:00Z,-35.97015,-43.63532,0.0543,0.0422,0.0,2016-09-23T00:00:00Z,SVP
126964,2015-09-29T19:00:00Z,-35.97007,-43.63494,0.0363,0.032,316.3333,2016-09-23T00:00:00Z,SVP
126964,2015-09-29T20:00:00Z,-35.96904,-43.63307,0.0324,0.031,316.3333,2016-09-23T00:00:00Z,SVP
126964,2015-09-29T21:00:00Z,-35.96859,-43.6321,0.0976,0.0142,168.75,2016-09-23T00:00:00Z,SVP
126964,2015-09-29T22:00:00Z,-35.96748,-43.62795,0.1295,0.0284,84.458336,2016-09-23T00:00:00Z,SVP
126964,2015-09-29T23:00:00Z,-35.96704,-43.62671,0.006,0.0284,242.54167,2016-09-23T00:00:00Z,SVP
126964,2015-09-30T00:00:00Z,-35.96533,-43.62604,-0.1293,0.0828,0.0,2016-09-23T00:00:00Z,SVP
126964,2015-09-30T01:00:00Z,-35.9658,-43.62865,-0.0101,0.0359,133.66667,2016-09-23T00:00:00Z,SVP
126964,2015-09-30T02:00:00Z,-35.96523,-43.62606,0.1516,0.0592,341.0833,2016-09-23T00:00:00Z,SVP
126964,2015-09-30T03:00:00Z,-35.96279,-43.61899,0.1497,0.059,341.0833,2016-09-23T00:00:00Z,SVP
126964,2015-09-30T04:00:00Z,-35.96015,-43.61225,0.1427,0.0568,242.54167,2016-09-23T00:00:00Z,SVP
126964,2015-09-30T05:00:00Z,-35.95991,-43.60837,0.1406,0.0512,242.54167,2016-09-23T00:00:00Z,SVP
126964,2015-09-30T06:00:00Z,-35.95738,-43.6035,0.1145,0.0832,316.3333,2016-09-23T00:00:00Z,SVP
126964,2015-09-30T07:00:00Z,-35.9538,-43.5979,0.1208,0.0853,316.3333,2016-09-23T00:00:00Z,SVP
126964,2015-09-30T08:00:00Z,-35.95013,-43.59335,0.0821,0.0439,115.958336,2016-09-23T00:00:00Z,SVP
126964,2015-09-30T09:00:00Z,-35.9468,-43.58922,0.0466,0.1153,242.54167,2016-09-23T00:00:00Z,SVP
126964,2015-09-30T10:00:00Z,-35.94408,-43.58797,0.0478,0.1086,242.54167,2016-09-23T00:00:00Z,SVP
126964,2015-09-30T11:00:00Z,-35.93805,-43.58613,0.0331,0.1656,137.08333,2016-09-23T00:00:00Z,SVP
126964,2015-09-30T12:00:00Z,-35.932,-43.58488,0.054,0.1083,147.58333,2016-09-23T00:00:00Z,SVP
126964,2015-09-30T13:00:00Z,-35.93079,-43.57786,0.1315,0.0645,485.08334,2016-09-23T00:00:00Z,SVP
126964,2015-09-30T14:00:00Z,-35.92747,-43.5744,0.1378,0.0636,485.08334,2016-09-23T00:00:00Z,SVP
126964,2015-09-30T15:00:00Z,-35.92444,-43.57997,0.2229,0.063,485.08334,2016-09-23T00:00:00Z,SVP
126964,2015-09-30T16:00:00Z,-35.92041,-43.57502,0.2252,0.0629,485.08334,2016-09-23T00:00:00Z,SVP
126964,2015-09-30T17:00:00Z,-35.92093,-43.5592,0.1162,0.0076,242.54167,2016-09-23T00:00:00Z,SVP
126964,2015-09-30T18:00:00Z,-35.92073,-43.55239,0.0019,0.0188,319.9583,2016-09-23T00:00:00Z,SVP
126964,2015-09-30T19:00:00Z,-35.91969,-43.5526,0.002,0.0196,319.9583,2016-09-23T00:00:00Z,SVP
126964,2015-09-30T20:00:00Z,-35.91937,-43.55171,0.0191,0.029,56.25,2016-09-23T00:00:00Z,SVP
126964,2015-09-30T21:00:00Z,-35.91794,-43.54835,0.0915,0.0533,200.41666,2016-09-23T00:00:00Z,SVP
126964,2015-09-30T22:00:00Z,-35.91678,-43.54383,0.049,0.1016,411.2917,2016-09-23T00:00:00Z,SVP
126964,2015-09-30T23:00:00Z,-35.91266,-43.54291,0.0557,0.0967,411.2917,2016-09-23T00:00:00Z,SVP
126964,2015-10-01T00:00:00Z,-35.90936,-43.54098,0.0583,0.0961,411.2917,2016-09-23T00:00:00Z,SVP
126964,2015-10-01T01:00:00Z,-35.90674,-43.54026,0.0027,0.0978,126.58333,2016-09-23T00:00:00Z,SVP
126964,2015-10-01T02:00:00Z,-35.90998,-43.54244,0.1523,0.0315,242.54167,2016-09-23T00:00:00Z,SVP
126964,2015-10-01T03:00:00Z,-35.90696,-43.53561,0.1483,0.0131,242.54167,2016-09-23T00:00:00Z,SVP
126964,2015-10-01T04:00:00Z,-35.90651,-43.53008,0.1631,0.0453,249.58333,2016-09-23T00:00:00Z,SVP
126964,2015-10-01T05:00:00Z,-35.90627,-43.52309,0.1638,0.0448,249.58333,2016-09-23T00:00:00Z,SVP
126964,2015-10-01T06:00:00Z,-35.90556,-43.51486,0.1977,0.0129,309.45834,2016-09-23T00:00:00Z,SVP
126964,2015-10-01T07:00:00Z,-35.90328,-43.51734,0.0938,0.0262,309.45834,2016-09-23T00:00:00Z,SVP
126964,2015-10-01T08:00:00Z,-35.90607,-43.49804,0.2095,-0.028,147.58333,2016-09-23T00:00:00Z,SVP
126964,2015-10-01T09:00:00Z,-35.90726,-43.49222,0.1057,-0.0749,239.08334,2016-09-23T00:00:00Z,SVP
126964,2015-10-01T10:00:00Z,-35.90974,-43.48788,0.1242,-0.0102,154.66667,2016-09-23T00:00:00Z,SVP
126964,2015-10-01T11:00:00Z,-35.90993,-43.48275,0.2324,0.0671,108.91667,2016-09-23T00:00:00Z,SVP
126964,2015-10-01T12:00:00Z,-35.9069,-43.47354,0.206,0.1062,137.08333,2016-09-23T00:00:00Z,SVP
126964,2015-10-01T13:00:00Z,-35.90454,-43.46667,0.1298,0.1171,1037.0833,2016-09-23T00:00:00Z,SVP
126964,2015-10-01T14:00:00Z,-35.90032,-43.46188,0.1284,0.1163,1037.0833,2016-09-23T00:00:00Z,SVP
126964,2015-10-01T15:00:00Z,-35.89638,-43.45689,0.128,0.116,1037.0833,2016-09-23T00:00:00Z,SVP
126964,2015-10-01T16:00:00Z,-35.89254,-43.45181,0.1279,0.1159,1037.0833,2016-09-23T00:00:00Z,SVP
126964,2015-10-01T17:00:00Z,-35.88873,-43.44667,0.1279,0.1157,1037.0833,2016-09-23T00:00:00Z,SVP
126964,2015-10-01T18:00:00Z,-35.88492,-43.44137,0.1282,0.1156,1037.0833,2016-09-23T00:00:00Z,SVP
126964,2015-10-01T19:00:00Z,-35.88108,-43.4354,0.1297,0.1153,1037.0833,2016-09-23T00:00:00Z,SVP
126964,2015-10-01T20:00:00Z,-35.87783,-43.43411,-0.0609,0.0813,189.91667,2016-09-23T00:00:00Z,SVP
126964,2015-10-01T21:00:00Z,-35.87488,-43.43682,-0.0546,0.0809,189.91667,2016-09-23T00:00:00Z,SVP
126964,2015-10-01T22:00:00Z,-35.87478,-43.43377,0.0548,-0.0231,372.5833,2016-09-23T00:00:00Z,SVP
126964,2015-10-01T23:00:00Z,-35.87565,-43.4324,0.0539,-0.0235,372.5833,2016-09-23T00:00:00Z,SVP
126964,2015-10-02T00:00:00Z,-35.877,-43.43104,0.0305,-0.0204,144.16667,2016-09-23T00:00:00Z,SVP
126964,2015-10-02T01:00:00Z,-35.87622,-43.42764,0.0531,-5.0E-4,115.958336,2016-09-23T00:00:00Z,SVP
126964,2015-10-02T02:00:00Z,-35.87719,-43.42663,0.1216,0.0226,267.16666,2016-09-23T00:00:00Z,SVP
126964,2015-10-02T03:00:00Z,-35.87603,-43.42236,0.1254,0.0209,267.16666,2016-09-23T00:00:00Z,SVP
126964,2015-10-02T04:00:00Z,-35.87471,-43.41557,0.2075,0.0618,242.54167,2016-09-23T00:00:00Z,SVP
126964,2015-10-02T05:00:00Z,-35.87368,-43.40664,0.2031,0.0625,242.54167,2016-09-23T00:00:00Z,SVP
126964,2015-10-02T06:00:00Z,-35.87007,-43.39913,0.2011,0.1025,302.4167,2016-09-23T00:00:00Z,SVP
126964,2015-10-02T07:00:00Z,-35.86674,-43.39048,0.1976,0.1036,302.4167,2016-09-23T00:00:00Z,SVP
126964,2015-10-02T08:00:00Z,-35.86281,-43.38386,0.1725,0.1276,260.0833,2016-09-23T00:00:00Z,SVP
126964,2015-10-02T09:00:00Z,-35.85827,-43.37683,0.1884,0.1561,80.83333,2016-09-23T00:00:00Z,SVP
126964,2015-10-02T10:00:00Z,-35.85317,-43.36945,0.1877,0.1625,291.75003,2016-09-23T00:00:00Z,SVP
126964,2015-10-02T11:00:00Z,-35.84775,-43.36139,0.1887,0.1617,291.75003,2016-09-23T00:00:00Z,SVP
126964,2015-10-02T12:00:00Z,-35.84262,-43.36204,-0.1086,0.1608,137.08333,2016-09-23T00:00:00Z,SVP
126964,2015-10-02T13:00:00Z,-35.83724,-43.36523,0.0598,0.0645,667.9583,2016-09-23T00:00:00Z,SVP
126964,2015-10-02T14:00:00Z,-35.83586,-43.36227,0.0627,0.0604,667.9583,2016-09-23T00:00:00Z,SVP
126964,2015-10-02T15:00:00Z,-35.83409,-43.35965,0.0633,0.0593,667.9583,2016-09-23T00:00:00Z,SVP
126964,2015-10-02T16:00:00Z,-35.83213,-43.35723,0.0632,0.0593,667.9583,2016-09-23T00:00:00Z,SVP
126964,2015-10-02T17:00:00Z,-35.82992,-43.35514,0.0622,0.06,667.9583,2016-09-23T00:00:00Z,SVP
126964,2015-10-02T18:00:00Z,-35.82888,-43.3525,0.0677,0.0417,232.04169,2016-09-23T00:00:00Z,SVP
126964,2015-10-02T19:00:00Z,-35.84497,-43.34381,0.1573,0.1746,249.58333,2016-09-23T00:00:00Z,SVP
126964,2015-10-02T20:00:00Z,-35.83068,-43.33874,0.1527,-0.0108,249.58333,2016-09-23T00:00:00Z,SVP
126964,2015-10-02T21:00:00Z,-35.83235,-43.33321,0.4064,-0.0142,77.41667,2016-09-23T00:00:00Z,SVP
126964,2015-10-02T22:00:00Z,-35.83224,-43.31754,0.398,-0.018,379.66666,2016-09-23T00:00:00Z,SVP
126964,2015-10-02T23:00:00Z,-35.83279,-43.30147,0.3956,-0.0176,379.66666,2016-09-23T00:00:00Z,SVP
126964,2015-10-03T00:00:00Z,-35.83376,-43.28949,0.1283,-0.0116,137.08333,2016-09-23T00:00:00Z,SVP
126964,2015-10-03T01:00:00Z,-35.83487,-43.28393,0.2263,-0.0365,98.416664,2016-09-23T00:00:00Z,SVP
126964,2015-10-03T02:00:00Z,-35.83533,-43.27457,0.2837,-0.0096,548.4166,2016-09-23T00:00:00Z,SVP
126964,2015-10-03T03:00:00Z,-35.8355,-43.26381,0.2838,-0.0093,548.4166,2016-09-23T00:00:00Z,SVP
126964,2015-10-03T04:00:00Z,-35.83589,-43.25302,0.2842,-0.0091,548.4166,2016-09-23T00:00:00Z,SVP
126964,2015-10-03T05:00:00Z,-35.83633,-43.24263,0.3318,0.0235,302.4167,2016-09-23T00:00:00Z,SVP
126964,2015-10-03T06:00:00Z,-35.835,-43.22858,0.3238,0.0276,302.4167,2016-09-23T00:00:00Z,SVP
126964,2015-10-03T07:00:00Z,-35.83414,-43.21643,0.41,0.2224,228.45833,2016-09-23T00:00:00Z,SVP
126964,2015-10-03T08:00:00Z,-35.82599,-43.19974,0.4136,0.202,228.45833,2016-09-23T00:00:00Z,SVP
126964,2015-10-03T09:00:00Z,-35.81899,-43.18089,0.4038,0.2334,246.16667,2016-09-23T00:00:00Z,SVP
126964,2015-10-03T10:00:00Z,-35.81155,-43.16606,0.3966,0.2336,246.16667,2016-09-23T00:00:00Z,SVP
126964,2015-10-03T11:00:00Z,-35.79718,-43.15887,0.005,0.5933,137.08333,2016-09-23T00:00:00Z,SVP
126964,2015-10-03T12:00:00Z,-35.77802,-43.15576,0.1904,0.4455,112.5,2016-09-23T00:00:00Z,SVP
126966,2015-07-01T00:00:00Z,-27.09704,-44.44194,-0.1795,-0.0915,421.20834,2016-03-16T00:00:00Z,SVP
126966,2015-07-01T01:00:00Z,-27.09921,-44.4491,-0.1992,-0.0693,136.79167,2016-03-16T00:00:00Z,SVP
126966,2015-07-01T02:00:00Z,-27.10115,-44.45672,-0.2257,-0.043,403.2083,2016-03-16T00:00:00Z,SVP
126966,2015-07-01T03:00:00Z,-27.10245,-44.46542,-0.2245,-0.0433,403.2083,2016-03-16T00:00:00Z,SVP
126966,2015-07-01T04:00:00Z,-27.10371,-44.47435,-0.2214,-0.044,403.2083,2016-03-16T00:00:00Z,SVP
126966,2015-07-01T05:00:00Z,-27.10502,-44.48117,-0.2132,-0.0367,259.20834,2016-03-16T00:00:00Z,SVP
126966,2015-07-01T06:00:00Z,-27.10678,-44.489,-0.2177,-0.0529,126.0,2016-03-16T00:00:00Z,SVP
126966,2015-07-01T07:00:00Z,-27.11028,-44.49722,-0.226,-0.1605,108.00001,2016-03-16T00:00:00Z,SVP
126966,2015-07-01T08:00:00Z,-27.12482,-44.50441,-0.2133,-0.4408,122.416664,2016-03-16T00:00:00Z,SVP
126966,2015-07-01T09:00:00Z,-27.11956,-44.51501,-0.2301,0.0133,126.0,2016-03-16T00:00:00Z,SVP
126966,2015-07-01T10:00:00Z,-27.11957,-44.52272,-0.1994,-0.0257,169.20834,2016-03-16T00:00:00Z,SVP
126966,2015-07-01T11:00:00Z,-27.12011,-44.53054,-0.1939,-0.0307,111.583336,2016-03-16T00:00:00Z,SVP
126966,2015-07-01T12:00:00Z,-27.12103,-44.53747,-0.2164,-0.0065,136.79167,2016-03-16T00:00:00Z,SVP
126966,2015-07-01T13:00:00Z,-27.11989,-44.54597,-0.2385,0.0635,111.583336,2016-03-16T00:00:00Z,SVP
126966,2015-07-01T14:00:00Z,-27.11783,-44.55452,-0.2179,0.0692,475.2083,2016-03-16T00:00:00Z,SVP
126966,2015-07-01T15:00:00Z,-27.1157,-44.56217,-0.2184,0.0693,475.2083,2016-03-16T00:00:00Z,SVP
126966,2015-07-01T16:00:00Z,-27.11353,-44.57,-0.2187,0.0695,475.2083,2016-03-16T00:00:00Z,SVP
126966,2015-07-01T17:00:00Z,-27.1109,-44.57851,-0.2534,0.0862,241.20834,2016-03-16T00:00:00Z,SVP
126966,2015-07-01T18:00:00Z,-27.10842,-44.5868,-0.2711,0.0903,241.20834,2016-03-16T00:00:00Z,SVP
126966,2015-07-01T19:00:00Z,-27.10479,-44.59923,-0.3268,0.1062,233.99998,2016-03-16T00:00:00Z,SVP
126966,2015-07-01T20:00:00Z,-27.10126,-44.61149,-0.35,0.1045,158.41667,2016-03-16T00:00:00Z,SVP
126966,2015-07-01T21:00:00Z,-27.09824,-44.62378,-0.3229,0.0842,90.0,2016-03-16T00:00:00Z,SVP
126966,2015-07-01T22:00:00Z,-27.09535,-44.63513,-0.2981,0.0859,414.0,2016-03-16T00:00:00Z,SVP
126966,2015-07-01T23:00:00Z,-27.09273,-44.64583,-0.2978,0.0857,414.0,2016-03-16T00:00:00Z,SVP
126966,2015-07-02T00:00:00Z,-27.09023,-44.65668,-0.2976,0.0856,414.0,2016-03-16T00:00:00Z,SVP
126966,2015-07-02T01:00:00Z,-27.08731,-44.66772,-0.308,0.0771,111.583336,2016-03-16T00:00:00Z,SVP
126966,2015-07-02T02:00:00Z,-27.08709,-44.68241,-0.2282,0.1021,316.79166,2016-03-16T00:00:00Z,SVP
126966,2015-07-02T03:00:00Z,-27.08238,-44.68907,-0.2446,0.0962,316.79166,2016-03-16T00:00:00Z,SVP
126966,2015-07-02T04:00:00Z,-27.07915,-44.69822,-0.1879,0.0698,252.0,2016-03-16T00:00:00Z,SVP
126966,2015-07-02T05:00:00Z,-27.07754,-44.70544,-0.188,0.0682,252.0,2016-03-16T00:00:00Z,SVP
126966,2015-07-02T06:00:00Z,-27.07541,-44.71272,-0.1998,0.0463,205.20834,2016-03-16T00:00:00Z,SVP
126966,2015-07-02T07:00:00Z,-27.07472,-44.71927,-0.2404,0.1114,172.79166,2016-03-16T00:00:00Z,SVP
126966,2015-07-02T08:00:00Z,-27.07048,-44.72865,-0.2358,0.1062,172.79166,2016-03-16T00:00:00Z,SVP
126966,2015-07-02T09:00:00Z,-27.06713,-44.73635,-0.1641,0.1006,108.00001,2016-03-16T00:00:00Z,SVP
126966,2015-07-02T10:00:00Z,-27.06328,-44.74198,-0.1344,0.1184,306.0,2016-03-16T00:00:00Z,SVP
126966,2015-07-02T11:00:00Z,-27.05939,-44.74621,-0.1325,0.1194,306.0,2016-03-16T00:00:00Z,SVP
126966,2015-07-02T12:00:00Z,-27.05305,-44.75308,-0.1758,0.2224,129.58333,2016-03-16T00:00:00Z,SVP
126966,2015-07-02T13:00:00Z,-27.04392,-44.75983,-0.1329,0.2382,500.4167,2016-03-16T00:00:00Z,SVP
126966,2015-07-02T14:00:00Z,-27.03652,-44.76449,-0.1332,0.238,500.4167,2016-03-16T00:00:00Z,SVP
126966,2015-07-02T15:00:00Z,-27.02871,-44.76919,-0.1335,0.2375,500.4167,2016-03-16T00:00:00Z,SVP
126966,2015-07-02T16:00:00Z,-27.02042,-44.77372,-0.1343,0.2361,500.4167,2016-03-16T00:00:00Z,SVP
126966,2015-07-02T17:00:00Z,-27.01319,-44.7794,-0.1673,0.2289,241.20834,2016-03-16T00:00:00Z,SVP
126966,2015-07-02T18:00:00Z,-27.00677,-44.78496,-0.2522,0.2184,374.41666,2016-03-16T00:00:00Z,SVP
126966,2015-07-08T15:00:00Z,-27.0028,-44.33416,-0.2138,-0.2174,640.7917,2016-03-16T00:00:00Z,SVP
126966,2015-07-08T16:00:00Z,-27.00994,-44.34257,-0.2152,-0.2174,640.7917,2016-03-16T00:00:00Z,SVP
126966,2015-07-08T17:00:00Z,-27.01715,-44.35081,-0.1676,-0.219,237.58334,2016-03-16T00:00:00Z,SVP
126966,2015-07-08T18:00:00Z,-27.02386,-44.35425,-0.1876,-0.2179,237.58334,2016-03-16T00:00:00Z,SVP
126966,2015-07-08T19:00:00Z,-27.03019,-44.36147,-0.1703,-0.1938,140.41666,2016-03-16T00:00:00Z,SVP
126966,2015-07-08T20:00:00Z,-27.03528,-44.36741,-0.1487,-0.1376,104.41666,2016-03-16T00:00:00Z,SVP
126966,2015-07-08T21:00:00Z,-27.03917,-44.36718,-0.0292,-0.103,140.41666,2016-03-16T00:00:00Z,SVP
126966,2015-07-08T22:00:00Z,-27.04249,-44.37439,-0.1994,-0.1068,363.58334,2016-03-16T00:00:00Z,SVP
126966,2015-07-08T23:00:00Z,-27.04596,-44.38129,-0.1987,-0.107,363.58334,2016-03-16T00:00:00Z,SVP
126966,2015-07-09T00:00:00Z,-27.04929,-44.38872,-0.1975,-0.1073,363.58334,2016-03-16T00:00:00Z,SVP
126966,2015-07-09T01:00:00Z,-27.05305,-44.39439,-0.1482,-0.0666,467.99997,2016-03-16T00:00:00Z,SVP
126966,2015-07-09T02:00:00Z,-27.05481,-44.40021,-0.1492,-0.0607,467.99997,2016-03-16T00:00:00Z,SVP
126966,2015-07-09T03:00:00Z,-27.05727,-44.40607,-0.1499,-0.064,467.99997,2016-03-16T00:00:00Z,SVP
126966,2015-07-09T04:00:00Z,-27.06053,-44.41246,-0.151,-0.0696,467.99997,2016-03-16T00:00:00Z,SVP
126966,2015-07-09T05:00:00Z,-27.05749,-44.41662,-0.1418,0.0845,266.41666,2016-03-16T00:00:00Z,SVP
126966,2015-07-09T06:00:00Z,-27.05477,-44.42135,-0.1856,0.0845,115.208336,2016-03-16T00:00:00Z,SVP
126966,2015-07-09T07:00:00Z,-27.05301,-44.42866,-0.2031,-0.0011,97.20833,2016-03-16T00:00:00Z,SVP
126966,2015-07-09T08:00:00Z,-27.05354,-44.43528,-0.1754,-0.025,162.0,2016-03-16T00:00:00Z,SVP
126966,2015-07-09T09:00:00Z,-27.05373,-44.44259,-0.2244,0.0051,244.79167,2016-03-16T00:00:00Z,SVP
126966,2015-07-09T10:00:00Z,-27.05247,-44.44989,-0.2207,0.0208,244.79167,2016-03-16T00:00:00Z,SVP
126966,2015-07-09T11:00:00Z,-27.05445,-44.45854,-0.2328,-0.0687,129.58333,2016-03-16T00:00:00Z,SVP
126966,2015-07-09T12:00:00Z,-27.0567,-44.467,-0.2086,-0.0685,259.20834,2016-03-16T00:00:00Z,SVP
126966,2015-07-09T13:00:00Z,-27.05905,-44.47527,-0.2016,-0.0659,259.20834,2016-03-16T00:00:00Z,SVP
126966,2015-07-09T14:00:00Z,-27.0609,-44.47956,-0.1213,-0.0494,539.99994,2016-03-16T00:00:00Z,SVP
126966,2015-07-09T15:00:00Z,-27.06249,-44.48352,-0.1192,-0.0494,539.99994,2016-03-16T00:00:00Z,SVP
126966,2015-07-09T16:00:00Z,-27.06413,-44.48785,-0.1185,-0.0495,539.99994,2016-03-16T00:00:00Z,SVP
126966,2015-07-09T17:00:00Z,-27.06596,-44.49066,0.0416,-0.0524,233.99998,2016-03-16T00:00:00Z,SVP
126966,2015-07-09T18:00:00Z,-27.0675,-44.48681,-0.0261,-0.0521,233.99998,2016-03-16T00:00:00Z,SVP
126966,2015-07-09T19:00:00Z,-27.06834,-44.48715,0.0388,-0.0197,136.79167,2016-03-16T00:00:00Z,SVP
126966,2015-07-09T20:00:00Z,-27.06344,-44.48876,-0.1243,0.2718,214.20833,2016-03-16T00:00:00Z,SVP
126966,2015-07-09T21:00:00Z,-27.05511,-44.49433,-0.1367,0.2677,214.20833,2016-03-16T00:00:00Z,SVP
126966,2015-07-09T22:00:00Z,-27.0475,-44.49665,-0.0363,0.14,334.7917,2016-03-16T00:00:00Z,SVP
126966,2015-07-09T23:00:00Z,-27.04385,-44.49841,-0.0321,0.1453,334.7917,2016-03-16T00:00:00Z,SVP
126966,2015-07-10T00:00:00Z,-27.03971,-44.49985,-0.0659,0.2228,104.41666,2016-03-16T00:00:00Z,SVP
126966,2015-07-10T01:00:00Z,-27.03151,-44.50436,-0.187,0.2128,133.20833,2016-03-16T00:00:00Z,SVP
126966,2015-07-10T02:00:00Z,-27.02419,-44.50966,-0.2283,0.1786,367.20834,2016-03-16T00:00:00Z,SVP
126966,2015-07-10T03:00:00Z,-27.01834,-44.51865,-0.2245,0.1783,367.20834,2016-03-16T00:00:00Z,SVP
126966,2015-07-10T04:00:00Z,-27.01257,-44.52802,-0.2127,0.1784,367.20834,2016-03-16T00:00:00Z,SVP
126966,2015-07-10T05:00:00Z,-27.00674,-44.53481,-0.2139,0.1828,255.58333,2016-03-16T00:00:00Z,SVP
126966,2015-07-10T06:00:00Z,-27.00069,-44.54207,-0.2013,0.19,122.416664,2016-03-16T00:00:00Z,SVP
126966,2015-07-13T23:00:00Z,-27.00958,-44.05142,0.0819,-0.4403,424.79166,2016-03-16T00:00:00Z,SVP
126966,2015-07-14T00:00:00Z,-27.02365,-44.04845,0.0818,-0.4406,424.79166,2016-03-16T00:00:00Z,SVP
126966,2015-07-14T01:00:00Z,-27.03693,-44.04578,0.0676,-0.2798,601.2084,2016-03-16T00:00:00Z,SVP
126966,2015-07-14T02:00:00Z,-27.04507,-44.04319,0.0686,-0.275,601.2084,2016-03-16T00:00:00Z,SVP
126966,2015-07-14T03:00:00Z,-27.05382,-44.04041,0.0703,-0.2741,601.2084,2016-03-16T00:00:00Z,SVP
126966,2015-07-14T04:00:00Z,-27.06293,-44.0372,0.0737,-0.2743,601.2084,2016-03-16T00:00:00Z,SVP
126966,2015-07-14T05:00:00Z,-27.07262,-44.03321,-0.0258,-0.2529,295.20834,2016-03-16T00:00:00Z,SVP
126966,2015-07-14T06:00:00Z,-27.07995,-44.03698,0.0278,-0.2536,295.20834,2016-03-16T00:00:00Z,SVP
126966,2015-07-14T07:00:00Z,-27.08737,-44.03589,-0.0557,-0.2082,61.208332,2016-03-16T00:00:00Z,SVP
126966,2015-07-14T08:00:00Z,-27.09355,-44.03799,-0.0559,-0.126,187.20833,2016-03-16T00:00:00Z,SVP
126966,2015-07-14T09:00:00Z,-27.09841,-44.04168,-0.1238,-0.1447,158.41667,2016-03-16T00:00:00Z,SVP
126966,2015-07-14T10:00:00Z,-27.10295,-44.04791,-0.2079,-0.1852,259.20834,2016-03-16T00:00:00Z,SVP
126966,2015-07-14T11:00:00Z,-27.11022,-44.05589,-0.2115,-0.1873,259.20834,2016-03-16T00:00:00Z,SVP
126966,2015-07-14T12:00:00Z,-27.11473,-44.06335,-0.2042,-0.155,118.79167,2016-03-16T00:00:00Z,SVP
126966,2015-07-14T13:00:00Z,-27.11961,-44.06876,-0.1599,-0.1637,136.79167,2016-03-16T00:00:00Z,SVP
126966,2015-07-14T14:00:00Z,-27.12521,-44.07565,-0.1775,-0.1796,648.0,2016-03-16T00:00:00Z,SVP
126966,2015-07-14T15:00:00Z,-27.13125,-44.08238,-0.1806,-0.1809,648.0,2016-03-16T00:00:00Z,SVP
126966,2015-07-14T16:00:00Z,-27.13749,-44.08861,-0.1784,-0.1827,648.0,2016-03-16T00:00:00Z,SVP
126966,2015-07-14T17:00:00Z,-27.14428,-44.09402,-0.1728,-0.1863,648.0,2016-03-16T00:00:00Z,SVP
126966,2015-07-14T18:00:00Z,-27.15236,-44.10596,-0.2216,-0.2091,288.0,2016-03-16T00:00:00Z,SVP
126966,2015-07-14T19:00:00Z,-27.15576,-44.11645,-0.2238,-0.1895,288.0,2016-03-16T00:00:00Z,SVP
126966,2015-07-14T20:00:00Z,-27.16935,-44.12302,-0.1587,-0.2068,133.20833,2016-03-16T00:00:00Z,SVP
126966,2015-07-14T21:00:00Z,-27.17661,-44.12842,-0.1682,-0.1785,467.99997,2016-03-16T00:00:00Z,SVP
126966,2015-07-14T22:00:00Z,-27.1822,-44.13461,-0.1682,-0.1782,467.99997,2016-03-16T00:00:00Z,SVP
126966,2015-07-14T23:00:00Z,-27.18794,-44.14081,-0.1682,-0.1781,467.99997,2016-03-16T00:00:00Z,SVP
126966,2015-07-15T00:00:00Z,-27.19364,-44.14751,-0.1921,-0.1568,118.79167,2016-03-16T00:00:00Z,SVP
126966,2015-07-15T01:00:00Z,-27.19814,-44.15442,-0.1753,-0.068,111.583336,2016-03-16T00:00:00Z,SVP
126966,2015-07-15T02:00:00Z,-27.20015,-44.16112,-0.1438,-0.0039,507.5833,2016-03-16T00:00:00Z,SVP
126966,2015-07-15T03:00:00Z,-27.20024,-44.16619,-0.144,-0.0037,507.5833,2016-03-16T00:00:00Z,SVP
126966,2015-07-15T04:00:00Z,-27.20054,-44.17139,-0.1441,-0.0032,507.5833,2016-03-16T00:00:00Z,SVP
126966,2015-07-15T05:00:00Z,-27.20089,-44.17689,-0.1437,0.0116,352.7917,2016-03-16T00:00:00Z,SVP
126966,2015-07-15T06:00:00Z,-27.2,-44.18223,-0.1442,0.0127,352.7917,2016-03-16T00:00:00Z,SVP
126966,2015-07-15T07:00:00Z,-27.19949,-44.1873,-0.1441,0.0131,352.7917,2016-03-16T00:00:00Z,SVP
126966,2015-07-15T08:00:00Z,-27.19763,-44.19531,-0.1967,0.0496,140.41666,2016-03-16T00:00:00Z,SVP
126966,2015-07-15T09:00:00Z,-27.19541,-44.20451,-0.2849,0.0787,144.0,2016-03-16T00:00:00Z,SVP
126966,2015-07-15T10:00:00Z,-27.19236,-44.21581,-0.3188,0.0989,291.58334,2016-03-16T00:00:00Z,SVP
126966,2015-07-15T11:00:00Z,-27.18939,-44.22803,-0.3145,0.1008,291.58334,2016-03-16T00:00:00Z,SVP
126966,2015-07-15T12:00:00Z,-27.18551,-44.23843,-0.3058,0.0454,133.20833,2016-03-16T00:00:00Z,SVP
126966,2015-07-15T13:00:00Z,-27.18392,-44.24977,-0.2619,-0.0252,673.2083,2016-03-16T00:00:00Z,SVP
126966,2015-07-15T14:00:00Z,-27.18469,-44.25904,-0.258,-0.0253,673.2083,2016-03-16T00:00:00Z,SVP
126966,2015-07-15T15:00:00Z,-27.18532,-44.27043,-0.2799,-0.025,673.2083,2016-03-16T00:00:00Z,SVP
126966,2015-07-15T16:00:00Z,-27.18569,-44.2817,-0.2867,-0.0243,673.2083,2016-03-16T00:00:00Z,SVP
126966,2015-07-15T17:00:00Z,-27.18544,-44.29331,-0.2911,-0.0224,673.2083,2016-03-16T00:00:00Z,SVP
126966,2015-07-15T18:00:00Z,-27.18756,-44.29984,-0.1386,-0.0419,370.79166,2016-03-16T00:00:00Z,SVP
126966,2015-07-15T19:00:00Z,-27.18973,-44.30258,-0.2186,-0.0399,370.79166,2016-03-16T00:00:00Z,SVP
126966,2015-07-15T20:00:00Z,-27.19101,-44.3095,-0.1216,-0.0556,72.0,2016-03-16T00:00:00Z,SVP
126966,2015-07-15T21:00:00Z,-27.19246,-44.31388,-0.1475,-0.0552,129.58333,2016-03-16T00:00:00Z,SVP
126966,2015-07-15T22:00:00Z,-27.19214,-44.32145,0.0746,0.0737,237.58334,2016-03-16T00:00:00Z,SVP
126966,2015-07-15T23:00:00Z,-27.19089,-44.31715,0.0583,0.0707,237.58334,2016-03-16T00:00:00Z,SVP
126966,2015-07-16T00:00:00Z,-27.18805,-44.31602,0.1093,0.1244,122.416664,2016-03-16T00:00:00Z,SVP
126966,2015-07-16T01:00:00Z,-27.18442,-44.31491,-0.1082,0.0989,118.79167,2016-03-16T00:00:00Z,SVP
126966,2015-07-16T02:00:00Z,-27.1806,-44.31951,-0.0447,0.249,381.5833,2016-03-16T00:00:00Z,SVP
126966,2015-07-16T03:00:00Z,-27.17088,-44.31899,-0.0424,0.2418,381.5833,2016-03-16T00:00:00Z,SVP
126966,2015-07-16T04:00:00Z,-27.16269,-44.31989,-0.0425,0.2406,381.5833,2016-03-16T00:00:00Z,SVP
126966,2015-07-16T05:00:00Z,-27.15539,-44.32277,-0.1176,0.2379,262.79166,2016-03-16T00:00:00Z,SVP
126966,2015-07-16T06:00:00Z,-27.14809,-44.32752,-0.1157,0.2382,262.79166,2016-03-16T00:00:00Z,SVP
126966,2015-07-16T07:00:00Z,-27.1415,-44.33223,-0.1396,0.194,118.79167,2016-03-16T00:00:00Z,SVP
126966,2015-07-16T08:00:00Z,-27.13825,-44.33747,-0.1329,0.0583,129.58333,2016-03-16T00:00:00Z,SVP
126966,2015-07-16T09:00:00Z,-27.13602,-44.34111,-0.084,0.0633,237.58334,2016-03-16T00:00:00Z,SVP
126966,2015-07-16T10:00:00Z,-27.13466,-44.34485,-0.0883,0.059,237.58334,2016-03-16T00:00:00Z,SVP
126966,2015-07-16T11:00:00Z,-27.13155,-44.34669,-0.0693,0.0764,190.79166,2016-03-16T00:00:00Z,SVP
126966,2015-07-16T12:00:00Z,-27.12925,-44.35,-0.1146,0.0787,140.41666,2016-03-16T00:00:00Z,SVP
126966,2015-07-16T13:00:00Z,-27.12666,-44.35505,-0.1368,0.0861,115.208336,2016-03-16T00:00:00Z,SVP
126966,2015-07-16T14:00:00Z,-27.12362,-44.35277,0.063,0.1045,579.5834,2016-03-16T00:00:00Z,SVP
126966,2015-07-16T15:00:00Z,-27.12034,-44.3503,0.0628,0.1046,579.5834,2016-03-16T00:00:00Z,SVP
126966,2015-07-16T16:00:00Z,-27.11717,-44.34828,0.0648,0.1047,579.5834,2016-03-16T00:00:00Z,SVP
126966,2015-07-16T17:00:00Z,-27.11431,-44.34657,0.07,0.1052,579.5834,2016-03-16T00:00:00Z,SVP
126966,2015-07-16T18:00:00Z,-27.10976,-44.34395,0.0697,0.1178,244.79167,2016-03-16T00:00:00Z,SVP
126966,2015-07-16T19:00:00Z,-27.10561,-44.34267,0.0063,0.1265,129.58333,2016-03-16T00:00:00Z,SVP
126966,2015-07-16T20:00:00Z,-27.10114,-44.34229,0.0702,0.1596,86.41667,2016-03-16T00:00:00Z,SVP
126966,2015-07-16T21:00:00Z,-27.09638,-44.33755,0.1396,0.1435,151.20834,2016-03-16T00:00:00Z,SVP
126966,2015-07-16T22:00:00Z,-27.09457,-44.33218,0.1424,0.1514,313.20834,2016-03-16T00:00:00Z,SVP
126966,2015-07-16T23:00:00Z,-27.08833,-44.32689,0.1428,0.1467,313.20834,2016-03-16T00:00:00Z,SVP
126966,2015-07-17T00:00:00Z,-27.08399,-44.32171,0.106,0.1527,136.79167,2016-03-16T00:00:00Z,SVP
126966,2015-07-17T01:00:00Z,-27.0789,-44.31879,0.1324,0.1875,115.208336,2016-03-16T00:00:00Z,SVP
126966,2015-07-17T02:00:00Z,-27.07494,-44.31466,0.1479,0.2446,406.79166,2016-03-16T00:00:00Z,SVP
126966,2015-07-17T03:00:00Z,-27.06616,-44.30902,0.1476,0.2417,406.79166,2016-03-16T00:00:00Z,SVP
126966,2015-07-17T04:00:00Z,-27.05765,-44.30321,0.1466,0.236,406.79166,2016-03-16T00:00:00Z,SVP
126966,2015-07-17T05:00:00Z,-27.05186,-44.30036,0.0799,0.1802,255.58333,2016-03-16T00:00:00Z,SVP
126966,2015-07-17T06:00:00Z,-27.04653,-44.2984,0.086,0.1829,255.58333,2016-03-16T00:00:00Z,SVP
126966,2015-07-17T07:00:00Z,-27.04128,-44.29524,0.1266,0.178,82.791664,2016-03-16T00:00:00Z,SVP
126966,2015-07-17T08:00:00Z,-27.03708,-44.28946,0.1608,0.1184,111.583336,2016-03-16T00:00:00Z,SVP
126966,2015-07-17T09:00:00Z,-27.03494,-44.28873,-0.0153,7.0E-4,75.583336,2016-03-16T00:00:00Z,SVP
126966,2015-07-17T10:00:00Z,-27.03589,-44.28213,0.2826,-0.0284,212.41667,2016-03-16T00:00:00Z,SVP
126966,2015-07-17T11:00:00Z,-27.03645,-44.26978,0.3043,-0.0265,212.41667,2016-03-16T00:00:00Z,SVP
126966,2015-07-17T12:00:00Z,-27.0365,-44.27082,0.1584,0.0066,136.79167,2016-03-16T00:00:00Z,SVP
126966,2015-07-17T13:00:00Z,-27.03525,-44.26271,0.3421,0.0677,608.4167,2016-03-16T00:00:00Z,SVP
126966,2015-07-17T14:00:00Z,-27.0333,-44.25022,0.342,0.0665,608.4167,2016-03-16T00:00:00Z,SVP
126966,2015-07-17T15:00:00Z,-27.03182,-44.23782,0.3421,0.0623,608.4167,2016-03-16T00:00:00Z,SVP
126966,2015-07-17T16:00:00Z,-27.03158,-44.22549,0.3425,0.0509,608.4167,2016-03-16T00:00:00Z,SVP
126966,2015-07-17T17:00:00Z,-27.03148,-44.21326,0.3485,0.0512,237.58334,2016-03-16T00:00:00Z,SVP
126966,2015-07-17T18:00:00Z,-27.02386,-44.20022,0.3489,0.0856,237.58334,2016-03-16T00:00:00Z,SVP
126966,2015-07-17T19:00:00Z,-27.02372,-44.18903,0.3047,0.026,118.79167,2016-03-16T00:00:00Z,SVP
126966,2015-07-17T20:00:00Z,-27.02118,-44.18042,0.1832,0.2431,165.58333,2016-03-16T00:00:00Z,SVP
126966,2015-07-17T21:00:00Z,-27.01402,-44.16791,0.3829,0.1249,72.0,2016-03-16T00:00:00Z,SVP
126966,2015-07-17T22:00:00Z,-27.01197,-44.15058,0.3187,0.0411,334.7917,2016-03-16T00:00:00Z,SVP
126966,2015-07-17T23:00:00Z,-27.01003,-44.13918,0.3196,0.0405,334.7917,2016-03-16T00:00:00Z,SVP
126966,2015-07-18T00:00:00Z,-27.0097,-44.12733,0.2996,-0.0011,129.58333,2016-03-16T00:00:00Z,SVP
126966,2015-07-18T01:00:00Z,-27.01108,-44.11559,0.3588,-0.0634,115.208336,2016-03-16T00:00:00Z,SVP
126966,2015-07-18T02:00:00Z,-27.0129,-44.10234,0.3702,-0.0507,435.58334,2016-03-16T00:00:00Z,SVP
126966,2015-07-18T03:00:00Z,-27.01436,-44.0889,0.3702,-0.0508,435.58334,2016-03-16T00:00:00Z,SVP
126966,2015-07-18T04:00:00Z,-27.01572,-44.07551,0.3703,-0.051,435.58334,2016-03-16T00:00:00Z,SVP
126966,2015-07-18T05:00:00Z,-27.01781,-44.06222,0.3674,-0.0518,262.79166,2016-03-16T00:00:00Z,SVP
126966,2015-07-18T06:00:00Z,-27.01973,-44.04897,0.346,-0.0658,108.00001,2016-03-16T00:00:00Z,SVP
126966,2015-07-18T07:00:00Z,-27.02205,-44.03677,0.4353,-0.1058,212.41667,2016-03-16T00:00:00Z,SVP
126966,2015-07-18T08:00:00Z,-27.02516,-44.02118,0.4391,-0.1074,212.41667,2016-03-16T00:00:00Z,SVP
126966,2015-07-18T09:00:00Z,-27.03006,-44.0045,0.4568,-0.1957,126.0,2016-03-16T00:00:00Z,SVP
126966,2015-07-18T10:00:00Z,-27.03927,-43.9941,0.2959,-0.2756,244.79167,2016-03-16T00:00:00Z,SVP
126966,2015-07-18T11:00:00Z,-27.04982,-43.98278,0.2805,-0.167,126.0,2016-03-16T00:00:00Z,SVP
126966,2015-07-18T12:00:00Z,-27.05491,-43.97188,0.3661,-0.2124,122.416664,2016-03-16T00:00:00Z,SVP
126966,2015-07-18T13:00:00Z,-27.06157,-43.95818,0.3802,-0.2377,637.2083,2016-03-16T00:00:00Z,SVP
126966,2015-07-18T14:00:00Z,-27.0694,-43.94455,0.38,-0.2378,637.2083,2016-03-16T00:00:00Z,SVP
126966,2015-07-18T15:00:00Z,-27.07708,-43.93097,0.3797,-0.2379,637.2083,2016-03-16T00:00:00Z,SVP
126966,2015-07-18T16:00:00Z,-27.08463,-43.91763,0.3794,-0.2382,637.2083,2016-03-16T00:00:00Z,SVP
126966,2015-07-18T17:00:00Z,-27.09219,-43.90465,0.3735,-0.2512,233.99998,2016-03-16T00:00:00Z,SVP
126966,2015-07-18T18:00:00Z,-27.10077,-43.88869,0.3859,-0.2514,233.99998,2016-03-16T00:00:00Z,SVP
126966,2015-07-18T19:00:00Z,-27.1077,-43.8794,0.3386,-0.2151,133.20833,2016-03-16T00:00:00Z,SVP
126966,2015-07-18T20:00:00Z,-27.11461,-43.86549,0.3246,-0.2044,180.0,2016-03-16T00:00:00Z,SVP
126966,2015-07-18T21:00:00Z,-27.12235,-43.8565,0.1145,-0.2442,187.20833,2016-03-16T00:00:00Z,SVP
126966,2015-07-18T22:00:00Z,-27.13002,-43.85463,0.1086,-0.243,187.20833,2016-03-16T00:00:00Z,SVP
126966,2015-07-18T23:00:00Z,-27.13869,-43.84848,0.1084,-0.2455,320.41666,2016-03-16T00:00:00Z,SVP
126966,2015-07-19T00:00:00Z,-27.14624,-43.84402,0.1065,-0.2464,320.41666,2016-03-16T00:00:00Z,SVP
126966,2015-07-19T01:00:00Z,-27.15665,-43.84092,0.0817,-0.3437,136.79167,2016-03-16T00:00:00Z,SVP
126966,2015-07-19T02:00:00Z,-27.16682,-43.83728,0.0714,-0.3793,316.79166,2016-03-16T00:00:00Z,SVP
126966,2015-07-19T03:00:00Z,-27.17951,-43.83506,0.072,-0.3786,316.79166,2016-03-16T00:00:00Z,SVP
126966,2015-07-19T04:00:00Z,-27.19153,-43.83238,0.0865,-0.4141,266.41666,2016-03-16T00:00:00Z,SVP
126966,2015-07-19T05:00:00Z,-27.2048,-43.82928,0.0885,-0.415,266.41666,2016-03-16T00:00:00Z,SVP
126966,2015-07-19T06:00:00Z,-27.21809,-43.82636,0.1071,-0.4341,363.58334,2016-03-16T00:00:00Z,SVP
126966,2015-07-19T07:00:00Z,-27.2325,-43.82176,0.1113,-0.4351,363.58334,2016-03-16T00:00:00Z,SVP
126966,2015-07-19T08:00:00Z,-27.24694,-43.8164,0.1168,-0.4355,363.58334,2016-03-16T00:00:00Z,SVP
126966,2015-07-19T09:00:00Z,-27.2601,-43.81739,-0.0405,-0.3908,248.41667,2016-03-16T00:00:00Z,SVP
126966,2015-07-19T10:00:00Z,-27.274,-43.8194,-0.0405,-0.3998,248.41667,2016-03-16T00:00:00Z,SVP
126966,2015-07-19T11:00:00Z,-27.28396,-43.81787,0.0312,-0.3232,147.58333,2016-03-16T00:00:00Z,SVP
126966,2015-07-19T12:00:00Z,-27.29423,-43.81589,0.0857,-0.2946,122.416664,2016-03-16T00:00:00Z,SVP
126966,2015-07-19T13:00:00Z,-27.30409,-43.81279,4.0E-4,-0.2885,129.58333,2016-03-16T00:00:00Z,SVP
126966,2015-07-19T14:00:00Z,-27.31289,-43.81365,-0.0216,-0.2687,529.2084,2016-03-16T00:00:00Z,SVP
126966,2015-07-19T15:00:00Z,-27.32162,-43.8146,-0.021,-0.2685,529.2084,2016-03-16T00:00:00Z,SVP
126966,2015-07-19T16:00:00Z,-27.33047,-43.81546,-0.0206,-0.2679,529.2084,2016-03-16T00:00:00Z,SVP
126966,2015-07-19T17:00:00Z,-27.33869,-43.81652,-0.0358,-0.2484,233.99998,2016-03-16T00:00:00Z,SVP
126966,2015-07-19T18:00:00Z,-27.34659,-43.81737,-0.0353,-0.247,233.99998,2016-03-16T00:00:00Z,SVP
126966,2015-07-19T19:00:00Z,-27.35385,-43.82106,-0.0826,-0.2263,252.0,2016-03-16T00:00:00Z,SVP
126966,2015-07-19T20:00:00Z,-27.36082,-43.82521,-0.1443,-0.2197,122.416664,2016-03-16T00:00:00Z,SVP
126966,2015-07-19T21:00:00Z,-27.36825,-43.83097,-0.161,-0.2285,136.79167,2016-03-16T00:00:00Z,SVP
126966,2015-07-19T22:00:00Z,-27.37582,-43.83705,-0.1373,-0.2521,352.7917,2016-03-16T00:00:00Z,SVP
126966,2015-07-19T23:00:00Z,-27.38422,-43.84162,-0.1374,-0.2526,352.7917,2016-03-16T00:00:00Z,SVP
126966,2015-07-20T00:00:00Z,-27.39184,-43.84677,-0.1444,-0.2494,93.583336,2016-03-16T00:00:00Z,SVP
126966,2015-07-20T01:00:00Z,-27.39894,-43.85346,-0.2161,-0.1956,147.58333,2016-03-16T00:00:00Z,SVP
126966,2015-07-20T02:00:00Z,-27.40568,-43.86144,-0.2356,-0.2238,345.5833,2016-03-16T00:00:00Z,SVP
126966,2015-07-20T03:00:00Z,-27.41298,-43.87024,-0.2357,-0.2251,345.5833,2016-03-16T00:00:00Z,SVP
126966,2015-07-20T04:00:00Z,-27.42032,-43.87902,-0.2513,-0.2674,259.20834,2016-03-16T00:00:00Z,SVP
126966,2015-07-20T05:00:00Z,-27.42944,-43.88805,-0.2515,-0.2681,259.20834,2016-03-16T00:00:00Z,SVP
126966,2015-07-20T06:00:00Z,-27.43825,-43.89798,-0.2791,-0.2765,118.79167,2016-03-16T00:00:00Z,SVP
126966,2015-07-20T07:00:00Z,-27.44726,-43.90803,-0.2742,-0.2837,212.41667,2016-03-16T00:00:00Z,SVP
126966,2015-07-20T08:00:00Z,-27.45655,-43.91699,-0.1928,-0.3198,259.20834,2016-03-16T00:00:00Z,SVP
126966,2015-07-20T09:00:00Z,-27.46776,-43.92296,-0.189,-0.3235,259.20834,2016-03-16T00:00:00Z,SVP
126966,2015-07-20T10:00:00Z,-27.47731,-43.93012,-0.1917,-0.2309,176.41667,2016-03-16T00:00:00Z,SVP
126966,2015-07-20T11:00:00Z,-27.48467,-43.93877,-0.1299,-0.2306,111.583336,2016-03-16T00:00:00Z,SVP
126966,2015-07-20T12:00:00Z,-27.49201,-43.94231,-0.1792,-0.2024,140.41666,2016-03-16T00:00:00Z,SVP
126966,2015-07-20T13:00:00Z,-27.49811,-43.94836,-0.1695,-0.1653,550.7917,2016-03-16T00:00:00Z,SVP
126966,2015-07-20T14:00:00Z,-27.50349,-43.95432,-0.167,-0.1653,550.7917,2016-03-16T00:00:00Z,SVP
126966,2015-07-20T15:00:00Z,-27.50967,-43.96089,-0.1697,-0.1731,550.7917,2016-03-16T00:00:00Z,SVP
126966,2015-07-20T16:00:00Z,-27.51641,-43.96888,-0.1793,-0.1802,550.7917,2016-03-16T00:00:00Z,SVP
126966,2015-07-20T17:00:00Z,-27.51806,-43.97277,-0.0836,-0.0215,248.41667,2016-03-16T00:00:00Z,SVP
126966,2015-07-20T18:00:00Z,-27.51713,-43.97506,-0.0426,0.0012,0.0,2016-03-16T00:00:00Z,SVP
126966,2015-07-20T19:00:00Z,-27.52049,-43.97974,-0.1082,-0.047,198.00002,2016-03-16T00:00:00Z,SVP
126966,2015-07-20T20:00:00Z,-27.52156,-43.99424,-0.2825,-0.0614,122.416664,2016-03-16T00:00:00Z,SVP
126966,2015-07-20T21:00:00Z,-27.51874,-43.99901,-0.2845,-0.0186,133.20833,2016-03-16T00:00:00Z,SVP
126966,2015-07-20T22:00:00Z,-27.52032,-44.00873,-0.2881,0.0012,345.5833,2016-03-16T00:00:00Z,SVP
126966,2015-07-20T23:00:00Z,-27.51982,-44.01948,-0.2868,-0.0011,345.5833,2016-03-16T00:00:00Z,SVP
126966,2015-07-21T00:00:00Z,-27.52007,-44.03042,-0.283,0.0026,345.5833,2016-03-16T00:00:00Z,SVP
126966,2015-07-21T01:00:00Z,-27.51962,-44.04025,-0.2938,0.01,140.41666,2016-03-16T00:00:00Z,SVP
126966,2015-07-21T02:00:00Z,-27.52169,-44.05521,-0.3111,-0.0647,259.20834,2016-03-16T00:00:00Z,SVP
126966,2015-07-21T03:00:00Z,-27.52267,-44.06598,-0.3069,-0.0618,259.20834,2016-03-16T00:00:00Z,SVP
126966,2015-07-21T04:00:00Z,-27.52442,-44.07777,-0.2769,-0.0931,255.58333,2016-03-16T00:00:00Z,SVP
126966,2015-07-21T05:00:00Z,-27.52834,-44.08679,-0.2786,-0.0855,255.58333,2016-03-16T00:00:00Z,SVP
126966,2015-07-21T06:00:00Z,-27.53131,-44.09717,-0.2863,-0.1104,295.20834,2016-03-16T00:00:00Z,SVP
126966,2015-07-21T07:00:00Z,-27.53437,-44.10876,-0.2916,-0.1089,295.20834,2016-03-16T00:00:00Z,SVP
126966,2015-07-21T08:00:00Z,-27.5387,-44.11717,-0.2148,-0.0878,183.58333,2016-03-16T00:00:00Z,SVP
126966,2015-07-21T09:00:00Z,-27.54256,-44.12856,-0.2335,-0.0804,183.58333,2016-03-16T00:00:00Z,SVP
126966,2015-07-21T10:00:00Z,-27.54323,-44.13438,-0.1653,-0.0169,360.0,2016-03-16T00:00:00Z,SVP
126966,2015-07-21T11:00:00Z,-27.5436,-44.13993,-0.1715,-0.0178,360.0,2016-03-16T00:00:00Z,SVP
126966,2015-07-21T12:00:00Z,-27.54346,-44.14611,-0.1521,0.0147,140.41666,2016-03-16T00:00:00Z,SVP
126966,2015-07-21T13:00:00Z,-27.54005,-44.15056,-0.1092,0.0987,111.583336,2016-03-16T00:00:00Z,SVP
126966,2015-07-21T14:00:00Z,-27.53516,-44.15085,-0.017,0.1617,453.5833,2016-03-16T00:00:00Z,SVP
126966,2015-07-21T15:00:00Z,-27.5311,-44.15208,-0.0216,0.1523,453.5833,2016-03-16T00:00:00Z,SVP
126966,2015-07-21T16:00:00Z,-27.53102,-44.15887,-0.068,0.1132,453.5833,2016-03-16T00:00:00Z,SVP
126966,2015-07-21T17:00:00Z,-27.52112,-44.15263,-0.0063,0.2952,237.58334,2016-03-16T00:00:00Z,SVP
126966,2015-07-21T18:00:00Z,-27.51163,-44.15263,-0.194,0.2812,309.5833,2016-03-16T00:00:00Z,SVP
126966,2015-07-21T19:00:00Z,-27.50284,-44.16017,-0.1903,0.2804,309.5833,2016-03-16T00:00:00Z,SVP
126966,2015-07-21T20:00:00Z,-27.4933,-44.16671,-0.1736,0.2913,72.0,2016-03-16T00:00:00Z,SVP
126966,2015-07-21T21:00:00Z,-27.48042,-44.17254,-0.174,0.3833,169.20834,2016-03-16T00:00:00Z,SVP
126966,2015-07-21T22:00:00Z,-27.46872,-44.17991,-0.2403,0.3238,374.41666,2016-03-16T00:00:00Z,SVP
126966,2015-07-21T23:00:00Z,-27.45834,-44.18881,-0.2438,0.3205,374.41666,2016-03-16T00:00:00Z,SVP
126966,2015-07-22T00:00:00Z,-27.44721,-44.19762,-0.3152,0.2916,237.58334,2016-03-16T00:00:00Z,SVP
126966,2015-07-22T01:00:00Z,-27.43998,-44.21266,-0.32,0.2792,237.58334,2016-03-16T00:00:00Z,SVP
126966,2015-07-22T02:00:00Z,-27.43321,-44.22377,-0.3026,0.2136,298.7917,2016-03-16T00:00:00Z,SVP
126966,2015-07-22T03:00:00Z,-27.41947,-44.23342,-0.3076,0.2914,298.7917,2016-03-16T00:00:00Z,SVP
126966,2015-07-22T04:00:00Z,-27.41735,-44.24439,-0.2709,0.1793,255.58333,2016-03-16T00:00:00Z,SVP
126966,2015-07-22T05:00:00Z,-27.41391,-44.25553,-0.2735,0.1982,255.58333,2016-03-16T00:00:00Z,SVP
126966,2015-07-22T06:00:00Z,-27.41093,-44.26374,-0.2387,0.0439,269.99997,2016-03-16T00:00:00Z,SVP
126966,2015-07-22T07:00:00Z,-27.40201,-44.27142,-0.2175,-0.1756,90.0,2016-03-16T00:00:00Z,SVP
126966,2015-07-22T08:00:00Z,-27.40971,-44.27979,-0.1564,-0.0289,158.41667,2016-03-16T00:00:00Z,SVP
126966,2015-07-22T09:00:00Z,-27.41072,-44.28501,-0.1074,-0.007,277.20834,2016-03-16T00:00:00Z,SVP
126966,2015-07-22T10:00:00Z,-27.41089,-44.28892,-0.1064,-0.0073,277.20834,2016-03-16T00:00:00Z,SVP
126966,2015-07-22T11:00:00Z,-27.41119,-44.29121,-0.0497,-0.0061,97.20833,2016-03-16T00:00:00Z,SVP
126966,2015-07-22T12:00:00Z,-27.41006,-44.28993,-0.0076,0.0722,0.0,2016-03-16T00:00:00Z,SVP
126966,2015-07-22T13:00:00Z,-27.40666,-44.29369,0.0549,0.1149,738.0,2016-03-16T00:00:00Z,SVP
126966,2015-07-22T14:00:00Z,-27.40314,-44.29071,0.055,0.1136,738.0,2016-03-16T00:00:00Z,SVP
126966,2015-07-22T15:00:00Z,-27.39984,-44.28853,0.055,0.1113,738.0,2016-03-16T00:00:00Z,SVP
126966,2015-07-22T16:00:00Z,-27.39968,-44.28682,0.0558,0.084,738.0,2016-03-16T00:00:00Z,SVP
126966,2015-07-22T17:00:00Z,-27.39885,-44.28572,0.0568,0.0731,738.0,2016-03-16T00:00:00Z,SVP
126966,2015-07-22T18:00:00Z,-27.39545,-44.28446,0.0687,0.2653,345.5833,2016-03-16T00:00:00Z,SVP
126966,2015-07-22T19:00:00Z,-27.38646,-44.28088,0.0675,0.2601,345.5833,2016-03-16T00:00:00Z,SVP
126966,2015-07-22T20:00:00Z,-27.37799,-44.27667,-0.0293,0.2834,151.20834,2016-03-16T00:00:00Z,SVP
126966,2015-07-22T21:00:00Z,-27.36903,-44.27788,-0.0017,0.2665,97.20833,2016-03-16T00:00:00Z,SVP
126966,2015-07-22T22:00:00Z,-27.36066,-44.27895,-0.0115,0.2222,280.79166,2016-03-16T00:00:00Z,SVP
126966,2015-07-22T23:00:00Z,-27.35327,-44.27804,-0.0036,0.2205,280.79166,2016-03-16T00:00:00Z,SVP
126966,2015-07-23T00:00:00Z,-27.3473,-44.28005,-0.078,0.1594,144.0,2016-03-16T00:00:00Z,SVP
126966,2015-07-23T01:00:00Z,-27.34278,-44.28256,-0.055,0.1151,111.583336,2016-03-16T00:00:00Z,SVP
126966,2015-07-23T02:00:00Z,-27.33932,-44.28526,-0.0589,0.1082,568.7917,2016-03-16T00:00:00Z,SVP
126966,2015-07-23T03:00:00Z,-27.33597,-44.28725,-0.0578,0.1076,568.7917,2016-03-16T00:00:00Z,SVP
126966,2015-07-23T04:00:00Z,-27.33265,-44.28399,-0.0126,0.1072,568.7917,2016-03-16T00:00:00Z,SVP
126966,2015-07-23T05:00:00Z,-27.32992,-44.28207,-0.0028,0.094,345.5833,2016-03-16T00:00:00Z,SVP
126966,2015-07-23T06:00:00Z,-27.32645,-44.2934,-0.0687,0.0959,345.5833,2016-03-16T00:00:00Z,SVP
126966,2015-07-23T07:00:00Z,-27.32253,-44.29817,-0.0747,0.0986,345.5833,2016-03-16T00:00:00Z,SVP
126966,2015-07-23T08:00:00Z,-27.32425,-44.28653,-0.0402,-0.0228,140.41666,2016-03-16T00:00:00Z,SVP
126966,2015-07-23T09:00:00Z,-27.32524,-44.29278,0.0826,-0.0623,259.20834,2016-03-16T00:00:00Z,SVP
126966,2015-07-23T10:00:00Z,-27.32582,-44.29076,0.107,0.0127,126.0,2016-03-16T00:00:00Z,SVP
126966,2015-07-23T11:00:00Z,-27.32623,-44.28548,0.1493,0.098,136.79167,2016-03-16T00:00:00Z,SVP
126966,2015-07-23T12:00:00Z,-27.3228,-44.28019,0.1786,0.0898,108.00001,2016-03-16T00:00:00Z,SVP
126966,2015-07-23T13:00:00Z,-27.32036,-44.27203,0.2136,0.0549,752.4166,2016-03-16T00:00:00Z,SVP
126966,2015-07-23T14:00:00Z,-27.31876,-44.26474,0.2117,0.0545,752.4166,2016-03-16T00:00:00Z,SVP
126966,2015-07-23T15:00:00Z,-27.31711,-44.25747,0.21,0.0542,752.4166,2016-03-16T00:00:00Z,SVP
126966,2015-07-23T16:00:00Z,-27.31549,-44.25085,0.2056,0.054,752.4166,2016-03-16T00:00:00Z,SVP
126966,2015-07-23T17:00:00Z,-27.31404,-44.24835,0.1812,0.0535,752.4166,2016-03-16T00:00:00Z,SVP
126966,2015-07-23T18:00:00Z,-27.31112,-44.24097,0.1799,0.0662,302.4167,2016-03-16T00:00:00Z,SVP
126966,2015-07-23T19:00:00Z,-27.30852,-44.22757,0.2013,0.0663,302.4167,2016-03-16T00:00:00Z,SVP
126966,2015-07-23T20:00:00Z,-27.30429,-44.22531,0.0889,0.1875,104.41666,2016-03-16T00:00:00Z,SVP
126966,2015-07-23T21:00:00Z,-27.29951,-44.21928,0.2461,0.1031,75.583336,2016-03-16T00:00:00Z,SVP
126966,2015-07-23T22:00:00Z,-27.29574,-44.21242,0.0634,0.1435,378.0,2016-03-16T00:00:00Z,SVP
126966,2015-07-23T23:00:00Z,-27.29081,-44.21042,0.0636,0.1442,378.0,2016-03-16T00:00:00Z,SVP
126966,2015-07-24T00:00:00Z,-27.28566,-44.20781,0.0605,0.1445,378.0,2016-03-16T00:00:00Z,SVP
126966,2015-07-24T01:00:00Z,-27.28334,-44.20584,0.0608,0.0448,133.20833,2016-03-16T00:00:00Z,SVP
126966,2015-07-24T02:00:00Z,-27.28213,-44.1982,0.1395,0.0347,460.79166,2016-03-16T00:00:00Z,SVP
126966,2015-07-24T03:00:00Z,-27.28081,-44.2002,0.0418,0.0346,460.79166,2016-03-16T00:00:00Z,SVP
126966,2015-07-24T04:00:00Z,-27.27935,-44.19959,0.0483,0.0344,460.79166,2016-03-16T00:00:00Z,SVP
126966,2015-07-24T05:00:00Z,-27.27799,-44.19649,0.2999,0.0181,352.7917,2016-03-16T00:00:00Z,SVP
126966,2015-07-24T06:00:00Z,-27.27796,-44.18516,0.2982,0.0182,352.7917,2016-03-16T00:00:00Z,SVP
126966,2015-07-24T07:00:00Z,-27.27784,-44.17184,0.1638,0.0189,352.7917,2016-03-16T00:00:00Z,SVP
126966,2015-07-24T08:00:00Z,-27.27681,-44.16517,0.1847,0.0157,165.58333,2016-03-16T00:00:00Z,SVP
126966,2015-07-24T09:00:00Z,-27.27651,-44.15842,0.1625,-0.0506,75.583336,2016-03-16T00:00:00Z,SVP
126966,2015-07-24T10:00:00Z,-27.27845,-44.15243,0.1672,-0.0582,295.20834,2016-03-16T00:00:00Z,SVP
126966,2015-07-24T11:00:00Z,-27.28009,-44.14643,0.1678,-0.0581,295.20834,2016-03-16T00:00:00Z,SVP
126966,2015-07-24T12:00:00Z,-27.281,-44.13983,0.1751,-0.0193,115.208336,2016-03-16T00:00:00Z,SVP
126966,2015-07-24T13:00:00Z,-27.28094,-44.13476,0.0926,-0.0593,637.2083,2016-03-16T00:00:00Z,SVP
126966,2015-07-24T14:00:00Z,-27.28313,-44.13129,0.0926,-0.0605,637.2083,2016-03-16T00:00:00Z,SVP
126966,2015-07-24T15:00:00Z,-27.28508,-44.12794,0.0927,-0.0607,637.2083,2016-03-16T00:00:00Z,SVP
126966,2015-07-24T16:00:00Z,-27.28688,-44.12466,0.0928,-0.0605,637.2083,2016-03-16T00:00:00Z,SVP
126966,2015-07-24T17:00:00Z,-27.28848,-44.12149,0.0932,-0.0601,637.2083,2016-03-16T00:00:00Z,SVP
126966,2015-07-24T18:00:00Z,-27.29612,-44.11753,0.1015,-0.2837,367.20834,2016-03-16T00:00:00Z,SVP
126966,2015-07-24T19:00:00Z,-27.30877,-44.11354,0.1022,-0.1607,367.20834,2016-03-16T00:00:00Z,SVP
126966,2015-07-24T20:00:00Z,-27.31487,-44.10994,0.1044,-0.2906,68.416664,2016-03-16T00:00:00Z,SVP
126966,2015-07-24T21:00:00Z,-27.32699,-44.10523,0.1576,-0.434,118.79167,2016-03-16T00:00:00Z,SVP
126966,2015-07-24T22:00:00Z,-27.33917,-44.09328,0.536,-0.2441,280.79166,2016-03-16T00:00:00Z,SVP
126966,2015-07-24T23:00:00Z,-27.34689,-44.07324,0.5339,-0.24,280.79166,2016-03-16T00:00:00Z,SVP
126966,2015-07-25T00:00:00Z,-27.35405,-44.0541,0.5151,-0.0771,111.583336,2016-03-16T00:00:00Z,SVP
126966,2015-07-25T01:00:00Z,-27.35626,-44.03497,0.5005,-0.0632,626.4167,2016-03-16T00:00:00Z,SVP
126966,2015-07-25T02:00:00Z,-27.35845,-44.01703,0.5002,-0.0633,626.4167,2016-03-16T00:00:00Z,SVP
126966,2015-07-25T03:00:00Z,-27.3606,-43.99905,0.5001,-0.0633,626.4167,2016-03-16T00:00:00Z,SVP
126966,2015-07-25T04:00:00Z,-27.3628,-43.98124,0.5,-0.0632,626.4167,2016-03-16T00:00:00Z,SVP
126966,2015-07-25T05:00:00Z,-27.36405,-43.96324,0.4974,-0.04,241.20834,2016-03-16T00:00:00Z,SVP
126966,2015-07-25T06:00:00Z,-27.36488,-43.94404,0.4964,-0.0327,241.20834,2016-03-16T00:00:00Z,SVP
126966,2015-07-25T07:00:00Z,-27.35764,-43.92661,0.4536,0.2673,57.583332,2016-03-16T00:00:00Z,SVP
126966,2015-07-25T08:00:00Z,-27.35342,-43.91103,0.3884,0.0769,194.41666,2016-03-16T00:00:00Z,SVP
126966,2015-07-25T09:00:00Z,-27.35079,-43.89837,0.2589,0.0626,57.583332,2016-03-16T00:00:00Z,SVP
126966,2015-07-25T10:00:00Z,-27.34881,-43.88884,0.2581,0.0645,226.79166,2016-03-16T00:00:00Z,SVP
126966,2015-07-25T11:00:00Z,-27.3475,-43.87895,0.2858,0.0281,172.79166,2016-03-16T00:00:00Z,SVP
126966,2015-07-25T12:00:00Z,-27.34697,-43.8686,0.1896,-0.0288,144.0,2016-03-16T00:00:00Z,SVP
126966,2015-07-25T13:00:00Z,-27.34853,-43.8649,0.0584,-0.094,111.583336,2016-03-16T00:00:00Z,SVP
126966,2015-07-25T14:00:00Z,-27.35384,-43.85826,0.3227,-0.203,543.5834,2016-03-16T00:00:00Z,SVP
126966,2015-07-25T15:00:00Z,-27.36072,-43.84602,0.3204,-0.2026,543.5834,2016-03-16T00:00:00Z,SVP
126966,2015-07-25T16:00:00Z,-27.36743,-43.83436,0.321,-0.2024,543.5834,2016-03-16T00:00:00Z,SVP
126966,2015-07-25T17:00:00Z,-27.37415,-43.82302,0.325,-0.202,543.5834,2016-03-16T00:00:00Z,SVP
126966,2015-07-25T18:00:00Z,-27.38046,-43.80983,0.3509,-0.2103,241.20834,2016-03-16T00:00:00Z,SVP
126966,2015-07-25T19:00:00Z,-27.38681,-43.79602,0.4062,-0.1872,126.0,2016-03-16T00:00:00Z,SVP
126966,2015-07-25T20:00:00Z,-27.39291,-43.77981,0.4223,-0.2114,82.791664,2016-03-16T00:00:00Z,SVP
126966,2015-07-25T21:00:00Z,-27.39975,-43.76867,0.2899,-0.1844,165.58333,2016-03-16T00:00:00Z,SVP
126966,2015-07-25T22:00:00Z,-27.4011,-43.75765,0.3915,-0.0816,381.5833,2016-03-16T00:00:00Z,SVP
126966,2015-07-25T23:00:00Z,-27.40436,-43.74223,0.3926,-0.0804,381.5833,2016-03-16T00:00:00Z,SVP
126966,2015-07-26T00:00:00Z,-27.40707,-43.72688,0.3922,-0.0804,381.5833,2016-03-16T00:00:00Z,SVP
126966,2015-07-26T01:00:00Z,-27.40967,-43.7154,0.3812,-0.0973,133.20833,2016-03-16T00:00:00Z,SVP
126966,2015-07-26T02:00:00Z,-27.41074,-43.70533,0.27,-0.0284,396.00003,2016-03-16T00:00:00Z,SVP
126966,2015-07-26T03:00:00Z,-27.41169,-43.69546,0.2699,-0.0287,396.00003,2016-03-16T00:00:00Z,SVP
126966,2015-07-26T04:00:00Z,-27.41248,-43.68558,0.2698,-0.0293,396.00003,2016-03-16T00:00:00Z,SVP
126966,2015-07-26T05:00:00Z,-27.41423,-43.67616,0.2547,-0.0661,233.99998,2016-03-16T00:00:00Z,SVP
126966,2015-07-26T06:00:00Z,-27.41657,-43.66684,0.2541,-0.0687,233.99998,2016-03-16T00:00:00Z,SVP
126966,2015-07-26T07:00:00Z,-27.42171,-43.6591,0.2103,-0.2108,280.79166,2016-03-16T00:00:00Z,SVP
126966,2015-07-26T08:00:00Z,-27.42811,-43.65124,0.2084,-0.2146,280.79166,2016-03-16T00:00:00Z,SVP
126966,2015-07-26T09:00:00Z,-27.435,-43.64349,0.2148,-0.2473,212.41667,2016-03-16T00:00:00Z,SVP
126966,2015-07-26T10:00:00Z,-27.44404,-43.63605,0.2154,-0.2458,212.41667,2016-03-16T00:00:00Z,SVP
126966,2015-07-26T11:00:00Z,-27.4508,-43.62795,0.2129,-0.2362,198.00002,2016-03-16T00:00:00Z,SVP
126966,2015-07-26T12:00:00Z,-27.458,-43.62111,0.1853,-0.2043,136.79167,2016-03-16T00:00:00Z,SVP
126966,2015-07-26T13:00:00Z,-27.46511,-43.61417,0.2246,-0.2586,111.583336,2016-03-16T00:00:00Z,SVP
126966,2015-07-26T14:00:00Z,-27.47402,-43.60423,0.2725,-0.2724,568.7917,2016-03-16T00:00:00Z,SVP
126966,2015-07-26T15:00:00Z,-27.48308,-43.59424,0.2726,-0.2724,568.7917,2016-03-16T00:00:00Z,SVP
126966,2015-07-26T16:00:00Z,-27.49216,-43.58444,0.2729,-0.2723,568.7917,2016-03-16T00:00:00Z,SVP
126966,2015-07-26T17:00:00Z,-27.50104,-43.57507,0.2798,-0.2626,244.79167,2016-03-16T00:00:00Z,SVP
126966,2015-07-26T18:00:00Z,-27.50862,-43.56415,0.2822,-0.2608,244.79167,2016-03-16T00:00:00Z,SVP
126966,2015-07-26T19:00:00Z,-27.51584,-43.55637,0.206,-0.2097,122.416664,2016-03-16T00:00:00Z,SVP
126966,2015-07-26T20:00:00Z,-27.52218,-43.54896,0.1848,-0.1832,261.0,2016-03-16T00:00:00Z,SVP
126966,2015-07-26T21:00:00Z,-27.52849,-43.54242,0.1863,-0.1813,261.0,2016-03-16T00:00:00Z,SVP
126966,2015-07-26T22:00:00Z,-27.53387,-43.53595,0.1849,-0.1655,430.20834,2016-03-16T00:00:00Z,SVP
126966,2015-07-26T23:00:00Z,-27.53924,-43.52902,0.1846,-0.1652,430.20834,2016-03-16T00:00:00Z,SVP
126966,2015-07-27T00:00:00Z,-27.54465,-43.52263,-0.0488,-0.1511,118.79167,2016-03-16T00:00:00Z,SVP
126966,2015-07-27T01:00:00Z,-27.54899,-43.52426,0.0114,-0.1395,111.583336,2016-03-16T00:00:00Z,SVP
126966,2015-07-27T02:00:00Z,-27.55367,-43.52441,0.0614,-0.1514,421.20834,2016-03-16T00:00:00Z,SVP
126966,2015-07-27T03:00:00Z,-27.55831,-43.52224,0.0619,-0.1526,421.20834,2016-03-16T00:00:00Z,SVP
126966,2015-07-27T04:00:00Z,-27.56287,-43.52019,0.0635,-0.1551,421.20834,2016-03-16T00:00:00Z,SVP
126966,2015-07-27T05:00:00Z,-27.56763,-43.51748,0.073,-0.1417,244.79167,2016-03-16T00:00:00Z,SVP
126966,2015-07-27T06:00:00Z,-27.57343,-43.51492,0.0622,-0.1673,108.00001,2016-03-16T00:00:00Z,SVP
126966,2015-07-27T07:00:00Z,-27.57841,-43.5145,-0.0201,-0.2983,241.20834,2016-03-16T00:00:00Z,SVP
126966,2015-07-27T08:00:00Z,-27.58935,-43.51566,-0.0222,-0.2805,241.20834,2016-03-16T00:00:00Z,SVP
126966,2015-07-27T09:00:00Z,-27.59768,-43.5155,-0.0034,-0.2989,190.79166,2016-03-16T00:00:00Z,SVP
126966,2015-07-27T10:00:00Z,-27.60437,-43.51258,0.1316,-0.149,233.99998,2016-03-16T00:00:00Z,SVP
126966,2015-07-27T11:00:00Z,-27.60802,-43.50516,0.1354,-0.1561,233.99998,2016-03-16T00:00:00Z,SVP
126966,2015-07-27T12:00:00Z,-27.61406,-43.50782,-0.0413,-0.1895,108.00001,2016-03-16T00:00:00Z,SVP
126966,2015-07-27T13:00:00Z,-27.61924,-43.50896,-0.0422,-0.2005,597.5834,2016-03-16T00:00:00Z,SVP
126966,2015-07-27T14:00:00Z,-27.62598,-43.51064,-0.042,-0.1998,597.5834,2016-03-16T00:00:00Z,SVP
126966,2015-07-27T15:00:00Z,-27.63254,-43.51214,-0.0422,-0.1996,597.5834,2016-03-16T00:00:00Z,SVP
126966,2015-07-27T16:00:00Z,-27.63905,-43.51353,-0.0429,-0.1994,597.5834,2016-03-16T00:00:00Z,SVP
126966,2015-07-27T17:00:00Z,-27.64541,-43.51513,-0.0573,-0.202,237.58334,2016-03-16T00:00:00Z,SVP
126966,2015-07-27T18:00:00Z,-27.65185,-43.51745,-0.0574,-0.2019,237.58334,2016-03-16T00:00:00Z,SVP
126966,2015-07-27T19:00:00Z,-27.65872,-43.51907,-0.044,-0.2133,352.7917,2016-03-16T00:00:00Z,SVP
126966,2015-07-27T20:00:00Z,-27.66531,-43.5213,-0.0469,-0.2128,352.7917,2016-03-16T00:00:00Z,SVP
126966,2015-07-27T21:00:00Z,-27.67229,-43.52439,-0.0611,-0.2291,424.79166,2016-03-16T00:00:00Z,SVP
126966,2015-07-27T22:00:00Z,-27.68014,-43.52596,-0.0578,-0.2291,424.79166,2016-03-16T00:00:00Z,SVP
126966,2015-07-27T23:00:00Z,-27.6878,-43.52439,-0.0364,-0.229,424.79166,2016-03-16T00:00:00Z,SVP
126966,2015-07-28T00:00:00Z,-27.69511,-43.53094,-0.083,-0.2363,136.79167,2016-03-16T00:00:00Z,SVP
126966,2015-07-28T01:00:00Z,-27.70208,-43.53322,-0.0665,-0.1896,111.583336,2016-03-16T00:00:00Z,SVP
126966,2015-07-28T02:00:00Z,-27.7074,-43.53618,-0.0588,-0.1656,432.00003,2016-03-16T00:00:00Z,SVP
126966,2015-07-28T03:00:00Z,-27.71275,-43.53836,-0.059,-0.1654,432.00003,2016-03-16T00:00:00Z,SVP
126966,2015-07-28T04:00:00Z,-27.71853,-43.54012,-0.0738,-0.1577,259.20834,2016-03-16T00:00:00Z,SVP
126966,2015-07-28T05:00:00Z,-27.72346,-43.54299,-0.0738,-0.1579,259.20834,2016-03-16T00:00:00Z,SVP
126966,2015-07-28T06:00:00Z,-27.72853,-43.54583,-0.0829,-0.1579,104.41666,2016-03-16T00:00:00Z,SVP
126966,2015-07-28T07:00:00Z,-27.73365,-43.54887,-0.0846,-0.153,232.20833,2016-03-16T00:00:00Z,SVP
126966,2015-07-28T08:00:00Z,-27.73849,-43.55208,-0.0951,-0.1458,156.58334,2016-03-16T00:00:00Z,SVP
126966,2015-07-28T09:00:00Z,-27.7435,-43.55524,-0.1053,-0.1518,0.0,2016-03-16T00:00:00Z,SVP
126966,2015-07-28T10:00:00Z,-27.74715,-43.56177,-0.1555,-0.1234,252.0,2016-03-16T00:00:00Z,SVP
126966,2015-07-28T11:00:00Z,-27.75114,-43.56737,-0.1718,-0.1099,136.79167,2016-03-16T00:00:00Z,SVP
126966,2015-07-28T12:00:00Z,-27.75504,-43.57287,-0.0928,-0.1478,118.79167,2016-03-16T00:00:00Z,SVP
126966,2015-07-28T13:00:00Z,-27.75999,-43.57619,-0.1053,-0.1486,126.0,2016-03-16T00:00:00Z,SVP
126966,2015-07-28T14:00:00Z,-27.76448,-43.58329,-0.2075,-0.1304,486.00003,2016-03-16T00:00:00Z,SVP
126966,2015-07-28T15:00:00Z,-27.76872,-43.59125,-0.2062,-0.1302,486.00003,2016-03-16T00:00:00Z,SVP
126966,2015-07-28T16:00:00Z,-27.77312,-43.59907,-0.2048,-0.1298,486.00003,2016-03-16T00:00:00Z,SVP
126966,2015-07-28T17:00:00Z,-27.77703,-43.60655,-0.2162,-0.1169,241.20834,2016-03-16T00:00:00Z,SVP
126966,2015-07-28T18:00:00Z,-27.78047,-43.61383,-0.2163,-0.1169,241.20834,2016-03-16T00:00:00Z,SVP
126966,2015-07-28T19:00:00Z,-27.78442,-43.62281,-0.2309,-0.1139,309.5833,2016-03-16T00:00:00Z,SVP
126966,2015-07-28T20:00:00Z,-27.78817,-43.63133,-0.2318,-0.1142,309.5833,2016-03-16T00:00:00Z,SVP
126966,2015-07-28T21:00:00Z,-27.79296,-43.64038,-0.2133,-0.1602,180.0,2016-03-16T00:00:00Z,SVP
126966,2015-07-28T22:00:00Z,-27.79817,-43.65063,-0.189,-0.16,338.4167,2016-03-16T00:00:00Z,SVP
126966,2015-07-28T23:00:00Z,-27.8033,-43.6562,-0.1894,-0.16,338.4167,2016-03-16T00:00:00Z,SVP
126966,2015-07-29T00:00:00Z,-27.80847,-43.66236,-0.192,-0.16,338.4167,2016-03-16T00:00:00Z,SVP
126966,2015-07-29T01:00:00Z,-27.81272,-43.67066,-0.2261,-0.11,144.0,2016-03-16T00:00:00Z,SVP
126966,2015-07-29T02:00:00Z,-27.81671,-43.67778,-0.2539,-0.1179,320.41666,2016-03-16T00:00:00Z,SVP
126966,2015-07-29T03:00:00Z,-27.82017,-43.68785,-0.2507,-0.1182,320.41666,2016-03-16T00:00:00Z,SVP
126966,2015-07-29T04:00:00Z,-27.82362,-43.6976,-0.2623,-0.145,255.58333,2016-03-16T00:00:00Z,SVP
126966,2015-07-29T05:00:00Z,-27.82905,-43.70616,-0.2627,-0.1427,255.58333,2016-03-16T00:00:00Z,SVP
126966,2015-07-29T06:00:00Z,-27.83331,-43.71546,-0.2597,-0.1421,280.79166,2016-03-16T00:00:00Z,SVP
126966,2015-07-29T07:00:00Z,-27.83789,-43.72571,-0.2589,-0.1409,280.79166,2016-03-16T00:00:00Z,SVP
126966,2015-07-29T08:00:00Z,-27.84138,-43.734,-0.2126,-0.0748,72.0,2016-03-16T00:00:00Z,SVP
126966,2015-07-29T09:00:00Z,-27.84411,-43.74342,-0.2933,-0.0979,90.0,2016-03-16T00:00:00Z,SVP
126966,2015-07-29T10:00:00Z,-27.84685,-43.75366,-0.2751,-0.055,165.58333,2016-03-16T00:00:00Z,SVP
126966,2015-07-29T11:00:00Z,-27.84579,-43.76241,-0.24,0.0173,169.20834,2016-03-16T00:00:00Z,SVP
126966,2015-07-29T12:00:00Z,-27.84466,-43.77079,-0.277,-0.0103,147.58333,2016-03-16T00:00:00Z,SVP
126966,2015-07-29T13:00:00Z,-27.84533,-43.78041,-0.3071,0.0157,500.4167,2016-03-16T00:00:00Z,SVP
126966,2015-07-29T14:00:00Z,-27.84466,-43.79164,-0.3072,0.0172,500.4167,2016-03-16T00:00:00Z,SVP
126966,2015-07-29T15:00:00Z,-27.84442,-43.80283,-0.3073,0.0164,500.4167,2016-03-16T00:00:00Z,SVP
126966,2015-07-29T16:00:00Z,-27.8451,-43.81393,-0.3077,0.0121,500.4167,2016-03-16T00:00:00Z,SVP
126966,2015-07-29T17:00:00Z,-27.8432,-43.82537,-0.3093,0.0289,241.20834,2016-03-16T00:00:00Z,SVP
126966,2015-07-29T18:00:00Z,-27.84043,-43.83723,-0.3446,-0.0316,259.20834,2016-03-16T00:00:00Z,SVP
126966,2015-07-29T19:00:00Z,-27.84246,-43.84943,-0.3442,-0.025,259.20834,2016-03-16T00:00:00Z,SVP
126966,2015-07-29T20:00:00Z,-27.84324,-43.86123,-0.3409,-0.0362,244.79167,2016-03-16T00:00:00Z,SVP
126966,2015-07-29T21:00:00Z,-27.84423,-43.87648,-0.3591,-0.0356,244.79167,2016-03-16T00:00:00Z,SVP
126966,2015-07-29T22:00:00Z,-27.84543,-43.88664,-0.2593,-0.0298,363.58334,2016-03-16T00:00:00Z,SVP
126966,2015-07-29T23:00:00Z,-27.84637,-43.89558,-0.2621,-0.03,363.58334,2016-03-16T00:00:00Z,SVP
126966,2015-07-30T00:00:00Z,-27.84677,-43.90468,-0.2349,-0.0151,111.583336,2016-03-16T00:00:00Z,SVP
126966,2015-07-30T01:00:00Z,-27.84629,-43.91354,-0.2641,0.0502,140.41666,2016-03-16T00:00:00Z,SVP
126966,2015-07-30T02:00:00Z,-27.84456,-43.92308,-0.2711,0.0685,342.0,2016-03-16T00:00:00Z,SVP
126966,2015-07-30T03:00:00Z,-27.84255,-43.93349,-0.2703,0.0689,342.0,2016-03-16T00:00:00Z,SVP
126966,2015-07-30T04:00:00Z,-27.84055,-43.94329,-0.259,0.0622,252.0,2016-03-16T00:00:00Z,SVP
126966,2015-07-30T05:00:00Z,-27.83804,-43.95216,-0.2595,0.0624,252.0,2016-03-16T00:00:00Z,SVP
126966,2015-07-30T06:00:00Z,-27.83626,-43.96124,-0.2384,0.0573,248.41667,2016-03-16T00:00:00Z,SVP
126966,2015-07-30T07:00:00Z,-27.83464,-43.97054,-0.2375,0.1026,115.208336,2016-03-16T00:00:00Z,SVP
126966,2015-07-30T08:00:00Z,-27.83036,-43.97879,-0.2669,0.1422,136.79167,2016-03-16T00:00:00Z,SVP
126966,2015-07-30T09:00:00Z,-27.82599,-43.98901,-0.3398,0.0949,140.41666,2016-03-16T00:00:00Z,SVP
126966,2015-07-30T10:00:00Z,-27.82249,-43.99905,-0.2479,0.1127,198.00002,2016-03-16T00:00:00Z,SVP
126966,2015-07-30T11:00:00Z,-27.81899,-44.00934,-0.2332,0.1398,111.583336,2016-03-16T00:00:00Z,SVP
126966,2015-07-30T12:00:00Z,-27.81441,-44.01724,-0.3645,0.1299,140.41666,2016-03-16T00:00:00Z,SVP
126966,2015-07-30T13:00:00Z,-27.80995,-44.03108,-0.3837,0.1453,111.583336,2016-03-16T00:00:00Z,SVP
126966,2015-07-30T14:00:00Z,-27.80628,-44.04063,-0.2737,0.1258,414.0,2016-03-16T00:00:00Z,SVP
126966,2015-07-30T15:00:00Z,-27.80163,-44.05012,-0.2744,0.1275,414.0,2016-03-16T00:00:00Z,SVP
126966,2015-07-30T16:00:00Z,-27.79486,-44.05945,-0.2755,0.1419,414.0,2016-03-16T00:00:00Z,SVP
126966,2015-07-30T17:00:00Z,-27.79326,-44.07069,-0.2717,0.028,241.20834,2016-03-16T00:00:00Z,SVP
126966,2015-07-30T18:00:00Z,-27.79251,-44.08054,-0.2712,0.0036,241.20834,2016-03-16T00:00:00Z,SVP
126966,2015-07-30T19:00:00Z,-27.79246,-44.09043,-0.2696,0.004,241.20834,2016-03-16T00:00:00Z,SVP
126966,2015-07-30T20:00:00Z,-27.79109,-44.09857,-0.2325,0.0346,133.20833,2016-03-16T00:00:00Z,SVP
126966,2015-07-30T21:00:00Z,-27.78719,-44.10357,-0.1294,0.1349,496.7917,2016-03-16T00:00:00Z,SVP
126966,2015-07-30T22:00:00Z,-27.78322,-44.10846,-0.1289,0.1347,496.7917,2016-03-16T00:00:00Z,SVP
126966,2015-07-30T23:00:00Z,-27.7793,-44.11317,-0.129,0.1349,496.7917,2016-03-16T00:00:00Z,SVP
126966,2015-07-31T00:00:00Z,-27.77594,-44.11779,-0.13,0.1366,496.7917,2016-03-16T00:00:00Z,SVP
126966,2015-07-31T01:00:00Z,-27.76844,-44.1242,-0.247,0.2222,115.208336,2016-03-16T00:00:00Z,SVP
126966,2015-07-31T02:00:00Z,-27.76308,-44.13408,-0.2242,0.2023,252.0,2016-03-16T00:00:00Z,SVP
126966,2015-07-31T03:00:00Z,-27.75536,-44.14192,-0.2224,0.202,252.0,2016-03-16T00:00:00Z,SVP
126966,2015-07-31T04:00:00Z,-27.74906,-44.15083,-0.2222,0.1433,255.58333,2016-03-16T00:00:00Z,SVP
126966,2015-07-31T05:00:00Z,-27.74375,-44.15766,-0.2287,0.1181,255.58333,2016-03-16T00:00:00Z,SVP
126966,2015-07-31T06:00:00Z,-27.7409,-44.16672,-0.2502,0.0812,374.41666,2016-03-16T00:00:00Z,SVP
126966,2015-07-31T07:00:00Z,-27.73839,-44.17641,-0.2487,0.0815,374.41666,2016-03-16T00:00:00Z,SVP
126966,2015-07-31T08:00:00Z,-27.73644,-44.18472,-0.2383,0.0497,82.791664,2016-03-16T00:00:00Z,SVP
126966,2015-07-31T09:00:00Z,-27.73571,-44.19231,-0.1515,0.0451,129.58333,2016-03-16T00:00:00Z,SVP
126966,2015-07-31T10:00:00Z,-27.73333,-44.19626,-0.1316,0.0638,345.5833,2016-03-16T00:00:00Z,SVP
126966,2015-07-31T11:00:00Z,-27.7309,-44.20029,-0.1324,0.0638,345.5833,2016-03-16T00:00:00Z,SVP
126966,2015-07-31T12:00:00Z,-27.72856,-44.20699,-0.1513,0.0854,133.20833,2016-03-16T00:00:00Z,SVP
126966,2015-07-31T13:00:00Z,-27.7244,-44.21315,-0.0699,0.0767,694.7917,2016-03-16T00:00:00Z,SVP
126966,2015-07-31T14:00:00Z,-27.72256,-44.21475,-0.0648,0.0768,694.7917,2016-03-16T00:00:00Z,SVP
126966,2015-07-31T15:00:00Z,-27.72016,-44.21623,-0.0592,0.0767,694.7917,2016-03-16T00:00:00Z,SVP
126966,2015-07-31T16:00:00Z,-27.71758,-44.21732,-0.0539,0.0765,694.7917,2016-03-16T00:00:00Z,SVP
126966,2015-07-31T17:00:00Z,-27.71482,-44.21816,-0.0502,0.076,694.7917,2016-03-16T00:00:00Z,SVP
126966,2015-07-31T18:00:00Z,-27.71249,-44.22056,-0.1178,0.0563,360.0,2016-03-16T00:00:00Z,SVP
126966,2015-07-31T19:00:00Z,-27.7111,-44.22635,-0.1018,0.0562,360.0,2016-03-16T00:00:00Z,SVP
126966,2015-07-31T20:00:00Z,-27.70951,-44.23169,-0.0759,0.0562,360.0,2016-03-16T00:00:00Z,SVP
126966,2015-07-31T21:00:00Z,-27.70831,-44.23234,-0.0587,0.0669,162.0,2016-03-16T00:00:00Z,SVP
126966,2015-07-31T22:00:00Z,-27.70713,-44.23401,-0.0982,0.0994,446.4167,2016-03-16T00:00:00Z,SVP
126966,2015-07-31T23:00:00Z,-27.70324,-44.23794,-0.0983,0.0986,446.4167,2016-03-16T00:00:00Z,SVP
126966,2015-08-01T00:00:00Z,-27.69966,-44.24164,-0.0983,0.0977,446.4167,2016-03-16T00:00:00Z,SVP
126966,2015-08-01T01:00:00Z,-27.69667,-44.24536,-0.1119,0.1084,111.583336,2016-03-16T00:00:00Z,SVP
126966,2015-08-01T02:00:00Z,-27.6944,-44.24861,-0.0839,0.0689,539.99994,2016-03-16T00:00:00Z,SVP
126966,2015-08-01T03:00:00Z,-27.69176,-44.25182,-0.0839,0.0697,539.99994,2016-03-16T00:00:00Z,SVP
126966,2015-08-01T04:00:00Z,-27.68871,-44.2553,-0.0842,0.0718,539.99994,2016-03-16T00:00:00Z,SVP
126966,2015-08-01T05:00:00Z,-27.68302,-44.26072,-0.0403,0.0094,363.58334,2016-03-16T00:00:00Z,SVP
126966,2015-08-01T06:00:00Z,-27.68504,-44.26037,-0.0609,0.0471,363.58334,2016-03-16T00:00:00Z,SVP
126966,2015-08-01T07:00:00Z,-27.68407,-44.26236,-0.0623,0.0551,363.58334,2016-03-16T00:00:00Z,SVP
126966,2015-08-01T08:00:00Z,-27.68289,-44.2618,0.1102,-8.0E-4,111.583336,2016-03-16T00:00:00Z,SVP
126966,2015-08-01T09:00:00Z,-27.68406,-44.25934,-0.0481,-0.0465,0.0,2016-03-16T00:00:00Z,SVP
126966,2015-08-01T10:00:00Z,-27.68357,-44.25979,-0.005,0.0202,176.41667,2016-03-16T00:00:00Z,SVP
126966,2015-08-01T11:00:00Z,-27.67741,-44.25141,-0.0862,0.153,140.41666,2016-03-16T00:00:00Z,SVP
126966,2015-08-01T12:00:00Z,-27.67377,-44.25459,-0.1322,0.1833,115.208336,2016-03-16T00:00:00Z,SVP
126966,2015-08-01T13:00:00Z,-27.66777,-44.25909,-0.016,0.1975,712.7917,2016-03-16T00:00:00Z,SVP
126966,2015-08-01T14:00:00Z,-27.66146,-44.2592,-0.0152,0.1974,712.7917,2016-03-16T00:00:00Z,SVP
126966,2015-08-01T15:00:00Z,-27.6551,-44.25972,-0.0149,0.1974,712.7917,2016-03-16T00:00:00Z,SVP
126966,2015-08-01T16:00:00Z,-27.64871,-44.26048,-0.0148,0.1973,712.7917,2016-03-16T00:00:00Z,SVP
126966,2015-08-01T17:00:00Z,-27.64231,-44.26163,-0.015,0.1973,712.7917,2016-03-16T00:00:00Z,SVP
126966,2015-08-01T18:00:00Z,-27.63668,-44.26249,-0.0101,0.1846,334.7917,2016-03-16T00:00:00Z,SVP
126966,2015-08-01T19:00:00Z,-27.63085,-44.26215,-0.0085,0.1841,334.7917,2016-03-16T00:00:00Z,SVP
126966,2015-08-01T20:00:00Z,-27.62576,-44.26363,-0.0422,0.1449,75.583336,2016-03-16T00:00:00Z,SVP
126966,2015-08-01T21:00:00Z,-27.62074,-44.265,-0.0532,0.1515,180.0,2016-03-16T00:00:00Z,SVP
126966,2015-08-01T22:00:00Z,-27.61636,-44.26638,-0.0397,0.0549,233.99998,2016-03-16T00:00:00Z,SVP
126966,2015-08-01T23:00:00Z,-27.61471,-44.26756,-0.0391,0.0507,233.99998,2016-03-16T00:00:00Z,SVP
126966,2015-08-02T00:00:00Z,-27.61347,-44.27009,-0.0675,0.0311,126.0,2016-03-16T00:00:00Z,SVP
126966,2015-08-02T01:00:00Z,-27.611,-44.27223,-0.0198,0.0847,122.416664,2016-03-16T00:00:00Z,SVP
126966,2015-08-02T02:00:00Z,-27.60873,-44.27223,0.0,0.0829,558.0,2016-03-16T00:00:00Z,SVP
126966,2015-08-02T03:00:00Z,-27.60604,-44.27223,2.0E-4,0.0828,558.0,2016-03-16T00:00:00Z,SVP
126966,2015-08-02T04:00:00Z,-27.60322,-44.27237,3.0E-4,0.0826,558.0,2016-03-16T00:00:00Z,SVP
126966,2015-08-02T05:00:00Z,-27.60056,-44.2724,0.0154,0.065,381.5833,2016-03-16T00:00:00Z,SVP
126966,2015-08-02T06:00:00Z,-27.59893,-44.27134,0.0176,0.0627,381.5833,2016-03-16T00:00:00Z,SVP
126966,2015-08-02T07:00:00Z,-27.59691,-44.27063,0.0182,0.0621,381.5833,2016-03-16T00:00:00Z,SVP
126966,2015-08-02T08:00:00Z,-27.5966,-44.26495,0.0797,0.0435,111.583336,2016-03-16T00:00:00Z,SVP
126966,2015-08-02T09:00:00Z,-27.5899,-44.26359,0.08,0.1059,147.58333,2016-03-16T00:00:00Z,SVP
126966,2015-08-02T10:00:00Z,-27.58717,-44.26192,0.0489,0.1151,273.58334,2016-03-16T00:00:00Z,SVP
126966,2015-08-02T11:00:00Z,-27.58316,-44.25998,0.0495,0.1163,273.58334,2016-03-16T00:00:00Z,SVP
126966,2015-08-02T12:00:00Z,-27.57942,-44.25775,0.075,0.113,108.00001,2016-03-16T00:00:00Z,SVP
126966,2015-08-02T13:00:00Z,-27.57574,-44.25461,0.0938,0.1051,752.4166,2016-03-16T00:00:00Z,SVP
126966,2015-08-02T14:00:00Z,-27.57251,-44.25123,0.0938,0.105,752.4166,2016-03-16T00:00:00Z,SVP
126966,2015-08-02T15:00:00Z,-27.56925,-44.24799,0.0934,0.1049,752.4166,2016-03-16T00:00:00Z,SVP
126966,2015-08-02T16:00:00Z,-27.56604,-44.24493,0.0927,0.1049,752.4166,2016-03-16T00:00:00Z,SVP
126966,2015-08-02T17:00:00Z,-27.563,-44.24217,0.0918,0.1049,752.4166,2016-03-16T00:00:00Z,SVP
126966,2015-08-02T18:00:00Z,-27.55858,-44.23735,0.1212,0.1256,367.20834,2016-03-16T00:00:00Z,SVP
126966,2015-08-02T19:00:00Z,-27.55412,-44.23191,0.1185,0.1248,367.20834,2016-03-16T00:00:00Z,SVP
126966,2015-08-02T20:00:00Z,-27.55054,-44.22703,0.1328,0.1257,176.41667,2016-03-16T00:00:00Z,SVP
126966,2015-08-02T21:00:00Z,-27.54648,-44.22298,0.1067,0.1092,68.416664,2016-03-16T00:00:00Z,SVP
126966,2015-08-02T22:00:00Z,-27.54318,-44.21899,0.0961,0.1246,403.2083,2016-03-16T00:00:00Z,SVP
126966,2015-08-02T23:00:00Z,-27.5389,-44.21565,0.0955,0.1248,403.2083,2016-03-16T00:00:00Z,SVP
126966,2015-08-03T00:00:00Z,-27.53474,-44.21208,0.0776,0.1447,0.0,2016-03-16T00:00:00Z,SVP
126966,2015-08-03T01:00:00Z,-27.53194,-44.20932,0.113,0.1128,129.58333,2016-03-16T00:00:00Z,SVP
126966,2015-08-03T02:00:00Z,-27.52906,-44.20587,0.1291,0.1536,428.41666,2016-03-16T00:00:00Z,SVP
126966,2015-08-03T03:00:00Z,-27.52388,-44.20092,0.1289,0.1534,428.41666,2016-03-16T00:00:00Z,SVP
126966,2015-08-03T04:00:00Z,-27.51886,-44.19584,0.1282,0.1534,428.41666,2016-03-16T00:00:00Z,SVP
126966,2015-08-03T05:00:00Z,-27.51469,-44.19102,0.1307,0.1407,262.79166,2016-03-16T00:00:00Z,SVP
126966,2015-08-03T06:00:00Z,-27.51005,-44.18706,0.1288,0.1397,262.79166,2016-03-16T00:00:00Z,SVP
126966,2015-08-03T07:00:00Z,-27.50764,-44.18085,0.1697,0.0706,248.41667,2016-03-16T00:00:00Z,SVP
126966,2015-08-03T08:00:00Z,-27.50478,-44.17477,0.1659,0.0712,248.41667,2016-03-16T00:00:00Z,SVP
126966,2015-08-03T09:00:00Z,-27.50316,-44.16957,0.1573,0.0568,93.583336,2016-03-16T00:00:00Z,SVP
126966,2015-08-03T10:00:00Z,-27.50095,-44.16093,0.2306,0.0593,295.20834,2016-03-16T00:00:00Z,SVP
126966,2015-08-03T11:00:00Z,-27.4993,-44.15212,0.2278,0.0597,295.20834,2016-03-16T00:00:00Z,SVP
126966,2015-08-03T12:00:00Z,-27.49452,-44.14435,0.2404,0.1158,133.20833,2016-03-16T00:00:00Z,SVP
126966,2015-08-03T13:00:00Z,-27.49088,-44.13667,0.2551,0.1313,619.2083,2016-03-16T00:00:00Z,SVP
126966,2015-08-03T14:00:00Z,-27.48651,-44.12726,0.256,0.1314,619.2083,2016-03-16T00:00:00Z,SVP
126966,2015-08-03T15:00:00Z,-27.4823,-44.11809,0.2556,0.1316,619.2083,2016-03-16T00:00:00Z,SVP
126966,2015-08-03T16:00:00Z,-27.47819,-44.10916,0.2548,0.1318,619.2083,2016-03-16T00:00:00Z,SVP
126966,2015-08-03T17:00:00Z,-27.47434,-44.10065,0.2539,0.1324,619.2083,2016-03-16T00:00:00Z,SVP
126966,2015-08-03T18:00:00Z,-27.46863,-44.08636,0.3559,0.149,255.58333,2016-03-16T00:00:00Z,SVP
126966,2015-08-03T19:00:00Z,-27.4617,-44.07437,0.3077,0.2309,97.20833,2016-03-16T00:00:00Z,SVP
126966,2015-08-03T20:00:00Z,-27.45256,-44.06773,0.1413,0.2876,144.0,2016-03-16T00:00:00Z,SVP
126966,2015-08-03T21:00:00Z,-27.44585,-44.0637,0.0303,0.2216,0.0,2016-03-16T00:00:00Z,SVP
126966,2015-08-03T22:00:00Z,-27.43673,-44.06276,0.34,0.0983,252.0,2016-03-16T00:00:00Z,SVP
126966,2015-08-03T23:00:00Z,-27.43525,-44.04962,0.335,0.1226,252.0,2016-03-16T00:00:00Z,SVP
126966,2015-08-04T00:00:00Z,-27.43086,-44.03734,0.3645,0.1209,108.00001,2016-03-16T00:00:00Z,SVP
126966,2015-08-04T01:00:00Z,-27.42575,-44.0259,0.2494,0.1637,126.0,2016-03-16T00:00:00Z,SVP
126966,2015-08-04T02:00:00Z,-27.4207,-44.01703,0.2263,0.1515,457.20834,2016-03-16T00:00:00Z,SVP
126966,2015-08-04T03:00:00Z,-27.41589,-44.00878,0.2262,0.1514,457.20834,2016-03-16T00:00:00Z,SVP
126966,2015-08-04T04:00:00Z,-27.41099,-44.00042,0.226,0.1513,457.20834,2016-03-16T00:00:00Z,SVP
126966,2015-08-04T05:00:00Z,-27.4058,-43.99245,0.2173,0.152,259.20834,2016-03-16T00:00:00Z,SVP
126966,2015-08-04T06:00:00Z,-27.40105,-43.9847,0.2143,0.1637,0.0,2016-03-16T00:00:00Z,SVP
126966,2015-08-04T07:00:00Z,-27.39582,-43.97726,0.189,0.1196,262.79166,2016-03-16T00:00:00Z,SVP
126966,2015-08-04T08:00:00Z,-27.39147,-43.97065,0.1891,0.1209,262.79166,2016-03-16T00:00:00Z,SVP
126966,2015-08-04T09:00:00Z,-27.38902,-43.96309,0.2078,0.0666,277.20834,2016-03-16T00:00:00Z,SVP
126966,2015-08-04T10:00:00Z,-27.38852,-43.95545,0.209,0.0637,277.20834,2016-03-16T00:00:00Z,SVP
126966,2015-08-04T11:00:00Z,-27.38566,-43.94589,0.2572,0.055,198.00002,2016-03-16T00:00:00Z,SVP
126966,2015-08-04T12:00:00Z,-27.38375,-43.93646,0.2789,0.0618,136.79167,2016-03-16T00:00:00Z,SVP
126966,2015-08-04T13:00:00Z,-27.38196,-43.92697,0.2635,0.0542,111.583336,2016-03-16T00:00:00Z,SVP
126966,2015-08-04T14:00:00Z,-27.38025,-43.91681,0.2837,0.0642,550.7917,2016-03-16T00:00:00Z,SVP
126966,2015-08-04T15:00:00Z,-27.37825,-43.90639,0.2839,0.0644,550.7917,2016-03-16T00:00:00Z,SVP
126966,2015-08-04T16:00:00Z,-27.37625,-43.89638,0.2855,0.0646,550.7917,2016-03-16T00:00:00Z,SVP
126966,2015-08-04T17:00:00Z,-27.37434,-43.88696,0.3355,0.0651,226.79166,2016-03-16T00:00:00Z,SVP
126966,2015-08-04T18:00:00Z,-27.37193,-43.87411,0.3357,0.0653,226.79166,2016-03-16T00:00:00Z,SVP
126966,2015-08-04T19:00:00Z,-27.37043,-43.8613,0.3548,0.0499,118.79167,2016-03-16T00:00:00Z,SVP
126966,2015-08-04T20:00:00Z,-27.36965,-43.85047,0.1785,0.013,153.0,2016-03-16T00:00:00Z,SVP
126966,2015-08-04T21:00:00Z,-27.3695,-43.84421,0.2699,-0.0045,102.583336,2016-03-16T00:00:00Z,SVP
126966,2015-08-04T22:00:00Z,-27.36936,-43.83333,0.3328,-0.0101,385.20834,2016-03-16T00:00:00Z,SVP
126966,2015-08-04T23:00:00Z,-27.36993,-43.82104,0.3327,-0.0102,385.20834,2016-03-16T00:00:00Z,SVP
126966,2015-08-05T00:00:00Z,-27.37076,-43.80827,0.3327,-0.0096,385.20834,2016-03-16T00:00:00Z,SVP
126966,2015-08-05T01:00:00Z,-27.3707,-43.79873,0.2515,-0.0276,118.79167,2016-03-16T00:00:00Z,SVP
126966,2015-08-05T02:00:00Z,-27.37519,-43.79518,0.3439,0.0365,356.41666,2016-03-16T00:00:00Z,SVP
126966,2015-08-05T03:00:00Z,-27.37304,-43.78033,0.314,0.0262,356.41666,2016-03-16T00:00:00Z,SVP
126966,2015-08-05T04:00:00Z,-27.37243,-43.76898,0.3194,0.034,356.41666,2016-03-16T00:00:00Z,SVP
126966,2015-08-05T05:00:00Z,-27.37177,-43.75788,0.3341,0.0391,262.79166,2016-03-16T00:00:00Z,SVP
126966,2015-08-05T06:00:00Z,-27.37115,-43.74667,0.2689,-0.0906,108.00001,2016-03-16T00:00:00Z,SVP
126966,2015-08-05T07:00:00Z,-27.37475,-43.73694,0.2829,-0.117,183.58333,2016-03-16T00:00:00Z,SVP
126966,2015-08-05T08:00:00Z,-27.37834,-43.72641,0.2904,-0.0991,50.416664,2016-03-16T00:00:00Z,SVP
126966,2015-08-05T09:00:00Z,-27.38165,-43.71615,0.2874,-0.1039,248.41667,2016-03-16T00:00:00Z,SVP
126966,2015-08-05T10:00:00Z,-27.38522,-43.70623,0.3465,-0.1086,212.41667,2016-03-16T00:00:00Z,SVP
126966,2015-08-05T11:00:00Z,-27.3884,-43.69158,0.3383,-0.1072,212.41667,2016-03-16T00:00:00Z,SVP
126966,2015-08-05T12:00:00Z,-27.39319,-43.68192,0.3076,-0.1323,140.41666,2016-03-16T00:00:00Z,SVP
126966,2015-08-05T13:00:00Z,-27.39774,-43.67271,0.3742,-0.1385,561.5833,2016-03-16T00:00:00Z,SVP
126966,2015-08-05T14:00:00Z,-27.40219,-43.65857,0.3725,-0.1386,561.5833,2016-03-16T00:00:00Z,SVP
126966,2015-08-05T15:00:00Z,-27.40659,-43.64488,0.3721,-0.1389,561.5833,2016-03-16T00:00:00Z,SVP
126966,2015-08-05T16:00:00Z,-27.41092,-43.63133,0.3723,-0.1395,561.5833,2016-03-16T00:00:00Z,SVP
126966,2015-08-05T17:00:00Z,-27.41581,-43.61793,0.3769,-0.1642,233.99998,2016-03-16T00:00:00Z,SVP
126966,2015-08-05T18:00:00Z,-27.42172,-43.60407,0.3769,-0.17,233.99998,2016-03-16T00:00:00Z,SVP
126966,2015-08-05T19:00:00Z,-27.4285,-43.59229,0.3405,-0.1894,134.99998,2016-03-16T00:00:00Z,SVP
126966,2015-08-05T20:00:00Z,-27.43164,-43.57991,0.327,-0.0921,153.0,2016-03-16T00:00:00Z,SVP
126966,2015-08-05T21:00:00Z,-27.43459,-43.56755,0.3502,-0.1202,172.79166,2016-03-16T00:00:00Z,SVP
126966,2015-08-05T22:00:00Z,-27.4389,-43.55553,0.3457,-0.1439,284.41666,2016-03-16T00:00:00Z,SVP
126966,2015-08-05T23:00:00Z,-27.44319,-43.54211,0.3515,-0.1417,284.41666,2016-03-16T00:00:00Z,SVP
126966,2015-08-06T00:00:00Z,-27.44895,-43.53051,0.1596,-0.2499,129.58333,2016-03-16T00:00:00Z,SVP
126966,2015-08-06T01:00:00Z,-27.45825,-43.52488,0.1823,-0.2729,111.583336,2016-03-16T00:00:00Z,SVP
126966,2015-08-06T02:00:00Z,-27.46765,-43.51888,0.2653,-0.235,381.5833,2016-03-16T00:00:00Z,SVP
126966,2015-08-06T03:00:00Z,-27.47457,-43.50953,0.2683,-0.2399,381.5833,2016-03-16T00:00:00Z,SVP
126966,2015-08-06T04:00:00Z,-27.48172,-43.50041,0.3022,-0.2242,262.79166,2016-03-16T00:00:00Z,SVP
126966,2015-08-06T05:00:00Z,-27.49012,-43.48857,0.3039,-0.2308,262.79166,2016-03-16T00:00:00Z,SVP
126966,2015-08-06T06:00:00Z,-27.4988,-43.4773,0.3143,-0.2714,104.41666,2016-03-16T00:00:00Z,SVP
126966,2015-08-06T07:00:00Z,-27.50919,-43.46585,0.3129,-0.3321,151.20834,2016-03-16T00:00:00Z,SVP
126966,2015-08-06T08:00:00Z,-27.52011,-43.45418,0.2948,-0.3869,100.79167,2016-03-16T00:00:00Z,SVP
126966,2015-08-06T09:00:00Z,-27.53203,-43.44538,0.2503,-0.3604,151.20834,2016-03-16T00:00:00Z,SVP
126966,2015-08-06T10:00:00Z,-27.54321,-43.43598,0.2449,-0.3512,284.41666,2016-03-16T00:00:00Z,SVP
126966,2015-08-06T11:00:00Z,-27.55458,-43.42683,0.2895,-0.3196,126.0,2016-03-16T00:00:00Z,SVP
126966,2015-08-06T12:00:00Z,-27.56458,-43.41592,0.2901,-0.3208,122.416664,2016-03-16T00:00:00Z,SVP
126966,2015-08-06T13:00:00Z,-27.57468,-43.40429,0.2693,-0.3459,586.7916,2016-03-16T00:00:00Z,SVP
126966,2015-08-06T14:00:00Z,-27.58594,-43.39477,0.2702,-0.3461,586.7916,2016-03-16T00:00:00Z,SVP
126966,2015-08-06T15:00:00Z,-27.597,-43.38499,0.2704,-0.3464,586.7916,2016-03-16T00:00:00Z,SVP
126966,2015-08-06T16:00:00Z,-27.60781,-43.37511,0.2703,-0.3472,586.7916,2016-03-16T00:00:00Z,SVP
126966,2015-08-06T17:00:00Z,-27.61911,-43.36497,0.2699,-0.3563,233.99998,2016-03-16T00:00:00Z,SVP
126966,2015-08-06T18:00:00Z,-27.63201,-43.35532,0.2706,-0.3581,233.99998,2016-03-16T00:00:00Z,SVP
126966,2015-08-06T19:00:00Z,-27.64132,-43.34478,0.2824,-0.3207,262.79166,2016-03-16T00:00:00Z,SVP
126966,2015-08-06T20:00:00Z,-27.65151,-43.33424,0.2828,-0.3006,86.41667,2016-03-16T00:00:00Z,SVP
126966,2015-08-06T21:00:00Z,-27.66195,-43.32663,0.1817,-0.3183,158.41667,2016-03-16T00:00:00Z,SVP
126966,2015-08-06T22:00:00Z,-27.67271,-43.31876,0.1648,-0.296,410.4167,2016-03-16T00:00:00Z,SVP
126966,2015-08-06T23:00:00Z,-27.68203,-43.31365,0.1722,-0.2974,410.4167,2016-03-16T00:00:00Z,SVP
126966,2015-08-07T00:00:00Z,-27.69167,-43.30787,0.179,-0.2968,410.4167,2016-03-16T00:00:00Z,SVP
126966,2015-08-07T01:00:00Z,-27.70189,-43.30254,0.129,-0.3106,259.20834,2016-03-16T00:00:00Z,SVP
126966,2015-08-07T02:00:00Z,-27.71164,-43.29547,0.0902,-0.3484,280.79166,2016-03-16T00:00:00Z,SVP
126966,2015-08-07T03:00:00Z,-27.72388,-43.29477,0.0976,-0.3516,280.79166,2016-03-16T00:00:00Z,SVP
126966,2015-08-07T04:00:00Z,-27.73552,-43.29154,0.019,-0.409,255.58333,2016-03-16T00:00:00Z,SVP
126966,2015-08-07T05:00:00Z,-27.74888,-43.29042,0.0206,-0.41,255.58333,2016-03-16T00:00:00Z,SVP
126966,2015-08-07T06:00:00Z,-27.76249,-43.29009,0.0113,-0.4244,223.20834,2016-03-16T00:00:00Z,SVP
126966,2015-08-07T07:00:00Z,-27.77657,-43.28981,0.0046,-0.4599,140.41666,2016-03-16T00:00:00Z,SVP
126966,2015-08-07T08:00:00Z,-27.79129,-43.28974,0.0134,-0.5588,122.416664,2016-03-16T00:00:00Z,SVP
126966,2015-08-07T09:00:00Z,-27.80805,-43.28883,0.0317,-0.513,244.79167,2016-03-16T00:00:00Z,SVP
126966,2015-08-07T10:00:00Z,-27.82753,-43.28813,0.035,-0.5524,244.79167,2016-03-16T00:00:00Z,SVP
126966,2015-08-07T11:00:00Z,-27.84119,-43.28716,0.02,-0.3331,162.0,2016-03-16T00:00:00Z,SVP
126966,2015-08-07T12:00:00Z,-27.85237,-43.28726,0.0139,-0.3512,111.583336,2016-03-16T00:00:00Z,SVP
126966,2015-08-07T13:00:00Z,-27.866,-43.27938,0.1406,-0.4269,147.58333,2016-03-16T00:00:00Z,SVP
126966,2015-08-07T14:00:00Z,-27.87925,-43.27522,0.1665,-0.4216,467.99997,2016-03-16T00:00:00Z,SVP
126966,2015-08-07T15:00:00Z,-27.89293,-43.26965,0.1685,-0.4214,467.99997,2016-03-16T00:00:00Z,SVP
126966,2015-08-07T16:00:00Z,-27.90691,-43.26373,0.1697,-0.421,467.99997,2016-03-16T00:00:00Z,SVP
126966,2015-08-07T17:00:00Z,-27.91977,-43.25701,0.1586,-0.3944,241.20834,2016-03-16T00:00:00Z,SVP
126966,2015-08-07T18:00:00Z,-27.93157,-43.25147,0.1551,-0.164,298.7917,2016-03-16T00:00:00Z,SVP
126966,2015-08-07T19:00:00Z,-27.93602,-43.24574,0.1547,-0.1637,298.7917,2016-03-16T00:00:00Z,SVP
126966,2015-08-07T20:00:00Z,-27.94107,-43.24235,0.0439,-0.1541,68.416664,2016-03-16T00:00:00Z,SVP
126966,2015-08-07T21:00:00Z,-27.94706,-43.24384,-0.1387,-0.2172,0.0,2016-03-16T00:00:00Z,SVP
126966,2015-08-07T22:00:00Z,-27.95454,-43.24969,-0.1624,-0.2397,363.58334,2016-03-16T00:00:00Z,SVP
126966,2015-08-07T23:00:00Z,-27.95912,-43.2518,-0.1071,-0.1861,363.58334,2016-03-16T00:00:00Z,SVP
126966,2015-08-08T00:00:00Z,-27.96427,-43.25458,-0.2581,-0.3278,547.2084,2016-03-16T00:00:00Z,SVP
126966,2015-08-08T01:00:00Z,-27.97576,-43.2647,-0.2579,-0.3233,547.2084,2016-03-16T00:00:00Z,SVP
126966,2015-08-08T02:00:00Z,-27.98676,-43.27419,-0.2588,-0.3194,547.2084,2016-03-16T00:00:00Z,SVP
126966,2015-08-08T03:00:00Z,-27.99731,-43.28298,-0.2616,-0.3171,547.2084,2016-03-16T00:00:00Z,SVP
126966,2015-08-08T04:00:00Z,-28.00772,-43.29253,-0.2805,-0.3447,252.0,2016-03-16T00:00:00Z,SVP
126966,2015-08-08T05:00:00Z,-28.0186,-43.30498,-0.2858,-0.3444,252.0,2016-03-16T00:00:00Z,SVP
126966,2015-08-08T06:00:00Z,-28.03535,-43.31042,-0.0963,-0.5598,342.0,2016-03-16T00:00:00Z,SVP
126966,2015-08-08T07:00:00Z,-28.05408,-43.31333,-0.097,-0.5573,342.0,2016-03-16T00:00:00Z,SVP
126966,2015-08-08T08:00:00Z,-28.07157,-43.318,-0.1279,-0.5474,97.20833,2016-03-16T00:00:00Z,SVP
126966,2015-08-08T09:00:00Z,-28.08818,-43.32386,-0.184,-0.4661,248.41667,2016-03-16T00:00:00Z,SVP
126966,2015-08-08T10:00:00Z,-28.10344,-43.33053,-0.0529,-0.4077,306.0,2016-03-16T00:00:00Z,SVP
126966,2015-08-08T11:00:00Z,-28.11579,-43.3315,-0.0452,-0.405,306.0,2016-03-16T00:00:00Z,SVP
126966,2015-08-08T12:00:00Z,-28.12827,-43.33284,0.0222,-0.366,136.79167,2016-03-16T00:00:00Z,SVP
126966,2015-08-08T13:00:00Z,-28.14013,-43.33184,0.0485,-0.2608,738.0,2016-03-16T00:00:00Z,SVP
126966,2015-08-08T14:00:00Z,-28.14805,-43.33015,0.0479,-0.2616,738.0,2016-03-16T00:00:00Z,SVP
126966,2015-08-08T15:00:00Z,-28.15627,-43.32832,0.0481,-0.262,738.0,2016-03-16T00:00:00Z,SVP
126966,2015-08-08T16:00:00Z,-28.16456,-43.32636,0.0485,-0.2625,738.0,2016-03-16T00:00:00Z,SVP
126966,2015-08-08T17:00:00Z,-28.1728,-43.3242,0.0492,-0.2633,738.0,2016-03-16T00:00:00Z,SVP
126966,2015-08-08T18:00:00Z,-28.18079,-43.32479,-0.2688,-0.2485,244.79167,2016-03-16T00:00:00Z,SVP
126966,2015-08-08T19:00:00Z,-28.18988,-43.33985,-0.0434,-0.2536,244.79167,2016-03-16T00:00:00Z,SVP
126966,2015-08-08T20:00:00Z,-28.18778,-43.33756,0.1799,0.2556,115.208336,2016-03-16T00:00:00Z,SVP
126966,2015-08-08T21:00:00Z,-28.18653,-43.33638,-0.3478,-0.1495,61.208332,2016-03-16T00:00:00Z,SVP
126966,2015-08-08T22:00:00Z,-28.19115,-43.34849,-0.3511,-0.1538,388.79166,2016-03-16T00:00:00Z,SVP
126966,2015-08-08T23:00:00Z,-28.19617,-43.36142,-0.3503,-0.1535,388.79166,2016-03-16T00:00:00Z,SVP
126966,2015-08-09T00:00:00Z,-28.20136,-43.37463,-0.3529,-0.1587,93.583336,2016-03-16T00:00:00Z,SVP
126966,2015-08-09T01:00:00Z,-28.20806,-43.38966,-0.4275,-0.2272,140.41666,2016-03-16T00:00:00Z,SVP
126966,2015-08-09T02:00:00Z,-28.21935,-43.40599,-0.272,-0.3169,475.2083,2016-03-16T00:00:00Z,SVP
126966,2015-08-09T03:00:00Z,-28.22814,-43.41318,-0.2854,-0.3131,475.2083,2016-03-16T00:00:00Z,SVP
126966,2015-08-09T04:00:00Z,-28.23737,-43.42352,-0.2855,-0.3101,475.2083,2016-03-16T00:00:00Z,SVP
126966,2015-08-09T05:00:00Z,-28.24608,-43.43421,-0.2843,-0.3062,475.2083,2016-03-16T00:00:00Z,SVP
126966,2015-08-09T06:00:00Z,-28.25807,-43.44556,-0.2757,-0.3598,338.4167,2016-03-16T00:00:00Z,SVP
126966,2015-08-09T07:00:00Z,-28.27038,-43.45571,-0.2774,-0.3489,338.4167,2016-03-16T00:00:00Z,SVP
126966,2015-08-09T08:00:00Z,-28.28168,-43.46663,-0.0672,-0.3281,226.79166,2016-03-16T00:00:00Z,SVP
126966,2015-08-09T09:00:00Z,-28.29355,-43.46985,-0.0602,-0.3309,226.79166,2016-03-16T00:00:00Z,SVP
126966,2015-08-09T10:00:00Z,-28.30368,-43.47175,-0.0045,-0.2816,334.7917,2016-03-16T00:00:00Z,SVP
126966,2015-08-09T11:00:00Z,-28.31249,-43.47186,-0.0034,-0.2845,334.7917,2016-03-16T00:00:00Z,SVP
126966,2015-08-09T12:00:00Z,-28.32095,-43.47188,0.0351,-0.2023,133.20833,2016-03-16T00:00:00Z,SVP
126966,2015-08-09T13:00:00Z,-28.3256,-43.4743,-0.0858,-0.1341,108.00001,2016-03-16T00:00:00Z,SVP
126966,2015-08-09T14:00:00Z,-28.32946,-43.47912,-0.1499,-0.1116,658.7917,2016-03-16T00:00:00Z,SVP
126966,2015-08-09T15:00:00Z,-28.33336,-43.48418,-0.1482,-0.1124,658.7917,2016-03-16T00:00:00Z,SVP
126966,2015-08-09T16:00:00Z,-28.33736,-43.48883,-0.1449,-0.1133,658.7917,2016-03-16T00:00:00Z,SVP
126966,2015-08-09T17:00:00Z,-28.34185,-43.49048,-0.1253,-0.1156,658.7917,2016-03-16T00:00:00Z,SVP
126966,2015-08-09T18:00:00Z,-28.34566,-43.4947,-0.1868,-0.08,360.0,2016-03-16T00:00:00Z,SVP
126966,2015-08-09T19:00:00Z,-28.34722,-43.50446,-0.1529,-0.0924,360.0,2016-03-16T00:00:00Z,SVP
126966,2015-08-09T20:00:00Z,-28.34969,-43.51241,-0.1183,-0.0273,75.583336,2016-03-16T00:00:00Z,SVP
126966,2015-08-09T21:00:00Z,-28.35213,-43.51719,-0.3232,-0.0935,172.79166,2016-03-16T00:00:00Z,SVP
126966,2015-08-09T22:00:00Z,-28.35235,-43.52568,-0.3027,-0.1746,349.20834,2016-03-16T00:00:00Z,SVP
126966,2015-08-09T23:00:00Z,-28.35987,-43.54131,-0.3487,-0.1466,349.20834,2016-03-16T00:00:00Z,SVP
126966,2015-08-10T00:00:00Z,-28.36463,-43.55617,-0.1927,-0.2405,136.79167,2016-03-16T00:00:00Z,SVP
126966,2015-08-10T01:00:00Z,-28.3718,-43.55815,-0.2588,-0.2576,115.208336,2016-03-16T00:00:00Z,SVP
126966,2015-08-10T02:00:00Z,-28.38245,-43.57077,-0.3067,-0.2388,493.20834,2016-03-16T00:00:00Z,SVP
126966,2015-08-10T03:00:00Z,-28.38894,-43.58058,-0.3077,-0.2435,493.20834,2016-03-16T00:00:00Z,SVP
126966,2015-08-10T04:00:00Z,-28.39639,-43.5907,-0.3071,-0.2451,493.20834,2016-03-16T00:00:00Z,SVP
126966,2015-08-10T05:00:00Z,-28.4043,-43.59834,-0.2406,-0.2533,363.58334,2016-03-16T00:00:00Z,SVP
126966,2015-08-10T06:00:00Z,-28.41321,-43.61334,-0.2877,-0.2496,363.58334,2016-03-16T00:00:00Z,SVP
126966,2015-08-10T07:00:00Z,-28.42119,-43.62676,-0.2879,-0.252,363.58334,2016-03-16T00:00:00Z,SVP
126966,2015-08-10T08:00:00Z,-28.42985,-43.63215,-0.0778,-0.2797,241.20834,2016-03-16T00:00:00Z,SVP
126966,2015-08-10T09:00:00Z,-28.43912,-43.63314,-0.1029,-0.252,223.20834,2016-03-16T00:00:00Z,SVP
126966,2015-08-10T10:00:00Z,-28.4464,-43.64113,-0.1281,-0.2426,223.20834,2016-03-16T00:00:00Z,SVP
126966,2015-08-10T11:00:00Z,-28.45204,-43.64734,-0.2006,-0.1685,118.79167,2016-03-16T00:00:00Z,SVP
126966,2015-08-10T12:00:00Z,-28.4575,-43.6547,-0.1108,-0.165,129.58333,2016-03-16T00:00:00Z,SVP
126966,2015-08-10T13:00:00Z,-28.46388,-43.656,-0.0684,-0.1886,669.5834,2016-03-16T00:00:00Z,SVP
126966,2015-08-10T14:00:00Z,-28.47002,-43.65954,-0.0677,-0.1884,669.5834,2016-03-16T00:00:00Z,SVP
126966,2015-08-10T15:00:00Z,-28.47816,-43.66308,-0.0675,-0.2131,669.5834,2016-03-16T00:00:00Z,SVP
126966,2015-08-10T16:00:00Z,-28.4859,-43.66946,-0.0855,-0.2183,669.5834,2016-03-16T00:00:00Z,SVP
126966,2015-08-10T17:00:00Z,-28.49393,-43.6745,-0.081,-0.2217,669.5834,2016-03-16T00:00:00Z,SVP
126966,2015-08-10T18:00:00Z,-28.49822,-43.67541,-5.0E-4,-0.0466,356.41666,2016-03-16T00:00:00Z,SVP
126966,2015-08-10T19:00:00Z,-28.49984,-43.67157,-0.0603,-0.0446,356.41666,2016-03-16T00:00:00Z,SVP
126966,2015-08-10T20:00:00Z,-28.5012,-43.67333,-0.0476,-0.017,264.5833,2016-03-16T00:00:00Z,SVP
126966,2015-08-10T21:00:00Z,-28.50121,-43.67667,-0.041,-0.0162,264.5833,2016-03-16T00:00:00Z,SVP
126966,2015-08-10T22:00:00Z,-28.50152,-43.67985,-0.0906,-0.0048,318.58334,2016-03-16T00:00:00Z,SVP
126966,2015-08-10T23:00:00Z,-28.50189,-43.68125,-0.0753,-0.0053,318.58334,2016-03-16T00:00:00Z,SVP
126966,2015-08-11T00:00:00Z,-28.50241,-43.68566,-0.3618,-0.0196,122.416664,2016-03-16T00:00:00Z,SVP
126966,2015-08-11T01:00:00Z,-28.50369,-43.69916,-0.3533,-0.0483,115.208336,2016-03-16T00:00:00Z,SVP
126966,2015-08-11T02:00:00Z,-28.50652,-43.70828,-0.2418,-0.0959,525.5833,2016-03-16T00:00:00Z,SVP
126966,2015-08-11T03:00:00Z,-28.50925,-43.71699,-0.2419,-0.0949,525.5833,2016-03-16T00:00:00Z,SVP
126966,2015-08-11T04:00:00Z,-28.51111,-43.72593,-0.2417,-0.0899,525.5833,2016-03-16T00:00:00Z,SVP
126966,2015-08-11T05:00:00Z,-28.51185,-43.73506,-0.2262,-0.1818,338.4167,2016-03-16T00:00:00Z,SVP
126966,2015-08-11T06:00:00Z,-28.51859,-43.74337,-0.226,-0.1667,338.4167,2016-03-16T00:00:00Z,SVP
126966,2015-08-11T07:00:00Z,-28.52366,-43.75193,-0.2084,-0.188,201.58334,2016-03-16T00:00:00Z,SVP
126966,2015-08-11T08:00:00Z,-28.52992,-43.75919,-0.2066,-0.1879,201.58334,2016-03-16T00:00:00Z,SVP
126966,2015-08-11T09:00:00Z,-28.53539,-43.76729,-0.1895,-0.1964,198.00002,2016-03-16T00:00:00Z,SVP
126966,2015-08-11T10:00:00Z,-28.54201,-43.77683,-0.1368,-0.1932,262.79166,2016-03-16T00:00:00Z,SVP
126966,2015-08-11T11:00:00Z,-28.54783,-43.78067,-0.1474,-0.1944,262.79166,2016-03-16T00:00:00Z,SVP
126966,2015-08-11T12:00:00Z,-28.55406,-43.78574,-0.1018,-0.1825,111.583336,2016-03-16T00:00:00Z,SVP
126966,2015-08-11T13:00:00Z,-28.55963,-43.78953,-0.081,-0.1733,709.2083,2016-03-16T00:00:00Z,SVP
126966,2015-08-11T14:00:00Z,-28.56538,-43.79224,-0.0793,-0.1747,709.2083,2016-03-16T00:00:00Z,SVP
126966,2015-08-11T15:00:00Z,-28.57125,-43.79514,-0.079,-0.1761,709.2083,2016-03-16T00:00:00Z,SVP
126966,2015-08-11T16:00:00Z,-28.5773,-43.79822,-0.0796,-0.178,709.2083,2016-03-16T00:00:00Z,SVP
126966,2015-08-11T17:00:00Z,-28.58372,-43.80168,-0.0811,-0.1807,709.2083,2016-03-16T00:00:00Z,SVP
126966,2015-08-11T18:00:00Z,-28.58882,-43.80042,-0.034,-0.1753,252.0,2016-03-16T00:00:00Z,SVP
126966,2015-08-11T19:00:00Z,-28.58703,-43.79749,0.1059,-0.1105,75.583336,2016-03-16T00:00:00Z,SVP
126966,2015-08-11T20:00:00Z,-28.59649,-43.79385,0.0614,0.0717,244.79167,2016-03-16T00:00:00Z,SVP
126966,2015-08-11T21:00:00Z,-28.59531,-43.78936,0.0739,0.0848,244.79167,2016-03-16T00:00:00Z,SVP
126966,2015-08-11T22:00:00Z,-28.59245,-43.79311,-0.0571,0.0847,338.4167,2016-03-16T00:00:00Z,SVP
126966,2015-08-11T23:00:00Z,-28.58859,-43.79537,-0.057,0.0849,338.4167,2016-03-16T00:00:00Z,SVP
126966,2015-08-12T00:00:00Z,-28.58854,-43.79705,-0.0462,0.0044,133.20833,2016-03-16T00:00:00Z,SVP
126966,2015-08-12T01:00:00Z,-28.58905,-43.79681,-0.2608,0.0244,525.5833,2016-03-16T00:00:00Z,SVP
126966,2015-08-12T02:00:00Z,-28.58804,-43.80821,-0.2554,0.0251,525.5833,2016-03-16T00:00:00Z,SVP
126966,2015-08-12T03:00:00Z,-28.58723,-43.819,-0.2433,0.0252,525.5833,2016-03-16T00:00:00Z,SVP
126966,2015-08-12T04:00:00Z,-28.58654,-43.82864,-0.2351,0.0252,525.5833,2016-03-16T00:00:00Z,SVP
126966,2015-08-12T05:00:00Z,-28.58701,-43.83695,-0.2623,0.0052,266.41666,2016-03-16T00:00:00Z,SVP
126966,2015-08-12T06:00:00Z,-28.58611,-43.84556,-0.2614,0.0093,266.41666,2016-03-16T00:00:00Z,SVP
126966,2015-08-12T07:00:00Z,-28.59336,-43.85538,-0.2219,-0.2295,198.00002,2016-03-16T00:00:00Z,SVP
126966,2015-08-12T08:00:00Z,-28.60057,-43.86414,-0.2184,-0.2286,198.00002,2016-03-16T00:00:00Z,SVP
126966,2015-08-12T09:00:00Z,-28.60778,-43.87178,-0.2014,-0.2099,471.58337,2016-03-16T00:00:00Z,SVP
126966,2015-08-12T10:00:00Z,-28.61462,-43.87898,-0.2009,-0.2099,471.58337,2016-03-16T00:00:00Z,SVP
126966,2015-08-12T11:00:00Z,-28.62155,-43.88626,-0.2006,-0.21,471.58337,2016-03-16T00:00:00Z,SVP
126966,2015-08-12T12:00:00Z,-28.62761,-43.89162,-0.1505,-0.1981,118.79167,2016-03-16T00:00:00Z,SVP
126966,2015-08-12T13:00:00Z,-28.63342,-43.89204,-0.0268,-0.1515,140.41666,2016-03-16T00:00:00Z,SVP
126966,2015-08-12T14:00:00Z,-28.63765,-43.89326,-0.0137,-0.1266,586.7916,2016-03-16T00:00:00Z,SVP
126966,2015-08-12T15:00:00Z,-28.64179,-43.894,-0.0133,-0.1264,586.7916,2016-03-16T00:00:00Z,SVP
126966,2015-08-12T16:00:00Z,-28.64611,-43.89471,-0.0127,-0.1261,586.7916,2016-03-16T00:00:00Z,SVP
126966,2015-08-12T17:00:00Z,-28.65089,-43.89557,-0.0113,-0.1251,586.7916,2016-03-16T00:00:00Z,SVP
126966,2015-08-12T18:00:00Z,-28.65209,-43.89548,-0.015,-0.0724,244.79167,2016-03-16T00:00:00Z,SVP
126966,2015-08-12T19:00:00Z,-28.65333,-43.89544,0.0114,-0.0184,115.208336,2016-03-16T00:00:00Z,SVP
126966,2015-08-12T20:00:00Z,-28.65437,-43.89621,-0.0132,-0.0454,180.0,2016-03-16T00:00:00Z,SVP
126966,2015-08-12T21:00:00Z,-28.65575,-43.89732,-0.1713,0.0564,0.0,2016-03-16T00:00:00Z,SVP
126966,2015-08-12T22:00:00Z,-28.65351,-43.9033,-0.1747,0.0736,435.58334,2016-03-16T00:00:00Z,SVP
126966,2015-08-12T23:00:00Z,-28.65137,-43.90959,-0.1754,0.0735,435.58334,2016-03-16T00:00:00Z,SVP
126966,2015-08-13T00:00:00Z,-28.64933,-43.91617,-0.1863,0.0835,108.00001,2016-03-16T00:00:00Z,SVP
126966,2015-08-13T01:00:00Z,-28.64553,-43.92508,-0.2621,0.0679,547.2084,2016-03-16T00:00:00Z,SVP
126966,2015-08-13T02:00:00Z,-28.6439,-43.93498,-0.2627,0.0637,547.2084,2016-03-16T00:00:00Z,SVP
126966,2015-08-13T03:00:00Z,-28.6417,-43.94495,-0.2633,0.0638,547.2084,2016-03-16T00:00:00Z,SVP
126966,2015-08-13T04:00:00Z,-28.63893,-43.95529,-0.2646,0.0657,547.2084,2016-03-16T00:00:00Z,SVP
126966,2015-08-13T05:00:00Z,-28.64205,-43.96458,-0.2609,-0.1513,262.79166,2016-03-16T00:00:00Z,SVP
126966,2015-08-13T06:00:00Z,-28.64732,-43.97294,-0.2602,-0.1448,262.79166,2016-03-16T00:00:00Z,SVP
126966,2015-08-13T07:00:00Z,-28.65217,-43.98421,-0.2769,-0.1584,183.58333,2016-03-16T00:00:00Z,SVP
126966,2015-08-13T08:00:00Z,-28.65706,-43.99388,-0.17,-0.2143,79.208336,2016-03-16T00:00:00Z,SVP
126966,2015-08-13T09:00:00Z,-28.66472,-43.99803,-0.214,-0.2051,248.41667,2016-03-16T00:00:00Z,SVP
126966,2015-08-13T10:00:00Z,-28.6716,-44.00699,-0.2076,-0.2058,248.41667,2016-03-16T00:00:00Z,SVP
126966,2015-08-13T11:00:00Z,-28.67758,-44.01378,-0.0136,-0.1323,68.416664,2016-03-16T00:00:00Z,SVP
126966,2015-08-13T12:00:00Z,-28.68007,-44.01317,-8.0E-4,-0.0722,252.0,2016-03-16T00:00:00Z,SVP
126966,2015-08-13T13:00:00Z,-28.68219,-44.01266,0.0024,-0.0567,630.0,2016-03-16T00:00:00Z,SVP
126966,2015-08-13T14:00:00Z,-28.68417,-44.01316,0.0012,-0.0574,630.0,2016-03-16T00:00:00Z,SVP
126966,2015-08-13T15:00:00Z,-28.68626,-44.01349,6.0E-4,-0.0583,630.0,2016-03-16T00:00:00Z,SVP
126966,2015-08-13T16:00:00Z,-28.68856,-44.01387,2.0E-4,-0.0597,630.0,2016-03-16T00:00:00Z,SVP
126966,2015-08-13T17:00:00Z,-28.69106,-44.01425,0.0032,0.0286,237.58334,2016-03-16T00:00:00Z,SVP
126966,2015-08-13T18:00:00Z,-28.68926,-44.01266,0.0068,0.0208,237.58334,2016-03-16T00:00:00Z,SVP
126966,2015-08-13T19:00:00Z,-28.68851,-44.01221,0.0248,0.0288,104.41666,2016-03-16T00:00:00Z,SVP
126966,2015-08-13T20:00:00Z,-28.68997,-44.01372,-0.0789,-0.0654,136.79167,2016-03-16T00:00:00Z,SVP
126966,2015-08-13T21:00:00Z,-28.69117,-44.02017,-0.1356,0.0218,144.0,2016-03-16T00:00:00Z,SVP
126966,2015-08-13T22:00:00Z,-28.68923,-44.02551,-0.1046,0.0185,370.79166,2016-03-16T00:00:00Z,SVP
126966,2015-08-13T23:00:00Z,-28.68951,-44.02904,-0.105,0.0223,370.79166,2016-03-16T00:00:00Z,SVP
126966,2015-08-14T00:00:00Z,-28.68916,-44.03265,-0.1057,0.0241,370.79166,2016-03-16T00:00:00Z,SVP
126966,2015-08-14T01:00:00Z,-28.68838,-44.03789,-0.1731,-0.0157,144.0,2016-03-16T00:00:00Z,SVP
126966,2015-08-14T02:00:00Z,-28.68965,-44.04815,-0.1443,-0.0264,324.0,2016-03-16T00:00:00Z,SVP
126966,2015-08-14T03:00:00Z,-28.68986,-44.05174,-0.1579,-0.0266,324.0,2016-03-16T00:00:00Z,SVP
126966,2015-08-14T04:00:00Z,-28.6901,-44.05734,-0.1596,-0.0279,324.0,2016-03-16T00:00:00Z,SVP
126966,2015-08-14T05:00:00Z,-28.69235,-44.0633,-0.1349,-0.0524,262.79166,2016-03-16T00:00:00Z,SVP
126966,2015-08-14T06:00:00Z,-28.69542,-44.06907,-0.1689,-0.1449,97.20833,2016-03-16T00:00:00Z,SVP
126966,2015-08-14T07:00:00Z,-28.70183,-44.07586,-0.1906,-0.2071,126.0,2016-03-16T00:00:00Z,SVP
126966,2015-08-14T08:00:00Z,-28.70778,-44.08199,-0.1199,-0.1616,129.58333,2016-03-16T00:00:00Z,SVP
126966,2015-08-14T09:00:00Z,-28.71389,-44.0854,-0.0974,-0.2041,133.20833,2016-03-16T00:00:00Z,SVP
126966,2015-08-14T10:00:00Z,-28.72241,-44.09028,-0.1117,-0.2258,140.41666,2016-03-16T00:00:00Z,SVP
126966,2015-08-14T11:00:00Z,-28.72599,-44.0933,-0.0929,-0.1716,212.41667,2016-03-16T00:00:00Z,SVP
126966,2015-08-14T12:00:00Z,-28.73133,-44.09627,-0.0635,-0.1291,147.58333,2016-03-16T00:00:00Z,SVP
126966,2015-08-14T13:00:00Z,-28.73499,-44.09809,-0.016,-0.1261,108.00001,2016-03-16T00:00:00Z,SVP
126966,2015-08-14T14:00:00Z,-28.73924,-44.09645,0.0488,-0.1159,532.7917,2016-03-16T00:00:00Z,SVP
126966,2015-08-14T15:00:00Z,-28.74325,-44.09455,0.049,-0.1156,532.7917,2016-03-16T00:00:00Z,SVP
126966,2015-08-14T16:00:00Z,-28.74725,-44.09312,0.0514,-0.1151,532.7917,2016-03-16T00:00:00Z,SVP
126966,2015-08-14T17:00:00Z,-28.75078,-44.09157,0.0741,-0.0734,241.20834,2016-03-16T00:00:00Z,SVP
126966,2015-08-14T18:00:00Z,-28.75309,-44.08792,0.0736,-0.0669,241.20834,2016-03-16T00:00:00Z,SVP
126966,2015-08-14T19:00:00Z,-28.75373,-44.08558,0.0698,-0.0185,230.41667,2016-03-16T00:00:00Z,SVP
126966,2015-08-14T20:00:00Z,-28.75374,-44.08437,0.0265,0.0139,118.79167,2016-03-16T00:00:00Z,SVP
126966,2015-08-14T21:00:00Z,-28.75355,-44.08413,-0.0646,-0.01,90.0,2016-03-16T00:00:00Z,SVP
126966,2015-08-14T22:00:00Z,-28.75345,-44.08618,-0.0775,-0.002,403.2083,2016-03-16T00:00:00Z,SVP
126966,2015-08-14T23:00:00Z,-28.75428,-44.089,-0.0765,-0.0093,403.2083,2016-03-16T00:00:00Z,SVP
126966,2015-08-15T00:00:00Z,-28.75538,-44.09337,-0.0919,-0.0111,136.79167,2016-03-16T00:00:00Z,SVP
126966,2015-08-15T01:00:00Z,-28.75297,-44.10022,-0.2217,-0.0145,111.583336,2016-03-16T00:00:00Z,SVP
126966,2015-08-15T02:00:00Z,-28.75466,-44.1098,-0.1657,-0.0636,349.20834,2016-03-16T00:00:00Z,SVP
126966,2015-08-15T03:00:00Z,-28.75519,-44.11608,-0.164,-0.0704,349.20834,2016-03-16T00:00:00Z,SVP
126966,2015-08-15T04:00:00Z,-28.7559,-44.1228,-0.1464,-0.0985,266.41666,2016-03-16T00:00:00Z,SVP
126966,2015-08-15T05:00:00Z,-28.76083,-44.12765,-0.1472,-0.081,266.41666,2016-03-16T00:00:00Z,SVP
126966,2015-08-15T06:00:00Z,-28.76421,-44.13259,-0.1249,-0.1265,198.00002,2016-03-16T00:00:00Z,SVP
126966,2015-08-15T07:00:00Z,-28.76654,-44.13819,-0.1327,-0.1144,198.00002,2016-03-16T00:00:00Z,SVP
126966,2015-08-15T08:00:00Z,-28.77506,-44.12887,-0.5635,-0.2916,111.583336,2016-03-16T00:00:00Z,SVP
126966,2015-08-15T09:00:00Z,-28.78388,-44.1505,-0.363,-0.2559,126.0,2016-03-16T00:00:00Z,SVP
126966,2015-08-15T10:00:00Z,-28.79152,-44.15852,-0.1929,-0.1969,244.79167,2016-03-16T00:00:00Z,SVP
126966,2015-08-15T11:00:00Z,-28.79772,-44.15069,-0.0269,-0.1916,244.79167,2016-03-16T00:00:00Z,SVP
126966,2015-08-15T12:00:00Z,-28.80014,-44.15209,0.0493,-0.1035,136.79167,2016-03-16T00:00:00Z,SVP
126966,2015-08-15T13:00:00Z,-28.80351,-44.14884,0.1116,-0.0881,550.7917,2016-03-16T00:00:00Z,SVP
126966,2015-08-15T14:00:00Z,-28.80603,-44.14504,0.1125,-0.0883,550.7917,2016-03-16T00:00:00Z,SVP
126966,2015-08-15T15:00:00Z,-28.8086,-44.14089,0.1123,-0.0886,550.7917,2016-03-16T00:00:00Z,SVP
126966,2015-08-15T16:00:00Z,-28.81089,-44.1365,0.111,-0.0894,550.7917,2016-03-16T00:00:00Z,SVP
126966,2015-08-15T17:00:00Z,-28.81381,-44.13266,0.0929,-0.0826,230.41667,2016-03-16T00:00:00Z,SVP
126966,2015-08-15T18:00:00Z,-28.81804,-44.12926,0.0915,-0.0855,230.41667,2016-03-16T00:00:00Z,SVP
126966,2015-08-15T19:00:00Z,-28.81641,-44.1287,0.0279,0.0379,399.58334,2016-03-16T00:00:00Z,SVP
126966,2015-08-15T20:00:00Z,-28.8147,-44.13188,-0.0119,0.037,399.58334,2016-03-16T00:00:00Z,SVP
126966,2015-08-15T21:00:00Z,-28.81307,-44.13307,0.0041,0.0544,428.41666,2016-03-16T00:00:00Z,SVP
126966,2015-08-15T22:00:00Z,-28.8116,-44.12925,0.0077,0.0539,428.41666,2016-03-16T00:00:00Z,SVP
126966,2015-08-15T23:00:00Z,-28.81022,-44.12492,0.0242,0.0535,428.41666,2016-03-16T00:00:00Z,SVP
126966,2015-08-16T00:00:00Z,-28.80817,-44.12676,-0.2269,0.0654,129.58333,2016-03-16T00:00:00Z,SVP
126966,2015-08-16T01:00:00Z,-28.80565,-44.13426,-0.17,0.1079,115.208336,2016-03-16T00:00:00Z,SVP
126966,2015-08-16T02:00:00Z,-28.8034,-44.13988,-0.1326,0.0643,388.79166,2016-03-16T00:00:00Z,SVP
126966,2015-08-16T03:00:00Z,-28.79872,-44.145,-0.1321,0.0885,388.79166,2016-03-16T00:00:00Z,SVP
126966,2015-08-16T04:00:00Z,-28.79464,-44.15019,-0.1233,-0.0763,252.0,2016-03-16T00:00:00Z,SVP
126966,2015-08-16T05:00:00Z,-28.79751,-44.15416,-0.1229,-0.0736,252.0,2016-03-16T00:00:00Z,SVP
126966,2015-08-16T06:00:00Z,-28.80029,-44.15989,-0.159,-0.0962,360.0,2016-03-16T00:00:00Z,SVP
126966,2015-08-16T07:00:00Z,-28.80343,-44.16636,-0.1638,-0.0964,360.0,2016-03-16T00:00:00Z,SVP
126966,2015-08-16T08:00:00Z,-28.80678,-44.17152,-0.1653,-0.1038,64.791664,2016-03-16T00:00:00Z,SVP
126966,2015-08-16T09:00:00Z,-28.81056,-44.17654,-0.0697,-0.1269,0.0,2016-03-16T00:00:00Z,SVP
126966,2015-08-16T10:00:00Z,-28.81436,-44.18078,-0.0939,-0.1193,248.41667,2016-03-16T00:00:00Z,SVP
126966,2015-08-16T11:00:00Z,-28.81781,-44.18313,-0.0712,-0.1034,151.20834,2016-03-16T00:00:00Z,SVP
126966,2015-08-16T12:00:00Z,-28.8208,-44.1845,0.0324,-0.0571,115.208336,2016-03-16T00:00:00Z,SVP
126966,2015-08-16T13:00:00Z,-28.82144,-44.18316,0.0287,-0.0066,579.5834,2016-03-16T00:00:00Z,SVP
126966,2015-08-16T14:00:00Z,-28.82176,-44.18229,0.0287,-0.0068,579.5834,2016-03-16T00:00:00Z,SVP
126966,2015-08-16T15:00:00Z,-28.82241,-44.18136,0.0288,-0.0082,579.5834,2016-03-16T00:00:00Z,SVP
126966,2015-08-16T16:00:00Z,-28.82512,-44.18055,0.029,-0.0211,579.5834,2016-03-16T00:00:00Z,SVP
126966,2015-08-16T17:00:00Z,-28.82371,-44.17948,0.0172,0.095,233.99998,2016-03-16T00:00:00Z,SVP
126966,2015-08-16T18:00:00Z,-28.82041,-44.17836,-0.0114,0.1028,338.4167,2016-03-16T00:00:00Z,SVP
126966,2015-08-16T19:00:00Z,-28.81733,-44.17912,-0.0116,0.1023,338.4167,2016-03-16T00:00:00Z,SVP
126966,2015-08-16T20:00:00Z,-28.81408,-44.17973,-0.0116,0.102,338.4167,2016-03-16T00:00:00Z,SVP
126966,2015-08-16T21:00:00Z,-28.81135,-44.18314,-0.1216,0.0904,187.20833,2016-03-16T00:00:00Z,SVP
126966,2015-08-16T22:00:00Z,-28.80904,-44.19205,-0.0729,0.0925,342.0,2016-03-16T00:00:00Z,SVP
126966,2015-08-16T23:00:00Z,-28.8057,-44.1921,-0.107,0.0923,342.0,2016-03-16T00:00:00Z,SVP
126966,2015-08-17T00:00:00Z,-28.80238,-44.19566,-0.1106,0.0913,342.0,2016-03-16T00:00:00Z,SVP
126966,2015-08-17T01:00:00Z,-28.80037,-44.20075,-0.1478,0.0941,129.58333,2016-03-16T00:00:00Z,SVP
126966,2015-08-17T02:00:00Z,-28.79817,-44.2064,-0.1683,0.0577,277.20834,2016-03-16T00:00:00Z,SVP
126966,2015-08-17T03:00:00Z,-28.79461,-44.21227,-0.1703,0.0768,277.20834,2016-03-16T00:00:00Z,SVP
126966,2015-08-17T04:00:00Z,-28.79247,-44.21853,-0.1845,-0.0857,255.58333,2016-03-16T00:00:00Z,SVP
126966,2015-08-17T05:00:00Z,-28.79518,-44.22571,-0.1833,-0.0888,255.58333,2016-03-16T00:00:00Z,SVP
126966,2015-08-17T06:00:00Z,-28.79859,-44.23195,-0.173,-0.1171,360.0,2016-03-16T00:00:00Z,SVP
126966,2015-08-17T07:00:00Z,-28.8024,-44.23838,-0.1724,-0.1175,360.0,2016-03-16T00:00:00Z,SVP
126966,2015-08-17T08:00:00Z,-28.80699,-44.24427,-0.1477,-0.1635,126.0,2016-03-16T00:00:00Z,SVP
126966,2015-08-17T09:00:00Z,-28.81338,-44.24789,-0.0954,-0.217,233.99998,2016-03-16T00:00:00Z,SVP
126966,2015-08-17T10:00:00Z,-28.82102,-44.2539,-0.1147,-0.2183,233.99998,2016-03-16T00:00:00Z,SVP
126966,2015-08-17T11:00:00Z,-28.82594,-44.25375,-0.0661,-0.1662,183.58333,2016-03-16T00:00:00Z,SVP
126966,2015-08-17T12:00:00Z,-28.82733,-44.25485,0.0127,-0.0528,118.79167,2016-03-16T00:00:00Z,SVP
126966,2015-08-17T13:00:00Z,-28.82956,-44.25186,0.0856,-0.0553,136.79167,2016-03-16T00:00:00Z,SVP
126966,2015-08-17T14:00:00Z,-28.83092,-44.24948,0.089,-0.0566,705.5834,2016-03-16T00:00:00Z,SVP
126966,2015-08-17T15:00:00Z,-28.83277,-44.24618,0.0889,-0.0565,705.5834,2016-03-16T00:00:00Z,SVP
126966,2015-08-17T16:00:00Z,-28.83469,-44.24274,0.0884,-0.0562,705.5834,2016-03-16T00:00:00Z,SVP
126966,2015-08-17T17:00:00Z,-28.83671,-44.23915,0.0874,-0.0556,705.5834,2016-03-16T00:00:00Z,SVP
126966,2015-08-17T18:00:00Z,-28.83836,-44.23627,0.0358,-0.0377,280.79166,2016-03-16T00:00:00Z,SVP
126966,2015-08-17T19:00:00Z,-28.83897,-44.23605,0.0192,-0.0367,280.79166,2016-03-16T00:00:00Z,SVP
126966,2015-08-17T20:00:00Z,-28.83852,-44.24015,-0.0592,0.0384,75.583336,2016-03-16T00:00:00Z,SVP
126966,2015-08-17T21:00:00Z,-28.83598,-44.24078,0.0052,0.0779,180.0,2016-03-16T00:00:00Z,SVP
126966,2015-08-17T22:00:00Z,-28.8358,-44.23354,-0.1166,0.0066,295.20834,2016-03-16T00:00:00Z,SVP
126966,2015-08-17T23:00:00Z,-28.83468,-44.24237,-0.0432,0.0101,295.20834,2016-03-16T00:00:00Z,SVP
126966,2015-08-18T00:00:00Z,-28.83477,-44.24373,-0.1135,-0.0063,93.583336,2016-03-16T00:00:00Z,SVP
126966,2015-08-18T01:00:00Z,-28.83633,-44.24686,-0.094,-0.065,140.41666,2016-03-16T00:00:00Z,SVP
126966,2015-08-18T02:00:00Z,-28.83896,-44.24993,-0.105,-0.0859,554.4167,2016-03-16T00:00:00Z,SVP
126966,2015-08-18T03:00:00Z,-28.84131,-44.25376,-0.1051,-0.0845,554.4167,2016-03-16T00:00:00Z,SVP
126966,2015-08-18T04:00:00Z,-28.84331,-44.25763,-0.1052,-0.0828,554.4167,2016-03-16T00:00:00Z,SVP
126966,2015-08-18T05:00:00Z,-28.84493,-44.26151,-0.1052,-0.0829,554.4167,2016-03-16T00:00:00Z,SVP
126966,2015-08-18T06:00:00Z,-28.84964,-44.26521,-0.0994,-0.1145,349.20834,2016-03-16T00:00:00Z,SVP
126966,2015-08-18T07:00:00Z,-28.85494,-44.26901,-0.0994,-0.1115,349.20834,2016-03-16T00:00:00Z,SVP
126966,2015-08-18T08:00:00Z,-28.86079,-44.2716,-0.0751,-0.1769,252.0,2016-03-16T00:00:00Z,SVP
126966,2015-08-18T09:00:00Z,-28.86191,-44.27375,-0.0717,-0.1318,252.0,2016-03-16T00:00:00Z,SVP
126966,2015-08-18T10:00:00Z,-28.87452,-44.27342,0.0798,-0.1938,201.58334,2016-03-16T00:00:00Z,SVP
126966,2015-08-18T11:00:00Z,-28.88106,-44.27077,0.0866,-0.1192,126.0,2016-03-16T00:00:00Z,SVP
126966,2015-08-18T12:00:00Z,-28.88438,-44.26725,0.0882,-0.0977,126.0,2016-03-16T00:00:00Z,SVP
126966,2015-08-18T13:00:00Z,-28.88754,-44.26444,0.0894,-0.0973,1087.2084,2016-03-16T00:00:00Z,SVP
126966,2015-08-18T14:00:00Z,-28.89065,-44.26097,0.0895,-0.0973,1087.2084,2016-03-16T00:00:00Z,SVP
126966,2015-08-18T15:00:00Z,-28.89379,-44.2576,0.0896,-0.0973,1087.2084,2016-03-16T00:00:00Z,SVP
126966,2015-08-18T16:00:00Z,-28.89694,-44.25424,0.0896,-0.0973,1087.2084,2016-03-16T00:00:00Z,SVP
126966,2015-08-18T17:00:00Z,-28.9001,-44.2509,0.0897,-0.0973,1087.2084,2016-03-16T00:00:00Z,SVP
126966,2015-08-18T18:00:00Z,-28.90327,-44.24755,0.0897,-0.0973,1087.2084,2016-03-16T00:00:00Z,SVP
126966,2015-08-18T19:00:00Z,-28.90646,-44.24419,0.0897,-0.0973,1087.2084,2016-03-16T00:00:00Z,SVP
126966,2015-08-18T20:00:00Z,-28.91005,-44.24049,0.0969,-0.1027,133.20833,2016-03-16T00:00:00Z,SVP
126966,2015-08-18T21:00:00Z,-28.91376,-44.23698,0.0783,-0.1302,97.20833,2016-03-16T00:00:00Z,SVP
126966,2015-08-18T22:00:00Z,-28.91797,-44.23341,0.0602,-0.1087,406.79166,2016-03-16T00:00:00Z,SVP
126966,2015-08-18T23:00:00Z,-28.9215,-44.23149,0.0607,-0.1081,406.79166,2016-03-16T00:00:00Z,SVP
126966,2015-08-19T00:00:00Z,-28.92535,-44.22969,0.0624,-0.1069,406.79166,2016-03-16T00:00:00Z,SVP
126966,2015-08-19T01:00:00Z,-28.92739,-44.22655,0.0591,-0.0883,136.79167,2016-03-16T00:00:00Z,SVP
126966,2015-08-19T02:00:00Z,-28.93088,-44.23291,0.0524,-0.0744,460.79166,2016-03-16T00:00:00Z,SVP
126966,2015-08-19T03:00:00Z,-28.93241,-44.22691,0.027,-0.0723,460.79166,2016-03-16T00:00:00Z,SVP
126966,2015-08-19T04:00:00Z,-28.93428,-44.22572,0.0275,-0.0716,460.79166,2016-03-16T00:00:00Z,SVP
126966,2015-08-19T05:00:00Z,-28.93601,-44.2263,0.0639,-0.0896,306.0,2016-03-16T00:00:00Z,SVP
126966,2015-08-19T06:00:00Z,-28.9399,-44.22394,0.0632,-0.0841,306.0,2016-03-16T00:00:00Z,SVP
126966,2015-08-19T07:00:00Z,-28.943,-44.22054,0.0555,-0.0817,306.0,2016-03-16T00:00:00Z,SVP
126966,2015-08-19T08:00:00Z,-28.94622,-44.21945,0.0434,-0.1149,252.0,2016-03-16T00:00:00Z,SVP
126966,2015-08-19T09:00:00Z,-28.95058,-44.21719,0.1225,-0.1439,64.791664,2016-03-16T00:00:00Z,SVP
126966,2015-08-19T10:00:00Z,-28.95475,-44.21302,0.1161,-0.1338,349.20834,2016-03-16T00:00:00Z,SVP
126966,2015-08-19T11:00:00Z,-28.95915,-44.2082,0.1176,-0.133,349.20834,2016-03-16T00:00:00Z,SVP
126966,2015-08-19T12:00:00Z,-28.96359,-44.20629,0.0301,-0.1258,136.79167,2016-03-16T00:00:00Z,SVP
126966,2015-08-19T13:00:00Z,-28.96852,-44.20516,0.0519,-0.1268,115.208336,2016-03-16T00:00:00Z,SVP
126966,2015-08-19T14:00:00Z,-28.96987,-44.20228,0.0929,-0.047,637.2083,2016-03-16T00:00:00Z,SVP
126966,2015-08-19T15:00:00Z,-28.97117,-44.19879,0.0928,-0.0476,637.2083,2016-03-16T00:00:00Z,SVP
126966,2015-08-19T16:00:00Z,-28.97275,-44.19537,0.0929,-0.0473,637.2083,2016-03-16T00:00:00Z,SVP
126966,2015-08-19T17:00:00Z,-28.97451,-44.19201,0.0931,-0.0459,637.2083,2016-03-16T00:00:00Z,SVP
126966,2015-08-19T18:00:00Z,-28.97615,-44.18787,0.1088,-0.035,363.58334,2016-03-16T00:00:00Z,SVP
126966,2015-08-19T19:00:00Z,-28.97719,-44.18375,0.1094,-0.0351,363.58334,2016-03-16T00:00:00Z,SVP
126966,2015-08-19T20:00:00Z,-28.97801,-44.17843,0.2547,-0.0223,72.0,2016-03-16T00:00:00Z,SVP
126966,2015-08-19T21:00:00Z,-28.97703,-44.16876,0.2539,0.0694,115.208336,2016-03-16T00:00:00Z,SVP
126966,2015-08-19T22:00:00Z,-28.97101,-44.17392,0.0215,-0.02,288.0,2016-03-16T00:00:00Z,SVP
126966,2015-08-19T23:00:00Z,-28.97459,-44.16212,0.0941,0.0162,288.0,2016-03-16T00:00:00Z,SVP
126966,2015-08-20T00:00:00Z,-28.97367,-44.15783,0.0292,0.0078,126.0,2016-03-16T00:00:00Z,SVP
126966,2015-08-20T01:00:00Z,-28.97184,-44.15853,-0.018,0.1439,111.583336,2016-03-16T00:00:00Z,SVP
126966,2015-08-20T02:00:00Z,-28.96772,-44.15789,-0.0223,0.1514,475.2083,2016-03-16T00:00:00Z,SVP
126966,2015-08-20T03:00:00Z,-28.96252,-44.15972,-0.0175,0.151,475.2083,2016-03-16T00:00:00Z,SVP
126966,2015-08-20T04:00:00Z,-28.95704,-44.16169,-0.0049,0.1499,475.2083,2016-03-16T00:00:00Z,SVP
126966,2015-08-20T05:00:00Z,-28.95222,-44.16191,-0.0197,0.1121,360.0,2016-03-16T00:00:00Z,SVP
126966,2015-08-20T06:00:00Z,-28.94908,-44.16166,-0.0227,0.1147,360.0,2016-03-16T00:00:00Z,SVP
126966,2015-08-20T07:00:00Z,-28.94515,-44.16158,-0.0264,0.1099,360.0,2016-03-16T00:00:00Z,SVP
126966,2015-08-20T08:00:00Z,-28.9433,-44.16459,-0.0866,0.0637,187.20833,2016-03-16T00:00:00Z,SVP
126966,2015-08-20T09:00:00Z,-28.94193,-44.16774,-0.0925,0.0343,295.20834,2016-03-16T00:00:00Z,SVP
126966,2015-08-20T10:00:00Z,-28.94058,-44.17191,-0.0959,0.0344,295.20834,2016-03-16T00:00:00Z,SVP
126966,2015-08-20T11:00:00Z,-28.94117,-44.17242,-0.0591,-0.0019,129.58333,2016-03-16T00:00:00Z,SVP
126966,2015-08-20T12:00:00Z,-28.94268,-44.1781,-0.1035,-0.0547,140.41666,2016-03-16T00:00:00Z,SVP
126966,2015-08-20T13:00:00Z,-28.94435,-44.18212,-0.0615,-0.0236,673.2083,2016-03-16T00:00:00Z,SVP
126966,2015-08-20T14:00:00Z,-28.94502,-44.18426,-0.0614,-0.0233,673.2083,2016-03-16T00:00:00Z,SVP
126966,2015-08-20T15:00:00Z,-28.94583,-44.18652,-0.0614,-0.0233,673.2083,2016-03-16T00:00:00Z,SVP
126966,2015-08-20T16:00:00Z,-28.94673,-44.18883,-0.0613,-0.0233,673.2083,2016-03-16T00:00:00Z,SVP
126966,2015-08-20T17:00:00Z,-28.94788,-44.19124,-0.0612,-0.0232,673.2083,2016-03-16T00:00:00Z,SVP
126966,2015-08-20T18:00:00Z,-28.94889,-44.19301,-0.0534,-0.0264,252.0,2016-03-16T00:00:00Z,SVP
126966,2015-08-20T19:00:00Z,-28.9488,-44.19511,-0.0709,-0.0189,93.583336,2016-03-16T00:00:00Z,SVP
126966,2015-08-20T20:00:00Z,-28.94867,-44.20125,-0.243,0.1084,169.20834,2016-03-16T00:00:00Z,SVP
126966,2015-08-20T21:00:00Z,-28.94534,-44.20945,-0.2055,0.1002,93.583336,2016-03-16T00:00:00Z,SVP
126966,2015-08-20T22:00:00Z,-28.94441,-44.21712,-0.1834,0.0013,331.2083,2016-03-16T00:00:00Z,SVP
126966,2015-08-20T23:00:00Z,-28.94476,-44.22344,-0.1837,0.0017,331.2083,2016-03-16T00:00:00Z,SVP
126966,2015-08-21T00:00:00Z,-28.94458,-44.2315,-0.2176,-0.0147,144.0,2016-03-16T00:00:00Z,SVP
126966,2015-08-21T01:00:00Z,-28.9451,-44.23947,-0.2101,-0.0417,630.0,2016-03-16T00:00:00Z,SVP
126966,2015-08-21T02:00:00Z,-28.94662,-44.24704,-0.2094,-0.0427,630.0,2016-03-16T00:00:00Z,SVP
126966,2015-08-21T03:00:00Z,-28.94786,-44.25488,-0.2092,-0.0426,630.0,2016-03-16T00:00:00Z,SVP
126966,2015-08-21T04:00:00Z,-28.94878,-44.26303,-0.2094,-0.0419,630.0,2016-03-16T00:00:00Z,SVP
126966,2015-08-21T05:00:00Z,-28.95092,-44.26873,-0.0209,-0.0751,233.99998,2016-03-16T00:00:00Z,SVP
126966,2015-08-21T06:00:00Z,-28.95522,-44.26942,-0.0189,-0.0719,233.99998,2016-03-16T00:00:00Z,SVP
126966,2015-08-21T07:00:00Z,-28.95705,-44.27068,-0.1638,-0.1023,158.41667,2016-03-16T00:00:00Z,SVP
126966,2015-08-21T08:00:00Z,-28.96139,-44.27721,-0.1396,-0.1486,93.583336,2016-03-16T00:00:00Z,SVP
126966,2015-08-21T09:00:00Z,-28.96641,-44.28092,-0.0691,-0.2032,176.41667,2016-03-16T00:00:00Z,SVP
126966,2015-08-21T10:00:00Z,-28.97258,-44.28312,0.0144,-0.2163,162.0,2016-03-16T00:00:00Z,SVP
126966,2015-08-21T11:00:00Z,-28.97885,-44.28167,0.0048,-0.11,122.416664,2016-03-16T00:00:00Z,SVP
126966,2015-08-21T12:00:00Z,-28.98187,-44.28247,-0.0483,-0.0757,122.416664,2016-03-16T00:00:00Z,SVP
126966,2015-08-21T13:00:00Z,-28.98518,-44.28332,-0.0062,-0.0865,136.79167,2016-03-16T00:00:00Z,SVP
126966,2015-08-21T14:00:00Z,-28.99083,-44.28351,-0.001,-0.0281,547.2084,2016-03-16T00:00:00Z,SVP
126966,2015-08-21T15:00:00Z,-28.99012,-44.28354,-0.001,-0.045,547.2084,2016-03-16T00:00:00Z,SVP
126966,2015-08-21T16:00:00Z,-28.99168,-44.28363,-7.0E-4,-0.0426,547.2084,2016-03-16T00:00:00Z,SVP
126966,2015-08-21T17:00:00Z,-28.9937,-44.28387,0.0096,-0.0071,244.79167,2016-03-16T00:00:00Z,SVP
126966,2015-08-21T18:00:00Z,-28.99404,-44.28334,0.0098,-0.0078,244.79167,2016-03-16T00:00:00Z,SVP
126966,2015-08-21T19:00:00Z,-28.99457,-44.28345,-0.0062,-0.0181,93.583336,2016-03-16T00:00:00Z,SVP
126966,2015-08-21T20:00:00Z,-28.99451,-44.29083,-0.1737,-1.0E-4,144.0,2016-03-16T00:00:00Z,SVP
126966,2015-08-21T21:00:00Z,-28.99448,-44.29468,-0.0639,-0.0161,144.0,2016-03-16T00:00:00Z,SVP
126966,2015-08-21T22:00:00Z,-28.99485,-44.29679,-0.1107,-0.025,327.58334,2016-03-16T00:00:00Z,SVP
126966,2015-08-21T23:00:00Z,-28.99576,-44.30113,-0.1119,-0.0254,327.58334,2016-03-16T00:00:00Z,SVP
126966,2015-08-22T00:00:00Z,-28.99658,-44.30512,-0.1123,-0.0256,327.58334,2016-03-16T00:00:00Z,SVP
126966,2015-08-22T01:00:00Z,-28.99665,-44.30845,-0.0616,0.041,129.58333,2016-03-16T00:00:00Z,SVP
126966,2015-08-22T02:00:00Z,-28.9955,-44.30879,-0.1016,0.0327,396.00003,2016-03-16T00:00:00Z,SVP
126966,2015-08-22T03:00:00Z,-28.99437,-44.31328,-0.0979,0.0323,396.00003,2016-03-16T00:00:00Z,SVP
126966,2015-08-22T04:00:00Z,-28.99291,-44.31695,-0.0981,0.0314,396.00003,2016-03-16T00:00:00Z,SVP
126966,2015-08-22T05:00:00Z,-28.99187,-44.32094,-0.1287,0.031,252.0,2016-03-16T00:00:00Z,SVP
126966,2015-08-22T06:00:00Z,-28.99191,-44.32528,-0.1308,0.033,252.0,2016-03-16T00:00:00Z,SVP
126966,2015-08-22T07:00:00Z,-28.98921,-44.33072,-0.1362,0.0539,216.00002,2016-03-16T00:00:00Z,SVP
126966,2015-08-22T08:00:00Z,-28.98824,-44.33471,-0.1066,0.034,133.20833,2016-03-16T00:00:00Z,SVP
126966,2015-08-22T09:00:00Z,-28.98861,-44.3382,-0.102,-2.0E-4,118.79167,2016-03-16T00:00:00Z,SVP
126966,2015-08-22T10:00:00Z,-28.98807,-44.34195,-0.1068,0.019,331.2083,2016-03-16T00:00:00Z,SVP
126966,2015-08-22T11:00:00Z,-28.98712,-44.34664,-0.1025,0.0164,331.2083,2016-03-16T00:00:00Z,SVP
126966,2015-08-22T12:00:00Z,-28.98675,-44.34976,-0.0437,0.0248,244.79167,2016-03-16T00:00:00Z,SVP
126966,2015-08-22T13:00:00Z,-28.98627,-44.35172,-0.0251,0.0372,583.2083,2016-03-16T00:00:00Z,SVP
126966,2015-08-22T14:00:00Z,-28.98472,-44.35241,-0.0248,0.0384,583.2083,2016-03-16T00:00:00Z,SVP
126966,2015-08-22T15:00:00Z,-28.98347,-44.35331,-0.0247,0.0387,583.2083,2016-03-16T00:00:00Z,SVP
126966,2015-08-22T16:00:00Z,-28.98246,-44.35435,-0.0246,0.0385,583.2083,2016-03-16T00:00:00Z,SVP
126966,2015-08-22T17:00:00Z,-28.9816,-44.35556,-0.0155,0.0583,233.99998,2016-03-16T00:00:00Z,SVP
126966,2015-08-22T18:00:00Z,-28.97837,-44.35536,-0.0129,0.0618,233.99998,2016-03-16T00:00:00Z,SVP
126966,2015-08-22T19:00:00Z,-28.97503,-44.35619,-0.0146,0.1158,108.00001,2016-03-16T00:00:00Z,SVP
126966,2015-08-22T20:00:00Z,-28.96929,-44.35556,0.0349,0.2304,64.791664,2016-03-16T00:00:00Z,SVP
126966,2015-08-22T21:00:00Z,-28.96311,-44.35619,-0.0879,0.1579,104.41666,2016-03-16T00:00:00Z,SVP
126966,2015-08-22T22:00:00Z,-28.95827,-44.35941,-0.1135,0.1345,345.5833,2016-03-16T00:00:00Z,SVP
126966,2015-08-22T23:00:00Z,-28.95381,-44.36393,-0.114,0.1346,345.5833,2016-03-16T00:00:00Z,SVP
126966,2015-08-23T00:00:00Z,-28.95012,-44.36823,-0.1327,0.1013,100.79167,2016-03-16T00:00:00Z,SVP
126966,2015-08-23T01:00:00Z,-28.94805,-44.37323,-0.1377,0.0587,144.0,2016-03-16T00:00:00Z,SVP
126966,2015-08-23T02:00:00Z,-28.94624,-44.37805,-0.128,0.0753,421.20834,2016-03-16T00:00:00Z,SVP
126966,2015-08-23T03:00:00Z,-28.94364,-44.38304,-0.1274,0.0749,421.20834,2016-03-16T00:00:00Z,SVP
126966,2015-08-23T04:00:00Z,-28.94116,-44.38824,-0.1259,0.0748,421.20834,2016-03-16T00:00:00Z,SVP
126966,2015-08-23T05:00:00Z,-28.93872,-44.39201,-0.1088,0.0821,244.79167,2016-03-16T00:00:00Z,SVP
126966,2015-08-23T06:00:00Z,-28.93628,-44.39593,-0.1092,0.0725,176.41667,2016-03-16T00:00:00Z,SVP
126966,2015-08-23T07:00:00Z,-28.93376,-44.40005,-0.1112,0.0725,176.41667,2016-03-16T00:00:00Z,SVP
126966,2015-08-23T08:00:00Z,-28.93246,-44.4036,-0.0937,0.0463,169.20834,2016-03-16T00:00:00Z,SVP
126966,2015-08-23T09:00:00Z,-28.93109,-44.40587,-0.1381,0.0674,244.79167,2016-03-16T00:00:00Z,SVP
126966,2015-08-23T10:00:00Z,-28.92876,-44.4122,-0.1325,0.0693,244.79167,2016-03-16T00:00:00Z,SVP
126966,2015-08-23T11:00:00Z,-28.92568,-44.41613,-0.0265,0.0771,108.00001,2016-03-16T00:00:00Z,SVP
126966,2015-08-23T12:00:00Z,-28.92285,-44.4176,7.0E-4,0.0592,140.41666,2016-03-16T00:00:00Z,SVP
126966,2015-08-23T13:00:00Z,-28.92171,-44.41654,0.0174,0.0838,604.7916,2016-03-16T00:00:00Z,SVP
126966,2015-08-23T14:00:00Z,-28.9186,-44.41642,0.0164,0.0833,604.7916,2016-03-16T00:00:00Z,SVP
126966,2015-08-23T15:00:00Z,-28.91578,-44.41631,0.0155,0.0831,604.7916,2016-03-16T00:00:00Z,SVP
126966,2015-08-23T16:00:00Z,-28.91309,-44.4167,0.0137,0.0833,604.7916,2016-03-16T00:00:00Z,SVP
126966,2015-08-23T17:00:00Z,-28.9106,-44.41642,0.0651,0.0908,230.41667,2016-03-16T00:00:00Z,SVP
126966,2015-08-23T18:00:00Z,-28.90753,-44.41247,0.0325,0.0906,230.41667,2016-03-16T00:00:00Z,SVP
126966,2015-08-23T19:00:00Z,-28.90353,-44.40993,0.0959,0.1216,172.79166,2016-03-16T00:00:00Z,SVP
126966,2015-08-23T20:00:00Z,-28.8935,-44.40754,-0.0017,0.2812,108.00001,2016-03-16T00:00:00Z,SVP
126966,2015-08-23T21:00:00Z,-28.88596,-44.40928,-0.0942,0.1694,75.583336,2016-03-16T00:00:00Z,SVP
126966,2015-08-23T22:00:00Z,-28.87783,-44.41093,-0.0137,0.2905,396.00003,2016-03-16T00:00:00Z,SVP
126966,2015-08-23T23:00:00Z,-28.86826,-44.41097,-0.0116,0.291,396.00003,2016-03-16T00:00:00Z,SVP
126966,2015-08-24T00:00:00Z,-28.85882,-44.41072,-0.0098,0.2913,396.00003,2016-03-16T00:00:00Z,SVP
126966,2015-08-24T01:00:00Z,-28.8503,-44.41497,-0.1361,0.2062,126.0,2016-03-16T00:00:00Z,SVP
126966,2015-08-24T02:00:00Z,-28.84423,-44.4186,-0.1619,0.1937,309.5833,2016-03-16T00:00:00Z,SVP
126966,2015-08-24T03:00:00Z,-28.83758,-44.42493,-0.1596,0.1914,309.5833,2016-03-16T00:00:00Z,SVP
126966,2015-08-24T04:00:00Z,-28.8312,-44.43054,-0.1638,0.1691,262.79166,2016-03-16T00:00:00Z,SVP
126966,2015-08-24T05:00:00Z,-28.82568,-44.43672,-0.1628,0.1675,262.79166,2016-03-16T00:00:00Z,SVP
126966,2015-08-24T06:00:00Z,-28.82044,-44.44338,-0.182,0.1372,388.79166,2016-03-16T00:00:00Z,SVP
126966,2015-08-24T07:00:00Z,-28.81622,-44.44957,-0.1773,0.1366,388.79166,2016-03-16T00:00:00Z,SVP
126966,2015-08-24T08:00:00Z,-28.81179,-44.45469,-0.1685,0.1363,388.79166,2016-03-16T00:00:00Z,SVP
126966,2015-08-24T09:00:00Z,-28.80752,-44.46635,-0.2342,0.1301,241.20834,2016-03-16T00:00:00Z,SVP
126966,2015-08-24T10:00:00Z,-28.80355,-44.47621,-0.2663,0.1323,233.99998,2016-03-16T00:00:00Z,SVP
126966,2015-08-24T11:00:00Z,-28.7988,-44.48422,-0.2568,0.1349,233.99998,2016-03-16T00:00:00Z,SVP
126966,2015-08-24T12:00:00Z,-28.79605,-44.49362,-0.2337,0.0931,136.79167,2016-03-16T00:00:00Z,SVP
126966,2015-08-24T13:00:00Z,-28.7949,-44.50211,-0.1876,0.0545,111.583336,2016-03-16T00:00:00Z,SVP
126966,2015-08-24T14:00:00Z,-28.79274,-44.50616,-0.1081,0.0578,514.7916,2016-03-16T00:00:00Z,SVP
126966,2015-08-24T15:00:00Z,-28.79044,-44.51034,-0.1073,0.0571,514.7916,2016-03-16T00:00:00Z,SVP
126966,2015-08-24T16:00:00Z,-28.7879,-44.51526,-0.1047,0.0557,514.7916,2016-03-16T00:00:00Z,SVP
126966,2015-08-24T17:00:00Z,-28.78608,-44.51907,-0.0895,0.069,230.41667,2016-03-16T00:00:00Z,SVP
126966,2015-08-24T18:00:00Z,-28.78592,-44.52044,-0.0928,0.0679,230.41667,2016-03-16T00:00:00Z,SVP
126966,2015-08-24T19:00:00Z,-28.78099,-44.52344,-0.0672,0.1203,345.5833,2016-03-16T00:00:00Z,SVP
126966,2015-08-24T20:00:00Z,-28.77655,-44.5271,-0.0711,0.1166,345.5833,2016-03-16T00:00:00Z,SVP
126966,2015-08-24T21:00:00Z,-28.77291,-44.52952,-0.194,0.1152,457.20834,2016-03-16T00:00:00Z,SVP
126966,2015-08-24T22:00:00Z,-28.76916,-44.53692,-0.1946,0.1155,457.20834,2016-03-16T00:00:00Z,SVP
126966,2015-08-24T23:00:00Z,-28.76555,-44.54384,-0.1959,0.1157,457.20834,2016-03-16T00:00:00Z,SVP
126966,2015-08-25T00:00:00Z,-28.7621,-44.54963,-0.1832,0.1185,144.0,2016-03-16T00:00:00Z,SVP
126966,2015-08-25T01:00:00Z,-28.75749,-44.55536,-0.1351,0.1584,111.583336,2016-03-16T00:00:00Z,SVP
126966,2015-08-25T02:00:00Z,-28.75297,-44.5595,-0.1355,0.1729,352.7917,2016-03-16T00:00:00Z,SVP
126966,2015-08-25T03:00:00Z,-28.7466,-44.56566,-0.1259,0.1693,352.7917,2016-03-16T00:00:00Z,SVP
126966,2015-08-25T04:00:00Z,-28.74061,-44.57071,-0.1377,0.1683,252.0,2016-03-16T00:00:00Z,SVP
126966,2015-08-25T05:00:00Z,-28.73644,-44.57439,-0.1371,0.1692,252.0,2016-03-16T00:00:00Z,SVP
126966,2015-08-25T06:00:00Z,-28.73097,-44.57948,-0.1367,0.1655,349.20834,2016-03-16T00:00:00Z,SVP
126966,2015-08-25T07:00:00Z,-28.72491,-44.58555,-0.1431,0.1692,349.20834,2016-03-16T00:00:00Z,SVP
126966,2015-08-25T08:00:00Z,-28.71937,-44.59245,-0.1739,0.1677,226.79166,2016-03-16T00:00:00Z,SVP
126966,2015-08-25T09:00:00Z,-28.71458,-44.59761,-0.1726,0.1675,226.79166,2016-03-16T00:00:00Z,SVP
126966,2015-08-25T10:00:00Z,-28.70888,-44.60434,-0.2475,0.1635,262.79166,2016-03-16T00:00:00Z,SVP
126966,2015-08-25T11:00:00Z,-28.70369,-44.61299,-0.2728,0.166,262.79166,2016-03-16T00:00:00Z,SVP
126966,2015-08-25T12:00:00Z,-28.69793,-44.62551,-0.2881,0.1441,111.583336,2016-03-16T00:00:00Z,SVP
126966,2015-08-25T13:00:00Z,-28.69331,-44.63579,-0.2195,0.1237,536.4166,2016-03-16T00:00:00Z,SVP
126966,2015-08-25T14:00:00Z,-28.68926,-44.64384,-0.2188,0.1237,536.4166,2016-03-16T00:00:00Z,SVP
126966,2015-08-25T15:00:00Z,-28.68518,-44.65228,-0.2199,0.1236,536.4166,2016-03-16T00:00:00Z,SVP
126966,2015-08-25T16:00:00Z,-28.68099,-44.66141,-0.2226,0.1235,536.4166,2016-03-16T00:00:00Z,SVP
126966,2015-08-25T17:00:00Z,-28.67742,-44.66713,-0.181,0.1156,237.58334,2016-03-16T00:00:00Z,SVP
126966,2015-08-25T18:00:00Z,-28.67376,-44.67273,-0.166,0.1179,360.0,2016-03-16T00:00:00Z,SVP
126966,2015-08-25T19:00:00Z,-28.66984,-44.67985,-0.1685,0.1185,360.0,2016-03-16T00:00:00Z,SVP
126966,2015-08-25T20:00:00Z,-28.66616,-44.68674,-0.1692,0.1186,360.0,2016-03-16T00:00:00Z,SVP
126966,2015-08-25T21:00:00Z,-28.66123,-44.6914,-0.1465,0.1457,241.20834,2016-03-16T00:00:00Z,SVP
126966,2015-08-25T22:00:00Z,-28.65602,-44.6971,-0.1399,0.1795,237.58334,2016-03-16T00:00:00Z,SVP
126966,2015-08-25T23:00:00Z,-28.65015,-44.70187,-0.1413,0.18,237.58334,2016-03-16T00:00:00Z,SVP
126966,2015-08-26T00:00:00Z,-28.64419,-44.70778,-0.2097,0.1923,140.41666,2016-03-16T00:00:00Z,SVP
126966,2015-08-26T01:00:00Z,-28.63748,-44.71501,-0.1518,0.2396,108.00001,2016-03-16T00:00:00Z,SVP
126966,2015-08-26T02:00:00Z,-28.62944,-44.71909,-0.1129,0.2445,374.41666,2016-03-16T00:00:00Z,SVP
126966,2015-08-26T03:00:00Z,-28.62118,-44.72317,-0.1126,0.245,374.41666,2016-03-16T00:00:00Z,SVP
126966,2015-08-26T04:00:00Z,-28.61313,-44.72819,-0.1322,0.2491,252.0,2016-03-16T00:00:00Z,SVP
126966,2015-08-26T05:00:00Z,-28.60586,-44.73202,-0.1269,0.2503,252.0,2016-03-16T00:00:00Z,SVP
126966,2015-08-26T06:00:00Z,-28.5973,-44.74004,-0.2092,0.26,327.58334,2016-03-16T00:00:00Z,SVP
126966,2015-08-26T07:00:00Z,-28.58863,-44.74871,-0.2009,0.2591,327.58334,2016-03-16T00:00:00Z,SVP
126966,2015-08-26T08:00:00Z,-28.58007,-44.75607,-0.2207,0.2769,198.00002,2016-03-16T00:00:00Z,SVP
126966,2015-08-26T09:00:00Z,-28.57133,-44.76398,-0.2482,0.2784,244.79167,2016-03-16T00:00:00Z,SVP
126966,2015-08-26T10:00:00Z,-28.56195,-44.77378,-0.253,0.2799,244.79167,2016-03-16T00:00:00Z,SVP
126966,2015-08-26T11:00:00Z,-28.55346,-44.78304,-0.265,0.2667,172.79166,2016-03-16T00:00:00Z,SVP
126966,2015-08-26T12:00:00Z,-28.54563,-44.79169,-0.2222,0.2057,118.79167,2016-03-16T00:00:00Z,SVP
126966,2015-08-26T13:00:00Z,-28.53928,-44.79982,-0.2247,0.1789,795.5833,2016-03-16T00:00:00Z,SVP
126966,2015-08-26T14:00:00Z,-28.53348,-44.80843,-0.2244,0.1788,795.5833,2016-03-16T00:00:00Z,SVP
126966,2015-08-26T15:00:00Z,-28.52753,-44.81682,-0.2243,0.1792,795.5833,2016-03-16T00:00:00Z,SVP
126966,2015-08-26T16:00:00Z,-28.52136,-44.82515,-0.2242,0.1803,795.5833,2016-03-16T00:00:00Z,SVP
126966,2015-08-26T17:00:00Z,-28.51482,-44.83344,-0.2242,0.1821,795.5833,2016-03-16T00:00:00Z,SVP
126966,2015-08-26T18:00:00Z,-28.50906,-44.84113,-0.2186,0.1552,324.0,2016-03-16T00:00:00Z,SVP
126966,2015-08-26T19:00:00Z,-28.5057,-44.849,-0.2172,0.1591,324.0,2016-03-16T00:00:00Z,SVP
126966,2015-08-26T20:00:00Z,-28.50162,-44.85684,-0.1422,0.2183,248.41667,2016-03-16T00:00:00Z,SVP
126966,2015-08-26T21:00:00Z,-28.49435,-44.86134,-0.1446,0.2189,248.41667,2016-03-16T00:00:00Z,SVP
126966,2015-08-26T22:00:00Z,-28.48769,-44.86702,-0.1432,0.2208,622.7917,2016-03-16T00:00:00Z,SVP
126966,2015-08-26T23:00:00Z,-28.48028,-44.87229,-0.1434,0.2215,622.7917,2016-03-16T00:00:00Z,SVP
126966,2015-08-27T00:00:00Z,-28.47272,-44.87738,-0.1436,0.2224,622.7917,2016-03-16T00:00:00Z,SVP
126966,2015-08-27T01:00:00Z,-28.46496,-44.88228,-0.1438,0.2233,622.7917,2016-03-16T00:00:00Z,SVP
126966,2015-08-27T02:00:00Z,-28.45802,-44.88745,-0.1534,0.1854,518.4167,2016-03-16T00:00:00Z,SVP
126966,2015-08-27T03:00:00Z,-28.45272,-44.89363,-0.1544,0.1865,518.4167,2016-03-16T00:00:00Z,SVP
126966,2015-08-27T04:00:00Z,-28.44727,-44.89989,-0.1553,0.1883,518.4167,2016-03-16T00:00:00Z,SVP
126966,2015-08-27T05:00:00Z,-28.44174,-44.90661,-0.1565,0.1908,518.4167,2016-03-16T00:00:00Z,SVP
126966,2015-08-27T06:00:00Z,-28.4348,-44.91032,-0.1436,0.1848,291.58334,2016-03-16T00:00:00Z,SVP
126966,2015-08-27T07:00:00Z,-28.42854,-44.91495,-0.1434,0.1855,291.58334,2016-03-16T00:00:00Z,SVP
126966,2015-08-27T08:00:00Z,-28.42304,-44.92351,-0.2512,0.1717,126.0,2016-03-16T00:00:00Z,SVP
126966,2015-08-27T09:00:00Z,-28.41659,-44.93192,-0.2304,0.2244,180.0,2016-03-16T00:00:00Z,SVP
126966,2015-08-27T10:00:00Z,-28.41005,-44.9398,-0.2279,0.2226,194.41666,2016-03-16T00:00:00Z,SVP
126966,2015-08-27T11:00:00Z,-28.40182,-44.94895,-0.2323,0.2266,194.41666,2016-03-16T00:00:00Z,SVP
126966,2015-08-27T12:00:00Z,-28.39574,-44.95257,-0.048,0.1446,144.0,2016-03-16T00:00:00Z,SVP
126966,2015-08-27T13:00:00Z,-28.39037,-44.95572,-0.0612,0.152,975.5834,2016-03-16T00:00:00Z,SVP
126966,2015-08-27T14:00:00Z,-28.38557,-44.95768,-0.0613,0.152,975.5834,2016-03-16T00:00:00Z,SVP
126966,2015-08-27T15:00:00Z,-28.3807,-44.95982,-0.0613,0.152,975.5834,2016-03-16T00:00:00Z,SVP
126966,2015-08-27T16:00:00Z,-28.37582,-44.962,-0.0613,0.152,975.5834,2016-03-16T00:00:00Z,SVP
126966,2015-08-27T17:00:00Z,-28.37095,-44.96417,-0.0613,0.152,975.5834,2016-03-16T00:00:00Z,SVP
126966,2015-08-27T18:00:00Z,-28.36611,-44.9663,-0.0614,0.1521,975.5834,2016-03-16T00:00:00Z,SVP
126966,2015-08-27T19:00:00Z,-28.36147,-44.96817,-0.0616,0.1522,975.5834,2016-03-16T00:00:00Z,SVP
126966,2015-08-27T20:00:00Z,-28.35428,-44.97007,0.2276,0.4003,176.41667,2016-03-16T00:00:00Z,SVP
126966,2015-08-27T21:00:00Z,-28.34392,-44.96154,0.2334,0.3604,176.41667,2016-03-16T00:00:00Z,SVP
126966,2015-08-27T22:00:00Z,-28.32675,-44.95753,0.0248,0.4577,338.4167,2016-03-16T00:00:00Z,SVP
126966,2015-08-27T23:00:00Z,-28.31267,-44.95663,0.0228,0.4656,338.4167,2016-03-16T00:00:00Z,SVP
126966,2015-08-28T00:00:00Z,-28.29697,-44.95566,-0.0055,0.4694,100.79167,2016-03-16T00:00:00Z,SVP
126966,2015-08-28T01:00:00Z,-28.27822,-44.95782,-0.0675,0.6188,144.0,2016-03-16T00:00:00Z,SVP
126966,2015-08-28T02:00:00Z,-28.25958,-44.94954,-0.2281,0.5847,536.4166,2016-03-16T00:00:00Z,SVP
126966,2015-08-28T03:00:00Z,-28.24031,-44.95837,-0.2259,0.5864,536.4166,2016-03-16T00:00:00Z,SVP
126966,2015-08-28T04:00:00Z,-28.21983,-44.96644,-0.2281,0.5958,536.4166,2016-03-16T00:00:00Z,SVP
126966,2015-08-28T05:00:00Z,-28.19779,-44.97385,-0.244,0.4639,345.5833,2016-03-16T00:00:00Z,SVP
126966,2015-08-28T06:00:00Z,-28.18334,-44.98312,-0.2433,0.468,345.5833,2016-03-16T00:00:00Z,SVP
126966,2015-08-28T07:00:00Z,-28.16799,-44.99234,-0.2424,0.4602,345.5833,2016-03-16T00:00:00Z,SVP
126966,2015-08-28T08:00:00Z,-28.15645,-44.99899,-0.1742,0.3514,154.79166,2016-03-16T00:00:00Z,SVP
126966,2015-08-28T09:00:00Z,-28.1467,-45.00295,-0.126,0.2923,165.58333,2016-03-16T00:00:00Z,SVP
126966,2015-08-28T10:00:00Z,-28.13757,-45.00815,-0.1839,0.2745,342.0,2016-03-16T00:00:00Z,SVP
126966,2015-08-28T11:00:00Z,-28.12846,-45.01453,-0.19,0.2727,342.0,2016-03-16T00:00:00Z,SVP
126966,2015-08-28T12:00:00Z,-28.11981,-45.02155,-0.2523,0.2441,136.79167,2016-03-16T00:00:00Z,SVP
126966,2015-08-28T13:00:00Z,-28.11156,-45.03082,-0.2354,0.2959,118.79167,2016-03-16T00:00:00Z,SVP
126966,2015-08-28T14:00:00Z,-28.10165,-45.03085,0.0068,0.3306,601.2084,2016-03-16T00:00:00Z,SVP
126966,2015-08-28T15:00:00Z,-28.09078,-45.02998,0.0057,0.3308,601.2084,2016-03-16T00:00:00Z,SVP
126966,2015-08-28T16:00:00Z,-28.08004,-45.02952,0.0053,0.3309,601.2084,2016-03-16T00:00:00Z,SVP
126966,2015-08-28T17:00:00Z,-28.06939,-45.02915,0.0049,0.3309,601.2084,2016-03-16T00:00:00Z,SVP
126966,2015-08-28T18:00:00Z,-28.05794,-45.02911,0.0208,0.3539,352.7917,2016-03-16T00:00:00Z,SVP
126966,2015-08-28T19:00:00Z,-28.04647,-45.02872,0.0207,0.3545,352.7917,2016-03-16T00:00:00Z,SVP
126966,2015-08-28T20:00:00Z,-28.03434,-45.02768,0.0314,0.3984,126.0,2016-03-16T00:00:00Z,SVP
126966,2015-08-28T21:00:00Z,-28.02129,-45.02651,0.0043,0.3661,104.41666,2016-03-16T00:00:00Z,SVP
126966,2015-08-28T22:00:00Z,-28.0086,-45.02527,0.0202,0.3759,417.58334,2016-03-16T00:00:00Z,SVP
126966,2015-08-28T23:00:00Z,-27.99695,-45.02565,0.0124,0.3731,417.58334,2016-03-16T00:00:00Z,SVP
126966,2015-08-29T00:00:00Z,-27.98621,-45.02693,0.0069,0.3688,417.58334,2016-03-16T00:00:00Z,SVP
126966,2015-08-29T01:00:00Z,-27.96922,-45.01987,0.0075,0.3528,572.4167,2016-03-16T00:00:00Z,SVP
126966,2015-08-29T02:00:00Z,-27.95886,-45.02117,0.0124,0.3571,572.4167,2016-03-16T00:00:00Z,SVP
126966,2015-08-29T03:00:00Z,-27.94767,-45.02186,0.0191,0.3592,572.4167,2016-03-16T00:00:00Z,SVP
126966,2015-08-29T04:00:00Z,-27.9361,-45.02185,0.0242,0.3594,572.4167,2016-03-16T00:00:00Z,SVP
126966,2015-08-29T05:00:00Z,-27.92433,-45.02093,0.0201,0.3417,320.41666,2016-03-16T00:00:00Z,SVP
126966,2015-08-29T06:00:00Z,-27.91319,-45.01912,0.0179,0.3418,320.41666,2016-03-16T00:00:00Z,SVP
126966,2015-08-29T07:00:00Z,-27.90208,-45.01807,0.041,0.3381,144.0,2016-03-16T00:00:00Z,SVP
126966,2015-08-29T08:00:00Z,-27.89115,-45.01669,0.038,0.3468,122.416664,2016-03-16T00:00:00Z,SVP
126966,2015-08-29T09:00:00Z,-27.88032,-45.01566,0.0176,0.3279,126.0,2016-03-16T00:00:00Z,SVP
126966,2015-08-29T10:00:00Z,-27.87134,-45.01345,0.0593,0.2512,144.0,2016-03-16T00:00:00Z,SVP
126966,2015-08-29T11:00:00Z,-27.86275,-45.01044,0.0959,0.2629,122.416664,2016-03-16T00:00:00Z,SVP
126966,2015-08-29T12:00:00Z,-27.85211,-45.00854,-0.0179,0.3931,133.20833,2016-03-16T00:00:00Z,SVP
126966,2015-08-29T13:00:00Z,-27.83855,-45.01174,0.1454,0.2524,630.0,2016-03-16T00:00:00Z,SVP
126966,2015-08-29T14:00:00Z,-27.83156,-45.00525,0.1424,0.2571,630.0,2016-03-16T00:00:00Z,SVP
126966,2015-08-29T15:00:00Z,-27.8236,-44.9999,0.1425,0.2589,630.0,2016-03-16T00:00:00Z,SVP
126966,2015-08-29T16:00:00Z,-27.81538,-44.995,0.1449,0.2599,630.0,2016-03-16T00:00:00Z,SVP
126966,2015-08-29T17:00:00Z,-27.80708,-44.99034,0.1491,0.2609,630.0,2016-03-16T00:00:00Z,SVP
126966,2015-08-29T18:00:00Z,-27.798,-44.98172,0.2048,0.258,244.79167,2016-03-16T00:00:00Z,SVP
126966,2015-08-29T19:00:00Z,-27.78911,-44.97219,0.2352,0.2908,104.41666,2016-03-16T00:00:00Z,SVP
126966,2015-08-29T20:00:00Z,-27.77985,-44.96393,0.2296,0.2695,90.0,2016-03-16T00:00:00Z,SVP
126966,2015-08-29T21:00:00Z,-27.77065,-44.9566,0.2072,0.2931,144.0,2016-03-16T00:00:00Z,SVP
126966,2015-08-29T22:00:00Z,-27.75889,-44.95044,0.1928,0.3353,298.7917,2016-03-16T00:00:00Z,SVP
126966,2015-08-29T23:00:00Z,-27.7484,-44.94154,0.2062,0.3354,298.7917,2016-03-16T00:00:00Z,SVP
126966,2015-08-30T00:00:00Z,-27.7369,-44.93224,0.2375,0.3419,147.58333,2016-03-16T00:00:00Z,SVP
126966,2015-08-30T01:00:00Z,-27.72523,-44.92452,0.2323,0.4074,104.41666,2016-03-16T00:00:00Z,SVP
126966,2015-08-30T02:00:00Z,-27.71228,-44.91564,0.2161,0.398,457.20834,2016-03-16T00:00:00Z,SVP
126966,2015-08-30T03:00:00Z,-27.69937,-44.90818,0.218,0.3977,457.20834,2016-03-16T00:00:00Z,SVP
126966,2015-08-30T04:00:00Z,-27.68619,-44.90038,0.2191,0.3975,457.20834,2016-03-16T00:00:00Z,SVP
126966,2015-08-30T05:00:00Z,-27.67284,-44.89139,0.2217,0.399,262.79166,2016-03-16T00:00:00Z,SVP
126966,2015-08-30T06:00:00Z,-27.6607,-44.88336,0.2232,0.3977,262.79166,2016-03-16T00:00:00Z,SVP
126966,2015-08-30T07:00:00Z,-27.64783,-44.87343,0.2702,0.3072,100.79167,2016-03-16T00:00:00Z,SVP
126966,2015-08-30T08:00:00Z,-27.63809,-44.86536,0.1991,0.2824,144.0,2016-03-16T00:00:00Z,SVP
126966,2015-08-30T09:00:00Z,-27.62866,-44.85898,0.1812,0.3086,111.583336,2016-03-16T00:00:00Z,SVP
126966,2015-08-30T10:00:00Z,-27.61902,-44.85044,0.2414,0.3066,126.0,2016-03-16T00:00:00Z,SVP
126966,2015-08-30T11:00:00Z,-27.60848,-44.83256,0.119,0.2861,136.79167,2016-03-16T00:00:00Z,SVP
126966,2015-08-30T12:00:00Z,-27.59957,-44.82992,0.2322,0.3076,115.208336,2016-03-16T00:00:00Z,SVP
126966,2015-08-30T13:00:00Z,-27.58986,-44.82153,0.2561,0.3216,648.0,2016-03-16T00:00:00Z,SVP
126966,2015-08-30T14:00:00Z,-27.57936,-44.81212,0.2566,0.3218,648.0,2016-03-16T00:00:00Z,SVP
126966,2015-08-30T15:00:00Z,-27.56895,-44.80289,0.2561,0.3219,648.0,2016-03-16T00:00:00Z,SVP
126966,2015-08-30T16:00:00Z,-27.55858,-44.7939,0.255,0.3219,648.0,2016-03-16T00:00:00Z,SVP
126966,2015-08-30T17:00:00Z,-27.54821,-44.78541,0.2623,0.3347,241.20834,2016-03-16T00:00:00Z,SVP
126966,2015-08-30T18:00:00Z,-27.53681,-44.77388,0.2711,0.337,241.20834,2016-03-16T00:00:00Z,SVP
126966,2015-08-30T19:00:00Z,-27.52475,-44.76559,0.2285,0.381,100.79167,2016-03-16T00:00:00Z,SVP
126966,2015-08-30T20:00:00Z,-27.5134,-44.75809,0.3385,0.2571,151.20834,2016-03-16T00:00:00Z,SVP
126966,2015-08-30T21:00:00Z,-27.50522,-44.74519,0.2855,0.2843,90.0,2016-03-16T00:00:00Z,SVP
126966,2015-08-30T22:00:00Z,-27.49563,-44.73755,0.1778,0.3118,288.0,2016-03-16T00:00:00Z,SVP
126966,2015-08-30T23:00:00Z,-27.48442,-44.73087,0.1772,0.3197,288.0,2016-03-16T00:00:00Z,SVP
126966,2015-08-31T00:00:00Z,-27.47526,-44.72447,0.1691,0.3108,136.79167,2016-03-16T00:00:00Z,SVP
126966,2015-08-31T01:00:00Z,-27.46382,-44.7159,0.261,0.3463,111.583336,2016-03-16T00:00:00Z,SVP
126966,2015-08-31T02:00:00Z,-27.45349,-44.70712,0.2541,0.3389,478.79163,2016-03-16T00:00:00Z,SVP
126966,2015-08-31T03:00:00Z,-27.44243,-44.69772,0.2538,0.3384,478.79163,2016-03-16T00:00:00Z,SVP
126966,2015-08-31T04:00:00Z,-27.43102,-44.68799,0.253,0.3372,478.79163,2016-03-16T00:00:00Z,SVP
126966,2015-08-31T05:00:00Z,-27.42098,-44.67894,0.2464,0.3092,262.79166,2016-03-16T00:00:00Z,SVP
126966,2015-08-31T06:00:00Z,-27.4114,-44.67118,0.2476,0.2943,0.0,2016-03-16T00:00:00Z,SVP
126966,2015-08-31T07:00:00Z,-27.40104,-44.65879,0.273,0.3081,158.41667,2016-03-16T00:00:00Z,SVP
126966,2015-08-31T08:00:00Z,-27.39069,-44.65055,0.2599,0.3234,187.20833,2016-03-16T00:00:00Z,SVP
126966,2015-08-31T09:00:00Z,-27.38054,-44.64255,0.2302,0.3127,111.583336,2016-03-16T00:00:00Z,SVP
126966,2015-08-31T10:00:00Z,-27.37063,-44.63452,0.2463,0.3162,298.7917,2016-03-16T00:00:00Z,SVP
126966,2015-08-31T11:00:00Z,-27.36015,-44.6252,0.2465,0.3163,298.7917,2016-03-16T00:00:00Z,SVP
126966,2015-08-31T12:00:00Z,-27.35079,-44.61695,0.2312,0.2856,108.00001,2016-03-16T00:00:00Z,SVP
126966,2015-08-31T13:00:00Z,-27.34328,-44.60745,0.2681,0.2428,151.20834,2016-03-16T00:00:00Z,SVP
126966,2015-08-31T14:00:00Z,-27.33524,-44.59753,0.3023,0.2549,547.2084,2016-03-16T00:00:00Z,SVP
126966,2015-08-31T15:00:00Z,-27.32687,-44.58672,0.3022,0.2545,547.2084,2016-03-16T00:00:00Z,SVP
126966,2015-08-31T16:00:00Z,-27.31862,-44.57626,0.302,0.2546,547.2084,2016-03-16T00:00:00Z,SVP
126966,2015-08-31T17:00:00Z,-27.31038,-44.56544,0.3979,0.29,244.79167,2016-03-16T00:00:00Z,SVP
126966,2015-08-31T18:00:00Z,-27.30136,-44.5469,0.4538,0.2903,244.79167,2016-03-16T00:00:00Z,SVP
126966,2015-08-31T19:00:00Z,-27.29049,-44.53264,0.2786,0.3556,324.0,2016-03-16T00:00:00Z,SVP
126966,2015-08-31T20:00:00Z,-27.27806,-44.52252,0.2776,0.3536,324.0,2016-03-16T00:00:00Z,SVP
126966,2015-08-31T21:00:00Z,-27.26651,-44.51164,0.2801,0.3634,500.4167,2016-03-16T00:00:00Z,SVP
126966,2015-08-31T22:00:00Z,-27.25522,-44.50176,0.2791,0.3639,500.4167,2016-03-16T00:00:00Z,SVP
126966,2015-08-31T23:00:00Z,-27.24372,-44.49219,0.2777,0.3643,500.4167,2016-03-16T00:00:00Z,SVP
126966,2015-09-01T00:00:00Z,-27.2323,-44.48339,0.3262,0.3615,0.0,2016-03-16T00:00:00Z,SVP
126966,2015-09-01T01:00:00Z,-27.21937,-44.46974,0.3611,0.3896,248.41667,2016-03-16T00:00:00Z,SVP
126966,2015-09-01T02:00:00Z,-27.20634,-44.45684,0.3555,0.4235,363.58334,2016-03-16T00:00:00Z,SVP
126966,2015-09-01T03:00:00Z,-27.19222,-44.44387,0.3549,0.4248,363.58334,2016-03-16T00:00:00Z,SVP
126966,2015-09-01T04:00:00Z,-27.17804,-44.42989,0.3604,0.4256,363.58334,2016-03-16T00:00:00Z,SVP
126966,2015-09-01T05:00:00Z,-27.16517,-44.42005,0.3211,0.4159,266.41666,2016-03-16T00:00:00Z,SVP
126966,2015-09-01T06:00:00Z,-27.15181,-44.40908,0.3395,0.3918,338.4167,2016-03-16T00:00:00Z,SVP
126966,2015-09-01T07:00:00Z,-27.13915,-44.39584,0.3386,0.3916,338.4167,2016-03-16T00:00:00Z,SVP
126966,2015-09-01T08:00:00Z,-27.12632,-44.3836,0.3409,0.3913,338.4167,2016-03-16T00:00:00Z,SVP
126966,2015-09-01T09:00:00Z,-27.11437,-44.36925,0.396,0.369,0.0,2016-03-16T00:00:00Z,SVP
126966,2015-09-01T10:00:00Z,-27.10257,-44.35528,0.3904,0.3603,320.41666,2016-03-16T00:00:00Z,SVP
126966,2015-09-01T11:00:00Z,-27.09066,-44.34105,0.3899,0.3588,320.41666,2016-03-16T00:00:00Z,SVP
126966,2015-09-01T12:00:00Z,-27.07964,-44.32862,0.2851,0.3901,140.41666,2016-03-16T00:00:00Z,SVP
126966,2015-09-01T13:00:00Z,-27.06714,-44.32062,0.3108,0.4713,568.7917,2016-03-16T00:00:00Z,SVP
126966,2015-09-01T14:00:00Z,-27.05137,-44.30841,0.3129,0.4734,568.7917,2016-03-16T00:00:00Z,SVP
126966,2015-09-01T15:00:00Z,-27.03603,-44.29688,0.3138,0.4738,568.7917,2016-03-16T00:00:00Z,SVP
126966,2015-09-01T16:00:00Z,-27.021,-44.28576,0.3141,0.4735,568.7917,2016-03-16T00:00:00Z,SVP
126966,2015-09-01T17:00:00Z,-27.00508,-44.27513,0.3142,0.555,230.41667,2016-03-16T00:00:00Z,SVP
126966,2015-09-05T14:00:00Z,-27.00403,-43.30091,0.0485,-0.1558,802.7916,2016-03-16T00:00:00Z,SVP
126966,2015-09-05T15:00:00Z,-27.00912,-43.29924,0.0486,-0.1557,802.7916,2016-03-16T00:00:00Z,SVP
126966,2015-09-05T16:00:00Z,-27.01422,-43.29771,0.0487,-0.1557,802.7916,2016-03-16T00:00:00Z,SVP
126966,2015-09-05T17:00:00Z,-27.01937,-43.29651,0.0489,-0.1555,802.7916,2016-03-16T00:00:00Z,SVP
126966,2015-09-05T18:00:00Z,-27.02449,-43.29461,0.068,-0.1583,324.0,2016-03-16T00:00:00Z,SVP
126966,2015-09-05T19:00:00Z,-27.02936,-43.2913,0.0653,-0.1585,324.0,2016-03-16T00:00:00Z,SVP
126966,2015-09-05T20:00:00Z,-27.0347,-43.28873,0.0709,-0.1883,244.79167,2016-03-16T00:00:00Z,SVP
126966,2015-09-05T21:00:00Z,-27.04088,-43.28656,0.0709,-0.1895,244.79167,2016-03-16T00:00:00Z,SVP
126966,2015-09-05T22:00:00Z,-27.04694,-43.28374,0.0755,-0.1927,392.41666,2016-03-16T00:00:00Z,SVP
126966,2015-09-05T23:00:00Z,-27.05365,-43.2811,0.0755,-0.195,392.41666,2016-03-16T00:00:00Z,SVP
126966,2015-09-06T00:00:00Z,-27.06037,-43.27895,0.0653,-0.1296,741.5833,2016-03-16T00:00:00Z,SVP
126966,2015-09-06T01:00:00Z,-27.06393,-43.27662,0.0651,-0.1295,741.5833,2016-03-16T00:00:00Z,SVP
126966,2015-09-06T02:00:00Z,-27.06778,-43.27419,0.0652,-0.1298,741.5833,2016-03-16T00:00:00Z,SVP
126966,2015-09-06T03:00:00Z,-27.07183,-43.27159,0.0658,-0.1298,741.5833,2016-03-16T00:00:00Z,SVP
126966,2015-09-06T04:00:00Z,-27.0761,-43.26812,0.069,-0.1295,741.5833,2016-03-16T00:00:00Z,SVP
126966,2015-09-06T05:00:00Z,-27.08088,-43.25626,-0.0655,-0.1195,320.41666,2016-03-16T00:00:00Z,SVP
126966,2015-09-06T06:00:00Z,-27.08425,-43.26507,0.0555,-0.1195,320.41666,2016-03-16T00:00:00Z,SVP
126966,2015-09-06T07:00:00Z,-27.08775,-43.26372,0.057,-0.1198,320.41666,2016-03-16T00:00:00Z,SVP
126966,2015-09-06T08:00:00Z,-27.09151,-43.2622,-0.0023,-0.0897,140.41666,2016-03-16T00:00:00Z,SVP
126966,2015-09-06T09:00:00Z,-27.09314,-43.26297,-0.0816,-0.1061,126.0,2016-03-16T00:00:00Z,SVP
126966,2015-09-06T10:00:00Z,-27.0971,-43.26597,-0.0928,-0.1024,223.20834,2016-03-16T00:00:00Z,SVP
126966,2015-09-06T11:00:00Z,-27.10001,-43.26936,-0.0926,-0.102,223.20834,2016-03-16T00:00:00Z,SVP
126966,2015-09-06T12:00:00Z,-27.10363,-43.27038,-0.0121,-0.1706,133.20833,2016-03-16T00:00:00Z,SVP
126966,2015-09-06T13:00:00Z,-27.10898,-43.26969,-0.042,-0.2145,684.0,2016-03-16T00:00:00Z,SVP
126966,2015-09-06T14:00:00Z,-27.11597,-43.27167,-0.0433,-0.2146,684.0,2016-03-16T00:00:00Z,SVP
126966,2015-09-06T15:00:00Z,-27.12293,-43.27362,-0.0443,-0.2146,684.0,2016-03-16T00:00:00Z,SVP
126966,2015-09-06T16:00:00Z,-27.12986,-43.27588,-0.046,-0.2146,684.0,2016-03-16T00:00:00Z,SVP
126966,2015-09-06T17:00:00Z,-27.13673,-43.27958,-0.0523,-0.2146,684.0,2016-03-16T00:00:00Z,SVP
126966,2015-09-06T18:00:00Z,-27.14291,-43.2778,-0.0264,-0.2069,342.0,2016-03-16T00:00:00Z,SVP
126966,2015-09-06T19:00:00Z,-27.14967,-43.27762,-0.0292,-0.2067,342.0,2016-03-16T00:00:00Z,SVP
126966,2015-09-06T20:00:00Z,-27.15541,-43.27779,0.0614,-0.1534,90.0,2016-03-16T00:00:00Z,SVP
126966,2015-09-06T21:00:00Z,-27.15979,-43.2765,0.0157,-0.1499,68.416664,2016-03-16T00:00:00Z,SVP
126966,2015-09-06T22:00:00Z,-27.16462,-43.2754,0.005,-0.1679,252.0,2016-03-16T00:00:00Z,SVP
126966,2015-09-06T23:00:00Z,-27.16961,-43.27682,-1.0E-4,-0.1656,252.0,2016-03-16T00:00:00Z,SVP
126966,2015-09-07T00:00:00Z,-27.17556,-43.27815,-0.058,-0.1874,104.41666,2016-03-16T00:00:00Z,SVP
126966,2015-09-07T01:00:00Z,-27.18171,-43.28159,-0.2001,-0.214,129.58333,2016-03-16T00:00:00Z,SVP
126966,2015-09-07T02:00:00Z,-27.18981,-43.28536,-0.1115,-0.2471,525.5833,2016-03-16T00:00:00Z,SVP
126966,2015-09-07T03:00:00Z,-27.19747,-43.29553,-0.1953,-0.2446,525.5833,2016-03-16T00:00:00Z,SVP
126966,2015-09-07T04:00:00Z,-27.20413,-43.30307,-0.1974,-0.2357,525.5833,2016-03-16T00:00:00Z,SVP
126966,2015-09-07T05:00:00Z,-27.21159,-43.30755,0.0622,-0.255,338.4167,2016-03-16T00:00:00Z,SVP
126966,2015-09-07T06:00:00Z,-27.22298,-43.3046,0.0564,-0.2673,338.4167,2016-03-16T00:00:00Z,SVP
126966,2015-09-07T07:00:00Z,-27.23339,-43.30232,0.0457,-0.2111,255.58333,2016-03-16T00:00:00Z,SVP
126966,2015-09-07T08:00:00Z,-27.23845,-43.30151,0.0387,-0.2098,255.58333,2016-03-16T00:00:00Z,SVP
126966,2015-09-07T09:00:00Z,-27.2454,-43.29983,0.0645,-0.1957,72.0,2016-03-16T00:00:00Z,SVP
126966,2015-09-07T10:00:00Z,-27.25166,-43.29585,0.123,-0.2192,363.58334,2016-03-16T00:00:00Z,SVP
126966,2015-09-07T11:00:00Z,-27.25841,-43.29096,0.1194,-0.2216,363.58334,2016-03-16T00:00:00Z,SVP
126966,2015-09-07T12:00:00Z,-27.26502,-43.28739,0.0271,-0.1563,140.41666,2016-03-16T00:00:00Z,SVP
126966,2015-09-07T13:00:00Z,-27.27035,-43.28595,0.0283,-0.1142,705.5834,2016-03-16T00:00:00Z,SVP
126966,2015-09-07T14:00:00Z,-27.27348,-43.28522,0.0266,-0.1158,705.5834,2016-03-16T00:00:00Z,SVP
126966,2015-09-07T15:00:00Z,-27.27707,-43.28451,0.0256,-0.1162,705.5834,2016-03-16T00:00:00Z,SVP
126966,2015-09-07T16:00:00Z,-27.28083,-43.28393,0.0246,-0.1161,705.5834,2016-03-16T00:00:00Z,SVP
126966,2015-09-07T17:00:00Z,-27.28472,-43.28361,0.0234,-0.1153,705.5834,2016-03-16T00:00:00Z,SVP
126966,2015-09-07T18:00:00Z,-27.28735,-43.27714,0.198,-0.0849,252.0,2016-03-16T00:00:00Z,SVP
126966,2015-09-07T19:00:00Z,-27.28883,-43.27051,-0.3121,-0.023,90.0,2016-03-16T00:00:00Z,SVP
126966,2015-09-07T20:00:00Z,-27.28681,-43.27972,0.0454,0.1529,64.791664,2016-03-16T00:00:00Z,SVP
126966,2015-09-07T21:00:00Z,-27.28352,-43.27927,-0.0019,0.0699,111.583336,2016-03-16T00:00:00Z,SVP
126966,2015-09-07T22:00:00Z,-27.28312,-43.28237,-0.1213,0.0058,381.5833,2016-03-16T00:00:00Z,SVP
126966,2015-09-07T23:00:00Z,-27.28286,-43.2867,-0.1213,0.006,381.5833,2016-03-16T00:00:00Z,SVP
126966,2015-09-08T00:00:00Z,-27.28261,-43.29058,-0.1203,0.0061,381.5833,2016-03-16T00:00:00Z,SVP
126966,2015-09-08T01:00:00Z,-27.28395,-43.29793,-0.2166,-0.0826,111.583336,2016-03-16T00:00:00Z,SVP
126966,2015-09-08T02:00:00Z,-27.28826,-43.30627,-0.2013,-0.1114,421.20834,2016-03-16T00:00:00Z,SVP
126966,2015-09-08T03:00:00Z,-27.29024,-43.31336,-0.2011,-0.0968,421.20834,2016-03-16T00:00:00Z,SVP
126966,2015-09-08T04:00:00Z,-27.29231,-43.32065,-0.201,-0.0928,421.20834,2016-03-16T00:00:00Z,SVP
126966,2015-09-08T05:00:00Z,-27.29714,-43.32867,-0.2111,-0.1726,259.20834,2016-03-16T00:00:00Z,SVP
126966,2015-09-08T06:00:00Z,-27.3055,-43.33638,-0.2126,-0.1494,259.20834,2016-03-16T00:00:00Z,SVP
126966,2015-09-08T07:00:00Z,-27.31031,-43.34512,-0.1105,-0.2705,57.583332,2016-03-16T00:00:00Z,SVP
126966,2015-09-08T08:00:00Z,-27.31926,-43.34872,-0.0788,-0.3016,205.20834,2016-03-16T00:00:00Z,SVP
126966,2015-09-08T09:00:00Z,-27.3289,-43.35175,-0.084,-0.2967,223.20834,2016-03-16T00:00:00Z,SVP
126966,2015-09-08T10:00:00Z,-27.33878,-43.35829,-0.1477,-0.2996,223.20834,2016-03-16T00:00:00Z,SVP
126966,2015-09-08T11:00:00Z,-27.34619,-43.34941,0.0212,-0.2359,136.79167,2016-03-16T00:00:00Z,SVP
126966,2015-09-08T12:00:00Z,-27.35242,-43.3514,0.0871,-0.176,255.58333,2016-03-16T00:00:00Z,SVP
126966,2015-09-08T13:00:00Z,-27.35739,-43.34899,0.0996,-0.1592,615.5833,2016-03-16T00:00:00Z,SVP
126966,2015-09-08T14:00:00Z,-27.36311,-43.34487,0.098,-0.1632,615.5833,2016-03-16T00:00:00Z,SVP
126966,2015-09-08T15:00:00Z,-27.36892,-43.3412,0.0978,-0.1653,615.5833,2016-03-16T00:00:00Z,SVP
126966,2015-09-08T16:00:00Z,-27.37489,-43.33778,0.099,-0.1664,615.5833,2016-03-16T00:00:00Z,SVP
126966,2015-09-08T17:00:00Z,-27.38115,-43.33471,0.1081,-0.0995,241.20834,2016-03-16T00:00:00Z,SVP
126966,2015-09-08T18:00:00Z,-27.38254,-43.33013,0.1099,-0.1108,241.20834,2016-03-16T00:00:00Z,SVP
126966,2015-09-08T19:00:00Z,-27.38498,-43.32645,0.1028,-0.063,97.20833,2016-03-16T00:00:00Z,SVP
126966,2015-09-08T20:00:00Z,-27.3842,-43.32507,-0.0727,0.1584,151.20834,2016-03-16T00:00:00Z,SVP
126966,2015-09-08T21:00:00Z,-27.38018,-43.32763,-0.0948,0.0896,93.583336,2016-03-16T00:00:00Z,SVP
126966,2015-09-08T22:00:00Z,-27.37639,-43.33256,-0.0961,0.0673,338.4167,2016-03-16T00:00:00Z,SVP
126966,2015-09-08T23:00:00Z,-27.37486,-43.33487,-0.0964,0.0709,338.4167,2016-03-16T00:00:00Z,SVP
126966,2015-09-09T00:00:00Z,-27.37264,-43.33846,-0.1921,0.064,126.0,2016-03-16T00:00:00Z,SVP
126966,2015-09-09T01:00:00Z,-27.37089,-43.34612,-0.2272,-0.0164,100.79167,2016-03-16T00:00:00Z,SVP
126966,2015-09-09T02:00:00Z,-27.37213,-43.3542,-0.2162,-0.0616,453.5833,2016-03-16T00:00:00Z,SVP
126966,2015-09-09T03:00:00Z,-27.37379,-43.36255,-0.2177,-0.0596,453.5833,2016-03-16T00:00:00Z,SVP
126966,2015-09-09T04:00:00Z,-27.37495,-43.37119,-0.2192,-0.0562,453.5833,2016-03-16T00:00:00Z,SVP
126966,2015-09-09T05:00:00Z,-27.37954,-43.37772,-0.2027,-0.1394,262.79166,2016-03-16T00:00:00Z,SVP
126966,2015-09-09T06:00:00Z,-27.38462,-43.38381,-0.1698,-0.1783,0.0,2016-03-16T00:00:00Z,SVP
126966,2015-09-09T07:00:00Z,-27.39258,-43.39163,-0.217,-0.2798,219.58333,2016-03-16T00:00:00Z,SVP
126966,2015-09-09T08:00:00Z,-27.40209,-43.39836,-0.2198,-0.2782,219.58333,2016-03-16T00:00:00Z,SVP
126966,2015-09-09T09:00:00Z,-27.41005,-43.40702,-0.2151,-0.2525,252.0,2016-03-16T00:00:00Z,SVP
126966,2015-09-09T10:00:00Z,-27.41758,-43.4144,-0.0959,-0.1782,165.58333,2016-03-16T00:00:00Z,SVP
126966,2015-09-09T11:00:00Z,-27.41867,-43.41016,-0.1794,-0.2752,136.79167,2016-03-16T00:00:00Z,SVP
126966,2015-09-09T12:00:00Z,-27.42886,-43.41982,0.0237,-0.162,100.79167,2016-03-16T00:00:00Z,SVP
126966,2015-09-09T13:00:00Z,-27.43389,-43.41888,0.0299,-0.1342,655.2083,2016-03-16T00:00:00Z,SVP
126966,2015-09-09T14:00:00Z,-27.43833,-43.41788,0.0299,-0.1344,655.2083,2016-03-16T00:00:00Z,SVP
126966,2015-09-09T15:00:00Z,-27.44285,-43.41684,0.0299,-0.1348,655.2083,2016-03-16T00:00:00Z,SVP
126966,2015-09-09T16:00:00Z,-27.44758,-43.41578,0.0299,-0.1355,655.2083,2016-03-16T00:00:00Z,SVP
126966,2015-09-09T17:00:00Z,-27.4523,-43.41461,0.0301,-0.1139,244.79167,2016-03-16T00:00:00Z,SVP
126966,2015-09-09T18:00:00Z,-27.45456,-43.41334,0.0309,-0.1137,244.79167,2016-03-16T00:00:00Z,SVP
126966,2015-09-09T19:00:00Z,-27.45616,-43.41376,-0.0173,-0.0318,122.416664,2016-03-16T00:00:00Z,SVP
126966,2015-09-09T20:00:00Z,-27.4561,-43.41616,-0.0956,0.0164,198.00002,2016-03-16T00:00:00Z,SVP
126966,2015-09-09T21:00:00Z,-27.45562,-43.41915,-0.1062,0.0278,532.7917,2016-03-16T00:00:00Z,SVP
126966,2015-09-09T22:00:00Z,-27.45492,-43.42291,-0.1061,0.028,532.7917,2016-03-16T00:00:00Z,SVP
126966,2015-09-09T23:00:00Z,-27.45415,-43.4268,-0.106,0.0282,532.7917,2016-03-16T00:00:00Z,SVP
126966,2015-09-10T00:00:00Z,-27.45343,-43.43086,-0.1053,0.0287,532.7917,2016-03-16T00:00:00Z,SVP
126966,2015-09-10T01:00:00Z,-27.45269,-43.43484,-0.2053,-0.0587,464.41666,2016-03-16T00:00:00Z,SVP
126966,2015-09-10T02:00:00Z,-27.45526,-43.44349,-0.2023,-0.0642,464.41666,2016-03-16T00:00:00Z,SVP
126966,2015-09-10T03:00:00Z,-27.457,-43.45129,-0.201,-0.0635,464.41666,2016-03-16T00:00:00Z,SVP
126966,2015-09-10T04:00:00Z,-27.45809,-43.45914,-0.1991,-0.0621,464.41666,2016-03-16T00:00:00Z,SVP
126966,2015-09-10T05:00:00Z,-27.4644,-43.46604,-0.2167,-0.1956,266.41666,2016-03-16T00:00:00Z,SVP
126966,2015-09-10T06:00:00Z,-27.47095,-43.47267,-0.1942,-0.2197,313.20834,2016-03-16T00:00:00Z,SVP
126966,2015-09-10T07:00:00Z,-27.47819,-43.48199,-0.2181,-0.2207,313.20834,2016-03-16T00:00:00Z,SVP
126966,2015-09-10T08:00:00Z,-27.48567,-43.4909,-0.1483,-0.2503,198.00002,2016-03-16T00:00:00Z,SVP
126966,2015-09-10T09:00:00Z,-27.49397,-43.492,-0.1715,-0.2519,198.00002,2016-03-16T00:00:00Z,SVP
126966,2015-09-10T10:00:00Z,-27.50273,-43.49954,-0.1328,-0.2825,320.41666,2016-03-16T00:00:00Z,SVP
126966,2015-09-10T11:00:00Z,-27.51175,-43.50519,-0.1252,-0.2839,320.41666,2016-03-16T00:00:00Z,SVP
126966,2015-09-10T12:00:00Z,-27.52142,-43.50881,-0.1033,-0.3008,118.79167,2016-03-16T00:00:00Z,SVP
126966,2015-09-10T13:00:00Z,-27.53026,-43.51142,-0.0451,-0.2724,144.0,2016-03-16T00:00:00Z,SVP
126966,2015-09-10T14:00:00Z,-27.53887,-43.51091,0.0057,-0.2573,529.2084,2016-03-16T00:00:00Z,SVP
126966,2015-09-10T15:00:00Z,-27.54724,-43.51069,0.0065,-0.2573,529.2084,2016-03-16T00:00:00Z,SVP
126966,2015-09-10T16:00:00Z,-27.55567,-43.51149,0.0029,-0.2572,529.2084,2016-03-16T00:00:00Z,SVP
126966,2015-09-10T17:00:00Z,-27.56398,-43.51126,0.0432,-0.2522,233.99998,2016-03-16T00:00:00Z,SVP
126966,2015-09-10T18:00:00Z,-27.57193,-43.50732,0.0337,-0.2526,233.99998,2016-03-16T00:00:00Z,SVP
126966,2015-09-10T19:00:00Z,-27.57949,-43.50643,0.0493,-0.2257,309.5833,2016-03-16T00:00:00Z,SVP
126966,2015-09-10T20:00:00Z,-27.58759,-43.5063,0.0489,-0.2294,309.5833,2016-03-16T00:00:00Z,SVP
126966,2015-09-10T21:00:00Z,-27.59205,-43.50279,0.0678,-0.1196,248.41667,2016-03-16T00:00:00Z,SVP
126966,2015-09-10T22:00:00Z,-27.59552,-43.49888,0.0845,-0.0822,295.20834,2016-03-16T00:00:00Z,SVP
126966,2015-09-10T23:00:00Z,-27.59787,-43.4989,0.0514,-0.08,295.20834,2016-03-16T00:00:00Z,SVP
126966,2015-09-11T00:00:00Z,-27.59945,-43.49849,-0.0282,-0.0498,111.583336,2016-03-16T00:00:00Z,SVP
126966,2015-09-11T01:00:00Z,-27.60117,-43.5002,-0.0708,-0.032,126.0,2016-03-16T00:00:00Z,SVP
126966,2015-09-11T02:00:00Z,-27.6024,-43.50253,-0.0931,-0.0724,367.20834,2016-03-16T00:00:00Z,SVP
126966,2015-09-11T03:00:00Z,-27.60468,-43.50627,-0.092,-0.0733,367.20834,2016-03-16T00:00:00Z,SVP
126966,2015-09-11T04:00:00Z,-27.60652,-43.50975,-0.0983,-0.0998,255.58333,2016-03-16T00:00:00Z,SVP
126966,2015-09-11T05:00:00Z,-27.6104,-43.51299,-0.0985,-0.0989,255.58333,2016-03-16T00:00:00Z,SVP
126966,2015-09-11T06:00:00Z,-27.61419,-43.51641,-0.0916,-0.1415,266.41666,2016-03-16T00:00:00Z,SVP
126966,2015-09-11T07:00:00Z,-27.61814,-43.52003,-0.091,-0.1401,266.41666,2016-03-16T00:00:00Z,SVP
126966,2015-09-11T08:00:00Z,-27.62336,-43.52266,-0.0735,-0.1645,198.00002,2016-03-16T00:00:00Z,SVP
126966,2015-09-11T09:00:00Z,-27.6294,-43.52507,-0.0659,-0.205,57.583332,2016-03-16T00:00:00Z,SVP
126966,2015-09-11T10:00:00Z,-27.63688,-43.52799,-0.0663,-0.2061,190.79166,2016-03-16T00:00:00Z,SVP
126966,2015-09-11T11:00:00Z,-27.64291,-43.52876,0.0067,-0.2166,219.58333,2016-03-16T00:00:00Z,SVP
126966,2015-09-11T12:00:00Z,-27.64941,-43.52879,0.0244,-0.1507,136.79167,2016-03-16T00:00:00Z,SVP
126966,2015-09-11T13:00:00Z,-27.65479,-43.52702,0.0278,-0.0114,554.4167,2016-03-16T00:00:00Z,SVP
126966,2015-09-11T14:00:00Z,-27.65462,-43.52636,0.0262,-0.0111,554.4167,2016-03-16T00:00:00Z,SVP
126966,2015-09-11T15:00:00Z,-27.65502,-43.52598,0.0236,-0.0105,554.4167,2016-03-16T00:00:00Z,SVP
126966,2015-09-11T16:00:00Z,-27.65591,-43.52686,0.0155,-0.009,554.4167,2016-03-16T00:00:00Z,SVP
126966,2015-09-11T17:00:00Z,-27.65525,-43.52427,0.0452,0.055,233.99998,2016-03-16T00:00:00Z,SVP
126966,2015-09-11T18:00:00Z,-27.65334,-43.52053,0.0378,0.0683,233.99998,2016-03-16T00:00:00Z,SVP
126966,2015-09-11T19:00:00Z,-27.64888,-43.52111,0.0131,0.1254,280.79166,2016-03-16T00:00:00Z,SVP
126966,2015-09-11T20:00:00Z,-27.64397,-43.52937,-0.1746,0.1898,64.791664,2016-03-16T00:00:00Z,SVP
126966,2015-09-11T21:00:00Z,-27.63675,-43.53714,-0.1776,0.2357,183.58333,2016-03-16T00:00:00Z,SVP
126966,2015-09-11T22:00:00Z,-27.63062,-43.54394,-0.1699,0.1402,298.7917,2016-03-16T00:00:00Z,SVP
126966,2015-09-11T23:00:00Z,-27.6267,-43.55092,-0.1718,0.1303,298.7917,2016-03-16T00:00:00Z,SVP
126966,2015-09-12T00:00:00Z,-27.62382,-43.55748,-0.1938,0.0961,104.41666,2016-03-16T00:00:00Z,SVP
126966,2015-09-12T01:00:00Z,-27.61937,-43.5652,-0.2423,0.08,140.41666,2016-03-16T00:00:00Z,SVP
126966,2015-09-12T02:00:00Z,-27.61912,-43.57564,-0.2852,0.0132,378.0,2016-03-16T00:00:00Z,SVP
126966,2015-09-12T03:00:00Z,-27.61857,-43.5863,-0.2851,0.011,378.0,2016-03-16T00:00:00Z,SVP
126966,2015-09-12T04:00:00Z,-27.61806,-43.59743,-0.3179,-0.0475,266.41666,2016-03-16T00:00:00Z,SVP
126966,2015-09-12T05:00:00Z,-27.61969,-43.60798,-0.3182,-0.0499,266.41666,2016-03-16T00:00:00Z,SVP
126966,2015-09-12T06:00:00Z,-27.62141,-43.62126,-0.4493,-0.0782,226.79166,2016-03-16T00:00:00Z,SVP
126966,2015-09-12T07:00:00Z,-27.62511,-43.63718,-0.4433,-0.0933,115.208336,2016-03-16T00:00:00Z,SVP
126966,2015-09-12T08:00:00Z,-27.62785,-43.64366,-0.1526,-0.1264,75.583336,2016-03-16T00:00:00Z,SVP
126966,2015-09-12T09:00:00Z,-27.63446,-43.65095,-0.2789,-0.2355,165.58333,2016-03-16T00:00:00Z,SVP
126966,2015-09-12T10:00:00Z,-27.64409,-43.66138,-0.2454,-0.1946,237.58334,2016-03-16T00:00:00Z,SVP
126966,2015-09-12T11:00:00Z,-27.64873,-43.66999,-0.2403,-0.2039,237.58334,2016-03-16T00:00:00Z,SVP
126966,2015-09-12T12:00:00Z,-27.65587,-43.67753,-0.2005,-0.1948,147.58333,2016-03-16T00:00:00Z,SVP
126966,2015-09-12T13:00:00Z,-27.66158,-43.68348,-0.1397,-0.1504,111.583336,2016-03-16T00:00:00Z,SVP
126966,2015-09-12T14:00:00Z,-27.66592,-43.68712,-0.071,-0.1129,464.41666,2016-03-16T00:00:00Z,SVP
126966,2015-09-12T15:00:00Z,-27.66926,-43.68981,-0.0681,-0.1131,464.41666,2016-03-16T00:00:00Z,SVP
126966,2015-09-12T16:00:00Z,-27.67238,-43.69358,-0.0361,-0.114,464.41666,2016-03-16T00:00:00Z,SVP
126966,2015-09-12T17:00:00Z,-27.67694,-43.6934,0.0295,-0.1311,237.58334,2016-03-16T00:00:00Z,SVP
126966,2015-09-12T18:00:00Z,-27.68138,-43.69261,0.0355,-0.1214,233.99998,2016-03-16T00:00:00Z,SVP
126966,2015-09-12T19:00:00Z,-27.68489,-43.69085,0.0357,-0.1203,233.99998,2016-03-16T00:00:00Z,SVP
126966,2015-09-12T20:00:00Z,-27.68751,-43.69075,-0.2027,-0.0452,108.00001,2016-03-16T00:00:00Z,SVP
126966,2015-09-12T21:00:00Z,-27.6859,-43.70074,-0.2673,0.0129,136.79167,2016-03-16T00:00:00Z,SVP
126966,2015-09-12T22:00:00Z,-27.68711,-43.69865,-0.0595,-0.0097,442.79166,2016-03-16T00:00:00Z,SVP
126966,2015-09-12T23:00:00Z,-27.68779,-43.69947,-0.0606,-0.0102,442.79166,2016-03-16T00:00:00Z,SVP
126966,2015-09-13T00:00:00Z,-27.68831,-43.70063,-0.0037,-0.0341,0.0,2016-03-16T00:00:00Z,SVP
126966,2015-09-13T01:00:00Z,-27.68877,-43.70694,-0.1773,0.012,108.00001,2016-03-16T00:00:00Z,SVP
126966,2015-09-13T02:00:00Z,-27.68818,-43.71267,-0.1823,0.0957,298.7917,2016-03-16T00:00:00Z,SVP
126966,2015-09-13T03:00:00Z,-27.68482,-43.72,-0.1799,0.095,298.7917,2016-03-16T00:00:00Z,SVP
126966,2015-09-13T04:00:00Z,-27.68236,-43.72629,-0.167,0.0867,252.0,2016-03-16T00:00:00Z,SVP
126966,2015-09-13T05:00:00Z,-27.6791,-43.73215,-0.1672,0.084,252.0,2016-03-16T00:00:00Z,SVP
126966,2015-09-13T06:00:00Z,-27.67894,-43.73946,-0.201,-0.0234,212.41667,2016-03-16T00:00:00Z,SVP
126966,2015-09-13T07:00:00Z,-27.6802,-43.7482,-0.2912,-0.0612,122.416664,2016-03-16T00:00:00Z,SVP
126966,2015-09-13T08:00:00Z,-27.68346,-43.76258,-0.438,-0.1233,122.416664,2016-03-16T00:00:00Z,SVP
126966,2015-09-13T09:00:00Z,-27.68816,-43.767,-0.2143,-0.1327,126.0,2016-03-16T00:00:00Z,SVP
126966,2015-09-13T10:00:00Z,-27.6921,-43.77624,-0.1984,-0.1291,302.4167,2016-03-16T00:00:00Z,SVP
126966,2015-09-13T11:00:00Z,-27.69607,-43.78324,-0.2139,-0.1311,302.4167,2016-03-16T00:00:00Z,SVP
126966,2015-09-13T12:00:00Z,-27.70071,-43.79553,-0.2913,-0.131,136.79167,2016-03-16T00:00:00Z,SVP
126966,2015-09-13T13:00:00Z,-27.70546,-43.80204,-0.0741,-0.1549,738.0,2016-03-16T00:00:00Z,SVP
126966,2015-09-13T14:00:00Z,-27.71057,-43.80513,-0.0743,-0.155,738.0,2016-03-16T00:00:00Z,SVP
126966,2015-09-13T15:00:00Z,-27.71568,-43.80789,-0.0743,-0.155,738.0,2016-03-16T00:00:00Z,SVP
126966,2015-09-13T16:00:00Z,-27.72084,-43.81049,-0.0745,-0.155,738.0,2016-03-16T00:00:00Z,SVP
126966,2015-09-13T17:00:00Z,-27.72614,-43.81285,-0.0747,-0.155,738.0,2016-03-16T00:00:00Z,SVP
126966,2015-09-13T18:00:00Z,-27.73082,-43.81559,-0.0934,-0.1358,331.2083,2016-03-16T00:00:00Z,SVP
126966,2015-09-13T19:00:00Z,-27.73433,-43.81983,-0.0919,-0.137,331.2083,2016-03-16T00:00:00Z,SVP
126966,2015-09-13T20:00:00Z,-27.73875,-43.82306,-0.0987,-0.0662,79.208336,2016-03-16T00:00:00Z,SVP
126966,2015-09-13T21:00:00Z,-27.74046,-43.8262,-0.0669,-0.0662,158.41667,2016-03-16T00:00:00Z,SVP
126966,2015-09-13T22:00:00Z,-27.74244,-43.82898,-0.0821,-0.0727,302.4167,2016-03-16T00:00:00Z,SVP
126966,2015-09-13T23:00:00Z,-27.74482,-43.83203,-0.0829,-0.0724,302.4167,2016-03-16T00:00:00Z,SVP
126966,2015-09-14T00:00:00Z,-27.74719,-43.83654,-0.1475,-0.0704,129.58333,2016-03-16T00:00:00Z,SVP
126966,2015-09-14T01:00:00Z,-27.74905,-43.84314,-0.1482,-0.0253,115.208336,2016-03-16T00:00:00Z,SVP
126966,2015-09-14T02:00:00Z,-27.74968,-43.85044,-0.1828,-0.0084,579.5834,2016-03-16T00:00:00Z,SVP
126966,2015-09-14T03:00:00Z,-27.74985,-43.85275,-0.1347,-0.0086,579.5834,2016-03-16T00:00:00Z,SVP
126966,2015-09-14T04:00:00Z,-27.75013,-43.85696,-0.1341,-0.0085,579.5834,2016-03-16T00:00:00Z,SVP
126966,2015-09-14T05:00:00Z,-27.75049,-43.86107,-0.1349,-0.0081,579.5834,2016-03-16T00:00:00Z,SVP
126966,2015-09-14T06:00:00Z,-27.75105,-43.87226,-0.3053,-0.0088,327.58334,2016-03-16T00:00:00Z,SVP
126966,2015-09-14T07:00:00Z,-27.75118,-43.88418,-0.2989,-0.0091,327.58334,2016-03-16T00:00:00Z,SVP
126966,2015-09-14T08:00:00Z,-27.75433,-43.89257,-0.1923,-0.1739,136.79167,2016-03-16T00:00:00Z,SVP
126966,2015-09-14T09:00:00Z,-27.76003,-43.89978,-0.2484,-0.1571,241.20834,2016-03-16T00:00:00Z,SVP
126966,2015-09-14T10:00:00Z,-27.76501,-43.90934,-0.2512,-0.1556,241.20834,2016-03-16T00:00:00Z,SVP
126966,2015-09-14T11:00:00Z,-27.76936,-43.91824,-0.2525,-0.1299,183.58333,2016-03-16T00:00:00Z,SVP
126966,2015-09-14T12:00:00Z,-27.77357,-43.9271,-0.1828,-0.1464,115.208336,2016-03-16T00:00:00Z,SVP
126966,2015-09-14T13:00:00Z,-27.77787,-43.93397,-0.1737,-0.1522,1094.4167,2016-03-16T00:00:00Z,SVP
126966,2015-09-14T14:00:00Z,-27.78292,-43.94026,-0.1738,-0.152,1094.4167,2016-03-16T00:00:00Z,SVP
126966,2015-09-14T15:00:00Z,-27.78789,-43.94661,-0.1738,-0.1519,1094.4167,2016-03-16T00:00:00Z,SVP
126966,2015-09-14T16:00:00Z,-27.79283,-43.95297,-0.1738,-0.1519,1094.4167,2016-03-16T00:00:00Z,SVP
126966,2015-09-14T17:00:00Z,-27.79777,-43.95935,-0.1737,-0.1519,1094.4167,2016-03-16T00:00:00Z,SVP
126966,2015-09-14T18:00:00Z,-27.80271,-43.96575,-0.1736,-0.1518,1094.4167,2016-03-16T00:00:00Z,SVP
126966,2015-09-14T19:00:00Z,-27.80766,-43.97222,-0.1734,-0.1517,1094.4167,2016-03-16T00:00:00Z,SVP
126966,2015-09-14T20:00:00Z,-27.8127,-43.97811,-0.1235,-0.1587,79.208336,2016-03-16T00:00:00Z,SVP
126966,2015-09-14T21:00:00Z,-27.8176,-43.98188,-0.0976,-0.146,162.0,2016-03-16T00:00:00Z,SVP
126966,2015-09-14T22:00:00Z,-27.82089,-43.98644,-0.1681,-0.108,327.58334,2016-03-16T00:00:00Z,SVP
126966,2015-09-14T23:00:00Z,-27.82488,-43.99263,-0.1685,-0.1083,327.58334,2016-03-16T00:00:00Z,SVP
126966,2015-09-15T00:00:00Z,-27.82836,-43.99857,-0.169,-0.1091,327.58334,2016-03-16T00:00:00Z,SVP
126966,2015-09-15T01:00:00Z,-27.83293,-44.00468,-0.1408,-0.129,136.79167,2016-03-16T00:00:00Z,SVP
126966,2015-09-15T02:00:00Z,-27.83727,-44.00901,-0.1943,-0.0582,464.41666,2016-03-16T00:00:00Z,SVP
126966,2015-09-15T03:00:00Z,-27.83871,-44.01733,-0.2127,-0.057,464.41666,2016-03-16T00:00:00Z,SVP
126966,2015-09-15T04:00:00Z,-27.84041,-44.02459,-0.2099,-0.0566,464.41666,2016-03-16T00:00:00Z,SVP
126966,2015-09-15T05:00:00Z,-27.84211,-44.03036,-0.2822,-0.0412,313.20834,2016-03-16T00:00:00Z,SVP
126966,2015-09-15T06:00:00Z,-27.8434,-44.04327,-0.2498,-0.0411,313.20834,2016-03-16T00:00:00Z,SVP
126966,2015-09-15T07:00:00Z,-27.84491,-44.05279,-0.2488,-0.0406,313.20834,2016-03-16T00:00:00Z,SVP
126966,2015-09-15T08:00:00Z,-27.84822,-44.05832,-0.1216,-0.1296,129.58333,2016-03-16T00:00:00Z,SVP
126966,2015-09-15T09:00:00Z,-27.85411,-44.06742,-0.3748,-0.1909,61.208332,2016-03-16T00:00:00Z,SVP
126966,2015-09-15T10:00:00Z,-27.8598,-44.08169,-0.409,-0.1355,201.58334,2016-03-16T00:00:00Z,SVP
126966,2015-09-15T11:00:00Z,-27.86451,-44.09554,-0.3995,-0.1366,201.58334,2016-03-16T00:00:00Z,SVP
126966,2015-09-15T12:00:00Z,-27.86981,-44.10671,-0.2989,-0.176,122.416664,2016-03-16T00:00:00Z,SVP
126966,2015-09-15T13:00:00Z,-27.87741,-44.11504,-0.2786,-0.2831,136.79167,2016-03-16T00:00:00Z,SVP
126966,2015-09-15T14:00:00Z,-27.88669,-44.12546,-0.2717,-0.3028,640.7917,2016-03-16T00:00:00Z,SVP
126966,2015-09-15T15:00:00Z,-27.89641,-44.13599,-0.273,-0.3029,640.7917,2016-03-16T00:00:00Z,SVP
126966,2015-09-15T16:00:00Z,-27.9061,-44.14652,-0.2725,-0.3031,640.7917,2016-03-16T00:00:00Z,SVP
126966,2015-09-15T17:00:00Z,-27.9157,-44.15714,-0.2686,-0.3034,640.7917,2016-03-16T00:00:00Z,SVP
126966,2015-09-15T18:00:00Z,-27.92574,-44.16431,-0.1796,-0.3059,324.0,2016-03-16T00:00:00Z,SVP
126966,2015-09-15T19:00:00Z,-27.93593,-44.16802,-0.231,-0.3063,324.0,2016-03-16T00:00:00Z,SVP
126966,2015-09-15T20:00:00Z,-27.94542,-44.17701,-0.1597,-0.2569,180.0,2016-03-16T00:00:00Z,SVP
126966,2015-09-15T21:00:00Z,-27.95376,-44.18219,-0.1662,-0.2578,180.0,2016-03-16T00:00:00Z,SVP
126966,2015-09-15T22:00:00Z,-27.96135,-44.18758,-0.1489,-0.2193,349.20834,2016-03-16T00:00:00Z,SVP
126966,2015-09-15T23:00:00Z,-27.96839,-44.19289,-0.1486,-0.2191,349.20834,2016-03-16T00:00:00Z,SVP
126966,2015-09-16T00:00:00Z,-27.97479,-44.19749,-0.1359,-0.167,90.0,2016-03-16T00:00:00Z,SVP
126966,2015-09-16T01:00:00Z,-27.97871,-44.20242,-0.1364,-0.0756,147.58333,2016-03-16T00:00:00Z,SVP
126966,2015-09-16T02:00:00Z,-27.98154,-44.20938,-0.2584,-0.0863,486.00003,2016-03-16T00:00:00Z,SVP
126966,2015-09-16T03:00:00Z,-27.98431,-44.21913,-0.258,-0.0865,486.00003,2016-03-16T00:00:00Z,SVP
126966,2015-09-16T04:00:00Z,-27.98682,-44.22841,-0.2591,-0.0866,486.00003,2016-03-16T00:00:00Z,SVP
126966,2015-09-16T05:00:00Z,-27.98958,-44.23775,-0.2745,-0.1039,324.0,2016-03-16T00:00:00Z,SVP
126966,2015-09-16T06:00:00Z,-27.99351,-44.24818,-0.2747,-0.1038,324.0,2016-03-16T00:00:00Z,SVP
126966,2015-09-16T07:00:00Z,-27.99719,-44.25863,-0.2929,-0.1278,259.20834,2016-03-16T00:00:00Z,SVP
126966,2015-09-16T08:00:00Z,-28.00109,-44.26907,-0.2914,-0.1268,259.20834,2016-03-16T00:00:00Z,SVP
126966,2015-09-16T09:00:00Z,-28.00669,-44.28134,-0.3299,-0.1797,129.58333,2016-03-16T00:00:00Z,SVP
126966,2015-09-16T10:00:00Z,-28.01314,-44.29328,-0.3314,-0.2251,233.99998,2016-03-16T00:00:00Z,SVP
126966,2015-09-16T11:00:00Z,-28.02069,-44.3058,-0.274,-0.2601,111.583336,2016-03-16T00:00:00Z,SVP
126966,2015-09-16T12:00:00Z,-28.02908,-44.31603,-0.299,-0.2996,147.58333,2016-03-16T00:00:00Z,SVP
126966,2015-09-16T13:00:00Z,-28.03851,-44.32671,-0.2924,-0.2617,111.583336,2016-03-16T00:00:00Z,SVP
126966,2015-09-16T14:00:00Z,-28.04705,-44.33806,-0.2672,-0.2451,554.4167,2016-03-16T00:00:00Z,SVP
126966,2015-09-16T15:00:00Z,-28.05499,-44.34746,-0.2668,-0.245,554.4167,2016-03-16T00:00:00Z,SVP
126966,2015-09-16T16:00:00Z,-28.06299,-44.35748,-0.2659,-0.2449,554.4167,2016-03-16T00:00:00Z,SVP
126966,2015-09-16T17:00:00Z,-28.0711,-44.36786,-0.2612,-0.2445,554.4167,2016-03-16T00:00:00Z,SVP
126966,2015-09-16T18:00:00Z,-28.07863,-44.37332,-0.1514,-0.2344,252.0,2016-03-16T00:00:00Z,SVP
126966,2015-09-16T19:00:00Z,-28.08616,-44.37788,-0.137,-0.2352,86.41667,2016-03-16T00:00:00Z,SVP
126966,2015-09-16T20:00:00Z,-28.09359,-44.38383,-0.1507,-0.2279,180.0,2016-03-16T00:00:00Z,SVP
126966,2015-09-16T21:00:00Z,-28.09976,-44.39005,-0.2654,-0.1106,64.791664,2016-03-16T00:00:00Z,SVP
126966,2015-09-16T22:00:00Z,-28.10286,-44.40006,-0.2942,-0.0754,486.00003,2016-03-16T00:00:00Z,SVP
126966,2015-09-16T23:00:00Z,-28.10543,-44.41076,-0.2946,-0.075,486.00003,2016-03-16T00:00:00Z,SVP
126966,2015-09-17T00:00:00Z,-28.10818,-44.42135,-0.2959,-0.0736,486.00003,2016-03-16T00:00:00Z,SVP
126966,2015-09-17T01:00:00Z,-28.10994,-44.43352,-0.3182,-0.0728,122.416664,2016-03-16T00:00:00Z,SVP
126966,2015-09-17T02:00:00Z,-28.11555,-44.4477,-0.3874,-0.0796,381.5833,2016-03-16T00:00:00Z,SVP
126966,2015-09-17T03:00:00Z,-28.11613,-44.46171,-0.3873,-0.0866,381.5833,2016-03-16T00:00:00Z,SVP
126966,2015-09-17T04:00:00Z,-28.11815,-44.4756,-0.3873,-0.0894,381.5833,2016-03-16T00:00:00Z,SVP
126966,2015-09-17T05:00:00Z,-28.12161,-44.49085,-0.4229,-0.0879,259.20834,2016-03-16T00:00:00Z,SVP
126966,2015-09-17T06:00:00Z,-28.12546,-44.5068,-0.4229,-0.082,259.20834,2016-03-16T00:00:00Z,SVP
126966,2015-09-17T07:00:00Z,-28.12917,-44.52187,-0.389,-0.172,241.20834,2016-03-16T00:00:00Z,SVP
126966,2015-09-17T08:00:00Z,-28.1349,-44.53538,-0.3908,-0.1723,241.20834,2016-03-16T00:00:00Z,SVP
126966,2015-09-17T09:00:00Z,-28.14114,-44.5511,-0.4084,-0.2652,370.79166,2016-03-16T00:00:00Z,SVP
126966,2015-09-17T10:00:00Z,-28.14968,-44.56567,-0.4096,-0.2657,370.79166,2016-03-16T00:00:00Z,SVP
126966,2015-09-17T11:00:00Z,-28.15794,-44.58059,-0.4099,-0.2661,370.79166,2016-03-16T00:00:00Z,SVP
126966,2015-09-17T12:00:00Z,-28.1673,-44.59569,-0.403,-0.2807,140.41666,2016-03-16T00:00:00Z,SVP
126966,2015-09-17T13:00:00Z,-28.17608,-44.60951,-0.3575,-0.2977,111.583336,2016-03-16T00:00:00Z,SVP
126966,2015-09-17T14:00:00Z,-28.18629,-44.62229,-0.3313,-0.2945,583.2083,2016-03-16T00:00:00Z,SVP
126966,2015-09-17T15:00:00Z,-28.19609,-44.63452,-0.3309,-0.2935,583.2083,2016-03-16T00:00:00Z,SVP
126966,2015-09-17T16:00:00Z,-28.20578,-44.64697,-0.3305,-0.2927,583.2083,2016-03-16T00:00:00Z,SVP
126966,2015-09-17T17:00:00Z,-28.21538,-44.65978,-0.1065,-0.2858,241.20834,2016-03-16T00:00:00Z,SVP
126966,2015-09-17T18:00:00Z,-28.22398,-44.663,-0.1045,-0.2832,241.20834,2016-03-16T00:00:00Z,SVP
126966,2015-09-17T19:00:00Z,-28.23063,-44.66743,-0.1155,-0.1947,90.0,2016-03-16T00:00:00Z,SVP
126966,2015-09-17T20:00:00Z,-28.23454,-44.67356,-0.2168,-0.1244,122.416664,2016-03-16T00:00:00Z,SVP
126966,2015-09-17T21:00:00Z,-28.23935,-44.68403,-0.1611,-0.0808,151.20834,2016-03-16T00:00:00Z,SVP
126966,2015-09-17T22:00:00Z,-28.24294,-44.69107,-0.1352,-0.0423,320.41666,2016-03-16T00:00:00Z,SVP
126966,2015-09-17T23:00:00Z,-28.24382,-44.69548,-0.1344,-0.0434,320.41666,2016-03-16T00:00:00Z,SVP
126966,2015-09-18T00:00:00Z,-28.24504,-44.7008,-0.2487,-0.0306,126.0,2016-03-16T00:00:00Z,SVP
126966,2015-09-18T01:00:00Z,-28.24587,-44.71201,-0.3038,0.0095,118.79167,2016-03-16T00:00:00Z,SVP
126966,2015-09-18T02:00:00Z,-28.24581,-44.72202,-0.3411,0.0372,406.79166,2016-03-16T00:00:00Z,SVP
126966,2015-09-18T03:00:00Z,-28.2445,-44.73481,-0.3401,0.0369,406.79166,2016-03-16T00:00:00Z,SVP
126966,2015-09-18T04:00:00Z,-28.24311,-44.74727,-0.3407,0.0363,406.79166,2016-03-16T00:00:00Z,SVP
126966,2015-09-18T05:00:00Z,-28.24197,-44.76052,-0.3615,0.0373,266.41666,2016-03-16T00:00:00Z,SVP
126966,2015-09-18T06:00:00Z,-28.24107,-44.77358,-0.3771,0.0369,0.0,2016-03-16T00:00:00Z,SVP
126966,2015-09-18T07:00:00Z,-28.24204,-44.78886,-0.4298,-0.085,255.58333,2016-03-16T00:00:00Z,SVP
126966,2015-09-18T08:00:00Z,-28.24452,-44.80361,-0.429,-0.088,255.58333,2016-03-16T00:00:00Z,SVP
126966,2015-09-18T09:00:00Z,-28.24735,-44.81935,-0.4214,-0.0952,277.20834,2016-03-16T00:00:00Z,SVP
126966,2015-09-18T10:00:00Z,-28.25132,-44.83854,-0.4485,-0.0981,277.20834,2016-03-16T00:00:00Z,SVP
126966,2015-09-18T11:00:00Z,-28.25217,-44.84843,-0.4091,-0.0736,158.41667,2016-03-16T00:00:00Z,SVP
126966,2015-09-18T12:00:00Z,-28.25518,-44.86592,-0.3646,-0.0643,136.79167,2016-03-16T00:00:00Z,SVP
126966,2015-09-18T13:00:00Z,-28.25884,-44.87867,-0.3718,-0.173,619.2083,2016-03-16T00:00:00Z,SVP
126966,2015-09-18T14:00:00Z,-28.26462,-44.89299,-0.3746,-0.173,619.2083,2016-03-16T00:00:00Z,SVP
126966,2015-09-18T15:00:00Z,-28.2702,-44.90742,-0.377,-0.1732,619.2083,2016-03-16T00:00:00Z,SVP
126966,2015-09-18T16:00:00Z,-28.27565,-44.92224,-0.3796,-0.1736,619.2083,2016-03-16T00:00:00Z,SVP
126966,2015-09-18T17:00:00Z,-28.28111,-44.93703,-0.2579,-0.1909,230.41667,2016-03-16T00:00:00Z,SVP
126966,2015-09-18T18:00:00Z,-28.28801,-44.94613,-0.2565,-0.1932,230.41667,2016-03-16T00:00:00Z,SVP
126966,2015-09-18T19:00:00Z,-28.2953,-44.95473,-0.2332,-0.2295,180.0,2016-03-16T00:00:00Z,SVP
126966,2015-09-18T20:00:00Z,-28.30233,-44.9622,-0.1973,-0.2138,108.00001,2016-03-16T00:00:00Z,SVP
126966,2015-09-18T21:00:00Z,-28.30846,-44.96858,-0.1646,-0.166,136.79167,2016-03-16T00:00:00Z,SVP
126966,2015-09-18T22:00:00Z,-28.31311,-44.97501,-0.1516,-0.1139,226.79166,2016-03-16T00:00:00Z,SVP
126966,2015-09-18T23:00:00Z,-28.31775,-44.97791,-0.1378,-0.121,226.79166,2016-03-16T00:00:00Z,SVP
126966,2015-09-19T00:00:00Z,-28.32039,-44.98343,-0.1918,0.0451,255.58333,2016-03-16T00:00:00Z,SVP
126966,2015-09-19T01:00:00Z,-28.31981,-44.99208,-0.1788,0.0533,255.58333,2016-03-16T00:00:00Z,SVP
126966,2015-09-19T02:00:00Z,-28.31732,-44.99809,-0.1892,0.0767,442.79166,2016-03-16T00:00:00Z,SVP
126966,2015-09-19T03:00:00Z,-28.31459,-45.00464,-0.1907,0.0759,442.79166,2016-03-16T00:00:00Z,SVP
126966,2015-09-19T04:00:00Z,-28.31199,-45.01132,-0.1923,0.0753,442.79166,2016-03-16T00:00:00Z,SVP
126966,2015-09-19T05:00:00Z,-28.30904,-45.01936,-0.2121,0.1005,255.58333,2016-03-16T00:00:00Z,SVP
126966,2015-09-19T06:00:00Z,-28.30596,-45.02731,-0.254,0.1371,255.58333,2016-03-16T00:00:00Z,SVP
126966,2015-09-19T07:00:00Z,-28.30072,-45.03742,-0.2598,0.1408,255.58333,2016-03-16T00:00:00Z,SVP
126966,2015-09-19T08:00:00Z,-28.29472,-45.04966,-0.3097,0.1864,72.0,2016-03-16T00:00:00Z,SVP
126966,2015-09-19T09:00:00Z,-28.2901,-45.05865,-0.2885,0.1558,172.79166,2016-03-16T00:00:00Z,SVP
126966,2015-09-19T10:00:00Z,-28.28622,-45.07238,-0.4197,0.1201,309.5833,2016-03-16T00:00:00Z,SVP
126966,2015-09-19T11:00:00Z,-28.2824,-45.08819,-0.4194,0.1209,309.5833,2016-03-16T00:00:00Z,SVP
126966,2015-09-19T12:00:00Z,-28.27868,-45.10348,-0.414,0.1213,118.79167,2016-03-16T00:00:00Z,SVP
126966,2015-09-19T13:00:00Z,-28.27588,-45.1192,-0.4464,0.0186,140.41666,2016-03-16T00:00:00Z,SVP
126966,2015-09-19T14:00:00Z,-28.27655,-45.13504,-0.4439,-0.06,496.7917,2016-03-16T00:00:00Z,SVP
126966,2015-09-19T15:00:00Z,-28.27853,-45.15138,-0.4435,-0.0603,496.7917,2016-03-16T00:00:00Z,SVP
126966,2015-09-19T16:00:00Z,-28.28025,-45.16803,-0.4431,-0.0609,496.7917,2016-03-16T00:00:00Z,SVP
126966,2015-09-19T17:00:00Z,-28.28257,-45.18391,-0.3941,-0.0958,230.41667,2016-03-16T00:00:00Z,SVP
126966,2015-09-19T18:00:00Z,-28.28616,-45.19785,-0.3889,-0.0972,230.41667,2016-03-16T00:00:00Z,SVP
126966,2015-09-19T19:00:00Z,-28.29057,-45.21107,-0.3576,-0.1384,262.79166,2016-03-16T00:00:00Z,SVP
126966,2015-09-19T20:00:00Z,-28.29515,-45.2229,-0.3309,-0.1547,79.208336,2016-03-16T00:00:00Z,SVP
126966,2015-09-19T21:00:00Z,-28.29956,-45.23118,-0.146,-0.1029,162.0,2016-03-16T00:00:00Z,SVP
126966,2015-09-19T22:00:00Z,-28.30334,-45.23641,-0.1607,-0.0834,378.0,2016-03-16T00:00:00Z,SVP
126966,2015-09-19T23:00:00Z,-28.30554,-45.24329,-0.1576,-0.0824,378.0,2016-03-16T00:00:00Z,SVP
126966,2015-09-20T00:00:00Z,-28.30779,-45.24898,-0.1608,-0.0823,378.0,2016-03-16T00:00:00Z,SVP
126966,2015-09-20T01:00:00Z,-28.31045,-45.25376,-0.1108,-0.0224,129.58333,2016-03-16T00:00:00Z,SVP
126966,2015-09-20T02:00:00Z,-28.30998,-45.25635,-0.1755,0.1166,334.7917,2016-03-16T00:00:00Z,SVP
126966,2015-09-20T03:00:00Z,-28.30587,-45.26286,-0.176,0.1159,334.7917,2016-03-16T00:00:00Z,SVP
126966,2015-09-20T04:00:00Z,-28.30188,-45.26902,-0.1985,0.1123,252.0,2016-03-16T00:00:00Z,SVP
126966,2015-09-20T05:00:00Z,-28.29872,-45.27675,-0.1996,0.1117,252.0,2016-03-16T00:00:00Z,SVP
126966,2015-09-20T06:00:00Z,-28.295,-45.28454,-0.2319,0.1102,223.20834,2016-03-16T00:00:00Z,SVP
126966,2015-09-20T07:00:00Z,-28.29147,-45.29317,-0.2324,0.1111,223.20834,2016-03-16T00:00:00Z,SVP
126966,2015-09-20T08:00:00Z,-28.28745,-45.30224,-0.2475,0.0992,136.79167,2016-03-16T00:00:00Z,SVP
126966,2015-09-20T09:00:00Z,-28.28402,-45.31131,-0.2244,0.0952,381.5833,2016-03-16T00:00:00Z,SVP
126966,2015-09-20T10:00:00Z,-28.28102,-45.31943,-0.223,0.0951,381.5833,2016-03-16T00:00:00Z,SVP
126966,2015-09-20T11:00:00Z,-28.27811,-45.32806,-0.2243,0.0949,381.5833,2016-03-16T00:00:00Z,SVP
126966,2015-09-20T12:00:00Z,-28.27417,-45.33421,-0.2034,0.1095,111.583336,2016-03-16T00:00:00Z,SVP
126966,2015-09-20T13:00:00Z,-28.2707,-45.34412,-0.3092,0.0646,525.5833,2016-03-16T00:00:00Z,SVP
126966,2015-09-20T14:00:00Z,-28.26869,-45.35533,-0.3074,0.0644,525.5833,2016-03-16T00:00:00Z,SVP
126966,2015-09-20T15:00:00Z,-28.26654,-45.36698,-0.3089,0.0642,525.5833,2016-03-16T00:00:00Z,SVP
126966,2015-09-20T16:00:00Z,-28.26422,-45.37926,-0.312,0.0638,525.5833,2016-03-16T00:00:00Z,SVP
126966,2015-09-20T17:00:00Z,-28.26228,-45.38922,-0.2788,0.0581,230.41667,2016-03-16T00:00:00Z,SVP
126966,2015-09-20T18:00:00Z,-28.26116,-45.39672,-0.2347,0.0549,0.0,2016-03-16T00:00:00Z,SVP
126966,2015-09-20T19:00:00Z,-28.26022,-45.4103,-0.3171,0.0245,223.20834,2016-03-16T00:00:00Z,SVP
126966,2015-09-20T20:00:00Z,-28.26127,-45.4222,-0.3408,-0.0135,100.79167,2016-03-16T00:00:00Z,SVP
126966,2015-09-20T21:00:00Z,-28.26071,-45.42308,-0.0994,-0.0083,136.79167,2016-03-16T00:00:00Z,SVP
126966,2015-09-20T22:00:00Z,-28.26082,-45.43517,-0.1791,-0.0287,284.41666,2016-03-16T00:00:00Z,SVP
126966,2015-09-20T23:00:00Z,-28.26164,-45.44079,-0.1776,-0.0292,284.41666,2016-03-16T00:00:00Z,SVP
126966,2015-09-21T00:00:00Z,-28.26219,-45.44639,-0.0939,-0.0338,97.20833,2016-03-16T00:00:00Z,SVP
126966,2015-09-21T01:00:00Z,-28.26294,-45.44963,-0.1126,0.0426,147.58333,2016-03-16T00:00:00Z,SVP
126966,2015-09-21T02:00:00Z,-28.26156,-45.45378,-0.1325,0.0664,349.20834,2016-03-16T00:00:00Z,SVP
126966,2015-09-21T03:00:00Z,-28.25941,-45.45874,-0.1324,0.0662,349.20834,2016-03-16T00:00:00Z,SVP
126966,2015-09-21T04:00:00Z,-28.25675,-45.46352,-0.1202,0.0836,252.0,2016-03-16T00:00:00Z,SVP
126966,2015-09-21T05:00:00Z,-28.25461,-45.46783,-0.1198,0.0829,252.0,2016-03-16T00:00:00Z,SVP
126966,2015-09-21T06:00:00Z,-28.25087,-45.47203,-0.1046,0.1413,313.20834,2016-03-16T00:00:00Z,SVP
126966,2015-09-21T07:00:00Z,-28.24587,-45.47585,-0.1044,0.1416,313.20834,2016-03-16T00:00:00Z,SVP
126966,2015-09-21T08:00:00Z,-28.2414,-45.47987,-0.1081,0.148,126.0,2016-03-16T00:00:00Z,SVP
126966,2015-09-21T09:00:00Z,-28.23683,-45.48685,-0.1876,0.1467,140.41666,2016-03-16T00:00:00Z,SVP
126966,2015-09-21T10:00:00Z,-28.23074,-45.49423,-0.211,0.2536,129.58333,2016-03-16T00:00:00Z,SVP
126966,2015-09-21T11:00:00Z,-28.22282,-45.50074,-0.1672,0.2556,233.99998,2016-03-16T00:00:00Z,SVP
126966,2015-09-21T12:00:00Z,-28.21482,-45.50718,-0.1656,0.2222,140.41666,2016-03-16T00:00:00Z,SVP
126966,2015-09-21T13:00:00Z,-28.20936,-45.51506,-0.2495,0.1093,115.208336,2016-03-16T00:00:00Z,SVP
126966,2015-09-21T14:00:00Z,-28.20565,-45.5245,-0.2453,0.0932,662.4166,2016-03-16T00:00:00Z,SVP
126966,2015-09-21T15:00:00Z,-28.20273,-45.53299,-0.2465,0.0931,662.4166,2016-03-16T00:00:00Z,SVP
126966,2015-09-21T16:00:00Z,-28.19968,-45.54198,-0.2466,0.093,662.4166,2016-03-16T00:00:00Z,SVP
126966,2015-09-21T17:00:00Z,-28.19655,-45.55111,-0.2462,0.0929,662.4166,2016-03-16T00:00:00Z,SVP
126966,2015-09-21T18:00:00Z,-28.19343,-45.56072,-0.2275,0.0737,266.41666,2016-03-16T00:00:00Z,SVP
126966,2015-09-21T19:00:00Z,-28.19145,-45.56974,-0.2347,0.0727,266.41666,2016-03-16T00:00:00Z,SVP
126966,2015-09-21T20:00:00Z,-28.18911,-45.58125,-0.3043,0.0677,72.0,2016-03-16T00:00:00Z,SVP
126966,2015-09-21T21:00:00Z,-28.18666,-45.58884,-0.0548,0.0756,86.41667,2016-03-16T00:00:00Z,SVP
126966,2015-09-21T22:00:00Z,-28.18332,-45.59147,-0.1318,0.127,356.41666,2016-03-16T00:00:00Z,SVP
126966,2015-09-21T23:00:00Z,-28.17913,-45.596,-0.1315,0.1271,356.41666,2016-03-16T00:00:00Z,SVP
126966,2015-09-22T00:00:00Z,-28.17506,-45.60017,-0.1318,0.1275,356.41666,2016-03-16T00:00:00Z,SVP
126966,2015-09-22T01:00:00Z,-28.17103,-45.60864,-0.2431,0.0946,126.0,2016-03-16T00:00:00Z,SVP
126966,2015-09-22T02:00:00Z,-28.16756,-45.61666,-0.1355,0.1244,259.20834,2016-03-16T00:00:00Z,SVP
126966,2015-09-22T03:00:00Z,-28.16399,-45.62116,-0.1355,0.1245,259.20834,2016-03-16T00:00:00Z,SVP
126966,2015-09-22T04:00:00Z,-28.16001,-45.6264,-0.1243,0.1762,255.58333,2016-03-16T00:00:00Z,SVP
126966,2015-09-22T05:00:00Z,-28.15392,-45.63091,-0.1248,0.174,255.58333,2016-03-16T00:00:00Z,SVP
126966,2015-09-22T06:00:00Z,-28.14803,-45.63675,-0.1662,0.202,334.7917,2016-03-16T00:00:00Z,SVP
126966,2015-09-22T07:00:00Z,-28.1416,-45.64256,-0.1653,0.2018,334.7917,2016-03-16T00:00:00Z,SVP
126966,2015-09-22T08:00:00Z,-28.1355,-45.65106,-0.1444,0.1509,172.79166,2016-03-16T00:00:00Z,SVP
126966,2015-09-22T09:00:00Z,-28.13076,-45.65553,-0.1582,0.1512,172.79166,2016-03-16T00:00:00Z,SVP
126966,2015-09-22T10:00:00Z,-28.12435,-45.66138,-0.1618,0.2274,266.41666,2016-03-16T00:00:00Z,SVP
126966,2015-09-22T11:00:00Z,-28.11648,-45.66774,-0.1642,0.2298,266.41666,2016-03-16T00:00:00Z,SVP
126966,2015-09-22T12:00:00Z,-28.10907,-45.67693,-0.2348,0.2379,133.20833,2016-03-16T00:00:00Z,SVP
126966,2015-09-22T13:00:00Z,-28.10051,-45.68822,-0.2956,0.2266,111.583336,2016-03-16T00:00:00Z,SVP
126966,2015-09-22T14:00:00Z,-28.09568,-45.6934,-0.1464,0.1598,687.5834,2016-03-16T00:00:00Z,SVP
126966,2015-09-22T15:00:00Z,-28.09071,-45.69849,-0.1466,0.1601,687.5834,2016-03-16T00:00:00Z,SVP
126966,2015-09-22T16:00:00Z,-28.08561,-45.7035,-0.147,0.1602,687.5834,2016-03-16T00:00:00Z,SVP
126966,2015-09-22T17:00:00Z,-28.08044,-45.70799,-0.149,0.1602,687.5834,2016-03-16T00:00:00Z,SVP
126966,2015-09-22T18:00:00Z,-28.0745,-45.71418,-0.1577,0.1612,342.0,2016-03-16T00:00:00Z,SVP
126966,2015-09-22T19:00:00Z,-28.06914,-45.72092,-0.1535,0.1614,342.0,2016-03-16T00:00:00Z,SVP
126966,2015-09-22T20:00:00Z,-28.06391,-45.72647,-0.1284,0.3221,61.208332,2016-03-16T00:00:00Z,SVP
126966,2015-09-22T21:00:00Z,-28.05361,-45.72865,-0.0353,0.3157,176.41667,2016-03-16T00:00:00Z,SVP
126966,2015-09-22T22:00:00Z,-28.0451,-45.73103,-0.2498,0.2799,273.58334,2016-03-16T00:00:00Z,SVP
126966,2015-09-22T23:00:00Z,-28.03546,-45.74037,-0.2558,0.2779,273.58334,2016-03-16T00:00:00Z,SVP
126966,2015-09-23T00:00:00Z,-28.02708,-45.74802,-0.2754,0.2753,133.20833,2016-03-16T00:00:00Z,SVP
126966,2015-09-23T01:00:00Z,-28.01883,-45.75951,-0.2075,0.1873,111.583336,2016-03-16T00:00:00Z,SVP
126966,2015-09-23T02:00:00Z,-28.01306,-45.76731,-0.2282,0.1709,547.2084,2016-03-16T00:00:00Z,SVP
126966,2015-09-23T03:00:00Z,-28.00741,-45.77609,-0.2285,0.1711,547.2084,2016-03-16T00:00:00Z,SVP
126966,2015-09-23T04:00:00Z,-28.00178,-45.7845,-0.2287,0.1713,547.2084,2016-03-16T00:00:00Z,SVP
126966,2015-09-23T05:00:00Z,-27.99601,-45.79241,-0.2294,0.1716,547.2084,2016-03-16T00:00:00Z,SVP
126966,2015-09-23T06:00:00Z,-27.99119,-45.80132,-0.244,0.1675,309.5833,2016-03-16T00:00:00Z,SVP
126966,2015-09-23T07:00:00Z,-27.98579,-45.8104,-0.2437,0.1673,309.5833,2016-03-16T00:00:00Z,SVP
126966,2015-09-23T08:00:00Z,-27.9797,-45.81854,-0.2022,0.2227,226.79166,2016-03-16T00:00:00Z,SVP
126966,2015-09-23T09:00:00Z,-27.97295,-45.82656,-0.2032,0.2233,226.79166,2016-03-16T00:00:00Z,SVP
126966,2015-09-23T10:00:00Z,-27.96516,-45.83445,-0.216,0.237,298.7917,2016-03-16T00:00:00Z,SVP
126966,2015-09-23T11:00:00Z,-27.95673,-45.8399,-0.1968,0.2397,298.7917,2016-03-16T00:00:00Z,SVP
126966,2015-09-23T12:00:00Z,-27.95055,-45.85559,-0.2306,0.2019,108.00001,2016-03-16T00:00:00Z,SVP
126966,2015-09-23T13:00:00Z,-27.94321,-45.86347,-0.2312,0.2112,723.5833,2016-03-16T00:00:00Z,SVP
126966,2015-09-23T14:00:00Z,-27.93668,-45.87219,-0.2314,0.2108,723.5833,2016-03-16T00:00:00Z,SVP
126966,2015-09-23T15:00:00Z,-27.93006,-45.88068,-0.2315,0.2107,723.5833,2016-03-16T00:00:00Z,SVP
126966,2015-09-23T16:00:00Z,-27.9235,-45.88904,-0.2316,0.2105,723.5833,2016-03-16T00:00:00Z,SVP
126966,2015-09-23T17:00:00Z,-27.91715,-45.89722,-0.2318,0.2104,723.5833,2016-03-16T00:00:00Z,SVP
126966,2015-09-23T18:00:00Z,-27.90966,-45.90497,-0.23,0.2306,338.4167,2016-03-16T00:00:00Z,SVP
126966,2015-09-23T19:00:00Z,-27.90138,-45.91366,-0.2307,0.2276,338.4167,2016-03-16T00:00:00Z,SVP
126966,2015-09-23T20:00:00Z,-27.89411,-45.92198,-0.2257,0.2274,64.791664,2016-03-16T00:00:00Z,SVP
126966,2015-09-23T21:00:00Z,-27.88765,-45.93136,-0.31,0.1919,162.0,2016-03-16T00:00:00Z,SVP
126966,2015-09-23T22:00:00Z,-27.87989,-45.9449,-0.2758,0.2397,223.20834,2016-03-16T00:00:00Z,SVP
126966,2015-09-23T23:00:00Z,-27.87185,-45.95133,-0.2695,0.2398,223.20834,2016-03-16T00:00:00Z,SVP
126966,2015-09-24T00:00:00Z,-27.86829,-45.96235,-0.3084,0.0936,140.41666,2016-03-16T00:00:00Z,SVP
126966,2015-09-24T01:00:00Z,-27.86492,-45.9729,-0.2699,0.0864,108.00001,2016-03-16T00:00:00Z,SVP
126966,2015-09-24T02:00:00Z,-27.86247,-45.98318,-0.2651,0.1002,572.4167,2016-03-16T00:00:00Z,SVP
126966,2015-09-24T03:00:00Z,-27.85938,-45.99283,-0.2654,0.1006,572.4167,2016-03-16T00:00:00Z,SVP
126966,2015-09-24T04:00:00Z,-27.85626,-46.00241,-0.2659,0.1011,572.4167,2016-03-16T00:00:00Z,SVP
126966,2015-09-24T05:00:00Z,-27.85319,-46.01173,-0.2546,0.0966,313.20834,2016-03-16T00:00:00Z,SVP
126966,2015-09-24T06:00:00Z,-27.84972,-46.02137,-0.2552,0.0968,313.20834,2016-03-16T00:00:00Z,SVP
126966,2015-09-24T07:00:00Z,-27.84602,-46.03194,-0.258,0.0965,313.20834,2016-03-16T00:00:00Z,SVP
126966,2015-09-24T08:00:00Z,-27.8435,-46.03767,-0.2123,0.097,237.58334,2016-03-16T00:00:00Z,SVP
126966,2015-09-24T09:00:00Z,-27.83974,-46.04513,-0.1791,0.139,248.41667,2016-03-16T00:00:00Z,SVP
126966,2015-09-24T10:00:00Z,-27.83543,-46.05199,-0.1792,0.1431,248.41667,2016-03-16T00:00:00Z,SVP
126966,2015-09-24T11:00:00Z,-27.82767,-46.05847,-0.1827,0.2263,198.00002,2016-03-16T00:00:00Z,SVP
126966,2015-09-24T12:00:00Z,-27.8203,-46.06556,-0.2002,0.2407,122.416664,2016-03-16T00:00:00Z,SVP
126966,2015-09-24T13:00:00Z,-27.81301,-46.07286,-0.1859,0.22,140.41666,2016-03-16T00:00:00Z,SVP
126966,2015-09-24T14:00:00Z,-27.80587,-46.08021,-0.1833,0.2294,604.7916,2016-03-16T00:00:00Z,SVP
126966,2015-09-24T15:00:00Z,-27.79847,-46.08651,-0.1841,0.2296,604.7916,2016-03-16T00:00:00Z,SVP
126966,2015-09-24T16:00:00Z,-27.79113,-46.09292,-0.185,0.2299,604.7916,2016-03-16T00:00:00Z,SVP
126966,2015-09-24T17:00:00Z,-27.78388,-46.09921,-0.1866,0.2306,604.7916,2016-03-16T00:00:00Z,SVP
126966,2015-09-24T18:00:00Z,-27.77568,-46.10682,-0.2105,0.256,248.41667,2016-03-16T00:00:00Z,SVP
126966,2015-09-24T19:00:00Z,-27.76728,-46.11522,-0.2044,0.2569,248.41667,2016-03-16T00:00:00Z,SVP
126966,2015-09-24T20:00:00Z,-27.75832,-46.1253,-0.376,0.2661,205.20834,2016-03-16T00:00:00Z,SVP
126966,2015-09-24T21:00:00Z,-27.74969,-46.13928,-0.3809,0.2649,205.20834,2016-03-16T00:00:00Z,SVP
126966,2015-09-24T22:00:00Z,-27.74407,-46.15118,-0.2695,0.1446,399.58334,2016-03-16T00:00:00Z,SVP
126966,2015-09-24T23:00:00Z,-27.7395,-46.16082,-0.2685,0.144,399.58334,2016-03-16T00:00:00Z,SVP
126966,2015-09-25T00:00:00Z,-27.73523,-46.17069,-0.2682,0.1426,399.58334,2016-03-16T00:00:00Z,SVP
126966,2015-09-25T01:00:00Z,-27.72944,-46.18299,-0.3892,0.147,583.2083,2016-03-16T00:00:00Z,SVP
126966,2015-09-25T02:00:00Z,-27.72497,-46.19778,-0.3881,0.1478,583.2083,2016-03-16T00:00:00Z,SVP
126966,2015-09-25T03:00:00Z,-27.72025,-46.21231,-0.3872,0.148,583.2083,2016-03-16T00:00:00Z,SVP
126966,2015-09-25T04:00:00Z,-27.71546,-46.22691,-0.3857,0.1479,583.2083,2016-03-16T00:00:00Z,SVP
126966,2015-09-25T05:00:00Z,-27.71152,-46.24098,-0.375,0.1038,262.79166,2016-03-16T00:00:00Z,SVP
126966,2015-09-25T06:00:00Z,-27.70803,-46.25394,-0.3785,0.1023,262.79166,2016-03-16T00:00:00Z,SVP
126966,2015-09-25T07:00:00Z,-27.70829,-46.26781,-0.3571,-0.0746,203.41669,2016-03-16T00:00:00Z,SVP
126966,2015-09-25T08:00:00Z,-27.71077,-46.27912,-0.3526,-0.0722,203.41669,2016-03-16T00:00:00Z,SVP
126966,2015-09-25T09:00:00Z,-27.71225,-46.29305,-0.3414,-0.0355,228.58334,2016-03-16T00:00:00Z,SVP
126966,2015-09-25T10:00:00Z,-27.71363,-46.30618,-0.2824,-0.0157,219.58333,2016-03-16T00:00:00Z,SVP
126966,2015-09-25T11:00:00Z,-27.71393,-46.31641,-0.2803,-0.0168,219.58333,2016-03-16T00:00:00Z,SVP
126966,2015-09-25T12:00:00Z,-27.71587,-46.32388,-0.0973,-0.091,140.41666,2016-03-16T00:00:00Z,SVP
126966,2015-09-25T13:00:00Z,-27.71937,-46.32733,-0.0723,-0.0796,637.2083,2016-03-16T00:00:00Z,SVP
126966,2015-09-25T14:00:00Z,-27.72176,-46.33023,-0.0732,-0.0795,637.2083,2016-03-16T00:00:00Z,SVP
126966,2015-09-25T15:00:00Z,-27.72434,-46.33319,-0.074,-0.0794,637.2083,2016-03-16T00:00:00Z,SVP
126966,2015-09-25T16:00:00Z,-27.72701,-46.33633,-0.0748,-0.0792,637.2083,2016-03-16T00:00:00Z,SVP
126966,2015-09-25T17:00:00Z,-27.72985,-46.33984,-0.0755,-0.0787,637.2083,2016-03-16T00:00:00Z,SVP
126966,2015-09-25T18:00:00Z,-27.73095,-46.33938,0.0125,-0.0394,241.20834,2016-03-16T00:00:00Z,SVP
126966,2015-09-25T19:00:00Z,-27.73149,-46.33816,0.0349,0.0203,295.20834,2016-03-16T00:00:00Z,SVP
126966,2015-09-25T20:00:00Z,-27.73041,-46.33762,0.0311,0.025,295.20834,2016-03-16T00:00:00Z,SVP
126966,2015-09-25T21:00:00Z,-27.72849,-46.33627,0.0644,0.1199,450.0,2016-03-16T00:00:00Z,SVP
126966,2015-09-25T22:00:00Z,-27.72369,-46.33322,0.0636,0.1226,450.0,2016-03-16T00:00:00Z,SVP
126966,2015-09-25T23:00:00Z,-27.71963,-46.33063,0.0633,0.1238,450.0,2016-03-16T00:00:00Z,SVP
126966,2015-09-26T00:00:00Z,-27.71492,-46.32846,0.0744,0.1786,104.41666,2016-03-16T00:00:00Z,SVP
126966,2015-09-26T01:00:00Z,-27.70689,-46.32748,-0.0079,0.2956,136.79167,2016-03-16T00:00:00Z,SVP
126966,2015-09-26T02:00:00Z,-27.69615,-46.33011,-0.0825,0.3259,111.583336,2016-03-16T00:00:00Z,SVP
126966,2015-09-26T03:00:00Z,-27.68658,-46.33352,-0.1214,0.307,370.79166,2016-03-16T00:00:00Z,SVP
126966,2015-09-26T04:00:00Z,-27.67589,-46.33782,-0.1227,0.3031,370.79166,2016-03-16T00:00:00Z,SVP
126966,2015-09-26T05:00:00Z,-27.66617,-46.3426,-0.167,0.236,237.58334,2016-03-16T00:00:00Z,SVP
126966,2015-09-26T06:00:00Z,-27.6588,-46.34786,-0.1726,0.238,237.58334,2016-03-16T00:00:00Z,SVP
126966,2015-09-26T07:00:00Z,-27.65201,-46.35918,-0.2937,0.2032,269.99997,2016-03-16T00:00:00Z,SVP
126966,2015-09-26T08:00:00Z,-27.6456,-46.37046,-0.3118,0.1527,61.208332,2016-03-16T00:00:00Z,SVP
126966,2015-09-26T09:00:00Z,-27.64373,-46.38142,-0.3083,0.0122,129.58333,2016-03-16T00:00:00Z,SVP
126966,2015-09-26T10:00:00Z,-27.64471,-46.39212,-0.3068,-0.0327,367.20834,2016-03-16T00:00:00Z,SVP
126966,2015-09-26T11:00:00Z,-27.64566,-46.40341,-0.3064,-0.0335,367.20834,2016-03-16T00:00:00Z,SVP
126966,2015-09-26T12:00:00Z,-27.64696,-46.41503,-0.3074,-0.0703,136.79167,2016-03-16T00:00:00Z,SVP
126966,2015-09-26T13:00:00Z,-27.65059,-46.4259,-0.2795,-0.1595,115.208336,2016-03-16T00:00:00Z,SVP
126966,2015-09-26T14:00:00Z,-27.65682,-46.4353,-0.2225,-0.2297,543.5834,2016-03-16T00:00:00Z,SVP
126966,2015-09-26T15:00:00Z,-27.66457,-46.44283,-0.2187,-0.2293,543.5834,2016-03-16T00:00:00Z,SVP
126966,2015-09-26T16:00:00Z,-27.67179,-46.45128,-0.2191,-0.2306,543.5834,2016-03-16T00:00:00Z,SVP
126966,2015-09-26T17:00:00Z,-27.67835,-46.4604,-0.0227,-0.2623,252.0,2016-03-16T00:00:00Z,SVP
126966,2015-09-26T18:00:00Z,-27.68759,-46.46003,-0.036,-0.2612,252.0,2016-03-16T00:00:00Z,SVP
126966,2015-09-26T19:00:00Z,-27.69593,-46.46109,-0.0306,-0.2531,244.79167,2016-03-16T00:00:00Z,SVP
126966,2015-09-26T20:00:00Z,-27.70379,-46.46296,-0.0347,-0.2501,244.79167,2016-03-16T00:00:00Z,SVP
126966,2015-09-26T21:00:00Z,-27.70894,-46.46326,0.0195,-0.137,180.0,2016-03-16T00:00:00Z,SVP
126966,2015-09-26T22:00:00Z,-27.70862,-46.46277,0.0347,-0.2223,313.20834,2016-03-16T00:00:00Z,SVP
126966,2015-09-26T23:00:00Z,-27.71762,-46.46143,0.0353,-0.2035,313.20834,2016-03-16T00:00:00Z,SVP
126966,2015-09-27T00:00:00Z,-27.72481,-46.46051,0.0381,-0.1932,313.20834,2016-03-16T00:00:00Z,SVP
126966,2015-09-27T01:00:00Z,-27.73064,-46.45716,0.0641,-0.135,118.79167,2016-03-16T00:00:00Z,SVP
126966,2015-09-27T02:00:00Z,-27.74034,-46.45436,0.0727,-0.0136,370.79166,2016-03-16T00:00:00Z,SVP
126966,2015-09-27T03:00:00Z,-27.74011,-46.45217,0.0746,-0.0195,370.79166,2016-03-16T00:00:00Z,SVP
126966,2015-09-27T04:00:00Z,-27.74103,-46.45046,0.0806,-0.0134,370.79166,2016-03-16T00:00:00Z,SVP
126966,2015-09-27T05:00:00Z,-27.74162,-46.44784,0.062,-0.0073,262.79166,2016-03-16T00:00:00Z,SVP
126966,2015-09-27T06:00:00Z,-27.74106,-46.4419,-0.0341,-0.0146,237.58334,2016-03-16T00:00:00Z,SVP
126966,2015-09-27T07:00:00Z,-27.74231,-46.44459,-0.0094,-0.0169,237.58334,2016-03-16T00:00:00Z,SVP
126966,2015-09-27T08:00:00Z,-27.74343,-46.44391,0.0117,-0.0451,90.0,2016-03-16T00:00:00Z,SVP
126966,2015-09-27T09:00:00Z,-27.74665,-46.43541,0.125,-0.1157,75.583336,2016-03-16T00:00:00Z,SVP
126966,2015-09-27T10:00:00Z,-27.74623,-46.43102,0.1152,0.0499,176.41667,2016-03-16T00:00:00Z,SVP
126966,2015-09-27T11:00:00Z,-27.74398,-46.42578,0.1636,0.0742,147.58333,2016-03-16T00:00:00Z,SVP
126966,2015-09-27T12:00:00Z,-27.74443,-46.42015,0.1561,-0.0274,133.20833,2016-03-16T00:00:00Z,SVP
126966,2015-09-27T13:00:00Z,-27.74503,-46.41707,0.3566,-0.0242,579.5834,2016-03-16T00:00:00Z,SVP
126966,2015-09-27T14:00:00Z,-27.74615,-46.40338,0.3588,-0.025,579.5834,2016-03-16T00:00:00Z,SVP
126966,2015-09-27T15:00:00Z,-27.74693,-46.39031,0.3592,-0.0252,579.5834,2016-03-16T00:00:00Z,SVP
126966,2015-09-27T16:00:00Z,-27.74745,-46.3779,0.3588,-0.0252,579.5834,2016-03-16T00:00:00Z,SVP
126966,2015-09-27T17:00:00Z,-27.74799,-46.36771,0.5136,-0.0706,230.41667,2016-03-16T00:00:00Z,SVP
126966,2015-09-27T18:00:00Z,-27.75118,-46.34922,0.5245,-0.0656,230.41667,2016-03-16T00:00:00Z,SVP
126966,2015-09-27T19:00:00Z,-27.75428,-46.32986,0.5376,-0.1255,212.41667,2016-03-16T00:00:00Z,SVP
126966,2015-09-27T20:00:00Z,-27.75821,-46.31079,0.4716,-0.1199,122.416664,2016-03-16T00:00:00Z,SVP
126966,2015-09-27T21:00:00Z,-27.76143,-46.295,0.5136,-0.0586,136.79167,2016-03-16T00:00:00Z,SVP
126966,2015-09-27T22:00:00Z,-27.76268,-46.27748,0.4618,0.0177,327.58334,2016-03-16T00:00:00Z,SVP
126966,2015-09-27T23:00:00Z,-27.76208,-46.25929,0.4613,0.0179,327.58334,2016-03-16T00:00:00Z,SVP
126966,2015-09-28T00:00:00Z,-27.76177,-46.23765,0.3979,0.0257,648.0,2016-03-16T00:00:00Z,SVP
126966,2015-09-28T01:00:00Z,-27.76091,-46.22495,0.4123,0.0256,648.0,2016-03-16T00:00:00Z,SVP
126966,2015-09-28T02:00:00Z,-27.76008,-46.2103,0.4162,0.0257,648.0,2016-03-16T00:00:00Z,SVP
126966,2015-09-28T03:00:00Z,-27.75928,-46.19428,0.3967,0.0258,648.0,2016-03-16T00:00:00Z,SVP
126966,2015-09-28T04:00:00Z,-27.75854,-46.17869,0.2687,0.0262,648.0,2016-03-16T00:00:00Z,SVP
126966,2015-09-28T05:00:00Z,-27.75816,-46.17024,0.2181,0.0097,266.41666,2016-03-16T00:00:00Z,SVP
126966,2015-09-28T06:00:00Z,-27.75778,-46.16146,0.2333,-0.02,198.00002,2016-03-16T00:00:00Z,SVP
126966,2015-09-28T07:00:00Z,-27.76064,-46.15503,0.213,-0.0302,198.00002,2016-03-16T00:00:00Z,SVP
126966,2015-09-28T08:00:00Z,-27.75899,-46.14031,0.1041,0.0756,118.79167,2016-03-16T00:00:00Z,SVP
126966,2015-09-28T09:00:00Z,-27.75643,-46.13705,0.1085,0.0634,158.41667,2016-03-16T00:00:00Z,SVP
126966,2015-09-28T10:00:00Z,-27.75453,-46.13246,0.1753,0.0923,169.20834,2016-03-16T00:00:00Z,SVP
126966,2015-09-28T11:00:00Z,-27.75079,-46.12582,0.1751,0.1193,140.41666,2016-03-16T00:00:00Z,SVP
126966,2015-09-28T12:00:00Z,-27.74757,-46.11942,0.1123,0.1911,111.583336,2016-03-16T00:00:00Z,SVP
126966,2015-09-28T13:00:00Z,-27.74127,-46.11504,0.104,0.2065,597.5834,2016-03-16T00:00:00Z,SVP
126966,2015-09-28T14:00:00Z,-27.73461,-46.11138,0.1036,0.2064,597.5834,2016-03-16T00:00:00Z,SVP
126966,2015-09-28T15:00:00Z,-27.72797,-46.10767,0.1034,0.2063,597.5834,2016-03-16T00:00:00Z,SVP
126966,2015-09-28T16:00:00Z,-27.72139,-46.10399,0.1032,0.2062,597.5834,2016-03-16T00:00:00Z,SVP
126966,2015-09-28T17:00:00Z,-27.71507,-46.10081,0.0882,0.1989,244.79167,2016-03-16T00:00:00Z,SVP
126966,2015-09-28T18:00:00Z,-27.70815,-46.09683,0.0914,0.199,244.79167,2016-03-16T00:00:00Z,SVP
126966,2015-09-28T19:00:00Z,-27.70226,-46.09863,-0.0245,0.1801,320.41666,2016-03-16T00:00:00Z,SVP
126966,2015-09-28T20:00:00Z,-27.69668,-46.10119,-0.0122,0.1806,320.41666,2016-03-16T00:00:00Z,SVP
126966,2015-09-28T21:00:00Z,-27.69117,-46.09904,0.1167,0.1361,0.0,2016-03-16T00:00:00Z,SVP
126966,2015-09-28T22:00:00Z,-27.68863,-46.10011,-0.0021,0.0926,162.0,2016-03-16T00:00:00Z,SVP
126966,2015-09-28T23:00:00Z,-27.68655,-46.1008,-0.0376,0.0573,324.0,2016-03-16T00:00:00Z,SVP
126966,2015-09-29T00:00:00Z,-27.68448,-46.10294,-0.0384,0.0569,324.0,2016-03-16T00:00:00Z,SVP
126966,2015-09-29T01:00:00Z,-27.68423,-46.10144,0.18,-0.0098,122.416664,2016-03-16T00:00:00Z,SVP
126966,2015-09-29T02:00:00Z,-27.68746,-46.08998,0.0733,0.1347,295.20834,2016-03-16T00:00:00Z,SVP
126966,2015-09-29T03:00:00Z,-27.67878,-46.09116,0.1096,0.102,295.20834,2016-03-16T00:00:00Z,SVP
126966,2015-09-29T04:00:00Z,-27.67264,-46.08685,0.1115,0.0935,255.58333,2016-03-16T00:00:00Z,SVP
126966,2015-09-29T05:00:00Z,-27.67335,-46.08281,0.1154,0.138,255.58333,2016-03-16T00:00:00Z,SVP
126966,2015-09-29T06:00:00Z,-27.66903,-46.07816,0.173,0.1438,324.0,2016-03-16T00:00:00Z,SVP
126966,2015-09-29T07:00:00Z,-27.66379,-46.07171,0.174,0.1416,324.0,2016-03-16T00:00:00Z,SVP
126966,2015-09-29T08:00:00Z,-27.65918,-46.06611,0.1613,0.1503,93.583336,2016-03-16T00:00:00Z,SVP
126966,2015-09-29T09:00:00Z,-27.65425,-46.06356,0.0863,0.1702,136.79167,2016-03-16T00:00:00Z,SVP
126966,2015-09-29T10:00:00Z,-27.64808,-46.05906,0.1556,0.2081,327.58334,2016-03-16T00:00:00Z,SVP
126966,2015-09-29T11:00:00Z,-27.6413,-46.05215,0.1387,0.209,327.58334,2016-03-16T00:00:00Z,SVP
126966,2015-09-29T12:00:00Z,-27.63379,-46.04754,0.1571,0.2322,108.00001,2016-03-16T00:00:00Z,SVP
126966,2015-09-29T13:00:00Z,-27.62529,-46.04226,0.1331,0.263,633.5833,2016-03-16T00:00:00Z,SVP
126966,2015-09-29T14:00:00Z,-27.61707,-46.0373,0.1331,0.262,633.5833,2016-03-16T00:00:00Z,SVP
126966,2015-09-29T15:00:00Z,-27.60911,-46.03238,0.1331,0.2602,633.5833,2016-03-16T00:00:00Z,SVP
126966,2015-09-29T16:00:00Z,-27.60219,-46.02745,0.1331,0.2546,633.5833,2016-03-16T00:00:00Z,SVP
126966,2015-09-29T17:00:00Z,-27.59252,-46.02322,0.0755,0.2828,233.99998,2016-03-16T00:00:00Z,SVP
126966,2015-09-29T18:00:00Z,-27.58119,-46.01846,0.0202,0.2643,0.0,2016-03-16T00:00:00Z,SVP
126966,2015-09-29T19:00:00Z,-27.5739,-46.01882,0.0085,0.2546,334.7917,2016-03-16T00:00:00Z,SVP
126966,2015-09-29T20:00:00Z,-27.56581,-46.01852,0.0072,0.2553,334.7917,2016-03-16T00:00:00Z,SVP
126966,2015-09-29T21:00:00Z,-27.55767,-46.01764,0.036,0.273,172.79166,2016-03-16T00:00:00Z,SVP
126966,2015-09-29T22:00:00Z,-27.54889,-46.01394,-0.0565,0.2818,313.20834,2016-03-16T00:00:00Z,SVP
126966,2015-09-29T23:00:00Z,-27.53983,-46.01703,-0.0597,0.2813,313.20834,2016-03-16T00:00:00Z,SVP
126966,2015-09-30T00:00:00Z,-27.53067,-46.01938,-0.0912,0.2778,0.0,2016-03-16T00:00:00Z,SVP
126966,2015-09-30T01:00:00Z,-27.52169,-46.01745,0.0984,0.2704,140.41666,2016-03-16T00:00:00Z,SVP
126966,2015-09-30T02:00:00Z,-27.51301,-46.01359,0.1021,0.2328,320.41666,2016-03-16T00:00:00Z,SVP
126966,2015-09-30T03:00:00Z,-27.50531,-46.01035,0.1051,0.2314,320.41666,2016-03-16T00:00:00Z,SVP
126966,2015-09-30T04:00:00Z,-27.4974,-46.00633,0.1119,0.2214,252.0,2016-03-16T00:00:00Z,SVP
126966,2015-09-30T05:00:00Z,-27.49091,-46.00224,0.1128,0.2232,252.0,2016-03-16T00:00:00Z,SVP
126966,2015-09-30T06:00:00Z,-27.48351,-45.998,0.1282,0.2326,331.2083,2016-03-16T00:00:00Z,SVP
126966,2015-09-30T07:00:00Z,-27.47571,-45.99321,0.1281,0.2321,331.2083,2016-03-16T00:00:00Z,SVP
126966,2015-09-30T08:00:00Z,-27.46829,-45.98875,0.0879,0.2179,126.0,2016-03-16T00:00:00Z,SVP
126966,2015-09-30T09:00:00Z,-27.46058,-45.98591,0.0439,0.2906,61.208332,2016-03-16T00:00:00Z,SVP
126966,2015-09-30T10:00:00Z,-27.45163,-45.98571,0.0363,0.2491,122.416664,2016-03-16T00:00:00Z,SVP
126966,2015-09-30T11:00:00Z,-27.44287,-45.98433,0.0453,0.2933,115.208336,2016-03-16T00:00:00Z,SVP
126966,2015-09-30T12:00:00Z,-27.43401,-45.98355,0.1066,0.239,144.0,2016-03-16T00:00:00Z,SVP
126966,2015-09-30T13:00:00Z,-27.4274,-45.98009,0.1709,0.2507,745.2084,2016-03-16T00:00:00Z,SVP
126966,2015-09-30T14:00:00Z,-27.41894,-45.97368,0.1718,0.2503,745.2084,2016-03-16T00:00:00Z,SVP
126966,2015-09-30T15:00:00Z,-27.41074,-45.9675,0.1717,0.2502,745.2084,2016-03-16T00:00:00Z,SVP
126966,2015-09-30T16:00:00Z,-27.40262,-45.96154,0.171,0.2502,745.2084,2016-03-16T00:00:00Z,SVP
126966,2015-09-30T17:00:00Z,-27.39454,-45.9559,0.1698,0.2503,745.2084,2016-03-16T00:00:00Z,SVP
126966,2015-09-30T18:00:00Z,-27.38669,-45.95065,0.1737,0.2524,302.4167,2016-03-16T00:00:00Z,SVP
126966,2015-09-30T19:00:00Z,-27.37855,-45.94292,0.1787,0.2522,302.4167,2016-03-16T00:00:00Z,SVP
126966,2015-09-30T20:00:00Z,-27.37031,-45.93519,0.1692,0.2487,64.791664,2016-03-16T00:00:00Z,SVP
126966,2015-09-30T21:00:00Z,-27.36189,-45.92987,0.2033,0.2747,194.41666,2016-03-16T00:00:00Z,SVP
126966,2015-09-30T22:00:00Z,-27.35316,-45.92239,0.2446,0.2832,406.79166,2016-03-16T00:00:00Z,SVP
126966,2015-09-30T23:00:00Z,-27.344,-45.91351,0.2447,0.2831,406.79166,2016-03-16T00:00:00Z,SVP
126966,2015-10-01T00:00:00Z,-27.33479,-45.90496,0.2433,0.2832,406.79166,2016-03-16T00:00:00Z,SVP
126966,2015-10-01T01:00:00Z,-27.32718,-45.89524,0.2515,0.2455,133.20833,2016-03-16T00:00:00Z,SVP
126966,2015-10-01T02:00:00Z,-27.3251,-45.89555,0.1645,0.1151,122.416664,2016-03-16T00:00:00Z,SVP
126966,2015-10-01T03:00:00Z,-27.31071,-45.8889,0.1954,0.3586,478.79163,2016-03-16T00:00:00Z,SVP
126966,2015-10-01T04:00:00Z,-27.29792,-45.88144,0.1921,0.3453,478.79163,2016-03-16T00:00:00Z,SVP
126966,2015-10-01T05:00:00Z,-27.28633,-45.8745,0.1935,0.3382,478.79163,2016-03-16T00:00:00Z,SVP
126966,2015-10-01T06:00:00Z,-27.27615,-45.86755,0.2043,0.3219,309.5833,2016-03-16T00:00:00Z,SVP
126966,2015-10-01T07:00:00Z,-27.26557,-45.8602,0.2043,0.3184,309.5833,2016-03-16T00:00:00Z,SVP
126966,2015-10-01T08:00:00Z,-27.26033,-45.85426,0.1672,0.2145,151.20834,2016-03-16T00:00:00Z,SVP
126966,2015-10-01T09:00:00Z,-27.25269,-45.85137,0.1059,0.2418,108.00001,2016-03-16T00:00:00Z,SVP
126966,2015-10-01T10:00:00Z,-27.24325,-45.84655,0.0885,0.169,252.0,2016-03-16T00:00:00Z,SVP
126966,2015-10-01T11:00:00Z,-27.23872,-45.84415,0.0869,0.1704,252.0,2016-03-16T00:00:00Z,SVP
126966,2015-10-01T12:00:00Z,-27.2334,-45.84148,0.0628,0.1455,136.79167,2016-03-16T00:00:00Z,SVP
126966,2015-10-01T13:00:00Z,-27.22966,-45.83684,0.1833,0.063,108.00001,2016-03-16T00:00:00Z,SVP
126966,2015-10-01T14:00:00Z,-27.22697,-45.83115,0.2077,0.056,993.5834,2016-03-16T00:00:00Z,SVP
126966,2015-10-01T15:00:00Z,-27.2253,-45.82315,0.207,0.0561,993.5834,2016-03-16T00:00:00Z,SVP
126966,2015-10-01T16:00:00Z,-27.22357,-45.81556,0.2069,0.0562,993.5834,2016-03-16T00:00:00Z,SVP
126966,2015-10-01T17:00:00Z,-27.22184,-45.80811,0.2072,0.0563,993.5834,2016-03-16T00:00:00Z,SVP
126966,2015-10-01T18:00:00Z,-27.22012,-45.80077,0.2079,0.0565,993.5834,2016-03-16T00:00:00Z,SVP
126966,2015-10-01T19:00:00Z,-27.21848,-45.79359,0.2098,0.0569,993.5834,2016-03-16T00:00:00Z,SVP
126966,2015-10-01T20:00:00Z,-27.21709,-45.78642,0.3642,0.0548,180.0,2016-03-16T00:00:00Z,SVP
126966,2015-10-01T21:00:00Z,-27.21432,-45.77311,0.3687,0.056,180.0,2016-03-16T00:00:00Z,SVP
126966,2015-10-01T22:00:00Z,-27.21216,-45.76228,0.2413,0.0981,396.00003,2016-03-16T00:00:00Z,SVP
126966,2015-10-01T23:00:00Z,-27.20898,-45.75388,0.2421,0.0992,396.00003,2016-03-16T00:00:00Z,SVP
126966,2015-10-02T00:00:00Z,-27.20628,-45.74543,0.2438,0.1005,396.00003,2016-03-16T00:00:00Z,SVP
126966,2015-10-02T01:00:00Z,-27.19992,-45.73472,0.3149,0.1702,115.208336,2016-03-16T00:00:00Z,SVP
126966,2015-10-02T02:00:00Z,-27.19981,-45.72479,0.3185,0.161,810.00006,2016-03-16T00:00:00Z,SVP
126966,2015-10-02T03:00:00Z,-27.19369,-45.71286,0.318,0.1601,810.00006,2016-03-16T00:00:00Z,SVP
126966,2015-10-02T04:00:00Z,-27.18768,-45.70107,0.3177,0.1592,810.00006,2016-03-16T00:00:00Z,SVP
126966,2015-10-02T05:00:00Z,-27.18099,-45.68927,0.3172,0.1571,810.00006,2016-03-16T00:00:00Z,SVP
126966,2015-10-02T06:00:00Z,-27.17365,-45.67736,0.3163,0.152,810.00006,2016-03-16T00:00:00Z,SVP
126966,2015-10-02T07:00:00Z,-27.16698,-45.66499,0.3132,0.1465,810.00006,2016-03-16T00:00:00Z,SVP
126966,2015-10-02T08:00:00Z,-27.16579,-45.65549,0.2986,0.0194,255.58333,2016-03-16T00:00:00Z,SVP
126966,2015-10-02T09:00:00Z,-27.16504,-45.6449,0.2916,0.0378,90.0,2016-03-16T00:00:00Z,SVP
126966,2015-10-02T10:00:00Z,-27.16285,-45.63383,0.3229,0.0856,269.99997,2016-03-16T00:00:00Z,SVP
126966,2015-10-02T11:00:00Z,-27.16038,-45.62111,0.3294,0.0854,269.99997,2016-03-16T00:00:00Z,SVP
126966,2015-10-02T12:00:00Z,-27.15569,-45.61336,0.2729,0.1379,147.58333,2016-03-16T00:00:00Z,SVP
126966,2015-10-02T13:00:00Z,-27.1524,-45.60272,0.3701,-0.0746,687.5834,2016-03-16T00:00:00Z,SVP
126966,2015-10-02T14:00:00Z,-27.15533,-45.59013,0.3708,-0.0734,687.5834,2016-03-16T00:00:00Z,SVP
126966,2015-10-02T15:00:00Z,-27.1579,-45.57753,0.372,-0.0728,687.5834,2016-03-16T00:00:00Z,SVP
126966,2015-10-02T16:00:00Z,-27.16041,-45.57052,0.4279,-0.0723,687.5834,2016-03-16T00:00:00Z,SVP
126966,2015-10-02T17:00:00Z,-27.16295,-45.55604,0.4381,-0.0714,687.5834,2016-03-16T00:00:00Z,SVP
126966,2015-10-02T18:00:00Z,-27.16465,-45.54009,0.4693,-0.0612,327.58334,2016-03-16T00:00:00Z,SVP
126966,2015-10-02T19:00:00Z,-27.16633,-45.52271,0.4664,-0.0603,327.58334,2016-03-16T00:00:00Z,SVP
126966,2015-10-02T20:00:00Z,-27.16705,-45.50495,0.5081,0.0196,129.58333,2016-03-16T00:00:00Z,SVP
126966,2015-10-02T21:00:00Z,-27.16518,-45.48521,0.5324,0.0565,93.583336,2016-03-16T00:00:00Z,SVP
126966,2015-10-02T22:00:00Z,-27.16381,-45.46686,0.4896,0.0278,374.41666,2016-03-16T00:00:00Z,SVP
126966,2015-10-02T23:00:00Z,-27.16281,-45.44909,0.488,0.0275,374.41666,2016-03-16T00:00:00Z,SVP
126966,2015-10-03T00:00:00Z,-27.16242,-45.43253,0.4063,-0.0087,136.79167,2016-03-16T00:00:00Z,SVP
126966,2015-10-03T01:00:00Z,-27.16264,-45.41793,0.4448,0.0318,111.583336,2016-03-16T00:00:00Z,SVP
126966,2015-10-03T02:00:00Z,-27.16153,-45.40202,0.4801,0.071,532.7917,2016-03-16T00:00:00Z,SVP
126966,2015-10-03T03:00:00Z,-27.15922,-45.38536,0.4817,0.0712,532.7917,2016-03-16T00:00:00Z,SVP
126966,2015-10-03T04:00:00Z,-27.15704,-45.36863,0.4868,0.0714,532.7917,2016-03-16T00:00:00Z,SVP
126966,2015-10-03T05:00:00Z,-27.15462,-45.3516,0.4677,0.1068,313.20834,2016-03-16T00:00:00Z,SVP
126966,2015-10-03T06:00:00Z,-27.15055,-45.33358,0.4684,0.1074,313.20834,2016-03-16T00:00:00Z,SVP
126966,2015-10-03T07:00:00Z,-27.1476,-45.31277,0.4083,0.125,255.58333,2016-03-16T00:00:00Z,SVP
126966,2015-10-03T08:00:00Z,-27.14299,-45.30004,0.4429,0.1246,255.58333,2016-03-16T00:00:00Z,SVP
126966,2015-10-03T09:00:00Z,-27.13852,-45.28382,0.4188,0.1321,273.58334,2016-03-16T00:00:00Z,SVP
126966,2015-10-03T10:00:00Z,-27.13482,-45.26794,0.429,0.1274,273.58334,2016-03-16T00:00:00Z,SVP
126966,2015-10-03T11:00:00Z,-27.13019,-45.24737,0.1832,0.1051,126.0,2016-03-16T00:00:00Z,SVP
126966,2015-10-03T12:00:00Z,-27.12754,-45.24075,0.161,0.0486,122.416664,2016-03-16T00:00:00Z,SVP
126971,2015-07-01T00:00:00Z,-29.07301,-46.74836,-0.0174,-0.0739,446.4167,2015-07-28T00:00:00Z,SVP
126971,2015-07-01T01:00:00Z,-29.07543,-46.74983,-0.0277,-0.0705,136.79167,2015-07-28T00:00:00Z,SVP
126971,2015-07-01T02:00:00Z,-29.07753,-46.75525,-0.1251,-0.0417,115.208336,2015-07-28T00:00:00Z,SVP
126971,2015-07-01T03:00:00Z,-29.07804,-46.75817,-0.1149,-0.0295,298.7917,2015-07-28T00:00:00Z,SVP
126971,2015-07-01T04:00:00Z,-29.07825,-46.76143,-0.1182,-0.0315,298.7917,2015-07-28T00:00:00Z,SVP
126971,2015-07-01T05:00:00Z,-29.08021,-46.76699,-0.1667,-0.0417,248.41667,2015-07-28T00:00:00Z,SVP
126971,2015-07-01T06:00:00Z,-29.0815,-46.77339,-0.2079,-0.0378,230.41667,2015-07-28T00:00:00Z,SVP
126971,2015-07-01T07:00:00Z,-29.08259,-46.78154,-0.2094,-0.036,230.41667,2015-07-28T00:00:00Z,SVP
126971,2015-07-01T08:00:00Z,-29.08352,-46.78935,-0.2171,-0.0287,147.58333,2015-07-28T00:00:00Z,SVP
126971,2015-07-01T09:00:00Z,-29.08584,-46.79717,-0.2179,-0.1663,0.0,2015-07-28T00:00:00Z,SVP
126971,2015-07-01T10:00:00Z,-29.08917,-46.8061,-0.2517,-0.0434,288.0,2015-07-28T00:00:00Z,SVP
126971,2015-07-01T11:00:00Z,-29.08999,-46.81529,-0.2519,-0.0443,288.0,2015-07-28T00:00:00Z,SVP
126971,2015-07-01T12:00:00Z,-29.09122,-46.82538,-0.3013,-0.0181,136.79167,2015-07-28T00:00:00Z,SVP
126971,2015-07-01T13:00:00Z,-29.09193,-46.83698,-0.3023,-0.0215,111.583336,2015-07-28T00:00:00Z,SVP
126971,2015-07-01T14:00:00Z,-29.09281,-46.84822,-0.2711,-0.0309,475.2083,2015-07-28T00:00:00Z,SVP
126971,2015-07-01T15:00:00Z,-29.09379,-46.85818,-0.271,-0.0311,475.2083,2015-07-28T00:00:00Z,SVP
126971,2015-07-01T16:00:00Z,-29.09461,-46.86837,-0.2703,-0.0317,475.2083,2015-07-28T00:00:00Z,SVP
126971,2015-07-01T17:00:00Z,-29.09633,-46.87858,-0.2661,-0.0673,241.20834,2015-07-28T00:00:00Z,SVP
126971,2015-07-01T18:00:00Z,-29.09873,-46.88757,-0.2616,-0.0709,241.20834,2015-07-28T00:00:00Z,SVP
126971,2015-07-01T19:00:00Z,-29.10236,-46.90079,-0.3089,-0.0979,230.41667,2015-07-28T00:00:00Z,SVP
126971,2015-07-01T20:00:00Z,-29.10551,-46.91271,-0.3284,-0.0718,162.0,2015-07-28T00:00:00Z,SVP
126971,2015-07-01T21:00:00Z,-29.10749,-46.92447,-0.2704,-0.09,86.41667,2015-07-28T00:00:00Z,SVP
126971,2015-07-01T22:00:00Z,-29.11061,-46.93453,-0.2617,-0.1069,417.58334,2015-07-28T00:00:00Z,SVP
126971,2015-07-01T23:00:00Z,-29.11398,-46.94393,-0.2606,-0.1065,417.58334,2015-07-28T00:00:00Z,SVP
126971,2015-07-02T00:00:00Z,-29.11733,-46.95329,-0.2599,-0.1062,417.58334,2015-07-28T00:00:00Z,SVP
126971,2015-07-02T01:00:00Z,-29.12135,-46.965,-0.3157,-0.14,111.583336,2015-07-28T00:00:00Z,SVP
126971,2015-07-02T02:00:00Z,-29.12629,-46.97759,-0.229,-0.1925,316.79166,2015-07-28T00:00:00Z,SVP
126971,2015-07-02T03:00:00Z,-29.13193,-46.98642,-0.2265,-0.1926,316.79166,2015-07-28T00:00:00Z,SVP
126971,2015-07-02T04:00:00Z,-29.13704,-46.99641,-0.23,-0.2299,252.0,2015-07-28T00:00:00Z,SVP
126971,2015-07-02T05:00:00Z,-29.14591,-47.00248,-0.2142,-0.2224,252.0,2015-07-28T00:00:00Z,SVP
126971,2015-07-02T06:00:00Z,-29.15269,-47.00908,-0.1787,-0.2046,208.79167,2015-07-28T00:00:00Z,SVP
126971,2015-07-02T07:00:00Z,-29.1588,-47.0246,-0.061,-0.1636,169.20834,2015-07-28T00:00:00Z,SVP
126971,2015-07-02T08:00:00Z,-29.16405,-47.02153,-0.1758,-0.1624,169.20834,2015-07-28T00:00:00Z,SVP
126971,2015-07-02T09:00:00Z,-29.16875,-47.02727,-0.1483,-0.1244,97.20833,2015-07-28T00:00:00Z,SVP
126971,2015-07-02T10:00:00Z,-29.1726,-47.03298,-0.1299,-0.1126,320.41666,2015-07-28T00:00:00Z,SVP
126971,2015-07-02T11:00:00Z,-29.17619,-47.03844,-0.1281,-0.1124,320.41666,2015-07-28T00:00:00Z,SVP
126971,2015-07-02T12:00:00Z,-29.17805,-47.04363,-0.162,-0.0508,122.416664,2015-07-28T00:00:00Z,SVP
126971,2015-07-02T13:00:00Z,-29.17795,-47.05065,-0.1415,-0.0419,741.5833,2015-07-28T00:00:00Z,SVP
126971,2015-07-02T14:00:00Z,-29.17955,-47.0556,-0.1415,-0.0433,741.5833,2015-07-28T00:00:00Z,SVP
126971,2015-07-02T15:00:00Z,-29.18084,-47.06089,-0.1414,-0.0432,741.5833,2015-07-28T00:00:00Z,SVP
126971,2015-07-02T16:00:00Z,-29.1819,-47.06634,-0.141,-0.0423,741.5833,2015-07-28T00:00:00Z,SVP
126971,2015-07-02T17:00:00Z,-29.18266,-47.07197,-0.1403,-0.0411,741.5833,2015-07-28T00:00:00Z,SVP
126971,2015-07-02T18:00:00Z,-29.18323,-47.07769,-0.1207,-0.1103,378.0,2015-07-28T00:00:00Z,SVP
126971,2015-07-02T19:00:00Z,-29.1875,-47.081,-0.1188,-0.1071,378.0,2015-07-28T00:00:00Z,SVP
126971,2015-07-02T20:00:00Z,-29.19139,-47.08479,-0.1184,-0.1029,378.0,2015-07-28T00:00:00Z,SVP
126971,2015-07-02T21:00:00Z,-29.19554,-47.08746,-0.057,-0.114,172.79166,2015-07-28T00:00:00Z,SVP
126971,2015-07-02T22:00:00Z,-29.19715,-47.09486,-0.1245,-0.1033,172.79166,2015-07-28T00:00:00Z,SVP
126971,2015-07-02T23:00:00Z,-29.20083,-47.09386,-0.0883,-0.0687,248.41667,2015-07-28T00:00:00Z,SVP
126971,2015-07-03T00:00:00Z,-29.20432,-47.09556,-0.1959,0.0526,144.0,2015-07-28T00:00:00Z,SVP
126971,2015-07-03T01:00:00Z,-29.20214,-47.10245,-0.1021,0.0624,111.583336,2015-07-28T00:00:00Z,SVP
126971,2015-07-03T02:00:00Z,-29.20164,-47.10584,-0.0715,0.0046,338.4167,2015-07-28T00:00:00Z,SVP
126971,2015-07-03T03:00:00Z,-29.19906,-47.10816,-0.0709,0.036,338.4167,2015-07-28T00:00:00Z,SVP
126971,2015-07-03T04:00:00Z,-29.19941,-47.11101,-0.0975,-0.1415,252.0,2015-07-28T00:00:00Z,SVP
126971,2015-07-03T05:00:00Z,-29.20653,-47.11501,-0.1015,-0.107,252.0,2015-07-28T00:00:00Z,SVP
126971,2015-07-03T06:00:00Z,-29.2108,-47.11951,-0.1302,-0.163,421.20834,2015-07-28T00:00:00Z,SVP
126971,2015-07-03T07:00:00Z,-29.21509,-47.12501,-0.1351,-0.1566,421.20834,2015-07-28T00:00:00Z,SVP
126971,2015-07-03T08:00:00Z,-29.2186,-47.13166,-0.1441,-0.1493,421.20834,2015-07-28T00:00:00Z,SVP
126971,2015-07-03T09:00:00Z,-29.22605,-47.13417,-0.1614,-0.164,248.41667,2015-07-28T00:00:00Z,SVP
126971,2015-07-03T10:00:00Z,-29.23071,-47.14155,-0.1369,-0.1735,248.41667,2015-07-28T00:00:00Z,SVP
126971,2015-07-03T11:00:00Z,-29.23514,-47.14584,-0.0882,-0.0039,140.41666,2015-07-28T00:00:00Z,SVP
126971,2015-07-03T12:00:00Z,-29.23396,-47.1515,-0.0975,-0.0565,111.583336,2015-07-28T00:00:00Z,SVP
126971,2015-07-03T13:00:00Z,-29.23771,-47.15231,-0.0991,-0.1738,759.5834,2015-07-28T00:00:00Z,SVP
126971,2015-07-03T14:00:00Z,-29.24339,-47.15671,-0.1003,-0.1741,759.5834,2015-07-28T00:00:00Z,SVP
126971,2015-07-03T15:00:00Z,-29.24895,-47.16088,-0.1009,-0.1739,759.5834,2015-07-28T00:00:00Z,SVP
126971,2015-07-03T16:00:00Z,-29.25436,-47.16518,-0.1015,-0.1732,759.5834,2015-07-28T00:00:00Z,SVP
126971,2015-07-03T17:00:00Z,-29.25934,-47.18685,-0.2066,-0.1711,759.5834,2015-07-28T00:00:00Z,SVP
126971,2015-07-03T18:00:00Z,-29.26515,-47.17254,-0.094,-0.1965,316.79166,2015-07-28T00:00:00Z,SVP
126971,2015-07-03T19:00:00Z,-29.27296,-47.17418,-0.0975,-0.1914,316.79166,2015-07-28T00:00:00Z,SVP
126971,2015-07-03T20:00:00Z,-29.27966,-47.17803,0.0461,-0.2529,61.208332,2015-07-28T00:00:00Z,SVP
126971,2015-07-03T21:00:00Z,-29.28703,-47.17679,0.0267,-0.217,194.41666,2015-07-28T00:00:00Z,SVP
126971,2015-07-03T22:00:00Z,-29.29254,-47.17232,0.1624,-0.1729,93.583336,2015-07-28T00:00:00Z,SVP
126971,2015-07-03T23:00:00Z,-29.29868,-47.16677,0.1731,-0.1821,309.5833,2015-07-28T00:00:00Z,SVP
126971,2015-07-04T00:00:00Z,-29.30447,-47.15999,0.1694,-0.1844,309.5833,2015-07-28T00:00:00Z,SVP
126971,2015-07-04T01:00:00Z,-29.31095,-47.15469,0.1235,-0.2196,259.20834,2015-07-28T00:00:00Z,SVP
126971,2015-07-04T02:00:00Z,-29.3179,-47.1507,-0.1347,-0.2219,475.2083,2015-07-28T00:00:00Z,SVP
126971,2015-07-04T03:00:00Z,-29.32526,-47.15688,-0.1425,-0.2228,475.2083,2015-07-28T00:00:00Z,SVP
126971,2015-07-04T04:00:00Z,-29.33259,-47.16248,-0.1446,-0.2232,475.2083,2015-07-28T00:00:00Z,SVP
126971,2015-07-04T05:00:00Z,-29.33998,-47.16723,-0.1449,-0.2238,475.2083,2015-07-28T00:00:00Z,SVP
126971,2015-07-04T06:00:00Z,-29.34589,-47.17617,-0.1965,-0.2039,388.79166,2015-07-28T00:00:00Z,SVP
126971,2015-07-04T07:00:00Z,-29.35262,-47.18415,-0.2001,-0.2037,388.79166,2015-07-28T00:00:00Z,SVP
126971,2015-07-04T08:00:00Z,-29.35936,-47.19325,-0.3112,-0.1688,248.41667,2015-07-28T00:00:00Z,SVP
126971,2015-07-04T09:00:00Z,-29.36347,-47.20601,-0.2989,-0.1699,248.41667,2015-07-28T00:00:00Z,SVP
126971,2015-07-04T10:00:00Z,-29.37077,-47.2184,-0.422,-0.2772,241.20834,2015-07-28T00:00:00Z,SVP
126971,2015-07-04T11:00:00Z,-29.3797,-47.23486,-0.4236,-0.2716,241.20834,2015-07-28T00:00:00Z,SVP
126971,2015-07-04T12:00:00Z,-29.38606,-47.24859,-0.3746,-0.2044,126.0,2015-07-28T00:00:00Z,SVP
126971,2015-07-04T13:00:00Z,-29.39416,-47.26187,-0.3665,-0.2022,129.58333,2015-07-28T00:00:00Z,SVP
126971,2015-07-04T14:00:00Z,-29.39955,-47.2751,-0.3789,-0.195,648.0,2015-07-28T00:00:00Z,SVP
126971,2015-07-04T15:00:00Z,-29.40534,-47.28968,-0.3794,-0.1973,648.0,2015-07-28T00:00:00Z,SVP
126971,2015-07-04T16:00:00Z,-29.41169,-47.30493,-0.382,-0.1973,648.0,2015-07-28T00:00:00Z,SVP
126971,2015-07-04T17:00:00Z,-29.41831,-47.32372,-0.4053,-0.1954,648.0,2015-07-28T00:00:00Z,SVP
126971,2015-07-04T18:00:00Z,-29.42443,-47.33849,-0.3772,-0.1665,378.0,2015-07-28T00:00:00Z,SVP
126971,2015-07-04T19:00:00Z,-29.42984,-47.34645,-0.3634,-0.1661,378.0,2015-07-28T00:00:00Z,SVP
126971,2015-07-04T20:00:00Z,-29.43573,-47.35811,-0.3723,-0.1648,378.0,2015-07-28T00:00:00Z,SVP
126971,2015-07-04T21:00:00Z,-29.43856,-47.38118,-0.3923,-0.1338,151.20834,2015-07-28T00:00:00Z,SVP
126971,2015-07-04T22:00:00Z,-29.44558,-47.39359,-0.3824,-0.2439,334.7917,2015-07-28T00:00:00Z,SVP
126971,2015-07-04T23:00:00Z,-29.45349,-47.40848,-0.3783,-0.2432,334.7917,2015-07-28T00:00:00Z,SVP
126971,2015-07-05T00:00:00Z,-29.46208,-47.42217,-0.4122,-0.22,0.0,2015-07-28T00:00:00Z,SVP
126971,2015-07-05T01:00:00Z,-29.46777,-47.43835,-0.4855,-0.2301,147.58333,2015-07-28T00:00:00Z,SVP
126971,2015-07-05T02:00:00Z,-29.47499,-47.45591,-0.4818,-0.2739,496.7917,2015-07-28T00:00:00Z,SVP
126971,2015-07-05T03:00:00Z,-29.4841,-47.47418,-0.4843,-0.2765,496.7917,2015-07-28T00:00:00Z,SVP
126971,2015-07-05T04:00:00Z,-29.49282,-47.49267,-0.4868,-0.2755,496.7917,2015-07-28T00:00:00Z,SVP
126971,2015-07-05T05:00:00Z,-29.50118,-47.51136,-0.4753,-0.3789,349.20834,2015-07-28T00:00:00Z,SVP
126971,2015-07-05T06:00:00Z,-29.51487,-47.52511,-0.4297,-0.3751,349.20834,2015-07-28T00:00:00Z,SVP
126971,2015-07-05T07:00:00Z,-29.52828,-47.53951,-0.4208,-0.3549,349.20834,2015-07-28T00:00:00Z,SVP
126971,2015-07-05T08:00:00Z,-29.54043,-47.55119,-0.3372,-0.4045,252.0,2015-07-28T00:00:00Z,SVP
126971,2015-07-05T09:00:00Z,-29.5533,-47.56283,-0.2964,-0.3921,0.0,2015-07-28T00:00:00Z,SVP
126971,2015-07-05T10:00:00Z,-29.56765,-47.57774,-0.393,-0.4407,280.79166,2015-07-28T00:00:00Z,SVP
126971,2015-07-05T11:00:00Z,-29.58243,-47.59335,-0.3839,-0.4347,280.79166,2015-07-28T00:00:00Z,SVP
126971,2015-07-05T12:00:00Z,-29.59445,-47.6009,-0.1245,-0.3515,140.41666,2015-07-28T00:00:00Z,SVP
126971,2015-07-05T13:00:00Z,-29.60611,-47.60474,-0.2088,-0.3385,676.7917,2015-07-28T00:00:00Z,SVP
126971,2015-07-05T14:00:00Z,-29.61691,-47.61348,-0.207,-0.3382,676.7917,2015-07-28T00:00:00Z,SVP
126971,2015-07-05T15:00:00Z,-29.62795,-47.62162,-0.2061,-0.3381,676.7917,2015-07-28T00:00:00Z,SVP
126971,2015-07-05T16:00:00Z,-29.63917,-47.62967,-0.2052,-0.3381,676.7917,2015-07-28T00:00:00Z,SVP
126971,2015-07-05T17:00:00Z,-29.65077,-47.63784,-0.2036,-0.3382,676.7917,2015-07-28T00:00:00Z,SVP
126971,2015-07-05T18:00:00Z,-29.66092,-47.64493,-0.2015,-0.3042,385.20834,2015-07-28T00:00:00Z,SVP
126971,2015-07-05T19:00:00Z,-29.67015,-47.65183,-0.2035,-0.3074,385.20834,2015-07-28T00:00:00Z,SVP
126971,2015-07-05T20:00:00Z,-29.68021,-47.65897,-0.1687,-0.2771,75.583336,2015-07-28T00:00:00Z,SVP
126971,2015-07-05T21:00:00Z,-29.68938,-47.6657,-0.1892,-0.317,140.41666,2015-07-28T00:00:00Z,SVP
126971,2015-07-05T22:00:00Z,-29.69942,-47.67931,-0.3428,-0.2987,111.583336,2015-07-28T00:00:00Z,SVP
126971,2015-07-05T23:00:00Z,-29.70765,-47.68073,-0.1914,-0.2499,331.2083,2015-07-28T00:00:00Z,SVP
126971,2015-07-06T00:00:00Z,-29.71555,-47.68642,-0.1964,-0.2499,331.2083,2015-07-28T00:00:00Z,SVP
126971,2015-07-06T01:00:00Z,-29.72382,-47.69503,-0.3121,-0.2412,147.58333,2015-07-28T00:00:00Z,SVP
126971,2015-07-06T02:00:00Z,-29.73191,-47.70729,-0.3135,-0.2469,100.79167,2015-07-28T00:00:00Z,SVP
126971,2015-07-06T03:00:00Z,-29.73969,-47.7182,-0.2966,-0.2415,410.4167,2015-07-28T00:00:00Z,SVP
126971,2015-07-06T04:00:00Z,-29.7475,-47.72921,-0.2963,-0.2414,410.4167,2015-07-28T00:00:00Z,SVP
126971,2015-07-06T05:00:00Z,-29.75579,-47.73967,-0.2581,-0.2579,324.0,2015-07-28T00:00:00Z,SVP
126971,2015-07-06T06:00:00Z,-29.76442,-47.74883,-0.2563,-0.2594,324.0,2015-07-28T00:00:00Z,SVP
126971,2015-07-06T07:00:00Z,-29.77263,-47.75796,-0.222,-0.4179,54.000004,2015-07-28T00:00:00Z,SVP
126971,2015-07-06T08:00:00Z,-29.78678,-47.76656,-0.2592,-0.4487,230.41667,2015-07-28T00:00:00Z,SVP
126971,2015-07-06T09:00:00Z,-29.80196,-47.77397,-0.2313,-0.4626,244.79167,2015-07-28T00:00:00Z,SVP
126971,2015-07-06T10:00:00Z,-29.81615,-47.78819,-0.2974,-0.4568,244.79167,2015-07-28T00:00:00Z,SVP
126971,2015-07-06T11:00:00Z,-29.83321,-47.79411,-0.0253,-0.5444,183.58333,2015-07-28T00:00:00Z,SVP
126971,2015-07-06T12:00:00Z,-29.85127,-47.79541,-0.0544,-0.5762,133.20833,2015-07-28T00:00:00Z,SVP
126971,2015-07-06T13:00:00Z,-29.86987,-47.80063,-0.1663,-0.5834,111.583336,2015-07-28T00:00:00Z,SVP
126971,2015-07-06T14:00:00Z,-29.88867,-47.80687,-0.1472,-0.5899,586.7916,2015-07-28T00:00:00Z,SVP
126971,2015-07-06T15:00:00Z,-29.9078,-47.81197,-0.147,-0.5899,586.7916,2015-07-28T00:00:00Z,SVP
126971,2015-07-06T16:00:00Z,-29.92693,-47.81749,-0.1465,-0.5899,586.7916,2015-07-28T00:00:00Z,SVP
126971,2015-07-06T17:00:00Z,-29.94609,-47.82328,-0.1456,-0.59,586.7916,2015-07-28T00:00:00Z,SVP
126971,2015-07-06T18:00:00Z,-29.96543,-47.82476,-0.0379,-0.5957,244.79167,2015-07-28T00:00:00Z,SVP
126971,2015-07-06T19:00:00Z,-29.98453,-47.82561,-0.0348,-0.5986,136.79167,2015-07-28T00:00:00Z,SVP
126971,2015-07-06T20:00:00Z,-30.00427,-47.82612,0.0193,-0.589,172.79166,2015-07-28T00:00:00Z,SVP
126971,2015-07-06T21:00:00Z,-30.02294,-47.82582,0.1053,-0.5412,68.416664,2015-07-28T00:00:00Z,SVP
126971,2015-07-06T22:00:00Z,-30.0402,-47.82165,0.0961,-0.5012,399.58334,2015-07-28T00:00:00Z,SVP
126971,2015-07-06T23:00:00Z,-30.05647,-47.81809,0.095,-0.501,399.58334,2015-07-28T00:00:00Z,SVP
126971,2015-07-07T00:00:00Z,-30.07315,-47.81385,0.0963,-0.5017,399.58334,2015-07-28T00:00:00Z,SVP
126971,2015-07-07T01:00:00Z,-30.08823,-47.82033,-0.2087,-0.472,115.208336,2015-07-28T00:00:00Z,SVP
126971,2015-07-07T02:00:00Z,-30.10577,-47.82897,-0.0919,-0.4632,442.79166,2015-07-28T00:00:00Z,SVP
126971,2015-07-07T03:00:00Z,-30.11989,-47.83212,-0.0909,-0.4636,442.79166,2015-07-28T00:00:00Z,SVP
126971,2015-07-07T04:00:00Z,-30.13392,-47.83598,-0.09,-0.4652,442.79166,2015-07-28T00:00:00Z,SVP
126971,2015-07-07T05:00:00Z,-30.14888,-47.84114,-0.0973,-0.5451,241.20834,2015-07-28T00:00:00Z,SVP
126971,2015-07-07T06:00:00Z,-30.16686,-47.84174,-0.0806,-0.5478,241.20834,2015-07-28T00:00:00Z,SVP
126971,2015-07-07T07:00:00Z,-30.18741,-47.85641,-0.2028,-0.6575,126.0,2015-07-28T00:00:00Z,SVP
126971,2015-07-07T08:00:00Z,-30.20908,-47.86187,-0.1937,-0.6749,154.79166,2015-07-28T00:00:00Z,SVP
126971,2015-07-07T09:00:00Z,-30.23205,-47.86789,-0.1256,-0.793,187.20833,2015-07-28T00:00:00Z,SVP
126971,2015-07-07T10:00:00Z,-30.25796,-47.87356,-0.1288,-0.7959,187.20833,2015-07-28T00:00:00Z,SVP
126971,2015-07-07T11:00:00Z,-30.28314,-47.87429,-0.0496,-0.7855,190.79166,2015-07-28T00:00:00Z,SVP
126971,2015-07-07T12:00:00Z,-30.30485,-47.87298,0.0586,-0.6284,133.20833,2015-07-28T00:00:00Z,SVP
126971,2015-07-07T13:00:00Z,-30.32347,-47.87053,-0.0131,-0.5498,612.0,2015-07-28T00:00:00Z,SVP
126971,2015-07-07T14:00:00Z,-30.34149,-47.87145,-0.0141,-0.5511,612.0,2015-07-28T00:00:00Z,SVP
126971,2015-07-07T15:00:00Z,-30.35958,-47.87203,-0.0143,-0.5522,612.0,2015-07-28T00:00:00Z,SVP
126971,2015-07-07T16:00:00Z,-30.37794,-47.87244,-0.0143,-0.5541,612.0,2015-07-28T00:00:00Z,SVP
126971,2015-07-07T17:00:00Z,-30.39703,-47.87245,-0.0141,-0.5579,612.0,2015-07-28T00:00:00Z,SVP
126971,2015-07-07T18:00:00Z,-30.41154,-47.87516,-0.0386,-0.526,241.20834,2015-07-28T00:00:00Z,SVP
126971,2015-07-07T19:00:00Z,-30.4273,-47.88019,-0.1912,-0.4593,129.58333,2015-07-28T00:00:00Z,SVP
126971,2015-07-07T20:00:00Z,-30.4421,-47.88736,-0.2095,-0.4506,151.20834,2015-07-28T00:00:00Z,SVP
126971,2015-07-07T21:00:00Z,-30.45724,-47.89445,-0.1886,-0.4943,93.583336,2015-07-28T00:00:00Z,SVP
126971,2015-07-07T22:00:00Z,-30.47441,-47.90292,-0.1927,-0.5237,158.41667,2015-07-28T00:00:00Z,SVP
126971,2015-07-07T23:00:00Z,-30.49045,-47.90906,-0.198,-0.5067,223.20834,2015-07-28T00:00:00Z,SVP
126971,2015-07-08T00:00:00Z,-30.50715,-47.91371,-0.3899,-0.5128,136.79167,2015-07-28T00:00:00Z,SVP
126971,2015-07-08T01:00:00Z,-30.52407,-47.92834,-0.3514,-0.5409,111.583336,2015-07-28T00:00:00Z,SVP
126971,2015-07-08T02:00:00Z,-30.54228,-47.94115,-0.312,-0.5646,471.58337,2015-07-28T00:00:00Z,SVP
126971,2015-07-08T03:00:00Z,-30.56004,-47.95271,-0.3118,-0.5605,471.58337,2015-07-28T00:00:00Z,SVP
126971,2015-07-08T04:00:00Z,-30.57719,-47.9646,-0.311,-0.5548,471.58337,2015-07-28T00:00:00Z,SVP
126971,2015-07-08T05:00:00Z,-30.59654,-47.97663,-0.3052,-0.611,233.99998,2015-07-28T00:00:00Z,SVP
126971,2015-07-08T06:00:00Z,-30.61793,-47.98736,-0.3044,-0.5894,233.99998,2015-07-28T00:00:00Z,SVP
126971,2015-07-08T07:00:00Z,-30.63583,-48.00031,-0.2654,-0.5505,122.416664,2015-07-28T00:00:00Z,SVP
126971,2015-07-08T08:00:00Z,-30.65391,-48.00946,-0.2055,-0.6121,118.79167,2015-07-28T00:00:00Z,SVP
126971,2015-07-08T09:00:00Z,-30.6751,-48.01873,-0.2736,-0.6792,129.58333,2015-07-28T00:00:00Z,SVP
126971,2015-07-08T10:00:00Z,-30.69475,-48.02749,-0.2501,-0.6121,233.99998,2015-07-28T00:00:00Z,SVP
126971,2015-07-08T11:00:00Z,-30.71885,-48.03985,-0.1458,-0.4476,136.79167,2015-07-28T00:00:00Z,SVP
126971,2015-07-08T12:00:00Z,-30.73195,-48.04409,-0.1907,-0.5633,111.583336,2015-07-28T00:00:00Z,SVP
126971,2015-07-08T13:00:00Z,-30.75062,-48.05268,-0.2574,-0.5705,129.58333,2015-07-28T00:00:00Z,SVP
126971,2015-07-08T14:00:00Z,-30.76817,-48.06233,-0.2786,-0.4911,507.5833,2015-07-28T00:00:00Z,SVP
126971,2015-07-08T15:00:00Z,-30.78361,-48.07301,-0.2787,-0.4918,507.5833,2015-07-28T00:00:00Z,SVP
126971,2015-07-08T16:00:00Z,-30.79926,-48.08345,-0.2789,-0.4923,507.5833,2015-07-28T00:00:00Z,SVP
126971,2015-07-08T17:00:00Z,-30.81503,-48.09375,-0.2955,-0.4826,241.20834,2015-07-28T00:00:00Z,SVP
126971,2015-07-08T18:00:00Z,-30.83135,-48.10538,-0.2969,-0.4844,241.20834,2015-07-28T00:00:00Z,SVP
126971,2015-07-08T19:00:00Z,-30.8468,-48.11805,-0.3401,-0.482,144.0,2015-07-28T00:00:00Z,SVP
126971,2015-07-08T20:00:00Z,-30.86208,-48.13163,-0.3743,-0.4575,97.20833,2015-07-28T00:00:00Z,SVP
126971,2015-07-08T21:00:00Z,-30.87487,-48.14432,-0.3041,-0.3521,0.0,2015-07-28T00:00:00Z,SVP
126971,2015-07-08T22:00:00Z,-30.88693,-48.15733,-0.5355,-0.4819,360.0,2015-07-28T00:00:00Z,SVP
126971,2015-07-08T23:00:00Z,-30.90324,-48.17861,-0.5316,-0.4788,360.0,2015-07-28T00:00:00Z,SVP
126971,2015-07-09T00:00:00Z,-30.91918,-48.19947,-0.5177,-0.4745,360.0,2015-07-28T00:00:00Z,SVP
126971,2015-07-09T01:00:00Z,-30.93429,-48.21877,-0.5588,-0.525,136.79167,2015-07-28T00:00:00Z,SVP
126971,2015-07-09T02:00:00Z,-30.95126,-48.24248,-0.4963,-0.5385,334.7917,2015-07-28T00:00:00Z,SVP
126971,2015-07-09T03:00:00Z,-30.96874,-48.26109,-0.4942,-0.5379,334.7917,2015-07-28T00:00:00Z,SVP
126971,2015-07-09T04:00:00Z,-30.98664,-48.28053,-0.4932,-0.5376,334.7917,2015-07-28T00:00:00Z,SVP
126971,2015-07-09T05:00:00Z,-31.00281,-48.29741,-0.4694,-0.5169,266.41666,2015-07-28T00:00:00Z,SVP
126971,2015-07-09T06:00:00Z,-31.01938,-48.31481,-0.4755,-0.5025,126.0,2015-07-28T00:00:00Z,SVP
126971,2015-07-09T07:00:00Z,-31.03547,-48.33263,-0.4083,-0.4733,90.0,2015-07-28T00:00:00Z,SVP
126971,2015-07-09T08:00:00Z,-31.05057,-48.34516,-0.2787,-0.4549,158.41667,2015-07-28T00:00:00Z,SVP
126971,2015-07-09T09:00:00Z,-31.06513,-48.35783,-0.4759,-0.3975,244.79167,2015-07-28T00:00:00Z,SVP
126971,2015-07-09T10:00:00Z,-31.07751,-48.37661,-0.4753,-0.3976,244.79167,2015-07-28T00:00:00Z,SVP
126971,2015-07-09T11:00:00Z,-31.08994,-48.39391,-0.4573,-0.3588,151.20834,2015-07-28T00:00:00Z,SVP
126971,2015-07-09T12:00:00Z,-31.09948,-48.40817,-0.3478,-0.2554,97.20833,2015-07-28T00:00:00Z,SVP
126971,2015-07-09T13:00:00Z,-31.10709,-48.42201,-0.3716,-0.1964,140.41666,2015-07-28T00:00:00Z,SVP
126971,2015-07-09T14:00:00Z,-31.10856,-48.43857,-0.4624,-0.0318,536.4166,2015-07-28T00:00:00Z,SVP
126971,2015-07-09T15:00:00Z,-31.10947,-48.4558,-0.462,-0.0316,536.4166,2015-07-28T00:00:00Z,SVP
126971,2015-07-09T16:00:00Z,-31.11069,-48.47245,-0.4601,-0.031,536.4166,2015-07-28T00:00:00Z,SVP
126971,2015-07-09T17:00:00Z,-31.11239,-48.48599,-0.5792,-0.0283,233.99998,2015-07-28T00:00:00Z,SVP
126971,2015-07-09T18:00:00Z,-31.11214,-48.50982,-0.4821,-0.0241,233.99998,2015-07-28T00:00:00Z,SVP
126971,2015-07-09T19:00:00Z,-31.11348,-48.52985,-0.5701,-0.0371,208.79167,2015-07-28T00:00:00Z,SVP
126971,2015-07-09T20:00:00Z,-31.11453,-48.5508,-0.5447,-0.0406,64.791664,2015-07-28T00:00:00Z,SVP
126971,2015-07-09T21:00:00Z,-31.11951,-48.57529,-0.6977,-0.2081,68.416664,2015-07-28T00:00:00Z,SVP
126971,2015-07-09T22:00:00Z,-31.1272,-48.59998,-0.5788,-0.2824,327.58334,2015-07-28T00:00:00Z,SVP
126971,2015-07-09T23:00:00Z,-31.1371,-48.62168,-0.5786,-0.279,327.58334,2015-07-28T00:00:00Z,SVP
126971,2015-07-10T00:00:00Z,-31.14608,-48.64358,-0.6463,-0.2884,108.00001,2015-07-28T00:00:00Z,SVP
126971,2015-07-10T01:00:00Z,-31.15441,-48.66943,-0.7319,-0.2395,122.416664,2015-07-28T00:00:00Z,SVP
126971,2015-07-10T02:00:00Z,-31.16305,-48.69431,-0.5754,-0.2888,122.416664,2015-07-28T00:00:00Z,SVP
126971,2015-07-10T03:00:00Z,-31.17238,-48.71547,-0.4963,-0.2954,266.41666,2015-07-28T00:00:00Z,SVP
126971,2015-07-10T04:00:00Z,-31.18246,-48.73487,-0.4807,-0.2923,266.41666,2015-07-28T00:00:00Z,SVP
126971,2015-07-10T05:00:00Z,-31.19034,-48.74921,-0.3899,-0.2486,252.0,2015-07-28T00:00:00Z,SVP
126971,2015-07-10T06:00:00Z,-31.19889,-48.76595,-0.6866,-0.2444,118.79167,2015-07-28T00:00:00Z,SVP
126971,2015-07-10T07:00:00Z,-31.20892,-48.79208,-0.454,-0.2318,187.20833,2015-07-28T00:00:00Z,SVP
126971,2015-07-10T08:00:00Z,-31.21556,-48.8091,-0.4587,-0.2625,187.20833,2015-07-28T00:00:00Z,SVP
126971,2015-07-10T09:00:00Z,-31.22327,-48.82956,-0.5916,-0.2091,208.79167,2015-07-28T00:00:00Z,SVP
126971,2015-07-10T10:00:00Z,-31.23127,-48.85395,-0.6073,-0.2154,208.79167,2015-07-28T00:00:00Z,SVP
126971,2015-07-10T11:00:00Z,-31.23639,-48.87251,-0.5403,-0.1885,284.41666,2015-07-28T00:00:00Z,SVP
126971,2015-07-10T12:00:00Z,-31.24192,-48.89313,-0.5108,-0.1843,136.79167,2015-07-28T00:00:00Z,SVP
126971,2015-07-10T13:00:00Z,-31.24856,-48.91177,-0.5294,-0.1592,554.4167,2015-07-28T00:00:00Z,SVP
126971,2015-07-10T14:00:00Z,-31.25321,-48.9321,-0.5291,-0.1539,554.4167,2015-07-28T00:00:00Z,SVP
126971,2015-07-10T15:00:00Z,-31.25852,-48.95221,-0.529,-0.1553,554.4167,2015-07-28T00:00:00Z,SVP
126971,2015-07-10T16:00:00Z,-31.26484,-48.97226,-0.529,-0.1614,554.4167,2015-07-28T00:00:00Z,SVP
126971,2015-07-10T17:00:00Z,-31.26883,-48.99224,-0.534,-0.07,230.41667,2015-07-28T00:00:00Z,SVP
126971,2015-07-10T18:00:00Z,-31.26968,-49.01247,-0.5339,-0.1055,230.41667,2015-07-28T00:00:00Z,SVP
126971,2015-07-10T19:00:00Z,-31.27291,-49.03563,-0.6013,-0.0698,226.79166,2015-07-28T00:00:00Z,SVP
126971,2015-07-10T20:00:00Z,-31.27485,-49.05633,-0.5875,-0.07,183.58333,2015-07-28T00:00:00Z,SVP
126971,2015-07-10T21:00:00Z,-31.27735,-49.07926,-0.4762,-0.1896,61.208332,2015-07-28T00:00:00Z,SVP
126971,2015-07-10T22:00:00Z,-31.28373,-49.09726,-0.4946,-0.2189,464.41666,2015-07-28T00:00:00Z,SVP
126971,2015-07-10T23:00:00Z,-31.29114,-49.11623,-0.4947,-0.2199,464.41666,2015-07-28T00:00:00Z,SVP
126971,2015-07-11T00:00:00Z,-31.29867,-49.13473,-0.4967,-0.2205,464.41666,2015-07-28T00:00:00Z,SVP
126971,2015-07-11T01:00:00Z,-31.30479,-49.15846,-0.5726,-0.2227,129.58333,2015-07-28T00:00:00Z,SVP
126971,2015-07-11T02:00:00Z,-31.31208,-49.18078,-0.5214,-0.1482,280.79166,2015-07-28T00:00:00Z,SVP
126971,2015-07-11T03:00:00Z,-31.31575,-49.20107,-0.5209,-0.1509,280.79166,2015-07-28T00:00:00Z,SVP
126971,2015-07-11T04:00:00Z,-31.31982,-49.22159,-0.5108,-0.1542,252.0,2015-07-28T00:00:00Z,SVP
126971,2015-07-11T05:00:00Z,-31.32628,-49.23962,-0.5084,-0.1544,252.0,2015-07-28T00:00:00Z,SVP
126971,2015-07-11T06:00:00Z,-31.33105,-49.2592,-0.5187,-0.1472,378.0,2015-07-28T00:00:00Z,SVP
126971,2015-07-11T07:00:00Z,-31.33533,-49.27937,-0.5202,-0.1459,378.0,2015-07-28T00:00:00Z,SVP
126971,2015-07-11T08:00:00Z,-31.33988,-49.29932,-0.5208,-0.1454,378.0,2015-07-28T00:00:00Z,SVP
126971,2015-07-11T09:00:00Z,-31.34377,-49.31808,-0.5085,-0.1185,223.20834,2015-07-28T00:00:00Z,SVP
126971,2015-07-11T10:00:00Z,-31.34758,-49.33593,-0.4113,-0.0945,313.20834,2015-07-28T00:00:00Z,SVP
126971,2015-07-11T11:00:00Z,-31.35055,-49.35046,-0.4141,-0.0943,313.20834,2015-07-28T00:00:00Z,SVP
126971,2015-07-11T12:00:00Z,-31.35316,-49.36668,-0.4255,-0.0728,133.20833,2015-07-28T00:00:00Z,SVP
126971,2015-07-11T13:00:00Z,-31.35579,-49.38327,-0.2669,-0.107,104.41666,2015-07-28T00:00:00Z,SVP
126971,2015-07-11T14:00:00Z,-31.35981,-49.39607,-0.3155,-0.1506,709.2083,2015-07-28T00:00:00Z,SVP
126971,2015-07-11T15:00:00Z,-31.36454,-49.40789,-0.3154,-0.1505,709.2083,2015-07-28T00:00:00Z,SVP
126971,2015-07-11T16:00:00Z,-31.36903,-49.41297,-0.2548,-0.15,709.2083,2015-07-28T00:00:00Z,SVP
126971,2015-07-11T17:00:00Z,-31.37308,-49.42212,-0.2536,-0.1487,709.2083,2015-07-28T00:00:00Z,SVP
126971,2015-07-11T18:00:00Z,-31.37665,-49.43143,-0.4357,-0.1889,370.79166,2015-07-28T00:00:00Z,SVP
126971,2015-07-11T19:00:00Z,-31.38402,-49.4488,-0.437,-0.1778,370.79166,2015-07-28T00:00:00Z,SVP
126971,2015-07-11T20:00:00Z,-31.3905,-49.46809,-0.3259,-0.1717,370.79166,2015-07-28T00:00:00Z,SVP
126971,2015-07-11T21:00:00Z,-31.39655,-49.47824,-0.2395,-0.206,205.20834,2015-07-28T00:00:00Z,SVP
126971,2015-07-11T22:00:00Z,-31.40362,-49.48841,-0.2426,-0.208,205.20834,2015-07-28T00:00:00Z,SVP
126971,2015-07-11T23:00:00Z,-31.41106,-49.49916,-0.3,-0.2386,277.20834,2015-07-28T00:00:00Z,SVP
126971,2015-07-12T00:00:00Z,-31.41833,-49.50851,-0.3536,-0.2773,140.41666,2015-07-28T00:00:00Z,SVP
126971,2015-07-12T01:00:00Z,-31.42774,-49.523,-0.3464,-0.2954,115.208336,2015-07-28T00:00:00Z,SVP
126971,2015-07-12T02:00:00Z,-31.43788,-49.53424,-0.2559,-0.2927,302.4167,2015-07-28T00:00:00Z,SVP
126971,2015-07-12T03:00:00Z,-31.44658,-49.54403,-0.255,-0.2901,302.4167,2015-07-28T00:00:00Z,SVP
126971,2015-07-12T04:00:00Z,-31.45523,-49.55482,-0.2502,-0.339,252.0,2015-07-28T00:00:00Z,SVP
126971,2015-07-12T05:00:00Z,-31.46695,-49.56263,-0.2496,-0.3306,252.0,2015-07-28T00:00:00Z,SVP
126971,2015-07-12T06:00:00Z,-31.47802,-49.57275,-0.2794,-0.369,367.20834,2015-07-28T00:00:00Z,SVP
126971,2015-07-12T07:00:00Z,-31.48974,-49.58424,-0.2794,-0.369,367.20834,2015-07-28T00:00:00Z,SVP
126971,2015-07-12T08:00:00Z,-31.50115,-49.59521,-0.2762,-0.3581,180.0,2015-07-28T00:00:00Z,SVP
126971,2015-07-12T09:00:00Z,-31.51344,-49.60399,-0.2294,-0.3471,0.0,2015-07-28T00:00:00Z,SVP
126971,2015-07-12T10:00:00Z,-31.5256,-49.61473,-0.2721,-0.3931,180.0,2015-07-28T00:00:00Z,SVP
126971,2015-07-12T11:00:00Z,-31.53796,-49.62496,-0.2557,-0.3834,82.791664,2015-07-28T00:00:00Z,SVP
126971,2015-07-12T12:00:00Z,-31.55073,-49.63515,-0.2469,-0.4029,144.0,2015-07-28T00:00:00Z,SVP
126971,2015-07-12T13:00:00Z,-31.5678,-49.6442,-0.2464,-0.5151,835.2084,2015-07-28T00:00:00Z,SVP
126971,2015-07-12T14:00:00Z,-31.58487,-49.65296,-0.2427,-0.5186,835.2084,2015-07-28T00:00:00Z,SVP
126971,2015-07-12T15:00:00Z,-31.60168,-49.66161,-0.2397,-0.5189,835.2084,2015-07-28T00:00:00Z,SVP
126971,2015-07-12T16:00:00Z,-31.61817,-49.66994,-0.2363,-0.5173,835.2084,2015-07-28T00:00:00Z,SVP
126971,2015-07-12T17:00:00Z,-31.63423,-49.67772,-0.2318,-0.5144,835.2084,2015-07-28T00:00:00Z,SVP
126971,2015-07-12T18:00:00Z,-31.65158,-49.6858,-0.2255,-0.6344,352.7917,2015-07-28T00:00:00Z,SVP
126971,2015-07-12T19:00:00Z,-31.67623,-49.69629,-0.2275,-0.5819,352.7917,2015-07-28T00:00:00Z,SVP
126971,2015-07-12T20:00:00Z,-31.69669,-49.70999,-0.2393,-0.5734,352.7917,2015-07-28T00:00:00Z,SVP
126971,2015-07-12T21:00:00Z,-31.71499,-49.71381,-0.2484,-0.6588,252.0,2015-07-28T00:00:00Z,SVP
126971,2015-07-12T22:00:00Z,-31.7349,-49.72144,-0.3303,-0.7376,406.79166,2015-07-28T00:00:00Z,SVP
126971,2015-07-12T23:00:00Z,-31.75947,-49.73448,-0.3313,-0.7348,406.79166,2015-07-28T00:00:00Z,SVP
126971,2015-07-13T00:00:00Z,-31.78346,-49.74698,-0.3328,-0.7341,406.79166,2015-07-28T00:00:00Z,SVP
126971,2015-07-13T01:00:00Z,-31.80823,-49.7596,-0.3308,-0.7703,111.583336,2015-07-28T00:00:00Z,SVP
126971,2015-07-13T02:00:00Z,-31.83397,-49.76903,-0.2861,-0.8269,140.41666,2015-07-28T00:00:00Z,SVP
126971,2015-07-13T03:00:00Z,-31.86061,-49.78071,-0.2955,-0.8304,781.2083,2015-07-28T00:00:00Z,SVP
126971,2015-07-13T04:00:00Z,-31.8876,-49.79228,-0.2947,-0.8303,781.2083,2015-07-28T00:00:00Z,SVP
126971,2015-07-13T05:00:00Z,-31.91455,-49.80363,-0.2943,-0.8303,781.2083,2015-07-28T00:00:00Z,SVP
126971,2015-07-13T06:00:00Z,-31.9415,-49.81486,-0.2942,-0.8302,781.2083,2015-07-28T00:00:00Z,SVP
126971,2015-07-13T07:00:00Z,-31.96856,-49.82593,-0.2951,-0.8299,781.2083,2015-07-28T00:00:00Z,SVP
126971,2015-07-13T08:00:00Z,-31.99748,-49.836,-0.2025,-1.0191,214.20833,2015-07-28T00:00:00Z,SVP
126971,2015-07-13T09:00:00Z,-32.03082,-49.84244,-0.2084,-1.0169,214.20833,2015-07-28T00:00:00Z,SVP
126971,2015-07-13T10:00:00Z,-32.063,-49.85243,-0.2808,-0.9831,153.0,2015-07-28T00:00:00Z,SVP
126971,2015-07-13T11:00:00Z,-32.09143,-49.86295,-0.2852,-0.8714,252.0,2015-07-28T00:00:00Z,SVP
126971,2015-07-13T12:00:00Z,-32.11999,-49.87332,-0.1846,-0.8754,111.583336,2015-07-28T00:00:00Z,SVP
126971,2015-07-13T13:00:00Z,-32.14719,-49.87762,-0.0639,-0.8205,129.58333,2015-07-28T00:00:00Z,SVP
126971,2015-07-13T14:00:00Z,-32.18168,-49.88064,-0.0458,-0.7267,626.4167,2015-07-28T00:00:00Z,SVP
126971,2015-07-13T15:00:00Z,-32.20459,-49.88215,-0.0462,-0.7304,626.4167,2015-07-28T00:00:00Z,SVP
126971,2015-07-13T16:00:00Z,-32.2279,-49.88386,-0.0462,-0.7333,626.4167,2015-07-28T00:00:00Z,SVP
126971,2015-07-13T17:00:00Z,-32.25146,-49.88565,-0.046,-0.7361,626.4167,2015-07-28T00:00:00Z,SVP
126971,2015-07-13T18:00:00Z,-32.27516,-49.88697,-0.0262,-0.7157,237.58334,2015-07-28T00:00:00Z,SVP
126971,2015-07-13T19:00:00Z,-32.29869,-49.88777,-0.0243,-0.7169,237.58334,2015-07-28T00:00:00Z,SVP
126971,2015-07-13T20:00:00Z,-32.32182,-49.89043,-0.2053,-0.7587,54.000004,2015-07-28T00:00:00Z,SVP
126971,2015-07-13T21:00:00Z,-32.3469,-49.89783,-0.2114,-0.7882,190.79166,2015-07-28T00:00:00Z,SVP
126971,2015-07-13T22:00:00Z,-32.37257,-49.90197,-0.0153,-0.8095,360.0,2015-07-28T00:00:00Z,SVP
126971,2015-07-13T23:00:00Z,-32.39913,-49.90301,-0.0165,-0.8108,360.0,2015-07-28T00:00:00Z,SVP
126971,2015-07-14T00:00:00Z,-32.42608,-49.90436,-0.017,-0.8121,360.0,2015-07-28T00:00:00Z,SVP
126971,2015-07-14T01:00:00Z,-32.44978,-49.90399,-0.0988,-0.7781,136.79167,2015-07-28T00:00:00Z,SVP
126971,2015-07-14T02:00:00Z,-32.47412,-49.90843,-0.0773,-0.805,467.99997,2015-07-28T00:00:00Z,SVP
126971,2015-07-14T03:00:00Z,-32.5007,-49.91111,-0.0757,-0.8053,467.99997,2015-07-28T00:00:00Z,SVP
126971,2015-07-14T04:00:00Z,-32.52736,-49.91462,-0.0757,-0.8055,467.99997,2015-07-28T00:00:00Z,SVP
126971,2015-07-14T05:00:00Z,-32.55468,-49.91939,-0.0064,-0.7793,381.5833,2015-07-28T00:00:00Z,SVP
126971,2015-07-14T06:00:00Z,-32.57887,-49.91892,-0.0071,-0.786,381.5833,2015-07-28T00:00:00Z,SVP
126971,2015-07-14T07:00:00Z,-32.60385,-49.91945,-0.001,-0.7892,381.5833,2015-07-28T00:00:00Z,SVP
126971,2015-07-14T08:00:00Z,-32.62933,-49.91744,0.085,-0.7713,162.0,2015-07-28T00:00:00Z,SVP
126971,2015-07-14T09:00:00Z,-32.65399,-49.91473,0.0523,-0.7547,75.583336,2015-07-28T00:00:00Z,SVP
126971,2015-07-14T10:00:00Z,-32.6769,-49.91353,0.1052,-0.7066,277.20834,2015-07-28T00:00:00Z,SVP
126971,2015-07-14T11:00:00Z,-32.69973,-49.90916,0.1058,-0.7071,277.20834,2015-07-28T00:00:00Z,SVP
126971,2015-07-14T12:00:00Z,-32.72219,-49.90297,0.2037,-0.686,100.79167,2015-07-28T00:00:00Z,SVP
126971,2015-07-14T13:00:00Z,-32.74226,-49.89472,0.1885,-0.5913,140.41666,2015-07-28T00:00:00Z,SVP
126971,2015-07-14T14:00:00Z,-32.76073,-49.88762,0.1796,-0.5536,633.5833,2015-07-28T00:00:00Z,SVP
126971,2015-07-14T15:00:00Z,-32.779,-49.88101,0.1794,-0.5563,633.5833,2015-07-28T00:00:00Z,SVP
126971,2015-07-14T16:00:00Z,-32.79763,-49.87447,0.1793,-0.5597,633.5833,2015-07-28T00:00:00Z,SVP
126971,2015-07-14T17:00:00Z,-32.81669,-49.86824,0.1795,-0.5632,633.5833,2015-07-28T00:00:00Z,SVP
126971,2015-07-14T18:00:00Z,-32.83223,-49.85985,0.2111,-0.4181,255.58333,2015-07-28T00:00:00Z,SVP
126971,2015-07-14T19:00:00Z,-32.84581,-49.85112,0.2043,-0.4147,255.58333,2015-07-28T00:00:00Z,SVP
126971,2015-07-14T20:00:00Z,-32.85877,-49.84174,0.2431,-0.4262,140.41666,2015-07-28T00:00:00Z,SVP
126971,2015-07-14T21:00:00Z,-32.87268,-49.83171,0.1353,-0.4005,100.79167,2015-07-28T00:00:00Z,SVP
126971,2015-07-14T22:00:00Z,-32.88536,-49.83135,-0.0535,-0.3866,165.58333,2015-07-28T00:00:00Z,SVP
126971,2015-07-14T23:00:00Z,-32.8978,-49.81891,0.2317,-0.4586,298.7917,2015-07-28T00:00:00Z,SVP
126971,2015-07-15T00:00:00Z,-32.91354,-49.809,0.229,-0.4518,298.7917,2015-07-28T00:00:00Z,SVP
126971,2015-07-15T01:00:00Z,-32.92882,-49.8006,0.231,-0.5467,126.0,2015-07-28T00:00:00Z,SVP
126971,2015-07-15T02:00:00Z,-32.94651,-49.79191,0.2357,-0.5399,115.208336,2015-07-28T00:00:00Z,SVP
126971,2015-07-15T03:00:00Z,-32.96431,-49.78144,0.2868,-0.5493,396.00003,2015-07-28T00:00:00Z,SVP
126971,2015-07-15T04:00:00Z,-32.98177,-49.77101,0.2834,-0.5491,396.00003,2015-07-28T00:00:00Z,SVP
126971,2015-07-15T05:00:00Z,-32.99913,-49.76058,0.3326,-0.5627,241.20834,2015-07-28T00:00:00Z,SVP
126971,2015-07-15T06:00:00Z,-33.01825,-49.7452,0.3276,-0.5627,241.20834,2015-07-28T00:00:00Z,SVP
126971,2015-07-15T07:00:00Z,-33.03618,-49.73361,0.322,-0.5629,129.58333,2015-07-28T00:00:00Z,SVP
126971,2015-07-15T08:00:00Z,-33.05388,-49.72046,0.3523,-0.5264,129.58333,2015-07-28T00:00:00Z,SVP
126971,2015-07-15T09:00:00Z,-33.07051,-49.7002,0.3425,-0.5205,280.79166,2015-07-28T00:00:00Z,SVP
126971,2015-07-15T10:00:00Z,-33.08838,-49.69075,0.3751,-0.5271,280.79166,2015-07-28T00:00:00Z,SVP
126971,2015-07-15T11:00:00Z,-33.10655,-49.67682,0.3511,-0.4514,162.0,2015-07-28T00:00:00Z,SVP
126971,2015-07-15T12:00:00Z,-33.12027,-49.66169,0.3346,-0.4481,136.79167,2015-07-28T00:00:00Z,SVP
126971,2015-07-15T13:00:00Z,-33.13521,-49.64968,0.3068,-0.4523,104.41666,2015-07-28T00:00:00Z,SVP
126971,2015-07-15T14:00:00Z,-33.14981,-49.63798,0.2955,-0.4383,554.4167,2015-07-28T00:00:00Z,SVP
126971,2015-07-15T15:00:00Z,-33.16405,-49.62658,0.295,-0.4383,554.4167,2015-07-28T00:00:00Z,SVP
126971,2015-07-15T16:00:00Z,-33.17832,-49.61486,0.2958,-0.4383,554.4167,2015-07-28T00:00:00Z,SVP
126971,2015-07-15T17:00:00Z,-33.19272,-49.60272,0.2973,-0.4382,554.4167,2015-07-28T00:00:00Z,SVP
126971,2015-07-15T18:00:00Z,-33.20606,-49.59605,0.1403,-0.422,248.41667,2015-07-28T00:00:00Z,SVP
126971,2015-07-15T19:00:00Z,-33.2195,-49.59024,0.1426,-0.4041,129.58333,2015-07-28T00:00:00Z,SVP
126971,2015-07-15T20:00:00Z,-33.23282,-49.58419,0.1914,-0.4273,90.0,2015-07-28T00:00:00Z,SVP
126971,2015-07-15T21:00:00Z,-33.24664,-49.57799,0.1329,-0.4256,151.20834,2015-07-28T00:00:00Z,SVP
126971,2015-07-15T22:00:00Z,-33.25919,-49.57428,0.0907,-0.3465,136.79167,2015-07-28T00:00:00Z,SVP
126971,2015-07-15T23:00:00Z,-33.26785,-49.56839,0.1509,-0.264,302.4167,2015-07-28T00:00:00Z,SVP
126971,2015-07-16T00:00:00Z,-33.2759,-49.56209,0.1532,-0.2619,302.4167,2015-07-28T00:00:00Z,SVP
126971,2015-07-16T01:00:00Z,-33.28608,-49.55675,0.1546,-0.2864,133.20833,2015-07-28T00:00:00Z,SVP
126971,2015-07-16T02:00:00Z,-33.29737,-49.55397,0.1293,-0.2869,406.79166,2015-07-28T00:00:00Z,SVP
126971,2015-07-16T03:00:00Z,-33.30606,-49.5486,0.1282,-0.2889,406.79166,2015-07-28T00:00:00Z,SVP
126971,2015-07-16T04:00:00Z,-33.31505,-49.54374,0.1293,-0.2909,406.79166,2015-07-28T00:00:00Z,SVP
126971,2015-07-16T05:00:00Z,-33.32471,-49.5393,0.1246,-0.3027,237.58334,2015-07-28T00:00:00Z,SVP
126971,2015-07-16T06:00:00Z,-33.33502,-49.53393,0.1249,-0.3024,237.58334,2015-07-28T00:00:00Z,SVP
126971,2015-07-16T07:00:00Z,-33.3449,-49.53168,0.0712,-0.3138,136.79167,2015-07-28T00:00:00Z,SVP
126971,2015-07-16T08:00:00Z,-33.35567,-49.5283,0.1456,-0.3721,115.208336,2015-07-28T00:00:00Z,SVP
126971,2015-07-16T09:00:00Z,-33.36726,-49.5233,0.1182,-0.3568,122.416664,2015-07-28T00:00:00Z,SVP
126971,2015-07-16T10:00:00Z,-33.37749,-49.51926,0.0926,-0.2398,126.0,2015-07-28T00:00:00Z,SVP
126971,2015-07-16T11:00:00Z,-33.38462,-49.51268,0.1701,-0.209,190.79166,2015-07-28T00:00:00Z,SVP
126971,2015-07-16T12:00:00Z,-33.39122,-49.50764,0.1425,-0.203,140.41666,2015-07-28T00:00:00Z,SVP
126971,2015-07-16T13:00:00Z,-33.39763,-49.51122,-0.0668,-0.2075,118.79167,2015-07-28T00:00:00Z,SVP
126971,2015-07-16T14:00:00Z,-33.40411,-49.50523,0.188,-0.1972,572.4167,2015-07-28T00:00:00Z,SVP
126971,2015-07-16T15:00:00Z,-33.41078,-49.49718,0.1826,-0.1963,572.4167,2015-07-28T00:00:00Z,SVP
126971,2015-07-16T16:00:00Z,-33.4175,-49.49,0.1816,-0.1947,572.4167,2015-07-28T00:00:00Z,SVP
126971,2015-07-16T17:00:00Z,-33.42459,-49.48309,0.1844,-0.1901,572.4167,2015-07-28T00:00:00Z,SVP
126971,2015-07-16T18:00:00Z,-33.42935,-49.4769,0.1632,-0.1735,241.20834,2015-07-28T00:00:00Z,SVP
126971,2015-07-16T19:00:00Z,-33.43429,-49.47265,0.0321,-0.132,129.58333,2015-07-28T00:00:00Z,SVP
126971,2015-07-16T20:00:00Z,-33.43816,-49.47078,0.0861,-0.1218,86.41667,2015-07-28T00:00:00Z,SVP
126971,2015-07-16T21:00:00Z,-33.44189,-49.46655,0.1194,-0.0985,154.79166,2015-07-28T00:00:00Z,SVP
126971,2015-07-16T22:00:00Z,-33.44428,-49.46385,0.0736,-0.0917,306.0,2015-07-28T00:00:00Z,SVP
126971,2015-07-16T23:00:00Z,-33.4466,-49.46095,0.0733,-0.0867,306.0,2015-07-28T00:00:00Z,SVP
126971,2015-07-17T00:00:00Z,-33.44499,-49.45753,0.0608,-0.2665,136.79167,2015-07-28T00:00:00Z,SVP
126971,2015-07-17T01:00:00Z,-33.45425,-49.45595,0.0527,-0.229,115.208336,2015-07-28T00:00:00Z,SVP
126971,2015-07-17T02:00:00Z,-33.46038,-49.45362,0.0615,-0.1497,126.0,2015-07-28T00:00:00Z,SVP
126971,2015-07-17T03:00:00Z,-33.46505,-49.45063,0.089,-0.1154,295.20834,2015-07-28T00:00:00Z,SVP
126971,2015-07-17T04:00:00Z,-33.46884,-49.44794,0.0904,-0.1146,295.20834,2015-07-28T00:00:00Z,SVP
126971,2015-07-17T05:00:00Z,-33.47287,-49.44391,0.1141,-0.1183,244.79167,2015-07-28T00:00:00Z,SVP
126971,2015-07-17T06:00:00Z,-33.47617,-49.43798,0.1147,-0.1184,244.79167,2015-07-28T00:00:00Z,SVP
126971,2015-07-17T07:00:00Z,-33.48285,-49.43456,0.1303,-0.1896,75.583336,2015-07-28T00:00:00Z,SVP
126971,2015-07-17T08:00:00Z,-33.48814,-49.42933,0.1415,-0.1235,172.79166,2015-07-28T00:00:00Z,SVP
126971,2015-07-17T09:00:00Z,-33.49214,-49.42433,0.1205,-0.1325,75.583336,2015-07-28T00:00:00Z,SVP
126971,2015-07-17T10:00:00Z,-33.49624,-49.4197,0.1172,-0.1255,320.41666,2015-07-28T00:00:00Z,SVP
126971,2015-07-17T11:00:00Z,-33.5016,-49.4141,0.1226,-0.1348,320.41666,2015-07-28T00:00:00Z,SVP
126971,2015-07-17T12:00:00Z,-33.50198,-49.41273,-0.0072,-0.0339,136.79167,2015-07-28T00:00:00Z,SVP
126971,2015-07-17T13:00:00Z,-33.50125,-49.41386,0.1177,-0.0086,597.5834,2015-07-28T00:00:00Z,SVP
126971,2015-07-17T14:00:00Z,-33.50185,-49.40836,0.1148,-0.0082,597.5834,2015-07-28T00:00:00Z,SVP
126971,2015-07-17T15:00:00Z,-33.50226,-49.40378,0.1146,-0.008,597.5834,2015-07-28T00:00:00Z,SVP
126971,2015-07-17T16:00:00Z,-33.50268,-49.39956,0.1161,-0.0077,597.5834,2015-07-28T00:00:00Z,SVP
126971,2015-07-17T17:00:00Z,-33.5032,-49.39581,0.127,-0.0141,241.20834,2015-07-28T00:00:00Z,SVP
126971,2015-07-17T18:00:00Z,-33.50306,-49.39011,0.1289,-0.0135,241.20834,2015-07-28T00:00:00Z,SVP
126971,2015-07-17T19:00:00Z,-33.5039,-49.38849,0.0124,-0.026,183.58333,2015-07-28T00:00:00Z,SVP
126971,2015-07-17T20:00:00Z,-33.504,-49.38712,0.0343,0.0026,183.58333,2015-07-28T00:00:00Z,SVP
126971,2015-07-17T21:00:00Z,-33.50409,-49.38673,-0.0408,-0.0349,72.0,2015-07-28T00:00:00Z,SVP
126971,2015-07-17T22:00:00Z,-33.50416,-49.37999,-0.1516,-0.0619,457.20834,2015-07-28T00:00:00Z,SVP
126971,2015-07-17T23:00:00Z,-33.50655,-49.38621,-0.1495,-0.0612,457.20834,2015-07-28T00:00:00Z,SVP
126971,2015-07-18T00:00:00Z,-33.50895,-49.39222,-0.1471,-0.0594,457.20834,2015-07-28T00:00:00Z,SVP
126971,2015-07-18T01:00:00Z,-33.50819,-49.39671,-0.1307,0.0705,122.416664,2015-07-28T00:00:00Z,SVP
126971,2015-07-18T02:00:00Z,-33.50589,-49.38421,0.1678,0.0502,129.58333,2015-07-28T00:00:00Z,SVP
126971,2015-07-18T03:00:00Z,-33.50594,-49.37914,0.1229,-0.0199,327.58334,2015-07-28T00:00:00Z,SVP
126971,2015-07-18T04:00:00Z,-33.50657,-49.37448,0.1231,-0.0205,327.58334,2015-07-28T00:00:00Z,SVP
126971,2015-07-18T05:00:00Z,-33.50727,-49.36983,0.1094,-0.0282,244.79167,2015-07-28T00:00:00Z,SVP
126971,2015-07-18T06:00:00Z,-33.50847,-49.36574,0.1007,-0.0346,158.41667,2015-07-28T00:00:00Z,SVP
126971,2015-07-18T07:00:00Z,-33.50895,-49.36151,0.0958,-0.0406,208.79167,2015-07-28T00:00:00Z,SVP
126971,2015-07-18T08:00:00Z,-33.51073,-49.35806,0.0972,-0.0386,208.79167,2015-07-28T00:00:00Z,SVP
126971,2015-07-18T09:00:00Z,-33.51141,-49.35367,0.1241,-0.0153,122.416664,2015-07-28T00:00:00Z,SVP
126971,2015-07-18T10:00:00Z,-33.51095,-49.34981,0.1048,0.0171,248.41667,2015-07-28T00:00:00Z,SVP
126971,2015-07-18T11:00:00Z,-33.51036,-49.34555,0.0618,0.0349,133.20833,2015-07-28T00:00:00Z,SVP
126971,2015-07-18T12:00:00Z,-33.50928,-49.34272,0.1041,0.0317,118.79167,2015-07-28T00:00:00Z,SVP
126971,2015-07-18T13:00:00Z,-33.50848,-49.33841,0.1069,0.0148,129.58333,2015-07-28T00:00:00Z,SVP
126971,2015-07-18T14:00:00Z,-33.50729,-49.3346,0.0542,0.0482,496.7917,2015-07-28T00:00:00Z,SVP
126971,2015-07-18T15:00:00Z,-33.50589,-49.33293,0.0555,0.0479,496.7917,2015-07-28T00:00:00Z,SVP
126971,2015-07-18T16:00:00Z,-33.50521,-49.33126,0.0578,0.0441,496.7917,2015-07-28T00:00:00Z,SVP
126971,2015-07-18T17:00:00Z,-33.50372,-49.32891,0.0597,0.0828,233.99998,2015-07-28T00:00:00Z,SVP
126971,2015-07-18T18:00:00Z,-33.49899,-49.3258,0.0594,0.0735,233.99998,2015-07-28T00:00:00Z,SVP
126971,2015-07-18T19:00:00Z,-33.49718,-49.32362,0.0664,0.075,320.41666,2015-07-28T00:00:00Z,SVP
126971,2015-07-18T20:00:00Z,-33.49524,-49.32121,0.0658,0.0758,320.41666,2015-07-28T00:00:00Z,SVP
126971,2015-07-18T21:00:00Z,-33.4937,-49.32093,-0.0441,0.0084,190.79166,2015-07-28T00:00:00Z,SVP
126971,2015-07-18T22:00:00Z,-33.49301,-49.32384,-0.0404,0.0058,190.79166,2015-07-28T00:00:00Z,SVP
126971,2015-07-18T23:00:00Z,-33.49295,-49.32373,-0.0104,0.0036,316.79166,2015-07-28T00:00:00Z,SVP
126971,2015-07-19T00:00:00Z,-33.49314,-49.3243,-0.0078,0.0045,316.79166,2015-07-28T00:00:00Z,SVP
126971,2015-07-19T01:00:00Z,-33.49178,-49.32251,0.0378,0.0435,122.416664,2015-07-28T00:00:00Z,SVP
126971,2015-07-19T02:00:00Z,-33.49083,-49.32192,-0.0161,0.0053,126.0,2015-07-28T00:00:00Z,SVP
126971,2015-07-19T03:00:00Z,-33.491,-49.32181,0.0388,-0.011,230.41667,2015-07-28T00:00:00Z,SVP
126971,2015-07-19T04:00:00Z,-33.49099,-49.32101,0.0503,-0.0123,230.41667,2015-07-28T00:00:00Z,SVP
126971,2015-07-19T05:00:00Z,-33.49185,-49.31821,0.0853,-0.0234,248.41667,2015-07-28T00:00:00Z,SVP
126971,2015-07-19T06:00:00Z,-33.49343,-49.31344,0.1268,-0.0651,370.79166,2015-07-28T00:00:00Z,SVP
126971,2015-07-19T07:00:00Z,-33.49579,-49.3083,0.1294,-0.0681,370.79166,2015-07-28T00:00:00Z,SVP
126971,2015-07-19T08:00:00Z,-33.49724,-49.30555,0.1126,-0.0635,370.79166,2015-07-28T00:00:00Z,SVP
126971,2015-07-19T09:00:00Z,-33.50078,-49.29793,0.094,0.0523,248.41667,2015-07-28T00:00:00Z,SVP
126971,2015-07-19T10:00:00Z,-33.49948,-49.29702,0.1464,0.0603,248.41667,2015-07-28T00:00:00Z,SVP
126971,2015-07-19T11:00:00Z,-33.49745,-49.29039,0.1572,0.0745,273.58334,2015-07-28T00:00:00Z,SVP
126971,2015-07-19T12:00:00Z,-33.49419,-49.28376,0.1551,0.0774,273.58334,2015-07-28T00:00:00Z,SVP
126971,2015-07-19T13:00:00Z,-33.49364,-49.27732,0.1679,0.07,129.58333,2015-07-28T00:00:00Z,SVP
126971,2015-07-19T14:00:00Z,-33.49154,-49.27245,0.1359,0.0453,518.4167,2015-07-28T00:00:00Z,SVP
126971,2015-07-19T15:00:00Z,-33.48916,-49.2678,0.1329,0.0501,518.4167,2015-07-28T00:00:00Z,SVP
126971,2015-07-19T16:00:00Z,-33.48407,-49.26848,0.0936,0.0737,518.4167,2015-07-28T00:00:00Z,SVP
126971,2015-07-19T17:00:00Z,-33.48463,-49.26144,0.2403,0.0478,241.20834,2015-07-28T00:00:00Z,SVP
126971,2015-07-19T18:00:00Z,-33.48679,-49.2495,0.1545,0.0471,241.20834,2015-07-28T00:00:00Z,SVP
126971,2015-07-19T19:00:00Z,-33.48501,-49.24228,0.231,0.0037,269.99997,2015-07-28T00:00:00Z,SVP
126971,2015-07-19T20:00:00Z,-33.48282,-49.23527,0.1682,0.0226,100.79167,2015-07-28T00:00:00Z,SVP
126971,2015-07-19T21:00:00Z,-33.48333,-49.22856,0.081,0.0546,147.58333,2015-07-28T00:00:00Z,SVP
126971,2015-07-19T22:00:00Z,-33.4814,-49.22435,0.1568,0.0819,97.20833,2015-07-28T00:00:00Z,SVP
126971,2015-07-19T23:00:00Z,-33.47806,-49.21859,0.1607,0.0958,356.41666,2015-07-28T00:00:00Z,SVP
126971,2015-07-20T00:00:00Z,-33.47509,-49.21167,0.1644,0.0961,356.41666,2015-07-28T00:00:00Z,SVP
126971,2015-07-20T01:00:00Z,-33.47155,-49.20732,0.0959,0.1207,133.20833,2015-07-28T00:00:00Z,SVP
126971,2015-07-20T02:00:00Z,-33.4683,-49.20469,0.0407,0.0789,111.583336,2015-07-28T00:00:00Z,SVP
126971,2015-07-20T03:00:00Z,-33.46549,-49.1996,0.1397,0.0784,252.0,2015-07-28T00:00:00Z,SVP
126971,2015-07-20T04:00:00Z,-33.46407,-49.19717,0.1742,0.0927,248.41667,2015-07-28T00:00:00Z,SVP
126971,2015-07-20T05:00:00Z,-33.45986,-49.18788,0.1596,0.0914,248.41667,2015-07-28T00:00:00Z,SVP
126971,2015-07-20T06:00:00Z,-33.45636,-49.18059,0.2155,0.1147,342.0,2015-07-28T00:00:00Z,SVP
126971,2015-07-20T07:00:00Z,-33.45335,-49.17311,0.2151,0.1139,342.0,2015-07-28T00:00:00Z,SVP
126971,2015-07-20T08:00:00Z,-33.45028,-49.16601,0.2258,0.1346,248.41667,2015-07-28T00:00:00Z,SVP
126971,2015-07-20T09:00:00Z,-33.44461,-49.15541,0.2214,0.1299,248.41667,2015-07-28T00:00:00Z,SVP
126971,2015-07-20T10:00:00Z,-33.4385,-49.14926,0.0682,0.2331,298.7917,2015-07-28T00:00:00Z,SVP
126971,2015-07-20T11:00:00Z,-33.43065,-49.14671,0.0684,0.2329,298.7917,2015-07-28T00:00:00Z,SVP
126971,2015-07-20T12:00:00Z,-33.42259,-49.14454,0.0277,0.2005,133.20833,2015-07-28T00:00:00Z,SVP
126971,2015-07-20T13:00:00Z,-33.4169,-49.14449,-0.0366,0.1647,115.208336,2015-07-28T00:00:00Z,SVP
126971,2015-07-20T14:00:00Z,-33.41187,-49.14708,-0.0404,0.1322,666.0,2015-07-28T00:00:00Z,SVP
126971,2015-07-20T15:00:00Z,-33.4079,-49.14776,-0.0396,0.131,666.0,2015-07-28T00:00:00Z,SVP
126971,2015-07-20T16:00:00Z,-33.40363,-49.14873,-0.0389,0.1309,666.0,2015-07-28T00:00:00Z,SVP
126971,2015-07-20T17:00:00Z,-33.39903,-49.14938,-0.0375,0.1314,666.0,2015-07-28T00:00:00Z,SVP
126971,2015-07-20T18:00:00Z,-33.39382,-49.14882,-0.0703,0.1089,331.2083,2015-07-28T00:00:00Z,SVP
126971,2015-07-20T19:00:00Z,-33.39137,-49.15431,-0.043,0.1105,331.2083,2015-07-28T00:00:00Z,SVP
126971,2015-07-20T20:00:00Z,-33.38847,-49.15661,-0.0399,0.1117,331.2083,2015-07-28T00:00:00Z,SVP
126971,2015-07-20T21:00:00Z,-33.38445,-49.15854,-0.0819,0.1037,262.79166,2015-07-28T00:00:00Z,SVP
126971,2015-07-20T22:00:00Z,-33.3807,-49.16117,-0.092,0.0982,345.5833,2015-07-28T00:00:00Z,SVP
126971,2015-07-20T23:00:00Z,-33.37803,-49.16545,-0.0939,0.0968,345.5833,2015-07-28T00:00:00Z,SVP
126971,2015-07-21T00:00:00Z,-33.37507,-49.16933,-0.0945,0.0963,345.5833,2015-07-28T00:00:00Z,SVP
126971,2015-07-21T01:00:00Z,-33.37362,-49.17607,-0.1642,0.049,136.79167,2015-07-28T00:00:00Z,SVP
126971,2015-07-21T02:00:00Z,-33.37471,-49.18582,-0.1566,-0.0543,269.99997,2015-07-28T00:00:00Z,SVP
126971,2015-07-21T03:00:00Z,-33.37696,-49.19147,-0.1555,-0.0572,269.99997,2015-07-28T00:00:00Z,SVP
126971,2015-07-21T04:00:00Z,-33.37685,-49.19823,-0.1659,0.1244,248.41667,2015-07-28T00:00:00Z,SVP
126971,2015-07-21T05:00:00Z,-33.37107,-49.20389,-0.1636,0.1063,248.41667,2015-07-28T00:00:00Z,SVP
126971,2015-07-21T06:00:00Z,-33.36843,-49.2106,-0.1802,0.122,309.5833,2015-07-28T00:00:00Z,SVP
126971,2015-07-21T07:00:00Z,-33.3647,-49.21839,-0.1793,0.1218,309.5833,2015-07-28T00:00:00Z,SVP
126971,2015-07-21T08:00:00Z,-33.3613,-49.22472,-0.2157,0.1014,176.41667,2015-07-28T00:00:00Z,SVP
126971,2015-07-21T09:00:00Z,-33.35717,-49.23316,-0.2223,0.1038,176.41667,2015-07-28T00:00:00Z,SVP
126971,2015-07-21T10:00:00Z,-33.35429,-49.24309,-0.258,0.1039,288.0,2015-07-28T00:00:00Z,SVP
126971,2015-07-21T11:00:00Z,-33.35143,-49.25297,-0.2375,0.0964,75.583336,2015-07-28T00:00:00Z,SVP
126971,2015-07-21T12:00:00Z,-33.34636,-49.25243,0.1259,0.1831,144.0,2015-07-28T00:00:00Z,SVP
126971,2015-07-21T13:00:00Z,-33.33958,-49.29043,-0.5452,0.1596,108.00001,2015-07-28T00:00:00Z,SVP
126971,2015-07-21T14:00:00Z,-33.33513,-49.30738,-0.4052,0.1185,687.5834,2015-07-28T00:00:00Z,SVP
126971,2015-07-21T15:00:00Z,-33.33128,-49.32295,-0.4058,0.1179,687.5834,2015-07-28T00:00:00Z,SVP
126971,2015-07-21T16:00:00Z,-33.32698,-49.3387,-0.4056,0.116,687.5834,2015-07-28T00:00:00Z,SVP
126971,2015-07-21T17:00:00Z,-33.32243,-49.35454,-0.4047,0.1121,687.5834,2015-07-28T00:00:00Z,SVP
126971,2015-07-21T18:00:00Z,-33.31866,-49.371,-0.4291,0.0489,399.58334,2015-07-28T00:00:00Z,SVP
126971,2015-07-21T19:00:00Z,-33.31761,-49.38782,-0.4322,0.0527,399.58334,2015-07-28T00:00:00Z,SVP
126971,2015-07-21T20:00:00Z,-33.31606,-49.40304,-0.4255,0.0536,399.58334,2015-07-28T00:00:00Z,SVP
126971,2015-07-21T21:00:00Z,-33.31494,-49.42364,-0.4723,0.0279,147.58333,2015-07-28T00:00:00Z,SVP
126971,2015-07-21T22:00:00Z,-33.31435,-49.431,-0.2996,0.0178,424.79166,2015-07-28T00:00:00Z,SVP
126971,2015-07-21T23:00:00Z,-33.31374,-49.44672,-0.2581,0.0179,424.79166,2015-07-28T00:00:00Z,SVP
126971,2015-07-22T00:00:00Z,-33.31313,-49.45721,-0.2544,0.0178,424.79166,2015-07-28T00:00:00Z,SVP
126971,2015-07-22T01:00:00Z,-33.31284,-49.46676,-0.2514,-0.006,115.208336,2015-07-28T00:00:00Z,SVP
126971,2015-07-22T02:00:00Z,-33.31399,-49.47683,-0.2667,-0.0498,828.0,2015-07-28T00:00:00Z,SVP
126971,2015-07-22T03:00:00Z,-33.3157,-49.48744,-0.2675,-0.0501,828.0,2015-07-28T00:00:00Z,SVP
126971,2015-07-22T04:00:00Z,-33.31733,-49.49788,-0.2678,-0.0501,828.0,2015-07-28T00:00:00Z,SVP
126971,2015-07-22T05:00:00Z,-33.31891,-49.50821,-0.2677,-0.0501,828.0,2015-07-28T00:00:00Z,SVP
126971,2015-07-22T06:00:00Z,-33.32037,-49.51833,-0.2674,-0.0499,828.0,2015-07-28T00:00:00Z,SVP
126971,2015-07-22T07:00:00Z,-33.31959,-49.52425,-0.2546,-0.2325,108.00001,2015-07-28T00:00:00Z,SVP
126971,2015-07-22T08:00:00Z,-33.32791,-49.53981,-0.2971,-0.3336,140.41666,2015-07-28T00:00:00Z,SVP
126971,2015-07-22T09:00:00Z,-33.3383,-49.54277,-0.3912,-0.342,269.99997,2015-07-28T00:00:00Z,SVP
126971,2015-07-22T10:00:00Z,-33.34981,-49.56256,-0.2877,-0.3426,269.99997,2015-07-28T00:00:00Z,SVP
126971,2015-07-22T11:00:00Z,-33.35987,-49.57194,-0.2425,-0.3186,104.41666,2015-07-28T00:00:00Z,SVP
126971,2015-07-22T12:00:00Z,-33.36974,-49.5801,-0.1716,-0.2843,136.79167,2015-07-28T00:00:00Z,SVP
126971,2015-07-22T13:00:00Z,-33.37919,-49.58297,-0.0596,-0.2974,136.79167,2015-07-28T00:00:00Z,SVP
126971,2015-07-22T14:00:00Z,-33.39039,-49.58534,-0.0685,-0.275,565.2083,2015-07-28T00:00:00Z,SVP
126971,2015-07-22T15:00:00Z,-33.39842,-49.58786,-0.0684,-0.2767,565.2083,2015-07-28T00:00:00Z,SVP
126971,2015-07-22T16:00:00Z,-33.40735,-49.59042,-0.0684,-0.2762,565.2083,2015-07-28T00:00:00Z,SVP
126971,2015-07-22T17:00:00Z,-33.41659,-49.59292,-0.0685,-0.2747,565.2083,2015-07-28T00:00:00Z,SVP
126971,2015-07-22T18:00:00Z,-33.4243,-49.59532,-0.0628,-0.2101,262.79166,2015-07-28T00:00:00Z,SVP
126971,2015-07-22T19:00:00Z,-33.43018,-49.59822,-0.0637,-0.2096,262.79166,2015-07-28T00:00:00Z,SVP
126971,2015-07-22T20:00:00Z,-33.4365,-49.60043,-0.2321,0.0399,151.20834,2015-07-28T00:00:00Z,SVP
126971,2015-07-22T21:00:00Z,-33.43493,-49.60937,-0.2377,0.1703,104.41666,2015-07-28T00:00:00Z,SVP
126971,2015-07-22T22:00:00Z,-33.42953,-49.61355,0.0529,0.1331,144.0,2015-07-28T00:00:00Z,SVP
126971,2015-07-22T23:00:00Z,-33.42478,-49.61172,0.0748,0.0711,266.41666,2015-07-28T00:00:00Z,SVP
126971,2015-07-23T00:00:00Z,-33.4228,-49.60906,0.0751,0.0714,266.41666,2015-07-28T00:00:00Z,SVP
126971,2015-07-23T01:00:00Z,-33.42389,-49.60702,0.0362,-0.1036,115.208336,2015-07-28T00:00:00Z,SVP
126971,2015-07-23T02:00:00Z,-33.42908,-49.60648,-0.0092,-0.148,133.20833,2015-07-28T00:00:00Z,SVP
126971,2015-07-23T03:00:00Z,-33.43337,-49.60814,-0.055,-0.1423,442.79166,2015-07-28T00:00:00Z,SVP
126971,2015-07-23T04:00:00Z,-33.43789,-49.61005,-0.0555,-0.1424,442.79166,2015-07-28T00:00:00Z,SVP
126971,2015-07-23T05:00:00Z,-33.44286,-49.61169,-0.0793,-0.1507,370.79166,2015-07-28T00:00:00Z,SVP
126971,2015-07-23T06:00:00Z,-33.44803,-49.61588,-0.082,-0.1519,370.79166,2015-07-28T00:00:00Z,SVP
126971,2015-07-23T07:00:00Z,-33.45271,-49.61904,-0.0833,-0.1521,370.79166,2015-07-28T00:00:00Z,SVP
126971,2015-07-23T08:00:00Z,-33.45857,-49.62508,-0.1399,-0.1673,108.00001,2015-07-28T00:00:00Z,SVP
126971,2015-07-23T09:00:00Z,-33.45886,-49.62999,-0.1629,0.051,136.79167,2015-07-28T00:00:00Z,SVP
126971,2015-07-23T10:00:00Z,-33.45287,-49.64536,0.1943,0.0517,273.58334,2015-07-28T00:00:00Z,SVP
126971,2015-07-23T11:00:00Z,-33.45237,-49.63145,0.0043,0.0665,273.58334,2015-07-28T00:00:00Z,SVP
126971,2015-07-23T12:00:00Z,-33.45167,-49.62991,0.2008,-0.0761,108.00001,2015-07-28T00:00:00Z,SVP
126971,2015-07-23T13:00:00Z,-33.45549,-49.62259,0.1731,-0.1825,136.79167,2015-07-28T00:00:00Z,SVP
126971,2015-07-23T14:00:00Z,-33.45754,-49.62292,-0.0776,-0.0683,597.5834,2015-07-28T00:00:00Z,SVP
126971,2015-07-23T15:00:00Z,-33.45971,-49.62649,-0.077,-0.0678,597.5834,2015-07-28T00:00:00Z,SVP
126971,2015-07-23T16:00:00Z,-33.4743,-49.63012,-0.0752,-0.2014,597.5834,2015-07-28T00:00:00Z,SVP
126971,2015-07-23T17:00:00Z,-33.48111,-49.63405,-0.0671,-0.2019,597.5834,2015-07-28T00:00:00Z,SVP
126971,2015-07-23T18:00:00Z,-33.46547,-49.63528,-0.0172,-0.0308,252.0,2015-07-28T00:00:00Z,SVP
126971,2015-07-23T19:00:00Z,-33.46616,-49.63567,-0.0156,-0.0306,252.0,2015-07-28T00:00:00Z,SVP
126971,2015-07-23T20:00:00Z,-33.46256,-49.63109,0.165,0.147,100.79167,2015-07-28T00:00:00Z,SVP
126971,2015-07-23T21:00:00Z,-33.45916,-49.62381,0.1968,0.0849,82.791664,2015-07-28T00:00:00Z,SVP
126971,2015-07-23T22:00:00Z,-33.4629,-49.62288,-0.1602,-0.2245,111.583336,2015-07-28T00:00:00Z,SVP
126971,2015-07-23T23:00:00Z,-33.46973,-49.62967,-0.1846,-0.1918,269.99997,2015-07-28T00:00:00Z,SVP
126971,2015-07-24T00:00:00Z,-33.47761,-49.6381,-0.2012,-0.2174,0.0,2015-07-28T00:00:00Z,SVP
126971,2015-07-24T01:00:00Z,-33.47485,-49.64238,-0.1366,0.1275,126.0,2015-07-28T00:00:00Z,SVP
126971,2015-07-24T02:00:00Z,-33.47189,-49.64725,0.0086,-0.0181,115.208336,2015-07-28T00:00:00Z,SVP
126971,2015-07-24T03:00:00Z,-33.47226,-49.64724,0.0276,-0.0641,352.7917,2015-07-28T00:00:00Z,SVP
126971,2015-07-24T04:00:00Z,-33.47439,-49.64599,0.0273,-0.0648,352.7917,2015-07-28T00:00:00Z,SVP
126971,2015-07-24T05:00:00Z,-33.4762,-49.6453,-0.0036,-0.0839,248.41667,2015-07-28T00:00:00Z,SVP
126971,2015-07-24T06:00:00Z,-33.47915,-49.64565,-0.0048,-0.0836,248.41667,2015-07-28T00:00:00Z,SVP
126971,2015-07-24T07:00:00Z,-33.4812,-49.64697,-0.0368,-0.066,122.416664,2015-07-28T00:00:00Z,SVP
126971,2015-07-24T08:00:00Z,-33.48142,-49.648,0.0124,0.0323,158.41667,2015-07-28T00:00:00Z,SVP
126971,2015-07-24T09:00:00Z,-33.47954,-49.64601,0.0481,-0.0389,75.583336,2015-07-28T00:00:00Z,SVP
126971,2015-07-24T10:00:00Z,-33.48232,-49.64368,0.1102,-0.0955,252.0,2015-07-28T00:00:00Z,SVP
126971,2015-07-24T11:00:00Z,-33.48417,-49.63937,0.1147,-0.0917,252.0,2015-07-28T00:00:00Z,SVP
126971,2015-07-24T12:00:00Z,-33.49086,-49.63621,0.0935,-0.1574,154.79166,2015-07-28T00:00:00Z,SVP
126971,2015-07-24T13:00:00Z,-33.49707,-49.63585,-0.0809,-5.0E-4,633.5833,2015-07-28T00:00:00Z,SVP
126971,2015-07-24T14:00:00Z,-33.49624,-49.63887,-0.0804,6.0E-4,633.5833,2015-07-28T00:00:00Z,SVP
126971,2015-07-24T15:00:00Z,-33.49553,-49.64205,-0.0804,0.0011,633.5833,2015-07-28T00:00:00Z,SVP
126971,2015-07-24T16:00:00Z,-33.4946,-49.64536,-0.0806,-5.0E-4,633.5833,2015-07-28T00:00:00Z,SVP
126971,2015-07-24T17:00:00Z,-33.49343,-49.64889,-0.081,-0.0114,633.5833,2015-07-28T00:00:00Z,SVP
126971,2015-07-24T18:00:00Z,-33.49604,-49.63297,0.0333,-0.1149,244.79167,2015-07-28T00:00:00Z,SVP
126971,2015-07-24T19:00:00Z,-33.50023,-49.63158,0.0232,-0.1551,122.416664,2015-07-28T00:00:00Z,SVP
126971,2015-07-24T20:00:00Z,-33.50624,-49.63295,-0.0427,-0.1996,68.416664,2015-07-28T00:00:00Z,SVP
126971,2015-07-24T21:00:00Z,-33.50842,-49.63685,-0.4036,-0.001,97.20833,2015-07-28T00:00:00Z,SVP
126971,2015-07-24T22:00:00Z,-33.50916,-49.65449,-0.4743,-0.0244,50.416664,2015-07-28T00:00:00Z,SVP
126971,2015-07-24T23:00:00Z,-33.50904,-49.66195,-0.1823,0.0255,331.2083,2015-07-28T00:00:00Z,SVP
126971,2015-07-25T00:00:00Z,-33.50793,-49.67024,-0.194,0.0265,331.2083,2015-07-28T00:00:00Z,SVP
126971,2015-07-25T01:00:00Z,-33.50872,-49.67126,-0.0533,-3.0E-4,151.20834,2015-07-28T00:00:00Z,SVP
126971,2015-07-25T02:00:00Z,-33.51361,-49.67199,0.0685,-0.1751,100.79167,2015-07-28T00:00:00Z,SVP
126971,2015-07-25T03:00:00Z,-33.51858,-49.66913,0.0297,-0.1668,381.5833,2015-07-28T00:00:00Z,SVP
126971,2015-07-25T04:00:00Z,-33.5243,-49.6663,0.0198,-0.1631,381.5833,2015-07-28T00:00:00Z,SVP
126971,2015-07-25T05:00:00Z,-33.52963,-49.66543,-0.0815,-0.1294,241.20834,2015-07-28T00:00:00Z,SVP
126971,2015-07-25T06:00:00Z,-33.53353,-49.66869,-0.085,-0.1289,241.20834,2015-07-28T00:00:00Z,SVP
126971,2015-07-25T07:00:00Z,-33.53812,-49.67662,-0.1599,-0.1352,111.583336,2015-07-28T00:00:00Z,SVP
126971,2015-07-25T08:00:00Z,-33.5397,-49.68473,-0.2025,0.0293,190.79166,2015-07-28T00:00:00Z,SVP
126971,2015-07-25T09:00:00Z,-33.53805,-49.69217,-0.1369,0.0478,54.000004,2015-07-28T00:00:00Z,SVP
126971,2015-07-25T10:00:00Z,-33.53741,-49.69584,-0.0797,0.042,230.41667,2015-07-28T00:00:00Z,SVP
126971,2015-07-25T11:00:00Z,-33.53595,-49.69508,0.1739,0.0328,172.79166,2015-07-28T00:00:00Z,SVP
126971,2015-07-25T12:00:00Z,-33.53499,-49.68865,0.1763,0.0124,144.0,2015-07-28T00:00:00Z,SVP
126971,2015-07-25T13:00:00Z,-33.53613,-49.68627,-0.0062,-0.1292,111.583336,2015-07-28T00:00:00Z,SVP
126971,2015-07-25T14:00:00Z,-33.53949,-49.6866,0.0078,-0.1264,543.5834,2015-07-28T00:00:00Z,SVP
126971,2015-07-25T15:00:00Z,-33.54425,-49.68586,0.007,-0.1325,543.5834,2015-07-28T00:00:00Z,SVP
126971,2015-07-25T16:00:00Z,-33.54957,-49.68579,0.0085,-0.1394,543.5834,2015-07-28T00:00:00Z,SVP
126971,2015-07-25T17:00:00Z,-33.55558,-49.68624,0.0129,-0.1459,543.5834,2015-07-28T00:00:00Z,SVP
126971,2015-07-25T18:00:00Z,-33.55472,-49.68455,0.0286,0.0349,241.20834,2015-07-28T00:00:00Z,SVP
126971,2015-07-25T19:00:00Z,-33.5538,-49.68466,-0.0162,0.0371,122.416664,2015-07-28T00:00:00Z,SVP
126971,2015-07-25T20:00:00Z,-33.55443,-49.68488,0.0779,-0.0546,90.0,2015-07-28T00:00:00Z,SVP
126971,2015-07-25T21:00:00Z,-33.55614,-49.67978,0.1403,-0.073,174.58333,2015-07-28T00:00:00Z,SVP
126971,2015-07-25T22:00:00Z,-33.5597,-49.67943,0.0029,-0.191,363.58334,2015-07-28T00:00:00Z,SVP
126971,2015-07-25T23:00:00Z,-33.5661,-49.67303,0.0786,-0.1916,363.58334,2015-07-28T00:00:00Z,SVP
126971,2015-07-26T00:00:00Z,-33.57178,-49.66842,0.0824,-0.1968,363.58334,2015-07-28T00:00:00Z,SVP
126971,2015-07-26T01:00:00Z,-33.5798,-49.68132,-0.381,-0.1724,129.58333,2015-07-28T00:00:00Z,SVP
126971,2015-07-26T02:00:00Z,-33.58339,-49.69464,-0.157,-0.0023,396.00003,2015-07-28T00:00:00Z,SVP
126971,2015-07-26T03:00:00Z,-33.58291,-49.70024,-0.1543,-0.0046,396.00003,2015-07-28T00:00:00Z,SVP
126971,2015-07-26T04:00:00Z,-33.58281,-49.70697,-0.1486,-0.0059,396.00003,2015-07-28T00:00:00Z,SVP
126971,2015-07-26T05:00:00Z,-33.58313,-49.71052,-0.0391,0.0013,241.20834,2015-07-28T00:00:00Z,SVP
126971,2015-07-26T06:00:00Z,-33.58345,-49.71115,-0.0526,4.0E-4,241.20834,2015-07-28T00:00:00Z,SVP
126971,2015-07-26T07:00:00Z,-33.58634,-49.71213,-0.0245,-0.1504,255.58333,2015-07-28T00:00:00Z,SVP
126971,2015-07-26T08:00:00Z,-33.59182,-49.71236,-0.0219,-0.1504,255.58333,2015-07-28T00:00:00Z,SVP
126971,2015-07-26T09:00:00Z,-33.59557,-49.7142,-0.0772,-0.0955,230.41667,2015-07-28T00:00:00Z,SVP
126971,2015-07-26T10:00:00Z,-33.59996,-49.71912,-0.0776,-0.1084,230.41667,2015-07-28T00:00:00Z,SVP
126971,2015-07-26T11:00:00Z,-33.5981,-49.7195,-0.0593,-0.0275,201.58334,2015-07-28T00:00:00Z,SVP
126971,2015-07-26T12:00:00Z,-33.59647,-49.72161,-0.0318,0.1036,140.41666,2015-07-28T00:00:00Z,SVP
126971,2015-07-26T13:00:00Z,-33.59124,-49.73611,-0.2631,0.1181,111.583336,2015-07-28T00:00:00Z,SVP
126971,2015-07-26T14:00:00Z,-33.59126,-49.73302,0.114,-0.0035,561.5833,2015-07-28T00:00:00Z,SVP
126971,2015-07-26T15:00:00Z,-33.59164,-49.72851,0.114,-0.0026,561.5833,2015-07-28T00:00:00Z,SVP
126971,2015-07-26T16:00:00Z,-33.59174,-49.72418,0.1145,-0.0027,561.5833,2015-07-28T00:00:00Z,SVP
126971,2015-07-26T17:00:00Z,-33.59195,-49.71952,0.136,-0.0276,237.58334,2015-07-28T00:00:00Z,SVP
126971,2015-07-26T18:00:00Z,-33.59314,-49.71328,0.141,-0.0293,237.58334,2015-07-28T00:00:00Z,SVP
126971,2015-07-26T19:00:00Z,-33.59494,-49.70749,0.1522,-0.0579,169.20834,2015-07-28T00:00:00Z,SVP
126971,2015-07-26T20:00:00Z,-33.59701,-49.70803,-0.1487,-0.0722,216.00002,2015-07-28T00:00:00Z,SVP
126971,2015-07-26T21:00:00Z,-33.59923,-49.71511,-0.1781,-0.0715,0.0,2015-07-28T00:00:00Z,SVP
126971,2015-07-26T22:00:00Z,-33.60083,-49.72177,-0.2102,-0.0419,237.58334,2015-07-28T00:00:00Z,SVP
126971,2015-07-26T23:00:00Z,-33.59898,-49.72973,-0.2509,0.1282,320.41666,2015-07-28T00:00:00Z,SVP
126971,2015-07-27T00:00:00Z,-33.5925,-49.74113,-0.2412,0.1047,320.41666,2015-07-28T00:00:00Z,SVP
126971,2015-07-27T01:00:00Z,-33.58878,-49.75147,-0.0735,0.0185,108.00001,2015-07-28T00:00:00Z,SVP
126971,2015-07-27T02:00:00Z,-33.58923,-49.75319,0.0014,-0.0638,133.20833,2015-07-28T00:00:00Z,SVP
126971,2015-07-27T03:00:00Z,-33.59132,-49.75434,-0.0335,-0.0635,291.58334,2015-07-28T00:00:00Z,SVP
126971,2015-07-27T04:00:00Z,-33.59404,-49.75384,-0.0261,-0.0615,291.58334,2015-07-28T00:00:00Z,SVP
126971,2015-07-27T05:00:00Z,-33.59524,-49.75687,-0.0685,-0.0493,248.41667,2015-07-28T00:00:00Z,SVP
126971,2015-07-27T06:00:00Z,-33.59637,-49.76111,-0.1428,0.0016,108.00001,2015-07-28T00:00:00Z,SVP
126971,2015-07-27T07:00:00Z,-33.59613,-49.76797,-0.2076,0.0106,233.99998,2015-07-28T00:00:00Z,SVP
126971,2015-07-27T08:00:00Z,-33.59574,-49.78999,-0.3661,0.0104,233.99998,2015-07-28T00:00:00Z,SVP
126971,2015-07-27T09:00:00Z,-33.59525,-49.78987,0.0684,0.0201,190.79166,2015-07-28T00:00:00Z,SVP
126971,2015-07-27T10:00:00Z,-33.5934,-49.79106,-0.0653,0.0708,237.58334,2015-07-28T00:00:00Z,SVP
126971,2015-07-27T11:00:00Z,-33.59121,-49.79699,-0.0337,0.0731,237.58334,2015-07-28T00:00:00Z,SVP
126971,2015-07-27T12:00:00Z,-33.58781,-49.7962,0.0951,0.1133,0.0,2015-07-28T00:00:00Z,SVP
126971,2015-07-27T13:00:00Z,-33.58855,-49.79753,-0.0647,-0.0693,586.7916,2015-07-28T00:00:00Z,SVP
126971,2015-07-27T14:00:00Z,-33.59118,-49.80036,-0.0653,-0.0699,586.7916,2015-07-28T00:00:00Z,SVP
126971,2015-07-27T15:00:00Z,-33.5936,-49.80303,-0.0655,-0.07,586.7916,2015-07-28T00:00:00Z,SVP
126971,2015-07-27T16:00:00Z,-33.59605,-49.80574,-0.0656,-0.0701,586.7916,2015-07-28T00:00:00Z,SVP
126971,2015-07-27T17:00:00Z,-33.59807,-49.80874,-0.0919,-0.0655,244.79167,2015-07-28T00:00:00Z,SVP
126971,2015-07-27T18:00:00Z,-33.5999,-49.81106,-0.0966,-0.0661,244.79167,2015-07-28T00:00:00Z,SVP
126971,2015-07-27T19:00:00Z,-33.6019,-49.81616,-0.1483,-0.053,342.0,2015-07-28T00:00:00Z,SVP
126971,2015-07-27T20:00:00Z,-33.60363,-49.82207,-0.1482,-0.053,342.0,2015-07-28T00:00:00Z,SVP
126971,2015-07-27T21:00:00Z,-33.60529,-49.82864,-0.1881,-0.0517,252.0,2015-07-28T00:00:00Z,SVP
126971,2015-07-27T22:00:00Z,-33.60703,-49.83536,-0.1881,-0.0515,252.0,2015-07-28T00:00:00Z,SVP
126971,2015-07-27T23:00:00Z,-33.60837,-49.84379,-0.214,-0.0422,316.79166,2015-07-28T00:00:00Z,SVP
126971,2015-07-28T00:00:00Z,-33.60976,-49.85364,-0.2226,-0.042,316.79166,2015-07-28T00:00:00Z,SVP
126971,2015-07-28T01:00:00Z,-33.6113,-49.85385,-0.1563,-0.0518,111.583336,2015-07-28T00:00:00Z,SVP
126971,2015-07-28T02:00:00Z,-33.61574,-49.86893,-0.318,-0.116,144.0,2015-07-28T00:00:00Z,SVP
126971,2015-07-28T03:00:00Z,-33.61874,-49.8801,-0.3378,-0.104,306.0,2015-07-28T00:00:00Z,SVP
126971,2015-07-28T04:00:00Z,-33.62265,-49.89412,-0.3243,-0.098,306.0,2015-07-28T00:00:00Z,SVP
126971,2015-07-28T05:00:00Z,-33.62579,-49.90542,-0.2593,-0.1161,244.79167,2015-07-28T00:00:00Z,SVP
126971,2015-07-28T06:00:00Z,-33.62947,-49.91444,-0.1765,-0.1465,320.41666,2015-07-28T00:00:00Z,SVP
126971,2015-07-28T07:00:00Z,-33.63708,-49.91921,-0.1722,-0.1666,320.41666,2015-07-28T00:00:00Z,SVP
127060,2015-07-01T00:00:00Z,-29.48151,-45.89519,0.1011,0.0306,446.4167,2016-01-28T00:00:00Z,SVP
127060,2015-07-01T01:00:00Z,-29.47917,-45.89247,0.1369,0.0393,137.08333,2016-01-28T00:00:00Z,SVP
127060,2015-07-01T02:00:00Z,-29.47765,-45.89549,-0.0382,0.0504,112.5,2016-01-28T00:00:00Z,SVP
127060,2015-07-01T03:00:00Z,-29.47626,-45.89407,0.0031,0.0274,288.2917,2016-01-28T00:00:00Z,SVP
127060,2015-07-01T04:00:00Z,-29.47547,-45.89382,0.0028,0.0279,288.2917,2016-01-28T00:00:00Z,SVP
127060,2015-07-01T05:00:00Z,-29.47396,-45.89471,-0.0017,0.0453,256.66666,2016-01-28T00:00:00Z,SVP
127060,2015-07-01T06:00:00Z,-29.47282,-45.89592,-0.0905,0.0413,126.58333,2016-01-28T00:00:00Z,SVP
127060,2015-07-01T07:00:00Z,-29.47253,-45.89983,-0.1083,-0.0444,112.5,2016-01-28T00:00:00Z,SVP
127060,2015-07-01T08:00:00Z,-29.47464,-45.90337,-0.0803,-0.0912,144.16667,2016-01-28T00:00:00Z,SVP
127060,2015-07-01T09:00:00Z,-29.47805,-45.90615,-0.0637,-0.1157,108.91667,2016-01-28T00:00:00Z,SVP
127060,2015-07-01T10:00:00Z,-29.48137,-45.90464,0.054,-0.0546,291.91666,2016-01-28T00:00:00Z,SVP
127060,2015-07-01T11:00:00Z,-29.48238,-45.90225,0.0534,-0.0568,291.91666,2016-01-28T00:00:00Z,SVP
127060,2015-07-01T12:00:00Z,-29.48396,-45.9006,-0.0721,-0.0376,133.66667,2016-01-28T00:00:00Z,SVP
127060,2015-07-01T13:00:00Z,-29.48559,-45.90499,-0.1307,-0.048,115.958336,2016-01-28T00:00:00Z,SVP
127060,2015-07-01T14:00:00Z,-29.48733,-45.90355,0.0396,-0.0585,471.16666,2016-01-28T00:00:00Z,SVP
127060,2015-07-01T15:00:00Z,-29.48945,-45.90135,0.036,-0.0581,471.16666,2016-01-28T00:00:00Z,SVP
127060,2015-07-01T16:00:00Z,-29.49136,-45.89983,0.0351,-0.0581,471.16666,2016-01-28T00:00:00Z,SVP
127060,2015-07-01T17:00:00Z,-29.49274,-45.89929,0.0296,-0.0534,239.08334,2016-01-28T00:00:00Z,SVP
127060,2015-07-01T18:00:00Z,-29.4949,-45.89762,0.0019,-0.0478,239.08334,2016-01-28T00:00:00Z,SVP
127060,2015-07-01T19:00:00Z,-29.49493,-45.89901,-0.0273,-0.0038,235.50002,2016-01-28T00:00:00Z,SVP
127060,2015-07-01T20:00:00Z,-29.49597,-45.89856,0.0259,-0.0333,158.25,2016-01-28T00:00:00Z,SVP
127060,2015-07-01T21:00:00Z,-29.49827,-45.89599,0.1073,-0.1066,87.91667,2016-01-28T00:00:00Z,SVP
127060,2015-07-01T22:00:00Z,-29.50125,-45.8925,0.0939,-0.0761,418.33334,2016-01-28T00:00:00Z,SVP
127060,2015-07-01T23:00:00Z,-29.5038,-45.8886,0.0932,-0.0753,418.33334,2016-01-28T00:00:00Z,SVP
127060,2015-07-02T00:00:00Z,-29.50702,-45.8844,0.0903,-0.0741,418.33334,2016-01-28T00:00:00Z,SVP
127060,2015-07-02T01:00:00Z,-29.50691,-45.88514,-0.0913,0.002,116.083336,2016-01-28T00:00:00Z,SVP
127060,2015-07-02T02:00:00Z,-29.51323,-45.89047,-0.03,0.0271,319.9583,2016-01-28T00:00:00Z,SVP
127060,2015-07-02T03:00:00Z,-29.50809,-45.89108,-0.0306,-0.0034,319.9583,2016-01-28T00:00:00Z,SVP
127060,2015-07-02T04:00:00Z,-29.50671,-45.89274,-0.0059,-0.0599,253.20834,2016-01-28T00:00:00Z,SVP
127060,2015-07-02T05:00:00Z,-29.51008,-45.8926,-0.0047,-0.0394,253.20834,2016-01-28T00:00:00Z,SVP
127060,2015-07-02T06:00:00Z,-29.51231,-45.89353,-0.0257,-0.0928,130.04166,2016-01-28T00:00:00Z,SVP
127060,2015-07-02T07:00:00Z,-29.51637,-45.89442,0.069,-0.1876,172.20833,2016-01-28T00:00:00Z,SVP
127060,2015-07-02T08:00:00Z,-29.52261,-45.89187,0.0707,-0.1822,172.20833,2016-01-28T00:00:00Z,SVP
127060,2015-07-02T09:00:00Z,-29.52661,-45.88841,0.0925,-0.0962,94.958336,2016-01-28T00:00:00Z,SVP
127060,2015-07-02T10:00:00Z,-29.53048,-45.88513,0.0857,-0.1185,316.3333,2016-01-28T00:00:00Z,SVP
127060,2015-07-02T11:00:00Z,-29.53405,-45.88231,0.0837,-0.1174,316.3333,2016-01-28T00:00:00Z,SVP
127060,2015-07-02T12:00:00Z,-29.53754,-45.87995,0.0491,-0.1054,130.04166,2016-01-28T00:00:00Z,SVP
127060,2015-07-02T13:00:00Z,-29.53662,-45.89492,0.0706,-0.1077,499.20834,2016-01-28T00:00:00Z,SVP
127060,2015-07-02T14:00:00Z,-29.54139,-45.89136,0.0665,-0.1017,499.20834,2016-01-28T00:00:00Z,SVP
127060,2015-07-02T15:00:00Z,-29.54484,-45.88905,0.0681,-0.1011,499.20834,2016-01-28T00:00:00Z,SVP
127060,2015-07-02T16:00:00Z,-29.54782,-45.88735,0.0758,-0.1044,499.20834,2016-01-28T00:00:00Z,SVP
127060,2015-07-02T17:00:00Z,-29.5514,-45.8843,0.0797,-0.1279,242.54167,2016-01-28T00:00:00Z,SVP
127060,2015-07-02T18:00:00Z,-29.55575,-45.8803,0.0519,-0.1319,379.66666,2016-01-28T00:00:00Z,SVP
127060,2015-07-02T19:00:00Z,-29.55991,-45.87894,0.0518,-0.1318,379.66666,2016-01-28T00:00:00Z,SVP
127060,2015-07-02T20:00:00Z,-29.56406,-45.87718,0.0514,-0.1319,379.66666,2016-01-28T00:00:00Z,SVP
127060,2015-07-02T21:00:00Z,-29.56857,-45.87565,0.0793,-0.1152,172.20833,2016-01-28T00:00:00Z,SVP
127060,2015-07-02T22:00:00Z,-29.57234,-45.87308,0.0813,-0.1127,172.20833,2016-01-28T00:00:00Z,SVP
127060,2015-07-02T23:00:00Z,-29.57578,-45.87274,0.029,-0.1001,246.16667,2016-01-28T00:00:00Z,SVP
127060,2015-07-03T00:00:00Z,-29.57915,-45.86831,-0.1711,-0.1302,140.70834,2016-01-28T00:00:00Z,SVP
127060,2015-07-03T01:00:00Z,-29.58319,-45.87422,-0.0829,-0.1048,115.958336,2016-01-28T00:00:00Z,SVP
127060,2015-07-03T02:00:00Z,-29.58625,-45.87538,0.0151,-0.0699,337.5,2016-01-28T00:00:00Z,SVP
127060,2015-07-03T03:00:00Z,-29.58823,-45.87505,0.0174,-0.0702,337.5,2016-01-28T00:00:00Z,SVP
127060,2015-07-03T04:00:00Z,-29.59083,-45.87521,0.0387,-0.0798,253.20834,2016-01-28T00:00:00Z,SVP
127060,2015-07-03T05:00:00Z,-29.59325,-45.87175,0.046,-0.0818,253.20834,2016-01-28T00:00:00Z,SVP
127060,2015-07-03T06:00:00Z,-29.59688,-45.87151,-0.0102,-0.1255,379.66666,2016-01-28T00:00:00Z,SVP
127060,2015-07-03T07:00:00Z,-29.60122,-45.87273,-0.0102,-0.1269,379.66666,2016-01-28T00:00:00Z,SVP
127060,2015-07-03T08:00:00Z,-29.60588,-45.87448,-0.0625,-0.1671,126.58333,2016-01-28T00:00:00Z,SVP
127060,2015-07-03T09:00:00Z,-29.61158,-45.87738,-0.1285,-0.1814,249.58333,2016-01-28T00:00:00Z,SVP
127060,2015-07-03T10:00:00Z,-29.61795,-45.88352,-0.1258,-0.18,249.58333,2016-01-28T00:00:00Z,SVP
127060,2015-07-03T11:00:00Z,-29.62343,-45.88682,-0.028,-0.1532,225.0,2016-01-28T00:00:00Z,SVP
127060,2015-07-03T12:00:00Z,-29.62799,-45.88751,0.0633,-0.1928,115.958336,2016-01-28T00:00:00Z,SVP
127060,2015-07-03T13:00:00Z,-29.63449,-45.88184,0.0731,-0.2101,759.4583,2016-01-28T00:00:00Z,SVP
127060,2015-07-03T14:00:00Z,-29.64125,-45.88027,0.0711,-0.2098,759.4583,2016-01-28T00:00:00Z,SVP
127060,2015-07-03T15:00:00Z,-29.64808,-45.87824,0.0704,-0.2099,759.4583,2016-01-28T00:00:00Z,SVP
127060,2015-07-03T16:00:00Z,-29.65498,-45.87615,0.0699,-0.2102,759.4583,2016-01-28T00:00:00Z,SVP
127060,2015-07-03T17:00:00Z,-29.66206,-45.87427,0.0694,-0.2108,759.4583,2016-01-28T00:00:00Z,SVP
127060,2015-07-03T18:00:00Z,-29.66916,-45.87307,0.0427,-0.206,316.3333,2016-01-28T00:00:00Z,SVP
127060,2015-07-03T19:00:00Z,-29.67527,-45.87073,0.0442,-0.2055,316.3333,2016-01-28T00:00:00Z,SVP
127060,2015-07-03T20:00:00Z,-29.68126,-45.86882,0.013,-0.1646,63.291664,2016-01-28T00:00:00Z,SVP
127060,2015-07-03T21:00:00Z,-29.68678,-45.86833,0.0337,-0.1632,193.33334,2016-01-28T00:00:00Z,SVP
127060,2015-07-03T22:00:00Z,-29.69347,-45.86451,0.1636,-0.178,91.33333,2016-01-28T00:00:00Z,SVP
127060,2015-07-03T23:00:00Z,-29.69775,-45.85839,0.1811,-0.1427,327.0,2016-01-28T00:00:00Z,SVP
127060,2015-07-04T00:00:00Z,-29.70262,-45.85099,0.1806,-0.1359,327.0,2016-01-28T00:00:00Z,SVP
127060,2015-07-04T01:00:00Z,-29.70451,-45.84671,0.0942,-0.0034,108.91667,2016-01-28T00:00:00Z,SVP
127060,2015-07-04T02:00:00Z,-29.70486,-45.84174,0.1195,-0.0034,362.08334,2016-01-28T00:00:00Z,SVP
127060,2015-07-04T03:00:00Z,-29.70448,-45.83778,0.1201,-0.0033,362.08334,2016-01-28T00:00:00Z,SVP
127060,2015-07-04T04:00:00Z,-29.70423,-45.83347,0.1346,-0.001,253.20834,2016-01-28T00:00:00Z,SVP
127060,2015-07-04T05:00:00Z,-29.70583,-45.82729,0.1352,-0.0021,253.20834,2016-01-28T00:00:00Z,SVP
127060,2015-07-04T06:00:00Z,-29.70535,-45.82249,0.1362,0.0099,383.25,2016-01-28T00:00:00Z,SVP
127060,2015-07-04T07:00:00Z,-29.70329,-45.81949,0.1153,0.0273,383.25,2016-01-28T00:00:00Z,SVP
127060,2015-07-04T08:00:00Z,-29.70514,-45.83595,0.089,-0.0127,77.41667,2016-01-28T00:00:00Z,SVP
127060,2015-07-04T09:00:00Z,-29.70552,-45.83258,0.0851,-0.0362,242.54167,2016-01-28T00:00:00Z,SVP
127060,2015-07-04T10:00:00Z,-29.70719,-45.82843,-0.0237,0.0508,246.16667,2016-01-28T00:00:00Z,SVP
127060,2015-07-04T11:00:00Z,-29.70675,-45.82855,-0.0208,0.0493,246.16667,2016-01-28T00:00:00Z,SVP
127060,2015-07-04T12:00:00Z,-29.70731,-45.82674,0.052,-0.0304,126.58333,2016-01-28T00:00:00Z,SVP
127060,2015-07-04T13:00:00Z,-29.70945,-45.82403,0.0911,-0.0532,130.04166,2016-01-28T00:00:00Z,SVP
127060,2015-07-04T14:00:00Z,-29.7085,-45.82089,0.0831,0.0463,1023.0,2016-01-28T00:00:00Z,SVP
127060,2015-07-04T15:00:00Z,-29.70674,-45.81787,0.0827,0.0467,1023.0,2016-01-28T00:00:00Z,SVP
127060,2015-07-04T16:00:00Z,-29.70513,-45.81481,0.0826,0.0469,1023.0,2016-01-28T00:00:00Z,SVP
127060,2015-07-04T17:00:00Z,-29.70359,-45.8117,0.0827,0.047,1023.0,2016-01-28T00:00:00Z,SVP
127060,2015-07-04T18:00:00Z,-29.70214,-45.80852,0.0829,0.047,1023.0,2016-01-28T00:00:00Z,SVP
127060,2015-07-04T19:00:00Z,-29.70084,-45.8052,0.0834,0.0469,1023.0,2016-01-28T00:00:00Z,SVP
127060,2015-07-04T20:00:00Z,-29.69997,-45.80151,0.0845,0.0465,1023.0,2016-01-28T00:00:00Z,SVP
127060,2015-07-04T21:00:00Z,-29.69575,-45.80581,0.0578,0.0608,151.20834,2016-01-28T00:00:00Z,SVP
127060,2015-07-04T22:00:00Z,-29.6951,-45.80291,-0.0354,0.0047,340.95834,2016-01-28T00:00:00Z,SVP
127060,2015-07-04T23:00:00Z,-29.69457,-45.8047,-0.041,0.0073,340.95834,2016-01-28T00:00:00Z,SVP
127060,2015-07-05T00:00:00Z,-29.69385,-45.80555,-0.0385,0.0092,340.95834,2016-01-28T00:00:00Z,SVP
127060,2015-07-05T01:00:00Z,-29.69415,-45.81299,-0.1351,-0.0656,137.08333,2016-01-28T00:00:00Z,SVP
127060,2015-07-05T02:00:00Z,-29.68951,-45.82065,-0.0937,-0.134,857.8333,2016-01-28T00:00:00Z,SVP
127060,2015-07-05T03:00:00Z,-29.69465,-45.82362,-0.0933,-0.1329,857.8333,2016-01-28T00:00:00Z,SVP
127060,2015-07-05T04:00:00Z,-29.69903,-45.82715,-0.0931,-0.1333,857.8333,2016-01-28T00:00:00Z,SVP
127060,2015-07-05T05:00:00Z,-29.703,-45.83099,-0.0928,-0.1345,857.8333,2016-01-28T00:00:00Z,SVP
127060,2015-07-05T06:00:00Z,-29.7067,-45.83512,-0.092,-0.1366,857.8333,2016-01-28T00:00:00Z,SVP
127060,2015-07-05T07:00:00Z,-29.71011,-45.83963,-0.0891,-0.1405,857.8333,2016-01-28T00:00:00Z,SVP
127060,2015-07-05T08:00:00Z,-29.71667,-45.84007,0.0571,-0.2283,253.20834,2016-01-28T00:00:00Z,SVP
127060,2015-07-05T09:00:00Z,-29.7253,-45.83803,0.0616,-0.1835,253.20834,2016-01-28T00:00:00Z,SVP
127060,2015-07-05T10:00:00Z,-29.73346,-45.83874,-0.0486,-0.2671,277.79166,2016-01-28T00:00:00Z,SVP
127060,2015-07-05T11:00:00Z,-29.7432,-45.84939,-0.1561,-0.2715,277.79166,2016-01-28T00:00:00Z,SVP
127060,2015-07-05T12:00:00Z,-29.74961,-45.84002,0.0722,-0.1519,140.70834,2016-01-28T00:00:00Z,SVP
127060,2015-07-05T13:00:00Z,-29.75563,-45.83753,0.0756,-0.1329,678.4583,2016-01-28T00:00:00Z,SVP
127060,2015-07-05T14:00:00Z,-29.7597,-45.83461,0.0757,-0.1317,678.4583,2016-01-28T00:00:00Z,SVP
127060,2015-07-05T15:00:00Z,-29.76401,-45.83184,0.0758,-0.1316,678.4583,2016-01-28T00:00:00Z,SVP
127060,2015-07-05T16:00:00Z,-29.76848,-45.82917,0.076,-0.132,678.4583,2016-01-28T00:00:00Z,SVP
127060,2015-07-05T17:00:00Z,-29.77318,-45.82666,0.0763,-0.1326,678.4583,2016-01-28T00:00:00Z,SVP
127060,2015-07-05T18:00:00Z,-29.77473,-45.8229,0.096,0.0183,360.29166,2016-01-28T00:00:00Z,SVP
127060,2015-07-05T19:00:00Z,-29.77364,-45.8186,0.0975,0.0161,360.29166,2016-01-28T00:00:00Z,SVP
127060,2015-07-05T20:00:00Z,-29.77328,-45.81547,0.096,0.0042,103.791664,2016-01-28T00:00:00Z,SVP
127060,2015-07-05T21:00:00Z,-29.77434,-45.81336,0.0085,-0.0799,123.0,2016-01-28T00:00:00Z,SVP
127060,2015-07-05T22:00:00Z,-29.77609,-45.81421,-0.0388,-0.0582,453.45834,2016-01-28T00:00:00Z,SVP
127060,2015-07-05T23:00:00Z,-29.77853,-45.81447,-0.0271,-0.0634,453.45834,2016-01-28T00:00:00Z,SVP
127060,2015-07-06T00:00:00Z,-29.78187,-45.81361,-0.015,-0.0721,453.45834,2016-01-28T00:00:00Z,SVP
127060,2015-07-06T01:00:00Z,-29.78192,-45.81944,-0.3046,-0.0513,151.20834,2016-01-28T00:00:00Z,SVP
127060,2015-07-06T02:00:00Z,-29.7877,-45.83434,-0.3866,-0.0798,102.0,2016-01-28T00:00:00Z,SVP
127060,2015-07-06T03:00:00Z,-29.78796,-45.83029,-0.0706,-0.1265,411.2917,2016-01-28T00:00:00Z,SVP
127060,2015-07-06T04:00:00Z,-29.79082,-45.8323,-0.0718,-0.1275,411.2917,2016-01-28T00:00:00Z,SVP
127060,2015-07-06T05:00:00Z,-29.79443,-45.8361,-0.072,-0.1863,323.41666,2016-01-28T00:00:00Z,SVP
127060,2015-07-06T06:00:00Z,-29.80163,-45.83987,-0.0598,-0.1662,323.41666,2016-01-28T00:00:00Z,SVP
127060,2015-07-06T07:00:00Z,-29.80712,-45.84165,3.0E-4,-0.2337,52.791668,2016-01-28T00:00:00Z,SVP
127060,2015-07-06T08:00:00Z,-29.81509,-45.84065,0.0662,-0.2597,189.91667,2016-01-28T00:00:00Z,SVP
127060,2015-07-06T09:00:00Z,-29.82247,-45.83697,0.0992,-0.2226,288.2917,2016-01-28T00:00:00Z,SVP
127060,2015-07-06T10:00:00Z,-29.83019,-45.83477,0.0871,-0.2266,288.2917,2016-01-28T00:00:00Z,SVP
127060,2015-07-06T11:00:00Z,-29.83679,-45.82994,0.1071,-0.2048,172.20833,2016-01-28T00:00:00Z,SVP
127060,2015-07-06T12:00:00Z,-29.84309,-45.82577,0.0756,-0.2224,126.58333,2016-01-28T00:00:00Z,SVP
127060,2015-07-06T13:00:00Z,-29.84972,-45.82316,0.0769,-0.1512,126.58333,2016-01-28T00:00:00Z,SVP
127060,2015-07-06T14:00:00Z,-29.85426,-45.81982,0.1039,-0.118,587.0834,2016-01-28T00:00:00Z,SVP
127060,2015-07-06T15:00:00Z,-29.85795,-45.81574,0.1043,-0.1178,587.0834,2016-01-28T00:00:00Z,SVP
127060,2015-07-06T16:00:00Z,-29.86173,-45.81188,0.1044,-0.1178,587.0834,2016-01-28T00:00:00Z,SVP
127060,2015-07-06T17:00:00Z,-29.86554,-45.80829,0.1045,-0.1177,587.0834,2016-01-28T00:00:00Z,SVP
127060,2015-07-06T18:00:00Z,-29.86822,-45.80452,0.1092,-0.0905,246.16667,2016-01-28T00:00:00Z,SVP
127060,2015-07-06T19:00:00Z,-29.87112,-45.80009,0.0693,-0.0333,133.66667,2016-01-28T00:00:00Z,SVP
127060,2015-07-06T20:00:00Z,-29.87099,-45.79795,0.0851,-0.0768,172.20833,2016-01-28T00:00:00Z,SVP
127060,2015-07-06T21:00:00Z,-29.87373,-45.79488,0.0837,-0.0862,66.75,2016-01-28T00:00:00Z,SVP
127060,2015-07-06T22:00:00Z,-29.87632,-45.79202,0.0407,-0.0572,390.29166,2016-01-28T00:00:00Z,SVP
127060,2015-07-06T23:00:00Z,-29.87806,-45.79065,0.0398,-0.0567,390.29166,2016-01-28T00:00:00Z,SVP
127060,2015-07-07T00:00:00Z,-29.88034,-45.78947,0.0127,-0.079,144.16667,2016-01-28T00:00:00Z,SVP
127060,2015-07-07T01:00:00Z,-29.88488,-45.79276,-0.14,-0.2,112.5,2016-01-28T00:00:00Z,SVP
127060,2015-07-07T02:00:00Z,-29.89305,-45.80833,-0.0139,-0.1578,446.54166,2016-01-28T00:00:00Z,SVP
127060,2015-07-07T03:00:00Z,-29.89786,-45.80869,-0.0126,-0.1569,446.54166,2016-01-28T00:00:00Z,SVP
127060,2015-07-07T04:00:00Z,-29.90319,-45.80954,-0.0116,-0.1556,446.54166,2016-01-28T00:00:00Z,SVP
127060,2015-07-07T05:00:00Z,-29.90969,-45.80846,0.0839,-0.1736,242.54167,2016-01-28T00:00:00Z,SVP
127060,2015-07-07T06:00:00Z,-29.91386,-45.80378,0.0619,-0.1634,242.54167,2016-01-28T00:00:00Z,SVP
127060,2015-07-07T07:00:00Z,-29.92314,-45.80053,0.1392,-0.4201,123.0,2016-01-28T00:00:00Z,SVP
127060,2015-07-07T08:00:00Z,-29.93643,-45.78964,0.2866,-0.4246,189.91667,2016-01-28T00:00:00Z,SVP
127060,2015-07-07T09:00:00Z,-29.94132,-45.79646,0.1121,-0.1504,186.29166,2016-01-28T00:00:00Z,SVP
127060,2015-07-07T10:00:00Z,-29.94764,-45.79699,0.1199,-0.1295,186.29166,2016-01-28T00:00:00Z,SVP
127060,2015-07-07T11:00:00Z,-29.95098,-45.7857,0.2043,-0.1986,179.25,2016-01-28T00:00:00Z,SVP
127060,2015-07-07T12:00:00Z,-29.95587,-45.79714,0.0045,-0.1227,147.58333,2016-01-28T00:00:00Z,SVP
127060,2015-07-07T13:00:00Z,-29.96006,-45.78661,0.1619,-0.1758,615.2917,2016-01-28T00:00:00Z,SVP
127060,2015-07-07T14:00:00Z,-29.96652,-45.78262,0.1727,-0.1795,615.2917,2016-01-28T00:00:00Z,SVP
127060,2015-07-07T15:00:00Z,-29.97305,-45.77706,0.1792,-0.1827,615.2917,2016-01-28T00:00:00Z,SVP
127060,2015-07-07T16:00:00Z,-29.97995,-45.7708,0.1837,-0.1856,615.2917,2016-01-28T00:00:00Z,SVP
127060,2015-07-07T17:00:00Z,-29.98736,-45.76421,0.1882,-0.1864,615.2917,2016-01-28T00:00:00Z,SVP
127060,2015-07-07T18:00:00Z,-29.98895,-45.75623,0.1904,-0.0501,242.54167,2016-01-28T00:00:00Z,SVP
127060,2015-07-07T19:00:00Z,-29.99096,-45.74883,0.2057,-0.0684,126.58333,2016-01-28T00:00:00Z,SVP
127060,2015-07-07T20:00:00Z,-29.99472,-45.73912,-0.3734,-0.1377,144.16667,2016-01-28T00:00:00Z,SVP
127060,2015-07-07T21:00:00Z,-29.99873,-45.75412,-0.4092,-0.1236,102.0,2016-01-28T00:00:00Z,SVP
127060,2015-07-07T22:00:00Z,-30.00308,-45.75116,0.2513,-0.1365,158.25,2016-01-28T00:00:00Z,SVP
127060,2015-07-07T23:00:00Z,-30.0158,-45.74974,0.0804,-0.3342,221.41666,2016-01-28T00:00:00Z,SVP
127060,2015-07-08T00:00:00Z,-30.03646,-45.73741,-0.2905,-0.053,133.66667,2016-01-28T00:00:00Z,SVP
127060,2015-07-08T01:00:00Z,-30.03723,-45.74845,-0.1182,-0.2578,119.54167,2016-01-28T00:00:00Z,SVP
127060,2015-07-08T02:00:00Z,-30.04514,-45.7418,0.2569,-0.2448,467.5417,2016-01-28T00:00:00Z,SVP
127060,2015-07-08T03:00:00Z,-30.05284,-45.73141,0.2609,-0.2432,467.5417,2016-01-28T00:00:00Z,SVP
127060,2015-07-08T04:00:00Z,-30.06098,-45.7221,0.2619,-0.2436,467.5417,2016-01-28T00:00:00Z,SVP
127060,2015-07-08T05:00:00Z,-30.06761,-45.71077,0.3029,-0.2037,235.50002,2016-01-28T00:00:00Z,SVP
127060,2015-07-08T06:00:00Z,-30.0737,-45.69812,0.2998,-0.2047,235.50002,2016-01-28T00:00:00Z,SVP
127060,2015-07-08T07:00:00Z,-30.07866,-45.68792,0.3133,0.0612,123.0,2016-01-28T00:00:00Z,SVP
127060,2015-07-08T08:00:00Z,-30.07573,-45.67634,0.3237,0.1198,119.54167,2016-01-28T00:00:00Z,SVP
127060,2015-07-08T09:00:00Z,-30.07251,-45.66665,0.2501,0.0932,130.04166,2016-01-28T00:00:00Z,SVP
127060,2015-07-08T10:00:00Z,-30.07128,-45.66224,0.1225,0.0107,228.45833,2016-01-28T00:00:00Z,SVP
127060,2015-07-08T11:00:00Z,-30.07056,-45.64783,-0.1585,-0.0027,140.70834,2016-01-28T00:00:00Z,SVP
127060,2015-07-08T12:00:00Z,-30.07092,-45.65466,-0.1039,-0.0247,112.5,2016-01-28T00:00:00Z,SVP
127060,2015-07-08T13:00:00Z,-30.07057,-45.65829,-0.0836,-0.0605,636.2916,2016-01-28T00:00:00Z,SVP
127060,2015-07-08T14:00:00Z,-30.07282,-45.6616,-0.0836,-0.0607,636.2916,2016-01-28T00:00:00Z,SVP
127060,2015-07-08T15:00:00Z,-30.07467,-45.66501,-0.0837,-0.0612,636.2916,2016-01-28T00:00:00Z,SVP
127060,2015-07-08T16:00:00Z,-30.07622,-45.66865,-0.0838,-0.0621,636.2916,2016-01-28T00:00:00Z,SVP
127060,2015-07-08T17:00:00Z,-30.07769,-45.67246,-0.053,-0.1264,242.54167,2016-01-28T00:00:00Z,SVP
127060,2015-07-08T18:00:00Z,-30.08261,-45.67296,-0.0562,-0.1226,242.54167,2016-01-28T00:00:00Z,SVP
127060,2015-07-08T19:00:00Z,-30.08898,-45.67456,-0.0331,-0.2059,140.70834,2016-01-28T00:00:00Z,SVP
127060,2015-07-08T20:00:00Z,-30.0974,-45.6763,-0.057,-0.2749,105.458336,2016-01-28T00:00:00Z,SVP
127060,2015-07-08T21:00:00Z,-30.10607,-45.67793,0.0366,-0.2191,0.0,2016-01-28T00:00:00Z,SVP
127060,2015-07-08T22:00:00Z,-30.11421,-45.67497,0.0742,-0.3227,369.16666,2016-01-28T00:00:00Z,SVP
127060,2015-07-08T23:00:00Z,-30.12531,-45.67258,0.0723,-0.3234,369.16666,2016-01-28T00:00:00Z,SVP
127060,2015-07-09T00:00:00Z,-30.13602,-45.67018,0.0714,-0.3234,369.16666,2016-01-28T00:00:00Z,SVP
127060,2015-07-09T01:00:00Z,-30.14673,-45.66641,0.125,-0.3171,140.70834,2016-01-28T00:00:00Z,SVP
127060,2015-07-09T02:00:00Z,-30.15857,-45.66752,0.2413,-0.2783,344.54166,2016-01-28T00:00:00Z,SVP
127060,2015-07-09T03:00:00Z,-30.16705,-45.65807,0.2395,-0.2804,344.54166,2016-01-28T00:00:00Z,SVP
127060,2015-07-09T04:00:00Z,-30.17584,-45.64936,0.2426,-0.2822,344.54166,2016-01-28T00:00:00Z,SVP
127060,2015-07-09T05:00:00Z,-30.18534,-45.64113,0.2288,-0.2804,253.20834,2016-01-28T00:00:00Z,SVP
127060,2015-07-09T06:00:00Z,-30.19442,-45.63139,0.2076,-0.2876,126.58333,2016-01-28T00:00:00Z,SVP
127060,2015-07-09T07:00:00Z,-30.20373,-45.62508,0.3023,-0.2862,91.33333,2016-01-28T00:00:00Z,SVP
127060,2015-07-09T08:00:00Z,-30.21171,-45.61333,0.3381,-0.2373,161.70833,2016-01-28T00:00:00Z,SVP
127060,2015-07-09T09:00:00Z,-30.2165,-45.60141,0.3167,-0.0512,242.54167,2016-01-28T00:00:00Z,SVP
127060,2015-07-09T10:00:00Z,-30.21845,-45.59041,0.3092,-0.0543,242.54167,2016-01-28T00:00:00Z,SVP
127060,2015-07-09T11:00:00Z,-30.22039,-45.57829,0.337,-0.0827,147.58333,2016-01-28T00:00:00Z,SVP
127060,2015-07-09T12:00:00Z,-30.22356,-45.56584,0.3265,-0.1143,98.416664,2016-01-28T00:00:00Z,SVP
127060,2015-07-09T13:00:00Z,-30.22691,-45.55467,0.2309,-0.0558,140.70834,2016-01-28T00:00:00Z,SVP
127060,2015-07-09T14:00:00Z,-30.22759,-45.54791,0.171,-0.005,537.9166,2016-01-28T00:00:00Z,SVP
127060,2015-07-09T15:00:00Z,-30.22773,-45.54192,0.1729,-0.0047,537.9166,2016-01-28T00:00:00Z,SVP
127060,2015-07-09T16:00:00Z,-30.22817,-45.53583,0.1753,-0.0032,537.9166,2016-01-28T00:00:00Z,SVP
127060,2015-07-09T17:00:00Z,-30.22835,-45.52991,0.1529,0.0243,232.04169,2016-01-28T00:00:00Z,SVP
127060,2015-07-09T18:00:00Z,-30.22694,-45.52288,0.157,0.0229,232.04169,2016-01-28T00:00:00Z,SVP
127060,2015-07-09T19:00:00Z,-30.22673,-45.52194,0.0261,0.0149,144.16667,2016-01-28T00:00:00Z,SVP
127060,2015-07-09T20:00:00Z,-30.22861,-45.51143,0.376,-0.0563,56.25,2016-01-28T00:00:00Z,SVP
127060,2015-07-09T21:00:00Z,-30.22788,-45.50953,-0.0943,0.086,87.91667,2016-01-28T00:00:00Z,SVP
127060,2015-07-09T22:00:00Z,-30.22433,-45.50912,0.1425,0.0464,327.0,2016-01-28T00:00:00Z,SVP
127060,2015-07-09T23:00:00Z,-30.22326,-45.50232,0.1432,0.0448,327.0,2016-01-28T00:00:00Z,SVP
127060,2015-07-10T00:00:00Z,-30.22137,-45.49912,0.2436,0.0094,109.041664,2016-01-28T00:00:00Z,SVP
127060,2015-07-10T01:00:00Z,-30.22129,-45.48884,0.1301,-0.0233,133.66667,2016-01-28T00:00:00Z,SVP
127060,2015-07-10T02:00:00Z,-30.22204,-45.48368,0.1283,-0.0688,379.66666,2016-01-28T00:00:00Z,SVP
127060,2015-07-10T03:00:00Z,-30.22428,-45.47897,0.1286,-0.0696,379.66666,2016-01-28T00:00:00Z,SVP
127060,2015-07-10T04:00:00Z,-30.22602,-45.47469,0.1289,-0.0701,379.66666,2016-01-28T00:00:00Z,SVP
127060,2015-07-10T05:00:00Z,-30.2298,-45.46841,0.1466,-0.0947,242.54167,2016-01-28T00:00:00Z,SVP
127060,2015-07-10T06:00:00Z,-30.23277,-45.46274,0.1592,-0.0986,126.58333,2016-01-28T00:00:00Z,SVP
127060,2015-07-10T07:00:00Z,-30.23587,-45.45721,0.1789,-0.2162,193.33334,2016-01-28T00:00:00Z,SVP
127060,2015-07-10T08:00:00Z,-30.24337,-45.45043,0.1789,-0.2112,193.33334,2016-01-28T00:00:00Z,SVP
127060,2015-07-10T09:00:00Z,-30.25032,-45.44721,0.0337,-0.2268,210.91667,2016-01-28T00:00:00Z,SVP
127060,2015-07-10T10:00:00Z,-30.25798,-45.44806,0.0154,-0.2265,210.91667,2016-01-28T00:00:00Z,SVP
127060,2015-07-10T11:00:00Z,-30.26401,-45.43898,0.2394,-0.1949,158.25,2016-01-28T00:00:00Z,SVP
127060,2015-07-10T12:00:00Z,-30.26787,-45.43028,0.1814,-0.2434,137.08333,2016-01-28T00:00:00Z,SVP
127060,2015-07-10T13:00:00Z,-30.2763,-45.42367,0.1815,-0.231,555.4583,2016-01-28T00:00:00Z,SVP
127060,2015-07-10T14:00:00Z,-30.28349,-45.41675,0.1816,-0.2294,555.4583,2016-01-28T00:00:00Z,SVP
127060,2015-07-10T15:00:00Z,-30.29103,-45.40994,0.1817,-0.2293,555.4583,2016-01-28T00:00:00Z,SVP
127060,2015-07-10T16:00:00Z,-30.29902,-45.40323,0.1818,-0.2303,555.4583,2016-01-28T00:00:00Z,SVP
127060,2015-07-10T17:00:00Z,-30.30549,-45.39584,0.1959,-0.1992,235.50002,2016-01-28T00:00:00Z,SVP
127060,2015-07-10T18:00:00Z,-30.31035,-45.38835,0.1974,-0.1985,235.50002,2016-01-28T00:00:00Z,SVP
127060,2015-07-10T19:00:00Z,-30.31601,-45.38199,0.1763,-0.1517,221.54167,2016-01-28T00:00:00Z,SVP
127060,2015-07-10T20:00:00Z,-30.32027,-45.37569,0.0982,-0.1151,184.5,2016-01-28T00:00:00Z,SVP
127060,2015-07-10T21:00:00Z,-30.32373,-45.37234,0.1136,-0.1097,61.5,2016-01-28T00:00:00Z,SVP
127060,2015-07-10T22:00:00Z,-30.32775,-45.3679,0.1359,-0.1502,467.5417,2016-01-28T00:00:00Z,SVP
127060,2015-07-10T23:00:00Z,-30.33282,-45.36237,0.1374,-0.15,467.5417,2016-01-28T00:00:00Z,SVP
127060,2015-07-11T00:00:00Z,-30.33776,-45.35647,0.1393,-0.1499,467.5417,2016-01-28T00:00:00Z,SVP
127060,2015-07-11T01:00:00Z,-30.34322,-45.35441,-0.0495,-0.1844,126.58333,2016-01-28T00:00:00Z,SVP
127060,2015-07-11T02:00:00Z,-30.35057,-45.3612,0.1476,-0.1635,281.25,2016-01-28T00:00:00Z,SVP
127060,2015-07-11T03:00:00Z,-30.3551,-45.35232,0.1046,-0.1673,281.25,2016-01-28T00:00:00Z,SVP
127060,2015-07-11T04:00:00Z,-30.36078,-45.3496,0.1321,-0.1679,253.20834,2016-01-28T00:00:00Z,SVP
127060,2015-07-11T05:00:00Z,-30.36633,-45.34466,0.1293,-0.169,253.20834,2016-01-28T00:00:00Z,SVP
127060,2015-07-11T06:00:00Z,-30.37327,-45.34182,0.0362,-0.2609,123.0,2016-01-28T00:00:00Z,SVP
127060,2015-07-11T07:00:00Z,-30.38279,-45.34097,0.0066,-0.3195,253.20834,2016-01-28T00:00:00Z,SVP
127060,2015-07-11T08:00:00Z,-30.39266,-45.34022,0.009,-0.319,253.20834,2016-01-28T00:00:00Z,SVP
127060,2015-07-11T09:00:00Z,-30.40582,-45.34366,-0.0498,-0.3763,221.41666,2016-01-28T00:00:00Z,SVP
127060,2015-07-11T10:00:00Z,-30.41676,-45.34366,-0.0304,-0.3485,200.41666,2016-01-28T00:00:00Z,SVP
127060,2015-07-11T11:00:00Z,-30.42801,-45.34576,0.2444,-0.2995,115.958336,2016-01-28T00:00:00Z,SVP
127060,2015-07-11T12:00:00Z,-30.43729,-45.33777,0.0256,-0.3328,130.04166,2016-01-28T00:00:00Z,SVP
127060,2015-07-11T13:00:00Z,-30.44772,-45.33797,-0.0237,-0.341,109.041664,2016-01-28T00:00:00Z,SVP
127060,2015-07-11T14:00:00Z,-30.45961,-45.33133,0.1514,-0.3533,471.16666,2016-01-28T00:00:00Z,SVP
127060,2015-07-11T15:00:00Z,-30.47123,-45.32547,0.1516,-0.3532,471.16666,2016-01-28T00:00:00Z,SVP
127060,2015-07-11T16:00:00Z,-30.48257,-45.32035,0.1542,-0.3538,471.16666,2016-01-28T00:00:00Z,SVP
127060,2015-07-11T17:00:00Z,-30.49374,-45.31453,0.1776,-0.3591,235.50002,2016-01-28T00:00:00Z,SVP
127060,2015-07-11T18:00:00Z,-30.50536,-45.30742,0.0587,-0.1718,393.75,2016-01-28T00:00:00Z,SVP
127060,2015-07-11T19:00:00Z,-30.51019,-45.30654,0.055,-0.1676,393.75,2016-01-28T00:00:00Z,SVP
127060,2015-07-11T20:00:00Z,-30.51573,-45.30592,0.0556,-0.1658,393.75,2016-01-28T00:00:00Z,SVP
127060,2015-07-11T21:00:00Z,-30.51993,-45.3034,0.0512,-0.1204,246.16667,2016-01-28T00:00:00Z,SVP
127060,2015-07-11T22:00:00Z,-30.5228,-45.29963,0.0546,-0.119,246.16667,2016-01-28T00:00:00Z,SVP
127060,2015-07-11T23:00:00Z,-30.52637,-45.29929,0.0343,-0.0896,263.7083,2016-01-28T00:00:00Z,SVP
127060,2015-07-12T00:00:00Z,-30.52993,-45.29804,-0.0314,-0.1102,140.70834,2016-01-28T00:00:00Z,SVP
127060,2015-07-12T01:00:00Z,-30.5329,-45.30009,-0.0743,-0.1394,112.5,2016-01-28T00:00:00Z,SVP
127060,2015-07-12T02:00:00Z,-30.53781,-45.30186,-0.0334,-0.1392,302.4167,2016-01-28T00:00:00Z,SVP
127060,2015-07-12T03:00:00Z,-30.54214,-45.30385,-0.0297,-0.1398,302.4167,2016-01-28T00:00:00Z,SVP
127060,2015-07-12T04:00:00Z,-30.54702,-45.30615,-0.0474,-0.167,253.20834,2016-01-28T00:00:00Z,SVP
127060,2015-07-12T05:00:00Z,-30.5516,-45.30544,-0.0615,-0.1755,253.20834,2016-01-28T00:00:00Z,SVP
127060,2015-07-12T06:00:00Z,-30.55806,-45.30768,-0.0658,-0.2282,365.70834,2016-01-28T00:00:00Z,SVP
127060,2015-07-12T07:00:00Z,-30.5655,-45.31185,-0.0742,-0.2289,365.70834,2016-01-28T00:00:00Z,SVP
127060,2015-07-12T08:00:00Z,-30.57266,-45.31456,0.0086,-0.2389,182.83333,2016-01-28T00:00:00Z,SVP
127060,2015-07-12T09:00:00Z,-30.58131,-45.31158,0.0665,-0.2452,0.0,2016-01-28T00:00:00Z,SVP
127060,2015-07-12T10:00:00Z,-30.58725,-45.3151,-0.0973,-0.1854,182.83333,2016-01-28T00:00:00Z,SVP
127060,2015-07-12T11:00:00Z,-30.59268,-45.31764,-0.0638,-0.1709,80.83333,2016-01-28T00:00:00Z,SVP
127060,2015-07-12T12:00:00Z,-30.59755,-45.32586,-0.1279,-0.1382,144.16667,2016-01-28T00:00:00Z,SVP
127060,2015-07-12T13:00:00Z,-30.60155,-45.32365,0.0597,-0.1337,833.24994,2016-01-28T00:00:00Z,SVP
127060,2015-07-12T14:00:00Z,-30.60594,-45.32006,0.0543,-0.1336,833.24994,2016-01-28T00:00:00Z,SVP
127060,2015-07-12T15:00:00Z,-30.61039,-45.31176,0.0121,-0.1334,833.24994,2016-01-28T00:00:00Z,SVP
127060,2015-07-12T16:00:00Z,-30.61491,-45.31084,0.0086,-0.133,833.24994,2016-01-28T00:00:00Z,SVP
127060,2015-07-12T17:00:00Z,-30.61958,-45.31029,0.0065,-0.1322,833.24994,2016-01-28T00:00:00Z,SVP
127060,2015-07-12T18:00:00Z,-30.62452,-45.31024,-0.0078,-0.139,358.6667,2016-01-28T00:00:00Z,SVP
127060,2015-07-12T19:00:00Z,-30.62835,-45.31061,-0.0079,-0.1386,358.6667,2016-01-28T00:00:00Z,SVP
127060,2015-07-12T20:00:00Z,-30.63127,-45.3105,-0.0126,-0.1377,358.6667,2016-01-28T00:00:00Z,SVP
127060,2015-07-12T21:00:00Z,-30.63829,-45.31144,-0.0139,-0.1788,253.20834,2016-01-28T00:00:00Z,SVP
127060,2015-07-12T22:00:00Z,-30.64396,-45.31425,-0.1023,-0.1577,277.66666,2016-01-28T00:00:00Z,SVP
127060,2015-07-12T23:00:00Z,-30.64681,-45.31854,-0.1077,-0.1069,277.66666,2016-01-28T00:00:00Z,SVP
127060,2015-07-13T00:00:00Z,-30.64965,-45.32404,-0.1602,-0.0719,126.58333,2016-01-28T00:00:00Z,SVP
127060,2015-07-13T01:00:00Z,-30.65275,-45.33123,-0.234,-0.0908,109.041664,2016-01-28T00:00:00Z,SVP
127060,2015-07-13T02:00:00Z,-30.65985,-45.33072,0.0014,-0.2336,337.5,2016-01-28T00:00:00Z,SVP
127060,2015-07-13T03:00:00Z,-30.65796,-45.33081,0.0047,-0.1117,337.5,2016-01-28T00:00:00Z,SVP
127060,2015-07-13T04:00:00Z,-30.66716,-45.33032,0.0406,-0.4099,256.66666,2016-01-28T00:00:00Z,SVP
127060,2015-07-13T05:00:00Z,-30.68373,-45.32804,0.0393,-0.3565,256.66666,2016-01-28T00:00:00Z,SVP
127060,2015-07-13T06:00:00Z,-30.69417,-45.3268,0.0412,-0.3584,330.45834,2016-01-28T00:00:00Z,SVP
127060,2015-07-13T07:00:00Z,-30.70562,-45.32584,0.0407,-0.3556,330.45834,2016-01-28T00:00:00Z,SVP
127060,2015-07-13T08:00:00Z,-30.71358,-45.32315,0.0597,-0.2401,165.29167,2016-01-28T00:00:00Z,SVP
127060,2015-07-13T09:00:00Z,-30.72067,-45.32115,0.0536,-0.212,80.83333,2016-01-28T00:00:00Z,SVP
127060,2015-07-13T10:00:00Z,-30.72778,-45.32041,0.0113,-0.2171,179.41666,2016-01-28T00:00:00Z,SVP
127060,2015-07-13T11:00:00Z,-30.73464,-45.29957,-0.2083,-0.2546,123.0,2016-01-28T00:00:00Z,SVP
127060,2015-07-13T12:00:00Z,-30.74419,-45.30793,-0.0896,-0.1273,112.5,2016-01-28T00:00:00Z,SVP
127060,2015-07-13T13:00:00Z,-30.74846,-45.30485,0.1132,-0.1435,1079.25,2016-01-28T00:00:00Z,SVP
127060,2015-07-13T14:00:00Z,-30.75357,-45.30012,0.1141,-0.146,1079.25,2016-01-28T00:00:00Z,SVP
127060,2015-07-13T15:00:00Z,-30.75847,-45.29563,0.1145,-0.1468,1079.25,2016-01-28T00:00:00Z,SVP
127060,2015-07-13T16:00:00Z,-30.76329,-45.29119,0.1147,-0.1471,1079.25,2016-01-28T00:00:00Z,SVP
127060,2015-07-13T17:00:00Z,-30.76806,-45.28677,0.1149,-0.1471,1079.25,2016-01-28T00:00:00Z,SVP
127060,2015-07-13T18:00:00Z,-30.77273,-45.28231,0.1151,-0.1469,1079.25,2016-01-28T00:00:00Z,SVP
127060,2015-07-13T19:00:00Z,-30.77708,-45.2777,0.1154,-0.1459,1079.25,2016-01-28T00:00:00Z,SVP
127060,2015-07-13T20:00:00Z,-30.78412,-45.27498,0.1026,-0.184,63.291664,2016-01-28T00:00:00Z,SVP
127060,2015-07-13T21:00:00Z,-30.79236,-45.27225,0.0564,-0.3144,186.29166,2016-01-28T00:00:00Z,SVP
127060,2015-07-13T22:00:00Z,-30.79991,-45.26934,-0.0119,-0.0857,358.6667,2016-01-28T00:00:00Z,SVP
127060,2015-07-13T23:00:00Z,-30.80176,-45.27044,-0.008,-0.0929,358.6667,2016-01-28T00:00:00Z,SVP
127060,2015-07-14T00:00:00Z,-30.80441,-45.27044,-0.0151,-0.0969,358.6667,2016-01-28T00:00:00Z,SVP
127060,2015-07-14T01:00:00Z,-30.80886,-45.27163,0.0396,-0.1727,137.08333,2016-01-28T00:00:00Z,SVP
127060,2015-07-14T02:00:00Z,-30.81093,-45.26808,0.0823,-0.2178,471.16666,2016-01-28T00:00:00Z,SVP
127060,2015-07-14T03:00:00Z,-30.81948,-45.26567,0.0791,-0.2123,471.16666,2016-01-28T00:00:00Z,SVP
127060,2015-07-14T04:00:00Z,-30.82728,-45.25304,0.1835,-0.2079,471.16666,2016-01-28T00:00:00Z,SVP
127060,2015-07-14T05:00:00Z,-30.83557,-45.24436,-0.1954,-0.2464,295.33334,2016-01-28T00:00:00Z,SVP
127060,2015-07-14T06:00:00Z,-30.84192,-45.25173,-0.1972,-0.2417,295.33334,2016-01-28T00:00:00Z,SVP
127060,2015-07-14T07:00:00Z,-30.84739,-45.2582,-0.2015,-0.4263,84.458336,2016-01-28T00:00:00Z,SVP
127060,2015-07-14T08:00:00Z,-30.86182,-45.25964,0.1761,-0.4061,161.70833,2016-01-28T00:00:00Z,SVP
127060,2015-07-14T09:00:00Z,-30.87217,-45.25283,0.2072,-0.2553,151.20834,2016-01-28T00:00:00Z,SVP
127060,2015-07-14T10:00:00Z,-30.88223,-45.24465,0.222,-0.1272,281.25,2016-01-28T00:00:00Z,SVP
127060,2015-07-14T11:00:00Z,-30.88677,-45.23704,0.2302,-0.1127,281.25,2016-01-28T00:00:00Z,SVP
127060,2015-07-14T12:00:00Z,-30.88934,-45.22766,0.2738,-0.0358,246.16667,2016-01-28T00:00:00Z,SVP
127060,2015-07-14T13:00:00Z,-30.88977,-45.2158,0.2844,-0.0373,246.16667,2016-01-28T00:00:00Z,SVP
127060,2015-07-14T14:00:00Z,-30.89128,-45.21377,0.0701,-0.0327,646.9583,2016-01-28T00:00:00Z,SVP
127060,2015-07-14T15:00:00Z,-30.89251,-45.21749,0.106,-0.0327,646.9583,2016-01-28T00:00:00Z,SVP
127060,2015-07-14T16:00:00Z,-30.89367,-45.21416,0.1079,-0.0326,646.9583,2016-01-28T00:00:00Z,SVP
127060,2015-07-14T17:00:00Z,-30.89486,-45.21073,0.1092,-0.0326,646.9583,2016-01-28T00:00:00Z,SVP
127060,2015-07-14T18:00:00Z,-30.89555,-45.20639,0.0814,-0.0286,372.5833,2016-01-28T00:00:00Z,SVP
127060,2015-07-14T19:00:00Z,-30.89631,-45.20115,0.077,-0.0282,372.5833,2016-01-28T00:00:00Z,SVP
127060,2015-07-14T20:00:00Z,-30.89781,-45.19774,0.003,-0.0413,137.08333,2016-01-28T00:00:00Z,SVP
127060,2015-07-14T21:00:00Z,-30.90013,-45.19987,-0.0377,-0.1623,102.0,2016-01-28T00:00:00Z,SVP
127060,2015-07-14T22:00:00Z,-30.90566,-45.20052,-0.0057,-0.209,358.6667,2016-01-28T00:00:00Z,SVP
127060,2015-07-14T23:00:00Z,-30.9119,-45.20194,0.0016,-0.2106,358.6667,2016-01-28T00:00:00Z,SVP
127060,2015-07-15T00:00:00Z,-30.91852,-45.20246,0.0389,-0.2707,105.458336,2016-01-28T00:00:00Z,SVP
127060,2015-07-15T01:00:00Z,-30.92798,-45.1996,0.075,-0.269,130.04166,2016-01-28T00:00:00Z,SVP
127060,2015-07-15T02:00:00Z,-30.93628,-45.19573,0.1591,-0.2281,506.25,2016-01-28T00:00:00Z,SVP
127060,2015-07-15T03:00:00Z,-30.94361,-45.1895,0.1601,-0.228,506.25,2016-01-28T00:00:00Z,SVP
127060,2015-07-15T04:00:00Z,-30.95095,-45.18408,0.1598,-0.228,506.25,2016-01-28T00:00:00Z,SVP
127060,2015-07-15T05:00:00Z,-30.95804,-45.18065,0.1662,-0.2194,372.5833,2016-01-28T00:00:00Z,SVP
127060,2015-07-15T06:00:00Z,-30.96514,-45.17154,0.1739,-0.2192,372.5833,2016-01-28T00:00:00Z,SVP
127060,2015-07-15T07:00:00Z,-30.97252,-45.16402,0.1748,-0.2193,372.5833,2016-01-28T00:00:00Z,SVP
127060,2015-07-15T08:00:00Z,-30.97451,-45.15806,0.1927,0.0511,126.58333,2016-01-28T00:00:00Z,SVP
127060,2015-07-15T09:00:00Z,-30.96926,-45.1478,0.2262,-0.1745,281.25,2016-01-28T00:00:00Z,SVP
127060,2015-07-15T10:00:00Z,-30.97649,-45.14166,0.2464,-0.1458,281.25,2016-01-28T00:00:00Z,SVP
127060,2015-07-15T11:00:00Z,-30.9809,-45.13476,0.8879,-0.1705,52.791668,2016-01-28T00:00:00Z,SVP
127060,2015-07-15T12:00:00Z,-30.98168,-45.11778,-0.026,0.0755,133.66667,2016-01-28T00:00:00Z,SVP
127060,2015-07-15T13:00:00Z,-30.97988,-45.11962,-0.0247,0.0794,671.5417,2016-01-28T00:00:00Z,SVP
127060,2015-07-15T14:00:00Z,-30.97718,-45.12019,-0.0254,0.0795,671.5417,2016-01-28T00:00:00Z,SVP
127060,2015-07-15T15:00:00Z,-30.97448,-45.121,-0.0259,0.0794,671.5417,2016-01-28T00:00:00Z,SVP
127060,2015-07-15T16:00:00Z,-30.97173,-45.12188,-0.0262,0.0793,671.5417,2016-01-28T00:00:00Z,SVP
127060,2015-07-15T17:00:00Z,-30.96877,-45.12278,-0.0266,0.079,671.5417,2016-01-28T00:00:00Z,SVP
127060,2015-07-15T18:00:00Z,-30.96808,-45.12519,-0.0429,0.0225,242.54167,2016-01-28T00:00:00Z,SVP
127060,2015-07-15T19:00:00Z,-30.96809,-45.12809,-0.134,-0.0427,130.04166,2016-01-28T00:00:00Z,SVP
127060,2015-07-15T20:00:00Z,-30.97005,-45.13486,-0.2267,-0.0669,87.91667,2016-01-28T00:00:00Z,SVP
127060,2015-07-15T21:00:00Z,-30.97126,-45.14401,-0.2473,-0.0244,154.66667,2016-01-28T00:00:00Z,SVP
127060,2015-07-15T22:00:00Z,-30.97269,-45.15338,-0.241,-0.0558,112.5,2016-01-28T00:00:00Z,SVP
127060,2015-07-15T23:00:00Z,-30.98316,-45.15188,-0.0483,-0.2631,323.41666,2016-01-28T00:00:00Z,SVP
127060,2015-07-16T00:00:00Z,-30.99203,-45.15284,-0.0548,-0.2596,323.41666,2016-01-28T00:00:00Z,SVP
127060,2015-07-16T01:00:00Z,-31.00071,-45.15655,-0.1479,-0.3084,137.08333,2016-01-28T00:00:00Z,SVP
127060,2015-07-16T02:00:00Z,-31.01046,-45.16596,0.0684,-0.1549,386.70834,2016-01-28T00:00:00Z,SVP
127060,2015-07-16T03:00:00Z,-31.01389,-45.15793,0.0213,-0.1633,386.70834,2016-01-28T00:00:00Z,SVP
127060,2015-07-16T04:00:00Z,-31.01933,-45.15749,0.0241,-0.1615,386.70834,2016-01-28T00:00:00Z,SVP
127060,2015-07-16T05:00:00Z,-31.02498,-45.15777,0.0444,-0.1323,386.70834,2016-01-28T00:00:00Z,SVP
127060,2015-07-16T06:00:00Z,-31.02936,-45.15626,0.0436,-0.1322,386.70834,2016-01-28T00:00:00Z,SVP
127060,2015-07-16T07:00:00Z,-31.03354,-45.15376,0.0377,-0.133,386.70834,2016-01-28T00:00:00Z,SVP
127060,2015-07-16T08:00:00Z,-31.03885,-45.15425,0.0265,-0.1786,115.958336,2016-01-28T00:00:00Z,SVP
127060,2015-07-16T09:00:00Z,-31.04406,-45.15274,0.0457,-0.1379,123.0,2016-01-28T00:00:00Z,SVP
127060,2015-07-16T10:00:00Z,-31.0476,-45.15041,0.0769,-0.0847,130.04166,2016-01-28T00:00:00Z,SVP
127060,2015-07-16T11:00:00Z,-31.05085,-45.14832,0.0592,-0.0972,182.83333,2016-01-28T00:00:00Z,SVP
127060,2015-07-16T12:00:00Z,-31.05359,-45.14881,-0.065,-0.087,140.70834,2016-01-28T00:00:00Z,SVP
127060,2015-07-16T13:00:00Z,-31.0547,-45.15025,0.02,-0.0217,115.958336,2016-01-28T00:00:00Z,SVP
127060,2015-07-16T14:00:00Z,-31.05571,-45.15005,0.0356,-0.021,583.6666,2016-01-28T00:00:00Z,SVP
127060,2015-07-16T15:00:00Z,-31.05644,-45.14786,0.0352,-0.021,583.6666,2016-01-28T00:00:00Z,SVP
127060,2015-07-16T16:00:00Z,-31.05709,-45.14586,0.0343,-0.0211,583.6666,2016-01-28T00:00:00Z,SVP
127060,2015-07-16T17:00:00Z,-31.05767,-45.14367,0.0318,-0.0217,583.6666,2016-01-28T00:00:00Z,SVP
127060,2015-07-16T18:00:00Z,-31.05844,-45.14616,-0.0812,-0.0255,239.08334,2016-01-28T00:00:00Z,SVP
127060,2015-07-16T19:00:00Z,-31.06004,-45.15064,-0.129,-0.0468,147.58333,2016-01-28T00:00:00Z,SVP
127060,2015-07-16T20:00:00Z,-31.06233,-45.15807,-0.2346,-0.0834,73.791664,2016-01-28T00:00:00Z,SVP
127060,2015-07-16T21:00:00Z,-31.06547,-45.16524,-0.1829,-0.1249,168.75,2016-01-28T00:00:00Z,SVP
127060,2015-07-16T22:00:00Z,-31.0712,-45.16959,-0.1057,-0.1869,312.91666,2016-01-28T00:00:00Z,SVP
127060,2015-07-16T23:00:00Z,-31.07664,-45.17444,-0.1118,-0.1833,312.91666,2016-01-28T00:00:00Z,SVP
127060,2015-07-17T00:00:00Z,-31.08343,-45.18042,-0.1647,-0.2053,133.66667,2016-01-28T00:00:00Z,SVP
127060,2015-07-17T01:00:00Z,-31.08997,-45.18386,-0.0594,-0.2037,112.5,2016-01-28T00:00:00Z,SVP
127060,2015-07-17T02:00:00Z,-31.09906,-45.19135,0.0319,-0.1389,411.2917,2016-01-28T00:00:00Z,SVP
127060,2015-07-17T03:00:00Z,-31.10323,-45.18997,0.0318,-0.1403,411.2917,2016-01-28T00:00:00Z,SVP
127060,2015-07-17T04:00:00Z,-31.10785,-45.18899,0.0345,-0.1387,411.2917,2016-01-28T00:00:00Z,SVP
127060,2015-07-17T05:00:00Z,-31.11274,-45.18771,0.0401,-0.138,256.66666,2016-01-28T00:00:00Z,SVP
127060,2015-07-17T06:00:00Z,-31.1167,-45.18524,0.042,-0.1377,256.66666,2016-01-28T00:00:00Z,SVP
127060,2015-07-17T07:00:00Z,-31.12269,-45.185,0.0427,-0.1485,70.333336,2016-01-28T00:00:00Z,SVP
127060,2015-07-17T08:00:00Z,-31.12805,-45.18304,0.0567,-0.1672,172.20833,2016-01-28T00:00:00Z,SVP
127060,2015-07-17T09:00:00Z,-31.13437,-45.18124,0.0379,-0.1948,80.83333,2016-01-28T00:00:00Z,SVP
127060,2015-07-17T10:00:00Z,-31.13794,-45.17866,0.0884,-0.0618,221.54167,2016-01-28T00:00:00Z,SVP
127060,2015-07-17T11:00:00Z,-31.14031,-45.17361,0.1064,-0.0631,221.54167,2016-01-28T00:00:00Z,SVP
127060,2015-07-17T12:00:00Z,-31.13908,-45.1864,-0.1006,0.0169,140.70834,2016-01-28T00:00:00Z,SVP
127060,2015-07-17T13:00:00Z,-31.13852,-45.19001,-0.04,-0.0747,597.5834,2016-01-28T00:00:00Z,SVP
127060,2015-07-17T14:00:00Z,-31.1413,-45.19148,-0.0401,-0.0737,597.5834,2016-01-28T00:00:00Z,SVP
127060,2015-07-17T15:00:00Z,-31.14383,-45.193,-0.04,-0.0733,597.5834,2016-01-28T00:00:00Z,SVP
127060,2015-07-17T16:00:00Z,-31.14632,-45.19455,-0.0399,-0.0727,597.5834,2016-01-28T00:00:00Z,SVP
127060,2015-07-17T17:00:00Z,-31.14905,-45.19588,-0.028,-0.0903,242.54167,2016-01-28T00:00:00Z,SVP
127060,2015-07-17T18:00:00Z,-31.15164,-45.19665,-0.0258,-0.0889,242.54167,2016-01-28T00:00:00Z,SVP
127060,2015-07-17T19:00:00Z,-31.15633,-45.19768,-0.0238,-0.1267,123.0,2016-01-28T00:00:00Z,SVP
127060,2015-07-17T20:00:00Z,-31.15996,-45.20002,-0.0902,-0.0779,172.20833,2016-01-28T00:00:00Z,SVP
127060,2015-07-17T21:00:00Z,-31.16279,-45.20329,-0.0264,-0.1564,66.75,2016-01-28T00:00:00Z,SVP
127060,2015-07-17T22:00:00Z,-31.16814,-45.20372,-0.008,-0.1772,330.45834,2016-01-28T00:00:00Z,SVP
127060,2015-07-17T23:00:00Z,-31.17455,-45.20352,-0.0043,-0.1833,330.45834,2016-01-28T00:00:00Z,SVP
127060,2015-07-18T00:00:00Z,-31.17972,-45.20456,-0.0257,-0.1645,130.04166,2016-01-28T00:00:00Z,SVP
127060,2015-07-18T01:00:00Z,-31.18503,-45.2052,0.0397,-0.1134,119.54167,2016-01-28T00:00:00Z,SVP
127060,2015-07-18T02:00:00Z,-31.18821,-45.20354,0.0571,-0.1045,435.91666,2016-01-28T00:00:00Z,SVP
127060,2015-07-18T03:00:00Z,-31.19141,-45.20158,0.0577,-0.1053,435.91666,2016-01-28T00:00:00Z,SVP
127060,2015-07-18T04:00:00Z,-31.19492,-45.19981,0.0591,-0.104,435.91666,2016-01-28T00:00:00Z,SVP
127060,2015-07-18T05:00:00Z,-31.19816,-45.19722,0.0613,-0.0901,263.7083,2016-01-28T00:00:00Z,SVP
127060,2015-07-18T06:00:00Z,-31.20075,-45.19404,0.0842,-0.0715,138.91666,2016-01-28T00:00:00Z,SVP
127060,2015-07-18T07:00:00Z,-31.20309,-45.19166,0.131,-0.0206,233.83334,2016-01-28T00:00:00Z,SVP
127060,2015-07-18T08:00:00Z,-31.20354,-45.18614,0.1336,-0.0175,233.83334,2016-01-28T00:00:00Z,SVP
127060,2015-07-18T09:00:00Z,-31.20311,-45.17965,0.1812,0.0114,123.0,2016-01-28T00:00:00Z,SVP
127060,2015-07-18T10:00:00Z,-31.20284,-45.18417,-0.0698,0.0107,372.5833,2016-01-28T00:00:00Z,SVP
127060,2015-07-18T11:00:00Z,-31.20288,-45.18756,-0.059,0.0106,372.5833,2016-01-28T00:00:00Z,SVP
127060,2015-07-18T12:00:00Z,-31.20263,-45.18972,-0.0957,-0.0038,123.0,2016-01-28T00:00:00Z,SVP
127060,2015-07-18T13:00:00Z,-31.20192,-45.19007,0.0172,0.0022,632.8333,2016-01-28T00:00:00Z,SVP
127060,2015-07-18T14:00:00Z,-31.20225,-45.18917,0.0178,0.0019,632.8333,2016-01-28T00:00:00Z,SVP
127060,2015-07-18T15:00:00Z,-31.20249,-45.1886,0.0179,0.0017,632.8333,2016-01-28T00:00:00Z,SVP
127060,2015-07-18T16:00:00Z,-31.20291,-45.1884,0.0178,0.0014,632.8333,2016-01-28T00:00:00Z,SVP
127060,2015-07-18T17:00:00Z,-31.20298,-45.18829,0.037,0.0278,232.04169,2016-01-28T00:00:00Z,SVP
127060,2015-07-18T18:00:00Z,-31.20099,-45.18531,0.0385,0.0177,232.04169,2016-01-28T00:00:00Z,SVP
127060,2015-07-18T19:00:00Z,-31.19943,-45.18445,0.0531,0.0617,126.58333,2016-01-28T00:00:00Z,SVP
127060,2015-07-18T20:00:00Z,-31.19747,-45.18163,0.0474,0.0581,193.33334,2016-01-28T00:00:00Z,SVP
127060,2015-07-18T21:00:00Z,-31.19608,-45.182,-0.1181,-0.0358,495.75,2016-01-28T00:00:00Z,SVP
127060,2015-07-18T22:00:00Z,-31.19698,-45.18647,-0.1178,-0.0353,495.75,2016-01-28T00:00:00Z,SVP
127060,2015-07-18T23:00:00Z,-31.19756,-45.19118,-0.1168,-0.0342,495.75,2016-01-28T00:00:00Z,SVP
127060,2015-07-19T00:00:00Z,-31.1979,-45.19603,-0.1149,-0.0345,495.75,2016-01-28T00:00:00Z,SVP
127060,2015-07-19T01:00:00Z,-31.20125,-45.19901,-0.0829,-0.1012,573.0,2016-01-28T00:00:00Z,SVP
127060,2015-07-19T02:00:00Z,-31.20485,-45.2019,-0.0808,-0.1005,573.0,2016-01-28T00:00:00Z,SVP
127060,2015-07-19T03:00:00Z,-31.20817,-45.20548,-0.0827,-0.1006,573.0,2016-01-28T00:00:00Z,SVP
127060,2015-07-19T04:00:00Z,-31.211,-45.2103,0.0318,-0.1128,267.16666,2016-01-28T00:00:00Z,SVP
127060,2015-07-19T05:00:00Z,-31.21511,-45.20829,0.021,-0.1133,267.16666,2016-01-28T00:00:00Z,SVP
127060,2015-07-19T06:00:00Z,-31.21928,-45.20625,0.1185,-0.1387,115.958336,2016-01-28T00:00:00Z,SVP
127060,2015-07-19T07:00:00Z,-31.22431,-45.20175,0.1359,-0.1862,253.20834,2016-01-28T00:00:00Z,SVP
127060,2015-07-19T08:00:00Z,-31.23064,-45.19363,0.1685,-0.1876,253.20834,2016-01-28T00:00:00Z,SVP
127060,2015-07-19T09:00:00Z,-31.23574,-45.19628,-0.0442,-0.0951,253.20834,2016-01-28T00:00:00Z,SVP
127060,2015-07-19T10:00:00Z,-31.2396,-45.19799,-0.0387,-0.1016,253.20834,2016-01-28T00:00:00Z,SVP
127060,2015-07-19T11:00:00Z,-31.23652,-45.19686,0.0927,0.0455,147.58333,2016-01-28T00:00:00Z,SVP
127060,2015-07-19T12:00:00Z,-31.2353,-45.19295,0.1149,0.0283,256.66666,2016-01-28T00:00:00Z,SVP
127060,2015-07-19T13:00:00Z,-31.23406,-45.18761,0.1184,0.0123,256.66666,2016-01-28T00:00:00Z,SVP
127060,2015-07-19T14:00:00Z,-31.23591,-45.18757,0.0268,-0.0428,520.3334,2016-01-28T00:00:00Z,SVP
127060,2015-07-19T15:00:00Z,-31.23774,-45.1876,0.0277,-0.0433,520.3334,2016-01-28T00:00:00Z,SVP
127060,2015-07-19T16:00:00Z,-31.23969,-45.18786,0.0324,-0.0436,520.3334,2016-01-28T00:00:00Z,SVP
127060,2015-07-19T17:00:00Z,-31.24076,-45.18564,0.0407,-0.0425,235.66666,2016-01-28T00:00:00Z,SVP
127060,2015-07-19T18:00:00Z,-31.24104,-45.18249,0.0353,-0.0418,235.66666,2016-01-28T00:00:00Z,SVP
127060,2015-07-19T19:00:00Z,-31.24347,-45.18203,0.0426,-0.0517,256.66666,2016-01-28T00:00:00Z,SVP
127060,2015-07-19T20:00:00Z,-31.2452,-45.18298,-0.0849,-0.0705,105.458336,2016-01-28T00:00:00Z,SVP
127060,2015-07-19T21:00:00Z,-31.24759,-45.18711,-0.0807,-0.0766,154.66667,2016-01-28T00:00:00Z,SVP
127060,2015-07-19T22:00:00Z,-31.25006,-45.18785,0.0469,-0.1076,442.95834,2016-01-28T00:00:00Z,SVP
127060,2015-07-19T23:00:00Z,-31.25384,-45.18579,0.0468,-0.1068,442.95834,2016-01-28T00:00:00Z,SVP
127060,2015-07-20T00:00:00Z,-31.25741,-45.18318,0.047,-0.1065,442.95834,2016-01-28T00:00:00Z,SVP
127060,2015-07-20T01:00:00Z,-31.26092,-45.18262,0.022,-0.1211,147.58333,2016-01-28T00:00:00Z,SVP
127060,2015-07-20T02:00:00Z,-31.26515,-45.18186,0.0215,-0.1442,355.0417,2016-01-28T00:00:00Z,SVP
127060,2015-07-20T03:00:00Z,-31.26966,-45.18095,0.0217,-0.1448,355.0417,2016-01-28T00:00:00Z,SVP
127060,2015-07-20T04:00:00Z,-31.27423,-45.18013,0.0461,-0.1736,249.58333,2016-01-28T00:00:00Z,SVP
127060,2015-07-20T05:00:00Z,-31.2802,-45.17827,0.0481,-0.1756,249.58333,2016-01-28T00:00:00Z,SVP
127060,2015-07-20T06:00:00Z,-31.28557,-45.17375,0.1622,-0.1791,348.0,2016-01-28T00:00:00Z,SVP
127060,2015-07-20T07:00:00Z,-31.29236,-45.16679,0.1602,-0.1894,348.0,2016-01-28T00:00:00Z,SVP
127060,2015-07-20T08:00:00Z,-31.29935,-45.16097,0.1584,-0.1813,246.16667,2016-01-28T00:00:00Z,SVP
127060,2015-07-20T09:00:00Z,-31.30172,-45.15627,0.1486,-0.1563,246.16667,2016-01-28T00:00:00Z,SVP
127060,2015-07-20T10:00:00Z,-31.30852,-45.15832,0.2517,0.0363,298.7917,2016-01-28T00:00:00Z,SVP
127060,2015-07-20T11:00:00Z,-31.30651,-45.14382,0.1903,0.0266,298.7917,2016-01-28T00:00:00Z,SVP
127060,2015-07-20T12:00:00Z,-31.30601,-45.13142,-0.0495,0.0567,130.04166,2016-01-28T00:00:00Z,SVP
127060,2015-07-20T13:00:00Z,-31.30434,-45.13314,-0.0328,0.0342,544.9583,2016-01-28T00:00:00Z,SVP
127060,2015-07-20T14:00:00Z,-31.30322,-45.13438,-0.0326,0.0341,544.9583,2016-01-28T00:00:00Z,SVP
127060,2015-07-20T15:00:00Z,-31.30203,-45.13578,-0.0326,0.0341,544.9583,2016-01-28T00:00:00Z,SVP
127060,2015-07-20T16:00:00Z,-31.30062,-45.13773,-0.033,0.0339,544.9583,2016-01-28T00:00:00Z,SVP
127060,2015-07-20T17:00:00Z,-31.30043,-45.13765,-0.0162,0.0173,235.66666,2016-01-28T00:00:00Z,SVP
127060,2015-07-20T18:00:00Z,-31.3001,-45.1385,-0.0576,-0.0485,217.95833,2016-01-28T00:00:00Z,SVP
127060,2015-07-20T19:00:00Z,-31.30274,-45.14067,-0.0624,-0.0515,217.95833,2016-01-28T00:00:00Z,SVP
127060,2015-07-20T20:00:00Z,-31.30284,-45.14503,-0.1037,-0.0254,115.958336,2016-01-28T00:00:00Z,SVP
127060,2015-07-20T21:00:00Z,-31.30487,-45.1488,-0.1182,-0.0721,133.66667,2016-01-28T00:00:00Z,SVP
127060,2015-07-20T22:00:00Z,-31.30993,-45.15112,0.0216,-0.1618,351.58334,2016-01-28T00:00:00Z,SVP
127060,2015-07-20T23:00:00Z,-31.315,-45.14971,0.0209,-0.1618,351.58334,2016-01-28T00:00:00Z,SVP
127060,2015-07-21T00:00:00Z,-31.3203,-45.14819,0.0181,-0.1611,351.58334,2016-01-28T00:00:00Z,SVP
127060,2015-07-21T01:00:00Z,-31.32591,-45.15009,-0.0267,-0.1731,140.70834,2016-01-28T00:00:00Z,SVP
127060,2015-07-21T02:00:00Z,-31.33774,-45.15726,0.0999,-0.1402,263.7083,2016-01-28T00:00:00Z,SVP
127060,2015-07-21T03:00:00Z,-31.33984,-45.15069,0.0614,-0.1746,263.7083,2016-01-28T00:00:00Z,SVP
127060,2015-07-21T04:00:00Z,-31.34602,-45.14912,0.1164,-0.1517,253.20834,2016-01-28T00:00:00Z,SVP
127060,2015-07-21T05:00:00Z,-31.35111,-45.14518,0.1195,-0.1512,253.20834,2016-01-28T00:00:00Z,SVP
127060,2015-07-21T06:00:00Z,-31.35589,-45.14045,0.1209,-0.1583,305.83334,2016-01-28T00:00:00Z,SVP
127060,2015-07-21T07:00:00Z,-31.36109,-45.13567,0.1216,-0.1581,305.83334,2016-01-28T00:00:00Z,SVP
127060,2015-07-21T08:00:00Z,-31.36467,-45.12975,0.1904,-0.0708,182.83333,2016-01-28T00:00:00Z,SVP
127060,2015-07-21T09:00:00Z,-31.36779,-45.12287,0.1912,-0.0705,182.83333,2016-01-28T00:00:00Z,SVP
127060,2015-07-21T10:00:00Z,-31.36868,-45.11597,0.1824,-0.0325,362.08334,2016-01-28T00:00:00Z,SVP
127060,2015-07-21T11:00:00Z,-31.36993,-45.10842,0.1844,-0.0315,362.08334,2016-01-28T00:00:00Z,SVP
127060,2015-07-21T12:00:00Z,-31.36748,-45.10592,-0.0281,0.1715,144.16667,2016-01-28T00:00:00Z,SVP
127060,2015-07-21T13:00:00Z,-31.35881,-45.10897,-0.0949,0.262,112.5,2016-01-28T00:00:00Z,SVP
127060,2015-07-21T14:00:00Z,-31.35725,-45.11232,-0.0936,0.0618,991.3334,2016-01-28T00:00:00Z,SVP
127060,2015-07-21T15:00:00Z,-31.35579,-45.11592,-0.0935,0.0637,991.3334,2016-01-28T00:00:00Z,SVP
127060,2015-07-21T16:00:00Z,-31.35393,-45.1195,-0.0935,0.0646,991.3334,2016-01-28T00:00:00Z,SVP
127060,2015-07-21T17:00:00Z,-31.35192,-45.12309,-0.0934,0.0649,991.3334,2016-01-28T00:00:00Z,SVP
127060,2015-07-21T18:00:00Z,-31.34983,-45.1267,-0.0933,0.0649,991.3334,2016-01-28T00:00:00Z,SVP
127060,2015-07-21T19:00:00Z,-31.34767,-45.13037,-0.0931,0.0644,991.3334,2016-01-28T00:00:00Z,SVP
127060,2015-07-21T20:00:00Z,-31.34632,-45.13335,-0.0706,0.0082,87.91667,2016-01-28T00:00:00Z,SVP
127060,2015-07-21T21:00:00Z,-31.34829,-45.13457,-0.0049,-0.1065,154.66667,2016-01-28T00:00:00Z,SVP
127060,2015-07-21T22:00:00Z,-31.35192,-45.13517,-0.0104,-0.1545,372.5833,2016-01-28T00:00:00Z,SVP
127060,2015-07-21T23:00:00Z,-31.35657,-45.13482,-0.0095,-0.1551,372.5833,2016-01-28T00:00:00Z,SVP
127060,2015-07-22T00:00:00Z,-31.36105,-45.13437,0.0027,-0.1851,235.50002,2016-01-28T00:00:00Z,SVP
127060,2015-07-22T01:00:00Z,-31.36949,-45.14574,-0.2421,-0.1907,235.50002,2016-01-28T00:00:00Z,SVP
127060,2015-07-22T02:00:00Z,-31.37547,-45.14772,0.0955,-0.1586,559.0417,2016-01-28T00:00:00Z,SVP
127060,2015-07-22T03:00:00Z,-31.37968,-45.13481,0.0116,-0.1605,559.0417,2016-01-28T00:00:00Z,SVP
127060,2015-07-22T04:00:00Z,-31.38467,-45.13388,0.011,-0.1604,559.0417,2016-01-28T00:00:00Z,SVP
127060,2015-07-22T05:00:00Z,-31.39015,-45.13317,0.0108,-0.1582,559.0417,2016-01-28T00:00:00Z,SVP
127060,2015-07-22T06:00:00Z,-31.394,-45.12981,0.1199,-0.1247,274.2083,2016-01-28T00:00:00Z,SVP
127060,2015-07-22T07:00:00Z,-31.39731,-45.12841,0.1063,-0.1237,274.2083,2016-01-28T00:00:00Z,SVP
127060,2015-07-22T08:00:00Z,-31.39932,-45.11631,0.286,-0.0323,168.75,2016-01-28T00:00:00Z,SVP
127060,2015-07-22T09:00:00Z,-31.40115,-45.10754,0.1963,-0.0918,277.79166,2016-01-28T00:00:00Z,SVP
127060,2015-07-22T10:00:00Z,-31.40474,-45.10165,0.1943,-0.0934,277.79166,2016-01-28T00:00:00Z,SVP
127060,2015-07-22T11:00:00Z,-31.40845,-45.09395,0.1334,-0.1325,98.416664,2016-01-28T00:00:00Z,SVP
127060,2015-07-22T12:00:00Z,-31.39973,-45.09758,0.0183,0.242,140.70834,2016-01-28T00:00:00Z,SVP
127060,2015-07-22T13:00:00Z,-31.3961,-45.09479,0.0209,-0.0125,1068.75,2016-01-28T00:00:00Z,SVP
127060,2015-07-22T14:00:00Z,-31.3972,-45.09501,0.0211,-0.0122,1068.75,2016-01-28T00:00:00Z,SVP
127060,2015-07-22T15:00:00Z,-31.39777,-45.09444,0.021,-0.0122,1068.75,2016-01-28T00:00:00Z,SVP
127060,2015-07-22T16:00:00Z,-31.39821,-45.09369,0.021,-0.0122,1068.75,2016-01-28T00:00:00Z,SVP
127060,2015-07-22T17:00:00Z,-31.3986,-45.09287,0.0209,-0.0123,1068.75,2016-01-28T00:00:00Z,SVP
127060,2015-07-22T18:00:00Z,-31.39892,-45.09195,0.0209,-0.0124,1068.75,2016-01-28T00:00:00Z,SVP
127060,2015-07-22T19:00:00Z,-31.39914,-45.09087,0.0208,-0.0125,1068.75,2016-01-28T00:00:00Z,SVP
127060,2015-07-22T20:00:00Z,-31.39934,-45.08944,-0.1985,-0.0473,154.66667,2016-01-28T00:00:00Z,SVP
127060,2015-07-22T21:00:00Z,-31.40328,-45.09498,0.0151,-0.1781,102.0,2016-01-28T00:00:00Z,SVP
127060,2015-07-22T22:00:00Z,-31.40785,-45.09967,0.0801,-0.2142,414.9167,2016-01-28T00:00:00Z,SVP
127060,2015-07-22T23:00:00Z,-31.41501,-45.09479,0.0667,-0.2128,414.9167,2016-01-28T00:00:00Z,SVP
127060,2015-07-23T00:00:00Z,-31.42189,-45.09117,0.0523,-0.2133,414.9167,2016-01-28T00:00:00Z,SVP
127060,2015-07-23T01:00:00Z,-31.42899,-45.09055,0.0774,-0.2274,112.5,2016-01-28T00:00:00Z,SVP
127060,2015-07-23T02:00:00Z,-31.4353,-45.08465,0.1177,-0.1781,137.08333,2016-01-28T00:00:00Z,SVP
127060,2015-07-23T03:00:00Z,-31.43801,-45.07954,0.1772,-0.0949,435.91666,2016-01-28T00:00:00Z,SVP
127060,2015-07-23T04:00:00Z,-31.44078,-45.07356,0.1763,-0.0948,435.91666,2016-01-28T00:00:00Z,SVP
127060,2015-07-23T05:00:00Z,-31.44384,-45.06848,0.1941,-0.101,362.08334,2016-01-28T00:00:00Z,SVP
127060,2015-07-23T06:00:00Z,-31.44788,-45.05887,0.1904,-0.1032,362.08334,2016-01-28T00:00:00Z,SVP
127060,2015-07-23T07:00:00Z,-31.45116,-45.05124,0.1914,-0.104,362.08334,2016-01-28T00:00:00Z,SVP
127060,2015-07-23T08:00:00Z,-31.45561,-45.04064,0.2695,-0.1296,123.0,2016-01-28T00:00:00Z,SVP
127060,2015-07-23T09:00:00Z,-31.45305,-45.0386,0.1047,-0.0359,126.58333,2016-01-28T00:00:00Z,SVP
127060,2015-07-23T10:00:00Z,-31.45752,-45.03506,0.1903,-0.0079,133.66667,2016-01-28T00:00:00Z,SVP
127060,2015-07-23T11:00:00Z,-31.45704,-45.02606,0.1253,0.0847,137.08333,2016-01-28T00:00:00Z,SVP
127060,2015-07-23T12:00:00Z,-31.45382,-45.02155,0.0863,0.1718,112.5,2016-01-28T00:00:00Z,SVP
127060,2015-07-23T13:00:00Z,-31.45027,-45.01573,0.1564,-0.0155,130.04166,2016-01-28T00:00:00Z,SVP
127060,2015-07-23T14:00:00Z,-31.45063,-45.01596,0.0231,-0.0513,597.5834,2016-01-28T00:00:00Z,SVP
127060,2015-07-23T15:00:00Z,-31.45228,-45.01633,0.0253,-0.0514,597.5834,2016-01-28T00:00:00Z,SVP
127060,2015-07-23T16:00:00Z,-31.45386,-45.01596,0.0261,-0.0514,597.5834,2016-01-28T00:00:00Z,SVP
127060,2015-07-23T17:00:00Z,-31.45533,-45.01559,0.027,-0.0516,597.5834,2016-01-28T00:00:00Z,SVP
127060,2015-07-23T18:00:00Z,-31.45766,-45.01411,0.022,-0.0698,319.9583,2016-01-28T00:00:00Z,SVP
127060,2015-07-23T19:00:00Z,-31.46019,-45.01218,0.0182,-0.07,319.9583,2016-01-28T00:00:00Z,SVP
127060,2015-07-23T20:00:00Z,-31.4629,-45.01338,-0.1355,-0.0968,102.0,2016-01-28T00:00:00Z,SVP
127060,2015-07-23T21:00:00Z,-31.46669,-45.01589,0.009,-0.1343,87.91667,2016-01-28T00:00:00Z,SVP
127060,2015-07-23T22:00:00Z,-31.47321,-45.01337,0.0794,-0.2269,376.2083,2016-01-28T00:00:00Z,SVP
127060,2015-07-23T23:00:00Z,-31.48063,-45.0103,0.0795,-0.2268,376.2083,2016-01-28T00:00:00Z,SVP
127060,2015-07-24T00:00:00Z,-31.48829,-45.00711,0.0786,-0.2215,0.0,2016-01-28T00:00:00Z,SVP
127060,2015-07-24T01:00:00Z,-31.49436,-45.00216,0.1598,-0.1692,126.58333,2016-01-28T00:00:00Z,SVP
127060,2015-07-24T02:00:00Z,-31.50096,-44.99534,0.1931,-0.1022,464.08337,2016-01-28T00:00:00Z,SVP
127060,2015-07-24T03:00:00Z,-31.50413,-44.98858,0.1925,-0.1019,464.08337,2016-01-28T00:00:00Z,SVP
127060,2015-07-24T04:00:00Z,-31.50769,-44.98224,0.1917,-0.101,464.08337,2016-01-28T00:00:00Z,SVP
127060,2015-07-24T05:00:00Z,-31.51116,-44.97588,0.2251,-0.0773,372.5833,2016-01-28T00:00:00Z,SVP
127060,2015-07-24T06:00:00Z,-31.51289,-44.96564,0.2148,-0.0754,372.5833,2016-01-28T00:00:00Z,SVP
127060,2015-07-24T07:00:00Z,-31.5152,-44.95697,0.2136,-0.0746,372.5833,2016-01-28T00:00:00Z,SVP
127060,2015-07-24T08:00:00Z,-31.51458,-44.9465,0.2716,0.0064,253.20834,2016-01-28T00:00:00Z,SVP
127060,2015-07-24T09:00:00Z,-31.5143,-44.93608,0.2706,0.0048,253.20834,2016-01-28T00:00:00Z,SVP
127060,2015-07-24T10:00:00Z,-31.51372,-44.93058,0.0322,-0.0142,534.4583,2016-01-28T00:00:00Z,SVP
127060,2015-07-24T11:00:00Z,-31.51421,-44.92896,0.0322,-0.0141,534.4583,2016-01-28T00:00:00Z,SVP
127060,2015-07-24T12:00:00Z,-31.51476,-44.92649,0.0349,-0.0139,534.4583,2016-01-28T00:00:00Z,SVP
127060,2015-07-24T13:00:00Z,-31.5154,-44.92356,0.0318,-0.0133,534.4583,2016-01-28T00:00:00Z,SVP
127060,2015-07-24T14:00:00Z,-31.51612,-44.92477,-0.0156,-0.0201,632.8333,2016-01-28T00:00:00Z,SVP
127060,2015-07-24T15:00:00Z,-31.51663,-44.92572,-0.0145,-0.02,632.8333,2016-01-28T00:00:00Z,SVP
127060,2015-07-24T16:00:00Z,-31.51701,-44.92624,-0.0154,-0.0198,632.8333,2016-01-28T00:00:00Z,SVP
127060,2015-07-24T17:00:00Z,-31.51709,-44.92639,-0.0193,-0.0197,632.8333,2016-01-28T00:00:00Z,SVP
127060,2015-07-24T18:00:00Z,-31.5204,-44.92808,-0.0357,-0.1354,253.20834,2016-01-28T00:00:00Z,SVP
127060,2015-07-24T19:00:00Z,-31.52468,-44.93065,-0.0291,-0.1735,115.958336,2016-01-28T00:00:00Z,SVP
127060,2015-07-24T20:00:00Z,-31.53144,-44.92767,0.139,-0.2073,70.333336,2016-01-28T00:00:00Z,SVP
127060,2015-07-24T21:00:00Z,-31.53781,-44.92311,-0.0573,-0.2038,105.458336,2016-01-28T00:00:00Z,SVP
127060,2015-07-24T22:00:00Z,-31.5441,-44.92323,0.2462,-0.1949,277.66666,2016-01-28T00:00:00Z,SVP
127060,2015-07-24T23:00:00Z,-31.55217,-44.91319,0.2445,-0.2223,277.66666,2016-01-28T00:00:00Z,SVP
127060,2015-07-25T00:00:00Z,-31.55723,-44.90451,0.2445,-0.1587,112.5,2016-01-28T00:00:00Z,SVP
127060,2015-07-25T01:00:00Z,-31.56235,-44.89797,0.1213,-0.1979,154.66667,2016-01-28T00:00:00Z,SVP
127060,2015-07-25T02:00:00Z,-31.57241,-44.89847,7.0E-4,-0.3308,102.0,2016-01-28T00:00:00Z,SVP
127060,2015-07-25T03:00:00Z,-31.56819,-44.88956,0.1959,0.0287,376.2083,2016-01-28T00:00:00Z,SVP
127060,2015-07-25T04:00:00Z,-31.56692,-44.88267,0.2075,0.0242,376.2083,2016-01-28T00:00:00Z,SVP
127060,2015-07-25T05:00:00Z,-31.56595,-44.87516,0.2401,0.0965,351.58334,2016-01-28T00:00:00Z,SVP
127060,2015-07-25T06:00:00Z,-31.56414,-44.86629,0.2381,0.0829,351.58334,2016-01-28T00:00:00Z,SVP
127060,2015-07-25T07:00:00Z,-31.56295,-44.85715,0.238,0.0757,351.58334,2016-01-28T00:00:00Z,SVP
127060,2015-07-25T08:00:00Z,-31.56349,-44.86818,0.062,0.0204,253.20834,2016-01-28T00:00:00Z,SVP
127060,2015-07-25T09:00:00Z,-31.56352,-44.86521,-0.0897,0.0074,59.833332,2016-01-28T00:00:00Z,SVP
127060,2015-07-25T10:00:00Z,-31.56075,-44.86786,-0.0458,0.1029,221.41666,2016-01-28T00:00:00Z,SVP
127060,2015-07-25T11:00:00Z,-31.55811,-44.86715,-0.0022,0.0958,172.33334,2016-01-28T00:00:00Z,SVP
127060,2015-07-25T12:00:00Z,-31.55493,-44.86677,0.0889,-0.0562,144.16667,2016-01-28T00:00:00Z,SVP
127060,2015-07-25T13:00:00Z,-31.55596,-44.86569,-0.1412,-0.0874,657.4584,2016-01-28T00:00:00Z,SVP
127060,2015-07-25T14:00:00Z,-31.55904,-44.87211,-0.1455,-0.0875,657.4584,2016-01-28T00:00:00Z,SVP
127060,2015-07-25T15:00:00Z,-31.56201,-44.87838,-0.1456,-0.0875,657.4584,2016-01-28T00:00:00Z,SVP
127060,2015-07-25T16:00:00Z,-31.565,-44.88468,-0.1426,-0.0874,657.4584,2016-01-28T00:00:00Z,SVP
127060,2015-07-25T17:00:00Z,-31.56811,-44.89105,-0.123,-0.0872,657.4584,2016-01-28T00:00:00Z,SVP
127060,2015-07-25T18:00:00Z,-31.5704,-44.89533,-0.1524,-0.0873,239.08334,2016-01-28T00:00:00Z,SVP
127060,2015-07-25T19:00:00Z,-31.57369,-44.89045,0.0241,-0.1036,126.58333,2016-01-28T00:00:00Z,SVP
127060,2015-07-25T20:00:00Z,-31.5794,-44.88969,-0.1194,-0.2408,84.458336,2016-01-28T00:00:00Z,SVP
127060,2015-07-25T21:00:00Z,-31.58669,-44.89503,-0.2533,-0.2313,210.91667,2016-01-28T00:00:00Z,SVP
127060,2015-07-25T22:00:00Z,-31.59283,-44.89985,0.025,-0.1931,362.08334,2016-01-28T00:00:00Z,SVP
127060,2015-07-25T23:00:00Z,-31.59997,-44.89833,0.0264,-0.1941,362.08334,2016-01-28T00:00:00Z,SVP
127060,2015-07-26T00:00:00Z,-31.60699,-44.89673,0.0263,-0.1931,362.08334,2016-01-28T00:00:00Z,SVP
127060,2015-07-26T01:00:00Z,-31.60974,-44.90301,-0.1806,-0.1362,123.0,2016-01-28T00:00:00Z,SVP
127060,2015-07-26T02:00:00Z,-31.6252,-44.90773,0.0338,-0.1095,400.79166,2016-01-28T00:00:00Z,SVP
127060,2015-07-26T03:00:00Z,-31.6263,-44.90582,0.0319,-0.0943,400.79166,2016-01-28T00:00:00Z,SVP
127060,2015-07-26T04:00:00Z,-31.62449,-44.90415,0.0296,-0.1815,400.79166,2016-01-28T00:00:00Z,SVP
127060,2015-07-26T05:00:00Z,-31.62834,-44.90264,0.0473,-0.0548,239.08334,2016-01-28T00:00:00Z,SVP
127060,2015-07-26T06:00:00Z,-31.63983,-44.90215,0.0408,-0.1122,239.08334,2016-01-28T00:00:00Z,SVP
127060,2015-07-26T07:00:00Z,-31.63203,-44.87678,0.1227,0.0479,274.2083,2016-01-28T00:00:00Z,SVP
127060,2015-07-26T08:00:00Z,-31.63177,-44.87195,0.1184,0.0667,274.2083,2016-01-28T00:00:00Z,SVP
127060,2015-07-26T09:00:00Z,-31.62924,-44.86758,0.0894,0.0602,214.5,2016-01-28T00:00:00Z,SVP
127060,2015-07-26T10:00:00Z,-31.62712,-44.86543,0.0837,0.066,214.5,2016-01-28T00:00:00Z,SVP
127060,2015-07-26T11:00:00Z,-31.62099,-44.86059,0.0975,0.1377,203.83333,2016-01-28T00:00:00Z,SVP
127060,2015-07-26T12:00:00Z,-31.61707,-44.85782,0.0871,0.1482,133.66667,2016-01-28T00:00:00Z,SVP
127060,2015-07-26T13:00:00Z,-31.61204,-44.86535,-0.0109,0.0292,116.083336,2016-01-28T00:00:00Z,SVP
127060,2015-07-26T14:00:00Z,-31.61174,-44.86559,0.0017,-0.0037,562.5,2016-01-28T00:00:00Z,SVP
127060,2015-07-26T15:00:00Z,-31.61178,-44.86347,-0.0179,-0.005,562.5,2016-01-28T00:00:00Z,SVP
127060,2015-07-26T16:00:00Z,-31.61142,-44.86345,-0.0281,-0.0116,562.5,2016-01-28T00:00:00Z,SVP
127060,2015-07-26T17:00:00Z,-31.61149,-44.8645,-0.0117,-0.0921,242.54167,2016-01-28T00:00:00Z,SVP
127060,2015-07-26T18:00:00Z,-31.61506,-44.86576,-0.0098,-0.0904,242.54167,2016-01-28T00:00:00Z,SVP
127060,2015-07-26T19:00:00Z,-31.61781,-44.8673,-0.0483,-0.0886,161.70833,2016-01-28T00:00:00Z,SVP
127060,2015-07-26T20:00:00Z,-31.62075,-44.86912,-0.0683,-0.082,200.41666,2016-01-28T00:00:00Z,SVP
127060,2015-07-26T21:00:00Z,-31.6226,-44.87201,0.0414,-0.1049,428.8333,2016-01-28T00:00:00Z,SVP
127060,2015-07-26T22:00:00Z,-31.62691,-44.86871,0.0566,-0.1115,428.8333,2016-01-28T00:00:00Z,SVP
127060,2015-07-26T23:00:00Z,-31.63125,-44.86444,0.0657,-0.1151,428.8333,2016-01-28T00:00:00Z,SVP
127060,2015-07-27T00:00:00Z,-31.6352,-44.86386,0.0522,-0.1241,140.70834,2016-01-28T00:00:00Z,SVP
127060,2015-07-27T01:00:00Z,-31.63773,-44.86488,0.0517,-0.0558,115.958336,2016-01-28T00:00:00Z,SVP
127060,2015-07-27T02:00:00Z,-31.63977,-44.86469,0.1511,-0.019,425.41666,2016-01-28T00:00:00Z,SVP
127060,2015-07-27T03:00:00Z,-31.64039,-44.85921,0.154,-0.0183,425.41666,2016-01-28T00:00:00Z,SVP
127060,2015-07-27T04:00:00Z,-31.64152,-44.85446,0.1679,-0.0125,425.41666,2016-01-28T00:00:00Z,SVP
127060,2015-07-27T05:00:00Z,-31.64167,-44.84757,0.1903,0.0059,242.54167,2016-01-28T00:00:00Z,SVP
127060,2015-07-27T06:00:00Z,-31.64076,-44.84035,0.1063,0.0366,105.458336,2016-01-28T00:00:00Z,SVP
127060,2015-07-27T07:00:00Z,-31.6394,-44.83689,0.082,0.0846,242.54167,2016-01-28T00:00:00Z,SVP
127060,2015-07-27T08:00:00Z,-31.63657,-44.83458,0.0773,0.0877,242.54167,2016-01-28T00:00:00Z,SVP
127060,2015-07-27T09:00:00Z,-31.63188,-44.82789,0.1579,0.1639,189.91667,2016-01-28T00:00:00Z,SVP
127060,2015-07-27T10:00:00Z,-31.62806,-44.83725,-0.0824,0.1211,242.54167,2016-01-28T00:00:00Z,SVP
127060,2015-07-27T11:00:00Z,-31.62301,-44.84173,-0.0753,0.1243,242.54167,2016-01-28T00:00:00Z,SVP
127060,2015-07-27T12:00:00Z,-31.62249,-44.84396,-0.0312,0.0418,0.0,2016-01-28T00:00:00Z,SVP
127060,2015-07-27T13:00:00Z,-31.62119,-44.84551,-0.0434,-0.0241,590.7083,2016-01-28T00:00:00Z,SVP
127060,2015-07-27T14:00:00Z,-31.62264,-44.84737,-0.0442,-0.0236,590.7083,2016-01-28T00:00:00Z,SVP
127060,2015-07-27T15:00:00Z,-31.62377,-44.84942,-0.0455,-0.0232,590.7083,2016-01-28T00:00:00Z,SVP
127060,2015-07-27T16:00:00Z,-31.62496,-44.85193,-0.0478,-0.0224,590.7083,2016-01-28T00:00:00Z,SVP
127060,2015-07-27T17:00:00Z,-31.62522,-44.85339,0.0195,0.004,242.54167,2016-01-28T00:00:00Z,SVP
127060,2015-07-27T18:00:00Z,-31.62426,-44.85131,-0.0059,-0.001,242.54167,2016-01-28T00:00:00Z,SVP
127060,2015-07-27T19:00:00Z,-31.62342,-44.85128,0.0167,0.025,119.54167,2016-01-28T00:00:00Z,SVP
127060,2015-07-27T20:00:00Z,-31.62873,-44.85104,0.0088,-0.1022,225.0,2016-01-28T00:00:00Z,SVP
127060,2015-07-27T21:00:00Z,-31.63185,-44.84743,0.1193,-0.0124,249.58333,2016-01-28T00:00:00Z,SVP
127060,2015-07-27T22:00:00Z,-31.63001,-44.84135,0.1108,-0.0417,249.58333,2016-01-28T00:00:00Z,SVP
127060,2015-07-27T23:00:00Z,-31.6323,-44.8382,0.1308,-0.0107,316.3333,2016-01-28T00:00:00Z,SVP
127060,2015-07-28T00:00:00Z,-31.63284,-44.83328,0.1293,-0.0109,316.3333,2016-01-28T00:00:00Z,SVP
127060,2015-07-28T01:00:00Z,-31.63351,-44.82909,0.1299,-0.0071,115.958336,2016-01-28T00:00:00Z,SVP
127060,2015-07-28T02:00:00Z,-31.63195,-44.82346,0.1423,0.0518,446.54166,2016-01-28T00:00:00Z,SVP
127060,2015-07-28T03:00:00Z,-31.63071,-44.81772,0.141,0.0522,446.54166,2016-01-28T00:00:00Z,SVP
127060,2015-07-28T04:00:00Z,-31.63054,-44.81194,0.1388,0.0534,446.54166,2016-01-28T00:00:00Z,SVP
127060,2015-07-28T05:00:00Z,-31.62626,-44.80756,0.1268,0.1061,239.08334,2016-01-28T00:00:00Z,SVP
127060,2015-07-28T06:00:00Z,-31.62297,-44.80312,0.1069,0.0859,116.083336,2016-01-28T00:00:00Z,SVP
127060,2015-07-28T07:00:00Z,-31.62048,-44.79889,0.1237,0.0695,203.83333,2016-01-28T00:00:00Z,SVP
127060,2015-07-28T08:00:00Z,-31.61826,-44.79435,0.1181,0.0807,172.33334,2016-01-28T00:00:00Z,SVP
127060,2015-07-28T09:00:00Z,-31.61508,-44.79004,0.0546,0.1187,260.0833,2016-01-28T00:00:00Z,SVP
127060,2015-07-28T10:00:00Z,-31.61117,-44.78897,0.0529,0.1208,260.0833,2016-01-28T00:00:00Z,SVP
127060,2015-07-28T11:00:00Z,-31.60702,-44.78692,0.0334,0.183,140.70834,2016-01-28T00:00:00Z,SVP
127060,2015-07-28T12:00:00Z,-31.60101,-44.78469,0.1092,0.1754,112.5,2016-01-28T00:00:00Z,SVP
127060,2015-07-28T13:00:00Z,-31.59619,-44.77993,0.1241,0.1387,126.58333,2016-01-28T00:00:00Z,SVP
127060,2015-07-28T14:00:00Z,-31.59306,-44.77859,0.0325,0.0912,485.08334,2016-01-28T00:00:00Z,SVP
127060,2015-07-28T15:00:00Z,-31.58974,-44.77809,0.0327,0.0929,485.08334,2016-01-28T00:00:00Z,SVP
127060,2015-07-28T16:00:00Z,-31.58483,-44.7783,0.0332,0.1051,485.08334,2016-01-28T00:00:00Z,SVP
127060,2015-07-28T17:00:00Z,-31.58094,-44.77548,0.0449,-0.0559,242.54167,2016-01-28T00:00:00Z,SVP
127060,2015-07-28T18:00:00Z,-31.58264,-44.77305,0.0411,-0.0613,242.54167,2016-01-28T00:00:00Z,SVP
127060,2015-07-28T19:00:00Z,-31.58443,-44.77115,0.0761,-0.0607,309.45834,2016-01-28T00:00:00Z,SVP
127060,2015-07-28T20:00:00Z,-31.58685,-44.76852,0.075,-0.0627,309.45834,2016-01-28T00:00:00Z,SVP
127060,2015-07-28T21:00:00Z,-31.58552,-44.76916,-0.019,0.0418,193.33334,2016-01-28T00:00:00Z,SVP
127060,2015-07-28T22:00:00Z,-31.58401,-44.78161,0.1825,0.0282,327.0,2016-01-28T00:00:00Z,SVP
127060,2015-07-28T23:00:00Z,-31.58265,-44.77434,0.1818,0.0271,327.0,2016-01-28T00:00:00Z,SVP
127060,2015-07-29T00:00:00Z,-31.58157,-44.76863,0.1642,0.0506,108.91667,2016-01-28T00:00:00Z,SVP
127060,2015-07-29T01:00:00Z,-31.58015,-44.76183,0.1076,0.0358,144.16667,2016-01-28T00:00:00Z,SVP
127060,2015-07-29T02:00:00Z,-31.57867,-44.75789,0.1157,0.0251,337.5,2016-01-28T00:00:00Z,SVP
127060,2015-07-29T03:00:00Z,-31.57804,-44.75339,0.116,0.0257,337.5,2016-01-28T00:00:00Z,SVP
127060,2015-07-29T04:00:00Z,-31.57717,-44.74954,0.1104,0.0405,246.16667,2016-01-28T00:00:00Z,SVP
127060,2015-07-29T05:00:00Z,-31.57572,-44.74479,0.1116,0.0418,246.16667,2016-01-28T00:00:00Z,SVP
127060,2015-07-29T06:00:00Z,-31.57433,-44.74044,0.0978,0.0578,281.25,2016-01-28T00:00:00Z,SVP
127060,2015-07-29T07:00:00Z,-31.57213,-44.73784,0.0934,0.0586,281.25,2016-01-28T00:00:00Z,SVP
127060,2015-07-29T08:00:00Z,-31.57146,-44.73145,0.2377,-0.0125,70.333336,2016-01-28T00:00:00Z,SVP
127060,2015-07-29T09:00:00Z,-31.57029,-44.7284,-0.0094,0.0794,94.958336,2016-01-28T00:00:00Z,SVP
127060,2015-07-29T10:00:00Z,-31.5674,-44.72682,0.062,0.117,161.70833,2016-01-28T00:00:00Z,SVP
127060,2015-07-29T11:00:00Z,-31.56266,-44.72159,0.1191,0.1533,172.20833,2016-01-28T00:00:00Z,SVP
127060,2015-07-29T12:00:00Z,-31.55754,-44.71808,0.0782,0.1641,249.58333,2016-01-28T00:00:00Z,SVP
127060,2015-07-29T13:00:00Z,-31.55135,-44.71589,-0.0166,0.1019,495.75,2016-01-28T00:00:00Z,SVP
127060,2015-07-29T14:00:00Z,-31.54934,-44.71782,-0.0171,0.1016,495.75,2016-01-28T00:00:00Z,SVP
127060,2015-07-29T15:00:00Z,-31.54636,-44.7188,-0.0172,0.1014,495.75,2016-01-28T00:00:00Z,SVP
127060,2015-07-29T16:00:00Z,-31.54264,-44.71926,-0.0179,0.0994,495.75,2016-01-28T00:00:00Z,SVP
127060,2015-07-29T17:00:00Z,-31.54065,-44.71964,-0.0236,0.0461,242.54167,2016-01-28T00:00:00Z,SVP
127060,2015-07-29T18:00:00Z,-31.53907,-44.72165,-0.0186,-0.0268,263.7083,2016-01-28T00:00:00Z,SVP
127060,2015-07-29T19:00:00Z,-31.54056,-44.72029,0.0046,-0.0276,263.7083,2016-01-28T00:00:00Z,SVP
127060,2015-07-29T20:00:00Z,-31.54072,-44.72251,-0.0437,0.0023,108.91667,2016-01-28T00:00:00Z,SVP
127060,2015-07-29T21:00:00Z,-31.5401,-44.72414,0.0768,0.0085,140.70834,2016-01-28T00:00:00Z,SVP
127060,2015-07-29T22:00:00Z,-31.54022,-44.7203,0.1277,-0.0277,464.08337,2016-01-28T00:00:00Z,SVP
127060,2015-07-29T23:00:00Z,-31.5413,-44.71519,0.1272,-0.0274,464.08337,2016-01-28T00:00:00Z,SVP
127060,2015-07-30T00:00:00Z,-31.54224,-44.71021,0.1268,-0.0274,464.08337,2016-01-28T00:00:00Z,SVP
127060,2015-07-30T01:00:00Z,-31.5429,-44.70534,0.1423,-0.0221,137.08333,2016-01-28T00:00:00Z,SVP
127060,2015-07-30T02:00:00Z,-31.54271,-44.69921,0.1716,0.0224,348.1667,2016-01-28T00:00:00Z,SVP
127060,2015-07-30T03:00:00Z,-31.54211,-44.6929,0.1716,0.0227,348.1667,2016-01-28T00:00:00Z,SVP
127060,2015-07-30T04:00:00Z,-31.54111,-44.68643,0.1848,0.0464,253.20834,2016-01-28T00:00:00Z,SVP
127060,2015-07-30T05:00:00Z,-31.53915,-44.67844,0.1866,0.0474,253.20834,2016-01-28T00:00:00Z,SVP
127060,2015-07-30T06:00:00Z,-31.53768,-44.67249,0.1417,0.0526,249.58333,2016-01-28T00:00:00Z,SVP
127060,2015-07-30T07:00:00Z,-31.53578,-44.66656,0.1363,0.0519,249.58333,2016-01-28T00:00:00Z,SVP
127060,2015-07-30T08:00:00Z,-31.53405,-44.66426,0.076,0.0532,390.29166,2016-01-28T00:00:00Z,SVP
127060,2015-07-30T09:00:00Z,-31.5326,-44.66119,0.0751,0.0532,390.29166,2016-01-28T00:00:00Z,SVP
127060,2015-07-30T10:00:00Z,-31.53022,-44.65866,0.0466,0.085,196.95833,2016-01-28T00:00:00Z,SVP
127060,2015-07-30T11:00:00Z,-31.52716,-44.6591,-0.0052,0.1081,112.5,2016-01-28T00:00:00Z,SVP
127060,2015-07-30T12:00:00Z,-31.52374,-44.6588,-0.0598,0.0538,144.16667,2016-01-28T00:00:00Z,SVP
127060,2015-07-30T13:00:00Z,-31.52204,-44.66322,-0.2007,0.059,112.5,2016-01-28T00:00:00Z,SVP
127060,2015-07-30T14:00:00Z,-31.52025,-44.66249,-0.0077,0.071,650.4166,2016-01-28T00:00:00Z,SVP
127060,2015-07-30T15:00:00Z,-31.51772,-44.66227,-0.0084,0.0711,650.4166,2016-01-28T00:00:00Z,SVP
127060,2015-07-30T16:00:00Z,-31.5152,-44.66238,-0.0086,0.0711,650.4166,2016-01-28T00:00:00Z,SVP
127060,2015-07-30T17:00:00Z,-31.5125,-44.66252,-0.0089,0.0711,650.4166,2016-01-28T00:00:00Z,SVP
127060,2015-07-30T18:00:00Z,-31.50975,-44.66331,-3.0E-4,0.0595,372.5833,2016-01-28T00:00:00Z,SVP
127060,2015-07-30T19:00:00Z,-31.50853,-44.66395,0.0046,0.0647,372.5833,2016-01-28T00:00:00Z,SVP
127060,2015-07-30T20:00:00Z,-31.50676,-44.66396,0.0063,0.0675,372.5833,2016-01-28T00:00:00Z,SVP
127060,2015-07-30T21:00:00Z,-31.50492,-44.66367,0.0151,0.0368,499.20834,2016-01-28T00:00:00Z,SVP
127060,2015-07-30T22:00:00Z,-31.50396,-44.66308,0.0152,0.0362,499.20834,2016-01-28T00:00:00Z,SVP
127060,2015-07-30T23:00:00Z,-31.50297,-44.66254,0.0151,0.0359,499.20834,2016-01-28T00:00:00Z,SVP
127060,2015-07-31T00:00:00Z,-31.50242,-44.66218,0.0151,0.0349,499.20834,2016-01-28T00:00:00Z,SVP
127060,2015-07-31T01:00:00Z,-31.50074,-44.66229,-0.1882,-0.0741,123.0,2016-01-28T00:00:00Z,SVP
127060,2015-07-31T02:00:00Z,-31.50459,-44.67094,-0.1696,-0.0236,260.0833,2016-01-28T00:00:00Z,SVP
127060,2015-07-31T03:00:00Z,-31.50492,-44.67624,-0.1645,-0.0111,260.0833,2016-01-28T00:00:00Z,SVP
127060,2015-07-31T04:00:00Z,-31.50417,-44.67582,0.1007,0.0821,249.58333,2016-01-28T00:00:00Z,SVP
127060,2015-07-31T05:00:00Z,-31.50057,-44.66848,0.1006,0.0816,249.58333,2016-01-28T00:00:00Z,SVP
127060,2015-07-31T06:00:00Z,-31.49898,-44.67016,-0.0555,0.0676,369.16666,2016-01-28T00:00:00Z,SVP
127060,2015-07-31T07:00:00Z,-31.49715,-44.6726,-0.0552,0.0671,369.16666,2016-01-28T00:00:00Z,SVP
127060,2015-07-31T08:00:00Z,-31.49571,-44.67482,-0.0707,0.031,94.958336,2016-01-28T00:00:00Z,SVP
127060,2015-07-31T09:00:00Z,-31.496,-44.67573,-0.0591,0.0233,119.54167,2016-01-28T00:00:00Z,SVP
127060,2015-07-31T10:00:00Z,-31.49278,-44.67327,0.0493,0.0537,246.16667,2016-01-28T00:00:00Z,SVP
127060,2015-07-31T11:00:00Z,-31.49136,-44.67408,-0.0171,0.023,102.0,2016-01-28T00:00:00Z,SVP
127060,2015-07-31T12:00:00Z,-31.49079,-44.67907,-0.0398,0.0178,137.08333,2016-01-28T00:00:00Z,SVP
127060,2015-07-31T13:00:00Z,-31.49061,-44.68006,-0.044,0.0193,1160.0834,2016-01-28T00:00:00Z,SVP
127060,2015-07-31T14:00:00Z,-31.49007,-44.6809,-0.0464,0.0194,1160.0834,2016-01-28T00:00:00Z,SVP
127060,2015-07-31T15:00:00Z,-31.48947,-44.68214,-0.0483,0.0194,1160.0834,2016-01-28T00:00:00Z,SVP
127060,2015-07-31T16:00:00Z,-31.48886,-44.68362,-0.05,0.0194,1160.0834,2016-01-28T00:00:00Z,SVP
127060,2015-07-31T17:00:00Z,-31.48823,-44.68526,-0.0514,0.0194,1160.0834,2016-01-28T00:00:00Z,SVP
127060,2015-07-31T18:00:00Z,-31.48758,-44.68702,-0.0529,0.0194,1160.0834,2016-01-28T00:00:00Z,SVP
127060,2015-07-31T19:00:00Z,-31.48691,-44.68884,-0.0547,0.0193,1160.0834,2016-01-28T00:00:00Z,SVP
127060,2015-07-31T20:00:00Z,-31.48607,-44.69057,-0.0586,0.0191,1160.0834,2016-01-28T00:00:00Z,SVP
127060,2015-07-31T21:00:00Z,-31.48655,-44.69272,-0.0332,-0.0097,181.04167,2016-01-28T00:00:00Z,SVP
127060,2015-07-31T22:00:00Z,-31.48556,-44.69348,-0.0125,0.0536,68.541664,2016-01-28T00:00:00Z,SVP
127060,2015-07-31T23:00:00Z,-31.48417,-44.6938,-0.0102,0.0483,362.08334,2016-01-28T00:00:00Z,SVP
127060,2015-08-01T00:00:00Z,-31.48247,-44.69433,-0.0085,0.0453,362.08334,2016-01-28T00:00:00Z,SVP
127060,2015-08-01T01:00:00Z,-31.48104,-44.69419,0.0432,0.0331,112.5,2016-01-28T00:00:00Z,SVP
127060,2015-08-01T02:00:00Z,-31.47871,-44.693,0.0361,0.0955,534.4583,2016-01-28T00:00:00Z,SVP
127060,2015-08-01T03:00:00Z,-31.47516,-44.69133,0.0377,0.0958,534.4583,2016-01-28T00:00:00Z,SVP
127060,2015-08-01T04:00:00Z,-31.47181,-44.68881,0.0438,0.0959,534.4583,2016-01-28T00:00:00Z,SVP
127060,2015-08-01T05:00:00Z,-31.46892,-44.68297,-0.0694,0.0915,369.16666,2016-01-28T00:00:00Z,SVP
127060,2015-08-01T06:00:00Z,-31.46678,-44.68705,-0.051,0.0935,369.16666,2016-01-28T00:00:00Z,SVP
127060,2015-08-01T07:00:00Z,-31.46387,-44.69003,-0.0065,0.0934,369.16666,2016-01-28T00:00:00Z,SVP
127060,2015-08-01T08:00:00Z,-31.46225,-44.69123,0.0063,-0.0079,105.458336,2016-01-28T00:00:00Z,SVP
127060,2015-08-01T09:00:00Z,-31.46236,-44.69043,0.037,0.006,73.791664,2016-01-28T00:00:00Z,SVP
127060,2015-08-01T10:00:00Z,-31.45971,-44.68629,0.1165,0.0939,175.79167,2016-01-28T00:00:00Z,SVP
127060,2015-08-01T11:00:00Z,-31.45504,-44.68026,-0.2097,0.1702,144.16667,2016-01-28T00:00:00Z,SVP
127060,2015-08-01T12:00:00Z,-31.44995,-44.69185,-0.0746,0.1591,109.041664,2016-01-28T00:00:00Z,SVP
127060,2015-08-01T13:00:00Z,-31.44461,-44.69376,-0.0691,0.1445,710.0834,2016-01-28T00:00:00Z,SVP
127060,2015-08-01T14:00:00Z,-31.4401,-44.69679,-0.0706,0.1429,710.0834,2016-01-28T00:00:00Z,SVP
127060,2015-08-01T15:00:00Z,-31.43541,-44.69967,-0.0712,0.1432,710.0834,2016-01-28T00:00:00Z,SVP
127060,2015-08-01T16:00:00Z,-31.43051,-44.70253,-0.0716,0.1444,710.0834,2016-01-28T00:00:00Z,SVP
127060,2015-08-01T17:00:00Z,-31.42528,-44.70546,-0.072,0.1466,710.0834,2016-01-28T00:00:00Z,SVP
127060,2015-08-01T18:00:00Z,-31.42244,-44.70793,-0.0749,0.1074,340.95834,2016-01-28T00:00:00Z,SVP
127060,2015-08-01T19:00:00Z,-31.42022,-44.71041,-0.0744,0.1128,340.95834,2016-01-28T00:00:00Z,SVP
127060,2015-08-01T20:00:00Z,-31.41629,-44.71382,-0.1114,0.1175,73.791664,2016-01-28T00:00:00Z,SVP
127060,2015-08-01T21:00:00Z,-31.41136,-44.72041,-0.1872,0.1723,182.83333,2016-01-28T00:00:00Z,SVP
127060,2015-08-01T22:00:00Z,-31.40737,-44.72564,-0.1457,0.0521,372.5833,2016-01-28T00:00:00Z,SVP
127060,2015-08-01T23:00:00Z,-31.40572,-44.7321,-0.1471,0.052,372.5833,2016-01-28T00:00:00Z,SVP
127060,2015-08-02T00:00:00Z,-31.40405,-44.73822,-0.1466,0.052,372.5833,2016-01-28T00:00:00Z,SVP
127060,2015-08-02T01:00:00Z,-31.40133,-44.74039,-0.0522,0.0791,112.5,2016-01-28T00:00:00Z,SVP
127060,2015-08-02T02:00:00Z,-31.39783,-44.74182,-0.1947,0.0449,428.8333,2016-01-28T00:00:00Z,SVP
127060,2015-08-02T03:00:00Z,-31.39648,-44.74969,-0.1944,0.0439,428.8333,2016-01-28T00:00:00Z,SVP
127060,2015-08-02T04:00:00Z,-31.39457,-44.75734,-0.194,0.0445,428.8333,2016-01-28T00:00:00Z,SVP
127060,2015-08-02T05:00:00Z,-31.39172,-44.76416,-0.1824,-0.021,344.54166,2016-01-28T00:00:00Z,SVP
127060,2015-08-02T06:00:00Z,-31.39343,-44.77086,-0.1811,-0.0043,344.54166,2016-01-28T00:00:00Z,SVP
127060,2015-08-02T07:00:00Z,-31.39309,-44.77853,-0.1787,-0.0518,344.54166,2016-01-28T00:00:00Z,SVP
127060,2015-08-02T08:00:00Z,-31.39663,-44.78344,-0.1353,-0.1077,263.7083,2016-01-28T00:00:00Z,SVP
127060,2015-08-02T09:00:00Z,-31.39997,-44.78775,-0.1275,-0.1009,123.0,2016-01-28T00:00:00Z,SVP
127060,2015-08-02T10:00:00Z,-31.40312,-44.79376,-0.1101,-0.0595,291.75003,2016-01-28T00:00:00Z,SVP
127060,2015-08-02T11:00:00Z,-31.4049,-44.79733,-0.1137,-0.0585,291.75003,2016-01-28T00:00:00Z,SVP
127060,2015-08-02T12:00:00Z,-31.40637,-44.80155,-0.0858,-0.0105,112.5,2016-01-28T00:00:00Z,SVP
127060,2015-08-02T13:00:00Z,-31.40666,-44.80426,-0.0692,-0.0022,727.7917,2016-01-28T00:00:00Z,SVP
127060,2015-08-02T14:00:00Z,-31.40672,-44.80689,-0.0691,-0.0022,727.7917,2016-01-28T00:00:00Z,SVP
127060,2015-08-02T15:00:00Z,-31.40677,-44.80985,-0.0713,-0.0022,727.7917,2016-01-28T00:00:00Z,SVP
127060,2015-08-02T16:00:00Z,-31.4068,-44.81324,-0.0748,-0.0021,727.7917,2016-01-28T00:00:00Z,SVP
127060,2015-08-02T17:00:00Z,-31.40675,-44.81722,-0.0792,-0.002,727.7917,2016-01-28T00:00:00Z,SVP
127060,2015-08-02T18:00:00Z,-31.40669,-44.81781,-0.0613,3.0E-4,242.54167,2016-01-28T00:00:00Z,SVP
127060,2015-08-02T19:00:00Z,-31.40637,-44.81568,-0.2439,0.0524,126.58333,2016-01-28T00:00:00Z,SVP
127060,2015-08-02T20:00:00Z,-31.40397,-44.82492,-0.2118,0.1113,175.79167,2016-01-28T00:00:00Z,SVP
127060,2015-08-02T21:00:00Z,-31.4006,-44.83237,-0.1335,0.0166,52.666664,2016-01-28T00:00:00Z,SVP
127060,2015-08-02T22:00:00Z,-31.40121,-44.83662,-0.1038,-0.0418,421.95834,2016-01-28T00:00:00Z,SVP
127060,2015-08-02T23:00:00Z,-31.40267,-44.84095,-0.1068,-0.0423,421.95834,2016-01-28T00:00:00Z,SVP
127060,2015-08-03T00:00:00Z,-31.40424,-44.84594,-0.1116,-0.0428,421.95834,2016-01-28T00:00:00Z,SVP
127060,2015-08-03T01:00:00Z,-31.40512,-44.84854,-0.1375,-0.0554,137.08333,2016-01-28T00:00:00Z,SVP
127060,2015-08-03T02:00:00Z,-31.40638,-44.85379,-0.1358,-0.0567,453.5833,2016-01-28T00:00:00Z,SVP
127060,2015-08-03T03:00:00Z,-31.40844,-44.85868,-0.1357,-0.0566,453.5833,2016-01-28T00:00:00Z,SVP
127060,2015-08-03T04:00:00Z,-31.41062,-44.86399,-0.1342,-0.0563,453.5833,2016-01-28T00:00:00Z,SVP
127060,2015-08-03T05:00:00Z,-31.4132,-44.8677,-0.0634,-0.0709,239.08334,2016-01-28T00:00:00Z,SVP
127060,2015-08-03T06:00:00Z,-31.41285,-44.86614,-0.0437,-0.0443,239.08334,2016-01-28T00:00:00Z,SVP
127060,2015-08-03T07:00:00Z,-31.42416,-44.87112,-0.0611,-0.1499,112.5,2016-01-28T00:00:00Z,SVP
127060,2015-08-03T08:00:00Z,-31.42722,-44.87277,-0.1022,-0.1488,246.16667,2016-01-28T00:00:00Z,SVP
127060,2015-08-03T09:00:00Z,-31.43155,-44.87519,-0.0192,-0.1008,80.83333,2016-01-28T00:00:00Z,SVP
127060,2015-08-03T10:00:00Z,-31.43502,-44.8755,0.0038,-0.1111,309.45834,2016-01-28T00:00:00Z,SVP
127060,2015-08-03T11:00:00Z,-31.43868,-44.87615,0.0042,-0.111,309.45834,2016-01-28T00:00:00Z,SVP
127060,2015-08-03T12:00:00Z,-31.44197,-44.87508,0.0163,-0.0995,249.58333,2016-01-28T00:00:00Z,SVP
127060,2015-08-03T13:00:00Z,-31.44445,-44.87325,-0.1064,0.0727,618.75,2016-01-28T00:00:00Z,SVP
127060,2015-08-03T14:00:00Z,-31.44052,-44.87911,-0.1002,0.0665,618.75,2016-01-28T00:00:00Z,SVP
127060,2015-08-03T15:00:00Z,-31.43693,-44.88498,-0.0842,0.0553,618.75,2016-01-28T00:00:00Z,SVP
127060,2015-08-03T16:00:00Z,-31.43461,-44.88863,-0.0819,0.0515,618.75,2016-01-28T00:00:00Z,SVP
127060,2015-08-03T17:00:00Z,-31.4327,-44.89183,-0.0818,0.0502,618.75,2016-01-28T00:00:00Z,SVP
127060,2015-08-03T18:00:00Z,-31.43196,-44.89662,-0.1301,0.0661,242.54167,2016-01-28T00:00:00Z,SVP
127060,2015-08-03T19:00:00Z,-31.43083,-44.90092,-0.1159,0.0259,105.458336,2016-01-28T00:00:00Z,SVP
127060,2015-08-03T20:00:00Z,-31.42966,-44.90376,-0.0608,0.0402,151.20834,2016-01-28T00:00:00Z,SVP
127060,2015-08-03T21:00:00Z,-31.42953,-44.90826,-0.2739,-0.1122,0.0,2016-01-28T00:00:00Z,SVP
127060,2015-08-03T22:00:00Z,-31.43317,-44.91725,-0.2327,-0.1053,397.20834,2016-01-28T00:00:00Z,SVP
127060,2015-08-03T23:00:00Z,-31.43673,-44.92741,-0.2387,-0.1043,397.20834,2016-01-28T00:00:00Z,SVP
127060,2015-08-04T00:00:00Z,-31.44009,-44.93425,-0.0593,-0.1055,109.041664,2016-01-28T00:00:00Z,SVP
127060,2015-08-04T01:00:00Z,-31.44363,-44.93723,-0.1202,-0.1102,126.58333,2016-01-28T00:00:00Z,SVP
127060,2015-08-04T02:00:00Z,-31.44642,-44.94253,-0.1142,-0.0807,123.0,2016-01-28T00:00:00Z,SVP
127060,2015-08-04T03:00:00Z,-31.4486,-44.94442,-0.0741,-0.0618,340.95834,2016-01-28T00:00:00Z,SVP
127060,2015-08-04T04:00:00Z,-31.45073,-44.94706,-0.0742,-0.0615,340.95834,2016-01-28T00:00:00Z,SVP
127060,2015-08-04T05:00:00Z,-31.45244,-44.95028,-0.0665,-0.0483,260.0833,2016-01-28T00:00:00Z,SVP
127060,2015-08-04T06:00:00Z,-31.45372,-44.95285,-0.0681,-0.0488,260.0833,2016-01-28T00:00:00Z,SVP
127060,2015-08-04T07:00:00Z,-31.456,-44.95564,-0.0225,-0.0914,207.45834,2016-01-28T00:00:00Z,SVP
127060,2015-08-04T08:00:00Z,-31.459,-44.95599,-0.0201,-0.0913,207.45834,2016-01-28T00:00:00Z,SVP
127060,2015-08-04T09:00:00Z,-31.46244,-44.96008,-0.1982,-0.1181,249.58333,2016-01-28T00:00:00Z,SVP
127060,2015-08-04T10:00:00Z,-31.46687,-44.96792,-0.1963,-0.1164,249.58333,2016-01-28T00:00:00Z,SVP
127060,2015-08-04T11:00:00Z,-31.4689,-44.97326,0.0019,-0.0168,108.91667,2016-01-28T00:00:00Z,SVP
127060,2015-08-04T12:00:00Z,-31.47013,-44.97226,-0.1148,-0.08,137.08333,2016-01-28T00:00:00Z,SVP
127060,2015-08-04T13:00:00Z,-31.47295,-44.97622,-0.1134,-0.0894,639.9166,2016-01-28T00:00:00Z,SVP
127060,2015-08-04T14:00:00Z,-31.47556,-44.98012,-0.1142,-0.0898,639.9166,2016-01-28T00:00:00Z,SVP
127060,2015-08-04T15:00:00Z,-31.47828,-44.98453,-0.1137,-0.0902,639.9166,2016-01-28T00:00:00Z,SVP
127060,2015-08-04T16:00:00Z,-31.48095,-44.98921,-0.1119,-0.0908,639.9166,2016-01-28T00:00:00Z,SVP
127060,2015-08-04T17:00:00Z,-31.48359,-44.99399,-0.0938,-0.0903,246.16667,2016-01-28T00:00:00Z,SVP
127060,2015-08-04T18:00:00Z,-31.48726,-44.9966,-0.0929,-0.0908,246.16667,2016-01-28T00:00:00Z,SVP
127060,2015-08-04T19:00:00Z,-31.489,-44.99929,-0.0639,-0.0578,112.5,2016-01-28T00:00:00Z,SVP
127060,2015-08-04T20:00:00Z,-31.49009,-45.00105,-0.1658,-0.0586,145.95833,2016-01-28T00:00:00Z,SVP
127060,2015-08-04T21:00:00Z,-31.49281,-45.00761,-0.2073,-0.0824,114.29167,2016-01-28T00:00:00Z,SVP
127060,2015-08-04T22:00:00Z,-31.4972,-45.01209,-0.0511,-0.1873,112.5,2016-01-28T00:00:00Z,SVP
127060,2015-08-04T23:00:00Z,-31.50252,-45.01394,-0.0272,-0.1924,270.74997,2016-01-28T00:00:00Z,SVP
127060,2015-08-05T00:00:00Z,-31.5094,-45.0137,-0.0221,-0.1915,270.74997,2016-01-28T00:00:00Z,SVP
127060,2015-08-05T01:00:00Z,-31.51221,-45.02567,-0.275,-0.1303,112.5,2016-01-28T00:00:00Z,SVP
127060,2015-08-05T02:00:00Z,-31.51757,-45.03225,-0.0154,-0.1012,376.2083,2016-01-28T00:00:00Z,SVP
127060,2015-08-05T03:00:00Z,-31.52076,-45.03271,-0.0155,-0.1004,376.2083,2016-01-28T00:00:00Z,SVP
127060,2015-08-05T04:00:00Z,-31.52444,-45.03352,-0.0132,-0.096,376.2083,2016-01-28T00:00:00Z,SVP
127060,2015-08-05T05:00:00Z,-31.52741,-45.03396,-0.0081,-0.0893,253.20834,2016-01-28T00:00:00Z,SVP
127060,2015-08-05T06:00:00Z,-31.52983,-45.03465,-0.0532,-0.1073,105.458336,2016-01-28T00:00:00Z,SVP
127060,2015-08-05T07:00:00Z,-31.53442,-45.03789,-0.1059,-0.1308,186.29166,2016-01-28T00:00:00Z,SVP
127060,2015-08-05T08:00:00Z,-31.53802,-45.04226,-0.0498,-0.1128,270.74997,2016-01-28T00:00:00Z,SVP
127060,2015-08-05T09:00:00Z,-31.54249,-45.04388,-0.046,-0.1132,270.74997,2016-01-28T00:00:00Z,SVP
127060,2015-08-05T10:00:00Z,-31.54635,-45.04489,0.0152,-0.1137,253.20834,2016-01-28T00:00:00Z,SVP
127060,2015-08-05T11:00:00Z,-31.54919,-45.0437,0.0184,-0.1117,253.20834,2016-01-28T00:00:00Z,SVP
127060,2015-08-05T12:00:00Z,-31.55135,-45.04295,0.0251,-0.0551,133.66667,2016-01-28T00:00:00Z,SVP
127060,2015-08-05T13:00:00Z,-31.55059,-45.04455,-0.065,-0.1337,562.5,2016-01-28T00:00:00Z,SVP
127060,2015-08-05T14:00:00Z,-31.55575,-45.04679,-0.065,-0.1296,562.5,2016-01-28T00:00:00Z,SVP
127060,2015-08-05T15:00:00Z,-31.56025,-45.0494,-0.0644,-0.1276,562.5,2016-01-28T00:00:00Z,SVP
127060,2015-08-05T16:00:00Z,-31.56455,-45.05223,-0.0632,-0.126,562.5,2016-01-28T00:00:00Z,SVP
127060,2015-08-05T17:00:00Z,-31.56839,-45.05468,-0.0471,-0.1267,232.04169,2016-01-28T00:00:00Z,SVP
127060,2015-08-05T18:00:00Z,-31.57225,-45.05494,-0.0451,-0.1255,232.04169,2016-01-28T00:00:00Z,SVP
127060,2015-08-05T19:00:00Z,-31.57482,-45.05743,-0.0499,-0.0832,288.2917,2016-01-28T00:00:00Z,SVP
127060,2015-08-05T20:00:00Z,-31.5778,-45.05997,-0.0503,-0.0831,288.2917,2016-01-28T00:00:00Z,SVP
127060,2015-08-05T21:00:00Z,-31.5784,-45.06011,0.0402,-0.0804,149.41667,2016-01-28T00:00:00Z,SVP
127060,2015-08-05T22:00:00Z,-31.58068,-45.05854,-0.0035,-0.1279,274.2083,2016-01-28T00:00:00Z,SVP
127060,2015-08-05T23:00:00Z,-31.58534,-45.05892,-0.0086,-0.1298,274.2083,2016-01-28T00:00:00Z,SVP
127060,2015-08-06T00:00:00Z,-31.59012,-45.0609,-0.2246,-0.1457,140.70834,2016-01-28T00:00:00Z,SVP
127060,2015-08-06T01:00:00Z,-31.5944,-45.07157,-0.3096,-0.1246,115.958336,2016-01-28T00:00:00Z,SVP
127060,2015-08-06T02:00:00Z,-31.59872,-45.07593,0.0218,-0.1121,407.83334,2016-01-28T00:00:00Z,SVP
127060,2015-08-06T03:00:00Z,-31.60173,-45.07532,0.0242,-0.1148,407.83334,2016-01-28T00:00:00Z,SVP
127060,2015-08-06T04:00:00Z,-31.6048,-45.07572,0.0323,-0.1187,407.83334,2016-01-28T00:00:00Z,SVP
127060,2015-08-06T05:00:00Z,-31.60933,-45.07293,0.0498,-0.1072,239.08334,2016-01-28T00:00:00Z,SVP
127060,2015-08-06T06:00:00Z,-31.61235,-45.0719,-0.0094,-0.0754,105.458336,2016-01-28T00:00:00Z,SVP
127060,2015-08-06T07:00:00Z,-31.6137,-45.07237,-0.0065,-0.012,154.66667,2016-01-28T00:00:00Z,SVP
127060,2015-08-06T08:00:00Z,-31.61425,-45.07159,0.0561,-0.0094,249.58333,2016-01-28T00:00:00Z,SVP
127060,2015-08-06T09:00:00Z,-31.61225,-45.06705,0.0831,0.0209,249.58333,2016-01-28T00:00:00Z,SVP
127060,2015-08-06T10:00:00Z,-31.62135,-45.07281,-0.0231,-0.1005,274.2083,2016-01-28T00:00:00Z,SVP
127060,2015-08-06T11:00:00Z,-31.63038,-45.07326,-0.1605,0.088,130.04166,2016-01-28T00:00:00Z,SVP
127060,2015-08-06T12:00:00Z,-31.62639,-45.07932,-0.1788,-0.1113,126.58333,2016-01-28T00:00:00Z,SVP
127060,2015-08-06T13:00:00Z,-31.62911,-45.0845,-0.024,-0.1338,583.6666,2016-01-28T00:00:00Z,SVP
127060,2015-08-06T14:00:00Z,-31.63394,-45.08473,-0.0263,-0.1346,583.6666,2016-01-28T00:00:00Z,SVP
127060,2015-08-06T15:00:00Z,-31.63881,-45.08575,-0.0258,-0.1356,583.6666,2016-01-28T00:00:00Z,SVP
127060,2015-08-06T16:00:00Z,-31.64424,-45.08718,-0.0225,-0.1377,583.6666,2016-01-28T00:00:00Z,SVP
127060,2015-08-06T17:00:00Z,-31.64801,-45.08816,-0.0101,-0.0989,232.04169,2016-01-28T00:00:00Z,SVP
127060,2015-08-06T18:00:00Z,-31.64972,-45.08744,-0.0078,-0.1179,232.04169,2016-01-28T00:00:00Z,SVP
127060,2015-08-06T19:00:00Z,-31.65343,-45.08816,-0.0049,-0.0871,253.20834,2016-01-28T00:00:00Z,SVP
127060,2015-08-06T20:00:00Z,-31.65753,-45.08937,-0.0109,-0.1302,105.458336,2016-01-28T00:00:00Z,SVP
127060,2015-08-06T21:00:00Z,-31.66172,-45.08914,-0.0227,-0.1025,147.58333,2016-01-28T00:00:00Z,SVP
127060,2015-08-06T22:00:00Z,-31.66537,-45.09007,-0.0418,-0.0883,418.33334,2016-01-28T00:00:00Z,SVP
127060,2015-08-06T23:00:00Z,-31.66786,-45.09122,-0.0412,-0.0884,418.33334,2016-01-28T00:00:00Z,SVP
127060,2015-08-07T00:00:00Z,-31.6704,-45.09229,-0.0418,-0.0894,418.33334,2016-01-28T00:00:00Z,SVP
127060,2015-08-07T01:00:00Z,-31.67465,-45.09545,-0.0551,-0.1194,147.58333,2016-01-28T00:00:00Z,SVP
127060,2015-08-07T02:00:00Z,-31.67902,-45.09641,0.0074,-0.0438,295.33334,2016-01-28T00:00:00Z,SVP
127060,2015-08-07T03:00:00Z,-31.67953,-45.09685,0.0089,-0.0449,295.33334,2016-01-28T00:00:00Z,SVP
127060,2015-08-07T04:00:00Z,-31.67918,-45.09799,-0.0043,-0.1076,242.54167,2016-01-28T00:00:00Z,SVP
127060,2015-08-07T05:00:00Z,-31.68353,-45.09625,-0.0045,-0.0947,242.54167,2016-01-28T00:00:00Z,SVP
127060,2015-08-07T06:00:00Z,-31.68708,-45.09694,-0.0512,-0.1474,225.0,2016-01-28T00:00:00Z,SVP
127060,2015-08-07T07:00:00Z,-31.69216,-45.10019,-0.0505,-0.1478,225.0,2016-01-28T00:00:00Z,SVP
127060,2015-08-07T08:00:00Z,-31.69714,-45.1008,-0.0025,-0.1652,119.54167,2016-01-28T00:00:00Z,SVP
127060,2015-08-07T09:00:00Z,-31.70347,-45.102,0.1027,-0.1121,249.58333,2016-01-28T00:00:00Z,SVP
127060,2015-08-07T10:00:00Z,-31.70684,-45.0985,0.109,-0.113,249.58333,2016-01-28T00:00:00Z,SVP
127060,2015-08-07T11:00:00Z,-31.70983,-45.09282,0.1726,-0.0719,161.70833,2016-01-28T00:00:00Z,SVP
127060,2015-08-07T12:00:00Z,-31.71142,-45.08264,0.278,-0.0478,116.083336,2016-01-28T00:00:00Z,SVP
127060,2015-08-07T13:00:00Z,-31.71587,-45.08078,0.106,-0.139,144.16667,2016-01-28T00:00:00Z,SVP
127060,2015-08-07T14:00:00Z,-31.71729,-45.07507,0.0529,-0.0892,460.5,2016-01-28T00:00:00Z,SVP
127060,2015-08-07T15:00:00Z,-31.725,-45.0733,0.055,-0.1567,460.5,2016-01-28T00:00:00Z,SVP
127060,2015-08-07T16:00:00Z,-31.73146,-45.07304,0.0634,-0.1645,460.5,2016-01-28T00:00:00Z,SVP
127060,2015-08-07T17:00:00Z,-31.72924,-45.06915,0.0876,0.0771,253.20834,2016-01-28T00:00:00Z,SVP
127060,2015-08-07T18:00:00Z,-31.72518,-45.06445,0.0277,0.0084,295.33334,2016-01-28T00:00:00Z,SVP
127060,2015-08-07T19:00:00Z,-31.7258,-45.06421,0.0209,0.0029,295.33334,2016-01-28T00:00:00Z,SVP
127060,2015-08-07T20:00:00Z,-31.7266,-45.06368,-0.0324,-0.1097,63.291664,2016-01-28T00:00:00Z,SVP
127060,2015-08-07T21:00:00Z,-31.73072,-45.06647,0.002,0.0476,0.0,2016-01-28T00:00:00Z,SVP
127060,2015-08-07T22:00:00Z,-31.73192,-45.06742,0.0013,-0.119,351.58334,2016-01-28T00:00:00Z,SVP
127060,2015-08-07T23:00:00Z,-31.73623,-45.06707,0.0031,-0.1191,351.58334,2016-01-28T00:00:00Z,SVP
127060,2015-08-08T00:00:00Z,-31.73935,-45.06712,0.0345,-0.1141,105.458336,2016-01-28T00:00:00Z,SVP
127060,2015-08-08T01:00:00Z,-31.74273,-45.06468,0.073,-0.1073,126.58333,2016-01-28T00:00:00Z,SVP
127060,2015-08-08T02:00:00Z,-31.7458,-45.06195,0.1111,-0.238,319.9583,2016-01-28T00:00:00Z,SVP
127060,2015-08-08T03:00:00Z,-31.75386,-45.05778,0.1127,-0.2369,319.9583,2016-01-28T00:00:00Z,SVP
127060,2015-08-08T04:00:00Z,-31.76203,-45.0523,0.1697,-0.2748,256.66666,2016-01-28T00:00:00Z,SVP
127060,2015-08-08T05:00:00Z,-31.77087,-45.04477,0.1774,-0.2752,256.66666,2016-01-28T00:00:00Z,SVP
127060,2015-08-08T06:00:00Z,-31.77912,-45.03452,0.2619,-0.2588,189.91667,2016-01-28T00:00:00Z,SVP
127060,2015-08-08T07:00:00Z,-31.78457,-45.02364,0.3291,0.0188,172.20833,2016-01-28T00:00:00Z,SVP
127060,2015-08-08T08:00:00Z,-31.78404,-45.01101,0.2402,-0.0276,77.41667,2016-01-28T00:00:00Z,SVP
127060,2015-08-08T09:00:00Z,-31.78575,-45.00178,0.2424,-0.0746,239.08334,2016-01-28T00:00:00Z,SVP
127060,2015-08-08T10:00:00Z,-31.78802,-44.99298,0.2643,0.1422,305.83334,2016-01-28T00:00:00Z,SVP
127060,2015-08-08T11:00:00Z,-31.78199,-44.98184,0.2698,0.1303,305.83334,2016-01-28T00:00:00Z,SVP
127060,2015-08-08T12:00:00Z,-31.77724,-44.96214,0.125,0.1146,140.70834,2016-01-28T00:00:00Z,SVP
127060,2015-08-08T13:00:00Z,-31.77433,-44.96315,0.1632,0.0436,727.6666,2016-01-28T00:00:00Z,SVP
127060,2015-08-08T14:00:00Z,-31.77273,-44.95621,0.1635,0.0463,727.6666,2016-01-28T00:00:00Z,SVP
127060,2015-08-08T15:00:00Z,-31.77071,-44.94963,0.1634,0.0513,727.6666,2016-01-28T00:00:00Z,SVP
127060,2015-08-08T16:00:00Z,-31.76827,-44.94319,0.1633,0.0566,727.6666,2016-01-28T00:00:00Z,SVP
127060,2015-08-08T17:00:00Z,-31.76535,-44.93677,0.163,0.062,727.6666,2016-01-28T00:00:00Z,SVP
127060,2015-08-08T18:00:00Z,-31.76437,-44.9322,0.1501,0.02,260.0833,2016-01-28T00:00:00Z,SVP
127060,2015-08-08T19:00:00Z,-31.76734,-44.92807,0.1412,0.03,260.0833,2016-01-28T00:00:00Z,SVP
127060,2015-08-08T20:00:00Z,-31.76462,-44.92564,0.0738,0.0129,105.458336,2016-01-28T00:00:00Z,SVP
127060,2015-08-08T21:00:00Z,-31.76438,-44.92609,-0.0278,-0.0593,66.75,2016-01-28T00:00:00Z,SVP
127060,2015-08-08T22:00:00Z,-31.76863,-44.92341,0.1735,-0.1412,369.16666,2016-01-28T00:00:00Z,SVP
127060,2015-08-08T23:00:00Z,-31.77279,-44.91633,0.1737,-0.1411,369.16666,2016-01-28T00:00:00Z,SVP
127060,2015-08-09T00:00:00Z,-31.77703,-44.90928,0.1732,-0.1416,369.16666,2016-01-28T00:00:00Z,SVP
127060,2015-08-09T01:00:00Z,-31.78303,-44.9044,0.1477,-0.1667,144.16667,2016-01-28T00:00:00Z,SVP
127060,2015-08-09T02:00:00Z,-31.79833,-44.90157,0.2408,-0.1186,478.2083,2016-01-28T00:00:00Z,SVP
127060,2015-08-09T03:00:00Z,-31.79635,-44.89061,0.2324,-0.1616,478.2083,2016-01-28T00:00:00Z,SVP
127060,2015-08-09T04:00:00Z,-31.80093,-44.8819,0.2337,-0.1662,478.2083,2016-01-28T00:00:00Z,SVP
127060,2015-08-09T05:00:00Z,-31.806,-44.87362,0.2405,-0.1686,478.2083,2016-01-28T00:00:00Z,SVP
127060,2015-08-09T06:00:00Z,-31.81121,-44.86348,0.282,-0.111,379.66666,2016-01-28T00:00:00Z,SVP
127060,2015-08-09T07:00:00Z,-31.81688,-44.85303,0.2819,-0.1215,379.66666,2016-01-28T00:00:00Z,SVP
127060,2015-08-09T08:00:00Z,-31.81987,-44.84113,0.3408,-0.0217,256.66666,2016-01-28T00:00:00Z,SVP
127060,2015-08-09T09:00:00Z,-31.81446,-44.82663,0.3379,-0.0558,256.66666,2016-01-28T00:00:00Z,SVP
127060,2015-08-09T10:00:00Z,-31.81757,-44.8148,0.3346,-0.0328,334.04166,2016-01-28T00:00:00Z,SVP
127060,2015-08-09T11:00:00Z,-31.82056,-44.80206,0.3334,-0.0094,334.04166,2016-01-28T00:00:00Z,SVP
127060,2015-08-09T12:00:00Z,-31.82065,-44.78997,0.2513,0.1083,133.66667,2016-01-28T00:00:00Z,SVP
127060,2015-08-09T13:00:00Z,-31.81213,-44.78648,0.0751,0.2932,112.5,2016-01-28T00:00:00Z,SVP
127060,2015-08-09T14:00:00Z,-31.81938,-44.78189,0.0938,-0.0511,650.4166,2016-01-28T00:00:00Z,SVP
127060,2015-08-09T15:00:00Z,-31.82163,-44.7779,0.0937,-0.0496,650.4166,2016-01-28T00:00:00Z,SVP
127060,2015-08-09T16:00:00Z,-31.82331,-44.77431,0.0938,-0.0495,650.4166,2016-01-28T00:00:00Z,SVP
127060,2015-08-09T17:00:00Z,-31.82477,-44.77101,0.0943,-0.0501,650.4166,2016-01-28T00:00:00Z,SVP
127060,2015-08-09T18:00:00Z,-31.82514,-44.76809,0.1317,-0.0897,355.0417,2016-01-28T00:00:00Z,SVP
127060,2015-08-09T19:00:00Z,-31.82745,-44.76319,0.132,-0.0916,355.0417,2016-01-28T00:00:00Z,SVP
127060,2015-08-09T20:00:00Z,-31.83083,-44.75857,0.1141,-0.109,91.33333,2016-01-28T00:00:00Z,SVP
127060,2015-08-09T21:00:00Z,-31.83543,-44.75373,0.1351,-0.2028,170.54166,2016-01-28T00:00:00Z,SVP
127060,2015-08-09T22:00:00Z,-31.84235,-44.75069,0.0883,-0.2616,339.2917,2016-01-28T00:00:00Z,SVP
127060,2015-08-09T23:00:00Z,-31.85003,-44.74346,0.1371,-0.258,339.2917,2016-01-28T00:00:00Z,SVP
127060,2015-08-10T00:00:00Z,-31.85691,-44.73616,0.1693,-0.3307,253.20834,2016-01-28T00:00:00Z,SVP
127060,2015-08-10T01:00:00Z,-31.86919,-44.74145,0.0568,-0.3232,253.20834,2016-01-28T00:00:00Z,SVP
127060,2015-08-10T02:00:00Z,-31.88025,-44.7381,0.2108,-0.3588,502.79166,2016-01-28T00:00:00Z,SVP
127060,2015-08-10T03:00:00Z,-31.89153,-44.72895,0.208,-0.3587,502.79166,2016-01-28T00:00:00Z,SVP
127060,2015-08-10T04:00:00Z,-31.90275,-44.71316,0.1546,-0.3586,502.79166,2016-01-28T00:00:00Z,SVP
127060,2015-08-10T05:00:00Z,-31.91319,-44.70357,0.2506,-0.387,362.08334,2016-01-28T00:00:00Z,SVP
127060,2015-08-10T06:00:00Z,-31.92676,-44.69739,0.2584,-0.3796,362.08334,2016-01-28T00:00:00Z,SVP
127060,2015-08-10T07:00:00Z,-31.93908,-44.69731,0.2177,-0.3804,362.08334,2016-01-28T00:00:00Z,SVP
127060,2015-08-10T08:00:00Z,-31.95189,-44.68356,0.4667,-0.4195,217.95833,2016-01-28T00:00:00Z,SVP
127060,2015-08-10T09:00:00Z,-31.96528,-44.66584,0.4187,-0.4085,242.54167,2016-01-28T00:00:00Z,SVP
127060,2015-08-10T10:00:00Z,-31.97845,-44.65535,0.3684,-0.407,242.54167,2016-01-28T00:00:00Z,SVP
127060,2015-08-10T11:00:00Z,-31.98923,-44.64589,0.2653,-0.3451,126.58333,2016-01-28T00:00:00Z,SVP
127060,2015-08-10T12:00:00Z,-31.99803,-44.63952,0.2379,-0.2366,126.58333,2016-01-28T00:00:00Z,SVP
127060,2015-08-10T13:00:00Z,-32.00705,-44.63235,0.0515,-0.3822,657.4584,2016-01-28T00:00:00Z,SVP
127060,2015-08-10T14:00:00Z,-32.01975,-44.63093,0.0522,-0.3816,657.4584,2016-01-28T00:00:00Z,SVP
127060,2015-08-10T15:00:00Z,-32.03208,-44.62869,0.0513,-0.3818,657.4584,2016-01-28T00:00:00Z,SVP
127060,2015-08-10T16:00:00Z,-32.04427,-44.62614,0.049,-0.3825,657.4584,2016-01-28T00:00:00Z,SVP
127060,2015-08-10T17:00:00Z,-32.05631,-44.62332,0.0434,-0.384,657.4584,2016-01-28T00:00:00Z,SVP
127060,2015-08-10T18:00:00Z,-32.06913,-44.62299,-0.0239,-0.4007,390.29166,2016-01-28T00:00:00Z,SVP
127060,2015-08-10T19:00:00Z,-32.0823,-44.62375,-0.0259,-0.4005,390.29166,2016-01-28T00:00:00Z,SVP
127060,2015-08-10T20:00:00Z,-32.09529,-44.6241,-0.0482,-0.4034,246.16667,2016-01-28T00:00:00Z,SVP
127060,2015-08-10T21:00:00Z,-32.10834,-44.62802,-0.0468,-0.4033,246.16667,2016-01-28T00:00:00Z,SVP
127060,2015-08-10T22:00:00Z,-32.12136,-44.63045,-0.0409,-0.3974,442.95834,2016-01-28T00:00:00Z,SVP
127060,2015-08-10T23:00:00Z,-32.13421,-44.63108,-0.0436,-0.3974,442.95834,2016-01-28T00:00:00Z,SVP
127060,2015-08-11T00:00:00Z,-32.1471,-44.63212,-0.0463,-0.3973,442.95834,2016-01-28T00:00:00Z,SVP
127060,2015-08-11T01:00:00Z,-32.15947,-44.63431,-0.03,-0.373,123.0,2016-01-28T00:00:00Z,SVP
127060,2015-08-11T02:00:00Z,-32.16762,-44.63442,0.0029,-0.251,527.4166,2016-01-28T00:00:00Z,SVP
127060,2015-08-11T03:00:00Z,-32.17555,-44.63392,0.0027,-0.2509,527.4166,2016-01-28T00:00:00Z,SVP
127060,2015-08-11T04:00:00Z,-32.1837,-44.63374,0.0027,-0.2507,527.4166,2016-01-28T00:00:00Z,SVP
127060,2015-08-11T05:00:00Z,-32.1925,-44.63389,0.0252,-0.2462,330.45834,2016-01-28T00:00:00Z,SVP
127060,2015-08-11T06:00:00Z,-32.20028,-44.6331,0.0255,-0.2464,330.45834,2016-01-28T00:00:00Z,SVP
127060,2015-08-11T07:00:00Z,-32.20775,-44.63261,0.0261,-0.2471,330.45834,2016-01-28T00:00:00Z,SVP
127060,2015-08-11T08:00:00Z,-32.21753,-44.63233,0.0071,-0.2777,189.91667,2016-01-28T00:00:00Z,SVP
127060,2015-08-11T09:00:00Z,-32.22457,-44.63424,-0.0703,-0.1229,196.95833,2016-01-28T00:00:00Z,SVP
127060,2015-08-11T10:00:00Z,-32.22952,-44.63831,-0.0398,-0.125,140.70834,2016-01-28T00:00:00Z,SVP
127060,2015-08-11T11:00:00Z,-32.232,-44.63633,-0.1176,-0.087,123.0,2016-01-28T00:00:00Z,SVP
127060,2015-08-11T12:00:00Z,-32.23576,-44.64128,-0.0811,-0.0985,112.5,2016-01-28T00:00:00Z,SVP
127060,2015-08-11T13:00:00Z,-32.23805,-44.6445,-0.0606,-0.0932,706.6666,2016-01-28T00:00:00Z,SVP
127060,2015-08-11T14:00:00Z,-32.24162,-44.64671,-0.0604,-0.0936,706.6666,2016-01-28T00:00:00Z,SVP
127060,2015-08-11T15:00:00Z,-32.24496,-44.64898,-0.0604,-0.0937,706.6666,2016-01-28T00:00:00Z,SVP
127060,2015-08-11T16:00:00Z,-32.24835,-44.65125,-0.0603,-0.0939,706.6666,2016-01-28T00:00:00Z,SVP
127060,2015-08-11T17:00:00Z,-32.25207,-44.65351,-0.0603,-0.0942,706.6666,2016-01-28T00:00:00Z,SVP
127060,2015-08-11T18:00:00Z,-32.25486,-44.65561,-0.0543,-0.1082,242.54167,2016-01-28T00:00:00Z,SVP
127060,2015-08-11T19:00:00Z,-32.25751,-44.65722,-0.0211,-0.1383,119.54167,2016-01-28T00:00:00Z,SVP
127060,2015-08-11T20:00:00Z,-32.2646,-44.65932,-0.0831,-0.1419,210.91667,2016-01-28T00:00:00Z,SVP
127060,2015-08-11T21:00:00Z,-32.26742,-44.65878,-0.0897,-0.155,210.91667,2016-01-28T00:00:00Z,SVP
127060,2015-08-11T22:00:00Z,-32.27392,-44.66395,-0.1395,-0.1358,474.58334,2016-01-28T00:00:00Z,SVP
127060,2015-08-11T23:00:00Z,-32.27863,-44.66945,-0.1389,-0.1332,474.58334,2016-01-28T00:00:00Z,SVP
127060,2015-08-12T00:00:00Z,-32.28295,-44.67447,-0.1452,-0.1336,474.58334,2016-01-28T00:00:00Z,SVP
127060,2015-08-12T01:00:00Z,-32.28757,-44.67675,0.0103,-0.1381,137.08333,2016-01-28T00:00:00Z,SVP
127060,2015-08-12T02:00:00Z,-32.29169,-44.6741,0.0909,-0.1681,421.95834,2016-01-28T00:00:00Z,SVP
127060,2015-08-12T03:00:00Z,-32.2972,-44.67196,0.0819,-0.169,421.95834,2016-01-28T00:00:00Z,SVP
127060,2015-08-12T04:00:00Z,-32.30232,-44.67472,0.0208,-0.1687,421.95834,2016-01-28T00:00:00Z,SVP
127060,2015-08-12T05:00:00Z,-32.30814,-44.67352,0.0281,-0.1946,235.50002,2016-01-28T00:00:00Z,SVP
127060,2015-08-12T06:00:00Z,-32.31545,-44.66075,0.0884,-0.1952,235.50002,2016-01-28T00:00:00Z,SVP
127060,2015-08-12T07:00:00Z,-32.32141,-44.66925,0.0847,-0.1993,115.958336,2016-01-28T00:00:00Z,SVP
127060,2015-08-12T08:00:00Z,-32.32617,-44.65981,0.0505,-0.1162,186.29166,2016-01-28T00:00:00Z,SVP
127060,2015-08-12T09:00:00Z,-32.32964,-44.65892,0.0855,-0.0949,481.66666,2016-01-28T00:00:00Z,SVP
127060,2015-08-12T10:00:00Z,-32.33246,-44.65658,0.0911,-0.0954,481.66666,2016-01-28T00:00:00Z,SVP
127060,2015-08-12T11:00:00Z,-32.3354,-44.6537,0.0961,-0.0959,481.66666,2016-01-28T00:00:00Z,SVP
127060,2015-08-12T12:00:00Z,-32.33817,-44.64868,0.1105,-0.0747,112.5,2016-01-28T00:00:00Z,SVP
127060,2015-08-12T13:00:00Z,-32.33833,-44.64314,0.1383,-0.011,137.08333,2016-01-28T00:00:00Z,SVP
127060,2015-08-12T14:00:00Z,-32.33898,-44.64152,0.0525,-0.0019,587.0834,2016-01-28T00:00:00Z,SVP
127060,2015-08-12T15:00:00Z,-32.33911,-44.63955,0.0521,-0.002,587.0834,2016-01-28T00:00:00Z,SVP
127060,2015-08-12T16:00:00Z,-32.33919,-44.6371,0.0524,-0.002,587.0834,2016-01-28T00:00:00Z,SVP
127060,2015-08-12T17:00:00Z,-32.33922,-44.633,0.0555,-0.0021,587.0834,2016-01-28T00:00:00Z,SVP
127060,2015-08-12T18:00:00Z,-32.33934,-44.63468,-0.0236,-0.007,239.08334,2016-01-28T00:00:00Z,SVP
127060,2015-08-12T19:00:00Z,-32.33969,-44.6354,-0.0092,-0.0193,119.54167,2016-01-28T00:00:00Z,SVP
127060,2015-08-12T20:00:00Z,-32.34075,-44.63518,0.0243,-0.043,182.83333,2016-01-28T00:00:00Z,SVP
127060,2015-08-12T21:00:00Z,-32.34254,-44.63696,-0.6261,-0.088,0.0,2016-01-28T00:00:00Z,SVP
127060,2015-08-12T22:00:00Z,-32.34513,-44.63495,-0.0963,-0.0774,189.91667,2016-01-28T00:00:00Z,SVP
127060,2015-08-12T23:00:00Z,-32.34707,-44.63917,-0.0355,-0.0597,246.16667,2016-01-28T00:00:00Z,SVP
127060,2015-08-13T00:00:00Z,-32.34948,-44.64188,-0.0519,-0.0664,101.833336,2016-01-28T00:00:00Z,SVP
127060,2015-08-13T01:00:00Z,-32.35166,-44.64299,-0.0066,-0.091,133.66667,2016-01-28T00:00:00Z,SVP
127060,2015-08-13T02:00:00Z,-32.35466,-44.64373,0.0254,-0.0933,446.4167,2016-01-28T00:00:00Z,SVP
127060,2015-08-13T03:00:00Z,-32.35749,-44.64264,0.0261,-0.0933,446.4167,2016-01-28T00:00:00Z,SVP
127060,2015-08-13T04:00:00Z,-32.36038,-44.64187,0.0269,-0.0934,446.4167,2016-01-28T00:00:00Z,SVP
127060,2015-08-13T05:00:00Z,-32.36468,-44.63968,0.0534,-0.1192,242.54167,2016-01-28T00:00:00Z,SVP
127060,2015-08-13T06:00:00Z,-32.36889,-44.63592,0.0594,-0.1255,242.54167,2016-01-28T00:00:00Z,SVP
127060,2015-08-13T07:00:00Z,-32.37705,-44.63325,0.1432,-0.1127,172.20833,2016-01-28T00:00:00Z,SVP
127060,2015-08-13T08:00:00Z,-32.38059,-44.62687,0.218,-0.072,80.83333,2016-01-28T00:00:00Z,SVP
127060,2015-08-13T09:00:00Z,-32.3842,-44.61696,0.219,-0.2042,246.16667,2016-01-28T00:00:00Z,SVP
127060,2015-08-13T10:00:00Z,-32.39208,-44.61276,0.1686,-0.2272,246.16667,2016-01-28T00:00:00Z,SVP
127060,2015-08-13T11:00:00Z,-32.39325,-44.60438,0.187,0.1927,196.95833,2016-01-28T00:00:00Z,SVP
127060,2015-08-13T12:00:00Z,-32.38531,-44.5931,0.0425,0.076,130.04166,2016-01-28T00:00:00Z,SVP
127060,2015-08-13T13:00:00Z,-32.38226,-44.59144,0.0416,0.0617,611.7083,2016-01-28T00:00:00Z,SVP
127060,2015-08-13T14:00:00Z,-32.38037,-44.58982,0.0417,0.0619,611.7083,2016-01-28T00:00:00Z,SVP
127060,2015-08-13T15:00:00Z,-32.37848,-44.58827,0.0418,0.0621,611.7083,2016-01-28T00:00:00Z,SVP
127060,2015-08-13T16:00:00Z,-32.37664,-44.58679,0.0422,0.0626,611.7083,2016-01-28T00:00:00Z,SVP
127060,2015-08-13T17:00:00Z,-32.37504,-44.58547,0.0419,0.0573,239.08334,2016-01-28T00:00:00Z,SVP
127060,2015-08-13T18:00:00Z,-32.37252,-44.5834,0.0434,0.0602,239.08334,2016-01-28T00:00:00Z,SVP
127060,2015-08-13T19:00:00Z,-32.37298,-44.58275,0.0276,0.0088,112.5,2016-01-28T00:00:00Z,SVP
127060,2015-08-13T20:00:00Z,-32.37228,-44.58188,0.0058,-0.0051,147.58333,2016-01-28T00:00:00Z,SVP
127060,2015-08-13T21:00:00Z,-32.37139,-44.58533,-0.1633,0.057,154.66667,2016-01-28T00:00:00Z,SVP
127060,2015-08-13T22:00:00Z,-32.37357,-44.59438,0.1391,-0.0625,249.58333,2016-01-28T00:00:00Z,SVP
127060,2015-08-13T23:00:00Z,-32.37441,-44.58249,0.02,-0.052,249.58333,2016-01-28T00:00:00Z,SVP
127060,2015-08-14T00:00:00Z,-32.37866,-44.58311,0.1137,-0.1285,112.5,2016-01-28T00:00:00Z,SVP
127060,2015-08-14T01:00:00Z,-32.38273,-44.57958,0.0118,-0.2362,144.16667,2016-01-28T00:00:00Z,SVP
127060,2015-08-14T02:00:00Z,-32.38916,-44.58804,0.3342,-0.0744,348.0,2016-01-28T00:00:00Z,SVP
127060,2015-08-14T03:00:00Z,-32.39081,-44.56523,0.2192,-0.0774,348.0,2016-01-28T00:00:00Z,SVP
127060,2015-08-14T04:00:00Z,-32.39348,-44.55689,0.2208,-0.0749,348.0,2016-01-28T00:00:00Z,SVP
127060,2015-08-14T05:00:00Z,-32.39583,-44.54886,0.2575,-0.0555,242.54167,2016-01-28T00:00:00Z,SVP
127060,2015-08-14T06:00:00Z,-32.39759,-44.53912,0.2377,-0.0733,98.416664,2016-01-28T00:00:00Z,SVP
127060,2015-08-14T07:00:00Z,-32.39979,-44.52972,0.2574,-0.0532,137.08333,2016-01-28T00:00:00Z,SVP
127060,2015-08-14T08:00:00Z,-32.39827,-44.52083,0.2317,0.0725,119.54167,2016-01-28T00:00:00Z,SVP
127060,2015-08-14T09:00:00Z,-32.39567,-44.51249,0.212,0.0883,130.04166,2016-01-28T00:00:00Z,SVP
127060,2015-08-14T10:00:00Z,-32.40696,-44.50243,0.2931,-0.2372,140.70834,2016-01-28T00:00:00Z,SVP
127060,2015-08-14T11:00:00Z,-32.39543,-44.49074,0.2932,0.087,210.91667,2016-01-28T00:00:00Z,SVP
127060,2015-08-14T12:00:00Z,-32.39196,-44.48186,0.1546,0.2389,147.58333,2016-01-28T00:00:00Z,SVP
127060,2015-08-14T13:00:00Z,-32.38595,-44.47948,0.077,0.1374,112.5,2016-01-28T00:00:00Z,SVP
127060,2015-08-14T14:00:00Z,-32.38267,-44.47524,0.1369,0.0818,523.7917,2016-01-28T00:00:00Z,SVP
127060,2015-08-14T15:00:00Z,-32.38003,-44.46999,0.1378,0.0813,523.7917,2016-01-28T00:00:00Z,SVP
127060,2015-08-14T16:00:00Z,-32.3769,-44.46589,0.1509,0.0785,523.7917,2016-01-28T00:00:00Z,SVP
127060,2015-08-14T17:00:00Z,-32.37415,-44.46059,0.2241,0.0081,235.50002,2016-01-28T00:00:00Z,SVP
127060,2015-08-14T18:00:00Z,-32.37408,-44.45182,0.2279,0.0036,235.50002,2016-01-28T00:00:00Z,SVP
127060,2015-08-14T19:00:00Z,-32.37603,-44.44296,0.2314,-0.0521,203.83333,2016-01-28T00:00:00Z,SVP
127060,2015-08-14T20:00:00Z,-32.37679,-44.43623,0.1661,-0.0138,147.58333,2016-01-28T00:00:00Z,SVP
127060,2015-08-14T21:00:00Z,-32.37646,-44.43742,-0.2285,0.0189,98.416664,2016-01-28T00:00:00Z,SVP
127060,2015-08-14T22:00:00Z,-32.37926,-44.43389,0.1482,-0.1119,397.3333,2016-01-28T00:00:00Z,SVP
127060,2015-08-14T23:00:00Z,-32.38308,-44.41033,0.265,-0.1126,397.3333,2016-01-28T00:00:00Z,SVP
127060,2015-08-15T00:00:00Z,-32.38584,-44.40037,0.0733,-0.1144,123.0,2016-01-28T00:00:00Z,SVP
127060,2015-08-15T01:00:00Z,-32.38958,-44.40249,0.2725,-0.0817,126.58333,2016-01-28T00:00:00Z,SVP
127060,2015-08-15T02:00:00Z,-32.39171,-44.39187,0.3056,-0.0916,376.2083,2016-01-28T00:00:00Z,SVP
127060,2015-08-15T03:00:00Z,-32.39503,-44.38102,0.3078,-0.0905,376.2083,2016-01-28T00:00:00Z,SVP
127060,2015-08-15T04:00:00Z,-32.39821,-44.37033,0.3275,-0.089,376.2083,2016-01-28T00:00:00Z,SVP
127060,2015-08-15T05:00:00Z,-32.40019,-44.3567,0.314,-0.0794,242.54167,2016-01-28T00:00:00Z,SVP
127060,2015-08-15T06:00:00Z,-32.40282,-44.34288,0.3545,-0.0681,200.41666,2016-01-28T00:00:00Z,SVP
127060,2015-08-15T07:00:00Z,-32.39481,-44.33312,0.324,0.0514,200.41666,2016-01-28T00:00:00Z,SVP
127060,2015-08-15T08:00:00Z,-32.4101,-44.31623,0.3442,-0.1105,154.66667,2016-01-28T00:00:00Z,SVP
127060,2015-08-15T09:00:00Z,-32.41328,-44.30472,0.2902,-0.1025,126.58333,2016-01-28T00:00:00Z,SVP
127060,2015-08-15T10:00:00Z,-32.41613,-44.29413,0.2957,-0.0793,249.58333,2016-01-28T00:00:00Z,SVP
127060,2015-08-15T11:00:00Z,-32.41919,-44.28109,0.3076,-0.0807,249.58333,2016-01-28T00:00:00Z,SVP
127060,2015-08-15T12:00:00Z,-32.42139,-44.27441,0.2032,-0.0772,249.58333,2016-01-28T00:00:00Z,SVP
127060,2015-08-15T13:00:00Z,-32.41602,-44.27623,0.2771,-0.1867,544.9583,2016-01-28T00:00:00Z,SVP
127060,2015-08-15T14:00:00Z,-32.42337,-44.26335,0.262,-0.1774,544.9583,2016-01-28T00:00:00Z,SVP
127060,2015-08-15T15:00:00Z,-32.42972,-44.24972,0.2234,-0.171,544.9583,2016-01-28T00:00:00Z,SVP
127060,2015-08-15T16:00:00Z,-32.43514,-44.24165,0.2317,-0.1738,544.9583,2016-01-28T00:00:00Z,SVP
127060,2015-08-15T17:00:00Z,-32.44094,-44.23303,0.2807,-0.2123,235.50002,2016-01-28T00:00:00Z,SVP
127060,2015-08-15T18:00:00Z,-32.44744,-44.22257,0.2815,-0.214,235.50002,2016-01-28T00:00:00Z,SVP
127060,2015-08-15T19:00:00Z,-32.45727,-44.21374,0.2395,-0.2841,348.0,2016-01-28T00:00:00Z,SVP
127060,2015-08-15T20:00:00Z,-32.46659,-44.20412,0.2416,-0.286,348.0,2016-01-28T00:00:00Z,SVP
127060,2015-08-15T21:00:00Z,-32.47744,-44.19714,0.2221,-0.3112,94.958336,2016-01-28T00:00:00Z,SVP
127060,2015-08-15T22:00:00Z,-32.48334,-44.18427,0.3081,-0.2158,379.66666,2016-01-28T00:00:00Z,SVP
127060,2015-08-15T23:00:00Z,-32.48848,-44.17116,0.3037,-0.2099,379.66666,2016-01-28T00:00:00Z,SVP
127060,2015-08-16T00:00:00Z,-32.49551,-44.16077,0.3042,-0.4547,133.66667,2016-01-28T00:00:00Z,SVP
127060,2015-08-16T01:00:00Z,-32.51006,-44.14903,0.3384,-0.416,112.5,2016-01-28T00:00:00Z,SVP
127060,2015-08-16T02:00:00Z,-32.51729,-44.13543,0.368,-0.2178,404.25,2016-01-28T00:00:00Z,SVP
127060,2015-08-16T03:00:00Z,-32.52431,-44.12147,0.3684,-0.2172,404.25,2016-01-28T00:00:00Z,SVP
127060,2015-08-16T04:00:00Z,-32.53211,-44.10797,0.3662,-0.2064,242.54167,2016-01-28T00:00:00Z,SVP
127060,2015-08-16T05:00:00Z,-32.53823,-44.09311,0.3686,-0.2045,242.54167,2016-01-28T00:00:00Z,SVP
127060,2015-08-16T06:00:00Z,-32.54648,-44.0771,0.4206,-0.2611,168.75,2016-01-28T00:00:00Z,SVP
127060,2015-08-16T07:00:00Z,-32.55452,-44.06986,0.2864,-0.2202,186.29166,2016-01-28T00:00:00Z,SVP
127060,2015-08-16T08:00:00Z,-32.56147,-44.05722,0.3315,-0.1038,66.75,2016-01-28T00:00:00Z,SVP
127060,2015-08-16T09:00:00Z,-32.56668,-44.04099,0.5514,-0.2125,0.0,2016-01-28T00:00:00Z,SVP
127060,2015-08-16T10:00:00Z,-32.57344,-44.04895,0.0987,-0.2153,246.16667,2016-01-28T00:00:00Z,SVP
127060,2015-08-16T11:00:00Z,-32.58035,-44.0441,0.0609,-0.2635,158.25,2016-01-28T00:00:00Z,SVP
127060,2015-08-16T12:00:00Z,-32.58849,-44.04083,0.0576,-0.2778,924.5833,2016-01-28T00:00:00Z,SVP
127060,2015-08-16T13:00:00Z,-32.59756,-44.03897,0.0581,-0.2777,924.5833,2016-01-28T00:00:00Z,SVP
127060,2015-08-16T14:00:00Z,-32.60659,-44.03692,0.0584,-0.2777,924.5833,2016-01-28T00:00:00Z,SVP
127060,2015-08-16T15:00:00Z,-32.61561,-44.03479,0.0586,-0.2777,924.5833,2016-01-28T00:00:00Z,SVP
127060,2015-08-16T16:00:00Z,-32.62463,-44.03264,0.0589,-0.2777,924.5833,2016-01-28T00:00:00Z,SVP
127060,2015-08-16T17:00:00Z,-32.63366,-44.03051,0.0592,-0.2776,924.5833,2016-01-28T00:00:00Z,SVP
127060,2015-08-16T18:00:00Z,-32.64271,-44.02813,0.0582,-0.2786,340.95834,2016-01-28T00:00:00Z,SVP
127060,2015-08-16T19:00:00Z,-32.65163,-44.02546,0.0584,-0.2785,340.95834,2016-01-28T00:00:00Z,SVP
127060,2015-08-16T20:00:00Z,-32.66055,-44.02309,0.0586,-0.2785,340.95834,2016-01-28T00:00:00Z,SVP
127060,2015-08-16T21:00:00Z,-32.66619,-44.02578,-0.1415,-0.1205,189.91667,2016-01-28T00:00:00Z,SVP
127060,2015-08-16T22:00:00Z,-32.6694,-44.0315,0.0484,-0.293,59.833332,2016-01-28T00:00:00Z,SVP
127060,2015-08-16T23:00:00Z,-32.6787,-44.0273,0.1054,-0.2428,393.75,2016-01-28T00:00:00Z,SVP
127060,2015-08-17T00:00:00Z,-32.68685,-44.02399,0.1073,-0.2366,393.75,2016-01-28T00:00:00Z,SVP
127060,2015-08-17T01:00:00Z,-32.69627,-44.02051,0.0143,-0.1424,123.0,2016-01-28T00:00:00Z,SVP
127060,2015-08-17T02:00:00Z,-32.6991,-44.01636,0.0096,-0.1538,281.25,2016-01-28T00:00:00Z,SVP
127060,2015-08-17T03:00:00Z,-32.70482,-44.01806,0.0235,-0.1486,281.25,2016-01-28T00:00:00Z,SVP
127060,2015-08-17T04:00:00Z,-32.70939,-44.01748,0.0126,-0.1355,260.0833,2016-01-28T00:00:00Z,SVP
127060,2015-08-17T05:00:00Z,-32.71369,-44.01499,0.0122,-0.1325,260.0833,2016-01-28T00:00:00Z,SVP
127060,2015-08-17T06:00:00Z,-32.71641,-44.01674,-0.0669,-0.077,355.0417,2016-01-28T00:00:00Z,SVP
127060,2015-08-17T07:00:00Z,-32.71821,-44.01983,-0.0688,-0.0742,355.0417,2016-01-28T00:00:00Z,SVP
127060,2015-08-17T08:00:00Z,-32.72089,-44.0235,-0.1084,-0.0828,126.58333,2016-01-28T00:00:00Z,SVP
127060,2015-08-17T09:00:00Z,-32.7242,-44.03086,-0.2425,-0.1058,239.08334,2016-01-28T00:00:00Z,SVP
127060,2015-08-17T10:00:00Z,-32.72745,-44.0426,-0.2518,-0.105,239.08334,2016-01-28T00:00:00Z,SVP
127060,2015-08-17T11:00:00Z,-32.73076,-44.04799,-0.1943,-0.0945,179.41666,2016-01-28T00:00:00Z,SVP
127060,2015-08-17T12:00:00Z,-32.7351,-44.05191,-0.0475,-0.1498,123.0,2016-01-28T00:00:00Z,SVP
127060,2015-08-17T13:00:00Z,-32.74008,-44.05295,0.0127,-0.1161,140.70834,2016-01-28T00:00:00Z,SVP
127060,2015-08-17T14:00:00Z,-32.74306,-44.0518,0.0422,-0.0842,685.50006,2016-01-28T00:00:00Z,SVP
127060,2015-08-17T15:00:00Z,-32.74568,-44.05015,0.0423,-0.0843,685.50006,2016-01-28T00:00:00Z,SVP
127060,2015-08-17T16:00:00Z,-32.74842,-44.04862,0.0425,-0.0842,685.50006,2016-01-28T00:00:00Z,SVP
127060,2015-08-17T17:00:00Z,-32.75127,-44.04724,0.043,-0.0838,685.50006,2016-01-28T00:00:00Z,SVP
127060,2015-08-17T18:00:00Z,-32.75348,-44.04657,0.0353,-0.0607,305.83334,2016-01-28T00:00:00Z,SVP
127060,2015-08-17T19:00:00Z,-32.75495,-44.04497,0.036,-0.0594,305.83334,2016-01-28T00:00:00Z,SVP
127060,2015-08-17T20:00:00Z,-32.75502,-44.04727,-0.1857,0.0427,59.833332,2016-01-28T00:00:00Z,SVP
127060,2015-08-17T21:00:00Z,-32.75523,-44.05046,-0.0875,0.0042,182.83333,2016-01-28T00:00:00Z,SVP
127060,2015-08-17T22:00:00Z,-32.75588,-44.05287,-0.0871,0.0669,316.3333,2016-01-28T00:00:00Z,SVP
127060,2015-08-17T23:00:00Z,-32.75315,-44.05688,-0.0881,0.0639,316.3333,2016-01-28T00:00:00Z,SVP
127060,2015-08-18T00:00:00Z,-32.7515,-44.06127,-0.1187,0.0477,98.416664,2016-01-28T00:00:00Z,SVP
127060,2015-08-18T01:00:00Z,-32.75199,-44.06667,-0.1686,-0.0438,144.16667,2016-01-28T00:00:00Z,SVP
127060,2015-08-18T02:00:00Z,-32.75373,-44.07233,-0.1591,-0.0771,298.7917,2016-01-28T00:00:00Z,SVP
127060,2015-08-18T03:00:00Z,-32.75654,-44.07879,-0.1562,-0.0761,298.7917,2016-01-28T00:00:00Z,SVP
127060,2015-08-18T04:00:00Z,-32.7589,-44.08446,-0.1201,-0.0826,253.20834,2016-01-28T00:00:00Z,SVP
127060,2015-08-18T05:00:00Z,-32.76135,-44.08908,-0.1172,-0.0829,253.20834,2016-01-28T00:00:00Z,SVP
127060,2015-08-18T06:00:00Z,-32.76293,-44.08852,0.0253,-0.0443,334.04166,2016-01-28T00:00:00Z,SVP
127060,2015-08-18T07:00:00Z,-32.76576,-44.08784,0.024,-0.0585,334.04166,2016-01-28T00:00:00Z,SVP
127060,2015-08-18T08:00:00Z,-32.76521,-44.08738,0.0253,-0.0215,263.7083,2016-01-28T00:00:00Z,SVP
127060,2015-08-18T09:00:00Z,-32.76098,-44.07717,0.0895,0.0094,263.7083,2016-01-28T00:00:00Z,SVP
127060,2015-08-18T10:00:00Z,-32.76433,-44.09029,-0.1658,0.0391,217.95833,2016-01-28T00:00:00Z,SVP
127060,2015-08-18T11:00:00Z,-32.76254,-44.09678,-0.1492,0.026,217.95833,2016-01-28T00:00:00Z,SVP
127060,2015-08-18T12:00:00Z,-32.76286,-44.09802,-0.0358,-0.023,126.58333,2016-01-28T00:00:00Z,SVP
127060,2015-08-18T13:00:00Z,-32.76254,-44.09928,-0.08,0.1283,724.2083,2016-01-28T00:00:00Z,SVP
127060,2015-08-18T14:00:00Z,-32.75799,-44.10256,-0.0803,0.1283,724.2083,2016-01-28T00:00:00Z,SVP
127060,2015-08-18T15:00:00Z,-32.75367,-44.10578,-0.0805,0.1282,724.2083,2016-01-28T00:00:00Z,SVP
127060,2015-08-18T16:00:00Z,-32.74943,-44.10903,-0.0806,0.1282,724.2083,2016-01-28T00:00:00Z,SVP
127060,2015-08-18T17:00:00Z,-32.74524,-44.11244,-0.0809,0.1282,724.2083,2016-01-28T00:00:00Z,SVP
127060,2015-08-18T18:00:00Z,-32.74065,-44.11613,-0.0884,0.1419,341.0833,2016-01-28T00:00:00Z,SVP
127060,2015-08-18T19:00:00Z,-32.73615,-44.11879,-0.0864,0.142,341.0833,2016-01-28T00:00:00Z,SVP
127060,2015-08-18T20:00:00Z,-32.7319,-44.1225,-0.1542,0.1518,158.08334,2016-01-28T00:00:00Z,SVP
127060,2015-08-18T21:00:00Z,-32.72646,-44.12952,-0.1386,0.0824,91.33333,2016-01-28T00:00:00Z,SVP
127060,2015-08-18T22:00:00Z,-32.72376,-44.13439,-0.1224,0.0737,411.2917,2016-01-28T00:00:00Z,SVP
127060,2015-08-18T23:00:00Z,-32.72137,-44.13942,-0.1242,0.0745,411.2917,2016-01-28T00:00:00Z,SVP
127060,2015-08-19T00:00:00Z,-32.71985,-44.1443,-0.1248,0.069,411.2917,2016-01-28T00:00:00Z,SVP
127060,2015-08-19T01:00:00Z,-32.71516,-44.14998,-0.1418,0.0909,137.08333,2016-01-28T00:00:00Z,SVP
127060,2015-08-19T02:00:00Z,-32.7155,-44.15529,-0.0507,0.2237,464.08337,2016-01-28T00:00:00Z,SVP
127060,2015-08-19T03:00:00Z,-32.70656,-44.15715,-0.0504,0.2128,464.08337,2016-01-28T00:00:00Z,SVP
127060,2015-08-19T04:00:00Z,-32.69894,-44.15994,-0.0476,0.2061,464.08337,2016-01-28T00:00:00Z,SVP
127060,2015-08-19T05:00:00Z,-32.69256,-44.16581,-0.0025,0.2195,333.9167,2016-01-28T00:00:00Z,SVP
127060,2015-08-19T06:00:00Z,-32.68606,-44.16375,-0.0218,0.2235,333.9167,2016-01-28T00:00:00Z,SVP
127060,2015-08-19T07:00:00Z,-32.67899,-44.16372,-0.0324,0.2248,333.9167,2016-01-28T00:00:00Z,SVP
127060,2015-08-19T08:00:00Z,-32.67183,-44.16483,-0.0106,0.213,228.58334,2016-01-28T00:00:00Z,SVP
127060,2015-08-19T09:00:00Z,-32.66504,-44.16412,0.0379,0.2076,56.25,2016-01-28T00:00:00Z,SVP
127060,2015-08-19T10:00:00Z,-32.65838,-44.15641,0.2001,0.2034,242.54167,2016-01-28T00:00:00Z,SVP
127060,2015-08-19T11:00:00Z,-32.65284,-44.16149,-0.0564,0.1688,112.5,2016-01-28T00:00:00Z,SVP
127060,2015-08-19T12:00:00Z,-32.64843,-44.1641,-0.1808,0.0751,140.70834,2016-01-28T00:00:00Z,SVP
127060,2015-08-19T13:00:00Z,-32.6455,-44.16601,0.0066,0.0832,752.4166,2016-01-28T00:00:00Z,SVP
127060,2015-08-19T14:00:00Z,-32.64269,-44.16543,0.009,0.0845,752.4166,2016-01-28T00:00:00Z,SVP
127060,2015-08-19T15:00:00Z,-32.6401,-44.16503,0.0095,0.0836,752.4166,2016-01-28T00:00:00Z,SVP
127060,2015-08-19T16:00:00Z,-32.63781,-44.16487,0.0087,0.0814,752.4166,2016-01-28T00:00:00Z,SVP
127060,2015-08-19T17:00:00Z,-32.63602,-44.16516,0.0066,0.0779,752.4166,2016-01-28T00:00:00Z,SVP
127060,2015-08-19T18:00:00Z,-32.62987,-44.14286,0.1269,0.2234,239.08334,2016-01-28T00:00:00Z,SVP
127060,2015-08-19T19:00:00Z,-32.6169,-44.13623,0.1311,0.146,239.08334,2016-01-28T00:00:00Z,SVP
127060,2015-08-19T20:00:00Z,-32.61588,-44.12053,0.3105,0.2798,80.83333,2016-01-28T00:00:00Z,SVP
127060,2015-08-19T21:00:00Z,-32.60596,-44.10965,0.195,0.2747,133.66667,2016-01-28T00:00:00Z,SVP
127060,2015-08-19T22:00:00Z,-32.5984,-44.10258,0.1221,0.2366,400.79166,2016-01-28T00:00:00Z,SVP
127060,2015-08-19T23:00:00Z,-32.59111,-44.09731,0.1226,0.2373,400.79166,2016-01-28T00:00:00Z,SVP
127060,2015-08-20T00:00:00Z,-32.58438,-44.09394,0.0946,0.1828,126.58333,2016-01-28T00:00:00Z,SVP
127060,2015-08-20T01:00:00Z,-32.57937,-44.09334,-0.0225,0.1088,112.5,2016-01-28T00:00:00Z,SVP
127060,2015-08-20T02:00:00Z,-32.57586,-44.09332,0.0652,0.1186,502.79166,2016-01-28T00:00:00Z,SVP
127060,2015-08-20T03:00:00Z,-32.5719,-44.09047,0.0647,0.1187,502.79166,2016-01-28T00:00:00Z,SVP
127060,2015-08-20T04:00:00Z,-32.56804,-44.08788,0.0646,0.1188,502.79166,2016-01-28T00:00:00Z,SVP
127060,2015-08-20T05:00:00Z,-32.56466,-44.08422,0.1017,0.1158,277.79166,2016-01-28T00:00:00Z,SVP
127060,2015-08-20T06:00:00Z,-32.56094,-44.07971,0.1064,0.1154,277.79166,2016-01-28T00:00:00Z,SVP
127060,2015-08-20T07:00:00Z,-32.55721,-44.07273,0.2133,0.1298,73.791664,2016-01-28T00:00:00Z,SVP
127060,2015-08-20T08:00:00Z,-32.5526,-44.06518,0.1934,0.1318,196.95833,2016-01-28T00:00:00Z,SVP
127060,2015-08-20T09:00:00Z,-32.54861,-44.06233,0.0545,0.1229,263.7083,2016-01-28T00:00:00Z,SVP
127060,2015-08-20T10:00:00Z,-32.54609,-44.06547,0.021,0.1121,263.7083,2016-01-28T00:00:00Z,SVP
127060,2015-08-20T11:00:00Z,-32.54072,-44.06111,0.0094,0.1196,140.70834,2016-01-28T00:00:00Z,SVP
127060,2015-08-20T12:00:00Z,-32.5364,-44.06537,-0.2965,0.1482,0.0,2016-01-28T00:00:00Z,SVP
127060,2015-08-20T13:00:00Z,-32.53375,-44.07476,0.0504,-0.1733,657.4584,2016-01-28T00:00:00Z,SVP
127060,2015-08-20T14:00:00Z,-32.5403,-44.071,0.0409,-0.1708,657.4584,2016-01-28T00:00:00Z,SVP
127060,2015-08-20T15:00:00Z,-32.54575,-44.06831,0.0328,-0.1719,657.4584,2016-01-28T00:00:00Z,SVP
127060,2015-08-20T16:00:00Z,-32.55073,-44.06648,0.0266,-0.1755,657.4584,2016-01-28T00:00:00Z,SVP
127060,2015-08-20T17:00:00Z,-32.55535,-44.06521,0.0222,-0.183,657.4584,2016-01-28T00:00:00Z,SVP
127060,2015-08-20T18:00:00Z,-32.56345,-44.06318,0.0753,-0.2283,242.54167,2016-01-28T00:00:00Z,SVP
127060,2015-08-20T19:00:00Z,-32.57136,-44.06033,0.1906,-0.22,126.58333,2016-01-28T00:00:00Z,SVP
127060,2015-08-20T20:00:00Z,-32.57754,-44.0512,0.2416,-0.1787,147.58333,2016-01-28T00:00:00Z,SVP
127060,2015-08-20T21:00:00Z,-32.58301,-44.04165,0.2788,-0.1339,70.333336,2016-01-28T00:00:00Z,SVP
127060,2015-08-20T22:00:00Z,-32.58728,-44.03141,0.2807,-0.1229,355.0417,2016-01-28T00:00:00Z,SVP
127060,2015-08-20T23:00:00Z,-32.58979,-44.01886,0.2932,-0.1125,355.0417,2016-01-28T00:00:00Z,SVP
127060,2015-08-21T00:00:00Z,-32.59594,-44.01082,0.2482,-0.1509,140.70834,2016-01-28T00:00:00Z,SVP
127060,2015-08-21T01:00:00Z,-32.60069,-44.00151,0.223,-0.1176,112.5,2016-01-28T00:00:00Z,SVP
127060,2015-08-21T02:00:00Z,-32.60413,-43.99254,0.2475,-0.09,495.75,2016-01-28T00:00:00Z,SVP
127060,2015-08-21T03:00:00Z,-32.6072,-43.98337,0.2461,-0.0903,495.75,2016-01-28T00:00:00Z,SVP
127060,2015-08-21T04:00:00Z,-32.61045,-43.97447,0.2444,-0.0909,495.75,2016-01-28T00:00:00Z,SVP
127060,2015-08-21T05:00:00Z,-32.61369,-43.96471,0.2521,-0.0942,263.7083,2016-01-28T00:00:00Z,SVP
127060,2015-08-21T06:00:00Z,-32.61596,-43.95351,0.2558,-0.0919,263.7083,2016-01-28T00:00:00Z,SVP
127060,2015-08-21T07:00:00Z,-32.6213,-43.94456,0.2682,-0.2146,165.16666,2016-01-28T00:00:00Z,SVP
127060,2015-08-21T08:00:00Z,-32.62866,-43.93448,0.2406,-0.2564,98.416664,2016-01-28T00:00:00Z,SVP
127060,2015-08-21T09:00:00Z,-32.63712,-43.92933,0.0755,-0.2882,172.20833,2016-01-28T00:00:00Z,SVP
127060,2015-08-21T10:00:00Z,-32.64635,-43.92507,0.2058,-0.2289,165.29167,2016-01-28T00:00:00Z,SVP
127060,2015-08-21T11:00:00Z,-32.65243,-43.91581,0.2037,-0.2138,123.0,2016-01-28T00:00:00Z,SVP
127060,2015-08-21T12:00:00Z,-32.65977,-43.90838,0.1409,-0.2197,119.54167,2016-01-28T00:00:00Z,SVP
127060,2015-08-21T13:00:00Z,-32.66763,-43.90428,0.0773,-0.269,140.70834,2016-01-28T00:00:00Z,SVP
127060,2015-08-21T14:00:00Z,-32.67643,-43.90065,0.059,-0.3086,548.4166,2016-01-28T00:00:00Z,SVP
127060,2015-08-21T15:00:00Z,-32.68665,-43.8998,0.0519,-0.3082,548.4166,2016-01-28T00:00:00Z,SVP
127060,2015-08-21T16:00:00Z,-32.69666,-43.8993,0.0458,-0.3083,548.4166,2016-01-28T00:00:00Z,SVP
127060,2015-08-21T17:00:00Z,-32.70653,-43.89917,0.0428,-0.3089,548.4166,2016-01-28T00:00:00Z,SVP
127060,2015-08-21T18:00:00Z,-32.71769,-43.89203,0.175,-0.3419,242.54167,2016-01-28T00:00:00Z,SVP
127060,2015-08-21T19:00:00Z,-32.72734,-43.8873,0.0615,-0.2929,98.416664,2016-01-28T00:00:00Z,SVP
127060,2015-08-21T20:00:00Z,-32.73418,-43.88695,-0.0289,-0.1288,140.70834,2016-01-28T00:00:00Z,SVP
127060,2015-08-21T21:00:00Z,-32.73796,-43.88517,0.1411,-0.1443,137.08333,2016-01-28T00:00:00Z,SVP
127060,2015-08-21T22:00:00Z,-32.74724,-43.87952,0.1413,-0.0752,323.41666,2016-01-28T00:00:00Z,SVP
127060,2015-08-21T23:00:00Z,-32.7489,-43.87416,0.1408,-0.0805,323.41666,2016-01-28T00:00:00Z,SVP
127060,2015-08-22T00:00:00Z,-32.75104,-43.86826,0.1292,-0.071,0.0,2016-01-28T00:00:00Z,SVP
127060,2015-08-22T01:00:00Z,-32.75391,-43.86434,0.1118,-0.0648,253.20834,2016-01-28T00:00:00Z,SVP
127060,2015-08-22T02:00:00Z,-32.75598,-43.86214,0.0032,-0.0284,414.9167,2016-01-28T00:00:00Z,SVP
127060,2015-08-22T03:00:00Z,-32.75628,-43.86315,0.0052,-0.0258,414.9167,2016-01-28T00:00:00Z,SVP
127060,2015-08-22T04:00:00Z,-32.75721,-43.86358,0.0072,-0.0247,414.9167,2016-01-28T00:00:00Z,SVP
127060,2015-08-22T05:00:00Z,-32.75682,-43.86369,-0.0195,0.0159,239.08334,2016-01-28T00:00:00Z,SVP
127060,2015-08-22T06:00:00Z,-32.7557,-43.86362,-0.0181,0.0166,239.08334,2016-01-28T00:00:00Z,SVP
127060,2015-08-22T07:00:00Z,-32.7558,-43.86622,-0.0478,0.0119,217.95833,2016-01-28T00:00:00Z,SVP
127060,2015-08-22T08:00:00Z,-32.75717,-43.86812,-0.0597,-0.0735,130.04166,2016-01-28T00:00:00Z,SVP
127060,2015-08-22T09:00:00Z,-32.76828,-43.86989,-0.0617,-0.3221,119.54167,2016-01-28T00:00:00Z,SVP
127060,2015-08-22T10:00:00Z,-32.75678,-43.87315,-0.0873,0.0772,330.45834,2016-01-28T00:00:00Z,SVP
127060,2015-08-22T11:00:00Z,-32.75413,-43.87641,-0.0895,0.0765,330.45834,2016-01-28T00:00:00Z,SVP
127060,2015-08-22T12:00:00Z,-32.75154,-43.88105,-0.1157,0.109,112.5,2016-01-28T00:00:00Z,SVP
127060,2015-08-22T13:00:00Z,-32.75106,-43.88155,0.0659,0.0321,815.7083,2016-01-28T00:00:00Z,SVP
127060,2015-08-22T14:00:00Z,-32.74966,-43.87972,0.0678,0.0314,815.7083,2016-01-28T00:00:00Z,SVP
127060,2015-08-22T15:00:00Z,-32.74856,-43.87738,0.0687,0.0313,815.7083,2016-01-28T00:00:00Z,SVP
127060,2015-08-22T16:00:00Z,-32.74754,-43.8749,0.0693,0.0314,815.7083,2016-01-28T00:00:00Z,SVP
127060,2015-08-22T17:00:00Z,-32.74658,-43.87237,0.07,0.0316,815.7083,2016-01-28T00:00:00Z,SVP
127060,2015-08-22T18:00:00Z,-32.74571,-43.86984,0.0712,0.0321,815.7083,2016-01-28T00:00:00Z,SVP
127060,2015-08-22T19:00:00Z,-32.74374,-43.86641,0.077,0.0575,214.5,2016-01-28T00:00:00Z,SVP
127060,2015-08-22T20:00:00Z,-32.74098,-43.86201,0.1461,0.116,133.66667,2016-01-28T00:00:00Z,SVP
127060,2015-08-22T21:00:00Z,-32.73661,-43.85488,0.2168,0.1487,109.041664,2016-01-28T00:00:00Z,SVP
127060,2015-08-22T22:00:00Z,-32.73182,-43.84645,0.1777,0.1475,446.4167,2016-01-28T00:00:00Z,SVP
127060,2015-08-22T23:00:00Z,-32.72701,-43.84042,0.178,0.1476,446.4167,2016-01-28T00:00:00Z,SVP
127060,2015-08-23T00:00:00Z,-32.72222,-43.83437,0.1788,0.1477,446.4167,2016-01-28T00:00:00Z,SVP
127060,2015-08-23T01:00:00Z,-32.71824,-43.82715,0.1577,0.1302,140.70834,2016-01-28T00:00:00Z,SVP
127060,2015-08-23T02:00:00Z,-32.7159,-43.82988,0.0538,0.104,116.083336,2016-01-28T00:00:00Z,SVP
127060,2015-08-23T03:00:00Z,-32.71219,-43.82913,0.1544,0.0844,312.91666,2016-01-28T00:00:00Z,SVP
127060,2015-08-23T04:00:00Z,-32.70643,-43.82316,0.155,0.1063,312.91666,2016-01-28T00:00:00Z,SVP
127060,2015-08-23T05:00:00Z,-32.70583,-43.81676,0.1901,-0.0167,425.41666,2016-01-28T00:00:00Z,SVP
127060,2015-08-23T06:00:00Z,-32.70658,-43.8098,0.191,-0.0155,425.41666,2016-01-28T00:00:00Z,SVP
127060,2015-08-23T07:00:00Z,-32.70691,-43.80332,0.1942,-0.0186,425.41666,2016-01-28T00:00:00Z,SVP
127060,2015-08-23T08:00:00Z,-32.70811,-43.79338,0.2267,-0.0324,168.75,2016-01-28T00:00:00Z,SVP
127060,2015-08-23T09:00:00Z,-32.70947,-43.78178,0.2801,-0.0457,246.16667,2016-01-28T00:00:00Z,SVP
127060,2015-08-23T10:00:00Z,-32.7115,-43.7779,0.1958,-0.049,246.16667,2016-01-28T00:00:00Z,SVP
127060,2015-08-23T11:00:00Z,-32.71246,-43.7637,0.3155,-0.036,210.91667,2016-01-28T00:00:00Z,SVP
127060,2015-08-23T12:00:00Z,-32.71345,-43.75105,0.3172,-0.0679,144.16667,2016-01-28T00:00:00Z,SVP
127060,2015-08-23T13:00:00Z,-32.71555,-43.73904,0.3539,-0.0862,601.2084,2016-01-28T00:00:00Z,SVP
127060,2015-08-23T14:00:00Z,-32.7184,-43.72511,0.3558,-0.0863,601.2084,2016-01-28T00:00:00Z,SVP
127060,2015-08-23T15:00:00Z,-32.72127,-43.7115,0.3559,-0.0864,601.2084,2016-01-28T00:00:00Z,SVP
127060,2015-08-23T16:00:00Z,-32.72425,-43.69859,0.3534,-0.0866,601.2084,2016-01-28T00:00:00Z,SVP
127060,2015-08-23T17:00:00Z,-32.72727,-43.68614,0.3547,-0.0873,235.50002,2016-01-28T00:00:00Z,SVP
127060,2015-08-23T18:00:00Z,-32.72944,-43.66891,0.3678,-0.0859,235.50002,2016-01-28T00:00:00Z,SVP
127060,2015-08-23T19:00:00Z,-32.73267,-43.65673,0.3455,-0.0913,168.75,2016-01-28T00:00:00Z,SVP
127060,2015-08-23T20:00:00Z,-32.73475,-43.64353,0.2468,-0.0356,119.54167,2016-01-28T00:00:00Z,SVP
127060,2015-08-23T21:00:00Z,-32.73626,-43.63638,0.0468,-0.0607,63.291664,2016-01-28T00:00:00Z,SVP
127060,2015-08-23T22:00:00Z,-32.7374,-43.62623,0.3364,-0.0348,390.1667,2016-01-28T00:00:00Z,SVP
127060,2015-08-23T23:00:00Z,-32.73888,-43.61194,0.3369,-0.0342,390.1667,2016-01-28T00:00:00Z,SVP
127060,2015-08-24T00:00:00Z,-32.74051,-43.59732,0.3374,-0.0325,390.1667,2016-01-28T00:00:00Z,SVP
127060,2015-08-24T01:00:00Z,-32.74058,-43.59039,0.1072,-0.044,130.04166,2016-01-28T00:00:00Z,SVP
127060,2015-08-24T02:00:00Z,-32.74308,-43.5862,0.1743,-0.0338,316.3333,2016-01-28T00:00:00Z,SVP
127060,2015-08-24T03:00:00Z,-32.74291,-43.57903,0.1756,-0.0342,316.3333,2016-01-28T00:00:00Z,SVP
127060,2015-08-24T04:00:00Z,-32.74213,-43.57376,0.2121,0.0109,263.7083,2016-01-28T00:00:00Z,SVP
127060,2015-08-24T05:00:00Z,-32.74498,-43.565,0.2104,-0.0133,263.7083,2016-01-28T00:00:00Z,SVP
127060,2015-08-24T06:00:00Z,-32.74638,-43.55799,0.1234,-0.0379,147.58333,2016-01-28T00:00:00Z,SVP
127060,2015-08-24T07:00:00Z,-32.74302,-43.55354,0.0616,-0.1629,203.83333,2016-01-28T00:00:00Z,SVP
127060,2015-08-24T08:00:00Z,-32.74962,-43.55053,0.0511,-0.1172,203.83333,2016-01-28T00:00:00Z,SVP
127060,2015-08-24T09:00:00Z,-32.7532,-43.55251,-0.0241,-0.134,267.16666,2016-01-28T00:00:00Z,SVP
127060,2015-08-24T10:00:00Z,-32.75762,-43.55446,0.082,-0.1107,246.16667,2016-01-28T00:00:00Z,SVP
127060,2015-08-24T11:00:00Z,-32.76061,-43.54777,0.0386,-0.1077,246.16667,2016-01-28T00:00:00Z,SVP
127060,2015-08-24T12:00:00Z,-32.76571,-43.5468,0.0618,-0.2135,133.66667,2016-01-28T00:00:00Z,SVP
127060,2015-08-24T13:00:00Z,-32.77242,-43.54401,0.0531,-0.235,625.7917,2016-01-28T00:00:00Z,SVP
127060,2015-08-24T14:00:00Z,-32.7802,-43.54182,0.053,-0.2348,625.7917,2016-01-28T00:00:00Z,SVP
127060,2015-08-24T15:00:00Z,-32.7879,-43.53977,0.053,-0.2346,625.7917,2016-01-28T00:00:00Z,SVP
127060,2015-08-24T16:00:00Z,-32.79561,-43.53779,0.0533,-0.2343,625.7917,2016-01-28T00:00:00Z,SVP
127060,2015-08-24T17:00:00Z,-32.80237,-43.5346,0.1106,-0.1893,232.04169,2016-01-28T00:00:00Z,SVP
127060,2015-08-24T18:00:00Z,-32.80892,-43.53095,0.1107,-0.1874,232.04169,2016-01-28T00:00:00Z,SVP
127060,2015-08-24T19:00:00Z,-32.81377,-43.52557,0.1217,-0.1688,393.75,2016-01-28T00:00:00Z,SVP
127060,2015-08-24T20:00:00Z,-32.8187,-43.52012,0.1241,-0.1676,393.75,2016-01-28T00:00:00Z,SVP
127060,2015-08-24T21:00:00Z,-32.82327,-43.51568,0.0704,-0.1433,467.5417,2016-01-28T00:00:00Z,SVP
127060,2015-08-24T22:00:00Z,-32.82852,-43.51367,0.068,-0.1486,467.5417,2016-01-28T00:00:00Z,SVP
127060,2015-08-24T23:00:00Z,-32.8347,-43.51134,0.0669,-0.1578,467.5417,2016-01-28T00:00:00Z,SVP
127060,2015-08-25T00:00:00Z,-32.83888,-43.51106,9.0E-4,-0.0985,133.66667,2016-01-28T00:00:00Z,SVP
127060,2015-08-25T01:00:00Z,-32.84048,-43.51303,-0.0434,-0.0386,112.5,2016-01-28T00:00:00Z,SVP
127060,2015-08-25T02:00:00Z,-32.84203,-43.51463,0.0368,-0.0504,365.70834,2016-01-28T00:00:00Z,SVP
127060,2015-08-25T03:00:00Z,-32.84309,-43.51268,0.0341,-0.0528,365.70834,2016-01-28T00:00:00Z,SVP
127060,2015-08-25T04:00:00Z,-32.84464,-43.51092,0.06,-0.0736,246.16667,2016-01-28T00:00:00Z,SVP
127060,2015-08-25T05:00:00Z,-32.84772,-43.50971,0.0537,-0.0795,246.16667,2016-01-28T00:00:00Z,SVP
127060,2015-08-25T06:00:00Z,-32.85064,-43.50983,0.0031,-0.1035,344.54166,2016-01-28T00:00:00Z,SVP
127060,2015-08-25T07:00:00Z,-32.85501,-43.50068,0.1029,-0.1083,344.54166,2016-01-28T00:00:00Z,SVP
127060,2015-08-25T08:00:00Z,-32.85995,-43.49592,-0.139,-0.0722,495.75,2016-01-28T00:00:00Z,SVP
127060,2015-08-25T09:00:00Z,-32.86078,-43.50185,-0.1362,-0.0786,495.75,2016-01-28T00:00:00Z,SVP
127060,2015-08-25T10:00:00Z,-32.86284,-43.50701,-0.138,-0.0802,495.75,2016-01-28T00:00:00Z,SVP
127060,2015-08-25T11:00:00Z,-32.86526,-43.51181,-0.1462,-0.0806,495.75,2016-01-28T00:00:00Z,SVP
127060,2015-08-25T12:00:00Z,-32.86825,-43.5193,-0.1697,-0.0817,239.08334,2016-01-28T00:00:00Z,SVP
127060,2015-08-25T13:00:00Z,-32.87026,-43.52474,0.0815,-0.0808,537.9166,2016-01-28T00:00:00Z,SVP
127060,2015-08-25T14:00:00Z,-32.87317,-43.52079,0.0784,-0.0811,537.9166,2016-01-28T00:00:00Z,SVP
127060,2015-08-25T15:00:00Z,-32.87625,-43.51825,0.082,-0.0816,537.9166,2016-01-28T00:00:00Z,SVP
127060,2015-08-25T16:00:00Z,-32.88059,-43.51735,0.0981,-0.0857,537.9166,2016-01-28T00:00:00Z,SVP
127060,2015-08-25T17:00:00Z,-32.88238,-43.51226,0.0994,0.0337,235.50002,2016-01-28T00:00:00Z,SVP
127060,2015-08-25T18:00:00Z,-32.88145,-43.50613,0.188,0.0421,340.95834,2016-01-28T00:00:00Z,SVP
127060,2015-08-25T19:00:00Z,-32.88008,-43.50489,0.0746,0.0419,340.95834,2016-01-28T00:00:00Z,SVP
127060,2015-08-25T20:00:00Z,-32.8785,-43.50316,0.0696,0.0422,340.95834,2016-01-28T00:00:00Z,SVP
127060,2015-08-25T21:00:00Z,-32.87668,-43.49429,0.2566,0.0941,207.45834,2016-01-28T00:00:00Z,SVP
127060,2015-08-25T22:00:00Z,-32.87367,-43.4866,0.1046,0.1687,235.50002,2016-01-28T00:00:00Z,SVP
127060,2015-08-25T23:00:00Z,-32.8682,-43.48068,0.0898,0.1701,235.50002,2016-01-28T00:00:00Z,SVP
127060,2015-08-26T00:00:00Z,-32.86199,-43.47765,0.1116,0.2051,137.08333,2016-01-28T00:00:00Z,SVP
127060,2015-08-26T01:00:00Z,-32.85455,-43.47269,0.1399,0.2509,112.5,2016-01-28T00:00:00Z,SVP
127060,2015-08-26T02:00:00Z,-32.84848,-43.46779,0.1257,0.1709,137.08333,2016-01-28T00:00:00Z,SVP
127060,2015-08-26T03:00:00Z,-32.84668,-43.46299,0.1333,0.0606,239.08334,2016-01-28T00:00:00Z,SVP
127060,2015-08-26T04:00:00Z,-32.84442,-43.4585,0.15,0.0209,253.20834,2016-01-28T00:00:00Z,SVP
127060,2015-08-26T05:00:00Z,-32.8438,-43.45151,0.1462,0.021,253.20834,2016-01-28T00:00:00Z,SVP
127060,2015-08-26T06:00:00Z,-32.84381,-43.44439,0.1888,-0.0015,323.41666,2016-01-28T00:00:00Z,SVP
127060,2015-08-26T07:00:00Z,-32.84366,-43.43904,0.1747,-0.0012,323.41666,2016-01-28T00:00:00Z,SVP
127060,2015-08-26T08:00:00Z,-32.84472,-43.43053,0.1917,-0.0329,196.95833,2016-01-28T00:00:00Z,SVP
127060,2015-08-26T09:00:00Z,-32.84558,-43.42166,0.1356,-0.0377,267.16666,2016-01-28T00:00:00Z,SVP
127060,2015-08-26T10:00:00Z,-32.84724,-43.4173,0.1341,-0.0413,267.16666,2016-01-28T00:00:00Z,SVP
127060,2015-08-26T11:00:00Z,-32.8447,-43.41267,0.1091,0.0527,151.20834,2016-01-28T00:00:00Z,SVP
127060,2015-08-26T12:00:00Z,-32.84277,-43.40786,0.1584,0.0056,119.54167,2016-01-28T00:00:00Z,SVP
127060,2015-08-26T13:00:00Z,-32.84365,-43.39592,0.3026,-0.0441,140.70834,2016-01-28T00:00:00Z,SVP
127060,2015-08-26T14:00:00Z,-32.84544,-43.38438,0.2918,-0.0468,664.49994,2016-01-28T00:00:00Z,SVP
127060,2015-08-26T15:00:00Z,-32.84671,-43.37378,0.2944,-0.0463,664.49994,2016-01-28T00:00:00Z,SVP
127060,2015-08-26T16:00:00Z,-32.84797,-43.36241,0.2939,-0.046,664.49994,2016-01-28T00:00:00Z,SVP
127060,2015-08-26T17:00:00Z,-32.84912,-43.35083,0.2914,-0.0458,664.49994,2016-01-28T00:00:00Z,SVP
127060,2015-08-26T18:00:00Z,-32.85126,-43.33993,0.2428,-0.1402,312.91666,2016-01-28T00:00:00Z,SVP
127060,2015-08-26T19:00:00Z,-32.85701,-43.33144,0.2423,-0.1371,312.91666,2016-01-28T00:00:00Z,SVP
127060,2015-08-26T20:00:00Z,-32.86524,-43.32407,0.2495,-0.0645,246.16667,2016-01-28T00:00:00Z,SVP
127060,2015-08-26T21:00:00Z,-32.86496,-43.3122,0.2408,-0.1014,246.16667,2016-01-28T00:00:00Z,SVP
127060,2015-08-26T22:00:00Z,-32.86858,-43.30302,0.2251,-0.0778,390.1667,2016-01-28T00:00:00Z,SVP
127060,2015-08-26T23:00:00Z,-32.87135,-43.29464,0.225,-0.0782,390.1667,2016-01-28T00:00:00Z,SVP
127060,2015-08-27T00:00:00Z,-32.87379,-43.2859,0.2238,-0.0793,390.1667,2016-01-28T00:00:00Z,SVP
127060,2015-08-27T01:00:00Z,-32.87892,-43.28089,0.1289,-0.1647,411.2917,2016-01-28T00:00:00Z,SVP
127060,2015-08-27T02:00:00Z,-32.88397,-43.27602,0.1293,-0.1647,411.2917,2016-01-28T00:00:00Z,SVP
127060,2015-08-27T03:00:00Z,-32.88892,-43.27141,0.1299,-0.1651,411.2917,2016-01-28T00:00:00Z,SVP
127060,2015-08-27T04:00:00Z,-32.89518,-43.26678,0.1235,-0.2313,249.58333,2016-01-28T00:00:00Z,SVP
127060,2015-08-27T05:00:00Z,-32.9024,-43.25964,0.1416,-0.2349,249.58333,2016-01-28T00:00:00Z,SVP
127060,2015-08-27T06:00:00Z,-32.91199,-43.25897,0.0886,-0.2783,295.33334,2016-01-28T00:00:00Z,SVP
127060,2015-08-27T07:00:00Z,-32.9211,-43.25872,0.0795,-0.2792,295.33334,2016-01-28T00:00:00Z,SVP
127060,2015-08-27T08:00:00Z,-32.92942,-43.25263,0.0654,-0.2704,175.79167,2016-01-28T00:00:00Z,SVP
127060,2015-08-27T09:00:00Z,-32.9386,-43.25371,-0.1478,-0.2757,56.25,2016-01-28T00:00:00Z,SVP
127060,2015-08-27T10:00:00Z,-32.9463,-43.25865,0.0924,-0.16,196.95833,2016-01-28T00:00:00Z,SVP
127060,2015-08-27T11:00:00Z,-32.95188,-43.25366,0.0815,-0.1609,196.95833,2016-01-28T00:00:00Z,SVP
127060,2015-08-27T12:00:00Z,-32.957,-43.25111,0.0747,-0.1651,256.66666,2016-01-28T00:00:00Z,SVP
127060,2015-08-27T13:00:00Z,-32.9623,-43.24659,0.0511,-0.1477,977.4166,2016-01-28T00:00:00Z,SVP
127060,2015-08-27T14:00:00Z,-32.96694,-43.24518,0.0515,-0.1471,977.4166,2016-01-28T00:00:00Z,SVP
127060,2015-08-27T15:00:00Z,-32.97168,-43.24337,0.0517,-0.147,977.4166,2016-01-28T00:00:00Z,SVP
127060,2015-08-27T16:00:00Z,-32.97647,-43.24144,0.0517,-0.1471,977.4166,2016-01-28T00:00:00Z,SVP
127060,2015-08-27T17:00:00Z,-32.98134,-43.23942,0.0516,-0.1473,977.4166,2016-01-28T00:00:00Z,SVP
127060,2015-08-27T18:00:00Z,-32.98636,-43.23732,0.0514,-0.1478,977.4166,2016-01-28T00:00:00Z,SVP
127060,2015-08-27T19:00:00Z,-32.99191,-43.23492,0.0506,-0.149,977.4166,2016-01-28T00:00:00Z,SVP
127060,2015-08-27T20:00:00Z,-32.99143,-43.23336,0.188,0.0947,182.83333,2016-01-28T00:00:00Z,SVP
127060,2015-08-27T21:00:00Z,-32.98766,-43.22428,0.1809,0.0905,182.83333,2016-01-28T00:00:00Z,SVP
127060,2015-08-27T22:00:00Z,-32.98441,-43.21838,0.2047,0.0834,499.20834,2016-01-28T00:00:00Z,SVP
127060,2015-08-27T23:00:00Z,-32.98219,-43.21088,0.2046,0.0807,499.20834,2016-01-28T00:00:00Z,SVP
127060,2015-08-28T00:00:00Z,-32.98034,-43.20336,0.2048,0.078,499.20834,2016-01-28T00:00:00Z,SVP
127060,2015-08-28T01:00:00Z,-32.97246,-43.19532,0.1825,0.3393,140.70834,2016-01-28T00:00:00Z,SVP
127060,2015-08-28T02:00:00Z,-32.96225,-43.19471,-0.006,0.307,541.3334,2016-01-28T00:00:00Z,SVP
127060,2015-08-28T03:00:00Z,-32.95218,-43.19507,-0.008,0.3066,541.3334,2016-01-28T00:00:00Z,SVP
127060,2015-08-28T04:00:00Z,-32.94124,-43.1937,-0.0226,0.3099,541.3334,2016-01-28T00:00:00Z,SVP
127060,2015-08-28T05:00:00Z,-32.92953,-43.19263,-0.0634,0.1983,327.0,2016-01-28T00:00:00Z,SVP
127060,2015-08-28T06:00:00Z,-32.9235,-43.19647,-0.0635,0.1989,327.0,2016-01-28T00:00:00Z,SVP
127060,2015-08-28T07:00:00Z,-32.91687,-43.20003,-0.0578,0.1927,327.0,2016-01-28T00:00:00Z,SVP
127060,2015-08-28T08:00:00Z,-32.91642,-43.20054,-0.0538,-0.0073,179.25,2016-01-28T00:00:00Z,SVP
127060,2015-08-28T09:00:00Z,-32.91942,-43.20264,-0.0315,-0.067,161.70833,2016-01-28T00:00:00Z,SVP
127060,2015-08-28T10:00:00Z,-32.92028,-43.19787,0.2835,0.0056,235.66666,2016-01-28T00:00:00Z,SVP
127060,2015-08-28T11:00:00Z,-32.92032,-43.18564,0.3754,0.0264,108.91667,2016-01-28T00:00:00Z,SVP
127060,2015-08-28T12:00:00Z,-32.91948,-43.17144,0.4083,0.0039,140.70834,2016-01-28T00:00:00Z,SVP
127060,2015-08-28T13:00:00Z,-32.91958,-43.1571,0.2759,0.0286,710.0834,2016-01-28T00:00:00Z,SVP
127060,2015-08-28T14:00:00Z,-32.91846,-43.14721,0.2761,0.0289,710.0834,2016-01-28T00:00:00Z,SVP
127060,2015-08-28T15:00:00Z,-32.91754,-43.13719,0.2767,0.029,710.0834,2016-01-28T00:00:00Z,SVP
127060,2015-08-28T16:00:00Z,-32.91678,-43.12745,0.2781,0.0291,710.0834,2016-01-28T00:00:00Z,SVP
127060,2015-08-28T17:00:00Z,-32.91635,-43.1187,0.2839,0.0292,710.0834,2016-01-28T00:00:00Z,SVP
127060,2015-08-28T18:00:00Z,-32.9143,-43.10717,0.2677,0.0527,351.58334,2016-01-28T00:00:00Z,SVP
127060,2015-08-28T19:00:00Z,-32.91208,-43.09396,0.2751,0.0533,351.58334,2016-01-28T00:00:00Z,SVP
127060,2015-08-28T20:00:00Z,-32.91061,-43.08187,0.3328,0.0675,137.08333,2016-01-28T00:00:00Z,SVP
127060,2015-08-28T21:00:00Z,-32.91152,-43.06997,0.3114,-0.0638,109.041664,2016-01-28T00:00:00Z,SVP
127060,2015-08-28T22:00:00Z,-32.91262,-43.05838,0.2424,-0.0459,407.83334,2016-01-28T00:00:00Z,SVP
127060,2015-08-28T23:00:00Z,-32.91397,-43.04881,0.2398,-0.0452,407.83334,2016-01-28T00:00:00Z,SVP
127060,2015-08-29T00:00:00Z,-32.91639,-43.03809,0.2242,-0.0348,407.83334,2016-01-28T00:00:00Z,SVP
127060,2015-08-29T01:00:00Z,-32.91601,-43.03334,0.0639,-0.0864,112.5,2016-01-28T00:00:00Z,SVP
127060,2015-08-29T02:00:00Z,-32.92113,-43.03396,0.0873,-0.0827,784.0417,2016-01-28T00:00:00Z,SVP
127060,2015-08-29T03:00:00Z,-32.92281,-43.02923,0.0836,-0.085,784.0417,2016-01-28T00:00:00Z,SVP
127060,2015-08-29T04:00:00Z,-32.92527,-43.02574,0.0831,-0.0857,784.0417,2016-01-28T00:00:00Z,SVP
127060,2015-08-29T05:00:00Z,-32.92788,-43.02248,0.083,-0.0861,784.0417,2016-01-28T00:00:00Z,SVP
127060,2015-08-29T06:00:00Z,-32.9305,-43.01934,0.0833,-0.0866,784.0417,2016-01-28T00:00:00Z,SVP
127060,2015-08-29T07:00:00Z,-32.9329,-43.01615,0.1311,-0.058,140.70834,2016-01-28T00:00:00Z,SVP
127060,2015-08-29T08:00:00Z,-32.9369,-43.0114,0.0851,-0.137,130.04166,2016-01-28T00:00:00Z,SVP
127060,2015-08-29T09:00:00Z,-32.93836,-43.00548,0.0707,-0.1854,267.16666,2016-01-28T00:00:00Z,SVP
127060,2015-08-29T10:00:00Z,-32.94608,-43.00534,0.0653,-0.1654,267.16666,2016-01-28T00:00:00Z,SVP
127060,2015-08-29T11:00:00Z,-32.95104,-43.00107,0.1315,-0.1804,130.04166,2016-01-28T00:00:00Z,SVP
127060,2015-08-29T12:00:00Z,-32.95634,-42.99678,0.0803,-0.1306,123.0,2016-01-28T00:00:00Z,SVP
127060,2015-08-29T13:00:00Z,-32.95581,-43.00912,-0.278,-0.0854,119.54167,2016-01-28T00:00:00Z,SVP
127060,2015-08-29T14:00:00Z,-32.96178,-42.99424,0.052,-0.0941,625.7917,2016-01-28T00:00:00Z,SVP
127060,2015-08-29T15:00:00Z,-32.96527,-42.99202,0.0527,-0.0933,625.7917,2016-01-28T00:00:00Z,SVP
127060,2015-08-29T16:00:00Z,-32.96852,-42.99017,0.0528,-0.093,625.7917,2016-01-28T00:00:00Z,SVP
127060,2015-08-29T17:00:00Z,-32.97177,-42.9892,0.1241,-0.0926,625.7917,2016-01-28T00:00:00Z,SVP
127060,2015-08-29T18:00:00Z,-32.97311,-42.98361,0.146,-0.061,246.16667,2016-01-28T00:00:00Z,SVP
127060,2015-08-29T19:00:00Z,-32.97423,-42.97684,0.1495,-4.0E-4,105.458336,2016-01-28T00:00:00Z,SVP
127060,2015-08-29T20:00:00Z,-32.97357,-42.97152,0.0867,0.0335,73.791664,2016-01-28T00:00:00Z,SVP
127060,2015-08-29T21:00:00Z,-32.97307,-42.96959,0.0625,0.0016,161.70833,2016-01-28T00:00:00Z,SVP
127060,2015-08-29T22:00:00Z,-32.97313,-42.97029,0.0092,0.0231,291.75003,2016-01-28T00:00:00Z,SVP
127060,2015-08-29T23:00:00Z,-32.97207,-42.96852,0.0111,0.0236,291.75003,2016-01-28T00:00:00Z,SVP
127060,2015-08-30T00:00:00Z,-32.97148,-42.96783,-0.0915,0.0346,144.16667,2016-01-28T00:00:00Z,SVP
127060,2015-08-30T01:00:00Z,-32.96957,-42.97007,0.015,0.0956,112.5,2016-01-28T00:00:00Z,SVP
127060,2015-08-30T02:00:00Z,-32.96721,-42.96913,0.0704,0.1025,460.5,2016-01-28T00:00:00Z,SVP
127060,2015-08-30T03:00:00Z,-32.96316,-42.96631,0.0703,0.1023,460.5,2016-01-28T00:00:00Z,SVP
127060,2015-08-30T04:00:00Z,-32.95874,-42.96377,0.0712,0.1022,460.5,2016-01-28T00:00:00Z,SVP
127060,2015-08-30T05:00:00Z,-32.95561,-42.96099,0.0928,0.0562,365.70834,2016-01-28T00:00:00Z,SVP
127060,2015-08-30T06:00:00Z,-32.95432,-42.95747,0.0934,0.0628,365.70834,2016-01-28T00:00:00Z,SVP
127060,2015-08-30T07:00:00Z,-32.95262,-42.95387,0.1171,0.0237,91.33333,2016-01-28T00:00:00Z,SVP
127060,2015-08-30T08:00:00Z,-32.95295,-42.94904,0.1194,-0.0296,133.66667,2016-01-28T00:00:00Z,SVP
127060,2015-08-30T09:00:00Z,-32.95466,-42.94618,0.0379,-0.0794,112.5,2016-01-28T00:00:00Z,SVP
127060,2015-08-30T10:00:00Z,-32.96346,-42.94889,-0.0133,0.1552,151.20834,2016-01-28T00:00:00Z,SVP
127060,2015-08-30T11:00:00Z,-32.95828,-42.92474,0.0059,0.1991,140.70834,2016-01-28T00:00:00Z,SVP
127060,2015-08-30T12:00:00Z,-32.95197,-42.94605,0.2993,0.0844,112.5,2016-01-28T00:00:00Z,SVP
127060,2015-08-30T13:00:00Z,-32.94813,-42.92471,0.2466,0.0797,646.9583,2016-01-28T00:00:00Z,SVP
127060,2015-08-30T14:00:00Z,-32.94592,-42.92204,0.2887,0.0788,646.9583,2016-01-28T00:00:00Z,SVP
127060,2015-08-30T15:00:00Z,-32.94383,-42.91119,0.2901,0.0776,646.9583,2016-01-28T00:00:00Z,SVP
127060,2015-08-30T16:00:00Z,-32.94228,-42.90007,0.2906,0.0746,646.9583,2016-01-28T00:00:00Z,SVP
127060,2015-08-30T17:00:00Z,-32.94215,-42.88835,0.2396,0.1905,242.54167,2016-01-28T00:00:00Z,SVP
127060,2015-08-30T18:00:00Z,-32.9354,-42.87803,0.2361,0.1814,242.54167,2016-01-28T00:00:00Z,SVP
127060,2015-08-30T19:00:00Z,-32.92989,-42.86991,0.1936,0.168,98.416664,2016-01-28T00:00:00Z,SVP
127060,2015-08-30T20:00:00Z,-32.92547,-42.86505,0.014,0.1453,151.20834,2016-01-28T00:00:00Z,SVP
127060,2015-08-30T21:00:00Z,-32.92102,-42.86465,0.0337,0.1003,52.791668,2016-01-28T00:00:00Z,SVP
127060,2015-08-30T22:00:00Z,-32.91802,-42.86363,0.049,0.0608,464.08337,2016-01-28T00:00:00Z,SVP
127060,2015-08-30T23:00:00Z,-32.91604,-42.86155,0.0493,0.0605,464.08337,2016-01-28T00:00:00Z,SVP
127060,2015-08-31T00:00:00Z,-32.91387,-42.85932,0.0495,0.0602,464.08337,2016-01-28T00:00:00Z,SVP
127060,2015-08-31T01:00:00Z,-32.91371,-42.85897,0.0969,0.0178,516.75,2016-01-28T00:00:00Z,SVP
127060,2015-08-31T02:00:00Z,-32.91268,-42.85379,0.0954,0.0173,516.75,2016-01-28T00:00:00Z,SVP
127060,2015-08-31T03:00:00Z,-32.91209,-42.85015,0.096,0.0174,516.75,2016-01-28T00:00:00Z,SVP
127060,2015-08-31T04:00:00Z,-32.91161,-42.84687,0.0974,0.0178,516.75,2016-01-28T00:00:00Z,SVP
127060,2015-08-31T05:00:00Z,-32.91195,-42.83966,0.2396,-0.0029,239.08334,2016-01-28T00:00:00Z,SVP
127060,2015-08-31T06:00:00Z,-32.91115,-42.82806,0.2018,-0.0017,239.08334,2016-01-28T00:00:00Z,SVP
127060,2015-08-31T07:00:00Z,-32.91661,-42.82261,0.2031,-0.1432,52.666664,2016-01-28T00:00:00Z,SVP
127060,2015-08-31T08:00:00Z,-32.91926,-42.81313,0.2493,-0.0719,189.91667,2016-01-28T00:00:00Z,SVP
127060,2015-08-31T09:00:00Z,-32.92157,-42.80571,0.1274,-0.064,105.458336,2016-01-28T00:00:00Z,SVP
127060,2015-08-31T10:00:00Z,-32.92235,-42.79072,0.3731,-0.0037,179.25,2016-01-28T00:00:00Z,SVP
127060,2015-08-31T11:00:00Z,-32.92223,-42.77135,0.0527,0.0882,123.0,2016-01-28T00:00:00Z,SVP
127060,2015-08-31T12:00:00Z,-32.91921,-42.76889,0.0765,0.1032,126.58333,2016-01-28T00:00:00Z,SVP
127060,2015-08-31T13:00:00Z,-32.91659,-42.75509,0.2909,0.0854,137.08333,2016-01-28T00:00:00Z,SVP
127060,2015-08-31T14:00:00Z,-32.91353,-42.74474,0.3109,0.0864,541.3334,2016-01-28T00:00:00Z,SVP
127060,2015-08-31T15:00:00Z,-32.91062,-42.73364,0.3161,0.0862,541.3334,2016-01-28T00:00:00Z,SVP
127060,2015-08-31T16:00:00Z,-32.90783,-42.72197,0.3203,0.0863,541.3334,2016-01-28T00:00:00Z,SVP
127060,2015-08-31T17:00:00Z,-32.90537,-42.71006,0.2954,0.0852,232.04169,2016-01-28T00:00:00Z,SVP
127060,2015-08-31T18:00:00Z,-32.90259,-42.6972,0.3035,0.0844,232.04169,2016-01-28T00:00:00Z,SVP
127060,2015-08-31T19:00:00Z,-32.90699,-42.6946,0.1968,-0.029,94.958336,2016-01-28T00:00:00Z,SVP
127060,2015-08-31T20:00:00Z,-32.90258,-42.68196,0.2429,-0.0286,242.54167,2016-01-28T00:00:00Z,SVP
127060,2015-08-31T21:00:00Z,-32.90179,-42.67559,0.2778,-0.038,1114.5,2016-01-28T00:00:00Z,SVP
127060,2015-08-31T22:00:00Z,-32.90409,-42.6655,0.2781,-0.0341,1114.5,2016-01-28T00:00:00Z,SVP
127060,2015-08-31T23:00:00Z,-32.9059,-42.65517,0.2781,-0.031,1114.5,2016-01-28T00:00:00Z,SVP
127060,2015-09-01T00:00:00Z,-32.90744,-42.64481,0.2783,-0.0281,1114.5,2016-01-28T00:00:00Z,SVP
127060,2015-09-01T01:00:00Z,-32.90875,-42.63449,0.2786,-0.0254,1114.5,2016-01-28T00:00:00Z,SVP
127060,2015-09-01T02:00:00Z,-32.90984,-42.62427,0.2791,-0.0231,1114.5,2016-01-28T00:00:00Z,SVP
127060,2015-09-01T03:00:00Z,-32.91074,-42.61421,0.2805,-0.0212,1114.5,2016-01-28T00:00:00Z,SVP
127060,2015-09-01T04:00:00Z,-32.9115,-42.6044,0.2868,-0.0196,1114.5,2016-01-28T00:00:00Z,SVP
127060,2015-09-01T05:00:00Z,-32.91171,-42.59042,0.3836,-0.0268,263.7083,2016-01-28T00:00:00Z,SVP
127060,2015-09-01T06:00:00Z,-32.91161,-42.57499,0.4199,0.0382,123.0,2016-01-28T00:00:00Z,SVP
127060,2015-09-01T07:00:00Z,-32.90906,-42.55839,0.4335,0.102,214.5,2016-01-28T00:00:00Z,SVP
127060,2015-09-01T08:00:00Z,-32.90618,-42.5414,0.4334,0.1012,214.5,2016-01-28T00:00:00Z,SVP
127060,2015-09-01T09:00:00Z,-32.90041,-42.52837,0.3172,0.1842,330.45834,2016-01-28T00:00:00Z,SVP
127060,2015-09-01T10:00:00Z,-32.89469,-42.51669,0.3106,0.1827,330.45834,2016-01-28T00:00:00Z,SVP
127060,2015-09-01T11:00:00Z,-32.88863,-42.5069,0.2937,0.1826,330.45834,2016-01-28T00:00:00Z,SVP
127060,2015-09-01T12:00:00Z,-32.88229,-42.48335,0.1115,0.2214,140.70834,2016-01-28T00:00:00Z,SVP
127060,2015-09-01T13:00:00Z,-32.8699,-42.48084,0.1445,0.1951,552.0,2016-01-28T00:00:00Z,SVP
127060,2015-09-01T14:00:00Z,-32.86477,-42.47481,0.148,0.1965,552.0,2016-01-28T00:00:00Z,SVP
127060,2015-09-01T15:00:00Z,-32.85936,-42.46938,0.1475,0.1999,552.0,2016-01-28T00:00:00Z,SVP
127060,2015-09-01T16:00:00Z,-32.85403,-42.46462,0.1454,0.2084,552.0,2016-01-28T00:00:00Z,SVP
127060,2015-09-01T17:00:00Z,-32.84697,-42.4591,0.1556,0.2135,246.16667,2016-01-28T00:00:00Z,SVP
127060,2015-09-01T18:00:00Z,-32.83819,-42.4477,0.1744,0.2011,246.16667,2016-01-28T00:00:00Z,SVP
127060,2015-09-01T19:00:00Z,-32.83238,-42.44406,0.0751,0.207,277.66666,2016-01-28T00:00:00Z,SVP
127060,2015-09-01T20:00:00Z,-32.82611,-42.44207,0.1282,0.2084,277.66666,2016-01-28T00:00:00Z,SVP
127060,2015-09-01T21:00:00Z,-32.82236,-42.43744,0.1217,0.0961,474.58334,2016-01-28T00:00:00Z,SVP
127060,2015-09-01T22:00:00Z,-32.81936,-42.43479,0.0946,0.0955,474.58334,2016-01-28T00:00:00Z,SVP
127060,2015-09-01T23:00:00Z,-32.8164,-42.43293,0.0801,0.0951,474.58334,2016-01-28T00:00:00Z,SVP
127060,2015-09-02T00:00:00Z,-32.81317,-42.42383,0.1565,0.0949,109.041664,2016-01-28T00:00:00Z,SVP
127060,2015-09-02T01:00:00Z,-32.81037,-42.41794,0.1795,0.0595,126.58333,2016-01-28T00:00:00Z,SVP
127060,2015-09-02T02:00:00Z,-32.8085,-42.41025,0.1829,0.0452,425.41666,2016-01-28T00:00:00Z,SVP
127060,2015-09-02T03:00:00Z,-32.80706,-42.40323,0.1841,0.0452,425.41666,2016-01-28T00:00:00Z,SVP
127060,2015-09-02T04:00:00Z,-32.80561,-42.39678,0.1848,0.0452,425.41666,2016-01-28T00:00:00Z,SVP
127060,2015-09-02T05:00:00Z,-32.80388,-42.38329,0.278,0.0489,242.54167,2016-01-28T00:00:00Z,SVP
127060,2015-09-02T06:00:00Z,-32.80143,-42.37266,0.239,0.1078,84.458336,2016-01-28T00:00:00Z,SVP
127060,2015-09-02T07:00:00Z,-32.79772,-42.36446,0.1826,0.1319,253.20834,2016-01-28T00:00:00Z,SVP
127060,2015-09-02T08:00:00Z,-32.79252,-42.35626,0.4669,0.1315,84.458336,2016-01-28T00:00:00Z,SVP
127060,2015-09-02T09:00:00Z,-32.79256,-42.3369,0.4777,0.2779,239.08334,2016-01-28T00:00:00Z,SVP
127060,2015-09-02T10:00:00Z,-32.78343,-42.31874,0.4779,0.2791,239.08334,2016-01-28T00:00:00Z,SVP
127060,2015-09-02T11:00:00Z,-32.77396,-42.30011,0.2784,0.3294,235.50002,2016-01-28T00:00:00Z,SVP
127060,2015-09-02T12:00:00Z,-32.76385,-42.29008,0.1326,0.2618,126.58333,2016-01-28T00:00:00Z,SVP
127060,2015-09-02T13:00:00Z,-32.75443,-42.28582,0.165,0.2602,587.0834,2016-01-28T00:00:00Z,SVP
127060,2015-09-02T14:00:00Z,-32.74692,-42.27896,0.1658,0.2531,587.0834,2016-01-28T00:00:00Z,SVP
127060,2015-09-02T15:00:00Z,-32.73994,-42.27278,0.1666,0.245,587.0834,2016-01-28T00:00:00Z,SVP
127060,2015-09-02T16:00:00Z,-32.73337,-42.2672,0.1678,0.2393,587.0834,2016-01-28T00:00:00Z,SVP
127060,2015-09-02T17:00:00Z,-32.7232,-42.2593,0.2017,0.3955,256.66666,2016-01-28T00:00:00Z,SVP
127060,2015-09-02T18:00:00Z,-32.71007,-42.24995,0.1969,0.3919,256.66666,2016-01-28T00:00:00Z,SVP
127060,2015-09-02T19:00:00Z,-32.69851,-42.24453,0.1492,0.3692,232.04169,2016-01-28T00:00:00Z,SVP
127060,2015-09-02T20:00:00Z,-32.68892,-42.24214,-0.0361,0.2601,87.91667,2016-01-28T00:00:00Z,SVP
127060,2015-09-02T21:00:00Z,-32.68021,-42.24216,-0.0041,0.2515,158.25,2016-01-28T00:00:00Z,SVP
127060,2015-09-02T22:00:00Z,-32.67281,-42.2355,0.2135,0.119,309.45834,2016-01-28T00:00:00Z,SVP
127060,2015-09-02T23:00:00Z,-32.66959,-42.22735,0.2129,0.1228,309.45834,2016-01-28T00:00:00Z,SVP
127060,2015-09-03T00:00:00Z,-32.66652,-42.21831,0.1552,0.1503,140.70834,2016-01-28T00:00:00Z,SVP
127060,2015-09-03T01:00:00Z,-32.66026,-42.21239,0.1721,0.2212,112.5,2016-01-28T00:00:00Z,SVP
127060,2015-09-03T02:00:00Z,-32.65355,-42.20576,0.2184,0.2372,330.45834,2016-01-28T00:00:00Z,SVP
127060,2015-09-03T03:00:00Z,-32.64552,-42.19717,0.2188,0.2366,330.45834,2016-01-28T00:00:00Z,SVP
127060,2015-09-03T04:00:00Z,-32.63783,-42.1896,0.2414,0.2525,242.54167,2016-01-28T00:00:00Z,SVP
127060,2015-09-03T05:00:00Z,-32.63011,-42.18,0.2392,0.255,242.54167,2016-01-28T00:00:00Z,SVP
127060,2015-09-03T06:00:00Z,-32.62147,-42.17066,0.2391,0.2791,305.83334,2016-01-28T00:00:00Z,SVP
127060,2015-09-03T07:00:00Z,-32.61253,-42.16193,0.2389,0.2803,305.83334,2016-01-28T00:00:00Z,SVP
127060,2015-09-03T08:00:00Z,-32.60315,-42.15365,0.2211,0.3024,246.16667,2016-01-28T00:00:00Z,SVP
127060,2015-09-03T09:00:00Z,-32.59253,-42.14383,0.2301,0.3059,246.16667,2016-01-28T00:00:00Z,SVP
127060,2015-09-03T10:00:00Z,-32.58185,-42.1366,0.2377,0.3682,256.66666,2016-01-28T00:00:00Z,SVP
127060,2015-09-03T11:00:00Z,-32.56954,-42.12409,0.2338,0.3659,256.66666,2016-01-28T00:00:00Z,SVP
127060,2015-09-03T12:00:00Z,-32.55737,-42.11851,-0.0096,0.4025,137.08333,2016-01-28T00:00:00Z,SVP
127060,2015-09-03T13:00:00Z,-32.54254,-42.12165,0.0809,0.2906,488.7083,2016-01-28T00:00:00Z,SVP
127060,2015-09-03T14:00:00Z,-32.53537,-42.1157,0.0703,0.3051,488.7083,2016-01-28T00:00:00Z,SVP
127060,2015-09-03T15:00:00Z,-32.52557,-42.11336,0.0718,0.3051,488.7083,2016-01-28T00:00:00Z,SVP
127060,2015-09-03T16:00:00Z,-32.5153,-42.11237,0.0986,0.3007,488.7083,2016-01-28T00:00:00Z,SVP
127060,2015-09-03T17:00:00Z,-32.50644,-42.108,0.1129,0.2331,246.16667,2016-01-28T00:00:00Z,SVP
127060,2015-09-03T18:00:00Z,-32.49815,-42.10242,0.047,0.2183,305.83334,2016-01-28T00:00:00Z,SVP
127060,2015-09-03T19:00:00Z,-32.49198,-42.10125,0.0475,0.2143,305.83334,2016-01-28T00:00:00Z,SVP
127060,2015-09-03T20:00:00Z,-32.48616,-42.09957,0.0137,0.1963,133.66667,2016-01-28T00:00:00Z,SVP
127060,2015-09-03T21:00:00Z,-32.47849,-42.09941,0.0351,0.0905,102.0,2016-01-28T00:00:00Z,SVP
127060,2015-09-03T22:00:00Z,-32.47558,-42.0945,0.1722,0.074,330.45834,2016-01-28T00:00:00Z,SVP
127060,2015-09-03T23:00:00Z,-32.47315,-42.08519,0.2025,0.075,330.45834,2016-01-28T00:00:00Z,SVP
127060,2015-09-04T00:00:00Z,-32.4707,-42.07887,0.0136,0.0908,137.08333,2016-01-28T00:00:00Z,SVP
127060,2015-09-04T01:00:00Z,-32.46766,-42.07828,0.0789,0.0905,112.5,2016-01-28T00:00:00Z,SVP
127060,2015-09-04T02:00:00Z,-32.46378,-42.07115,0.2076,0.1328,344.54166,2016-01-28T00:00:00Z,SVP
127060,2015-09-04T03:00:00Z,-32.46006,-42.06254,0.2064,0.1325,344.54166,2016-01-28T00:00:00Z,SVP
127060,2015-09-04T04:00:00Z,-32.45579,-42.0547,0.1785,0.228,249.58333,2016-01-28T00:00:00Z,SVP
127060,2015-09-04T05:00:00Z,-32.44831,-42.04822,0.1801,0.2305,249.58333,2016-01-28T00:00:00Z,SVP
127060,2015-09-04T06:00:00Z,-32.44068,-42.04101,0.1751,0.2484,270.74997,2016-01-28T00:00:00Z,SVP
127060,2015-09-04T07:00:00Z,-32.43222,-42.03466,0.1753,0.2485,270.74997,2016-01-28T00:00:00Z,SVP
127060,2015-09-04T08:00:00Z,-32.42577,-42.02676,0.1714,0.2028,168.75,2016-01-28T00:00:00Z,SVP
127060,2015-09-04T09:00:00Z,-32.41914,-42.02087,0.1106,0.2115,330.45834,2016-01-28T00:00:00Z,SVP
127060,2015-09-04T10:00:00Z,-32.41253,-42.01634,0.1139,0.2095,330.45834,2016-01-28T00:00:00Z,SVP
127060,2015-09-04T11:00:00Z,-32.40682,-42.01285,-0.0939,0.1681,140.70834,2016-01-28T00:00:00Z,SVP
127060,2015-09-04T12:00:00Z,-32.40197,-42.02919,0.149,0.0599,112.5,2016-01-28T00:00:00Z,SVP
127060,2015-09-04T13:00:00Z,-32.40102,-42.01931,0.1157,0.0539,755.8334,2016-01-28T00:00:00Z,SVP
127060,2015-09-04T14:00:00Z,-32.39884,-42.01523,0.1163,0.0546,755.8334,2016-01-28T00:00:00Z,SVP
127060,2015-09-04T15:00:00Z,-32.39679,-42.0108,0.1162,0.0548,755.8334,2016-01-28T00:00:00Z,SVP
127060,2015-09-04T16:00:00Z,-32.39472,-42.00621,0.1156,0.0547,755.8334,2016-01-28T00:00:00Z,SVP
127060,2015-09-04T17:00:00Z,-32.39254,-42.0015,0.1144,0.0542,755.8334,2016-01-28T00:00:00Z,SVP
127060,2015-09-04T20:00:00Z,-32.38707,-42.00057,-0.0323,0.0978,133.66667,2016-01-28T00:00:00Z,SVP
127060,2015-09-04T21:00:00Z,-32.38186,-42.00124,0.0,0.2319,119.54167,2016-01-28T00:00:00Z,SVP
