ID,time,latitude,longitude,ve,vn,gap,drogue_lost_date,typebuoy
,UTC,degrees_north,degrees_east,m/s,m/s,seconds,UTC,
118397,2015-01-01T00:00:00Z,-32.39331,-49.545,-0.4594,-0.4527,118.79167,2013-05-30T00:00:00Z,SVP
118397,2015-01-01T01:00:00Z,-32.40767,-49.5585,-0.2982,-0.4327,118.79167,2013-05-30T00:00:00Z,SVP
118397,2015-01-01T02:00:00Z,-32.42139,-49.56798,-0.2433,-0.4315,144.0,2013-05-30T00:00:00Z,SVP
118397,2015-01-01T03:00:00Z,-32.43687,-49.57688,-0.1409,-0.5073,190.79166,2013-05-30T00:00:00Z,SVP
118397,2015-01-01T04:00:00Z,-32.45448,-49.58119,-0.1385,-0.5107,190.79166,2013-05-30T00:00:00Z,SVP
118397,2015-01-01T05:00:00Z,-32.46909,-49.5868,-0.0735,-0.4369,262.79166,2013-05-30T00:00:00Z,SVP
118397,2015-01-01T06:00:00Z,-32.484,-49.5892,-0.0628,-0.3128,165.58333,2013-05-30T00:00:00Z,SVP
118397,2015-01-01T07:00:00Z,-32.49399,-49.59213,-0.0235,-0.1012,111.583336,2013-05-30T00:00:00Z,SVP
118397,2015-01-01T08:00:00Z,-32.49615,-49.58456,-0.3526,-0.0075,154.79166,2013-05-30T00:00:00Z,SVP
118397,2015-01-01T09:00:00Z,-32.49529,-49.59821,-0.3875,0.0746,122.416664,2013-05-30T00:00:00Z,SVP
118397,2015-01-01T10:00:00Z,-32.49178,-49.60415,-0.1506,0.1618,176.41667,2013-05-30T00:00:00Z,SVP
118397,2015-01-01T11:00:00Z,-32.48669,-49.60926,-0.0624,0.1763,126.0,2013-05-30T00:00:00Z,SVP
118397,2015-01-01T12:00:00Z,-32.48351,-49.617,-0.3364,0.034,129.58333,2013-05-30T00:00:00Z,SVP
118397,2015-01-01T13:00:00Z,-32.48362,-49.63088,-0.3574,-0.0286,126.0,2013-05-30T00:00:00Z,SVP
118397,2015-01-01T14:00:00Z,-32.48587,-49.64635,-0.4705,-0.0869,129.58333,2013-05-30T00:00:00Z,SVP
118397,2015-01-01T15:00:00Z,-32.48905,-49.66385,-0.442,-0.1154,381.5833,2013-05-30T00:00:00Z,SVP
118397,2015-01-01T16:00:00Z,-32.49214,-49.68109,-0.4414,-0.1121,381.5833,2013-05-30T00:00:00Z,SVP
118397,2015-01-01T17:00:00Z,-32.49754,-49.69757,-0.392,-0.3738,237.58334,2013-05-30T00:00:00Z,SVP
118397,2015-01-01T18:00:00Z,-32.50974,-49.71202,-0.3891,-0.3763,237.58334,2013-05-30T00:00:00Z,SVP
118397,2015-01-01T19:00:00Z,-32.52267,-49.72431,-0.3212,-0.3917,129.58333,2013-05-30T00:00:00Z,SVP
118397,2015-01-01T20:00:00Z,-32.53402,-49.72386,-0.0972,-0.3575,133.20833,2013-05-30T00:00:00Z,SVP
118397,2015-01-01T21:00:00Z,-32.54438,-49.72725,0.1977,-0.3012,133.20833,2013-05-30T00:00:00Z,SVP
118397,2015-01-01T22:00:00Z,-32.55378,-49.71965,0.1987,-0.2743,108.00001,2013-05-30T00:00:00Z,SVP
118397,2015-01-01T23:00:00Z,-32.56249,-49.71707,-0.0171,-0.268,115.208336,2013-05-30T00:00:00Z,SVP
118397,2015-01-02T00:00:00Z,-32.57065,-49.7181,0.0614,0.0252,115.208336,2013-05-30T00:00:00Z,SVP
118397,2015-01-02T01:00:00Z,-32.5678,-49.71389,0.1446,0.1683,162.0,2013-05-30T00:00:00Z,SVP
118397,2015-01-02T02:00:00Z,-32.56268,-49.70792,0.1347,0.0436,93.583336,2013-05-30T00:00:00Z,SVP
118397,2015-01-02T03:00:00Z,-32.56089,-49.69896,-0.03,0.0309,230.41667,2013-05-30T00:00:00Z,SVP
118397,2015-01-02T04:00:00Z,-32.56196,-49.69851,-0.0253,0.1235,259.20834,2013-05-30T00:00:00Z,SVP
118397,2015-01-02T05:00:00Z,-32.55639,-49.70106,-0.0259,0.1206,259.20834,2013-05-30T00:00:00Z,SVP
118397,2015-01-02T06:00:00Z,-32.55204,-49.70262,-0.0314,0.1265,147.58333,2013-05-30T00:00:00Z,SVP
118397,2015-01-02T07:00:00Z,-32.54814,-49.70237,-0.0206,0.1738,122.416664,2013-05-30T00:00:00Z,SVP
118397,2015-01-02T08:00:00Z,-32.53745,-49.7088,-0.2102,0.3697,126.0,2013-05-30T00:00:00Z,SVP
118397,2015-01-02T09:00:00Z,-32.52585,-49.71832,-0.3672,0.3737,104.41666,2013-05-30T00:00:00Z,SVP
118397,2015-01-02T10:00:00Z,-32.5157,-49.72805,-0.1961,0.2824,68.416664,2013-05-30T00:00:00Z,SVP
118397,2015-01-02T11:00:00Z,-32.50795,-49.73631,-0.3786,0.2037,72.0,2013-05-30T00:00:00Z,SVP
118397,2015-01-02T12:00:00Z,-32.50243,-49.74928,-0.3036,0.1407,129.58333,2013-05-30T00:00:00Z,SVP
118397,2015-01-02T13:00:00Z,-32.4995,-49.75052,-0.0924,0.035,115.208336,2013-05-30T00:00:00Z,SVP
118397,2015-01-02T14:00:00Z,-32.4999,-49.75468,-0.0992,0.0762,414.0,2013-05-30T00:00:00Z,SVP
118397,2015-01-02T15:00:00Z,-32.4966,-49.7582,-0.0981,0.0823,414.0,2013-05-30T00:00:00Z,SVP
118397,2015-01-02T16:00:00Z,-32.4945,-49.76217,-0.0979,0.0832,414.0,2013-05-30T00:00:00Z,SVP
118397,2015-01-02T17:00:00Z,-32.48941,-49.76609,-0.0884,0.2234,244.79167,2013-05-30T00:00:00Z,SVP
118397,2015-01-02T18:00:00Z,-32.48143,-49.76828,-0.0827,0.2143,244.79167,2013-05-30T00:00:00Z,SVP
118397,2015-01-02T19:00:00Z,-32.47617,-49.7733,-0.1056,0.196,252.0,2013-05-30T00:00:00Z,SVP
118397,2015-01-02T20:00:00Z,-32.47141,-49.77641,-0.0737,0.1197,68.416664,2013-05-30T00:00:00Z,SVP
118397,2015-01-02T21:00:00Z,-32.46642,-49.78139,-0.2428,0.2227,118.79167,2013-05-30T00:00:00Z,SVP
118397,2015-01-02T22:00:00Z,-32.46093,-49.79146,-0.2611,0.1301,75.583336,2013-05-30T00:00:00Z,SVP
118397,2015-01-02T23:00:00Z,-32.45652,-49.80134,-0.2435,0.1667,313.20834,2013-05-30T00:00:00Z,SVP
118397,2015-01-03T00:00:00Z,-32.45143,-49.81079,-0.2423,0.1666,313.20834,2013-05-30T00:00:00Z,SVP
118397,2015-01-03T01:00:00Z,-32.44552,-49.81869,-0.2018,0.181,144.0,2013-05-30T00:00:00Z,SVP
118397,2015-01-03T02:00:00Z,-32.44061,-49.82759,-0.2415,0.1334,108.00001,2013-05-30T00:00:00Z,SVP
118397,2015-01-03T03:00:00Z,-32.43708,-49.83637,-0.2514,0.073,259.20834,2013-05-30T00:00:00Z,SVP
118397,2015-01-03T04:00:00Z,-32.4346,-49.84663,-0.1956,0.0691,244.79167,2013-05-30T00:00:00Z,SVP
118397,2015-01-03T05:00:00Z,-32.43264,-49.85299,-0.1926,0.0678,244.79167,2013-05-30T00:00:00Z,SVP
118397,2015-01-03T06:00:00Z,-32.42916,-49.86129,-0.2129,0.1173,115.208336,2013-05-30T00:00:00Z,SVP
118397,2015-01-03T07:00:00Z,-32.4232,-49.87384,-0.361,0.1997,158.41667,2013-05-30T00:00:00Z,SVP
118397,2015-01-03T08:00:00Z,-32.41873,-49.88744,-0.1177,0.0099,97.20833,2013-05-30T00:00:00Z,SVP
118397,2015-01-03T09:00:00Z,-32.41767,-49.89238,-0.3017,0.1841,97.20833,2013-05-30T00:00:00Z,SVP
118397,2015-01-03T10:00:00Z,-32.41186,-49.90333,-0.2644,0.1683,108.00001,2013-05-30T00:00:00Z,SVP
118397,2015-01-03T11:00:00Z,-32.40671,-49.91533,-0.2717,0.1269,111.583336,2013-05-30T00:00:00Z,SVP
118397,2015-01-03T12:00:00Z,-32.40433,-49.92811,-0.3531,0.0621,144.0,2013-05-30T00:00:00Z,SVP
118397,2015-01-03T13:00:00Z,-32.40236,-49.9417,-0.3013,0.0516,111.583336,2013-05-30T00:00:00Z,SVP
118397,2015-01-03T14:00:00Z,-32.40053,-49.95336,-0.2771,0.0486,435.58334,2013-05-30T00:00:00Z,SVP
118397,2015-01-03T15:00:00Z,-32.39902,-49.96436,-0.2759,0.0488,435.58334,2013-05-30T00:00:00Z,SVP
118397,2015-01-03T16:00:00Z,-32.39763,-49.97522,-0.2744,0.0495,435.58334,2013-05-30T00:00:00Z,SVP
118397,2015-01-03T17:00:00Z,-32.39604,-49.9857,-0.2855,0.0477,241.20834,2013-05-30T00:00:00Z,SVP
118397,2015-01-03T18:00:00Z,-32.39421,-49.9957,-0.2602,0.02,255.58333,2013-05-30T00:00:00Z,SVP
118397,2015-01-03T19:00:00Z,-32.39419,-50.00594,-0.2602,0.0199,255.58333,2013-05-30T00:00:00Z,SVP
118397,2015-01-03T20:00:00Z,-32.39336,-50.01505,-0.2086,0.0243,90.0,2013-05-30T00:00:00Z,SVP
118397,2015-01-03T21:00:00Z,-32.39039,-50.02119,-0.1217,0.1282,172.79166,2013-05-30T00:00:00Z,SVP
118397,2015-01-03T22:00:00Z,-32.38446,-50.02584,-0.1414,0.1674,93.583336,2013-05-30T00:00:00Z,SVP
118397,2015-01-03T23:00:00Z,-32.37925,-50.04271,-0.4044,0.1874,320.41666,2013-05-30T00:00:00Z,SVP
118397,2015-01-04T00:00:00Z,-32.37375,-50.05766,-0.4152,0.1898,320.41666,2013-05-30T00:00:00Z,SVP
118397,2015-01-04T01:00:00Z,-32.36613,-50.07855,-0.1244,0.2053,129.58333,2013-05-30T00:00:00Z,SVP
118397,2015-01-04T02:00:00Z,-32.3614,-50.08313,-0.1924,0.0014,140.41666,2013-05-30T00:00:00Z,SVP
118397,2015-01-04T03:00:00Z,-32.3615,-50.09068,-0.3137,-0.0314,126.0,2013-05-30T00:00:00Z,SVP
118397,2015-01-04T04:00:00Z,-32.36278,-50.10541,-0.391,-0.0298,269.99997,2013-05-30T00:00:00Z,SVP
118397,2015-01-04T05:00:00Z,-32.36248,-50.11893,-0.3805,-0.012,269.99997,2013-05-30T00:00:00Z,SVP
118397,2015-01-04T06:00:00Z,-32.3802,-50.13254,-0.3675,-0.2543,233.99998,2013-05-30T00:00:00Z,SVP
118397,2015-01-04T07:00:00Z,-32.38788,-50.15091,0.0647,-0.358,68.416664,2013-05-30T00:00:00Z,SVP
118397,2015-01-04T08:00:00Z,-32.39732,-50.15265,-0.1868,-0.3941,104.41666,2013-05-30T00:00:00Z,SVP
118397,2015-01-04T09:00:00Z,-32.4108,-50.16152,-0.5031,-0.4403,57.583332,2013-05-30T00:00:00Z,SVP
118397,2015-01-04T10:00:00Z,-32.42022,-50.16799,-0.1134,-0.2747,252.0,2013-05-30T00:00:00Z,SVP
118397,2015-01-04T11:00:00Z,-32.42995,-50.16968,-0.0958,-0.281,252.0,2013-05-30T00:00:00Z,SVP
118397,2015-01-04T12:00:00Z,-32.43706,-50.16874,0.0972,-0.2268,140.41666,2013-05-30T00:00:00Z,SVP
118397,2015-01-04T13:00:00Z,-32.44374,-50.16394,0.0096,-0.1503,118.79167,2013-05-30T00:00:00Z,SVP
118397,2015-01-04T14:00:00Z,-32.44816,-50.16405,-0.0068,-0.1336,464.41666,2013-05-30T00:00:00Z,SVP
118397,2015-01-04T15:00:00Z,-32.4526,-50.1645,-0.0064,-0.1336,464.41666,2013-05-30T00:00:00Z,SVP
118397,2015-01-04T16:00:00Z,-32.45731,-50.16485,-0.0061,-0.1343,464.41666,2013-05-30T00:00:00Z,SVP
118397,2015-01-04T17:00:00Z,-32.45513,-50.16625,-0.0306,0.0802,226.79166,2013-05-30T00:00:00Z,SVP
118397,2015-01-04T18:00:00Z,-32.45177,-50.17526,-0.2065,0.0763,230.41667,2013-05-30T00:00:00Z,SVP
118397,2015-01-04T19:00:00Z,-32.45043,-50.18452,-0.211,0.0783,230.41667,2013-05-30T00:00:00Z,SVP
118397,2015-01-04T20:00:00Z,-32.44591,-50.20059,-0.5308,0.2315,154.79166,2013-05-30T00:00:00Z,SVP
118397,2015-01-04T21:00:00Z,-32.43837,-50.21887,-0.3863,0.2299,50.416664,2013-05-30T00:00:00Z,SVP
118397,2015-01-04T22:00:00Z,-32.43305,-50.23691,-0.597,0.1043,144.0,2013-05-30T00:00:00Z,SVP
118397,2015-01-04T23:00:00Z,-32.4302,-50.25989,-0.5791,0.0428,190.79166,2013-05-30T00:00:00Z,SVP
118397,2015-01-05T00:00:00Z,-32.42938,-50.28196,-0.5929,-0.0863,126.0,2013-05-30T00:00:00Z,SVP
118397,2015-01-05T01:00:00Z,-32.43407,-50.30664,-0.6666,-0.1872,122.416664,2013-05-30T00:00:00Z,SVP
118397,2015-01-05T02:00:00Z,-32.44241,-50.33044,-0.597,-0.3275,144.0,2013-05-30T00:00:00Z,SVP
118397,2015-01-05T03:00:00Z,-32.45444,-50.35187,-0.3472,-0.5136,151.20834,2013-05-30T00:00:00Z,SVP
118397,2015-01-05T04:00:00Z,-32.47451,-50.36851,-0.432,-0.6983,266.41666,2013-05-30T00:00:00Z,SVP
118397,2015-01-05T05:00:00Z,-32.49685,-50.37278,-0.2719,-0.7027,266.41666,2013-05-30T00:00:00Z,SVP
118397,2015-01-05T06:00:00Z,-32.51954,-50.39376,-0.3738,-0.7041,252.0,2013-05-30T00:00:00Z,SVP
118397,2015-01-05T07:00:00Z,-32.54343,-50.41933,-0.1642,-0.5866,241.20834,2013-05-30T00:00:00Z,SVP
118397,2015-01-05T08:00:00Z,-32.56144,-50.42524,-0.1679,-0.601,241.20834,2013-05-30T00:00:00Z,SVP
118397,2015-01-05T09:00:00Z,-32.58015,-50.43116,-0.1346,-0.5439,97.20833,2013-05-30T00:00:00Z,SVP
118397,2015-01-05T10:00:00Z,-32.59013,-50.42895,0.061,-0.3023,259.20834,2013-05-30T00:00:00Z,SVP
118397,2015-01-05T11:00:00Z,-32.59985,-50.42693,0.0982,-0.2352,169.20834,2013-05-30T00:00:00Z,SVP
118397,2015-01-05T12:00:00Z,-32.60707,-50.42242,0.1096,-0.1796,0.0,2013-05-30T00:00:00Z,SVP
118397,2015-01-05T13:00:00Z,-32.60823,-50.42162,-0.0049,-0.0022,136.79167,2013-05-30T00:00:00Z,SVP
118397,2015-01-05T14:00:00Z,-32.60875,-50.42312,-0.0689,-0.0444,133.20833,2013-05-30T00:00:00Z,SVP
118397,2015-01-05T15:00:00Z,-32.61068,-50.42871,-0.1603,-0.0647,216.00002,2013-05-30T00:00:00Z,SVP
118397,2015-01-05T16:00:00Z,-32.61231,-50.43492,-0.2648,-0.1286,237.58334,2013-05-30T00:00:00Z,SVP
118397,2015-01-05T17:00:00Z,-32.61642,-50.44686,-0.2568,-0.1337,237.58334,2013-05-30T00:00:00Z,SVP
118397,2015-01-05T18:00:00Z,-32.62074,-50.4579,-0.2792,-0.2087,266.41666,2013-05-30T00:00:00Z,SVP
118397,2015-01-05T19:00:00Z,-32.62731,-50.46625,-0.2956,-0.215,266.41666,2013-05-30T00:00:00Z,SVP
118397,2015-01-05T20:00:00Z,-32.63601,-50.4792,-0.3164,-0.3048,158.41667,2013-05-30T00:00:00Z,SVP
118397,2015-01-05T21:00:00Z,-32.64966,-50.48971,-0.3188,-0.4691,104.41666,2013-05-30T00:00:00Z,SVP
118397,2015-01-05T22:00:00Z,-32.66919,-50.50578,-0.5093,-0.6552,115.208336,2013-05-30T00:00:00Z,SVP
118397,2015-01-05T23:00:00Z,-32.6921,-50.52495,-0.4539,-0.7686,104.41666,2013-05-30T00:00:00Z,SVP
118397,2015-01-06T00:00:00Z,-32.71789,-50.54167,-0.3996,-0.8393,129.58333,2013-05-30T00:00:00Z,SVP
118397,2015-01-06T01:00:00Z,-32.74436,-50.55478,-0.3175,-0.8135,118.79167,2013-05-30T00:00:00Z,SVP
118397,2015-01-06T02:00:00Z,-32.77072,-50.56514,-0.272,-0.8213,147.58333,2013-05-30T00:00:00Z,SVP
118397,2015-01-06T03:00:00Z,-32.79917,-50.56758,0.2173,-0.8611,100.79167,2013-05-30T00:00:00Z,SVP
118397,2015-01-06T04:00:00Z,-32.82691,-50.55877,0.237,-0.8517,489.58334,2013-05-30T00:00:00Z,SVP
118397,2015-01-06T05:00:00Z,-32.85472,-50.55009,0.2364,-0.8517,489.58334,2013-05-30T00:00:00Z,SVP
118397,2015-01-06T06:00:00Z,-32.8825,-50.54154,0.236,-0.8515,489.58334,2013-05-30T00:00:00Z,SVP
118397,2015-01-06T07:00:00Z,-32.90947,-50.53214,0.2543,-0.8378,241.20834,2013-05-30T00:00:00Z,SVP
118397,2015-01-06T08:00:00Z,-32.93588,-50.52099,0.2541,-0.8333,241.20834,2013-05-30T00:00:00Z,SVP
118397,2015-01-06T09:00:00Z,-32.95676,-50.51234,0.1817,-0.5957,212.41667,2013-05-30T00:00:00Z,SVP
118397,2015-01-06T10:00:00Z,-32.97596,-50.5054,0.1812,-0.5996,212.41667,2013-05-30T00:00:00Z,SVP
118397,2015-01-06T11:00:00Z,-32.99939,-50.5,0.0732,-0.605,122.416664,2013-05-30T00:00:00Z,SVP
118397,2015-01-06T12:00:00Z,-33.01697,-50.49966,-0.0429,-0.4744,129.58333,2013-05-30T00:00:00Z,SVP
118397,2015-01-06T13:00:00Z,-33.03367,-50.49999,-0.0025,-0.5319,122.416664,2013-05-30T00:00:00Z,SVP
118397,2015-01-06T14:00:00Z,-33.05181,-50.50052,-0.0532,-0.5762,129.58333,2013-05-30T00:00:00Z,SVP
118397,2015-01-06T15:00:00Z,-33.07616,-50.50349,-0.0752,-0.7001,486.00003,2013-05-30T00:00:00Z,SVP
118397,2015-01-06T16:00:00Z,-33.08899,-50.50663,-0.0744,-0.5739,486.00003,2013-05-30T00:00:00Z,SVP
118397,2015-01-06T17:00:00Z,-33.10707,-50.50969,-0.0735,-0.5723,486.00003,2013-05-30T00:00:00Z,SVP
118397,2015-01-06T18:00:00Z,-33.13493,-50.51186,-0.0588,-0.9705,248.41667,2013-05-30T00:00:00Z,SVP
118397,2015-01-06T19:00:00Z,-33.1682,-50.51421,0.0413,-0.831,129.58333,2013-05-30T00:00:00Z,SVP
118397,2015-01-06T20:00:00Z,-33.19443,-50.51124,0.1114,-0.8687,129.58333,2013-05-30T00:00:00Z,SVP
118397,2015-01-06T21:00:00Z,-33.22451,-50.507,0.0635,-1.0051,118.79167,2013-05-30T00:00:00Z,SVP
118397,2015-01-06T22:00:00Z,-33.25518,-50.50579,0.0144,-0.8477,126.0,2013-05-30T00:00:00Z,SVP
118397,2015-01-06T23:00:00Z,-33.28191,-50.5059,-3.0E-4,-0.7764,259.20834,2013-05-30T00:00:00Z,SVP
118397,2015-01-07T00:00:00Z,-33.30725,-50.50493,-0.0032,-0.772,259.20834,2013-05-30T00:00:00Z,SVP
118397,2015-01-07T01:00:00Z,-33.33072,-50.50589,0.0698,-0.7332,133.20833,2013-05-30T00:00:00Z,SVP
118397,2015-01-07T02:00:00Z,-33.35548,-50.50272,0.1122,-0.8079,122.416664,2013-05-30T00:00:00Z,SVP
118397,2015-01-07T03:00:00Z,-33.38431,-50.51007,-0.2213,-0.9137,97.20833,2013-05-30T00:00:00Z,SVP
118397,2015-01-07T04:00:00Z,-33.41385,-50.51736,-0.2504,-0.9498,252.0,2013-05-30T00:00:00Z,SVP
118397,2015-01-07T05:00:00Z,-33.44226,-50.52418,0.3088,-0.7968,219.58333,2013-05-30T00:00:00Z,SVP
118397,2015-01-07T06:00:00Z,-33.46853,-50.5133,0.3115,-0.7964,219.58333,2013-05-30T00:00:00Z,SVP
118397,2015-01-07T07:00:00Z,-33.50755,-50.50012,0.3286,-0.3316,248.41667,2013-05-30T00:00:00Z,SVP
118397,2015-01-07T08:00:00Z,-33.51683,-50.48617,0.3118,-0.2705,370.79166,2013-05-30T00:00:00Z,SVP
118397,2015-01-07T09:00:00Z,-33.52565,-50.4752,0.3087,-0.2707,370.79166,2013-05-30T00:00:00Z,SVP
118397,2015-01-07T10:00:00Z,-33.53928,-50.46406,0.3084,-0.3224,370.79166,2013-05-30T00:00:00Z,SVP
118397,2015-01-07T11:00:00Z,-33.54055,-50.45297,0.274,-0.2249,111.583336,2013-05-30T00:00:00Z,SVP
118397,2015-01-07T12:00:00Z,-33.54616,-50.45102,-0.0369,-0.1205,144.0,2013-05-30T00:00:00Z,SVP
118397,2015-01-07T13:00:00Z,-33.55056,-50.45005,-0.2692,-0.1444,122.416664,2013-05-30T00:00:00Z,SVP
118397,2015-01-07T14:00:00Z,-33.55379,-50.46054,-0.3047,-0.1809,507.5833,2013-05-30T00:00:00Z,SVP
118397,2015-01-07T15:00:00Z,-33.56048,-50.47259,-0.306,-0.1811,507.5833,2013-05-30T00:00:00Z,SVP
118397,2015-01-07T16:00:00Z,-33.56662,-50.48438,-0.3058,-0.1812,507.5833,2013-05-30T00:00:00Z,SVP
118397,2015-01-07T17:00:00Z,-33.57265,-50.49581,-0.3046,-0.1812,507.5833,2013-05-30T00:00:00Z,SVP
118397,2015-01-07T18:00:00Z,-33.57927,-50.51138,-0.3635,-0.2099,252.0,2013-05-30T00:00:00Z,SVP
118397,2015-01-07T19:00:00Z,-33.58696,-50.52755,-0.4692,-0.2908,79.208336,2013-05-30T00:00:00Z,SVP
118397,2015-01-07T20:00:00Z,-33.59896,-50.55245,-0.717,-0.4067,136.79167,2013-05-30T00:00:00Z,SVP
118397,2015-01-07T21:00:00Z,-33.60953,-50.58064,-0.7337,-0.2664,0.0,2013-05-30T00:00:00Z,SVP
118397,2015-01-07T22:00:00Z,-33.61966,-50.60983,-0.7459,-0.314,167.41667,2013-05-30T00:00:00Z,SVP
118397,2015-01-07T23:00:00Z,-33.64107,-50.64181,-0.843,-0.7357,266.41666,2013-05-30T00:00:00Z,SVP
118397,2015-01-08T00:00:00Z,-33.66518,-50.67498,-0.8443,-0.7353,266.41666,2013-05-30T00:00:00Z,SVP
118397,2015-01-08T01:00:00Z,-33.68879,-50.69959,-0.5507,-0.7318,126.0,2013-05-30T00:00:00Z,SVP
118397,2015-01-08T02:00:00Z,-33.71446,-50.72064,-0.4935,-0.8018,122.416664,2013-05-30T00:00:00Z,SVP
118397,2015-01-08T03:00:00Z,-33.74032,-50.73654,-0.3295,-0.6665,0.0,2013-05-30T00:00:00Z,SVP
118397,2015-01-08T04:00:00Z,-33.76016,-50.74886,-0.3215,-0.6336,244.79167,2013-05-30T00:00:00Z,SVP
118397,2015-01-08T05:00:00Z,-33.7799,-50.76162,-0.3235,-0.5613,237.58334,2013-05-30T00:00:00Z,SVP
118397,2015-01-08T06:00:00Z,-33.79834,-50.77397,-0.324,-0.5596,237.58334,2013-05-30T00:00:00Z,SVP
118397,2015-01-08T07:00:00Z,-33.8145,-50.78657,-0.3135,-0.4942,180.0,2013-05-30T00:00:00Z,SVP
118397,2015-01-08T08:00:00Z,-33.82987,-50.79878,-0.3005,-0.4465,266.41666,2013-05-30T00:00:00Z,SVP
118397,2015-01-08T09:00:00Z,-33.8444,-50.80964,-0.2973,-0.4461,266.41666,2013-05-30T00:00:00Z,SVP
118397,2015-01-08T10:00:00Z,-33.85545,-50.83188,-0.6799,-0.3101,194.41666,2013-05-30T00:00:00Z,SVP
118397,2015-01-08T11:00:00Z,-33.86473,-50.85622,-0.7099,-0.3961,108.00001,2013-05-30T00:00:00Z,SVP
118397,2015-01-08T12:00:00Z,-33.87887,-50.88525,-0.6717,-0.4811,140.41666,2013-05-30T00:00:00Z,SVP
118397,2015-01-08T13:00:00Z,-33.89504,-50.9112,-0.6618,-0.5395,115.208336,2013-05-30T00:00:00Z,SVP
118397,2015-01-08T14:00:00Z,-33.91327,-50.93677,-0.6569,-0.6156,536.4166,2013-05-30T00:00:00Z,SVP
118397,2015-01-08T15:00:00Z,-33.93315,-50.96229,-0.6568,-0.6159,536.4166,2013-05-30T00:00:00Z,SVP
118397,2015-01-08T16:00:00Z,-33.95231,-50.98804,-0.656,-0.61,536.4166,2013-05-30T00:00:00Z,SVP
118397,2015-01-08T17:00:00Z,-33.97094,-51.01404,-0.6386,-0.7825,248.41667,2013-05-30T00:00:00Z,SVP
118397,2015-01-08T18:00:00Z,-33.99794,-51.03813,-0.635,-0.758,248.41667,2013-05-30T00:00:00Z,SVP
118397,2015-01-08T19:00:00Z,-34.02246,-51.05752,-0.2876,-0.7494,187.20833,2013-05-30T00:00:00Z,SVP
118397,2015-01-08T20:00:00Z,-34.04521,-51.06777,-0.2466,-0.6737,61.208332,2013-05-30T00:00:00Z,SVP
118397,2015-01-08T21:00:00Z,-34.0672,-51.07884,-0.3094,-0.6732,201.58334,2013-05-30T00:00:00Z,SVP
118397,2015-01-08T22:00:00Z,-34.09018,-51.0931,-0.4071,-0.7522,57.583332,2013-05-30T00:00:00Z,SVP
118397,2015-01-08T23:00:00Z,-34.11331,-51.10607,-0.3694,-0.7078,172.79166,2013-05-30T00:00:00Z,SVP
118397,2015-01-09T00:00:00Z,-34.13445,-51.12097,-0.3506,-0.6628,136.79167,2013-05-30T00:00:00Z,SVP
118397,2015-01-09T01:00:00Z,-34.15484,-51.13485,-0.3472,-0.6076,126.0,2013-05-30T00:00:00Z,SVP
118397,2015-01-09T02:00:00Z,-34.17359,-51.14876,-0.3713,-0.6729,144.0,2013-05-30T00:00:00Z,SVP
118397,2015-01-09T03:00:00Z,-34.19776,-51.16448,-0.4241,-0.7895,104.41666,2013-05-30T00:00:00Z,SVP
118397,2015-01-09T04:00:00Z,-34.22414,-51.18083,-0.3912,-0.8909,169.20834,2013-05-30T00:00:00Z,SVP
118397,2015-01-09T05:00:00Z,-34.25237,-51.19254,-0.1888,-0.9002,230.41667,2013-05-30T00:00:00Z,SVP
118397,2015-01-09T06:00:00Z,-34.28364,-51.19955,-0.1907,-0.9162,230.41667,2013-05-30T00:00:00Z,SVP
118397,2015-01-09T07:00:00Z,-34.30784,-51.20787,-0.2036,-0.6978,158.41667,2013-05-30T00:00:00Z,SVP
118397,2015-01-09T08:00:00Z,-34.32774,-51.21529,-0.1097,-0.6435,136.79167,2013-05-30T00:00:00Z,SVP
118397,2015-01-09T09:00:00Z,-34.34856,-51.21831,-0.0963,-0.6618,108.00001,2013-05-30T00:00:00Z,SVP
118397,2015-01-09T10:00:00Z,-34.36886,-51.22335,-0.1811,-0.5535,147.58333,2013-05-30T00:00:00Z,SVP
118397,2015-01-09T11:00:00Z,-34.38683,-51.23169,-0.2578,-0.5398,140.41666,2013-05-30T00:00:00Z,SVP
118397,2015-01-09T12:00:00Z,-34.4058,-51.2411,-0.2396,-0.5642,115.208336,2013-05-30T00:00:00Z,SVP
118397,2015-01-09T13:00:00Z,-34.42158,-51.2489,-0.3967,-0.4994,140.41666,2013-05-30T00:00:00Z,SVP
118397,2015-01-09T14:00:00Z,-34.43797,-51.26427,-0.4098,-0.5372,432.00003,2013-05-30T00:00:00Z,SVP
118397,2015-01-09T15:00:00Z,-34.45515,-51.28043,-0.4096,-0.5354,432.00003,2013-05-30T00:00:00Z,SVP
118397,2015-01-09T16:00:00Z,-34.47196,-51.29663,-0.4093,-0.5324,432.00003,2013-05-30T00:00:00Z,SVP
118397,2015-01-09T17:00:00Z,-34.48992,-51.31249,-0.3795,-0.755,244.79167,2013-05-30T00:00:00Z,SVP
118397,2015-01-09T18:00:00Z,-34.51482,-51.32731,-0.3764,-0.7502,244.79167,2013-05-30T00:00:00Z,SVP
118397,2015-01-09T19:00:00Z,-34.53977,-51.34129,-0.35,-0.7778,162.0,2013-05-30T00:00:00Z,SVP
118397,2015-01-09T20:00:00Z,-34.56935,-51.36667,-0.3983,-1.2315,248.41667,2013-05-30T00:00:00Z,SVP
118397,2015-01-09T21:00:00Z,-34.61079,-51.37261,-0.444,-1.2436,248.41667,2013-05-30T00:00:00Z,SVP
118397,2015-01-09T22:00:00Z,-34.65046,-51.38965,-0.4556,-1.0503,176.41667,2013-05-30T00:00:00Z,SVP
118397,2015-01-09T23:00:00Z,-34.68305,-51.41176,-0.3542,-0.8694,144.0,2013-05-30T00:00:00Z,SVP
118397,2015-01-10T00:00:00Z,-34.70986,-51.42425,-0.3139,-0.7553,133.20833,2013-05-30T00:00:00Z,SVP
118397,2015-01-10T01:00:00Z,-34.73068,-51.43149,0.1242,-0.5215,259.20834,2013-05-30T00:00:00Z,SVP
118397,2015-01-10T02:00:00Z,-34.74668,-51.42238,-0.0057,-0.5334,259.20834,2013-05-30T00:00:00Z,SVP
118397,2015-01-10T03:00:00Z,-34.76227,-51.4221,0.1212,-0.4276,104.41666,2013-05-30T00:00:00Z,SVP
118397,2015-01-10T04:00:00Z,-34.76953,-51.41659,0.1293,-0.1534,169.20834,2013-05-30T00:00:00Z,SVP
118397,2015-01-10T05:00:00Z,-34.77157,-51.41081,0.1616,-0.0463,259.20834,2013-05-30T00:00:00Z,SVP
118397,2015-01-10T06:00:00Z,-34.77264,-51.4052,0.1417,0.0358,126.0,2013-05-30T00:00:00Z,SVP
118397,2015-01-10T07:00:00Z,-34.76815,-51.40095,-0.0582,0.2222,216.00002,2013-05-30T00:00:00Z,SVP
118397,2015-01-10T08:00:00Z,-34.76084,-51.40366,-0.076,0.228,216.00002,2013-05-30T00:00:00Z,SVP
118397,2015-01-10T09:00:00Z,-34.75229,-51.41056,-0.1761,0.2643,158.41667,2013-05-30T00:00:00Z,SVP
118397,2015-01-10T10:00:00Z,-34.74606,-51.42602,-0.37,0.205,169.20834,2013-05-30T00:00:00Z,SVP
118397,2015-01-10T11:00:00Z,-34.73789,-51.43734,-0.6819,0.1665,86.41667,2013-05-30T00:00:00Z,SVP
118397,2015-01-10T12:00:00Z,-34.73327,-51.46636,-0.894,0.1639,118.79167,2013-05-30T00:00:00Z,SVP
118397,2015-01-10T13:00:00Z,-34.72898,-51.50172,-0.9726,0.0566,126.0,2013-05-30T00:00:00Z,SVP
118397,2015-01-10T14:00:00Z,-34.73181,-51.54336,-1.1255,-0.1556,133.20833,2013-05-30T00:00:00Z,SVP
118397,2015-01-10T15:00:00Z,-34.74138,-51.58821,-1.1526,-0.3147,338.4167,2013-05-30T00:00:00Z,SVP
118397,2015-01-10T16:00:00Z,-34.74254,-51.63332,-1.1537,-0.1839,338.4167,2013-05-30T00:00:00Z,SVP
118397,2015-01-10T17:00:00Z,-34.75269,-51.67815,-1.1628,-0.6823,241.20834,2013-05-30T00:00:00Z,SVP
118397,2015-01-10T18:00:00Z,-34.77426,-51.72539,-1.1696,-0.6864,241.20834,2013-05-30T00:00:00Z,SVP
118397,2015-01-10T19:00:00Z,-34.80364,-51.76405,-0.9255,-0.9919,172.79166,2013-05-30T00:00:00Z,SVP
118397,2015-01-10T20:00:00Z,-34.83567,-51.79785,-0.5705,-0.8244,118.79167,2013-05-30T00:00:00Z,SVP
118397,2015-01-10T21:00:00Z,-34.86386,-51.82306,-0.7053,-0.9253,54.000004,2013-05-30T00:00:00Z,SVP
118397,2015-01-10T22:00:00Z,-34.89238,-51.85023,-0.3793,-0.8145,122.416664,2013-05-30T00:00:00Z,SVP
118397,2015-01-10T23:00:00Z,-34.92041,-51.86715,-0.5097,-0.9602,140.41666,2013-05-30T00:00:00Z,SVP
118397,2015-01-11T00:00:00Z,-34.95282,-51.89221,-0.6333,-1.0194,122.416664,2013-05-30T00:00:00Z,SVP
118397,2015-01-11T01:00:00Z,-34.98436,-51.91613,-0.5996,-0.9504,126.0,2013-05-30T00:00:00Z,SVP
118397,2015-01-11T02:00:00Z,-35.00675,-51.92946,-0.4326,-0.7943,147.58333,2013-05-30T00:00:00Z,SVP
118397,2015-01-11T03:00:00Z,-35.03427,-51.9467,-0.2573,-0.7736,194.41666,2013-05-30T00:00:00Z,SVP
118397,2015-01-11T04:00:00Z,-35.06028,-51.95725,-0.1454,-0.6833,259.20834,2013-05-30T00:00:00Z,SVP
118397,2015-01-11T05:00:00Z,-35.08152,-51.96123,-0.1412,-0.6847,259.20834,2013-05-30T00:00:00Z,SVP
118397,2015-01-11T06:00:00Z,-35.10279,-51.96569,-0.1028,-0.6335,93.583336,2013-05-30T00:00:00Z,SVP
118397,2015-01-11T07:00:00Z,-35.1216,-51.96984,-0.0977,-0.5639,176.41667,2013-05-30T00:00:00Z,SVP
118397,2015-01-11T08:00:00Z,-35.13926,-51.97451,-0.2386,-0.4459,181.79167,2013-05-30T00:00:00Z,SVP
118397,2015-01-11T09:00:00Z,-35.15371,-51.983,-0.2373,-0.4428,181.79167,2013-05-30T00:00:00Z,SVP
118397,2015-01-11T10:00:00Z,-35.16623,-51.99292,-0.2424,-0.3881,225.0,2013-05-30T00:00:00Z,SVP
118397,2015-01-11T11:00:00Z,-35.1776,-52.00381,-0.2957,-0.334,50.416664,2013-05-30T00:00:00Z,SVP
118397,2015-01-11T12:00:00Z,-35.19073,-52.02174,-0.4839,-0.4577,129.58333,2013-05-30T00:00:00Z,SVP
118397,2015-01-11T13:00:00Z,-35.2068,-52.04515,-0.5977,-0.5057,122.416664,2013-05-30T00:00:00Z,SVP
118397,2015-01-11T14:00:00Z,-35.22379,-52.07174,-0.3563,-0.6512,363.58334,2013-05-30T00:00:00Z,SVP
118397,2015-01-11T15:00:00Z,-35.24509,-52.08557,-0.3556,-0.6534,363.58334,2013-05-30T00:00:00Z,SVP
118397,2015-01-11T16:00:00Z,-35.26558,-52.10022,-0.3518,-0.6546,363.58334,2013-05-30T00:00:00Z,SVP
118397,2015-01-11T17:00:00Z,-35.28802,-52.1133,-0.325,-0.6978,252.0,2013-05-30T00:00:00Z,SVP
118397,2015-01-11T18:00:00Z,-35.31152,-52.12536,-0.3236,-0.6974,252.0,2013-05-30T00:00:00Z,SVP
118397,2015-01-11T19:00:00Z,-35.33424,-52.13666,-0.2219,-0.6822,118.79167,2013-05-30T00:00:00Z,SVP
118397,2015-01-11T20:00:00Z,-35.35671,-52.14481,-0.0997,-0.6326,104.41666,2013-05-30T00:00:00Z,SVP
118397,2015-01-11T21:00:00Z,-35.3774,-52.14683,-0.0263,-0.6431,144.0,2013-05-30T00:00:00Z,SVP
118397,2015-01-11T22:00:00Z,-35.39805,-52.14656,0.0138,-0.6038,309.5833,2013-05-30T00:00:00Z,SVP
118397,2015-01-11T23:00:00Z,-35.41774,-52.14652,0.0124,-0.6042,309.5833,2013-05-30T00:00:00Z,SVP
118397,2015-01-12T00:00:00Z,-35.43752,-52.14674,0.0055,-0.6057,0.0,2013-05-30T00:00:00Z,SVP
118397,2015-01-12T01:00:00Z,-35.4539,-52.14127,0.2455,-0.4065,147.58333,2013-05-30T00:00:00Z,SVP
118397,2015-01-12T02:00:00Z,-35.46566,-52.13367,0.1751,-0.3401,100.79167,2013-05-30T00:00:00Z,SVP
118397,2015-01-12T03:00:00Z,-35.47644,-52.12553,0.0901,-0.2864,219.58333,2013-05-30T00:00:00Z,SVP
118397,2015-01-12T04:00:00Z,-35.48581,-52.12179,0.0669,-0.2201,252.0,2013-05-30T00:00:00Z,SVP
118397,2015-01-12T05:00:00Z,-35.49357,-52.11907,0.0632,-0.2215,252.0,2013-05-30T00:00:00Z,SVP
118397,2015-01-12T06:00:00Z,-35.49945,-52.12101,-0.16,-0.1549,269.99997,2013-05-30T00:00:00Z,SVP
118397,2015-01-12T07:00:00Z,-35.50355,-52.12746,-0.161,-0.1611,269.99997,2013-05-30T00:00:00Z,SVP
118397,2015-01-12T08:00:00Z,-35.50936,-52.13462,-0.1872,-0.1626,250.20834,2013-05-30T00:00:00Z,SVP
118397,2015-01-12T09:00:00Z,-35.51492,-52.14235,-0.2259,-0.2153,214.20833,2013-05-30T00:00:00Z,SVP
118397,2015-01-12T10:00:00Z,-35.52394,-52.15339,-0.2515,-0.2358,214.20833,2013-05-30T00:00:00Z,SVP
118397,2015-01-12T11:00:00Z,-35.53102,-52.1692,-0.3545,-0.2472,118.79167,2013-05-30T00:00:00Z,SVP
118397,2015-01-12T12:00:00Z,-35.53986,-52.18264,-0.2196,-0.3832,144.0,2013-05-30T00:00:00Z,SVP
118397,2015-01-12T13:00:00Z,-35.55183,-52.19045,-0.2229,-0.3793,129.58333,2013-05-30T00:00:00Z,SVP
118397,2015-01-12T14:00:00Z,-35.56488,-52.20026,-0.2188,-0.3707,378.0,2013-05-30T00:00:00Z,SVP
118397,2015-01-12T15:00:00Z,-35.57636,-52.20822,-0.2131,-0.3687,378.0,2013-05-30T00:00:00Z,SVP
118397,2015-01-12T16:00:00Z,-35.58802,-52.21675,-0.2127,-0.3679,378.0,2013-05-30T00:00:00Z,SVP
118397,2015-01-12T17:00:00Z,-35.60132,-52.21971,-0.0992,-0.4013,233.99998,2013-05-30T00:00:00Z,SVP
118397,2015-01-12T18:00:00Z,-35.61357,-52.21216,-0.2153,-0.4181,295.20834,2013-05-30T00:00:00Z,SVP
118397,2015-01-12T19:00:00Z,-35.62801,-52.22728,-0.0847,-0.422,295.20834,2013-05-30T00:00:00Z,SVP
118397,2015-01-12T20:00:00Z,-35.64095,-52.23094,-0.0636,-0.1546,230.41667,2013-05-30T00:00:00Z,SVP
118397,2015-01-12T21:00:00Z,-35.64515,-52.23272,-0.0589,-0.1527,230.41667,2013-05-30T00:00:00Z,SVP
118397,2015-01-12T22:00:00Z,-35.64942,-52.2363,-0.0745,-0.1289,266.41666,2013-05-30T00:00:00Z,SVP
118397,2015-01-12T23:00:00Z,-35.65414,-52.23832,-0.0685,-0.1288,266.41666,2013-05-30T00:00:00Z,SVP
118397,2015-01-13T00:00:00Z,-35.6572,-52.25767,-0.458,-0.0905,180.0,2013-05-30T00:00:00Z,SVP
118397,2015-01-13T01:00:00Z,-35.65922,-52.27531,-0.4435,-0.0408,144.0,2013-05-30T00:00:00Z,SVP
118397,2015-01-13T02:00:00Z,-35.66175,-52.29266,-0.4325,-0.0969,108.00001,2013-05-30T00:00:00Z,SVP
118397,2015-01-13T03:00:00Z,-35.67038,-52.31156,-0.5151,-0.3611,0.0,2013-05-30T00:00:00Z,SVP
118397,2015-01-13T04:00:00Z,-35.68218,-52.33037,-0.4436,-0.3219,262.79166,2013-05-30T00:00:00Z,SVP
118397,2015-01-13T05:00:00Z,-35.69216,-52.34648,-0.4356,-0.3221,262.79166,2013-05-30T00:00:00Z,SVP
118397,2015-01-13T06:00:00Z,-35.70336,-52.36924,-0.6475,-0.3346,244.79167,2013-05-30T00:00:00Z,SVP
118397,2015-01-13T07:00:00Z,-35.71358,-52.40181,-0.5702,-0.3318,244.79167,2013-05-30T00:00:00Z,SVP
118397,2015-01-13T08:00:00Z,-35.73706,-52.41881,-0.6184,-0.7383,183.58333,2013-05-30T00:00:00Z,SVP
118397,2015-01-13T09:00:00Z,-35.76091,-52.44136,-0.4971,-0.6738,194.41666,2013-05-30T00:00:00Z,SVP
118397,2015-01-13T10:00:00Z,-35.78307,-52.46217,-0.4955,-0.6888,144.0,2013-05-30T00:00:00Z,SVP
118397,2015-01-13T11:00:00Z,-35.80519,-52.48069,-0.5639,-0.7426,111.583336,2013-05-30T00:00:00Z,SVP
118397,2015-01-13T12:00:00Z,-35.82965,-52.50254,-0.5286,-0.7282,122.416664,2013-05-30T00:00:00Z,SVP
118397,2015-01-13T13:00:00Z,-35.85423,-52.51503,-0.3354,-0.7969,133.20833,2013-05-30T00:00:00Z,SVP
118397,2015-01-13T14:00:00Z,-35.88167,-52.52905,-0.2647,-0.881,126.0,2013-05-30T00:00:00Z,SVP
118397,2015-01-13T15:00:00Z,-35.90473,-52.54216,-0.3487,-0.7428,295.20834,2013-05-30T00:00:00Z,SVP
118397,2015-01-13T16:00:00Z,-35.91894,-52.54802,-0.2692,-0.6397,295.20834,2013-05-30T00:00:00Z,SVP
118397,2015-01-13T17:00:00Z,-35.94902,-52.56846,-0.3327,-0.9665,233.99998,2013-05-30T00:00:00Z,SVP
118397,2015-01-13T18:00:00Z,-35.98035,-52.58625,-0.2218,-0.9494,252.0,2013-05-30T00:00:00Z,SVP
118397,2015-01-13T19:00:00Z,-36.01105,-52.59487,-0.2225,-0.9449,252.0,2013-05-30T00:00:00Z,SVP
118397,2015-01-13T20:00:00Z,-36.0378,-52.60382,-0.2147,-0.8037,252.0,2013-05-30T00:00:00Z,SVP
118397,2015-01-13T21:00:00Z,-36.06038,-52.61125,-0.2056,-0.8058,252.0,2013-05-30T00:00:00Z,SVP
118397,2015-01-13T22:00:00Z,-36.08882,-52.64054,-0.4446,-0.7915,248.41667,2013-05-30T00:00:00Z,SVP
118397,2015-01-13T23:00:00Z,-36.11509,-52.65827,-0.5968,-0.7204,187.20833,2013-05-30T00:00:00Z,SVP
118397,2015-01-14T00:00:00Z,-36.13819,-52.68214,-0.5824,-0.6714,0.0,2013-05-30T00:00:00Z,SVP
118397,2015-01-14T01:00:00Z,-36.16194,-52.7044,-0.5399,-0.8341,118.79167,2013-05-30T00:00:00Z,SVP
118397,2015-01-14T02:00:00Z,-36.19254,-52.72263,-0.4624,-0.9817,268.2083,2013-05-30T00:00:00Z,SVP
118397,2015-01-14T03:00:00Z,-36.21652,-52.75385,-0.6345,-0.845,268.2083,2013-05-30T00:00:00Z,SVP
118397,2015-01-14T04:00:00Z,-36.25071,-52.77355,-0.5658,-1.2207,264.5833,2013-05-30T00:00:00Z,SVP
118397,2015-01-14T05:00:00Z,-36.29277,-52.77767,-0.4607,-1.1671,264.5833,2013-05-30T00:00:00Z,SVP
118397,2015-01-14T06:00:00Z,-36.32967,-52.81839,-0.5154,-1.1702,230.41667,2013-05-30T00:00:00Z,SVP
118397,2015-01-14T07:00:00Z,-36.36635,-52.83688,-0.1242,-1.0041,248.41667,2013-05-30T00:00:00Z,SVP
118397,2015-01-14T08:00:00Z,-36.3989,-52.84205,-0.1216,-0.9979,248.41667,2013-05-30T00:00:00Z,SVP
118397,2015-01-14T09:00:00Z,-36.42937,-52.84686,-0.1182,-0.9184,147.58333,2013-05-30T00:00:00Z,SVP
118397,2015-01-14T10:00:00Z,-36.45431,-52.8523,-0.1252,-0.6594,100.79167,2013-05-30T00:00:00Z,SVP
118397,2015-01-14T11:00:00Z,-36.47197,-52.85653,-0.1234,-0.5333,158.41667,2013-05-30T00:00:00Z,SVP
118397,2015-01-14T12:00:00Z,-36.48551,-52.86268,-0.1762,-0.3562,165.58333,2013-05-30T00:00:00Z,SVP
118397,2015-01-14T13:00:00Z,-36.49633,-52.87193,-0.2463,-0.3351,244.79167,2013-05-30T00:00:00Z,SVP
118397,2015-01-14T14:00:00Z,-36.50591,-52.88254,-0.3279,-0.338,309.5833,2013-05-30T00:00:00Z,SVP
118397,2015-01-14T15:00:00Z,-36.5185,-52.8976,-0.3504,-0.343,309.5833,2013-05-30T00:00:00Z,SVP
118397,2015-01-14T16:00:00Z,-36.53278,-52.91309,-0.4973,-0.3217,241.20834,2013-05-30T00:00:00Z,SVP
118397,2015-01-14T17:00:00Z,-36.53999,-52.93784,-0.467,-0.3448,241.20834,2013-05-30T00:00:00Z,SVP
118397,2015-01-14T18:00:00Z,-36.55127,-52.95703,-0.479,-0.3866,255.58333,2013-05-30T00:00:00Z,SVP
118397,2015-01-14T19:00:00Z,-36.56392,-52.97435,-0.4961,-0.3885,255.58333,2013-05-30T00:00:00Z,SVP
118397,2015-01-14T20:00:00Z,-36.57678,-52.9942,-0.4671,-0.4073,212.41667,2013-05-30T00:00:00Z,SVP
118397,2015-01-14T21:00:00Z,-36.59007,-53.01165,-0.4345,-0.4939,0.0,2013-05-30T00:00:00Z,SVP
118397,2015-01-14T22:00:00Z,-36.60859,-53.03471,-0.5787,-0.573,212.41667,2013-05-30T00:00:00Z,SVP
118397,2015-01-14T23:00:00Z,-36.62648,-53.0566,-0.608,-0.5921,309.5833,2013-05-30T00:00:00Z,SVP
118397,2015-01-15T00:00:00Z,-36.64628,-53.08197,-0.6077,-0.5895,309.5833,2013-05-30T00:00:00Z,SVP
118397,2015-01-15T01:00:00Z,-36.66568,-53.10327,-0.4817,-0.5939,269.99997,2013-05-30T00:00:00Z,SVP
118397,2015-01-15T02:00:00Z,-36.68373,-53.11835,-0.5102,-0.5936,269.99997,2013-05-30T00:00:00Z,SVP
118397,2015-01-15T03:00:00Z,-36.70456,-53.14195,-0.6727,-0.6158,172.79166,2013-05-30T00:00:00Z,SVP
118397,2015-01-15T04:00:00Z,-36.72636,-53.17202,-0.7531,-0.6901,241.20834,2013-05-30T00:00:00Z,SVP
118397,2015-01-15T05:00:00Z,-36.74454,-53.20588,-0.7833,-0.6401,241.20834,2013-05-30T00:00:00Z,SVP
118397,2015-01-15T06:00:00Z,-36.77822,-53.18934,-0.3336,-0.7901,198.00002,2013-05-30T00:00:00Z,SVP
118397,2015-01-15T07:00:00Z,-36.80309,-53.19508,-0.0786,-0.7178,216.00002,2013-05-30T00:00:00Z,SVP
118397,2015-01-15T08:00:00Z,-36.8269,-53.19937,-0.051,-0.7073,216.00002,2013-05-30T00:00:00Z,SVP
118397,2015-01-15T09:00:00Z,-36.84756,-53.19883,0.0438,-0.5873,108.00001,2013-05-30T00:00:00Z,SVP
118397,2015-01-15T10:00:00Z,-36.86594,-53.19805,-0.0107,-0.5291,154.79166,2013-05-30T00:00:00Z,SVP
118397,2015-01-15T11:00:00Z,-36.88309,-53.19806,-0.0351,-0.5055,190.79166,2013-05-30T00:00:00Z,SVP
118397,2015-01-15T12:00:00Z,-36.89951,-53.19994,-0.0059,-0.5193,111.583336,2013-05-30T00:00:00Z,SVP
118397,2015-01-15T13:00:00Z,-36.91605,-53.19968,-0.0033,-0.5056,126.0,2013-05-30T00:00:00Z,SVP
118397,2015-01-15T14:00:00Z,-36.9297,-53.20423,-0.2329,-0.2964,129.58333,2013-05-30T00:00:00Z,SVP
118397,2015-01-15T15:00:00Z,-36.93932,-53.21373,-0.2595,-0.2678,450.0,2013-05-30T00:00:00Z,SVP
118397,2015-01-15T16:00:00Z,-36.9481,-53.22401,-0.2597,-0.2673,450.0,2013-05-30T00:00:00Z,SVP
118397,2015-01-15T17:00:00Z,-36.95705,-53.23396,-0.2603,-0.266,450.0,2013-05-30T00:00:00Z,SVP
118397,2015-01-15T18:00:00Z,-36.96575,-53.24908,-0.442,-0.2648,252.0,2013-05-30T00:00:00Z,SVP
118397,2015-01-15T19:00:00Z,-36.97341,-53.26725,-0.4404,-0.266,252.0,2013-05-30T00:00:00Z,SVP
118397,2015-01-15T20:00:00Z,-36.98455,-53.2848,-0.4378,-0.3093,151.20834,2013-05-30T00:00:00Z,SVP
118397,2015-01-15T21:00:00Z,-37.00269,-53.2959,-0.3108,-0.5885,208.79167,2013-05-30T00:00:00Z,SVP
118397,2015-01-15T22:00:00Z,-37.02211,-53.30817,-0.3279,-0.5858,208.79167,2013-05-30T00:00:00Z,SVP
118397,2015-01-15T23:00:00Z,-37.04076,-53.32495,-0.4004,-0.598,269.99997,2013-05-30T00:00:00Z,SVP
118397,2015-01-16T00:00:00Z,-37.05906,-53.33992,-0.3965,-0.588,269.99997,2013-05-30T00:00:00Z,SVP
118397,2015-01-16T01:00:00Z,-37.08346,-53.35742,-0.2141,-0.7894,151.20834,2013-05-30T00:00:00Z,SVP
118397,2015-01-16T02:00:00Z,-37.1065,-53.36461,-0.1872,-0.852,108.00001,2013-05-30T00:00:00Z,SVP
118397,2015-01-16T03:00:00Z,-37.13454,-53.37123,-0.0383,-0.789,75.583336,2013-05-30T00:00:00Z,SVP
118397,2015-01-16T04:00:00Z,-37.16047,-53.37133,0.0213,-0.7905,248.41667,2013-05-30T00:00:00Z,SVP
118397,2015-01-16T05:00:00Z,-37.18516,-53.369,0.3564,-0.9029,230.41667,2013-05-30T00:00:00Z,SVP
118397,2015-01-16T06:00:00Z,-37.21672,-53.35341,0.3458,-0.8829,230.41667,2013-05-30T00:00:00Z,SVP
118397,2015-01-16T07:00:00Z,-37.24383,-53.33861,0.3754,-0.8326,183.58333,2013-05-30T00:00:00Z,SVP
118397,2015-01-16T08:00:00Z,-37.26993,-53.3217,0.5395,-0.7788,91.791664,2013-05-30T00:00:00Z,SVP
118397,2015-01-16T09:00:00Z,-37.29582,-53.29872,0.5755,-0.8068,138.58333,2013-05-30T00:00:00Z,SVP
118397,2015-01-16T10:00:00Z,-37.31971,-53.27389,0.6094,-0.744,230.41667,2013-05-30T00:00:00Z,SVP
118397,2015-01-16T11:00:00Z,-37.34162,-53.24949,0.616,-0.6476,138.58333,2013-05-30T00:00:00Z,SVP
118397,2015-01-16T12:00:00Z,-37.35908,-53.22172,0.7302,-0.4774,91.791664,2013-05-30T00:00:00Z,SVP
118397,2015-01-16T13:00:00Z,-37.37601,-53.19197,0.6856,-0.5238,136.79167,2013-05-30T00:00:00Z,SVP
118397,2015-01-16T14:00:00Z,-37.39248,-53.16767,0.6738,-0.4886,482.4167,2013-05-30T00:00:00Z,SVP
118397,2015-01-16T15:00:00Z,-37.40864,-53.13885,0.6732,-0.4922,482.4167,2013-05-30T00:00:00Z,SVP
118397,2015-01-16T16:00:00Z,-37.42537,-53.11134,0.6737,-0.4986,482.4167,2013-05-30T00:00:00Z,SVP
118397,2015-01-16T17:00:00Z,-37.44292,-53.08449,0.6758,-0.5067,482.4167,2013-05-30T00:00:00Z,SVP
118397,2015-01-16T18:00:00Z,-37.45519,-53.05663,0.6894,-0.4006,248.41667,2013-05-30T00:00:00Z,SVP
118397,2015-01-16T19:00:00Z,-37.46804,-53.02828,0.5506,-0.4066,126.0,2013-05-30T00:00:00Z,SVP
118397,2015-01-16T20:00:00Z,-37.48414,-53.00791,0.4756,-0.5667,118.79167,2013-05-30T00:00:00Z,SVP
118397,2015-01-16T21:00:00Z,-37.50208,-52.96894,0.8308,-0.5648,122.416664,2013-05-30T00:00:00Z,SVP
118397,2015-01-16T22:00:00Z,-37.52626,-52.94581,0.8695,-0.8138,75.583336,2013-05-30T00:00:00Z,SVP
118397,2015-01-16T23:00:00Z,-37.55101,-52.91062,0.7831,-0.7033,151.20834,2013-05-30T00:00:00Z,SVP
118397,2015-01-17T00:00:00Z,-37.57281,-52.88041,0.7635,-0.7374,100.79167,2013-05-30T00:00:00Z,SVP
118397,2015-01-17T01:00:00Z,-37.60034,-52.84132,1.0562,-0.6231,252.0,2013-05-30T00:00:00Z,SVP
118397,2015-01-17T02:00:00Z,-37.62052,-52.79625,1.0497,-0.6166,252.0,2013-05-30T00:00:00Z,SVP
118397,2015-01-17T03:00:00Z,-37.6386,-52.75683,1.0098,-0.5247,111.583336,2013-05-30T00:00:00Z,SVP
118397,2015-01-17T04:00:00Z,-37.63403,-52.71522,0.9721,0.1467,244.79167,2013-05-30T00:00:00Z,SVP
118397,2015-01-17T05:00:00Z,-37.62625,-52.67974,0.5649,0.4327,237.58334,2013-05-30T00:00:00Z,SVP
118397,2015-01-17T06:00:00Z,-37.61158,-52.65623,0.5595,0.422,237.58334,2013-05-30T00:00:00Z,SVP
118397,2015-01-17T07:00:00Z,-37.59831,-52.63552,0.5158,0.4246,136.79167,2013-05-30T00:00:00Z,SVP
118397,2015-01-17T08:00:00Z,-37.58378,-52.63537,-0.0492,0.4979,151.20834,2013-05-30T00:00:00Z,SVP
118397,2015-01-17T09:00:00Z,-37.56689,-52.63364,-0.1922,0.3993,97.20833,2013-05-30T00:00:00Z,SVP
118397,2015-01-17T10:00:00Z,-37.55573,-52.64391,-0.2541,0.2977,248.41667,2013-05-30T00:00:00Z,SVP
118397,2015-01-17T11:00:00Z,-37.54578,-52.65296,-0.2523,0.2953,248.41667,2013-05-30T00:00:00Z,SVP
118397,2015-01-17T12:00:00Z,-37.53889,-52.66448,-0.2052,0.0385,144.0,2013-05-30T00:00:00Z,SVP
118397,2015-01-17T13:00:00Z,-37.53789,-52.66839,-0.1983,-0.0146,115.208336,2013-05-30T00:00:00Z,SVP
118397,2015-01-17T14:00:00Z,-37.54083,-52.68078,-0.1732,-0.1781,493.20834,2013-05-30T00:00:00Z,SVP
118397,2015-01-17T15:00:00Z,-37.54707,-52.68671,-0.1775,-0.1814,493.20834,2013-05-30T00:00:00Z,SVP
118397,2015-01-17T16:00:00Z,-37.55272,-52.69327,-0.1828,-0.1814,493.20834,2013-05-30T00:00:00Z,SVP
118397,2015-01-17T17:00:00Z,-37.55794,-52.70089,-0.1635,-0.216,252.0,2013-05-30T00:00:00Z,SVP
118397,2015-01-17T18:00:00Z,-37.56651,-52.70829,-0.1651,-0.2175,252.0,2013-05-30T00:00:00Z,SVP
118397,2015-01-17T19:00:00Z,-37.57478,-52.71386,-0.1335,-0.278,72.0,2013-05-30T00:00:00Z,SVP
118397,2015-01-17T20:00:00Z,-37.58916,-52.7182,-0.1199,-0.4784,115.208336,2013-05-30T00:00:00Z,SVP
118397,2015-01-17T21:00:00Z,-37.60537,-52.72171,0.0969,-0.5076,50.416664,2013-05-30T00:00:00Z,SVP
118397,2015-01-17T22:00:00Z,-37.62077,-52.71436,0.2805,-0.3905,57.583332,2013-05-30T00:00:00Z,SVP
118397,2015-01-17T23:00:00Z,-37.63332,-52.70359,0.2555,-0.4125,212.41667,2013-05-30T00:00:00Z,SVP
118397,2015-01-18T00:00:00Z,-37.64713,-52.69368,0.2543,-0.4137,212.41667,2013-05-30T00:00:00Z,SVP
118397,2015-01-18T01:00:00Z,-37.66076,-52.68118,0.2931,-0.4416,136.79167,2013-05-30T00:00:00Z,SVP
118397,2015-01-18T02:00:00Z,-37.67562,-52.66765,0.4183,-0.3156,136.79167,2013-05-30T00:00:00Z,SVP
118397,2015-01-18T03:00:00Z,-37.68578,-52.6507,0.5314,-0.2314,259.20834,2013-05-30T00:00:00Z,SVP
118397,2015-01-18T04:00:00Z,-37.69351,-52.62878,0.5316,-0.2302,259.20834,2013-05-30T00:00:00Z,SVP
118397,2015-01-18T05:00:00Z,-37.70074,-52.60772,0.5214,-0.2115,226.79166,2013-05-30T00:00:00Z,SVP
118397,2015-01-18T06:00:00Z,-37.70722,-52.58577,0.5214,-0.2112,226.79166,2013-05-30T00:00:00Z,SVP
118397,2015-01-18T07:00:00Z,-37.71188,-52.57251,0.2192,-0.089,154.79166,2013-05-30T00:00:00Z,SVP
118397,2015-01-18T08:00:00Z,-37.71377,-52.56478,0.2038,-0.0548,93.583336,2013-05-30T00:00:00Z,SVP
118397,2015-01-18T09:00:00Z,-37.71439,-52.55735,0.0455,0.1248,0.0,2013-05-30T00:00:00Z,SVP
118397,2015-01-18T10:00:00Z,-37.71589,-52.55368,0.1338,-0.1511,97.20833,2013-05-30T00:00:00Z,SVP
118397,2015-01-18T11:00:00Z,-37.72426,-52.54622,0.1941,-0.2957,136.79167,2013-05-30T00:00:00Z,SVP
118397,2015-01-18T12:00:00Z,-37.73535,-52.54048,0.1149,-0.3424,136.79167,2013-05-30T00:00:00Z,SVP
118397,2015-01-18T13:00:00Z,-37.74643,-52.53685,0.0612,-0.3357,97.20833,2013-05-30T00:00:00Z,SVP
118397,2015-01-18T14:00:00Z,-37.75422,-52.54572,0.2146,-0.2624,144.0,2013-05-30T00:00:00Z,SVP
118397,2015-01-18T15:00:00Z,-37.77426,-52.53565,0.2324,-0.6709,392.41666,2013-05-30T00:00:00Z,SVP
118397,2015-01-18T16:00:00Z,-37.79612,-52.52651,0.2349,-0.6705,392.41666,2013-05-30T00:00:00Z,SVP
118397,2015-01-18T17:00:00Z,-37.81769,-52.51702,0.3247,-0.69,252.0,2013-05-30T00:00:00Z,SVP
118397,2015-01-18T18:00:00Z,-37.84017,-52.50324,0.3254,-0.6901,252.0,2013-05-30T00:00:00Z,SVP
118397,2015-01-18T19:00:00Z,-37.86181,-52.48799,0.3922,-0.6671,237.58334,2013-05-30T00:00:00Z,SVP
118397,2015-01-18T20:00:00Z,-37.88373,-52.47225,0.3952,-0.6657,237.58334,2013-05-30T00:00:00Z,SVP
118397,2015-01-18T21:00:00Z,-37.905,-52.45099,0.5316,-0.7139,154.79166,2013-05-30T00:00:00Z,SVP
118397,2015-01-18T22:00:00Z,-37.92799,-52.42913,0.763,-0.6899,97.20833,2013-05-30T00:00:00Z,SVP
118397,2015-01-18T23:00:00Z,-37.94481,-52.39694,0.8077,-0.4573,233.99998,2013-05-30T00:00:00Z,SVP
118397,2015-01-19T00:00:00Z,-37.95966,-52.36273,0.7964,-0.3944,136.79167,2013-05-30T00:00:00Z,SVP
118397,2015-01-19T01:00:00Z,-37.97105,-52.33294,0.6924,-0.2911,111.583336,2013-05-30T00:00:00Z,SVP
118397,2015-01-19T02:00:00Z,-37.98014,-52.30568,0.6316,-0.2729,144.0,2013-05-30T00:00:00Z,SVP
118397,2015-01-19T03:00:00Z,-37.98853,-52.28181,0.4573,-0.2408,108.00001,2013-05-30T00:00:00Z,SVP
118397,2015-01-19T04:00:00Z,-37.99654,-52.26281,0.4751,-0.267,162.0,2013-05-30T00:00:00Z,SVP
118397,2015-01-19T05:00:00Z,-38.00604,-52.24254,0.5231,-0.3279,233.99998,2013-05-30T00:00:00Z,SVP
118397,2015-01-19T06:00:00Z,-38.01701,-52.22079,0.5399,-0.3593,68.416664,2013-05-30T00:00:00Z,SVP
118397,2015-01-19T07:00:00Z,-38.02857,-52.20624,0.3412,-0.3544,190.79166,2013-05-30T00:00:00Z,SVP
118397,2015-01-19T08:00:00Z,-38.03998,-52.19021,0.7295,-0.3465,54.000004,2013-05-30T00:00:00Z,SVP
118397,2015-01-19T09:00:00Z,-38.05429,-52.16225,0.6387,-0.5094,108.00001,2013-05-30T00:00:00Z,SVP
118397,2015-01-19T10:00:00Z,-38.07255,-52.14014,0.4984,-0.5341,86.41667,2013-05-30T00:00:00Z,SVP
118397,2015-01-19T11:00:00Z,-38.0888,-52.09455,0.9302,-0.4996,151.20834,2013-05-30T00:00:00Z,SVP
118397,2015-01-19T12:00:00Z,-38.10089,-52.05811,1.1278,-0.1759,50.416664,2013-05-30T00:00:00Z,SVP
118397,2015-01-19T13:00:00Z,-38.10635,-52.00978,1.2245,-0.1869,122.416664,2013-05-30T00:00:00Z,SVP
118397,2015-01-19T14:00:00Z,-38.10941,-51.9582,1.1693,0.0323,417.58334,2013-05-30T00:00:00Z,SVP
118397,2015-01-19T15:00:00Z,-38.10716,-51.91101,1.1629,0.0361,417.58334,2013-05-30T00:00:00Z,SVP
118397,2015-01-19T16:00:00Z,-38.10584,-51.86223,1.1635,0.0374,417.58334,2013-05-30T00:00:00Z,SVP
118397,2015-01-19T17:00:00Z,-38.09726,-51.81491,1.0938,0.5773,255.58333,2013-05-30T00:00:00Z,SVP
118397,2015-01-19T18:00:00Z,-38.0782,-51.77088,1.1004,0.5722,255.58333,2013-05-30T00:00:00Z,SVP
118397,2015-01-19T19:00:00Z,-38.06032,-51.75002,0.2637,0.5584,216.00002,2013-05-30T00:00:00Z,SVP
118397,2015-01-19T20:00:00Z,-38.04328,-51.73663,0.3033,0.4841,79.208336,2013-05-30T00:00:00Z,SVP
118397,2015-01-19T21:00:00Z,-38.02929,-51.72345,0.4751,0.403,165.58333,2013-05-30T00:00:00Z,SVP
118397,2015-01-19T22:00:00Z,-38.01664,-51.70424,0.4772,0.3797,104.41666,2013-05-30T00:00:00Z,SVP
118397,2015-01-19T23:00:00Z,-38.00677,-51.70656,-0.0415,0.3145,144.0,2013-05-30T00:00:00Z,SVP
118397,2015-01-20T00:00:00Z,-37.99683,-51.70458,0.1351,0.2958,126.0,2013-05-30T00:00:00Z,SVP
118397,2015-01-20T01:00:00Z,-37.98893,-51.70001,0.0976,0.2122,122.416664,2013-05-30T00:00:00Z,SVP
118397,2015-01-20T02:00:00Z,-37.98341,-51.69704,0.0704,0.1503,147.58333,2013-05-30T00:00:00Z,SVP
118397,2015-01-20T03:00:00Z,-37.97939,-51.69514,-0.0573,0.156,183.58333,2013-05-30T00:00:00Z,SVP
118397,2015-01-20T04:00:00Z,-37.97218,-51.69973,-0.0607,0.1631,183.58333,2013-05-30T00:00:00Z,SVP
118397,2015-01-20T05:00:00Z,-37.96942,-51.6996,-0.0103,0.0925,230.41667,2013-05-30T00:00:00Z,SVP
118397,2015-01-20T06:00:00Z,-37.96841,-51.699,0.0651,-0.0349,252.0,2013-05-30T00:00:00Z,SVP
118397,2015-01-20T07:00:00Z,-37.97129,-51.69479,0.0731,-0.0407,252.0,2013-05-30T00:00:00Z,SVP
118397,2015-01-20T08:00:00Z,-37.97251,-51.69104,0.2389,-0.1253,205.20834,2013-05-30T00:00:00Z,SVP
118397,2015-01-20T09:00:00Z,-37.97763,-51.67996,0.213,-0.1111,205.20834,2013-05-30T00:00:00Z,SVP
118397,2015-01-20T10:00:00Z,-37.98132,-51.66991,0.2679,-0.1206,201.58334,2013-05-30T00:00:00Z,SVP
118397,2015-01-20T11:00:00Z,-37.9853,-51.65921,0.2764,-0.1499,54.000004,2013-05-30T00:00:00Z,SVP
118397,2015-01-20T12:00:00Z,-37.98891,-51.64605,0.4324,-0.0528,115.208336,2013-05-30T00:00:00Z,SVP
118397,2015-01-20T13:00:00Z,-37.99015,-51.62799,0.4723,-0.0337,122.416664,2013-05-30T00:00:00Z,SVP
118397,2015-01-20T14:00:00Z,-37.99072,-51.61284,0.4214,-0.0035,115.208336,2013-05-30T00:00:00Z,SVP
118397,2015-01-20T15:00:00Z,-37.99033,-51.59389,0.4957,0.024,327.58334,2013-05-30T00:00:00Z,SVP
118397,2015-01-20T16:00:00Z,-37.98994,-51.57386,0.5039,0.0233,327.58334,2013-05-30T00:00:00Z,SVP
118397,2015-01-20T17:00:00Z,-37.9888,-51.55315,0.5221,0.0352,248.41667,2013-05-30T00:00:00Z,SVP
118397,2015-01-20T18:00:00Z,-37.98704,-51.52989,0.5318,0.0348,248.41667,2013-05-30T00:00:00Z,SVP
118397,2015-01-20T19:00:00Z,-37.98578,-51.52222,0.1605,0.0545,172.79166,2013-05-30T00:00:00Z,SVP
118397,2015-01-20T20:00:00Z,-37.98172,-51.51292,0.3539,0.1845,180.0,2013-05-30T00:00:00Z,SVP
118397,2015-01-20T21:00:00Z,-37.97571,-51.49905,0.3587,0.1886,72.0,2013-05-30T00:00:00Z,SVP
118397,2015-01-20T22:00:00Z,-37.97006,-51.48623,0.2347,0.1646,165.58333,2013-05-30T00:00:00Z,SVP
118397,2015-01-20T23:00:00Z,-37.96567,-51.48143,0.0506,0.1309,111.583336,2013-05-30T00:00:00Z,SVP
118397,2015-01-21T00:00:00Z,-37.96107,-51.48071,0.0293,0.1342,136.79167,2013-05-30T00:00:00Z,SVP
118397,2015-01-21T01:00:00Z,-37.95828,-51.4733,0.1233,-0.0572,248.41667,2013-05-30T00:00:00Z,SVP
118397,2015-01-21T02:00:00Z,-37.96101,-51.46915,0.1083,-0.054,248.41667,2013-05-30T00:00:00Z,SVP
118397,2015-01-21T03:00:00Z,-37.96328,-51.46455,0.0721,-0.1251,208.79167,2013-05-30T00:00:00Z,SVP
118397,2015-01-21T04:00:00Z,-37.96644,-51.46442,0.3342,-0.2841,230.41667,2013-05-30T00:00:00Z,SVP
118397,2015-01-21T05:00:00Z,-37.97664,-51.45056,0.335,-0.2752,230.41667,2013-05-30T00:00:00Z,SVP
118397,2015-01-21T06:00:00Z,-37.98527,-51.43603,0.3743,-0.2743,252.0,2013-05-30T00:00:00Z,SVP
118397,2015-01-21T07:00:00Z,-37.99429,-51.42116,0.3733,-0.2727,252.0,2013-05-30T00:00:00Z,SVP
118397,2015-01-21T08:00:00Z,-38.00177,-51.4012,0.4963,-0.2263,280.79166,2013-05-30T00:00:00Z,SVP
118397,2015-01-21T09:00:00Z,-38.00947,-51.38088,0.5051,-0.2248,280.79166,2013-05-30T00:00:00Z,SVP
118397,2015-01-21T10:00:00Z,-38.01481,-51.35248,0.6311,-0.1804,233.99998,2013-05-30T00:00:00Z,SVP
118397,2015-01-21T11:00:00Z,-38.01987,-51.32609,0.6633,-0.1384,111.583336,2013-05-30T00:00:00Z,SVP
118397,2015-01-21T12:00:00Z,-38.02042,-51.29918,0.6513,0.0171,122.416664,2013-05-30T00:00:00Z,SVP
118397,2015-01-21T13:00:00Z,-38.01647,-51.27317,0.6097,0.1978,133.20833,2013-05-30T00:00:00Z,SVP
118397,2015-01-21T14:00:00Z,-38.00678,-51.25756,0.572,0.495,338.4167,2013-05-30T00:00:00Z,SVP
118397,2015-01-21T15:00:00Z,-37.99001,-51.2281,0.5648,0.4966,338.4167,2013-05-30T00:00:00Z,SVP
118397,2015-01-21T16:00:00Z,-37.97421,-51.19975,0.5927,0.4987,338.4167,2013-05-30T00:00:00Z,SVP
118397,2015-01-21T17:00:00Z,-37.95799,-51.17949,0.4642,0.5133,489.58334,2013-05-30T00:00:00Z,SVP
118397,2015-01-21T18:00:00Z,-37.94124,-51.16052,0.4631,0.5134,489.58334,2013-05-30T00:00:00Z,SVP
118397,2015-01-21T19:00:00Z,-37.92436,-51.14054,0.4626,0.5135,489.58334,2013-05-30T00:00:00Z,SVP
118397,2015-01-21T20:00:00Z,-37.90858,-51.12373,0.3318,0.4929,129.58333,2013-05-30T00:00:00Z,SVP
118397,2015-01-21T21:00:00Z,-37.89358,-51.11129,0.2733,0.4385,126.0,2013-05-30T00:00:00Z,SVP
118397,2015-01-21T22:00:00Z,-37.88131,-51.10536,0.0391,0.2947,129.58333,2013-05-30T00:00:00Z,SVP
118397,2015-01-21T23:00:00Z,-37.87133,-51.10316,0.0283,0.2265,266.41666,2013-05-30T00:00:00Z,SVP
118397,2015-01-22T00:00:00Z,-37.86485,-51.10297,0.0201,0.2246,266.41666,2013-05-30T00:00:00Z,SVP
118397,2015-01-22T01:00:00Z,-37.85952,-51.09891,0.099,0.1515,147.58333,2013-05-30T00:00:00Z,SVP
118397,2015-01-22T02:00:00Z,-37.85731,-51.09357,-0.0204,-0.0061,100.79167,2013-05-30T00:00:00Z,SVP
118397,2015-01-22T03:00:00Z,-37.8581,-51.09419,-0.0388,-0.1025,237.58334,2013-05-30T00:00:00Z,SVP
118397,2015-01-22T04:00:00Z,-37.86072,-51.09261,0.4036,-0.2014,237.58334,2013-05-30T00:00:00Z,SVP
118397,2015-01-22T05:00:00Z,-37.86838,-51.07599,0.4044,-0.1903,237.58334,2013-05-30T00:00:00Z,SVP
118397,2015-01-22T06:00:00Z,-37.87384,-51.05849,0.4375,-0.1756,212.41667,2013-05-30T00:00:00Z,SVP
118397,2015-01-22T07:00:00Z,-37.87912,-51.03947,0.6011,-0.0508,248.41667,2013-05-30T00:00:00Z,SVP
118397,2015-01-22T08:00:00Z,-37.8803,-51.01387,0.5948,-0.0431,248.41667,2013-05-30T00:00:00Z,SVP
118397,2015-01-22T09:00:00Z,-37.87761,-50.98868,0.6276,0.1455,241.20834,2013-05-30T00:00:00Z,SVP
118397,2015-01-22T10:00:00Z,-37.872,-50.96411,0.6193,0.1294,241.20834,2013-05-30T00:00:00Z,SVP
118397,2015-01-22T11:00:00Z,-37.86742,-50.92084,0.7841,0.1639,158.41667,2013-05-30T00:00:00Z,SVP
118397,2015-01-22T12:00:00Z,-37.85884,-50.89638,0.5269,0.4902,144.0,2013-05-30T00:00:00Z,SVP
118397,2015-01-22T13:00:00Z,-37.84224,-50.87481,0.565,0.489,115.208336,2013-05-30T00:00:00Z,SVP
118397,2015-01-22T14:00:00Z,-37.8265,-50.85166,0.5627,0.4859,388.79166,2013-05-30T00:00:00Z,SVP
118397,2015-01-22T15:00:00Z,-37.81067,-50.8286,0.5625,0.4866,388.79166,2013-05-30T00:00:00Z,SVP
118397,2015-01-22T16:00:00Z,-37.79509,-50.80531,0.5631,0.4868,388.79166,2013-05-30T00:00:00Z,SVP
118397,2015-01-22T17:00:00Z,-37.77905,-50.79262,0.2875,0.4934,226.79166,2013-05-30T00:00:00Z,SVP
118397,2015-01-22T18:00:00Z,-37.76356,-50.78394,0.2477,0.4665,205.20834,2013-05-30T00:00:00Z,SVP
118397,2015-01-22T19:00:00Z,-37.74882,-50.77098,0.2572,0.4657,205.20834,2013-05-30T00:00:00Z,SVP
118397,2015-01-22T20:00:00Z,-37.73919,-50.76901,0.0409,0.2287,198.00002,2013-05-30T00:00:00Z,SVP
118397,2015-01-22T21:00:00Z,-37.73176,-50.76807,0.0443,0.1781,266.41666,2013-05-30T00:00:00Z,SVP
118397,2015-01-22T22:00:00Z,-37.72616,-50.76528,0.0501,0.1748,266.41666,2013-05-30T00:00:00Z,SVP
118397,2015-01-22T23:00:00Z,-37.72186,-50.7651,-0.0197,0.1124,262.79166,2013-05-30T00:00:00Z,SVP
118397,2015-01-23T00:00:00Z,-37.71873,-50.76698,-0.0238,0.1085,262.79166,2013-05-30T00:00:00Z,SVP
118397,2015-01-23T01:00:00Z,-37.71682,-50.76774,-0.0329,0.0658,147.58333,2013-05-30T00:00:00Z,SVP
118397,2015-01-23T02:00:00Z,-37.71542,-50.7626,0.2743,-0.0157,144.0,2013-05-30T00:00:00Z,SVP
118397,2015-01-23T03:00:00Z,-37.71597,-50.75187,0.272,0.1002,100.79167,2013-05-30T00:00:00Z,SVP
118397,2015-01-23T04:00:00Z,-37.71266,-50.74017,0.2938,0.1396,252.0,2013-05-30T00:00:00Z,SVP
118397,2015-01-23T05:00:00Z,-37.70793,-50.72889,0.2973,0.1381,252.0,2013-05-30T00:00:00Z,SVP
118397,2015-01-23T06:00:00Z,-37.70139,-50.71306,0.4242,0.2052,172.79166,2013-05-30T00:00:00Z,SVP
118397,2015-01-23T07:00:00Z,-37.68919,-50.69507,0.395,0.3838,194.41666,2013-05-30T00:00:00Z,SVP
118397,2015-01-23T08:00:00Z,-37.67815,-50.67949,0.3998,0.4212,194.41666,2013-05-30T00:00:00Z,SVP
118397,2015-01-23T09:00:00Z,-37.66169,-50.66319,0.4115,0.5026,183.58333,2013-05-30T00:00:00Z,SVP
118397,2015-01-23T10:00:00Z,-37.6446,-50.64755,0.4068,0.5038,176.41667,2013-05-30T00:00:00Z,SVP
118397,2015-01-23T11:00:00Z,-37.62898,-50.62787,0.1819,0.6672,90.0,2013-05-30T00:00:00Z,SVP
118397,2015-01-23T12:00:00Z,-37.60626,-50.62122,0.1537,0.719,154.79166,2013-05-30T00:00:00Z,SVP
118397,2015-01-23T13:00:00Z,-37.58333,-50.61542,0.1335,0.7062,111.583336,2013-05-30T00:00:00Z,SVP
118397,2015-01-23T14:00:00Z,-37.56015,-50.61596,0.0263,0.6818,136.79167,2013-05-30T00:00:00Z,SVP
118397,2015-01-23T15:00:00Z,-37.54869,-50.62123,-0.1141,0.398,280.79166,2013-05-30T00:00:00Z,SVP
118397,2015-01-23T16:00:00Z,-37.53605,-50.61082,-0.3316,0.3349,230.41667,2013-05-30T00:00:00Z,SVP
118397,2015-01-23T17:00:00Z,-37.52385,-50.62671,-0.3107,0.3445,230.41667,2013-05-30T00:00:00Z,SVP
118397,2015-01-23T18:00:00Z,-37.51468,-50.63888,-0.2651,0.1713,248.41667,2013-05-30T00:00:00Z,SVP
118397,2015-01-23T19:00:00Z,-37.50886,-50.64908,-0.2688,0.1643,248.41667,2013-05-30T00:00:00Z,SVP
118397,2015-01-23T20:00:00Z,-37.51076,-50.65921,-0.237,0.0302,169.20834,2013-05-30T00:00:00Z,SVP
118397,2015-01-23T21:00:00Z,-37.51169,-50.66509,-0.1085,-0.0321,183.58333,2013-05-30T00:00:00Z,SVP
118397,2015-01-23T22:00:00Z,-37.51258,-50.66952,-0.1114,-0.031,183.58333,2013-05-30T00:00:00Z,SVP
118397,2015-01-23T23:00:00Z,-37.51487,-50.6718,-0.0147,-0.0656,208.79167,2013-05-30T00:00:00Z,SVP
118397,2015-01-24T00:00:00Z,-37.51817,-50.67271,0.0613,0.0095,122.416664,2013-05-30T00:00:00Z,SVP
118397,2015-01-24T01:00:00Z,-37.51678,-50.66917,0.1656,0.0615,111.583336,2013-05-30T00:00:00Z,SVP
118397,2015-01-24T02:00:00Z,-37.51399,-50.66064,0.2366,0.1046,158.41667,2013-05-30T00:00:00Z,SVP
118397,2015-01-24T03:00:00Z,-37.50996,-50.6507,0.2504,0.1484,104.41666,2013-05-30T00:00:00Z,SVP
118397,2015-01-24T04:00:00Z,-37.50607,-50.63915,0.2823,0.1168,273.58334,2013-05-30T00:00:00Z,SVP
118397,2015-01-24T05:00:00Z,-37.50199,-50.63079,0.2517,0.1175,273.58334,2013-05-30T00:00:00Z,SVP
118397,2015-01-24T06:00:00Z,-37.49838,-50.61035,0.4139,0.7968,0.0,2013-05-30T00:00:00Z,SVP
118397,2015-01-24T07:00:00Z,-37.47925,-50.59886,0.2053,0.4078,169.20834,2013-05-30T00:00:00Z,SVP
118397,2015-01-24T08:00:00Z,-37.4654,-50.59115,0.1691,0.4542,86.41667,2013-05-30T00:00:00Z,SVP
118397,2015-01-24T09:00:00Z,-37.44883,-50.58673,0.093,0.5446,140.41666,2013-05-30T00:00:00Z,SVP
118397,2015-01-24T10:00:00Z,-37.43129,-50.58377,0.0643,0.5363,302.4167,2013-05-30T00:00:00Z,SVP
118397,2015-01-24T11:00:00Z,-37.41348,-50.58039,0.0674,0.5364,302.4167,2013-05-30T00:00:00Z,SVP
118397,2015-01-24T12:00:00Z,-37.39869,-50.58635,-0.1622,0.4522,136.79167,2013-05-30T00:00:00Z,SVP
118397,2015-01-24T13:00:00Z,-37.3879,-50.59366,-0.1756,0.2971,126.0,2013-05-30T00:00:00Z,SVP
118397,2015-01-24T14:00:00Z,-37.38145,-50.603,-0.1749,0.1262,298.7917,2013-05-30T00:00:00Z,SVP
118397,2015-01-24T15:00:00Z,-37.37725,-50.60866,-0.1763,0.1243,298.7917,2013-05-30T00:00:00Z,SVP
118397,2015-01-24T16:00:00Z,-37.36304,-50.61092,-0.1027,-0.0754,237.58334,2013-05-30T00:00:00Z,SVP
118397,2015-01-24T17:00:00Z,-37.37128,-50.6239,-0.1618,0.0685,237.58334,2013-05-30T00:00:00Z,SVP
118397,2015-01-24T18:00:00Z,-37.369,-50.62446,0.0691,0.0295,262.79166,2013-05-30T00:00:00Z,SVP
118397,2015-01-24T19:00:00Z,-37.36767,-50.62133,0.068,0.0276,262.79166,2013-05-30T00:00:00Z,SVP
118397,2015-01-24T20:00:00Z,-37.36702,-50.61941,0.0706,-0.0392,75.583336,2013-05-30T00:00:00Z,SVP
118397,2015-01-24T21:00:00Z,-37.36897,-50.61678,0.1577,-0.0994,190.79166,2013-05-30T00:00:00Z,SVP
118397,2015-01-24T22:00:00Z,-37.37197,-50.61,0.2027,-0.0958,93.583336,2013-05-30T00:00:00Z,SVP
118397,2015-01-24T23:00:00Z,-37.3726,-50.60102,0.2261,0.0187,172.79166,2013-05-30T00:00:00Z,SVP
118397,2015-01-25T00:00:00Z,-37.37033,-50.59166,0.2423,0.1318,136.79167,2013-05-30T00:00:00Z,SVP
118397,2015-01-25T01:00:00Z,-37.36451,-50.57874,0.3386,0.2047,126.0,2013-05-30T00:00:00Z,SVP
118397,2015-01-25T02:00:00Z,-37.35701,-50.56122,0.3921,0.2363,144.0,2013-05-30T00:00:00Z,SVP
118397,2015-01-25T03:00:00Z,-37.34661,-50.5483,0.2762,0.3577,54.000004,2013-05-30T00:00:00Z,SVP
118397,2015-01-25T04:00:00Z,-37.33516,-50.53676,0.2879,0.3461,244.79167,2013-05-30T00:00:00Z,SVP
118397,2015-01-25T05:00:00Z,-37.3243,-50.52543,0.2476,0.3547,216.00002,2013-05-30T00:00:00Z,SVP
118397,2015-01-25T06:00:00Z,-37.3123,-50.51465,0.2449,0.3514,216.00002,2013-05-30T00:00:00Z,SVP
118397,2015-01-25T07:00:00Z,-37.3013,-50.50976,0.0757,0.3369,133.20833,2013-05-30T00:00:00Z,SVP
118397,2015-01-25T08:00:00Z,-37.29125,-50.50648,0.0663,0.3093,133.20833,2013-05-30T00:00:00Z,SVP
118397,2015-01-25T09:00:00Z,-37.283,-50.50651,-0.0397,0.2249,262.79166,2013-05-30T00:00:00Z,SVP
118397,2015-01-25T10:00:00Z,-37.276,-50.50829,-0.0401,0.2248,262.79166,2013-05-30T00:00:00Z,SVP
118397,2015-01-25T11:00:00Z,-37.26874,-50.51139,-0.1467,0.2221,133.20833,2013-05-30T00:00:00Z,SVP
118397,2015-01-25T12:00:00Z,-37.26261,-50.51648,-0.1013,0.1897,97.20833,2013-05-30T00:00:00Z,SVP
118397,2015-01-25T13:00:00Z,-37.25618,-50.51849,-0.0296,0.1955,136.79167,2013-05-30T00:00:00Z,SVP
118397,2015-01-25T14:00:00Z,-37.2493,-50.51451,0.2163,0.1576,122.416664,2013-05-30T00:00:00Z,SVP
118397,2015-01-25T15:00:00Z,-37.25528,-50.50558,0.256,-0.0469,442.79166,2013-05-30T00:00:00Z,SVP
118397,2015-01-25T16:00:00Z,-37.25894,-50.49501,0.2558,-0.0528,442.79166,2013-05-30T00:00:00Z,SVP
118397,2015-01-25T17:00:00Z,-37.26173,-50.48512,0.2984,-0.0501,442.79166,2013-05-30T00:00:00Z,SVP
118397,2015-01-25T18:00:00Z,-37.25951,-50.46485,0.5414,0.0749,252.0,2013-05-30T00:00:00Z,SVP
118397,2015-01-25T19:00:00Z,-37.25636,-50.44252,0.5993,0.0954,115.208336,2013-05-30T00:00:00Z,SVP
118397,2015-01-25T20:00:00Z,-37.25373,-50.41675,0.668,0.1267,298.7917,2013-05-30T00:00:00Z,SVP
118397,2015-01-25T21:00:00Z,-37.2492,-50.38984,0.6673,0.1269,298.7917,2013-05-30T00:00:00Z,SVP
118397,2015-01-25T22:00:00Z,-37.24483,-50.36111,0.699,0.15,82.791664,2013-05-30T00:00:00Z,SVP
118397,2015-01-25T23:00:00Z,-37.23835,-50.33228,0.7174,0.3242,54.000004,2013-05-30T00:00:00Z,SVP
118397,2015-01-26T00:00:00Z,-37.22618,-50.30168,0.7532,0.3671,133.20833,2013-05-30T00:00:00Z,SVP
118397,2015-01-26T01:00:00Z,-37.2168,-50.27081,0.7939,0.3089,147.58333,2013-05-30T00:00:00Z,SVP
118397,2015-01-26T02:00:00Z,-37.20631,-50.23857,0.8347,0.3422,104.41666,2013-05-30T00:00:00Z,SVP
118397,2015-01-26T03:00:00Z,-37.1939,-50.20707,0.6893,0.4478,75.583336,2013-05-30T00:00:00Z,SVP
118397,2015-01-26T04:00:00Z,-37.17859,-50.17926,0.6655,0.4725,255.58333,2013-05-30T00:00:00Z,SVP
118397,2015-01-26T05:00:00Z,-37.16309,-50.15241,0.6955,0.4268,230.41667,2013-05-30T00:00:00Z,SVP
118397,2015-01-26T06:00:00Z,-37.14975,-50.12394,0.6949,0.4304,230.41667,2013-05-30T00:00:00Z,SVP
118397,2015-01-26T07:00:00Z,-37.13499,-50.09838,0.43,0.5496,165.58333,2013-05-30T00:00:00Z,SVP
118397,2015-01-26T08:00:00Z,-37.11731,-50.08218,0.2359,0.5617,82.791664,2013-05-30T00:00:00Z,SVP
118397,2015-01-26T09:00:00Z,-37.10106,-50.07465,0.1847,0.4533,190.79166,2013-05-30T00:00:00Z,SVP
118397,2015-01-26T10:00:00Z,-37.08686,-50.06847,0.1711,0.3552,108.00001,2013-05-30T00:00:00Z,SVP
118397,2015-01-26T11:00:00Z,-37.07555,-50.06291,0.0098,0.3328,136.79167,2013-05-30T00:00:00Z,SVP
118397,2015-01-26T12:00:00Z,-37.06448,-50.06188,0.0279,0.3302,111.583336,2013-05-30T00:00:00Z,SVP
118397,2015-01-26T13:00:00Z,-37.05589,-50.05969,0.0482,0.2789,133.20833,2013-05-30T00:00:00Z,SVP
118397,2015-01-26T14:00:00Z,-37.04981,-50.06034,-0.0396,0.0611,460.79166,2013-05-30T00:00:00Z,SVP
118397,2015-01-26T15:00:00Z,-37.04868,-50.06243,-0.0432,0.0617,460.79166,2013-05-30T00:00:00Z,SVP
118397,2015-01-26T16:00:00Z,-37.04659,-50.06476,-0.0457,0.0604,460.79166,2013-05-30T00:00:00Z,SVP
118397,2015-01-26T17:00:00Z,-37.04388,-50.06753,0.1129,0.0325,248.41667,2013-05-30T00:00:00Z,SVP
118397,2015-01-26T18:00:00Z,-37.04367,-50.0625,0.1152,0.0283,248.41667,2013-05-30T00:00:00Z,SVP
118397,2015-01-26T19:00:00Z,-37.04315,-50.05817,0.1107,0.0097,64.791664,2013-05-30T00:00:00Z,SVP
118397,2015-01-26T20:00:00Z,-37.04506,-50.05641,0.0596,-0.0477,122.416664,2013-05-30T00:00:00Z,SVP
118397,2015-01-26T21:00:00Z,-37.04551,-50.04988,0.4263,-0.1654,176.41667,2013-05-30T00:00:00Z,SVP
118397,2015-01-26T22:00:00Z,-37.05069,-50.03259,0.3837,-0.1846,68.416664,2013-05-30T00:00:00Z,SVP
118397,2015-01-26T23:00:00Z,-37.05665,-50.01708,0.3907,-0.1517,306.0,2013-05-30T00:00:00Z,SVP
118397,2015-01-27T00:00:00Z,-37.06168,-50.00143,0.3907,-0.1508,306.0,2013-05-30T00:00:00Z,SVP
118397,2015-01-27T01:00:00Z,-37.0659,-49.98179,0.4716,-0.1258,158.41667,2013-05-30T00:00:00Z,SVP
118397,2015-01-27T02:00:00Z,-37.07062,-49.96225,0.4957,-0.1469,97.20833,2013-05-30T00:00:00Z,SVP
118397,2015-01-27T03:00:00Z,-37.07528,-49.94489,0.3911,-0.117,248.41667,2013-05-30T00:00:00Z,SVP
118397,2015-01-27T04:00:00Z,-37.07756,-49.93112,0.3784,-0.1089,248.41667,2013-05-30T00:00:00Z,SVP
118397,2015-01-27T05:00:00Z,-37.08158,-49.91522,0.4379,-0.1908,280.79166,2013-05-30T00:00:00Z,SVP
118397,2015-01-27T06:00:00Z,-37.08821,-49.89607,0.4257,-0.1872,280.79166,2013-05-30T00:00:00Z,SVP
118397,2015-01-27T07:00:00Z,-37.09534,-49.87809,0.4651,-0.2414,201.58334,2013-05-30T00:00:00Z,SVP
118397,2015-01-27T08:00:00Z,-37.10297,-49.85935,0.6546,-0.2791,226.79166,2013-05-30T00:00:00Z,SVP
118397,2015-01-27T09:00:00Z,-37.1135,-49.83226,0.6542,-0.2872,226.79166,2013-05-30T00:00:00Z,SVP
118397,2015-01-27T10:00:00Z,-37.12522,-49.8044,0.642,-0.427,79.208336,2013-05-30T00:00:00Z,SVP
118397,2015-01-27T11:00:00Z,-37.13893,-49.78427,0.7594,-0.3569,133.20833,2013-05-30T00:00:00Z,SVP
118397,2015-01-27T12:00:00Z,-37.14991,-49.75285,0.7782,-0.3656,133.20833,2013-05-30T00:00:00Z,SVP
118397,2015-01-27T13:00:00Z,-37.16282,-49.72121,0.8008,-0.4675,104.41666,2013-05-30T00:00:00Z,SVP
118397,2015-01-27T14:00:00Z,-37.17771,-49.68283,0.9815,-0.4986,500.4167,2013-05-30T00:00:00Z,SVP
118397,2015-01-27T15:00:00Z,-37.19405,-49.64248,0.9809,-0.4991,500.4167,2013-05-30T00:00:00Z,SVP
118397,2015-01-27T16:00:00Z,-37.21014,-49.60257,0.9809,-0.4994,500.4167,2013-05-30T00:00:00Z,SVP
118397,2015-01-27T17:00:00Z,-37.22635,-49.56221,1.0212,-0.5254,244.79167,2013-05-30T00:00:00Z,SVP
118397,2015-01-27T18:00:00Z,-37.244,-49.51944,1.0325,-0.5293,244.79167,2013-05-30T00:00:00Z,SVP
118397,2015-01-27T19:00:00Z,-37.26264,-49.46977,1.147,-0.6497,165.58333,2013-05-30T00:00:00Z,SVP
118397,2015-01-27T20:00:00Z,-37.28412,-49.42283,1.2014,-0.6429,50.416664,2013-05-30T00:00:00Z,SVP
118397,2015-01-27T21:00:00Z,-37.30474,-49.37304,1.28,-0.6449,228.58334,2013-05-30T00:00:00Z,SVP
118397,2015-01-27T22:00:00Z,-37.32562,-49.32141,1.3366,-0.658,343.7917,2013-05-30T00:00:00Z,SVP
118397,2015-01-27T23:00:00Z,-37.34677,-49.26657,1.3376,-0.6576,343.7917,2013-05-30T00:00:00Z,SVP
118397,2015-01-28T00:00:00Z,-37.36785,-49.21217,1.3378,-0.6574,343.7917,2013-05-30T00:00:00Z,SVP
118397,2015-01-28T01:00:00Z,-37.38885,-49.15641,1.3653,-0.598,133.20833,2013-05-30T00:00:00Z,SVP
118397,2015-01-28T02:00:00Z,-37.4072,-49.10108,1.3433,-0.5961,122.416664,2013-05-30T00:00:00Z,SVP
118397,2015-01-28T03:00:00Z,-37.42482,-49.03978,1.619,-0.4763,115.208336,2013-05-30T00:00:00Z,SVP
118397,2015-01-28T04:00:00Z,-37.43847,-48.97237,1.7026,-0.3758,108.00001,2013-05-30T00:00:00Z,SVP
118397,2015-01-28T05:00:00Z,-37.45102,-48.91119,1.4651,-0.3746,255.58333,2013-05-30T00:00:00Z,SVP
118397,2015-01-28T06:00:00Z,-37.46317,-48.85314,1.4136,-0.346,262.79166,2013-05-30T00:00:00Z,SVP
118397,2015-01-28T07:00:00Z,-37.47337,-48.79199,1.4565,-0.3384,262.79166,2013-05-30T00:00:00Z,SVP
118397,2015-01-28T08:00:00Z,-37.48301,-48.74463,1.3158,-0.2815,169.20834,2013-05-30T00:00:00Z,SVP
118397,2015-01-28T09:00:00Z,-37.49262,-48.69207,1.1535,-0.3496,61.208332,2013-05-30T00:00:00Z,SVP
118397,2015-01-28T10:00:00Z,-37.50517,-48.64515,1.162,-0.4146,194.41666,2013-05-30T00:00:00Z,SVP
118397,2015-01-28T11:00:00Z,-37.51833,-48.59777,1.1356,-0.4241,147.58333,2013-05-30T00:00:00Z,SVP
118397,2015-01-28T12:00:00Z,-37.53201,-48.55256,1.1037,-0.4188,136.79167,2013-05-30T00:00:00Z,SVP
118397,2015-01-28T13:00:00Z,-37.54675,-48.50806,1.0974,-0.508,118.79167,2013-05-30T00:00:00Z,SVP
118397,2015-01-28T14:00:00Z,-37.56324,-48.4629,1.1121,-0.5297,518.4167,2013-05-30T00:00:00Z,SVP
118397,2015-01-28T15:00:00Z,-37.58047,-48.41746,1.112,-0.5296,518.4167,2013-05-30T00:00:00Z,SVP
118397,2015-01-28T16:00:00Z,-37.59778,-48.37217,1.112,-0.5296,518.4167,2013-05-30T00:00:00Z,SVP
118397,2015-01-28T17:00:00Z,-37.61485,-48.32638,1.124,-0.5256,244.79167,2013-05-30T00:00:00Z,SVP
118397,2015-01-28T18:00:00Z,-37.63126,-48.2797,1.1251,-0.5244,244.79167,2013-05-30T00:00:00Z,SVP
118397,2015-01-28T19:00:00Z,-37.64815,-48.23464,1.1094,-0.5115,252.0,2013-05-30T00:00:00Z,SVP
118397,2015-01-28T20:00:00Z,-37.66474,-48.18862,1.0566,-0.3062,252.0,2013-05-30T00:00:00Z,SVP
118397,2015-01-28T21:00:00Z,-37.66896,-48.14536,1.0557,-0.3418,252.0,2013-05-30T00:00:00Z,SVP
118397,2015-01-28T22:00:00Z,-37.67984,-48.10296,1.0228,-0.4177,320.41666,2013-05-30T00:00:00Z,SVP
118397,2015-01-28T23:00:00Z,-37.69386,-48.06147,1.0191,-0.4159,320.41666,2013-05-30T00:00:00Z,SVP
118397,2015-01-29T00:00:00Z,-37.70797,-48.02155,0.9488,-0.4539,140.41666,2013-05-30T00:00:00Z,SVP
118397,2015-01-29T01:00:00Z,-37.72272,-47.98513,0.8345,-0.4574,115.208336,2013-05-30T00:00:00Z,SVP
118397,2015-01-29T02:00:00Z,-37.73779,-47.95917,0.6375,-0.463,151.20834,2013-05-30T00:00:00Z,SVP
118397,2015-01-29T03:00:00Z,-37.75634,-47.92725,0.9271,-0.6178,104.41666,2013-05-30T00:00:00Z,SVP
118397,2015-01-29T04:00:00Z,-37.77814,-47.89013,0.7575,-0.7568,255.58333,2013-05-30T00:00:00Z,SVP
118397,2015-01-29T05:00:00Z,-37.80199,-47.86022,0.7617,-0.7503,255.58333,2013-05-30T00:00:00Z,SVP
118397,2015-01-29T06:00:00Z,-37.82792,-47.82916,0.7946,-0.9284,212.41667,2013-05-30T00:00:00Z,SVP
118397,2015-01-29T07:00:00Z,-37.86014,-47.79615,0.7916,-0.8711,212.41667,2013-05-30T00:00:00Z,SVP
118397,2015-01-29T08:00:00Z,-37.88738,-47.76406,0.7851,-0.8725,165.58333,2013-05-30T00:00:00Z,SVP
118397,2015-01-29T09:00:00Z,-37.91576,-47.74176,0.5101,-0.9598,162.0,2013-05-30T00:00:00Z,SVP
118397,2015-01-29T10:00:00Z,-37.94764,-47.71786,0.6844,-1.0223,64.791664,2013-05-30T00:00:00Z,SVP
118397,2015-01-29T11:00:00Z,-37.97995,-47.68824,0.7018,-0.962,108.00001,2013-05-30T00:00:00Z,SVP
118397,2015-01-29T12:00:00Z,-38.0098,-47.66086,1.0211,-0.9491,68.416664,2013-05-30T00:00:00Z,SVP
118397,2015-01-29T13:00:00Z,-38.03882,-47.62123,0.5541,-0.7528,144.0,2013-05-30T00:00:00Z,SVP
118397,2015-01-29T14:00:00Z,-38.06257,-47.59898,0.5399,-0.7583,403.2083,2013-05-30T00:00:00Z,SVP
118397,2015-01-29T15:00:00Z,-38.08763,-47.57619,0.5388,-0.756,403.2083,2013-05-30T00:00:00Z,SVP
118397,2015-01-29T16:00:00Z,-38.11214,-47.55343,0.5368,-0.7562,403.2083,2013-05-30T00:00:00Z,SVP
118397,2015-01-29T17:00:00Z,-38.13608,-47.53201,0.5123,-0.7456,252.0,2013-05-30T00:00:00Z,SVP
118397,2015-01-29T18:00:00Z,-38.16088,-47.5118,0.5147,-0.7457,252.0,2013-05-30T00:00:00Z,SVP
118397,2015-01-29T19:00:00Z,-38.18161,-47.48903,0.5335,-0.6741,232.20833,2013-05-30T00:00:00Z,SVP
118397,2015-01-29T20:00:00Z,-38.20351,-47.46653,0.5752,-0.6519,225.0,2013-05-30T00:00:00Z,SVP
118397,2015-01-29T21:00:00Z,-38.22382,-47.44215,0.5767,-0.6485,225.0,2013-05-30T00:00:00Z,SVP
118397,2015-01-29T22:00:00Z,-38.24497,-47.42025,0.5505,-0.6479,255.58333,2013-05-30T00:00:00Z,SVP
118397,2015-01-29T23:00:00Z,-38.26726,-47.39984,0.4651,-0.2833,90.0,2013-05-30T00:00:00Z,SVP
118397,2015-01-30T00:00:00Z,-38.27598,-47.38523,0.3297,-0.2778,144.0,2013-05-30T00:00:00Z,SVP
118397,2015-01-30T01:00:00Z,-38.28392,-47.36606,0.532,-0.2351,111.583336,2013-05-30T00:00:00Z,SVP
118397,2015-01-30T02:00:00Z,-38.29081,-47.34449,0.5327,-0.2145,147.58333,2013-05-30T00:00:00Z,SVP
118397,2015-01-30T03:00:00Z,-38.29987,-47.33697,0.1111,-0.3077,187.20833,2013-05-30T00:00:00Z,SVP
118397,2015-01-30T04:00:00Z,-38.30354,-47.33277,0.0913,-0.4568,230.41667,2013-05-30T00:00:00Z,SVP
118397,2015-01-30T05:00:00Z,-38.31991,-47.32831,0.0942,-0.4428,230.41667,2013-05-30T00:00:00Z,SVP
118397,2015-01-30T06:00:00Z,-38.33435,-47.32475,0.078,-0.4594,201.58334,2013-05-30T00:00:00Z,SVP
118397,2015-01-30T07:00:00Z,-38.34971,-47.32168,0.0958,-0.4918,57.583332,2013-05-30T00:00:00Z,SVP
118397,2015-01-30T08:00:00Z,-38.37216,-47.31843,-0.0678,-0.7207,115.208336,2013-05-30T00:00:00Z,SVP
118397,2015-01-30T09:00:00Z,-38.39396,-47.32219,-0.0329,-0.6853,82.791664,2013-05-30T00:00:00Z,SVP
118397,2015-01-30T10:00:00Z,-38.41646,-47.32354,0.0254,-0.7344,223.20834,2013-05-30T00:00:00Z,SVP
118397,2015-01-30T11:00:00Z,-38.44117,-47.31998,0.1122,-0.8185,115.208336,2013-05-30T00:00:00Z,SVP
118397,2015-01-30T12:00:00Z,-38.46822,-47.31123,0.2361,-0.8557,122.416664,2013-05-30T00:00:00Z,SVP
118397,2015-01-30T13:00:00Z,-38.49525,-47.30186,0.2592,-0.8284,136.79167,2013-05-30T00:00:00Z,SVP
118397,2015-01-30T14:00:00Z,-38.52173,-47.29048,0.2642,-0.8077,428.41666,2013-05-30T00:00:00Z,SVP
118397,2015-01-30T15:00:00Z,-38.54839,-47.27933,0.2638,-0.8078,428.41666,2013-05-30T00:00:00Z,SVP
118397,2015-01-30T16:00:00Z,-38.57537,-47.26866,0.2655,-0.8072,428.41666,2013-05-30T00:00:00Z,SVP
118397,2015-01-30T17:00:00Z,-38.59962,-47.25654,0.3089,-0.7358,259.20834,2013-05-30T00:00:00Z,SVP
118397,2015-01-30T18:00:00Z,-38.62256,-47.24485,0.2948,-0.5762,158.41667,2013-05-30T00:00:00Z,SVP
118397,2015-01-30T19:00:00Z,-38.63972,-47.22627,-0.0369,-0.4924,86.41667,2013-05-30T00:00:00Z,SVP
118397,2015-01-30T20:00:00Z,-38.6561,-47.22319,0.2057,-0.4996,158.41667,2013-05-30T00:00:00Z,SVP
118397,2015-01-30T21:00:00Z,-38.67371,-47.21368,0.2509,-0.6284,97.20833,2013-05-30T00:00:00Z,SVP
118397,2015-01-30T22:00:00Z,-38.69548,-47.20382,0.2508,-0.6946,144.0,2013-05-30T00:00:00Z,SVP
118397,2015-01-30T23:00:00Z,-38.70927,-47.1983,0.1094,-0.3602,136.79167,2013-05-30T00:00:00Z,SVP
118397,2015-01-31T00:00:00Z,-38.72048,-47.19648,0.006,-0.3898,115.208336,2013-05-30T00:00:00Z,SVP
118397,2015-01-31T01:00:00Z,-38.73434,-47.19471,0.0754,-0.4607,158.41667,2013-05-30T00:00:00Z,SVP
118397,2015-01-31T02:00:00Z,-38.75136,-47.19227,0.0162,-0.6429,97.20833,2013-05-30T00:00:00Z,SVP
118397,2015-01-31T03:00:00Z,-38.77352,-47.19195,-0.019,-0.7598,180.0,2013-05-30T00:00:00Z,SVP
118397,2015-01-31T04:00:00Z,-38.79704,-47.19126,0.1106,-0.7113,252.0,2013-05-30T00:00:00Z,SVP
118397,2015-01-31T05:00:00Z,-38.82103,-47.18663,0.1135,-0.7153,252.0,2013-05-30T00:00:00Z,SVP
118397,2015-01-31T06:00:00Z,-38.84098,-47.18204,0.1172,-0.6345,165.58333,2013-05-30T00:00:00Z,SVP
118397,2015-01-31T07:00:00Z,-38.86054,-47.17868,0.0981,-0.5761,93.583336,2013-05-30T00:00:00Z,SVP
118397,2015-01-31T08:00:00Z,-38.88357,-47.16662,0.2997,-0.7076,154.79166,2013-05-30T00:00:00Z,SVP
118397,2015-01-31T09:00:00Z,-38.90691,-47.15182,0.341,-0.7158,165.58333,2013-05-30T00:00:00Z,SVP
118397,2015-01-31T10:00:00Z,-38.92974,-47.1366,0.3619,-0.7232,115.208336,2013-05-30T00:00:00Z,SVP
118397,2015-01-31T11:00:00Z,-38.95285,-47.12066,0.3979,-0.6785,118.79167,2013-05-30T00:00:00Z,SVP
118397,2015-01-31T12:00:00Z,-38.97333,-47.10271,0.461,-0.6132,133.20833,2013-05-30T00:00:00Z,SVP
118397,2015-01-31T13:00:00Z,-38.99348,-47.08193,0.5709,-0.5709,129.58333,2013-05-30T00:00:00Z,SVP
118397,2015-01-31T14:00:00Z,-39.01135,-47.05771,0.5667,-0.5387,324.0,2013-05-30T00:00:00Z,SVP
118397,2015-01-31T15:00:00Z,-39.02923,-47.0348,0.5609,-0.5422,324.0,2013-05-30T00:00:00Z,SVP
118397,2015-01-31T16:00:00Z,-39.04779,-47.01253,0.555,-0.548,324.0,2013-05-30T00:00:00Z,SVP
118397,2015-01-31T17:00:00Z,-39.06472,-46.98668,0.5803,-0.5439,259.20834,2013-05-30T00:00:00Z,SVP
118397,2015-01-31T18:00:00Z,-39.07677,-46.97566,0.4294,-0.4327,108.00001,2013-05-30T00:00:00Z,SVP
118397,2015-01-31T19:00:00Z,-39.09113,-46.95543,0.2754,-0.4335,133.20833,2013-05-30T00:00:00Z,SVP
118397,2015-01-31T20:00:00Z,-39.10568,-46.94244,0.4848,-0.5084,54.000004,2013-05-30T00:00:00Z,SVP
118397,2015-01-31T21:00:00Z,-39.12227,-46.92063,0.4799,-0.5694,115.208336,2013-05-30T00:00:00Z,SVP
118397,2015-01-31T22:00:00Z,-39.13905,-46.90303,0.3442,-0.4431,54.000004,2013-05-30T00:00:00Z,SVP
118397,2015-01-31T23:00:00Z,-39.15421,-46.90106,0.6567,-0.5134,144.0,2013-05-30T00:00:00Z,SVP
118397,2015-02-01T00:00:00Z,-39.17057,-46.87375,0.6649,-0.4489,111.583336,2013-05-30T00:00:00Z,SVP
118397,2015-02-01T01:00:00Z,-39.18519,-46.84769,0.6123,-0.4412,158.41667,2013-05-30T00:00:00Z,SVP
118397,2015-02-01T02:00:00Z,-39.20086,-46.82383,0.5112,-0.4811,100.79167,2013-05-30T00:00:00Z,SVP
118397,2015-02-01T03:00:00Z,-39.21637,-46.80523,0.4282,-0.5325,198.00002,2013-05-30T00:00:00Z,SVP
118397,2015-02-01T04:00:00Z,-39.23556,-46.78613,0.4568,-0.6227,262.79166,2013-05-30T00:00:00Z,SVP
118397,2015-02-01T05:00:00Z,-39.2567,-46.76654,0.4647,-0.6174,262.79166,2013-05-30T00:00:00Z,SVP
118397,2015-02-01T06:00:00Z,-39.27614,-46.73199,0.7886,-0.5196,0.0,2013-05-30T00:00:00Z,SVP
118397,2015-02-01T07:00:00Z,-39.29175,-46.69884,0.8975,-0.4166,118.79167,2013-05-30T00:00:00Z,SVP
118397,2015-02-01T08:00:00Z,-39.30491,-46.65928,1.0244,-0.3796,108.00001,2013-05-30T00:00:00Z,SVP
118397,2015-02-01T09:00:00Z,-39.31662,-46.61137,1.209,-0.3482,140.41666,2013-05-30T00:00:00Z,SVP
118397,2015-02-01T10:00:00Z,-39.32581,-46.5602,1.1478,-0.1667,154.79166,2013-05-30T00:00:00Z,SVP
118397,2015-02-01T11:00:00Z,-39.33135,-46.5123,1.1314,-0.167,154.79166,2013-05-30T00:00:00Z,SVP
118397,2015-02-01T12:00:00Z,-39.33317,-46.46966,1.0577,-0.0022,158.41667,2013-05-30T00:00:00Z,SVP
118397,2015-02-01T13:00:00Z,-39.33284,-46.42534,0.9829,0.0335,115.208336,2013-05-30T00:00:00Z,SVP
118397,2015-02-01T14:00:00Z,-39.33231,-46.38465,0.9664,0.0205,385.20834,2013-05-30T00:00:00Z,SVP
118397,2015-02-01T15:00:00Z,-39.33089,-46.34356,0.9705,0.0279,385.20834,2013-05-30T00:00:00Z,SVP
118397,2015-02-01T16:00:00Z,-39.32903,-46.30245,0.9726,0.0337,385.20834,2013-05-30T00:00:00Z,SVP
118397,2015-02-01T17:00:00Z,-39.33025,-46.26357,0.9629,0.02,226.79166,2013-05-30T00:00:00Z,SVP
118397,2015-02-01T18:00:00Z,-39.32917,-46.22212,0.9728,0.0661,244.79167,2013-05-30T00:00:00Z,SVP
118397,2015-02-01T19:00:00Z,-39.32633,-46.18161,0.9764,0.0496,244.79167,2013-05-30T00:00:00Z,SVP
118397,2015-02-01T20:00:00Z,-39.32365,-46.14534,0.9561,0.0596,140.41666,2013-05-30T00:00:00Z,SVP
118397,2015-02-01T21:00:00Z,-39.32179,-46.10545,0.9284,0.0658,50.416664,2013-05-30T00:00:00Z,SVP
118397,2015-02-01T22:00:00Z,-39.3205,-46.06846,0.8991,0.0011,136.79167,2013-05-30T00:00:00Z,SVP
118397,2015-02-01T23:00:00Z,-39.31979,-46.02984,0.8972,0.02,626.4167,2013-05-30T00:00:00Z,SVP
118397,2015-02-02T00:00:00Z,-39.31924,-45.99323,0.8987,0.0197,626.4167,2013-05-30T00:00:00Z,SVP
118397,2015-02-02T01:00:00Z,-39.31882,-45.95593,0.8991,0.0188,626.4167,2013-05-30T00:00:00Z,SVP
118397,2015-02-02T02:00:00Z,-39.3188,-45.91864,0.8994,0.0168,626.4167,2013-05-30T00:00:00Z,SVP
118397,2015-02-02T03:00:00Z,-39.31739,-45.88047,1.0781,0.2207,118.79167,2013-05-30T00:00:00Z,SVP
118397,2015-02-02T04:00:00Z,-39.31053,-45.83556,1.0864,0.2039,216.00002,2013-05-30T00:00:00Z,SVP
118397,2015-02-02T05:00:00Z,-39.3047,-45.7895,0.7772,0.053,108.00001,2013-05-30T00:00:00Z,SVP
118397,2015-02-02T06:00:00Z,-39.30359,-45.75772,0.7435,0.0128,129.58333,2013-05-30T00:00:00Z,SVP
118397,2015-02-02T07:00:00Z,-39.30204,-45.7261,0.7714,0.1097,118.79167,2013-05-30T00:00:00Z,SVP
118397,2015-02-02T08:00:00Z,-39.29416,-45.69149,0.866,0.3211,79.208336,2013-05-30T00:00:00Z,SVP
118397,2015-02-02T09:00:00Z,-39.28412,-45.65625,0.8381,0.3219,82.791664,2013-05-30T00:00:00Z,SVP
118397,2015-02-02T10:00:00Z,-39.27339,-45.62134,0.8458,0.3606,183.58333,2013-05-30T00:00:00Z,SVP
118397,2015-02-02T11:00:00Z,-39.26124,-45.5868,0.7126,0.4231,61.208332,2013-05-30T00:00:00Z,SVP
118397,2015-02-02T12:00:00Z,-39.24509,-45.56029,0.6341,0.5238,190.79166,2013-05-30T00:00:00Z,SVP
118397,2015-02-02T13:00:00Z,-39.22616,-45.53448,0.6057,0.6046,504.0,2013-05-30T00:00:00Z,SVP
118397,2015-02-02T14:00:00Z,-39.20617,-45.50845,0.6114,0.6049,504.0,2013-05-30T00:00:00Z,SVP
118397,2015-02-02T15:00:00Z,-39.18668,-45.482,0.6161,0.6056,504.0,2013-05-30T00:00:00Z,SVP
118397,2015-02-02T16:00:00Z,-39.1674,-45.45703,0.5555,0.6243,241.20834,2013-05-30T00:00:00Z,SVP
118397,2015-02-02T17:00:00Z,-39.14642,-45.43977,0.5735,0.6237,241.20834,2013-05-30T00:00:00Z,SVP
118397,2015-02-02T18:00:00Z,-39.12758,-45.41801,0.4965,0.5719,252.0,2013-05-30T00:00:00Z,SVP
118397,2015-02-02T19:00:00Z,-39.10873,-45.38823,0.5421,0.5621,252.0,2013-05-30T00:00:00Z,SVP
118397,2015-02-02T20:00:00Z,-39.095,-45.37618,0.5078,0.4129,140.41666,2013-05-30T00:00:00Z,SVP
118397,2015-02-02T21:00:00Z,-39.08207,-45.35526,0.5079,0.3928,104.41666,2013-05-30T00:00:00Z,SVP
118397,2015-02-02T22:00:00Z,-39.07054,-45.33624,0.4505,0.3351,144.0,2013-05-30T00:00:00Z,SVP
118397,2015-02-02T23:00:00Z,-39.06141,-45.30689,0.8296,0.2648,273.58334,2013-05-30T00:00:00Z,SVP
118397,2015-02-03T00:00:00Z,-39.05309,-45.27324,0.8289,0.2659,273.58334,2013-05-30T00:00:00Z,SVP
118397,2015-02-03T01:00:00Z,-39.04415,-45.23893,0.8773,0.3263,248.41667,2013-05-30T00:00:00Z,SVP
118397,2015-02-03T02:00:00Z,-39.03363,-45.20161,0.8705,0.3295,248.41667,2013-05-30T00:00:00Z,SVP
118397,2015-02-03T03:00:00Z,-39.02222,-45.16575,0.8687,0.3453,140.41666,2013-05-30T00:00:00Z,SVP
118397,2015-02-03T04:00:00Z,-39.01214,-45.13464,0.7243,0.3195,223.20834,2013-05-30T00:00:00Z,SVP
118397,2015-02-03T05:00:00Z,-39.00228,-45.10314,0.7012,0.3137,266.41666,2013-05-30T00:00:00Z,SVP
118397,2015-02-03T06:00:00Z,-38.99154,-45.07508,0.7048,0.3119,266.41666,2013-05-30T00:00:00Z,SVP
118397,2015-02-03T07:00:00Z,-38.98275,-45.04663,0.5875,0.1835,180.0,2013-05-30T00:00:00Z,SVP
118397,2015-02-03T08:00:00Z,-38.97684,-45.02302,0.5904,0.1839,180.0,2013-05-30T00:00:00Z,SVP
118397,2015-02-03T09:00:00Z,-38.96998,-45.003,0.4987,0.129,244.79167,2013-05-30T00:00:00Z,SVP
118397,2015-02-03T10:00:00Z,-38.96618,-44.98193,0.5003,0.1295,244.79167,2013-05-30T00:00:00Z,SVP
118397,2015-02-03T11:00:00Z,-38.96241,-44.95947,0.5875,0.0866,79.208336,2013-05-30T00:00:00Z,SVP
118397,2015-02-03T12:00:00Z,-38.96189,-44.93401,0.6219,0.0137,241.20834,2013-05-30T00:00:00Z,SVP
118397,2015-02-03T13:00:00Z,-38.9627,-44.90747,0.6404,-0.0688,140.41666,2013-05-30T00:00:00Z,SVP
118397,2015-02-03T14:00:00Z,-38.9657,-44.88127,0.649,-0.1292,284.41666,2013-05-30T00:00:00Z,SVP
118397,2015-02-03T15:00:00Z,-38.97049,-44.85334,0.65,-0.1292,284.41666,2013-05-30T00:00:00Z,SVP
118397,2015-02-03T16:00:00Z,-38.975,-44.82451,0.7076,-0.1567,237.58334,2013-05-30T00:00:00Z,SVP
118397,2015-02-03T17:00:00Z,-38.97897,-44.80009,0.6725,-0.1611,237.58334,2013-05-30T00:00:00Z,SVP
118397,2015-02-03T18:00:00Z,-38.98494,-44.76593,0.7569,-0.1624,255.58333,2013-05-30T00:00:00Z,SVP
118397,2015-02-03T19:00:00Z,-38.9905,-44.73396,0.7419,-0.1402,205.20834,2013-05-30T00:00:00Z,SVP
118397,2015-02-03T20:00:00Z,-38.99409,-44.7044,0.7267,-0.1345,205.20834,2013-05-30T00:00:00Z,SVP
118397,2015-02-03T21:00:00Z,-38.99727,-44.67356,0.7873,-0.1129,151.20834,2013-05-30T00:00:00Z,SVP
118397,2015-02-03T22:00:00Z,-39.00072,-44.63823,0.6576,-0.1243,100.79167,2013-05-30T00:00:00Z,SVP
118397,2015-02-03T23:00:00Z,-39.00388,-44.61135,0.6438,-0.0644,136.79167,2013-05-30T00:00:00Z,SVP
118397,2015-02-04T00:00:00Z,-39.00406,-44.58456,0.6589,0.0161,122.416664,2013-05-30T00:00:00Z,SVP
118397,2015-02-04T01:00:00Z,-39.00414,-44.55498,0.6616,0.0037,129.58333,2013-05-30T00:00:00Z,SVP
118397,2015-02-04T02:00:00Z,-39.0057,-44.53254,0.5822,-0.0541,144.0,2013-05-30T00:00:00Z,SVP
118397,2015-02-04T03:00:00Z,-39.00511,-44.5114,0.5603,-0.0102,57.583332,2013-05-30T00:00:00Z,SVP
118397,2015-02-04T04:00:00Z,-39.00842,-44.48821,0.5489,-0.1356,241.20834,2013-05-30T00:00:00Z,SVP
118397,2015-02-04T05:00:00Z,-39.01262,-44.46356,0.55,-0.2415,244.79167,2013-05-30T00:00:00Z,SVP
118397,2015-02-04T06:00:00Z,-39.02077,-44.44459,0.5392,-0.2529,244.79167,2013-05-30T00:00:00Z,SVP
118397,2015-02-04T07:00:00Z,-39.03158,-44.41925,0.6513,-0.3458,241.20834,2013-05-30T00:00:00Z,SVP
118397,2015-02-04T08:00:00Z,-39.0428,-44.39202,0.6689,-0.3388,72.0,2013-05-30T00:00:00Z,SVP
118397,2015-02-04T09:00:00Z,-39.05385,-44.36556,0.6055,-0.3315,198.00002,2013-05-30T00:00:00Z,SVP
118397,2015-02-04T10:00:00Z,-39.06702,-44.34283,0.5226,-0.4296,61.208332,2013-05-30T00:00:00Z,SVP
118397,2015-02-04T11:00:00Z,-39.0832,-44.32346,0.48,-0.4514,126.0,2013-05-30T00:00:00Z,SVP
118397,2015-02-04T12:00:00Z,-39.09705,-44.30405,0.456,-0.3482,133.20833,2013-05-30T00:00:00Z,SVP
118397,2015-02-04T13:00:00Z,-39.10812,-44.28772,0.3373,-0.3226,126.0,2013-05-30T00:00:00Z,SVP
118397,2015-02-04T14:00:00Z,-39.11893,-44.2732,0.3476,-0.3299,129.58333,2013-05-30T00:00:00Z,SVP
118397,2015-02-04T15:00:00Z,-39.12709,-44.25405,0.4172,-0.2052,183.58333,2013-05-30T00:00:00Z,SVP
118397,2015-02-04T16:00:00Z,-39.13249,-44.2432,0.2176,-0.1353,241.20834,2013-05-30T00:00:00Z,SVP
118397,2015-02-04T17:00:00Z,-39.13545,-44.23703,0.3072,-0.1942,241.20834,2013-05-30T00:00:00Z,SVP
118397,2015-02-04T18:00:00Z,-39.14244,-44.22372,0.3078,-0.1935,241.20834,2013-05-30T00:00:00Z,SVP
118397,2015-02-04T19:00:00Z,-39.14921,-44.20944,0.3583,-0.2273,147.58333,2013-05-30T00:00:00Z,SVP
118397,2015-02-04T20:00:00Z,-39.15622,-44.19515,0.3295,-0.2164,90.0,2013-05-30T00:00:00Z,SVP
118397,2015-02-04T21:00:00Z,-39.16216,-44.18429,0.1902,-0.1512,172.79166,2013-05-30T00:00:00Z,SVP
118397,2015-02-04T22:00:00Z,-39.16458,-44.17907,0.1121,-0.0202,172.79166,2013-05-30T00:00:00Z,SVP
118397,2015-02-04T23:00:00Z,-39.16604,-44.17236,0.1187,-0.0219,172.79166,2013-05-30T00:00:00Z,SVP
118397,2015-02-05T00:00:00Z,-39.16649,-44.17129,0.0618,-0.0376,147.58333,2013-05-30T00:00:00Z,SVP
118397,2015-02-05T01:00:00Z,-39.16973,-44.16838,0.1146,-0.103,162.0,2013-05-30T00:00:00Z,SVP
118397,2015-02-05T02:00:00Z,-39.17286,-44.16381,0.0721,-0.0863,97.20833,2013-05-30T00:00:00Z,SVP
118397,2015-02-05T03:00:00Z,-39.17828,-44.1673,-0.0423,-0.3175,467.99997,2013-05-30T00:00:00Z,SVP
118397,2015-02-05T04:00:00Z,-39.18939,-44.16787,-0.0437,-0.3174,467.99997,2013-05-30T00:00:00Z,SVP
118397,2015-02-05T05:00:00Z,-39.20005,-44.16989,-0.0423,-0.317,467.99997,2013-05-30T00:00:00Z,SVP
118397,2015-02-05T06:00:00Z,-39.21089,-44.17238,-0.0366,-0.316,467.99997,2013-05-30T00:00:00Z,SVP
118397,2015-02-05T07:00:00Z,-39.21785,-44.16713,0.1323,-0.2002,248.41667,2013-05-30T00:00:00Z,SVP
118397,2015-02-05T08:00:00Z,-39.22432,-44.16168,0.1515,-0.1338,248.41667,2013-05-30T00:00:00Z,SVP
118397,2015-02-05T09:00:00Z,-39.22838,-44.15509,0.1507,-0.1269,248.41667,2013-05-30T00:00:00Z,SVP
118397,2015-02-05T10:00:00Z,-39.22888,-44.14947,0.1281,-0.0137,162.0,2013-05-30T00:00:00Z,SVP
118397,2015-02-05T11:00:00Z,-39.23143,-44.14432,0.1232,-0.096,136.79167,2013-05-30T00:00:00Z,SVP
118397,2015-02-05T12:00:00Z,-39.23471,-44.13878,0.1053,-0.1143,115.208336,2013-05-30T00:00:00Z,SVP
118397,2015-02-05T13:00:00Z,-39.23533,-44.14282,-0.1767,-0.2077,111.583336,2013-05-30T00:00:00Z,SVP
118397,2015-02-05T14:00:00Z,-39.24412,-44.14921,-0.1481,-0.2181,457.20834,2013-05-30T00:00:00Z,SVP
118397,2015-02-05T15:00:00Z,-39.25015,-44.15612,-0.1523,-0.2221,457.20834,2013-05-30T00:00:00Z,SVP
118397,2015-02-05T16:00:00Z,-39.25686,-44.16369,-0.1573,-0.2242,457.20834,2013-05-30T00:00:00Z,SVP
118397,2015-02-05T17:00:00Z,-39.26381,-44.17066,-0.0307,-0.2023,241.20834,2013-05-30T00:00:00Z,SVP
118397,2015-02-05T18:00:00Z,-39.27154,-44.17148,-0.0344,-0.1978,241.20834,2013-05-30T00:00:00Z,SVP
118397,2015-02-05T19:00:00Z,-39.27719,-44.17246,-0.0107,-0.1473,237.58334,2013-05-30T00:00:00Z,SVP
118397,2015-02-05T20:00:00Z,-39.28227,-44.17308,0.0814,-0.0972,244.79167,2013-05-30T00:00:00Z,SVP
118397,2015-02-05T21:00:00Z,-39.28436,-44.16323,0.1886,-0.0897,244.79167,2013-05-30T00:00:00Z,SVP
118397,2015-02-05T22:00:00Z,-39.28417,-44.1588,-0.0871,-0.0024,165.58333,2013-05-30T00:00:00Z,SVP
118397,2015-02-05T23:00:00Z,-39.28376,-44.16336,-0.1311,0.0956,133.20833,2013-05-30T00:00:00Z,SVP
118397,2015-02-06T00:00:00Z,-39.28038,-44.16791,-0.0978,0.1179,118.79167,2013-05-30T00:00:00Z,SVP
118397,2015-02-06T01:00:00Z,-39.27793,-44.1739,-0.136,0.0541,151.20834,2013-05-30T00:00:00Z,SVP
118397,2015-02-06T02:00:00Z,-39.27699,-44.18083,-0.3354,-0.0421,97.20833,2013-05-30T00:00:00Z,SVP
118397,2015-02-06T03:00:00Z,-39.2781,-44.19152,-0.2337,-0.1281,226.79166,2013-05-30T00:00:00Z,SVP
118397,2015-02-06T04:00:00Z,-39.28196,-44.20785,-0.3133,-0.1413,226.79166,2013-05-30T00:00:00Z,SVP
118397,2015-02-06T05:00:00Z,-39.28839,-44.21262,-0.1574,-0.1908,266.41666,2013-05-30T00:00:00Z,SVP
118397,2015-02-06T06:00:00Z,-39.29656,-44.21685,-0.0935,-0.0962,198.00002,2013-05-30T00:00:00Z,SVP
118397,2015-02-06T07:00:00Z,-39.29806,-44.22393,-0.1181,-0.1362,198.00002,2013-05-30T00:00:00Z,SVP
118397,2015-02-06T08:00:00Z,-39.30329,-44.22219,0.1077,-0.1878,205.20834,2013-05-30T00:00:00Z,SVP
118397,2015-02-06T09:00:00Z,-39.30957,-44.21907,0.0554,-0.0673,172.79166,2013-05-30T00:00:00Z,SVP
118397,2015-02-06T10:00:00Z,-39.3111,-44.21505,0.0569,-0.055,172.79166,2013-05-30T00:00:00Z,SVP
118397,2015-02-06T11:00:00Z,-39.31102,-44.21401,0.0237,0.0386,115.208336,2013-05-30T00:00:00Z,SVP
118397,2015-02-06T12:00:00Z,-39.30953,-44.21297,-0.0024,0.0959,144.0,2013-05-30T00:00:00Z,SVP
118397,2015-02-06T13:00:00Z,-39.30655,-44.21488,-0.1397,0.07,111.583336,2013-05-30T00:00:00Z,SVP
118397,2015-02-06T14:00:00Z,-39.30419,-44.22062,-0.1763,0.029,478.79163,2013-05-30T00:00:00Z,SVP
118397,2015-02-06T15:00:00Z,-39.30341,-44.22809,-0.1768,0.0289,478.79163,2013-05-30T00:00:00Z,SVP
118397,2015-02-06T16:00:00Z,-39.30242,-44.23526,-0.1772,0.0285,478.79163,2013-05-30T00:00:00Z,SVP
118397,2015-02-06T17:00:00Z,-39.30256,-44.24477,-0.3047,-0.0264,237.58334,2013-05-30T00:00:00Z,SVP
118397,2015-02-06T18:00:00Z,-39.30347,-44.25774,-0.3072,-0.0316,237.58334,2013-05-30T00:00:00Z,SVP
118397,2015-02-06T19:00:00Z,-39.30806,-44.27165,-0.328,-0.1077,241.20834,2013-05-30T00:00:00Z,SVP
118397,2015-02-06T20:00:00Z,-39.31177,-44.28527,-0.3148,-0.1838,223.20834,2013-05-30T00:00:00Z,SVP
118397,2015-02-06T21:00:00Z,-39.31684,-44.2988,-0.313,-0.1783,223.20834,2013-05-30T00:00:00Z,SVP
118397,2015-02-06T22:00:00Z,-39.3273,-44.311,-0.2891,-0.3084,406.79166,2013-05-30T00:00:00Z,SVP
118397,2015-02-06T23:00:00Z,-39.33889,-44.32298,-0.288,-0.3039,406.79166,2013-05-30T00:00:00Z,SVP
118397,2015-02-07T00:00:00Z,-39.34963,-44.33522,-0.0987,-0.2681,140.41666,2013-05-30T00:00:00Z,SVP
118397,2015-02-07T01:00:00Z,-39.35613,-44.33684,-0.0635,-0.1928,115.208336,2013-05-30T00:00:00Z,SVP
118397,2015-02-07T02:00:00Z,-39.36273,-44.341,-0.1055,-0.1539,126.0,2013-05-30T00:00:00Z,SVP
118397,2015-02-07T03:00:00Z,-39.36723,-44.34419,-0.0826,-0.1221,219.58333,2013-05-30T00:00:00Z,SVP
118397,2015-02-07T04:00:00Z,-39.37189,-44.35077,-0.0631,-0.0968,252.0,2013-05-30T00:00:00Z,SVP
118397,2015-02-07T05:00:00Z,-39.37409,-44.35071,-0.0678,-0.087,252.0,2013-05-30T00:00:00Z,SVP
118397,2015-02-07T06:00:00Z,-39.37214,-44.35405,-0.0798,0.2927,180.0,2013-05-30T00:00:00Z,SVP
118397,2015-02-07T07:00:00Z,-39.36282,-44.36,-0.1711,0.2321,68.416664,2013-05-30T00:00:00Z,SVP
118397,2015-02-07T08:00:00Z,-39.35476,-44.36853,-0.2425,0.2316,180.0,2013-05-30T00:00:00Z,SVP
118397,2015-02-07T09:00:00Z,-39.34437,-44.38019,-0.201,0.4073,115.208336,2013-05-30T00:00:00Z,SVP
118397,2015-02-07T10:00:00Z,-39.33869,-44.38883,-0.2383,0.1083,136.79167,2013-05-30T00:00:00Z,SVP
118397,2015-02-07T11:00:00Z,-39.33575,-44.39938,-0.3947,0.1702,111.583336,2013-05-30T00:00:00Z,SVP
118397,2015-02-07T12:00:00Z,-39.32925,-44.4066,-0.1501,0.2399,122.416664,2013-05-30T00:00:00Z,SVP
118397,2015-02-07T13:00:00Z,-39.31918,-44.41317,-0.1284,0.4203,511.20834,2013-05-30T00:00:00Z,SVP
118397,2015-02-07T14:00:00Z,-39.30565,-44.41785,-0.1234,0.42,511.20834,2013-05-30T00:00:00Z,SVP
118397,2015-02-07T15:00:00Z,-39.29269,-44.42326,-0.1239,0.4149,511.20834,2013-05-30T00:00:00Z,SVP
118397,2015-02-07T16:00:00Z,-39.28043,-44.42945,-0.1267,0.4085,511.20834,2013-05-30T00:00:00Z,SVP
118397,2015-02-07T17:00:00Z,-39.26449,-44.43254,-0.0834,0.553,252.0,2013-05-30T00:00:00Z,SVP
118397,2015-02-07T18:00:00Z,-39.24597,-44.43384,-0.0895,0.5417,252.0,2013-05-30T00:00:00Z,SVP
118397,2015-02-07T19:00:00Z,-39.22964,-44.44115,-0.1797,0.5233,169.20834,2013-05-30T00:00:00Z,SVP
118397,2015-02-07T20:00:00Z,-39.21481,-44.45012,0.1683,0.5224,233.99998,2013-05-30T00:00:00Z,SVP
118397,2015-02-07T21:00:00Z,-39.19548,-44.44262,0.1665,0.5263,233.99998,2013-05-30T00:00:00Z,SVP
118397,2015-02-07T22:00:00Z,-39.17815,-44.43918,0.085,0.5832,180.0,2013-05-30T00:00:00Z,SVP
118397,2015-02-07T23:00:00Z,-39.16094,-44.43505,0.0738,0.765,183.58333,2013-05-30T00:00:00Z,SVP
118397,2015-02-08T00:00:00Z,-39.13563,-44.43161,0.4133,0.8606,136.79167,2013-05-30T00:00:00Z,SVP
118397,2015-02-08T01:00:00Z,-39.10738,-44.41325,0.4568,0.8854,115.208336,2013-05-30T00:00:00Z,SVP
118397,2015-02-08T02:00:00Z,-39.07594,-44.39743,0.3837,0.9898,144.0,2013-05-30T00:00:00Z,SVP
118397,2015-02-08T03:00:00Z,-39.04301,-44.38119,0.328,1.0545,223.20834,2013-05-30T00:00:00Z,SVP
118397,2015-02-08T04:00:00Z,-39.00858,-44.36743,0.2701,1.097,244.79167,2013-05-30T00:00:00Z,SVP
118397,2015-02-08T05:00:00Z,-38.97375,-44.35678,0.2688,1.0955,244.79167,2013-05-30T00:00:00Z,SVP
118397,2015-02-08T06:00:00Z,-38.93742,-44.3461,0.2491,1.1182,151.20834,2013-05-30T00:00:00Z,SVP
118397,2015-02-08T07:00:00Z,-38.89804,-44.3339,0.305,1.2801,244.79167,2013-05-30T00:00:00Z,SVP
118397,2015-02-08T08:00:00Z,-38.85666,-44.32295,0.2973,1.2831,244.79167,2013-05-30T00:00:00Z,SVP
118397,2015-02-08T09:00:00Z,-38.81423,-44.30573,0.3851,1.2599,334.7917,2013-05-30T00:00:00Z,SVP
118397,2015-02-08T10:00:00Z,-38.773,-44.28717,0.4271,1.2598,334.7917,2013-05-30T00:00:00Z,SVP
118397,2015-02-08T11:00:00Z,-38.73016,-44.26735,0.2383,1.2008,255.58333,2013-05-30T00:00:00Z,SVP
118397,2015-02-08T12:00:00Z,-38.69299,-44.25812,0.2433,1.2117,255.58333,2013-05-30T00:00:00Z,SVP
118397,2015-02-08T13:00:00Z,-38.65503,-44.24823,0.2319,1.1358,133.20833,2013-05-30T00:00:00Z,SVP
118397,2015-02-08T14:00:00Z,-38.62176,-44.23038,0.4376,0.9659,392.41666,2013-05-30T00:00:00Z,SVP
118397,2015-02-08T15:00:00Z,-38.59131,-44.21143,0.4405,0.9705,392.41666,2013-05-30T00:00:00Z,SVP
118397,2015-02-08T16:00:00Z,-38.55945,-44.1938,0.4432,0.9635,392.41666,2013-05-30T00:00:00Z,SVP
118397,2015-02-08T17:00:00Z,-38.52897,-44.16972,0.5761,0.9144,255.58333,2013-05-30T00:00:00Z,SVP
118397,2015-02-08T18:00:00Z,-38.50036,-44.14433,0.2832,0.8588,118.79167,2013-05-30T00:00:00Z,SVP
118397,2015-02-08T19:00:00Z,-38.47513,-44.13245,0.2882,0.718,118.79167,2013-05-30T00:00:00Z,SVP
118397,2015-02-08T20:00:00Z,-38.45166,-44.11247,0.6754,0.7344,133.20833,2013-05-30T00:00:00Z,SVP
118397,2015-02-08T21:00:00Z,-38.42852,-44.08562,0.6355,0.6981,104.41666,2013-05-30T00:00:00Z,SVP
118397,2015-02-08T22:00:00Z,-38.40962,-44.07416,0.3549,0.5855,147.58333,2013-05-30T00:00:00Z,SVP
118397,2015-02-08T23:00:00Z,-38.38985,-44.05886,0.3333,0.6009,194.41666,2013-05-30T00:00:00Z,SVP
118397,2015-02-09T00:00:00Z,-38.36896,-44.04378,0.3886,0.6424,126.0,2013-05-30T00:00:00Z,SVP
118397,2015-02-09T01:00:00Z,-38.3506,-44.02267,0.2491,0.4911,136.79167,2013-05-30T00:00:00Z,SVP
118397,2015-02-09T02:00:00Z,-38.33363,-44.01455,0.3922,0.4242,126.0,2013-05-30T00:00:00Z,SVP
118397,2015-02-09T03:00:00Z,-38.32068,-43.99895,0.5511,0.333,133.20833,2013-05-30T00:00:00Z,SVP
118397,2015-02-09T04:00:00Z,-38.30967,-43.97606,0.5724,0.2773,259.20834,2013-05-30T00:00:00Z,SVP
118397,2015-02-09T05:00:00Z,-38.30357,-43.9524,0.5724,0.2563,259.20834,2013-05-30T00:00:00Z,SVP
118397,2015-02-09T06:00:00Z,-38.29073,-43.93008,0.5409,0.4866,104.41666,2013-05-30T00:00:00Z,SVP
118397,2015-02-09T07:00:00Z,-38.27581,-43.9099,0.4707,0.4099,129.58333,2013-05-30T00:00:00Z,SVP
118397,2015-02-09T08:00:00Z,-38.26176,-43.89132,0.4146,0.4691,133.20833,2013-05-30T00:00:00Z,SVP
118397,2015-02-09T09:00:00Z,-38.24571,-43.87493,0.3527,0.5242,111.583336,2013-05-30T00:00:00Z,SVP
118397,2015-02-09T10:00:00Z,-38.22971,-43.86056,0.3533,0.4578,205.20834,2013-05-30T00:00:00Z,SVP
118397,2015-02-09T11:00:00Z,-38.21585,-43.84681,0.2773,0.3742,122.416664,2013-05-30T00:00:00Z,SVP
118397,2015-02-09T12:00:00Z,-38.20424,-43.83622,0.239,0.3434,133.20833,2013-05-30T00:00:00Z,SVP
118397,2015-02-09T13:00:00Z,-38.1949,-43.8264,0.2475,0.2403,118.79167,2013-05-30T00:00:00Z,SVP
118397,2015-02-09T14:00:00Z,-38.18816,-43.8156,0.2599,0.1964,457.20834,2013-05-30T00:00:00Z,SVP
118397,2015-02-09T15:00:00Z,-38.18175,-43.80502,0.26,0.1953,457.20834,2013-05-30T00:00:00Z,SVP
118397,2015-02-09T16:00:00Z,-38.17476,-43.7948,0.2597,0.192,457.20834,2013-05-30T00:00:00Z,SVP
118397,2015-02-09T17:00:00Z,-38.1718,-43.7765,0.4908,0.0722,223.20834,2013-05-30T00:00:00Z,SVP
118397,2015-02-09T18:00:00Z,-38.16967,-43.75741,0.4459,0.0591,154.79166,2013-05-30T00:00:00Z,SVP
118397,2015-02-09T19:00:00Z,-38.16706,-43.74114,0.3239,0.1237,86.41667,2013-05-30T00:00:00Z,SVP
118397,2015-02-09T20:00:00Z,-38.16155,-43.72617,0.4806,0.1468,136.79167,2013-05-30T00:00:00Z,SVP
118397,2015-02-09T21:00:00Z,-38.15704,-43.69917,0.2485,0.0795,122.416664,2013-05-30T00:00:00Z,SVP
118397,2015-02-09T22:00:00Z,-38.1552,-43.68861,0.2837,0.064,190.79166,2013-05-30T00:00:00Z,SVP
118397,2015-02-09T23:00:00Z,-38.15225,-43.67767,0.3417,0.07,154.79166,2013-05-30T00:00:00Z,SVP
118397,2015-02-10T00:00:00Z,-38.15109,-43.66226,0.3441,0.068,154.79166,2013-05-30T00:00:00Z,SVP
118397,2015-02-10T01:00:00Z,-38.14549,-43.64194,0.5288,0.1943,140.41666,2013-05-30T00:00:00Z,SVP
118397,2015-02-10T02:00:00Z,-38.13865,-43.62075,0.3643,0.2197,108.00001,2013-05-30T00:00:00Z,SVP
118397,2015-02-10T03:00:00Z,-38.13113,-43.60725,0.3091,0.2431,190.79166,2013-05-30T00:00:00Z,SVP
118397,2015-02-10T04:00:00Z,-38.12336,-43.59472,0.3178,0.2316,248.41667,2013-05-30T00:00:00Z,SVP
118397,2015-02-10T05:00:00Z,-38.11635,-43.58101,0.3173,0.2308,248.41667,2013-05-30T00:00:00Z,SVP
118397,2015-02-10T06:00:00Z,-38.11179,-43.56852,0.271,0.1032,147.58333,2013-05-30T00:00:00Z,SVP
118397,2015-02-10T07:00:00Z,-38.10837,-43.5579,0.2202,0.1201,93.583336,2013-05-30T00:00:00Z,SVP
118397,2015-02-10T08:00:00Z,-38.10381,-43.54647,0.2722,0.1431,165.58333,2013-05-30T00:00:00Z,SVP
118397,2015-02-10T09:00:00Z,-38.09893,-43.53527,0.2485,0.1173,205.20834,2013-05-30T00:00:00Z,SVP
118397,2015-02-10T10:00:00Z,-38.09551,-43.52505,0.2492,0.1199,205.20834,2013-05-30T00:00:00Z,SVP
118397,2015-02-10T11:00:00Z,-38.09171,-43.51386,0.2793,0.1047,122.416664,2013-05-30T00:00:00Z,SVP
118397,2015-02-10T12:00:00Z,-38.08963,-43.50314,0.159,0.0452,147.58333,2013-05-30T00:00:00Z,SVP
118397,2015-02-10T13:00:00Z,-38.08788,-43.49781,0.1955,0.0127,111.583336,2013-05-30T00:00:00Z,SVP
118397,2015-02-10T14:00:00Z,-38.08792,-43.48761,0.315,-0.0228,338.4167,2013-05-30T00:00:00Z,SVP
118397,2015-02-10T15:00:00Z,-38.08857,-43.47424,0.3196,-0.0227,338.4167,2013-05-30T00:00:00Z,SVP
118397,2015-02-10T16:00:00Z,-38.08892,-43.46158,0.45,-0.0353,237.58334,2013-05-30T00:00:00Z,SVP
118397,2015-02-10T17:00:00Z,-38.09068,-43.4425,0.4493,-0.0343,237.58334,2013-05-30T00:00:00Z,SVP
118397,2015-02-10T18:00:00Z,-38.09119,-43.42391,0.5286,-0.0032,223.20834,2013-05-30T00:00:00Z,SVP
118397,2015-02-10T19:00:00Z,-38.09172,-43.40242,0.5431,0.0088,223.20834,2013-05-30T00:00:00Z,SVP
118397,2015-02-10T20:00:00Z,-38.08512,-43.37564,0.6538,0.2175,201.58334,2013-05-30T00:00:00Z,SVP
118397,2015-02-10T21:00:00Z,-38.07806,-43.34868,0.6318,0.2345,57.583332,2013-05-30T00:00:00Z,SVP
118397,2015-02-10T22:00:00Z,-38.06796,-43.33052,0.4201,0.337,237.58334,2013-05-30T00:00:00Z,SVP
118397,2015-02-10T23:00:00Z,-38.05758,-43.3015,0.0669,0.4684,118.79167,2013-05-30T00:00:00Z,SVP
118397,2015-02-11T00:00:00Z,-38.03956,-43.2988,0.3712,0.7193,104.41666,2013-05-30T00:00:00Z,SVP
118397,2015-02-11T01:00:00Z,-38.01084,-43.27872,0.4732,0.9123,118.79167,2013-05-30T00:00:00Z,SVP
118397,2015-02-11T02:00:00Z,-37.98207,-43.26519,-0.2535,0.8112,208.79167,2013-05-30T00:00:00Z,SVP
118397,2015-02-11T03:00:00Z,-37.95578,-43.27636,-0.2523,0.8081,208.79167,2013-05-30T00:00:00Z,SVP
118397,2015-02-11T04:00:00Z,-37.93644,-43.28551,-0.2327,0.5941,230.41667,2013-05-30T00:00:00Z,SVP
118397,2015-02-11T05:00:00Z,-37.91895,-43.29637,-0.1534,0.5939,259.20834,2013-05-30T00:00:00Z,SVP
118397,2015-02-11T06:00:00Z,-37.89801,-43.30171,-0.1572,0.5818,259.20834,2013-05-30T00:00:00Z,SVP
118397,2015-02-11T07:00:00Z,-37.87907,-43.30754,-0.0777,0.6063,230.41667,2013-05-30T00:00:00Z,SVP
118397,2015-02-11T08:00:00Z,-37.86,-43.31064,-0.0763,0.6087,230.41667,2013-05-30T00:00:00Z,SVP
118397,2015-02-11T09:00:00Z,-37.84259,-43.31335,-0.0874,0.4696,180.0,2013-05-30T00:00:00Z,SVP
118397,2015-02-11T10:00:00Z,-37.82728,-43.31677,-0.1154,0.406,162.0,2013-05-30T00:00:00Z,SVP
118397,2015-02-11T11:00:00Z,-37.81428,-43.32149,-0.1088,0.3899,126.0,2013-05-30T00:00:00Z,SVP
118397,2015-02-11T12:00:00Z,-37.80129,-43.32547,-0.0834,0.4181,122.416664,2013-05-30T00:00:00Z,SVP
118397,2015-02-11T13:00:00Z,-37.78812,-43.32807,-0.0364,0.389,133.20833,2013-05-30T00:00:00Z,SVP
118397,2015-02-11T14:00:00Z,-37.77626,-43.32912,-0.0081,0.3399,356.41666,2013-05-30T00:00:00Z,SVP
118397,2015-02-11T15:00:00Z,-37.76502,-43.32933,-0.0074,0.3403,356.41666,2013-05-30T00:00:00Z,SVP
118397,2015-02-11T16:00:00Z,-37.75251,-43.3304,-0.0193,0.3655,241.20834,2013-05-30T00:00:00Z,SVP
118397,2015-02-11T17:00:00Z,-37.7465,-43.33073,-0.0187,0.2979,241.20834,2013-05-30T00:00:00Z,SVP
118397,2015-02-11T18:00:00Z,-37.73134,-43.33227,-0.0367,0.5618,243.00002,2013-05-30T00:00:00Z,SVP
118397,2015-02-11T19:00:00Z,-37.7125,-43.33517,-0.0334,0.5295,232.20833,2013-05-30T00:00:00Z,SVP
118397,2015-02-11T20:00:00Z,-37.69541,-43.33518,-0.0405,0.5213,232.20833,2013-05-30T00:00:00Z,SVP
118397,2015-02-11T21:00:00Z,-37.68035,-43.3375,-0.0701,0.4237,259.20834,2013-05-30T00:00:00Z,SVP
118397,2015-02-11T22:00:00Z,-37.66751,-43.34112,-0.0771,0.4233,259.20834,2013-05-30T00:00:00Z,SVP
118397,2015-02-11T23:00:00Z,-37.65008,-43.35628,-0.4923,0.6087,75.583336,2013-05-30T00:00:00Z,SVP
118397,2015-02-12T00:00:00Z,-37.63187,-43.37508,-0.3209,0.4749,259.20834,2013-05-30T00:00:00Z,SVP
118397,2015-02-12T01:00:00Z,-37.61661,-43.38546,-0.3157,0.4726,259.20834,2013-05-30T00:00:00Z,SVP
118397,2015-02-12T02:00:00Z,-37.60233,-43.40041,-0.5628,0.4193,122.416664,2013-05-30T00:00:00Z,SVP
118397,2015-02-12T03:00:00Z,-37.58921,-43.42352,-0.5509,0.3862,118.79167,2013-05-30T00:00:00Z,SVP
118397,2015-02-12T04:00:00Z,-37.57723,-43.44698,-0.5863,0.3619,212.41667,2013-05-30T00:00:00Z,SVP
118397,2015-02-12T05:00:00Z,-37.57061,-43.46704,-0.6422,-0.0692,266.41666,2013-05-30T00:00:00Z,SVP
118397,2015-02-12T06:00:00Z,-37.57713,-43.49668,-0.6027,0.0772,266.41666,2013-05-30T00:00:00Z,SVP
118397,2015-02-12T07:00:00Z,-37.57494,-43.51978,-0.5569,-0.0207,162.0,2013-05-30T00:00:00Z,SVP
118397,2015-02-12T08:00:00Z,-37.57496,-43.54163,-0.5133,0.0309,75.583336,2013-05-30T00:00:00Z,SVP
118397,2015-02-12T09:00:00Z,-37.57347,-43.56053,-0.4537,0.0276,176.41667,2013-05-30T00:00:00Z,SVP
118397,2015-02-12T10:00:00Z,-37.57361,-43.57573,-0.4359,-0.0089,172.79166,2013-05-30T00:00:00Z,SVP
118397,2015-02-12T11:00:00Z,-37.57428,-43.59234,-0.4832,0.0159,75.583336,2013-05-30T00:00:00Z,SVP
118397,2015-02-12T12:00:00Z,-37.57439,-43.61008,-0.3851,-0.0254,122.416664,2013-05-30T00:00:00Z,SVP
118397,2015-02-12T13:00:00Z,-37.57475,-43.62561,-0.363,0.0488,388.79166,2013-05-30T00:00:00Z,SVP
118397,2015-02-12T14:00:00Z,-37.57284,-43.63945,-0.3577,0.0506,388.79166,2013-05-30T00:00:00Z,SVP
118397,2015-02-12T15:00:00Z,-37.57142,-43.65293,-0.3528,0.0508,388.79166,2013-05-30T00:00:00Z,SVP
118397,2015-02-12T16:00:00Z,-37.56947,-43.66563,-0.3207,0.0788,241.20834,2013-05-30T00:00:00Z,SVP
118397,2015-02-12T17:00:00Z,-37.56633,-43.68515,-0.3654,0.0786,241.20834,2013-05-30T00:00:00Z,SVP
118397,2015-02-12T18:00:00Z,-37.56312,-43.69167,-0.1031,0.1139,223.20834,2013-05-30T00:00:00Z,SVP
118397,2015-02-12T19:00:00Z,-37.5595,-43.69658,-0.1168,0.1446,252.0,2013-05-30T00:00:00Z,SVP
118397,2015-02-12T20:00:00Z,-37.55387,-43.70002,-0.108,0.1431,252.0,2013-05-30T00:00:00Z,SVP
118397,2015-02-12T21:00:00Z,-37.54951,-43.70828,-0.267,0.1499,252.0,2013-05-30T00:00:00Z,SVP
118397,2015-02-12T22:00:00Z,-37.54525,-43.71863,-0.2791,0.1506,252.0,2013-05-30T00:00:00Z,SVP
118397,2015-02-12T23:00:00Z,-37.54025,-43.73672,-0.3966,0.1378,244.79167,2013-05-30T00:00:00Z,SVP
118397,2015-02-13T00:00:00Z,-37.53603,-43.75281,-0.4134,0.1264,122.416664,2013-05-30T00:00:00Z,SVP
118397,2015-02-13T01:00:00Z,-37.53382,-43.76679,-0.2675,0.0206,115.208336,2013-05-30T00:00:00Z,SVP
118397,2015-02-13T02:00:00Z,-37.53574,-43.7761,-0.213,-0.1065,140.41666,2013-05-30T00:00:00Z,SVP
118397,2015-02-13T03:00:00Z,-37.54118,-43.78459,-0.1775,-0.1631,266.41666,2013-05-30T00:00:00Z,SVP
118397,2015-02-13T04:00:00Z,-37.54589,-43.79149,-0.1758,-0.1615,266.41666,2013-05-30T00:00:00Z,SVP
118397,2015-02-13T05:00:00Z,-37.55076,-43.79824,-0.1364,-0.1452,205.20834,2013-05-30T00:00:00Z,SVP
118397,2015-02-13T06:00:00Z,-37.5566,-43.8041,-0.1356,-0.1492,205.20834,2013-05-30T00:00:00Z,SVP
118397,2015-02-13T07:00:00Z,-37.55886,-43.80275,0.0076,-0.1016,248.41667,2013-05-30T00:00:00Z,SVP
118397,2015-02-13T08:00:00Z,-37.56145,-43.80118,0.0803,-0.0521,147.58333,2013-05-30T00:00:00Z,SVP
118397,2015-02-13T09:00:00Z,-37.56259,-43.7951,0.2388,-6.0E-4,100.79167,2013-05-30T00:00:00Z,SVP
118397,2015-02-13T10:00:00Z,-37.5565,-43.78522,0.2325,0.2309,122.416664,2013-05-30T00:00:00Z,SVP
118397,2015-02-13T11:00:00Z,-37.54533,-43.77855,-0.0649,0.4869,126.0,2013-05-30T00:00:00Z,SVP
118397,2015-02-13T12:00:00Z,-37.52984,-43.7886,-0.287,0.4657,129.58333,2013-05-30T00:00:00Z,SVP
118397,2015-02-13T13:00:00Z,-37.51316,-43.7882,-0.3704,0.6249,648.0,2013-05-30T00:00:00Z,SVP
118397,2015-02-13T14:00:00Z,-37.49207,-43.80393,-0.3685,0.6246,648.0,2013-05-30T00:00:00Z,SVP
118397,2015-02-13T15:00:00Z,-37.47121,-43.8194,-0.3664,0.6231,648.0,2013-05-30T00:00:00Z,SVP
118397,2015-02-13T16:00:00Z,-37.45035,-43.83484,-0.3623,0.6198,648.0,2013-05-30T00:00:00Z,SVP
118397,2015-02-13T17:00:00Z,-37.42933,-43.85028,-0.3838,0.5303,252.0,2013-05-30T00:00:00Z,SVP
118397,2015-02-13T18:00:00Z,-37.41266,-43.86447,-0.3741,0.5317,252.0,2013-05-30T00:00:00Z,SVP
118397,2015-02-13T19:00:00Z,-37.39629,-43.88291,-0.558,0.4913,183.58333,2013-05-30T00:00:00Z,SVP
118397,2015-02-13T20:00:00Z,-37.38171,-43.91058,-0.6187,0.1723,259.20834,2013-05-30T00:00:00Z,SVP
118397,2015-02-13T21:00:00Z,-37.37658,-43.9297,-0.5836,0.1731,259.20834,2013-05-30T00:00:00Z,SVP
118397,2015-02-13T22:00:00Z,-37.37147,-43.9541,-0.7419,0.1269,259.20834,2013-05-30T00:00:00Z,SVP
118397,2015-02-13T23:00:00Z,-37.36746,-43.98496,-0.7381,0.1254,259.20834,2013-05-30T00:00:00Z,SVP
118397,2015-02-14T00:00:00Z,-37.36605,-44.01444,-0.734,0.0466,126.0,2013-05-30T00:00:00Z,SVP
118397,2015-02-14T01:00:00Z,-37.36743,-44.03725,-0.3956,-0.0694,140.41666,2013-05-30T00:00:00Z,SVP
118397,2015-02-14T02:00:00Z,-37.36894,-44.05342,-0.3179,-0.1405,134.99998,2013-05-30T00:00:00Z,SVP
118397,2015-02-14T03:00:00Z,-37.37374,-44.06292,-0.1453,-0.1358,430.20834,2013-05-30T00:00:00Z,SVP
118397,2015-02-14T04:00:00Z,-37.3778,-44.06733,-0.1461,-0.134,430.20834,2013-05-30T00:00:00Z,SVP
118397,2015-02-14T05:00:00Z,-37.38209,-44.07269,-0.1461,-0.1336,430.20834,2013-05-30T00:00:00Z,SVP
118397,2015-02-14T06:00:00Z,-37.38592,-44.07841,-0.1032,-0.1161,61.208332,2013-05-30T00:00:00Z,SVP
118397,2015-02-14T07:00:00Z,-37.38899,-44.08223,-0.1167,-0.0653,169.20834,2013-05-30T00:00:00Z,SVP
118397,2015-02-14T08:00:00Z,-37.38894,-44.08219,0.1123,0.0658,68.416664,2013-05-30T00:00:00Z,SVP
118397,2015-02-14T09:00:00Z,-37.38521,-44.07591,0.2038,0.2257,129.58333,2013-05-30T00:00:00Z,SVP
118397,2015-02-14T10:00:00Z,-37.37726,-44.06694,0.1908,0.3037,122.416664,2013-05-30T00:00:00Z,SVP
118397,2015-02-14T11:00:00Z,-37.36553,-44.06013,0.1518,0.4221,115.208336,2013-05-30T00:00:00Z,SVP
118397,2015-02-14T12:00:00Z,-37.35029,-44.05528,0.0885,0.5062,118.79167,2013-05-30T00:00:00Z,SVP
118397,2015-02-14T13:00:00Z,-37.33391,-44.06374,-0.2849,0.5117,147.58333,2013-05-30T00:00:00Z,SVP
118397,2015-02-14T14:00:00Z,-37.3182,-44.07591,-0.3135,0.4806,536.4166,2013-05-30T00:00:00Z,SVP
118397,2015-02-14T15:00:00Z,-37.30215,-44.08844,-0.3129,0.4856,536.4166,2013-05-30T00:00:00Z,SVP
118397,2015-02-14T16:00:00Z,-37.28555,-44.1007,-0.3118,0.4917,536.4166,2013-05-30T00:00:00Z,SVP
118397,2015-02-14T17:00:00Z,-37.26991,-44.1135,-0.3314,0.3219,248.41667,2013-05-30T00:00:00Z,SVP
118397,2015-02-14T18:00:00Z,-37.26044,-44.12905,-0.3397,0.3358,248.41667,2013-05-30T00:00:00Z,SVP
118397,2015-02-14T19:00:00Z,-37.25003,-44.1562,-0.5803,0.3063,151.20834,2013-05-30T00:00:00Z,SVP
118397,2015-02-14T20:00:00Z,-37.24258,-44.17745,-0.4041,0.1878,93.583336,2013-05-30T00:00:00Z,SVP
118397,2015-02-14T21:00:00Z,-37.23794,-44.19382,-0.4142,0.1397,151.20834,2013-05-30T00:00:00Z,SVP
118397,2015-02-14T22:00:00Z,-37.23649,-44.2157,-0.4177,-0.0908,201.58334,2013-05-30T00:00:00Z,SVP
118397,2015-02-14T23:00:00Z,-37.23793,-44.23252,-0.3545,-0.1336,147.58333,2013-05-30T00:00:00Z,SVP
118397,2015-02-15T00:00:00Z,-37.24395,-44.24763,-0.2322,-0.1441,100.79167,2013-05-30T00:00:00Z,SVP
118397,2015-02-15T01:00:00Z,-37.24798,-44.25665,-0.2283,-0.1483,122.416664,2013-05-30T00:00:00Z,SVP
118397,2015-02-15T02:00:00Z,-37.25278,-44.2628,-0.134,-0.1683,115.208336,2013-05-30T00:00:00Z,SVP
118397,2015-02-15T03:00:00Z,-37.2551,-44.26312,0.055,0.0777,219.58333,2013-05-30T00:00:00Z,SVP
118397,2015-02-15T04:00:00Z,-37.25324,-44.26251,0.072,0.0871,219.58333,2013-05-30T00:00:00Z,SVP
118397,2015-02-15T05:00:00Z,-37.24857,-44.25841,0.089,0.1594,255.58333,2013-05-30T00:00:00Z,SVP
118397,2015-02-15T06:00:00Z,-37.24321,-44.25511,0.0803,0.2919,151.20834,2013-05-30T00:00:00Z,SVP
118397,2015-02-15T07:00:00Z,-37.23237,-44.25306,-0.2242,0.3856,97.20833,2013-05-30T00:00:00Z,SVP
118397,2015-02-15T08:00:00Z,-37.2189,-44.26352,-0.2898,0.4724,151.20834,2013-05-30T00:00:00Z,SVP
118397,2015-02-15T09:00:00Z,-37.2031,-44.27907,-0.406,0.4999,90.0,2013-05-30T00:00:00Z,SVP
118397,2015-02-15T10:00:00Z,-37.18813,-44.29715,-0.4745,0.4627,176.41667,2013-05-30T00:00:00Z,SVP
118397,2015-02-15T11:00:00Z,-37.17374,-44.31871,-0.7441,0.3732,288.0,2013-05-30T00:00:00Z,SVP
118397,2015-02-15T12:00:00Z,-37.16218,-44.34945,-0.7494,0.372,288.0,2013-05-30T00:00:00Z,SVP
118397,2015-02-15T13:00:00Z,-37.15074,-44.38001,-0.9281,0.3495,115.208336,2013-05-30T00:00:00Z,SVP
118397,2015-02-15T14:00:00Z,-37.14123,-44.4182,-0.9356,0.1484,439.2083,2013-05-30T00:00:00Z,SVP
118397,2015-02-15T15:00:00Z,-37.13781,-44.456,-0.9339,0.1583,439.2083,2013-05-30T00:00:00Z,SVP
118397,2015-02-15T16:00:00Z,-37.13286,-44.49412,-0.9346,0.159,439.2083,2013-05-30T00:00:00Z,SVP
118397,2015-02-15T17:00:00Z,-37.12886,-44.52823,-0.7353,0.0913,248.41667,2013-05-30T00:00:00Z,SVP
118397,2015-02-15T18:00:00Z,-37.12579,-44.55244,-0.823,0.0904,248.41667,2013-05-30T00:00:00Z,SVP
118397,2015-02-15T19:00:00Z,-37.13485,-44.58857,-0.7611,-0.1413,127.791664,2013-05-30T00:00:00Z,SVP
118397,2015-02-15T20:00:00Z,-37.14198,-44.61912,-0.7035,-0.2478,151.20834,2013-05-30T00:00:00Z,SVP
118397,2015-02-15T21:00:00Z,-37.15018,-44.64564,-0.6109,-0.2584,86.41667,2013-05-30T00:00:00Z,SVP
118397,2015-02-15T22:00:00Z,-37.15929,-44.6678,-0.4075,-0.3218,134.99998,2013-05-30T00:00:00Z,SVP
118397,2015-02-15T23:00:00Z,-37.16928,-44.68289,-0.3477,-0.3136,185.41667,2013-05-30T00:00:00Z,SVP
118397,2015-02-16T00:00:00Z,-37.17749,-44.69443,-0.1043,-0.1406,93.583336,2013-05-30T00:00:00Z,SVP
118397,2015-02-16T01:00:00Z,-37.18154,-44.69598,-0.0544,-0.1235,140.41666,2013-05-30T00:00:00Z,SVP
118397,2015-02-16T02:00:00Z,-37.18765,-44.70382,-0.2524,-0.129,68.416664,2013-05-30T00:00:00Z,SVP
118397,2015-02-16T03:00:00Z,-37.1857,-44.71332,-0.19,0.1341,237.58334,2013-05-30T00:00:00Z,SVP
118397,2015-02-16T04:00:00Z,-37.18156,-44.72196,-0.1894,0.1492,255.58333,2013-05-30T00:00:00Z,SVP
118397,2015-02-16T05:00:00Z,-37.17682,-44.72924,-0.189,0.1492,255.58333,2013-05-30T00:00:00Z,SVP
118397,2015-02-16T06:00:00Z,-37.1715,-44.73825,-0.3183,0.1765,118.79167,2013-05-30T00:00:00Z,SVP
118397,2015-02-16T07:00:00Z,-37.16393,-44.75497,-0.4289,0.2457,122.416664,2013-05-30T00:00:00Z,SVP
118397,2015-02-16T08:00:00Z,-37.15662,-44.77279,-0.4487,0.2321,122.416664,2013-05-30T00:00:00Z,SVP
118397,2015-02-16T09:00:00Z,-37.14914,-44.79253,-0.5168,0.2409,151.20834,2013-05-30T00:00:00Z,SVP
118397,2015-02-16T10:00:00Z,-37.14106,-44.81489,-0.5114,0.1233,122.416664,2013-05-30T00:00:00Z,SVP
118397,2015-02-16T11:00:00Z,-37.13814,-44.83488,-0.5171,0.006,172.79166,2013-05-30T00:00:00Z,SVP
118397,2015-02-16T12:00:00Z,-37.13831,-44.85713,-0.5785,-0.03,115.208336,2013-05-30T00:00:00Z,SVP
118397,2015-02-16T13:00:00Z,-37.14075,-44.88217,-0.6532,-0.1487,104.41666,2013-05-30T00:00:00Z,SVP
118397,2015-02-16T14:00:00Z,-37.14606,-44.90771,-0.6386,-0.1844,478.79163,2013-05-30T00:00:00Z,SVP
118397,2015-02-16T15:00:00Z,-37.15212,-44.93377,-0.638,-0.1843,478.79163,2013-05-30T00:00:00Z,SVP
118397,2015-02-16T16:00:00Z,-37.1581,-44.96043,-0.637,-0.1843,478.79163,2013-05-30T00:00:00Z,SVP
118397,2015-02-16T17:00:00Z,-37.16426,-44.98546,-0.5505,-0.1978,248.41667,2013-05-30T00:00:00Z,SVP
118397,2015-02-16T18:00:00Z,-37.17043,-45.0085,-0.5281,-0.199,248.41667,2013-05-30T00:00:00Z,SVP
118397,2015-02-16T19:00:00Z,-37.17757,-45.02768,-0.4927,-0.2151,226.79166,2013-05-30T00:00:00Z,SVP
118397,2015-02-16T20:00:00Z,-37.18541,-45.04726,-0.3814,-0.3121,64.791664,2013-05-30T00:00:00Z,SVP
118397,2015-02-16T21:00:00Z,-37.19551,-45.05934,-0.2591,-0.3086,126.0,2013-05-30T00:00:00Z,SVP
118397,2015-02-16T22:00:00Z,-37.20363,-45.07331,-0.3758,-0.2023,54.000004,2013-05-30T00:00:00Z,SVP
118397,2015-02-16T23:00:00Z,-37.21055,-45.08818,-0.3649,-0.2043,288.0,2013-05-30T00:00:00Z,SVP
118397,2015-02-17T00:00:00Z,-37.21657,-45.10108,-0.299,-0.1914,111.583336,2013-05-30T00:00:00Z,SVP
118397,2015-02-17T01:00:00Z,-37.2227,-45.11317,-0.2594,-0.1607,136.79167,2013-05-30T00:00:00Z,SVP
118397,2015-02-17T02:00:00Z,-37.22602,-45.12248,-0.3502,-0.0854,248.41667,2013-05-30T00:00:00Z,SVP
118397,2015-02-17T03:00:00Z,-37.22977,-45.13788,-0.3339,-0.0876,248.41667,2013-05-30T00:00:00Z,SVP
118397,2015-02-17T04:00:00Z,-37.231,-45.14922,-0.1651,-0.0671,241.20834,2013-05-30T00:00:00Z,SVP
118397,2015-02-17T05:00:00Z,-37.23393,-45.15551,-0.1634,-0.066,241.20834,2013-05-30T00:00:00Z,SVP
118397,2015-02-17T06:00:00Z,-37.23536,-45.16504,-0.2288,-0.0643,93.583336,2013-05-30T00:00:00Z,SVP
118397,2015-02-17T07:00:00Z,-37.23666,-45.17696,-0.3001,-0.031,154.79166,2013-05-30T00:00:00Z,SVP
118397,2015-02-17T08:00:00Z,-37.23786,-45.17638,-0.0993,-0.038,190.79166,2013-05-30T00:00:00Z,SVP
118397,2015-02-17T09:00:00Z,-37.23849,-45.18086,-0.1273,0.047,90.0,2013-05-30T00:00:00Z,SVP
118397,2015-02-17T10:00:00Z,-37.2335,-45.18571,-0.1515,0.2742,79.208336,2013-05-30T00:00:00Z,SVP
118397,2015-02-17T11:00:00Z,-37.22578,-45.19282,-0.209,0.1942,111.583336,2013-05-30T00:00:00Z,SVP
118397,2015-02-17T12:00:00Z,-37.22263,-45.19914,-0.1527,0.0919,90.0,2013-05-30T00:00:00Z,SVP
118397,2015-02-17T13:00:00Z,-37.21907,-45.20598,-0.1255,0.0068,493.20834,2013-05-30T00:00:00Z,SVP
118397,2015-02-17T14:00:00Z,-37.21922,-45.21092,-0.1251,0.003,493.20834,2013-05-30T00:00:00Z,SVP
118397,2015-02-17T15:00:00Z,-37.21883,-45.21618,-0.1247,0.0037,493.20834,2013-05-30T00:00:00Z,SVP
118397,2015-02-17T16:00:00Z,-37.21767,-45.22187,-0.1241,0.0074,493.20834,2013-05-30T00:00:00Z,SVP
118397,2015-02-17T17:00:00Z,-37.21994,-45.22442,-0.0788,-0.0281,269.99997,2013-05-30T00:00:00Z,SVP
118397,2015-02-17T18:00:00Z,-37.22249,-45.22788,-0.0653,-0.0257,269.99997,2013-05-30T00:00:00Z,SVP
118397,2015-02-17T19:00:00Z,-37.22211,-45.22855,-0.0341,-0.0401,201.58334,2013-05-30T00:00:00Z,SVP
118397,2015-02-17T20:00:00Z,-37.2229,-45.22939,0.1824,0.0426,158.41667,2013-05-30T00:00:00Z,SVP
118397,2015-02-17T21:00:00Z,-37.22037,-45.22091,0.164,0.0371,158.41667,2013-05-30T00:00:00Z,SVP
118397,2015-02-17T22:00:00Z,-37.22005,-45.21819,-0.1166,0.0171,284.41666,2013-05-30T00:00:00Z,SVP
118397,2015-02-17T23:00:00Z,-37.21982,-45.22446,-0.0993,0.0153,284.41666,2013-05-30T00:00:00Z,SVP
118397,2015-02-18T00:00:00Z,-37.2178,-45.22799,-0.1205,0.0818,122.416664,2013-05-30T00:00:00Z,SVP
118397,2015-02-18T01:00:00Z,-37.21409,-45.22578,0.065,0.1354,115.208336,2013-05-30T00:00:00Z,SVP
118397,2015-02-18T02:00:00Z,-37.21151,-45.22971,-0.027,0.0736,266.41666,2013-05-30T00:00:00Z,SVP
118397,2015-02-18T03:00:00Z,-37.20834,-45.22846,-0.1396,-0.0034,97.20833,2013-05-30T00:00:00Z,SVP
118397,2015-02-18T04:00:00Z,-37.20888,-45.23328,-0.06,-0.0316,241.20834,2013-05-30T00:00:00Z,SVP
118397,2015-02-18T05:00:00Z,-37.21016,-45.23481,-0.0523,-0.0328,241.20834,2013-05-30T00:00:00Z,SVP
118397,2015-02-18T06:00:00Z,-37.21191,-45.24118,-0.1993,-0.1577,198.00002,2013-05-30T00:00:00Z,SVP
118397,2015-02-18T07:00:00Z,-37.21642,-45.24992,-0.0936,-0.2424,115.208336,2013-05-30T00:00:00Z,SVP
118397,2015-02-18T08:00:00Z,-37.22476,-45.25135,-0.0606,-0.2051,126.0,2013-05-30T00:00:00Z,SVP
118397,2015-02-18T09:00:00Z,-37.23066,-45.25325,0.1293,-0.167,0.0,2013-05-30T00:00:00Z,SVP
118397,2015-02-18T10:00:00Z,-37.23714,-45.25269,-0.002,-0.202,237.58334,2013-05-30T00:00:00Z,SVP
118397,2015-02-18T11:00:00Z,-37.24396,-45.25249,-0.003,-0.2014,237.58334,2013-05-30T00:00:00Z,SVP
118397,2015-02-18T12:00:00Z,-37.24966,-45.25345,0.0083,-0.2296,133.20833,2013-05-30T00:00:00Z,SVP
118397,2015-02-18T13:00:00Z,-37.25726,-45.25325,0.0272,-0.2959,514.7916,2013-05-30T00:00:00Z,SVP
118397,2015-02-18T14:00:00Z,-37.26717,-45.25205,0.0276,-0.2969,514.7916,2013-05-30T00:00:00Z,SVP
118397,2015-02-18T15:00:00Z,-37.27686,-45.25091,0.0277,-0.2972,514.7916,2013-05-30T00:00:00Z,SVP
118397,2015-02-18T16:00:00Z,-37.28638,-45.24986,0.0276,-0.2973,514.7916,2013-05-30T00:00:00Z,SVP
118397,2015-02-18T17:00:00Z,-37.29755,-45.2502,0.0119,-0.325,252.0,2013-05-30T00:00:00Z,SVP
118397,2015-02-18T18:00:00Z,-37.30795,-45.25082,-0.047,-0.3417,194.41666,2013-05-30T00:00:00Z,SVP
118397,2015-02-18T19:00:00Z,-37.31968,-45.25344,-0.0501,-0.3423,194.41666,2013-05-30T00:00:00Z,SVP
118397,2015-02-18T20:00:00Z,-37.33141,-45.25256,0.0717,-0.3887,180.0,2013-05-30T00:00:00Z,SVP
118397,2015-02-18T21:00:00Z,-37.34431,-45.24952,0.1356,-0.4469,90.0,2013-05-30T00:00:00Z,SVP
118397,2015-02-18T22:00:00Z,-37.35723,-45.24782,-0.0061,-0.3754,154.79166,2013-05-30T00:00:00Z,SVP
118397,2015-02-18T23:00:00Z,-37.36301,-45.2536,-0.0936,-0.255,113.41666,2013-05-30T00:00:00Z,SVP
118397,2015-02-19T00:00:00Z,-37.37328,-45.25293,0.0435,-0.2891,279.0,2013-05-30T00:00:00Z,SVP
118397,2015-02-19T01:00:00Z,-37.38109,-45.2545,0.0549,-0.2872,252.0,2013-05-30T00:00:00Z,SVP
118397,2015-02-19T02:00:00Z,-37.39155,-45.24934,0.0588,-0.293,252.0,2013-05-30T00:00:00Z,SVP
118397,2015-02-19T03:00:00Z,-37.39958,-45.24756,-0.0033,-0.2037,154.79166,2013-05-30T00:00:00Z,SVP
118397,2015-02-19T04:00:00Z,-37.40517,-45.24859,0.0127,-0.2006,252.0,2013-05-30T00:00:00Z,SVP
118397,2015-02-19T05:00:00Z,-37.41287,-45.24731,0.0062,-0.1905,252.0,2013-05-30T00:00:00Z,SVP
118397,2015-02-19T06:00:00Z,-37.41832,-45.24749,0.0076,-0.1807,223.20834,2013-05-30T00:00:00Z,SVP
118397,2015-02-19T07:00:00Z,-37.42383,-45.24769,-0.0301,-0.1547,237.58334,2013-05-30T00:00:00Z,SVP
118397,2015-02-19T08:00:00Z,-37.42905,-45.24899,-0.032,-0.1548,237.58334,2013-05-30T00:00:00Z,SVP
118397,2015-02-19T09:00:00Z,-37.43371,-45.25268,-0.1196,-0.1497,248.41667,2013-05-30T00:00:00Z,SVP
118397,2015-02-19T10:00:00Z,-37.43878,-45.25735,-0.1178,-0.1506,248.41667,2013-05-30T00:00:00Z,SVP
118397,2015-02-19T11:00:00Z,-37.44378,-45.2623,-0.1102,-0.163,129.58333,2013-05-30T00:00:00Z,SVP
118397,2015-02-19T12:00:00Z,-37.44964,-45.26676,-0.0979,-0.1914,118.79167,2013-05-30T00:00:00Z,SVP
118397,2015-02-19T13:00:00Z,-37.45663,-45.26854,-0.0655,-0.2208,144.0,2013-05-30T00:00:00Z,SVP
118397,2015-02-19T14:00:00Z,-37.46353,-45.27127,-0.0264,-0.1781,313.20834,2013-05-30T00:00:00Z,SVP
118397,2015-02-19T15:00:00Z,-37.46867,-45.27174,-0.0226,-0.1771,313.20834,2013-05-30T00:00:00Z,SVP
118397,2015-02-19T16:00:00Z,-37.47381,-45.27332,-0.0213,-0.1774,313.20834,2013-05-30T00:00:00Z,SVP
118397,2015-02-19T17:00:00Z,-37.48198,-45.27272,0.0012,-0.2302,223.20834,2013-05-30T00:00:00Z,SVP
118397,2015-02-19T18:00:00Z,-37.49053,-45.2739,-0.0302,-0.2825,144.0,2013-05-30T00:00:00Z,SVP
118397,2015-02-19T19:00:00Z,-37.50001,-45.2752,0.0408,-0.2722,158.41667,2013-05-30T00:00:00Z,SVP
118397,2015-02-19T20:00:00Z,-37.50809,-45.27957,-0.0522,-0.2783,158.41667,2013-05-30T00:00:00Z,SVP
118397,2015-02-19T21:00:00Z,-37.51886,-45.26745,0.2549,-0.3356,172.79166,2013-05-30T00:00:00Z,SVP
118397,2015-02-19T22:00:00Z,-37.52822,-45.25934,0.1457,-0.222,90.0,2013-05-30T00:00:00Z,SVP
118397,2015-02-19T23:00:00Z,-37.53371,-45.25471,0.1923,-0.2336,144.0,2013-05-30T00:00:00Z,SVP
118397,2015-02-20T00:00:00Z,-37.54182,-45.24729,0.2512,-0.1992,104.41666,2013-05-30T00:00:00Z,SVP
118397,2015-02-20T01:00:00Z,-37.54769,-45.23433,0.3878,-0.1721,126.0,2013-05-30T00:00:00Z,SVP
118397,2015-02-20T02:00:00Z,-37.55257,-45.22262,0.2601,-0.148,115.208336,2013-05-30T00:00:00Z,SVP
118397,2015-02-20T03:00:00Z,-37.55649,-45.21547,0.1431,-0.0867,187.20833,2013-05-30T00:00:00Z,SVP
118397,2015-02-20T04:00:00Z,-37.55925,-45.20948,0.1137,-0.0651,244.79167,2013-05-30T00:00:00Z,SVP
118397,2015-02-20T05:00:00Z,-37.56086,-45.20444,0.1118,-0.067,244.79167,2013-05-30T00:00:00Z,SVP
118397,2015-02-20T06:00:00Z,-37.56449,-45.20102,0.0938,-0.0967,216.00002,2013-05-30T00:00:00Z,SVP
118397,2015-02-20T07:00:00Z,-37.56755,-45.19775,0.0613,-0.107,244.79167,2013-05-30T00:00:00Z,SVP
118397,2015-02-20T08:00:00Z,-37.57154,-45.19539,0.061,-0.1061,244.79167,2013-05-30T00:00:00Z,SVP
118397,2015-02-20T09:00:00Z,-37.57368,-45.19332,0.0432,-0.0673,280.79166,2013-05-30T00:00:00Z,SVP
118397,2015-02-20T10:00:00Z,-37.57612,-45.19128,0.0428,-0.0661,280.79166,2013-05-30T00:00:00Z,SVP
118397,2015-02-20T11:00:00Z,-37.56499,-45.19182,0.0013,0.3206,151.20834,2013-05-30T00:00:00Z,SVP
118397,2015-02-20T12:00:00Z,-37.55539,-45.20034,-0.1948,0.2289,136.79167,2013-05-30T00:00:00Z,SVP
118397,2015-02-20T13:00:00Z,-37.54852,-45.20633,-0.2984,0.1259,118.79167,2013-05-30T00:00:00Z,SVP
118397,2015-02-20T14:00:00Z,-37.54463,-45.21962,-0.3494,0.1394,320.41666,2013-05-30T00:00:00Z,SVP
118397,2015-02-20T15:00:00Z,-37.54003,-45.23284,-0.3451,0.1406,320.41666,2013-05-30T00:00:00Z,SVP
118397,2015-02-20T16:00:00Z,-37.53509,-45.2457,-0.3354,0.208,237.58334,2013-05-30T00:00:00Z,SVP
118397,2015-02-20T17:00:00Z,-37.5284,-45.2637,-0.3673,0.2153,237.58334,2013-05-30T00:00:00Z,SVP
118397,2015-02-20T18:00:00Z,-37.51872,-45.25568,-0.1077,0.3015,252.0,2013-05-30T00:00:00Z,SVP
118397,2015-02-20T19:00:00Z,-37.5082,-45.25968,-0.1162,0.2948,252.0,2013-05-30T00:00:00Z,SVP
118397,2015-02-20T20:00:00Z,-37.50079,-45.26663,-0.1775,0.2282,136.79167,2013-05-30T00:00:00Z,SVP
118397,2015-02-20T21:00:00Z,-37.49305,-45.27314,-0.16,0.2511,126.0,2013-05-30T00:00:00Z,SVP
118397,2015-02-20T22:00:00Z,-37.48605,-45.28053,-0.1772,0.193,122.416664,2013-05-30T00:00:00Z,SVP
118397,2015-02-20T23:00:00Z,-37.47959,-45.28856,-0.2056,0.1999,216.00002,2013-05-30T00:00:00Z,SVP
118397,2015-02-21T00:00:00Z,-37.47148,-45.29658,-0.1876,0.2722,108.00001,2013-05-30T00:00:00Z,SVP
118397,2015-02-21T01:00:00Z,-37.46193,-45.30049,-0.0859,0.3246,129.58333,2013-05-30T00:00:00Z,SVP
118397,2015-02-21T02:00:00Z,-37.45268,-45.30439,-0.2182,0.1541,201.58334,2013-05-30T00:00:00Z,SVP
118397,2015-02-21T03:00:00Z,-37.44724,-45.31368,-0.2177,0.1471,201.58334,2013-05-30T00:00:00Z,SVP
118397,2015-02-21T04:00:00Z,-37.44409,-45.32369,-0.2599,0.0941,241.20834,2013-05-30T00:00:00Z,SVP
118397,2015-02-21T05:00:00Z,-37.44164,-45.33298,-0.249,0.0653,226.79166,2013-05-30T00:00:00Z,SVP
118397,2015-02-21T06:00:00Z,-37.43858,-45.34514,-0.2554,0.0639,226.79166,2013-05-30T00:00:00Z,SVP
118397,2015-02-21T07:00:00Z,-37.43702,-45.3542,-0.2052,0.0416,244.79167,2013-05-30T00:00:00Z,SVP
118397,2015-02-21T08:00:00Z,-37.43629,-45.36135,-0.2176,0.045,244.79167,2013-05-30T00:00:00Z,SVP
118397,2015-02-21T09:00:00Z,-37.43551,-45.36993,-0.1849,0.0121,208.79167,2013-05-30T00:00:00Z,SVP
118397,2015-02-21T10:00:00Z,-37.43689,-45.37548,-0.117,0.0388,158.41667,2013-05-30T00:00:00Z,SVP
118397,2015-02-21T11:00:00Z,-37.43488,-45.38216,-0.0406,0.1199,72.0,2013-05-30T00:00:00Z,SVP
118397,2015-02-21T12:00:00Z,-37.43063,-45.38363,-0.0523,0.1505,140.41666,2013-05-30T00:00:00Z,SVP
118397,2015-02-21T13:00:00Z,-37.426,-45.39137,-0.1992,0.1172,115.208336,2013-05-30T00:00:00Z,SVP
118397,2015-02-21T14:00:00Z,-37.42377,-45.39911,-0.222,0.0696,360.0,2013-05-30T00:00:00Z,SVP
118397,2015-02-21T15:00:00Z,-37.42229,-45.4076,-0.2244,0.072,360.0,2013-05-30T00:00:00Z,SVP
118397,2015-02-21T16:00:00Z,-37.4198,-45.41668,-0.2092,0.0771,233.99998,2013-05-30T00:00:00Z,SVP
118397,2015-02-21T17:00:00Z,-37.4163,-45.42624,-0.2102,0.074,233.99998,2013-05-30T00:00:00Z,SVP
118397,2015-02-21T18:00:00Z,-37.41549,-45.43326,-0.1906,0.0402,233.99998,2013-05-30T00:00:00Z,SVP
118397,2015-02-21T19:00:00Z,-37.41461,-45.4409,-0.1881,-0.0088,194.41666,2013-05-30T00:00:00Z,SVP
118397,2015-02-21T20:00:00Z,-37.41466,-45.44884,-0.1867,-0.041,277.20834,2013-05-30T00:00:00Z,SVP
118397,2015-02-21T21:00:00Z,-37.4161,-45.45635,-0.1859,-0.0409,277.20834,2013-05-30T00:00:00Z,SVP
118397,2015-02-21T22:00:00Z,-37.41785,-45.46475,-0.1978,-0.0538,309.5833,2013-05-30T00:00:00Z,SVP
118397,2015-02-21T23:00:00Z,-37.41947,-45.47248,-0.1961,-0.0537,309.5833,2013-05-30T00:00:00Z,SVP
118397,2015-02-22T00:00:00Z,-37.42013,-45.47808,-0.163,-0.0347,118.79167,2013-05-30T00:00:00Z,SVP
118397,2015-02-22T01:00:00Z,-37.42094,-45.4816,-0.028,0.077,115.208336,2013-05-30T00:00:00Z,SVP
118397,2015-02-22T02:00:00Z,-37.41892,-45.48265,0.014,0.0487,230.41667,2013-05-30T00:00:00Z,SVP
118397,2015-02-22T03:00:00Z,-37.41633,-45.48385,-0.0061,-0.0102,0.0,2013-05-30T00:00:00Z,SVP
118397,2015-02-22T04:00:00Z,-37.4181,-45.48297,-0.0245,-0.0183,252.0,2013-05-30T00:00:00Z,SVP
118397,2015-02-22T05:00:00Z,-37.41758,-45.48505,-0.2912,0.0315,151.20834,2013-05-30T00:00:00Z,SVP
118397,2015-02-22T06:00:00Z,-37.41376,-45.49673,-0.2809,0.1638,50.416664,2013-05-30T00:00:00Z,SVP
118397,2015-02-22T07:00:00Z,-37.40948,-45.50138,-0.1134,0.1119,126.0,2013-05-30T00:00:00Z,SVP
118397,2015-02-22T08:00:00Z,-37.40734,-45.50662,-0.1235,0.0157,176.41667,2013-05-30T00:00:00Z,SVP
118397,2015-02-22T09:00:00Z,-37.40794,-45.51058,-0.1111,0.0133,0.0,2013-05-30T00:00:00Z,SVP
118397,2015-02-22T10:00:00Z,-37.40577,-45.51773,-0.1504,0.0361,219.58333,2013-05-30T00:00:00Z,SVP
118397,2015-02-22T11:00:00Z,-37.40458,-45.52478,-0.1811,0.0517,104.41666,2013-05-30T00:00:00Z,SVP
118397,2015-02-22T12:00:00Z,-37.40273,-45.53068,-0.157,0.0541,144.0,2013-05-30T00:00:00Z,SVP
118397,2015-02-22T13:00:00Z,-37.40132,-45.53739,-0.1571,-0.0212,136.79167,2013-05-30T00:00:00Z,SVP
118397,2015-02-22T14:00:00Z,-37.40378,-45.54526,-0.193,-0.0614,233.99998,2013-05-30T00:00:00Z,SVP
118397,2015-02-22T15:00:00Z,-37.40428,-45.55171,-0.1848,-0.0549,233.99998,2013-05-30T00:00:00Z,SVP
118397,2015-02-22T16:00:00Z,-37.40674,-45.55884,-0.1845,-0.1469,237.58334,2013-05-30T00:00:00Z,SVP
118397,2015-02-22T17:00:00Z,-37.41109,-45.5703,-0.1069,-0.219,244.79167,2013-05-30T00:00:00Z,SVP
118397,2015-02-22T18:00:00Z,-37.41829,-45.57292,-0.1204,-0.2209,244.79167,2013-05-30T00:00:00Z,SVP
118397,2015-02-22T19:00:00Z,-37.42679,-45.57862,-0.152,-0.2927,165.58333,2013-05-30T00:00:00Z,SVP
118397,2015-02-22T20:00:00Z,-37.43696,-45.58565,-0.1794,-0.3088,61.208332,2013-05-30T00:00:00Z,SVP
118397,2015-02-22T21:00:00Z,-37.44342,-45.58212,0.0466,-0.1826,176.41667,2013-05-30T00:00:00Z,SVP
118397,2015-02-22T22:00:00Z,-37.44797,-45.58276,-0.0516,-0.1129,241.20834,2013-05-30T00:00:00Z,SVP
118397,2015-02-22T23:00:00Z,-37.45126,-45.58374,-0.0508,-0.1129,241.20834,2013-05-30T00:00:00Z,SVP
118397,2015-02-23T00:00:00Z,-37.45426,-45.58583,-0.0349,-0.0919,136.79167,2013-05-30T00:00:00Z,SVP
118397,2015-02-23T01:00:00Z,-37.45389,-45.57905,0.0662,-0.0024,115.208336,2013-05-30T00:00:00Z,SVP
118397,2015-02-23T02:00:00Z,-37.45411,-45.5775,-0.1991,0.0551,140.41666,2013-05-30T00:00:00Z,SVP
118397,2015-02-23T03:00:00Z,-37.45245,-45.58179,-0.0313,0.0162,226.79166,2013-05-30T00:00:00Z,SVP
118397,2015-02-23T04:00:00Z,-37.45195,-45.58244,-0.0305,0.0139,226.79166,2013-05-30T00:00:00Z,SVP
118397,2015-02-23T05:00:00Z,-37.45227,-45.58321,-0.0055,-0.0303,237.58334,2013-05-30T00:00:00Z,SVP
118397,2015-02-23T06:00:00Z,-37.45337,-45.58376,0.1487,-0.0941,50.416664,2013-05-30T00:00:00Z,SVP
118397,2015-02-23T07:00:00Z,-37.45716,-45.57666,0.1602,-0.1127,104.41666,2013-05-30T00:00:00Z,SVP
118397,2015-02-23T08:00:00Z,-37.46044,-45.57114,0.1022,-0.0702,136.79167,2013-05-30T00:00:00Z,SVP
118397,2015-02-23T09:00:00Z,-37.46308,-45.56681,0.1013,-0.0816,111.583336,2013-05-30T00:00:00Z,SVP
118397,2015-02-23T10:00:00Z,-37.46728,-45.5609,0.1367,-0.1362,122.416664,2013-05-30T00:00:00Z,SVP
118397,2015-02-23T11:00:00Z,-37.4719,-45.5549,0.2352,-0.1742,115.208336,2013-05-30T00:00:00Z,SVP
118397,2015-02-23T12:00:00Z,-37.47688,-45.54433,0.2778,-0.1217,118.79167,2013-05-30T00:00:00Z,SVP
118397,2015-02-23T13:00:00Z,-37.47775,-45.53299,0.2926,0.079,140.41666,2013-05-30T00:00:00Z,SVP
118397,2015-02-23T14:00:00Z,-37.47508,-45.52125,0.2966,0.0974,507.5833,2013-05-30T00:00:00Z,SVP
118397,2015-02-23T15:00:00Z,-37.4721,-45.50876,0.2965,0.0973,507.5833,2013-05-30T00:00:00Z,SVP
118397,2015-02-23T16:00:00Z,-37.46917,-45.49631,0.2963,0.0974,507.5833,2013-05-30T00:00:00Z,SVP
118397,2015-02-23T17:00:00Z,-37.4668,-45.48452,0.2709,0.0799,230.41667,2013-05-30T00:00:00Z,SVP
118397,2015-02-23T18:00:00Z,-37.46324,-45.47419,0.2687,0.0837,230.41667,2013-05-30T00:00:00Z,SVP
118397,2015-02-23T19:00:00Z,-37.46371,-45.4654,0.2122,0.0101,140.41666,2013-05-30T00:00:00Z,SVP
118397,2015-02-23T20:00:00Z,-37.46316,-45.45514,0.288,0.041,190.79166,2013-05-30T00:00:00Z,SVP
118397,2015-02-23T21:00:00Z,-37.46181,-45.44394,0.2257,0.0115,72.0,2013-05-30T00:00:00Z,SVP
118397,2015-02-23T22:00:00Z,-37.46294,-45.4401,0.0443,-0.0689,176.41667,2013-05-30T00:00:00Z,SVP
118397,2015-02-23T23:00:00Z,-37.46625,-45.43627,0.1158,-0.0972,93.583336,2013-05-30T00:00:00Z,SVP
118397,2015-02-24T00:00:00Z,-37.46906,-45.43159,0.0421,-0.0654,0.0,2013-05-30T00:00:00Z,SVP
118397,2015-02-24T01:00:00Z,-37.4724,-45.42621,0.157,-0.1003,122.416664,2013-05-30T00:00:00Z,SVP
118397,2015-02-24T02:00:00Z,-37.4758,-45.41796,0.1174,-0.1648,118.79167,2013-05-30T00:00:00Z,SVP
118397,2015-02-24T03:00:00Z,-37.48171,-45.41314,0.1451,-0.2265,255.58333,2013-05-30T00:00:00Z,SVP
118397,2015-02-24T04:00:00Z,-37.48828,-45.40745,0.1495,-0.2293,255.58333,2013-05-30T00:00:00Z,SVP
118397,2015-02-24T05:00:00Z,-37.4976,-45.40008,0.19,-0.2882,237.58334,2013-05-30T00:00:00Z,SVP
118397,2015-02-24T06:00:00Z,-37.50729,-45.39159,0.2412,-0.3216,111.583336,2013-05-30T00:00:00Z,SVP
118397,2015-02-24T07:00:00Z,-37.51743,-45.37982,0.3112,-0.3089,140.41666,2013-05-30T00:00:00Z,SVP
118397,2015-02-24T08:00:00Z,-37.527,-45.3671,0.3266,-0.2988,86.41667,2013-05-30T00:00:00Z,SVP
118397,2015-02-24T09:00:00Z,-37.53663,-45.35093,0.3962,-0.2814,162.0,2013-05-30T00:00:00Z,SVP
118397,2015-02-24T10:00:00Z,-37.54388,-45.33615,0.2905,-0.2208,129.58333,2013-05-30T00:00:00Z,SVP
118397,2015-02-24T11:00:00Z,-37.55143,-45.32413,0.283,-0.2503,115.208336,2013-05-30T00:00:00Z,SVP
118397,2015-02-24T12:00:00Z,-37.5583,-45.31143,0.3051,-0.2111,136.79167,2013-05-30T00:00:00Z,SVP
118397,2015-02-24T13:00:00Z,-37.56371,-45.30213,0.2516,-0.164,144.0,2013-05-30T00:00:00Z,SVP
118397,2015-02-24T14:00:00Z,-37.56878,-45.29298,0.2508,-0.1863,421.20834,2013-05-30T00:00:00Z,SVP
118397,2015-02-24T15:00:00Z,-37.57544,-45.28248,0.2515,-0.1882,421.20834,2013-05-30T00:00:00Z,SVP
118397,2015-02-24T16:00:00Z,-37.58205,-45.27238,0.2518,-0.189,421.20834,2013-05-30T00:00:00Z,SVP
118397,2015-02-24T17:00:00Z,-37.58955,-45.26232,0.2666,-0.2279,212.41667,2013-05-30T00:00:00Z,SVP
118397,2015-02-24T18:00:00Z,-37.59422,-45.25061,0.2664,-0.2068,212.41667,2013-05-30T00:00:00Z,SVP
118397,2015-02-24T19:00:00Z,-37.60527,-45.24528,0.0465,-0.2895,64.791664,2013-05-30T00:00:00Z,SVP
118397,2015-02-24T20:00:00Z,-37.61558,-45.23865,0.2602,-0.3674,108.00001,2013-05-30T00:00:00Z,SVP
118397,2015-02-24T21:00:00Z,-37.62794,-45.22409,0.2265,-0.379,86.41667,2013-05-30T00:00:00Z,SVP
118397,2015-02-24T22:00:00Z,-37.64024,-45.21583,0.1582,-0.3828,108.00001,2013-05-30T00:00:00Z,SVP
118397,2015-02-24T23:00:00Z,-37.65159,-45.20934,0.1503,-0.334,171.0,2013-05-30T00:00:00Z,SVP
118397,2015-02-25T00:00:00Z,-37.66196,-45.20349,0.2472,-0.2977,90.0,2013-05-30T00:00:00Z,SVP
118397,2015-02-25T01:00:00Z,-37.67174,-45.1917,0.322,-0.2988,144.0,2013-05-30T00:00:00Z,SVP
118397,2015-02-25T02:00:00Z,-37.68249,-45.1795,0.2619,-0.3549,111.583336,2013-05-30T00:00:00Z,SVP
118397,2015-02-25T03:00:00Z,-37.69412,-45.1698,0.2388,-0.3709,277.20834,2013-05-30T00:00:00Z,SVP
118397,2015-02-25T04:00:00Z,-37.70639,-45.16113,0.2536,-0.3423,248.41667,2013-05-30T00:00:00Z,SVP
118397,2015-02-25T05:00:00Z,-37.71692,-45.14944,0.2553,-0.3393,248.41667,2013-05-30T00:00:00Z,SVP
118397,2015-02-25T06:00:00Z,-37.72639,-45.13968,0.2414,-0.2703,68.416664,2013-05-30T00:00:00Z,SVP
118397,2015-02-25T07:00:00Z,-37.73071,-45.1354,0.1081,-0.1354,172.79166,2013-05-30T00:00:00Z,SVP
118397,2015-02-25T08:00:00Z,-37.73575,-45.12101,0.4651,-0.1467,176.41667,2013-05-30T00:00:00Z,SVP
118397,2015-02-25T09:00:00Z,-37.74047,-45.10182,0.4333,-0.1905,72.0,2013-05-30T00:00:00Z,SVP
118397,2015-02-25T10:00:00Z,-37.74647,-45.08886,0.2768,-0.1791,115.208336,2013-05-30T00:00:00Z,SVP
118397,2015-02-25T11:00:00Z,-37.75065,-45.07956,0.2655,-0.1202,172.79166,2013-05-30T00:00:00Z,SVP
118397,2015-02-25T12:00:00Z,-37.75454,-45.07034,0.37,-0.1251,122.416664,2013-05-30T00:00:00Z,SVP
118397,2015-02-25T13:00:00Z,-37.7579,-45.0541,0.3306,-0.0278,115.208336,2013-05-30T00:00:00Z,SVP
118397,2015-02-25T14:00:00Z,-37.75829,-45.04063,0.3173,0.0216,439.2083,2013-05-30T00:00:00Z,SVP
118397,2015-02-25T15:00:00Z,-37.75738,-45.02759,0.3176,0.0223,439.2083,2013-05-30T00:00:00Z,SVP
118397,2015-02-25T16:00:00Z,-37.75665,-45.01468,0.3175,0.0225,439.2083,2013-05-30T00:00:00Z,SVP
118397,2015-02-25T17:00:00Z,-37.75571,-45.00055,0.3373,0.0355,252.0,2013-05-30T00:00:00Z,SVP
118397,2015-02-25T18:00:00Z,-37.75455,-44.98682,0.3383,0.0356,252.0,2013-05-30T00:00:00Z,SVP
118397,2015-02-25T19:00:00Z,-37.75481,-44.97384,0.2175,-0.037,126.0,2013-05-30T00:00:00Z,SVP
118397,2015-02-25T20:00:00Z,-37.75519,-44.96546,0.1944,0.0362,72.0,2013-05-30T00:00:00Z,SVP
118397,2015-02-25T21:00:00Z,-37.75239,-44.9432,0.4877,0.0918,176.41667,2013-05-30T00:00:00Z,SVP
118397,2015-02-25T22:00:00Z,-37.74737,-44.93139,0.0679,0.2447,244.79167,2013-05-30T00:00:00Z,SVP
118397,2015-02-25T23:00:00Z,-37.7395,-44.92941,0.0724,0.2477,244.79167,2013-05-30T00:00:00Z,SVP
118397,2015-02-26T00:00:00Z,-37.73085,-44.92612,0.0615,0.2579,115.208336,2013-05-30T00:00:00Z,SVP
118397,2015-02-26T01:00:00Z,-37.72403,-44.92292,0.089,0.2063,259.20834,2013-05-30T00:00:00Z,SVP
118397,2015-02-26T02:00:00Z,-37.71823,-44.9204,0.0414,0.1525,54.000004,2013-05-30T00:00:00Z,SVP
118397,2015-02-26T03:00:00Z,-37.71383,-44.91962,-0.0065,0.1141,237.58334,2013-05-30T00:00:00Z,SVP
118397,2015-02-26T04:00:00Z,-37.71012,-44.9204,-0.0532,0.0943,264.5833,2013-05-30T00:00:00Z,SVP
118397,2015-02-26T05:00:00Z,-37.70712,-44.92191,-0.0467,0.0937,264.5833,2013-05-30T00:00:00Z,SVP
118397,2015-02-26T06:00:00Z,-37.70478,-44.9201,0.0044,0.0725,235.79169,2013-05-30T00:00:00Z,SVP
118397,2015-02-26T07:00:00Z,-37.70229,-44.93084,-0.0829,0.0717,235.79169,2013-05-30T00:00:00Z,SVP
118397,2015-02-26T08:00:00Z,-37.70081,-44.92026,0.0734,0.0169,212.41667,2013-05-30T00:00:00Z,SVP
118397,2015-02-26T09:00:00Z,-37.70103,-44.9175,0.0651,-0.0583,244.79167,2013-05-30T00:00:00Z,SVP
118397,2015-02-26T10:00:00Z,-37.70301,-44.91503,0.0646,-0.0602,244.79167,2013-05-30T00:00:00Z,SVP
118397,2015-02-26T11:00:00Z,-37.70497,-44.91089,0.2255,-0.0466,108.00001,2013-05-30T00:00:00Z,SVP
118397,2015-02-26T12:00:00Z,-37.70608,-44.89854,0.3334,-0.0218,136.79167,2013-05-30T00:00:00Z,SVP
118397,2015-02-26T13:00:00Z,-37.70567,-44.88592,0.2923,0.0327,118.79167,2013-05-30T00:00:00Z,SVP
118397,2015-02-26T14:00:00Z,-37.70447,-44.87431,0.2694,0.0509,460.79166,2013-05-30T00:00:00Z,SVP
118397,2015-02-26T15:00:00Z,-37.70283,-44.86326,0.2695,0.0508,460.79166,2013-05-30T00:00:00Z,SVP
118397,2015-02-26T16:00:00Z,-37.7011,-44.85227,0.2695,0.0509,460.79166,2013-05-30T00:00:00Z,SVP
118397,2015-02-26T17:00:00Z,-37.69999,-44.84243,0.2516,0.0389,252.0,2013-05-30T00:00:00Z,SVP
118397,2015-02-26T18:00:00Z,-37.69859,-44.83168,0.1382,0.0303,237.58334,2013-05-30T00:00:00Z,SVP
118397,2015-02-26T19:00:00Z,-37.6978,-44.8276,0.1544,0.0308,237.58334,2013-05-30T00:00:00Z,SVP
118397,2015-02-26T20:00:00Z,-37.69743,-44.8217,0.122,0.0037,246.58333,2013-05-30T00:00:00Z,SVP
118397,2015-02-26T21:00:00Z,-37.69603,-44.81589,0.1231,0.0157,246.58333,2013-05-30T00:00:00Z,SVP
118397,2015-02-26T22:00:00Z,-37.70256,-44.81028,0.1418,-0.1377,271.7917,2013-05-30T00:00:00Z,SVP
118397,2015-02-26T23:00:00Z,-37.70773,-44.80593,0.236,-0.2138,133.20833,2013-05-30T00:00:00Z,SVP
118397,2015-02-27T00:00:00Z,-37.71428,-44.79466,0.3056,-0.2566,126.0,2013-05-30T00:00:00Z,SVP
118397,2015-02-27T01:00:00Z,-37.72241,-44.78133,0.4016,-0.2107,115.208336,2013-05-30T00:00:00Z,SVP
118397,2015-02-27T02:00:00Z,-37.72873,-44.76341,0.4527,-0.1616,331.2083,2013-05-30T00:00:00Z,SVP
118397,2015-02-27T03:00:00Z,-37.73419,-44.74749,0.4323,-0.1608,331.2083,2013-05-30T00:00:00Z,SVP
118397,2015-02-27T04:00:00Z,-37.73911,-44.7292,0.5441,-0.0998,250.20834,2013-05-30T00:00:00Z,SVP
118397,2015-02-27T05:00:00Z,-37.74234,-44.70597,0.5348,-0.0963,250.20834,2013-05-30T00:00:00Z,SVP
118397,2015-02-27T06:00:00Z,-37.74391,-44.68418,0.5452,-0.0384,243.00002,2013-05-30T00:00:00Z,SVP
118397,2015-02-27T07:00:00Z,-37.74543,-44.66208,0.5437,-0.0192,176.41667,2013-05-30T00:00:00Z,SVP
118397,2015-02-27T08:00:00Z,-37.74534,-44.63939,0.5456,-0.0163,176.41667,2013-05-30T00:00:00Z,SVP
118397,2015-02-27T09:00:00Z,-37.74337,-44.61281,0.7016,0.1716,169.20834,2013-05-30T00:00:00Z,SVP
118397,2015-02-27T10:00:00Z,-37.73676,-44.58428,0.6929,0.2579,111.583336,2013-05-30T00:00:00Z,SVP
118397,2015-02-27T11:00:00Z,-37.72377,-44.55641,0.6587,0.4447,111.583336,2013-05-30T00:00:00Z,SVP
118397,2015-02-27T12:00:00Z,-37.71054,-44.52961,0.6581,0.446,133.20833,2013-05-30T00:00:00Z,SVP
118397,2015-02-27T13:00:00Z,-37.69404,-44.50544,0.4471,0.6428,475.2083,2013-05-30T00:00:00Z,SVP
118397,2015-02-27T14:00:00Z,-37.67263,-44.48805,0.4472,0.6493,475.2083,2013-05-30T00:00:00Z,SVP
118397,2015-02-27T15:00:00Z,-37.65177,-44.47035,0.4481,0.6491,475.2083,2013-05-30T00:00:00Z,SVP
118397,2015-02-27T16:00:00Z,-37.63164,-44.45287,0.4506,0.6452,475.2083,2013-05-30T00:00:00Z,SVP
118397,2015-02-27T17:00:00Z,-37.60314,-44.43355,0.4398,0.8018,252.0,2013-05-30T00:00:00Z,SVP
118397,2015-02-27T18:00:00Z,-37.57698,-44.42099,-0.1052,0.7788,212.41667,2013-05-30T00:00:00Z,SVP
118397,2015-02-27T19:00:00Z,-37.55239,-44.42836,0.1998,0.7828,212.41667,2013-05-30T00:00:00Z,SVP
118397,2015-02-27T20:00:00Z,-37.52726,-44.42068,0.0987,0.7847,205.20834,2013-05-30T00:00:00Z,SVP
118397,2015-02-27T21:00:00Z,-37.50308,-44.41924,-0.1418,0.4262,266.41666,2013-05-30T00:00:00Z,SVP
118397,2015-02-27T22:00:00Z,-37.49031,-44.42622,-0.1433,0.4352,266.41666,2013-05-30T00:00:00Z,SVP
118397,2015-02-27T23:00:00Z,-37.47693,-44.43203,-0.1661,0.3919,126.0,2013-05-30T00:00:00Z,SVP
118397,2015-02-28T00:00:00Z,-37.4654,-44.43723,-0.0563,0.3027,136.79167,2013-05-30T00:00:00Z,SVP
118397,2015-02-28T01:00:00Z,-37.45764,-44.43732,0.0392,0.1784,115.208336,2013-05-30T00:00:00Z,SVP
118397,2015-02-28T02:00:00Z,-37.45292,-44.43202,0.1427,0.1455,255.58333,2013-05-30T00:00:00Z,SVP
118397,2015-02-28T03:00:00Z,-37.44875,-44.42857,0.4372,0.1562,118.79167,2013-05-30T00:00:00Z,SVP
118397,2015-02-28T04:00:00Z,-37.44275,-44.41029,0.483,0.1697,244.79167,2013-05-30T00:00:00Z,SVP
118397,2015-02-28T05:00:00Z,-37.43816,-44.39105,0.4834,0.171,244.79167,2013-05-30T00:00:00Z,SVP
118397,2015-02-28T06:00:00Z,-37.43085,-44.36932,0.5228,0.2111,190.79166,2013-05-30T00:00:00Z,SVP
118397,2015-02-28T07:00:00Z,-37.42131,-44.3476,0.541,0.3105,147.58333,2013-05-30T00:00:00Z,SVP
118397,2015-02-28T08:00:00Z,-37.41075,-44.3269,0.474,0.3445,93.583336,2013-05-30T00:00:00Z,SVP
118397,2015-02-28T09:00:00Z,-37.39915,-44.30809,0.4977,0.3768,154.79166,2013-05-30T00:00:00Z,SVP
118397,2015-02-28T10:00:00Z,-37.38536,-44.28565,0.5354,0.4324,244.79167,2013-05-30T00:00:00Z,SVP
118397,2015-02-28T11:00:00Z,-37.36921,-44.26412,0.4194,0.6085,122.416664,2013-05-30T00:00:00Z,SVP
118397,2015-02-28T12:00:00Z,-37.34832,-44.24924,0.3383,0.6595,122.416664,2013-05-30T00:00:00Z,SVP
118397,2015-02-28T13:00:00Z,-37.32805,-44.24007,0.0153,0.5827,144.0,2013-05-30T00:00:00Z,SVP
118397,2015-02-28T14:00:00Z,-37.30963,-44.23981,-0.0315,0.5556,367.20834,2013-05-30T00:00:00Z,SVP
118397,2015-02-28T15:00:00Z,-37.2916,-44.2414,-0.0317,0.5547,367.20834,2013-05-30T00:00:00Z,SVP
118397,2015-02-28T16:00:00Z,-37.27369,-44.24297,-0.1078,0.478,252.0,2013-05-30T00:00:00Z,SVP
118397,2015-02-28T17:00:00Z,-37.25916,-44.24771,-0.1139,0.4622,252.0,2013-05-30T00:00:00Z,SVP
118397,2015-02-28T18:00:00Z,-37.24985,-44.25812,-0.3953,0.3209,187.20833,2013-05-30T00:00:00Z,SVP
118397,2015-02-28T19:00:00Z,-37.24132,-44.27415,-0.4065,0.1624,75.583336,2013-05-30T00:00:00Z,SVP
118397,2015-02-28T20:00:00Z,-37.23836,-44.28808,-0.2037,-0.0573,172.79166,2013-05-30T00:00:00Z,SVP
118397,2015-02-28T21:00:00Z,-37.24115,-44.29641,-0.1849,-0.1225,248.41667,2013-05-30T00:00:00Z,SVP
118397,2015-02-28T22:00:00Z,-37.24535,-44.29994,-0.1592,-0.1233,248.41667,2013-05-30T00:00:00Z,SVP
118397,2015-02-28T23:00:00Z,-37.24906,-44.3136,-0.2055,-0.1046,158.41667,2013-05-30T00:00:00Z,SVP
118397,2015-03-01T00:00:00Z,-37.25008,-44.31204,0.0556,-0.0409,378.0,2013-05-30T00:00:00Z,SVP
118397,2015-03-01T01:00:00Z,-37.25085,-44.30594,-0.0356,-0.0399,378.0,2013-05-30T00:00:00Z,SVP
118397,2015-03-01T02:00:00Z,-37.25344,-44.30789,0.0296,-0.179,118.79167,2013-05-30T00:00:00Z,SVP
118397,2015-03-01T03:00:00Z,-37.25961,-44.30697,0.0332,-0.19,151.20834,2013-05-30T00:00:00Z,SVP
118397,2015-03-01T04:00:00Z,-37.26565,-44.2982,0.3835,-0.1631,241.20834,2013-05-30T00:00:00Z,SVP
118397,2015-03-01T05:00:00Z,-37.27015,-44.28632,0.3378,-0.1669,241.20834,2013-05-30T00:00:00Z,SVP
118397,2015-03-01T06:00:00Z,-37.27637,-44.26296,0.433,-0.1582,158.41667,2013-05-30T00:00:00Z,SVP
118397,2015-03-01T07:00:00Z,-37.27005,-44.25069,0.3052,0.2293,252.0,2013-05-30T00:00:00Z,SVP
118397,2015-03-01T08:00:00Z,-37.26203,-44.2376,0.3103,0.2677,68.416664,2013-05-30T00:00:00Z,SVP
118397,2015-03-01T09:00:00Z,-37.25043,-44.22725,0.1918,0.4141,118.79167,2013-05-30T00:00:00Z,SVP
118397,2015-03-01T10:00:00Z,-37.23768,-44.21957,0.1674,0.3935,129.58333,2013-05-30T00:00:00Z,SVP
118397,2015-03-01T11:00:00Z,-37.22529,-44.215,0.1206,0.3671,162.0,2013-05-30T00:00:00Z,SVP
118397,2015-03-01T12:00:00Z,-37.21365,-44.21457,-0.0405,0.3492,111.583336,2013-05-30T00:00:00Z,SVP
118397,2015-03-01T13:00:00Z,-37.20388,-44.22068,-0.2465,0.245,129.58333,2013-05-30T00:00:00Z,SVP
118397,2015-03-01T14:00:00Z,-37.19431,-44.23042,-0.2547,0.2009,298.7917,2013-05-30T00:00:00Z,SVP
118397,2015-03-01T15:00:00Z,-37.18851,-44.24078,-0.2558,0.1962,298.7917,2013-05-30T00:00:00Z,SVP
118397,2015-03-01T16:00:00Z,-37.18318,-44.25271,-0.5025,-0.0141,467.99997,2013-05-30T00:00:00Z,SVP
118397,2015-03-01T17:00:00Z,-37.18418,-44.27384,-0.5003,-0.0132,467.99997,2013-05-30T00:00:00Z,SVP
118397,2015-03-01T18:00:00Z,-37.18462,-44.29483,-0.4965,-0.0143,467.99997,2013-05-30T00:00:00Z,SVP
118397,2015-03-01T19:00:00Z,-37.1843,-44.31605,-0.3721,-0.1811,145.79167,2013-05-30T00:00:00Z,SVP
118397,2015-03-01T20:00:00Z,-37.19061,-44.33115,-0.182,-0.2704,77.41667,2013-05-30T00:00:00Z,SVP
118397,2015-03-01T21:00:00Z,-37.2001,-44.3365,-0.0954,-0.3002,165.58333,2013-05-30T00:00:00Z,SVP
118397,2015-03-01T22:00:00Z,-37.20873,-44.34514,-0.1804,-0.2508,86.41667,2013-05-30T00:00:00Z,SVP
118397,2015-03-01T23:00:00Z,-37.21769,-44.35016,0.033,-0.482,147.58333,2013-05-30T00:00:00Z,SVP
118397,2015-03-02T00:00:00Z,-37.23347,-44.34867,-5.0E-4,-0.4293,93.583336,2013-05-30T00:00:00Z,SVP
118397,2015-03-02T01:00:00Z,-37.24325,-44.34388,0.1431,-0.2405,140.41666,2013-05-30T00:00:00Z,SVP
118397,2015-03-02T02:00:00Z,-37.24807,-44.33799,0.189,-0.0727,115.208336,2013-05-30T00:00:00Z,SVP
118397,2015-03-02T03:00:00Z,-37.24753,-44.33094,0.0991,0.0048,144.0,2013-05-30T00:00:00Z,SVP
118397,2015-03-02T04:00:00Z,-37.24822,-44.32876,0.064,-0.0079,269.99997,2013-05-30T00:00:00Z,SVP
118397,2015-03-02T05:00:00Z,-37.24778,-44.32743,-0.1215,0.0367,129.58333,2013-05-30T00:00:00Z,SVP
118397,2015-03-02T06:00:00Z,-37.24501,-44.33414,-0.2084,0.1231,93.583336,2013-05-30T00:00:00Z,SVP
118397,2015-03-02T07:00:00Z,-37.24164,-44.34449,-0.2863,0.0867,133.20833,2013-05-30T00:00:00Z,SVP
118397,2015-03-02T08:00:00Z,-37.23986,-44.35535,-0.2236,0.0221,154.79166,2013-05-30T00:00:00Z,SVP
118397,2015-03-02T09:00:00Z,-37.24036,-44.36553,-0.2219,0.0203,154.79166,2013-05-30T00:00:00Z,SVP
118397,2015-03-02T10:00:00Z,-37.23728,-44.37284,-0.2525,0.0161,50.416664,2013-05-30T00:00:00Z,SVP
118397,2015-03-02T11:00:00Z,-37.24033,-44.38861,-0.4295,-0.1664,90.0,2013-05-30T00:00:00Z,SVP
118397,2015-03-02T12:00:00Z,-37.24566,-44.40672,-0.4127,-0.2059,165.58333,2013-05-30T00:00:00Z,SVP
118397,2015-03-02T13:00:00Z,-37.25334,-44.42254,-0.383,-0.2992,115.208336,2013-05-30T00:00:00Z,SVP
118397,2015-03-02T14:00:00Z,-37.26663,-44.43916,-0.3193,-0.475,331.2083,2013-05-30T00:00:00Z,SVP
118397,2015-03-02T15:00:00Z,-37.28206,-44.45203,-0.314,-0.4803,331.2083,2013-05-30T00:00:00Z,SVP
118397,2015-03-02T16:00:00Z,-37.29796,-44.4639,-0.2263,-0.5369,226.79166,2013-05-30T00:00:00Z,SVP
118397,2015-03-02T17:00:00Z,-37.31663,-44.47269,-0.2128,-0.5338,226.79166,2013-05-30T00:00:00Z,SVP
118397,2015-03-02T18:00:00Z,-37.33331,-44.47314,-0.0506,-0.5375,241.20834,2013-05-30T00:00:00Z,SVP
118397,2015-03-02T19:00:00Z,-37.34968,-44.47446,-0.0014,-0.4888,93.583336,2013-05-30T00:00:00Z,SVP
118397,2015-03-02T20:00:00Z,-37.36621,-44.47047,0.2232,-0.5139,75.583336,2013-05-30T00:00:00Z,SVP
118397,2015-03-02T21:00:00Z,-37.3835,-44.46398,0.138,-0.5758,126.0,2013-05-30T00:00:00Z,SVP
118397,2015-03-02T22:00:00Z,-37.40438,-44.46163,0.0724,-0.5803,144.0,2013-05-30T00:00:00Z,SVP
118397,2015-03-02T23:00:00Z,-37.41057,-44.45589,0.1209,-0.3827,194.41666,2013-05-30T00:00:00Z,SVP
118397,2015-03-03T00:00:00Z,-37.42277,-44.44911,0.2221,-0.3324,115.208336,2013-05-30T00:00:00Z,SVP
118397,2015-03-03T01:00:00Z,-37.43338,-44.44264,0.1645,-0.3326,244.79167,2013-05-30T00:00:00Z,SVP
118397,2015-03-03T02:00:00Z,-37.44419,-44.43135,-0.0342,-0.2789,190.79166,2013-05-30T00:00:00Z,SVP
118397,2015-03-03T03:00:00Z,-37.45272,-44.43292,-0.0742,-0.2288,0.0,2013-05-30T00:00:00Z,SVP
118397,2015-03-03T04:00:00Z,-37.46258,-44.43199,0.0209,-0.301,255.58333,2013-05-30T00:00:00Z,SVP
118397,2015-03-03T05:00:00Z,-37.47234,-44.43172,0.0678,-0.3545,219.58333,2013-05-30T00:00:00Z,SVP
118397,2015-03-03T06:00:00Z,-37.48486,-44.42698,0.0518,-0.3455,219.58333,2013-05-30T00:00:00Z,SVP
118397,2015-03-03T07:00:00Z,-37.49385,-44.42572,0.0397,-0.1945,115.208336,2013-05-30T00:00:00Z,SVP
118397,2015-03-03T08:00:00Z,-37.50036,-44.42463,0.013,-0.2306,151.20834,2013-05-30T00:00:00Z,SVP
118397,2015-03-03T09:00:00Z,-37.50916,-44.42664,-0.128,-0.3559,93.583336,2013-05-30T00:00:00Z,SVP
118397,2015-03-03T10:00:00Z,-37.51925,-44.42688,0.002,-0.2582,122.416664,2013-05-30T00:00:00Z,SVP
118397,2015-03-03T11:00:00Z,-37.52758,-44.42693,-0.057,-0.285,115.208336,2013-05-30T00:00:00Z,SVP
118397,2015-03-03T12:00:00Z,-37.53669,-44.4273,0.0713,-0.284,140.41666,2013-05-30T00:00:00Z,SVP
118397,2015-03-03T13:00:00Z,-37.54549,-44.42128,0.1678,-0.28,115.208336,2013-05-30T00:00:00Z,SVP
118397,2015-03-03T14:00:00Z,-37.55635,-44.4205,0.0506,-0.3162,334.7917,2013-05-30T00:00:00Z,SVP
118397,2015-03-03T15:00:00Z,-37.57286,-44.40955,0.1459,-0.3853,334.7917,2013-05-30T00:00:00Z,SVP
118397,2015-03-03T16:00:00Z,-37.58117,-44.41574,0.0171,-0.1604,244.79167,2013-05-30T00:00:00Z,SVP
118397,2015-03-03T17:00:00Z,-37.58603,-44.41657,0.0905,-0.1835,219.58333,2013-05-30T00:00:00Z,SVP
118397,2015-03-03T18:00:00Z,-37.59259,-44.41211,0.0917,-0.1888,219.58333,2013-05-30T00:00:00Z,SVP
118397,2015-03-03T19:00:00Z,-37.60134,-44.41144,-0.3526,-0.3723,61.208332,2013-05-30T00:00:00Z,SVP
118397,2015-03-03T20:00:00Z,-37.60901,-44.42726,-0.3934,-0.168,111.583336,2013-05-30T00:00:00Z,SVP
118397,2015-03-03T21:00:00Z,-37.60822,-44.4018,-0.1673,-0.2312,126.0,2013-05-30T00:00:00Z,SVP
118397,2015-03-03T22:00:00Z,-37.61882,-44.40788,-0.2491,-0.0084,122.416664,2013-05-30T00:00:00Z,SVP
118397,2015-03-03T23:00:00Z,-37.61924,-44.41816,-0.2406,-0.0112,172.79166,2013-05-30T00:00:00Z,SVP
118397,2015-03-04T00:00:00Z,-37.61944,-44.4267,-0.1734,-0.028,140.41666,2013-05-30T00:00:00Z,SVP
118397,2015-03-04T01:00:00Z,-37.62031,-44.43159,-0.062,-0.0113,111.583336,2013-05-30T00:00:00Z,SVP
118397,2015-03-04T02:00:00Z,-37.62056,-44.43638,-0.1304,-4.0E-4,140.41666,2013-05-30T00:00:00Z,SVP
118397,2015-03-04T03:00:00Z,-37.62166,-44.44427,-0.1636,-0.1167,248.41667,2013-05-30T00:00:00Z,SVP
118397,2015-03-04T04:00:00Z,-37.6252,-44.45163,-0.1644,-0.1184,248.41667,2013-05-30T00:00:00Z,SVP
118397,2015-03-04T05:00:00Z,-37.6291,-44.45745,-0.1211,-0.138,216.00002,2013-05-30T00:00:00Z,SVP
118397,2015-03-04T06:00:00Z,-37.63421,-44.46277,0.032,-0.1798,93.583336,2013-05-30T00:00:00Z,SVP
118397,2015-03-04T07:00:00Z,-37.63968,-44.46314,-0.0059,-0.1928,151.20834,2013-05-30T00:00:00Z,SVP
118397,2015-03-04T08:00:00Z,-37.64541,-44.46732,-0.1718,-0.1773,93.583336,2013-05-30T00:00:00Z,SVP
118397,2015-03-04T09:00:00Z,-37.64963,-44.47317,-0.1021,-0.1675,75.583336,2013-05-30T00:00:00Z,SVP
118397,2015-03-04T10:00:00Z,-37.65674,-44.47817,-0.123,-0.2074,165.58333,2013-05-30T00:00:00Z,SVP
118397,2015-03-04T11:00:00Z,-37.6612,-44.48292,-0.1378,-0.1556,115.208336,2013-05-30T00:00:00Z,SVP
118397,2015-03-04T12:00:00Z,-37.66371,-44.48862,-0.1546,-0.0646,118.79167,2013-05-30T00:00:00Z,SVP
118397,2015-03-04T13:00:00Z,-37.66636,-44.49412,-0.132,-0.1639,144.0,2013-05-30T00:00:00Z,SVP
118397,2015-03-04T14:00:00Z,-37.67174,-44.50007,-0.1024,-0.2054,464.41666,2013-05-30T00:00:00Z,SVP
118397,2015-03-04T15:00:00Z,-37.6786,-44.50346,-0.1001,-0.2067,464.41666,2013-05-30T00:00:00Z,SVP
118397,2015-03-04T16:00:00Z,-37.68495,-44.50794,-0.0996,-0.2064,464.41666,2013-05-30T00:00:00Z,SVP
118397,2015-03-04T17:00:00Z,-37.69027,-44.51215,-0.0078,-0.2037,219.58333,2013-05-30T00:00:00Z,SVP
118397,2015-03-04T18:00:00Z,-37.69876,-44.51186,-0.0144,-0.2144,219.58333,2013-05-30T00:00:00Z,SVP
118397,2015-03-04T19:00:00Z,-37.70141,-44.51434,-0.1703,-0.0892,158.41667,2013-05-30T00:00:00Z,SVP
118397,2015-03-04T20:00:00Z,-37.70538,-44.52156,-0.1749,-0.1607,90.0,2013-05-30T00:00:00Z,SVP
118397,2015-03-04T21:00:00Z,-37.71117,-44.51736,0.1629,-0.1625,162.0,2013-05-30T00:00:00Z,SVP
118397,2015-03-04T22:00:00Z,-37.71684,-44.51341,-0.253,-0.1718,93.583336,2013-05-30T00:00:00Z,SVP
118397,2015-03-04T23:00:00Z,-37.72158,-44.52568,-0.3152,-0.1413,183.58333,2013-05-30T00:00:00Z,SVP
118397,2015-03-05T00:00:00Z,-37.7243,-44.53841,-0.3269,-0.0696,122.416664,2013-05-30T00:00:00Z,SVP
118397,2015-03-05T01:00:00Z,-37.72983,-44.54813,-0.266,-0.1825,133.20833,2013-05-30T00:00:00Z,SVP
118397,2015-03-05T02:00:00Z,-37.74008,-44.56177,-0.3393,-0.3703,108.00001,2013-05-30T00:00:00Z,SVP
118397,2015-03-05T03:00:00Z,-37.75149,-44.57019,-0.1859,-0.4394,223.20834,2013-05-30T00:00:00Z,SVP
118397,2015-03-05T04:00:00Z,-37.7657,-44.5895,-0.3406,-0.4438,223.20834,2013-05-30T00:00:00Z,SVP
118397,2015-03-05T05:00:00Z,-37.78141,-44.59052,0.0332,-0.4932,241.20834,2013-05-30T00:00:00Z,SVP
118397,2015-03-05T06:00:00Z,-37.79746,-44.58811,0.0975,-0.4987,54.000004,2013-05-30T00:00:00Z,SVP
118397,2015-03-05T07:00:00Z,-37.81276,-44.58241,0.1469,-0.4663,183.58333,2013-05-30T00:00:00Z,SVP
118397,2015-03-05T08:00:00Z,-37.82879,-44.58089,0.0269,-0.5508,72.0,2013-05-30T00:00:00Z,SVP
118397,2015-03-05T09:00:00Z,-37.84482,-44.57754,0.1457,-0.4521,118.79167,2013-05-30T00:00:00Z,SVP
118397,2015-03-05T10:00:00Z,-37.85773,-44.57311,0.0426,-0.3674,122.416664,2013-05-30T00:00:00Z,SVP
118397,2015-03-05T11:00:00Z,-37.8701,-44.57065,0.0959,-0.36,140.41666,2013-05-30T00:00:00Z,SVP
118397,2015-03-05T12:00:00Z,-37.88197,-44.56594,0.1573,-0.3863,115.208336,2013-05-30T00:00:00Z,SVP
118397,2015-03-05T13:00:00Z,-37.8954,-44.56001,0.1638,-0.4192,122.416664,2013-05-30T00:00:00Z,SVP
118397,2015-03-05T14:00:00Z,-37.90795,-44.55214,0.1837,-0.3833,507.5833,2013-05-30T00:00:00Z,SVP
118397,2015-03-05T15:00:00Z,-37.92038,-44.54424,0.1834,-0.3828,507.5833,2013-05-30T00:00:00Z,SVP
118397,2015-03-05T16:00:00Z,-37.9335,-44.53681,0.184,-0.3868,507.5833,2013-05-30T00:00:00Z,SVP
118397,2015-03-05T17:00:00Z,-37.9443,-44.52898,0.2146,-0.1504,248.41667,2013-05-30T00:00:00Z,SVP
118397,2015-03-05T18:00:00Z,-37.94982,-44.52001,0.2151,-0.1432,248.41667,2013-05-30T00:00:00Z,SVP
118397,2015-03-05T19:00:00Z,-37.95057,-44.51312,0.175,8.0E-4,183.58333,2013-05-30T00:00:00Z,SVP
118397,2015-03-05T20:00:00Z,-37.94829,-44.50962,0.1168,0.1598,90.0,2013-05-30T00:00:00Z,SVP
118397,2015-03-05T21:00:00Z,-37.93726,-44.50147,0.1534,0.3362,171.0,2013-05-30T00:00:00Z,SVP
118397,2015-03-05T22:00:00Z,-37.92552,-44.50127,-0.1959,0.4019,190.79166,2013-05-30T00:00:00Z,SVP
118397,2015-03-05T23:00:00Z,-37.9137,-44.50957,-0.1982,0.3994,190.79166,2013-05-30T00:00:00Z,SVP
118397,2015-03-06T00:00:00Z,-37.89774,-44.51929,-0.3213,0.5243,115.208336,2013-05-30T00:00:00Z,SVP
118397,2015-03-06T01:00:00Z,-37.88159,-44.53338,-0.3496,0.4676,140.41666,2013-05-30T00:00:00Z,SVP
118397,2015-03-06T02:00:00Z,-37.86734,-44.54828,-0.4428,0.36,115.208336,2013-05-30T00:00:00Z,SVP
118397,2015-03-06T03:00:00Z,-37.85643,-44.57891,-0.7447,0.2929,237.58334,2013-05-30T00:00:00Z,SVP
118397,2015-03-06T04:00:00Z,-37.84606,-44.61191,-0.56,0.1452,241.20834,2013-05-30T00:00:00Z,SVP
118397,2015-03-06T05:00:00Z,-37.8422,-44.63407,-0.5623,0.1233,241.20834,2013-05-30T00:00:00Z,SVP
118397,2015-03-06T06:00:00Z,-37.84038,-44.657,-0.5555,0.0301,266.41666,2013-05-30T00:00:00Z,SVP
118397,2015-03-06T07:00:00Z,-37.84037,-44.68012,-0.5565,0.0329,266.41666,2013-05-30T00:00:00Z,SVP
118397,2015-03-06T08:00:00Z,-37.84046,-44.69389,-0.0646,-0.033,176.41667,2013-05-30T00:00:00Z,SVP
118397,2015-03-06T09:00:00Z,-37.84119,-44.69343,0.087,-0.0087,72.0,2013-05-30T00:00:00Z,SVP
118397,2015-03-06T10:00:00Z,-37.8402,-44.68923,0.137,0.0741,158.41667,2013-05-30T00:00:00Z,SVP
118397,2015-03-06T11:00:00Z,-37.83551,-44.68404,0.114,0.2063,151.20834,2013-05-30T00:00:00Z,SVP
118397,2015-03-06T12:00:00Z,-37.83036,-44.67093,0.275,0.1919,0.0,2013-05-30T00:00:00Z,SVP
118397,2015-03-06T13:00:00Z,-37.82229,-44.675,0.036,0.3032,122.416664,2013-05-30T00:00:00Z,SVP
118397,2015-03-06T14:00:00Z,-37.81303,-44.67377,0.0285,0.3338,403.2083,2013-05-30T00:00:00Z,SVP
118397,2015-03-06T15:00:00Z,-37.80208,-44.67239,0.0292,0.3345,403.2083,2013-05-30T00:00:00Z,SVP
118397,2015-03-06T16:00:00Z,-37.79148,-44.67051,0.0315,0.3352,403.2083,2013-05-30T00:00:00Z,SVP
118397,2015-03-06T17:00:00Z,-37.78112,-44.6719,-0.0812,0.3317,248.41667,2013-05-30T00:00:00Z,SVP
118397,2015-03-06T18:00:00Z,-37.76876,-44.67542,-0.0865,0.3429,248.41667,2013-05-30T00:00:00Z,SVP
118397,2015-03-06T19:00:00Z,-37.7643,-44.68336,-0.2494,0.0506,75.583336,2013-05-30T00:00:00Z,SVP
118397,2015-03-06T20:00:00Z,-37.76198,-44.69165,-0.1465,0.0527,169.20834,2013-05-30T00:00:00Z,SVP
118397,2015-03-06T21:00:00Z,-37.76062,-44.69771,-0.1068,0.0084,82.791664,2013-05-30T00:00:00Z,SVP
118397,2015-03-06T22:00:00Z,-37.76455,-44.70286,-0.1578,-0.1291,165.58333,2013-05-30T00:00:00Z,SVP
118397,2015-03-06T23:00:00Z,-37.76505,-44.71466,-0.354,0.0315,136.79167,2013-05-30T00:00:00Z,SVP
118397,2015-03-07T00:00:00Z,-37.76534,-44.72839,-0.2658,-0.1678,115.208336,2013-05-30T00:00:00Z,SVP
118397,2015-03-07T01:00:00Z,-37.771,-44.73084,-0.0429,-0.1923,241.20834,2013-05-30T00:00:00Z,SVP
118397,2015-03-07T02:00:00Z,-37.77809,-44.7306,0.0223,-0.1936,298.7917,2013-05-30T00:00:00Z,SVP
118397,2015-03-07T03:00:00Z,-37.78363,-44.73389,-0.0195,-0.1935,298.7917,2013-05-30T00:00:00Z,SVP
118397,2015-03-07T04:00:00Z,-37.78913,-44.7365,0.189,-0.1876,212.41667,2013-05-30T00:00:00Z,SVP
118397,2015-03-07T05:00:00Z,-37.79629,-44.72822,0.1866,-0.1885,212.41667,2013-05-30T00:00:00Z,SVP
118397,2015-03-07T06:00:00Z,-37.8015,-44.72016,0.2059,-0.1403,233.99998,2013-05-30T00:00:00Z,SVP
118397,2015-03-07T07:00:00Z,-37.80638,-44.71221,0.2245,-0.0757,248.41667,2013-05-30T00:00:00Z,SVP
118397,2015-03-07T08:00:00Z,-37.80865,-44.70266,0.2243,-0.0749,248.41667,2013-05-30T00:00:00Z,SVP
118397,2015-03-07T09:00:00Z,-37.81014,-44.69367,0.2243,-0.0261,223.20834,2013-05-30T00:00:00Z,SVP
118397,2015-03-07T10:00:00Z,-37.81099,-44.68445,0.2236,-0.0225,223.20834,2013-05-30T00:00:00Z,SVP
118397,2015-03-07T11:00:00Z,-37.80415,-44.67931,0.0587,0.1349,115.208336,2013-05-30T00:00:00Z,SVP
118397,2015-03-07T12:00:00Z,-37.8004,-44.67751,0.0559,0.0672,144.0,2013-05-30T00:00:00Z,SVP
118397,2015-03-07T13:00:00Z,-37.79819,-44.6752,0.0322,0.075,115.208336,2013-05-30T00:00:00Z,SVP
118397,2015-03-07T14:00:00Z,-37.79573,-44.67417,0.0125,0.1032,421.20834,2013-05-30T00:00:00Z,SVP
118397,2015-03-07T15:00:00Z,-37.79182,-44.67344,0.0128,0.1052,421.20834,2013-05-30T00:00:00Z,SVP
118397,2015-03-07T16:00:00Z,-37.78746,-44.67258,0.0131,0.1075,421.20834,2013-05-30T00:00:00Z,SVP
118397,2015-03-07T17:00:00Z,-37.78679,-44.67233,0.0136,0.0453,252.0,2013-05-30T00:00:00Z,SVP
118397,2015-03-07T18:00:00Z,-37.78705,-44.67216,0.0078,-0.1235,82.791664,2013-05-30T00:00:00Z,SVP
118397,2015-03-07T19:00:00Z,-37.7921,-44.67327,-0.0647,-0.1622,111.583336,2013-05-30T00:00:00Z,SVP
118397,2015-03-07T20:00:00Z,-37.79549,-44.68726,-0.2462,-0.0817,61.208332,2013-05-30T00:00:00Z,SVP
118397,2015-03-07T21:00:00Z,-37.80371,-44.67797,-0.0878,-0.3581,129.58333,2013-05-30T00:00:00Z,SVP
118397,2015-03-07T22:00:00Z,-37.8158,-44.68141,-0.1396,-0.2808,122.416664,2013-05-30T00:00:00Z,SVP
118397,2015-03-07T23:00:00Z,-37.82466,-44.68565,-0.0224,-0.2657,93.583336,2013-05-30T00:00:00Z,SVP
118397,2015-03-08T00:00:00Z,-37.83764,-44.68355,0.1311,-0.2976,140.41666,2013-05-30T00:00:00Z,SVP
118397,2015-03-08T01:00:00Z,-37.84658,-44.67839,0.1707,-0.2382,115.208336,2013-05-30T00:00:00Z,SVP
118397,2015-03-08T02:00:00Z,-37.85426,-44.67095,0.1961,-0.2475,324.0,2013-05-30T00:00:00Z,SVP
118397,2015-03-08T03:00:00Z,-37.86222,-44.66353,0.194,-0.2478,324.0,2013-05-30T00:00:00Z,SVP
118397,2015-03-08T04:00:00Z,-37.86936,-44.65509,0.3186,-0.212,201.58334,2013-05-30T00:00:00Z,SVP
118397,2015-03-08T05:00:00Z,-37.87708,-44.64091,0.3131,-0.2199,201.58334,2013-05-30T00:00:00Z,SVP
118397,2015-03-08T06:00:00Z,-37.87881,-44.62796,0.3339,-0.1129,208.79167,2013-05-30T00:00:00Z,SVP
118397,2015-03-08T07:00:00Z,-37.88076,-44.61554,0.2223,-0.02,194.41666,2013-05-30T00:00:00Z,SVP
118397,2015-03-08T08:00:00Z,-37.8819,-44.60629,0.2214,-0.0194,194.41666,2013-05-30T00:00:00Z,SVP
118397,2015-03-08T09:00:00Z,-37.88248,-44.59788,0.1981,-0.0317,266.41666,2013-05-30T00:00:00Z,SVP
118397,2015-03-08T10:00:00Z,-37.88331,-44.58969,0.0091,-0.0581,104.41666,2013-05-30T00:00:00Z,SVP
118397,2015-03-08T11:00:00Z,-37.8865,-44.58989,0.0241,-0.1098,104.41666,2013-05-30T00:00:00Z,SVP
118397,2015-03-08T12:00:00Z,-37.89026,-44.58886,0.072,-0.1377,241.20834,2013-05-30T00:00:00Z,SVP
118397,2015-03-08T13:00:00Z,-37.894,-44.58586,0.0822,-0.1615,453.5833,2013-05-30T00:00:00Z,SVP
118397,2015-03-08T14:00:00Z,-37.89969,-44.5825,0.0823,-0.1633,453.5833,2013-05-30T00:00:00Z,SVP
118397,2015-03-08T15:00:00Z,-37.90516,-44.57931,0.0817,-0.1639,453.5833,2013-05-30T00:00:00Z,SVP
118397,2015-03-08T16:00:00Z,-37.91052,-44.57653,0.0801,-0.1642,453.5833,2013-05-30T00:00:00Z,SVP
118397,2015-03-08T17:00:00Z,-37.918,-44.57151,0.0935,-0.2043,255.58333,2013-05-30T00:00:00Z,SVP
118397,2015-03-08T18:00:00Z,-37.9253,-44.56721,0.0984,-0.2826,205.20834,2013-05-30T00:00:00Z,SVP
118397,2015-03-08T19:00:00Z,-37.93484,-44.56378,0.1017,-0.2868,205.20834,2013-05-30T00:00:00Z,SVP
118397,2015-03-08T20:00:00Z,-37.94569,-44.55653,0.2053,-0.308,180.0,2013-05-30T00:00:00Z,SVP
118397,2015-03-08T21:00:00Z,-37.95556,-44.54772,0.2306,-0.2729,90.0,2013-05-30T00:00:00Z,SVP
118397,2015-03-08T22:00:00Z,-37.96505,-44.53968,0.1875,-0.3011,140.41666,2013-05-30T00:00:00Z,SVP
118397,2015-03-08T23:00:00Z,-37.97433,-44.53282,0.1483,-0.285,223.20834,2013-05-30T00:00:00Z,SVP
118397,2015-03-09T00:00:00Z,-37.9831,-44.52539,0.189,-0.2406,140.41666,2013-05-30T00:00:00Z,SVP
118397,2015-03-09T01:00:00Z,-37.99084,-44.51598,0.2625,-0.243,115.208336,2013-05-30T00:00:00Z,SVP
118397,2015-03-09T02:00:00Z,-37.99961,-44.50566,0.2569,-0.2908,126.0,2013-05-30T00:00:00Z,SVP
118397,2015-03-09T03:00:00Z,-38.00917,-44.50351,0.0768,-0.2987,0.0,2013-05-30T00:00:00Z,SVP
118397,2015-03-09T04:00:00Z,-38.01853,-44.49488,0.2257,-0.2851,252.0,2013-05-30T00:00:00Z,SVP
118397,2015-03-09T05:00:00Z,-38.02765,-44.48553,0.2232,-0.2864,252.0,2013-05-30T00:00:00Z,SVP
118397,2015-03-09T06:00:00Z,-38.03806,-44.47825,0.161,-0.3259,136.79167,2013-05-30T00:00:00Z,SVP
118397,2015-03-09T07:00:00Z,-38.05016,-44.471,0.2688,-0.3559,162.0,2013-05-30T00:00:00Z,SVP
118397,2015-03-09T08:00:00Z,-38.06103,-44.45999,0.2682,-0.2834,82.791664,2013-05-30T00:00:00Z,SVP
118397,2015-03-09T09:00:00Z,-38.07012,-44.45143,0.1742,-0.2768,169.20834,2013-05-30T00:00:00Z,SVP
118397,2015-03-09T10:00:00Z,-38.08022,-44.44537,0.144,-0.3206,129.58333,2013-05-30T00:00:00Z,SVP
118397,2015-03-09T11:00:00Z,-38.09084,-44.44009,0.1205,-0.3523,136.79167,2013-05-30T00:00:00Z,SVP
118397,2015-03-09T12:00:00Z,-38.10233,-44.44295,0.2987,-0.3877,115.208336,2013-05-30T00:00:00Z,SVP
118397,2015-03-09T13:00:00Z,-38.11455,-44.4295,0.1177,-0.3638,144.0,2013-05-30T00:00:00Z,SVP
118397,2015-03-09T14:00:00Z,-38.12628,-44.42437,0.1162,-0.3136,331.2083,2013-05-30T00:00:00Z,SVP
118397,2015-03-09T15:00:00Z,-38.13607,-44.41974,0.1161,-0.3105,331.2083,2013-05-30T00:00:00Z,SVP
118397,2015-03-09T16:00:00Z,-38.14652,-44.41717,0.025,-0.265,255.58333,2013-05-30T00:00:00Z,SVP
118397,2015-03-09T17:00:00Z,-38.15428,-44.41597,0.0222,-0.2661,255.58333,2013-05-30T00:00:00Z,SVP
118397,2015-03-09T18:00:00Z,-38.1633,-44.41514,-0.0161,-0.3096,228.58334,2013-05-30T00:00:00Z,SVP
118397,2015-03-09T19:00:00Z,-38.17338,-44.41638,-0.0092,-0.314,228.58334,2013-05-30T00:00:00Z,SVP
118397,2015-03-09T20:00:00Z,-38.18474,-44.4161,0.0138,-0.3561,145.79167,2013-05-30T00:00:00Z,SVP
118397,2015-03-09T21:00:00Z,-38.19623,-44.41228,0.1066,-0.3646,183.58333,2013-05-30T00:00:00Z,SVP
118397,2015-03-09T22:00:00Z,-38.20832,-44.40972,0.0236,-0.3854,86.41667,2013-05-30T00:00:00Z,SVP
118397,2015-03-09T23:00:00Z,-38.22067,-44.41055,-0.0464,-0.3781,151.20834,2013-05-30T00:00:00Z,SVP
118397,2015-03-10T00:00:00Z,-38.23249,-44.41129,0.0125,-0.353,118.79167,2013-05-30T00:00:00Z,SVP
118397,2015-03-10T01:00:00Z,-38.24335,-44.40704,0.1432,-0.3374,140.41666,2013-05-30T00:00:00Z,SVP
118397,2015-03-10T02:00:00Z,-38.25362,-44.40138,0.1256,-0.3028,111.583336,2013-05-30T00:00:00Z,SVP
118397,2015-03-10T03:00:00Z,-38.26326,-44.3965,0.0925,-0.2542,118.79167,2013-05-30T00:00:00Z,SVP
118397,2015-03-10T04:00:00Z,-38.27095,-44.39224,0.1035,-0.2255,241.20834,2013-05-30T00:00:00Z,SVP
118397,2015-03-10T05:00:00Z,-38.27921,-44.38843,0.1057,-0.2239,241.20834,2013-05-30T00:00:00Z,SVP
118397,2015-03-10T06:00:00Z,-38.28538,-44.3876,-0.0512,-0.2185,111.583336,2013-05-30T00:00:00Z,SVP
118397,2015-03-10T07:00:00Z,-38.29249,-44.38978,-0.0697,-0.228,129.58333,2013-05-30T00:00:00Z,SVP
118397,2015-03-10T08:00:00Z,-38.29911,-44.39276,-0.0732,-0.188,104.41666,2013-05-30T00:00:00Z,SVP
118397,2015-03-10T09:00:00Z,-38.30585,-44.39875,-0.2085,-0.2711,244.79167,2013-05-30T00:00:00Z,SVP
118397,2015-03-10T10:00:00Z,-38.31544,-44.40733,-0.2102,-0.2712,244.79167,2013-05-30T00:00:00Z,SVP
118397,2015-03-10T11:00:00Z,-38.32451,-44.41519,-0.202,-0.289,154.79166,2013-05-30T00:00:00Z,SVP
118397,2015-03-10T12:00:00Z,-38.33447,-44.42285,-0.1664,-0.3478,115.208336,2013-05-30T00:00:00Z,SVP
118397,2015-03-10T13:00:00Z,-38.34853,-44.43074,-0.1548,-0.4899,122.416664,2013-05-30T00:00:00Z,SVP
118397,2015-03-10T14:00:00Z,-38.36577,-44.43593,-0.1649,-0.545,381.5833,2013-05-30T00:00:00Z,SVP
118397,2015-03-10T15:00:00Z,-38.38334,-44.44214,-0.1649,-0.5454,381.5833,2013-05-30T00:00:00Z,SVP
118397,2015-03-10T16:00:00Z,-38.40159,-44.44771,-0.1052,-0.6036,244.79167,2013-05-30T00:00:00Z,SVP
118397,2015-03-10T17:00:00Z,-38.42196,-44.45255,-0.1066,-0.6048,244.79167,2013-05-30T00:00:00Z,SVP
118397,2015-03-10T18:00:00Z,-38.44251,-44.45358,-0.0356,-0.649,176.41667,2013-05-30T00:00:00Z,SVP
118397,2015-03-10T19:00:00Z,-38.46348,-44.45328,0.068,-0.6346,68.416664,2013-05-30T00:00:00Z,SVP
118397,2015-03-10T20:00:00Z,-38.48004,-44.45479,-0.0483,-0.4956,86.41667,2013-05-30T00:00:00Z,SVP
118397,2015-03-10T21:00:00Z,-38.49729,-44.4485,0.1291,-0.5419,165.58333,2013-05-30T00:00:00Z,SVP
118397,2015-03-10T22:00:00Z,-38.51429,-44.44623,-0.0521,-0.4351,147.58333,2013-05-30T00:00:00Z,SVP
118397,2015-03-10T23:00:00Z,-38.52904,-44.44898,-0.0341,-0.3882,140.41666,2013-05-30T00:00:00Z,SVP
118397,2015-03-11T00:00:00Z,-38.54124,-44.44927,0.007,-0.4051,111.583336,2013-05-30T00:00:00Z,SVP
118397,2015-03-11T01:00:00Z,-38.55522,-44.44904,0.0298,-0.4685,136.79167,2013-05-30T00:00:00Z,SVP
118397,2015-03-11T02:00:00Z,-38.57083,-44.44869,-0.0344,-0.512,118.79167,2013-05-30T00:00:00Z,SVP
118397,2015-03-11T03:00:00Z,-38.5873,-44.45093,-0.0506,-0.5245,136.79167,2013-05-30T00:00:00Z,SVP
118397,2015-03-11T04:00:00Z,-38.60491,-44.44645,0.1304,-0.5468,241.20834,2013-05-30T00:00:00Z,SVP
118397,2015-03-11T05:00:00Z,-38.62278,-44.44044,0.1255,-0.567,219.58333,2013-05-30T00:00:00Z,SVP
118397,2015-03-11T06:00:00Z,-38.64091,-44.43623,0.1279,-0.567,219.58333,2013-05-30T00:00:00Z,SVP
118397,2015-03-11T07:00:00Z,-38.6594,-44.43035,0.1965,-0.5443,144.0,2013-05-30T00:00:00Z,SVP
118397,2015-03-11T08:00:00Z,-38.67719,-44.42204,0.179,-0.5515,68.416664,2013-05-30T00:00:00Z,SVP
118397,2015-03-11T09:00:00Z,-38.69569,-44.41483,0.1646,-0.6091,248.41667,2013-05-30T00:00:00Z,SVP
118397,2015-03-11T10:00:00Z,-38.71533,-44.40807,0.1648,-0.6115,248.41667,2013-05-30T00:00:00Z,SVP
118397,2015-03-11T11:00:00Z,-38.7332,-44.40146,0.1438,-0.4983,118.79167,2013-05-30T00:00:00Z,SVP
118397,2015-03-11T12:00:00Z,-38.74801,-44.39416,0.199,-0.5021,176.41667,2013-05-30T00:00:00Z,SVP
118397,2015-03-11T13:00:00Z,-38.76522,-44.38406,0.082,-0.5394,122.416664,2013-05-30T00:00:00Z,SVP
118397,2015-03-11T14:00:00Z,-38.7812,-44.38114,0.0605,-0.5534,514.7916,2013-05-30T00:00:00Z,SVP
118397,2015-03-11T15:00:00Z,-38.79972,-44.37852,0.0607,-0.5523,514.7916,2013-05-30T00:00:00Z,SVP
118397,2015-03-11T16:00:00Z,-38.81784,-44.37576,0.0611,-0.5517,514.7916,2013-05-30T00:00:00Z,SVP
118397,2015-03-11T17:00:00Z,-38.83591,-44.37244,0.0624,-0.5511,514.7916,2013-05-30T00:00:00Z,SVP
118397,2015-03-11T18:00:00Z,-38.85357,-44.37147,0.0492,-0.5639,223.20834,2013-05-30T00:00:00Z,SVP
118397,2015-03-11T19:00:00Z,-38.87191,-44.37163,-0.0354,-0.5652,93.583336,2013-05-30T00:00:00Z,SVP
118397,2015-03-11T20:00:00Z,-38.89317,-44.37398,-0.0441,-0.7219,75.583336,2013-05-30T00:00:00Z,SVP
118397,2015-03-11T21:00:00Z,-38.91608,-44.36877,0.1566,-0.7329,64.791664,2013-05-30T00:00:00Z,SVP
118397,2015-03-11T22:00:00Z,-38.94165,-44.363,0.1241,-0.7363,108.00001,2013-05-30T00:00:00Z,SVP
118397,2015-03-11T23:00:00Z,-38.96504,-44.3567,0.2228,-0.682,129.58333,2013-05-30T00:00:00Z,SVP
118397,2015-03-12T00:00:00Z,-38.98724,-44.34716,0.2514,-0.6942,115.208336,2013-05-30T00:00:00Z,SVP
118397,2015-03-12T01:00:00Z,-39.00958,-44.33464,0.301,-0.6874,140.41666,2013-05-30T00:00:00Z,SVP
118397,2015-03-12T02:00:00Z,-39.03021,-44.32084,0.3012,-0.5296,169.20834,2013-05-30T00:00:00Z,SVP
118397,2015-03-12T03:00:00Z,-39.04608,-44.30827,0.2991,-0.5359,169.20834,2013-05-30T00:00:00Z,SVP
118397,2015-03-12T04:00:00Z,-39.06341,-44.29648,0.2751,-0.5014,244.79167,2013-05-30T00:00:00Z,SVP
118397,2015-03-12T05:00:00Z,-39.08022,-44.28509,0.2587,-0.4924,212.41667,2013-05-30T00:00:00Z,SVP
118397,2015-03-12T06:00:00Z,-39.09487,-44.27443,0.2579,-0.4925,212.41667,2013-05-30T00:00:00Z,SVP
118397,2015-03-12T07:00:00Z,-39.10993,-44.26273,0.2955,-0.422,176.41667,2013-05-30T00:00:00Z,SVP
118397,2015-03-12T08:00:00Z,-39.12365,-44.25024,0.3099,-0.3965,82.791664,2013-05-30T00:00:00Z,SVP
118397,2015-03-12T09:00:00Z,-39.13785,-44.23625,0.3395,-0.4464,169.20834,2013-05-30T00:00:00Z,SVP
118397,2015-03-12T10:00:00Z,-39.15097,-44.22183,0.2598,-0.2728,136.79167,2013-05-30T00:00:00Z,SVP
118397,2015-03-12T11:00:00Z,-39.15978,-44.2087,0.3292,-0.2911,115.208336,2013-05-30T00:00:00Z,SVP
118397,2015-03-12T12:00:00Z,-39.16898,-44.19628,0.3257,-0.2684,122.416664,2013-05-30T00:00:00Z,SVP
118397,2015-03-12T13:00:00Z,-39.17727,-44.18364,0.1829,-0.2443,133.20833,2013-05-30T00:00:00Z,SVP
118397,2015-03-12T14:00:00Z,-39.18676,-44.18031,0.075,-0.3005,298.7917,2013-05-30T00:00:00Z,SVP
118397,2015-03-12T15:00:00Z,-39.19607,-44.17567,0.0828,-0.3007,298.7917,2013-05-30T00:00:00Z,SVP
118397,2015-03-12T16:00:00Z,-39.20672,-44.17296,0.0679,-0.3538,241.20834,2013-05-30T00:00:00Z,SVP
118397,2015-03-12T17:00:00Z,-39.2182,-44.17234,0.0893,-0.425,219.58333,2013-05-30T00:00:00Z,SVP
118397,2015-03-12T18:00:00Z,-39.23204,-44.16701,0.0944,-0.4271,219.58333,2013-05-30T00:00:00Z,SVP
118397,2015-03-12T19:00:00Z,-39.24802,-44.16851,-0.2685,-0.6477,50.416664,2013-05-30T00:00:00Z,SVP
118397,2015-03-12T20:00:00Z,-39.27084,-44.17787,0.5068,-0.7216,99.00001,2013-05-30T00:00:00Z,SVP
118397,2015-03-12T21:00:00Z,-39.29203,-44.15755,0.4348,-0.63,156.58334,2013-05-30T00:00:00Z,SVP
118397,2015-03-12T22:00:00Z,-39.31209,-44.13935,0.4168,-0.5304,82.791664,2013-05-30T00:00:00Z,SVP
118397,2015-03-12T23:00:00Z,-39.32882,-44.11834,0.5526,-0.4931,140.41666,2013-05-30T00:00:00Z,SVP
118397,2015-03-13T00:00:00Z,-39.34452,-44.09538,0.5154,-0.4063,140.41666,2013-05-30T00:00:00Z,SVP
118397,2015-03-13T01:00:00Z,-39.35711,-44.07467,0.5486,-0.375,115.208336,2013-05-30T00:00:00Z,SVP
118397,2015-03-13T02:00:00Z,-39.36885,-44.05229,0.4932,-0.3279,122.416664,2013-05-30T00:00:00Z,SVP
118397,2015-03-13T03:00:00Z,-39.37831,-44.03375,0.5078,-0.2378,252.0,2013-05-30T00:00:00Z,SVP
118397,2015-03-13T04:00:00Z,-39.38543,-44.01208,0.5106,-0.2349,252.0,2013-05-30T00:00:00Z,SVP
118397,2015-03-13T05:00:00Z,-39.39337,-43.99079,0.5403,-0.2767,205.20834,2013-05-30T00:00:00Z,SVP
118397,2015-03-13T06:00:00Z,-39.40281,-43.96812,0.5691,-0.3458,208.79167,2013-05-30T00:00:00Z,SVP
118397,2015-03-13T07:00:00Z,-39.41317,-43.94479,0.5675,-0.3401,208.79167,2013-05-30T00:00:00Z,SVP
118397,2015-03-13T08:00:00Z,-39.42455,-43.9268,0.2893,-0.3304,194.41666,2013-05-30T00:00:00Z,SVP
118397,2015-03-13T09:00:00Z,-39.43477,-43.91543,0.3001,-0.3376,194.41666,2013-05-30T00:00:00Z,SVP
118397,2015-03-13T10:00:00Z,-39.44646,-43.8979,0.4609,-0.3683,169.20834,2013-05-30T00:00:00Z,SVP
118397,2015-03-13T11:00:00Z,-39.45905,-43.87807,0.4802,-0.4012,111.583336,2013-05-30T00:00:00Z,SVP
118397,2015-03-13T12:00:00Z,-39.47347,-43.84945,0.6486,-0.4531,122.416664,2013-05-30T00:00:00Z,SVP
118397,2015-03-13T13:00:00Z,-39.48662,-43.82488,0.7576,-0.3092,568.7917,2013-05-30T00:00:00Z,SVP
118397,2015-03-13T14:00:00Z,-39.49656,-43.79249,0.7575,-0.3086,568.7917,2013-05-30T00:00:00Z,SVP
118397,2015-03-13T15:00:00Z,-39.50665,-43.7606,0.7577,-0.3089,568.7917,2013-05-30T00:00:00Z,SVP
118397,2015-03-13T16:00:00Z,-39.51695,-43.72897,0.7582,-0.3097,568.7917,2013-05-30T00:00:00Z,SVP
118397,2015-03-13T17:00:00Z,-39.52637,-43.69589,0.9201,-0.2148,216.00002,2013-05-30T00:00:00Z,SVP
118397,2015-03-13T18:00:00Z,-39.53168,-43.65675,0.9275,-0.2547,216.00002,2013-05-30T00:00:00Z,SVP
118397,2015-03-13T19:00:00Z,-39.53998,-43.62061,0.7364,-0.2824,183.58333,2013-05-30T00:00:00Z,SVP
118397,2015-03-13T20:00:00Z,-39.54883,-43.59234,1.1836,-0.2006,79.208336,2013-05-30T00:00:00Z,SVP
118397,2015-03-13T21:00:00Z,-39.5544,-43.54257,1.1895,-0.1322,192.58334,2013-05-30T00:00:00Z,SVP
118397,2015-03-13T22:00:00Z,-39.55648,-43.49622,0.9097,0.1238,297.0,2013-05-30T00:00:00Z,SVP
118397,2015-03-13T23:00:00Z,-39.55227,-43.45841,0.9124,0.1244,297.0,2013-05-30T00:00:00Z,SVP
118397,2015-03-14T00:00:00Z,-39.54727,-43.41952,0.9228,0.1818,122.416664,2013-05-30T00:00:00Z,SVP
118397,2015-03-14T01:00:00Z,-39.53993,-43.37406,1.0609,0.2566,111.583336,2013-05-30T00:00:00Z,SVP
118397,2015-03-14T02:00:00Z,-39.53244,-43.33613,0.7988,0.2229,144.0,2013-05-30T00:00:00Z,SVP
118397,2015-03-14T03:00:00Z,-39.52606,-43.30621,0.6591,0.3078,252.0,2013-05-30T00:00:00Z,SVP
118397,2015-03-14T04:00:00Z,-39.5158,-43.27842,0.6589,0.3082,252.0,2013-05-30T00:00:00Z,SVP
118397,2015-03-14T05:00:00Z,-39.50637,-43.25022,0.6691,0.3152,241.20834,2013-05-30T00:00:00Z,SVP
118397,2015-03-14T06:00:00Z,-39.49533,-43.2232,0.7143,0.255,0.0,2013-05-30T00:00:00Z,SVP
118397,2015-03-14T07:00:00Z,-39.48974,-43.18863,0.8283,0.2324,201.58334,2013-05-30T00:00:00Z,SVP
118397,2015-03-14T08:00:00Z,-39.48286,-43.15209,0.8707,0.1922,172.79166,2013-05-30T00:00:00Z,SVP
118397,2015-03-14T09:00:00Z,-39.4771,-43.115,0.9262,0.2055,0.0,2013-05-30T00:00:00Z,SVP
118397,2015-03-14T10:00:00Z,-39.46872,-43.07285,1.0258,0.2276,169.20834,2013-05-30T00:00:00Z,SVP
118397,2015-03-14T11:00:00Z,-39.4612,-43.02663,1.0584,0.238,144.0,2013-05-30T00:00:00Z,SVP
118397,2015-03-14T12:00:00Z,-39.4532,-42.98378,1.0619,0.2436,108.00001,2013-05-30T00:00:00Z,SVP
118397,2015-03-14T13:00:00Z,-39.44216,-42.93988,0.9529,0.5643,140.41666,2013-05-30T00:00:00Z,SVP
118397,2015-03-14T14:00:00Z,-39.42624,-42.89887,0.9237,0.5873,450.0,2013-05-30T00:00:00Z,SVP
118397,2015-03-14T15:00:00Z,-39.40533,-42.86085,0.9244,0.587,450.0,2013-05-30T00:00:00Z,SVP
118397,2015-03-14T16:00:00Z,-39.38561,-42.82205,0.9239,0.5868,450.0,2013-05-30T00:00:00Z,SVP
118397,2015-03-14T17:00:00Z,-39.36608,-42.78795,0.6406,0.6307,216.00002,2013-05-30T00:00:00Z,SVP
118397,2015-03-14T18:00:00Z,-39.35127,-42.76078,0.639,0.6143,216.00002,2013-05-30T00:00:00Z,SVP
118397,2015-03-14T19:00:00Z,-39.32541,-42.73489,0.6316,0.6398,241.20834,2013-05-30T00:00:00Z,SVP
118397,2015-03-14T20:00:00Z,-39.30492,-42.70882,0.6183,0.6056,252.0,2013-05-30T00:00:00Z,SVP
118397,2015-03-14T21:00:00Z,-39.28487,-42.68189,0.6233,0.5973,252.0,2013-05-30T00:00:00Z,SVP
118397,2015-03-14T22:00:00Z,-39.26829,-42.66563,0.282,0.4851,284.41666,2013-05-30T00:00:00Z,SVP
118397,2015-03-14T23:00:00Z,-39.2523,-42.65384,0.2807,0.4759,284.41666,2013-05-30T00:00:00Z,SVP
118397,2015-03-15T00:00:00Z,-39.23956,-42.64219,0.2798,0.4061,144.0,2013-05-30T00:00:00Z,SVP
118397,2015-03-15T01:00:00Z,-39.22701,-42.62641,0.3863,0.3977,144.0,2013-05-30T00:00:00Z,SVP
118397,2015-03-15T02:00:00Z,-39.21399,-42.61121,0.3681,0.333,75.583336,2013-05-30T00:00:00Z,SVP
118397,2015-03-15T03:00:00Z,-39.20411,-42.59459,0.4075,0.276,273.58334,2013-05-30T00:00:00Z,SVP
118397,2015-03-15T04:00:00Z,-39.19492,-42.57848,0.4081,0.2754,273.58334,2013-05-30T00:00:00Z,SVP
118397,2015-03-15T05:00:00Z,-39.18412,-42.56366,0.3632,0.3196,172.79166,2013-05-30T00:00:00Z,SVP
118397,2015-03-15T06:00:00Z,-39.16821,-42.55094,0.293,0.5306,176.41667,2013-05-30T00:00:00Z,SVP
118397,2015-03-15T07:00:00Z,-39.15165,-42.53603,0.2712,0.5355,176.41667,2013-05-30T00:00:00Z,SVP
118397,2015-03-15T08:00:00Z,-39.13588,-42.52793,0.2206,0.4415,97.20833,2013-05-30T00:00:00Z,SVP
118397,2015-03-15T09:00:00Z,-39.12186,-42.51506,0.4029,0.4943,147.58333,2013-05-30T00:00:00Z,SVP
118397,2015-03-15T10:00:00Z,-39.10583,-42.49848,0.3846,0.5216,154.79166,2013-05-30T00:00:00Z,SVP
118397,2015-03-15T11:00:00Z,-39.08912,-42.48597,0.2547,0.5092,93.583336,2013-05-30T00:00:00Z,SVP
118397,2015-03-15T12:00:00Z,-39.07315,-42.47511,0.2636,0.4665,140.41666,2013-05-30T00:00:00Z,SVP
118397,2015-03-15T13:00:00Z,-39.05927,-42.45962,0.3883,0.4918,144.0,2013-05-30T00:00:00Z,SVP
118397,2015-03-15T14:00:00Z,-39.04188,-42.45621,0.0896,0.5139,486.00003,2013-05-30T00:00:00Z,SVP
118397,2015-03-15T15:00:00Z,-39.02454,-42.45709,0.1281,0.5114,486.00003,2013-05-30T00:00:00Z,SVP
118397,2015-03-15T16:00:00Z,-39.0074,-42.4523,0.1304,0.5093,486.00003,2013-05-30T00:00:00Z,SVP
118397,2015-03-15T17:00:00Z,-38.99172,-42.44753,0.0609,0.4696,248.41667,2013-05-30T00:00:00Z,SVP
118397,2015-03-15T18:00:00Z,-38.97633,-42.44135,0.0704,0.4558,248.41667,2013-05-30T00:00:00Z,SVP
118397,2015-03-15T19:00:00Z,-38.96304,-42.44378,-0.0266,0.4262,176.41667,2013-05-30T00:00:00Z,SVP
118397,2015-03-15T20:00:00Z,-38.94851,-42.44131,0.1042,0.4461,158.41667,2013-05-30T00:00:00Z,SVP
118397,2015-03-15T21:00:00Z,-38.93472,-42.4355,-0.0155,0.4541,306.0,2013-05-30T00:00:00Z,SVP
118397,2015-03-15T22:00:00Z,-38.91963,-42.43644,-0.0156,0.4533,306.0,2013-05-30T00:00:00Z,SVP
118397,2015-03-15T23:00:00Z,-38.90459,-42.43683,-0.0346,0.4804,133.20833,2013-05-30T00:00:00Z,SVP
118397,2015-03-16T00:00:00Z,-38.88756,-42.43793,0.0356,0.7469,118.79167,2013-05-30T00:00:00Z,SVP
118397,2015-03-16T01:00:00Z,-38.86206,-42.43265,0.1438,0.8159,126.0,2013-05-30T00:00:00Z,SVP
118397,2015-03-16T02:00:00Z,-38.83868,-42.43283,-0.2717,0.5643,111.583336,2013-05-30T00:00:00Z,SVP
118397,2015-03-16T03:00:00Z,-38.82085,-42.4445,-0.2944,0.5232,273.58334,2013-05-30T00:00:00Z,SVP
118397,2015-03-16T04:00:00Z,-38.80351,-42.45667,-0.2954,0.5194,273.58334,2013-05-30T00:00:00Z,SVP
118397,2015-03-16T05:00:00Z,-38.78707,-42.46851,-0.2849,0.5139,237.58334,2013-05-30T00:00:00Z,SVP
118397,2015-03-16T06:00:00Z,-38.77063,-42.48056,-0.281,0.5107,144.0,2013-05-30T00:00:00Z,SVP
118397,2015-03-16T07:00:00Z,-38.75316,-42.4916,-0.2569,0.5544,68.416664,2013-05-30T00:00:00Z,SVP
118397,2015-03-16T08:00:00Z,-38.73698,-42.50192,-0.2969,0.4493,126.0,2013-05-30T00:00:00Z,SVP
118397,2015-03-16T09:00:00Z,-38.72114,-42.52435,-0.6602,0.55,64.791664,2013-05-30T00:00:00Z,SVP
118397,2015-03-16T10:00:00Z,-38.70277,-42.52654,-0.1459,0.5863,169.20834,2013-05-30T00:00:00Z,SVP
118397,2015-03-16T11:00:00Z,-38.6833,-42.53958,-0.459,0.6224,57.583332,2013-05-30T00:00:00Z,SVP
118397,2015-03-16T12:00:00Z,-38.66356,-42.55425,-0.2784,0.6074,144.0,2013-05-30T00:00:00Z,SVP
118397,2015-03-16T13:00:00Z,-38.64493,-42.56421,-0.2529,0.7177,115.208336,2013-05-30T00:00:00Z,SVP
118397,2015-03-16T14:00:00Z,-38.62055,-42.57577,-0.217,0.7469,381.5833,2013-05-30T00:00:00Z,SVP
118397,2015-03-16T15:00:00Z,-38.59723,-42.58445,-0.2138,0.7436,381.5833,2013-05-30T00:00:00Z,SVP
118397,2015-03-16T16:00:00Z,-38.57439,-42.59425,-0.2095,0.7402,381.5833,2013-05-30T00:00:00Z,SVP
118397,2015-03-16T17:00:00Z,-38.54831,-42.5997,-0.133,0.8,259.20834,2013-05-30T00:00:00Z,SVP
118397,2015-03-16T18:00:00Z,-38.52179,-42.60498,-0.1286,0.8357,122.416664,2013-05-30T00:00:00Z,SVP
118397,2015-03-16T19:00:00Z,-38.49439,-42.62435,-0.4877,0.8678,75.583336,2013-05-30T00:00:00Z,SVP
118397,2015-03-16T20:00:00Z,-38.46672,-42.64304,-0.3872,0.8207,111.583336,2013-05-30T00:00:00Z,SVP
118397,2015-03-16T21:00:00Z,-38.44138,-42.6592,-0.4767,0.6762,165.58333,2013-05-30T00:00:00Z,SVP
118397,2015-03-16T22:00:00Z,-38.42032,-42.67988,-0.479,0.6719,165.58333,2013-05-30T00:00:00Z,SVP
118397,2015-03-16T23:00:00Z,-38.397,-42.69956,-0.513,0.7014,126.0,2013-05-30T00:00:00Z,SVP
118397,2015-03-17T00:00:00Z,-38.37445,-42.72197,-0.5745,0.6825,111.583336,2013-05-30T00:00:00Z,SVP
118397,2015-03-17T01:00:00Z,-38.35244,-42.7331,-0.3954,0.6735,140.41666,2013-05-30T00:00:00Z,SVP
118397,2015-03-17T02:00:00Z,-38.3319,-42.75142,-0.4338,0.6136,288.0,2013-05-30T00:00:00Z,SVP
118397,2015-03-17T03:00:00Z,-38.31219,-42.76815,-0.4309,0.6136,288.0,2013-05-30T00:00:00Z,SVP
118397,2015-03-17T04:00:00Z,-38.29166,-42.78618,-0.451,0.7898,180.0,2013-05-30T00:00:00Z,SVP
118397,2015-03-17T05:00:00Z,-38.26506,-42.80683,-0.4611,0.8014,180.0,2013-05-30T00:00:00Z,SVP
118397,2015-03-17T06:00:00Z,-38.23725,-42.81992,-0.2992,0.8421,108.00001,2013-05-30T00:00:00Z,SVP
118397,2015-03-17T07:00:00Z,-38.20925,-42.83738,-0.5557,0.8978,151.20834,2013-05-30T00:00:00Z,SVP
118397,2015-03-17T08:00:00Z,-38.17982,-42.8618,-0.6463,0.8673,93.583336,2013-05-30T00:00:00Z,SVP
118397,2015-03-17T09:00:00Z,-38.1522,-42.88819,-0.6325,0.8324,151.20834,2013-05-30T00:00:00Z,SVP
118397,2015-03-17T10:00:00Z,-38.12551,-42.91354,-0.5981,0.8278,111.583336,2013-05-30T00:00:00Z,SVP
118397,2015-03-17T11:00:00Z,-38.10068,-42.93986,-0.7204,0.7269,115.208336,2013-05-30T00:00:00Z,SVP
118397,2015-03-17T12:00:00Z,-38.0773,-42.97036,-0.7955,0.7384,118.79167,2013-05-30T00:00:00Z,SVP
118397,2015-03-17T13:00:00Z,-38.055,-43.00204,-0.6868,0.5992,118.79167,2013-05-30T00:00:00Z,SVP
118397,2015-03-17T14:00:00Z,-38.0365,-43.02871,-0.6383,0.5559,417.58334,2013-05-30T00:00:00Z,SVP
118397,2015-03-17T15:00:00Z,-38.01862,-43.0548,-0.6372,0.5556,417.58334,2013-05-30T00:00:00Z,SVP
118397,2015-03-17T16:00:00Z,-38.00068,-43.08139,-0.6386,0.5555,417.58334,2013-05-30T00:00:00Z,SVP
118397,2015-03-17T17:00:00Z,-37.98362,-43.08579,-0.4635,0.5329,259.20834,2013-05-30T00:00:00Z,SVP
118397,2015-03-17T18:00:00Z,-37.96908,-43.10437,-0.3149,0.4535,72.0,2013-05-30T00:00:00Z,SVP
118397,2015-03-17T19:00:00Z,-37.95539,-43.13846,-0.7708,0.3615,122.416664,2013-05-30T00:00:00Z,SVP
118397,2015-03-17T20:00:00Z,-37.93509,-43.14958,-0.236,0.7398,115.208336,2013-05-30T00:00:00Z,SVP
118397,2015-03-17T21:00:00Z,-37.91165,-43.15643,-0.3153,0.652,118.79167,2013-05-30T00:00:00Z,SVP
118397,2015-03-17T22:00:00Z,-37.88925,-43.17139,-0.3946,0.7125,244.79167,2013-05-30T00:00:00Z,SVP
118397,2015-03-17T23:00:00Z,-37.86808,-43.18463,-0.3765,0.6884,244.79167,2013-05-30T00:00:00Z,SVP
118397,2015-03-18T00:00:00Z,-37.83825,-43.20459,-0.4599,0.9364,255.58333,2013-05-30T00:00:00Z,SVP
118397,2015-03-18T01:00:00Z,-37.80782,-43.22077,-0.4598,0.9337,255.58333,2013-05-30T00:00:00Z,SVP
118397,2015-03-18T02:00:00Z,-37.7779,-43.23784,-0.5541,0.8703,306.0,2013-05-30T00:00:00Z,SVP
118397,2015-03-18T03:00:00Z,-37.74995,-43.26047,-0.5636,0.8659,306.0,2013-05-30T00:00:00Z,SVP
118397,2015-03-18T04:00:00Z,-37.72285,-43.2846,-0.6512,0.7719,241.20834,2013-05-30T00:00:00Z,SVP
118397,2015-03-18T05:00:00Z,-37.69839,-43.31238,-0.6406,0.7725,241.20834,2013-05-30T00:00:00Z,SVP
118397,2015-03-18T06:00:00Z,-37.67508,-43.33818,-0.5994,0.6919,133.20833,2013-05-30T00:00:00Z,SVP
118397,2015-03-18T07:00:00Z,-37.65297,-43.36308,-0.5642,0.6381,111.583336,2013-05-30T00:00:00Z,SVP
118397,2015-03-18T08:00:00Z,-37.63331,-43.38658,-0.5569,0.5784,97.20833,2013-05-30T00:00:00Z,SVP
118397,2015-03-18T09:00:00Z,-37.61467,-43.40763,-0.5357,0.5859,151.20834,2013-05-30T00:00:00Z,SVP
118397,2015-03-18T10:00:00Z,-37.59164,-43.4214,-0.3173,0.7126,233.99998,2013-05-30T00:00:00Z,SVP
118397,2015-03-18T11:00:00Z,-37.56863,-43.43436,-0.3179,0.7114,233.99998,2013-05-30T00:00:00Z,SVP
118397,2015-03-18T12:00:00Z,-37.54522,-43.44731,-0.3173,0.7242,144.0,2013-05-30T00:00:00Z,SVP
118397,2015-03-18T13:00:00Z,-37.51972,-43.4598,-0.3034,0.8689,453.5833,2013-05-30T00:00:00Z,SVP
118397,2015-03-18T14:00:00Z,-37.49171,-43.4721,-0.3035,0.8684,453.5833,2013-05-30T00:00:00Z,SVP
118397,2015-03-18T15:00:00Z,-37.46406,-43.48422,-0.3034,0.866,453.5833,2013-05-30T00:00:00Z,SVP
118397,2015-03-18T16:00:00Z,-37.43667,-43.49621,-0.3404,0.9055,237.58334,2013-05-30T00:00:00Z,SVP
118397,2015-03-18T17:00:00Z,-37.40515,-43.51212,-0.3945,0.9006,237.58334,2013-05-30T00:00:00Z,SVP
118397,2015-03-18T18:00:00Z,-37.37617,-43.53035,-0.4553,0.8646,216.00002,2013-05-30T00:00:00Z,SVP
118397,2015-03-18T19:00:00Z,-37.3481,-43.55023,-0.4597,0.8357,122.416664,2013-05-30T00:00:00Z,SVP
118397,2015-03-18T20:00:00Z,-37.32081,-43.56816,-0.4682,0.8832,111.583336,2013-05-30T00:00:00Z,SVP
118397,2015-03-18T21:00:00Z,-37.29247,-43.58866,-0.5109,0.7554,0.0,2013-05-30T00:00:00Z,SVP
118397,2015-03-18T22:00:00Z,-37.26904,-43.61222,-0.6044,0.7144,334.7917,2013-05-30T00:00:00Z,SVP
118397,2015-03-18T23:00:00Z,-37.24598,-43.63666,-0.6047,0.7143,334.7917,2013-05-30T00:00:00Z,SVP
118397,2015-03-19T00:00:00Z,-37.22326,-43.6605,-0.5967,0.7007,126.0,2013-05-30T00:00:00Z,SVP
118397,2015-03-19T01:00:00Z,-37.20197,-43.6784,-0.3666,0.6294,115.208336,2013-05-30T00:00:00Z,SVP
118397,2015-03-19T02:00:00Z,-37.18192,-43.69453,-0.4157,0.618,144.0,2013-05-30T00:00:00Z,SVP
118397,2015-03-19T03:00:00Z,-37.16204,-43.71393,-0.4639,0.5871,165.58333,2013-05-30T00:00:00Z,SVP
118397,2015-03-19T04:00:00Z,-37.14417,-43.73161,-0.4217,0.5405,266.41666,2013-05-30T00:00:00Z,SVP
118397,2015-03-19T05:00:00Z,-37.1271,-43.74939,-0.4161,0.5435,266.41666,2013-05-30T00:00:00Z,SVP
118397,2015-03-19T06:00:00Z,-37.10908,-43.76362,-0.3777,0.538,183.58333,2013-05-30T00:00:00Z,SVP
118397,2015-03-19T07:00:00Z,-37.09271,-43.77903,-0.3705,0.4276,93.583336,2013-05-30T00:00:00Z,SVP
118397,2015-03-19T08:00:00Z,-37.07859,-43.79275,-0.315,0.4584,82.791664,2013-05-30T00:00:00Z,SVP
118397,2015-03-19T09:00:00Z,-37.06106,-43.80407,-0.2739,0.5572,86.41667,2013-05-30T00:00:00Z,SVP
118397,2015-03-19T10:00:00Z,-37.04535,-43.8159,-0.2822,0.4597,136.79167,2013-05-30T00:00:00Z,SVP
118397,2015-03-19T11:00:00Z,-37.03057,-43.82629,-0.2164,0.5874,126.0,2013-05-30T00:00:00Z,SVP
118397,2015-03-19T12:00:00Z,-37.01069,-43.83048,-0.4099,0.6187,136.79167,2013-05-30T00:00:00Z,SVP
118397,2015-03-19T13:00:00Z,-36.99069,-43.84709,-0.3927,0.6355,126.0,2013-05-30T00:00:00Z,SVP
118397,2015-03-19T14:00:00Z,-36.96924,-43.85929,-0.2704,0.6772,342.0,2013-05-30T00:00:00Z,SVP
118397,2015-03-19T15:00:00Z,-36.94773,-43.8705,-0.2706,0.6759,342.0,2013-05-30T00:00:00Z,SVP
118397,2015-03-19T16:00:00Z,-36.92723,-43.88399,-0.2733,0.6563,460.79166,2013-05-30T00:00:00Z,SVP
118397,2015-03-19T17:00:00Z,-36.90553,-43.89437,-0.2721,0.6576,460.79166,2013-05-30T00:00:00Z,SVP
118397,2015-03-19T18:00:00Z,-36.88356,-43.90429,-0.2693,0.6595,460.79166,2013-05-30T00:00:00Z,SVP
118397,2015-03-19T19:00:00Z,-36.86146,-43.91337,-0.5493,0.6528,82.791664,2013-05-30T00:00:00Z,SVP
118397,2015-03-19T20:00:00Z,-36.83994,-43.93017,-0.3265,0.7144,147.58333,2013-05-30T00:00:00Z,SVP
118397,2015-03-19T21:00:00Z,-36.81748,-43.9388,-0.5912,0.5643,0.0,2013-05-30T00:00:00Z,SVP
118397,2015-03-19T22:00:00Z,-36.79975,-43.96325,-0.4914,0.5359,154.79166,2013-05-30T00:00:00Z,SVP
118397,2015-03-19T23:00:00Z,-36.78332,-43.98542,-0.6047,0.4675,86.41667,2013-05-30T00:00:00Z,SVP
118397,2015-03-20T00:00:00Z,-36.76944,-44.01006,-0.623,0.4251,140.41666,2013-05-30T00:00:00Z,SVP
118397,2015-03-20T01:00:00Z,-36.75857,-44.03103,-0.4655,0.2708,140.41666,2013-05-30T00:00:00Z,SVP
118397,2015-03-20T02:00:00Z,-36.75069,-44.04984,-0.4573,0.1578,111.583336,2013-05-30T00:00:00Z,SVP
118397,2015-03-20T03:00:00Z,-36.74698,-44.06874,-0.477,0.0609,104.41666,2013-05-30T00:00:00Z,SVP
118397,2015-03-20T04:00:00Z,-36.74617,-44.08743,-0.4594,-0.0135,241.20834,2013-05-30T00:00:00Z,SVP
118397,2015-03-20T05:00:00Z,-36.74531,-44.10593,-0.4161,0.0014,176.41667,2013-05-30T00:00:00Z,SVP
118397,2015-03-20T06:00:00Z,-36.74716,-44.12263,-0.4098,-0.0083,176.41667,2013-05-30T00:00:00Z,SVP
118397,2015-03-20T07:00:00Z,-36.75043,-44.12775,-0.0932,-0.178,205.20834,2013-05-30T00:00:00Z,SVP
118397,2015-03-20T08:00:00Z,-36.75644,-44.1313,-0.0676,-0.2635,57.583332,2013-05-30T00:00:00Z,SVP
118397,2015-03-20T09:00:00Z,-36.76077,-44.12817,0.2041,0.0216,264.5833,2013-05-30T00:00:00Z,SVP
118397,2015-03-20T10:00:00Z,-36.7601,-44.11956,0.2045,0.0272,264.5833,2013-05-30T00:00:00Z,SVP
118397,2015-03-20T11:00:00Z,-36.75707,-44.11161,0.2108,0.1427,138.58333,2013-05-30T00:00:00Z,SVP
118397,2015-03-20T12:00:00Z,-36.74945,-44.10487,0.1381,0.275,115.208336,2013-05-30T00:00:00Z,SVP
118397,2015-03-20T13:00:00Z,-36.74157,-44.10266,0.0423,0.2425,144.0,2013-05-30T00:00:00Z,SVP
118397,2015-03-20T14:00:00Z,-36.73411,-44.10539,-0.0932,0.4549,244.79167,2013-05-30T00:00:00Z,SVP
118397,2015-03-20T15:00:00Z,-36.71576,-44.10133,0.0212,0.4298,244.79167,2013-05-30T00:00:00Z,SVP
118397,2015-03-20T16:00:00Z,-36.70194,-44.10467,-0.251,0.3516,233.99998,2013-05-30T00:00:00Z,SVP
118397,2015-03-20T17:00:00Z,-36.69075,-44.11793,-0.1262,0.34,233.99998,2013-05-30T00:00:00Z,SVP
118397,2015-03-20T18:00:00Z,-36.68384,-44.12386,-0.2254,0.2472,176.41667,2013-05-30T00:00:00Z,SVP
118397,2015-03-20T19:00:00Z,-36.67519,-44.13521,-0.3467,0.2872,176.41667,2013-05-30T00:00:00Z,SVP
118397,2015-03-20T20:00:00Z,-36.6663,-44.15057,-0.3144,0.0418,266.41666,2013-05-30T00:00:00Z,SVP
118397,2015-03-20T21:00:00Z,-36.66574,-44.1619,-0.312,0.0469,266.41666,2013-05-30T00:00:00Z,SVP
118397,2015-03-20T22:00:00Z,-36.66599,-44.17348,-0.2674,-0.0378,97.20833,2013-05-30T00:00:00Z,SVP
118397,2015-03-20T23:00:00Z,-36.67369,-44.18121,-0.1961,-0.2299,244.79167,2013-05-30T00:00:00Z,SVP
118397,2015-03-21T00:00:00Z,-36.68074,-44.18961,-0.0963,-0.2695,86.41667,2013-05-30T00:00:00Z,SVP
118397,2015-03-21T01:00:00Z,-36.68877,-44.18973,0.0735,-0.2163,140.41666,2013-05-30T00:00:00Z,SVP
118397,2015-03-21T02:00:00Z,-36.69443,-44.18523,0.129,-0.1552,118.79167,2013-05-30T00:00:00Z,SVP
118397,2015-03-21T03:00:00Z,-36.69747,-44.17733,0.1943,-0.0717,129.58333,2013-05-30T00:00:00Z,SVP
118397,2015-03-21T04:00:00Z,-36.69897,-44.1681,0.243,-0.0384,241.20834,2013-05-30T00:00:00Z,SVP
118397,2015-03-21T05:00:00Z,-36.69993,-44.15911,0.3122,-0.0056,212.41667,2013-05-30T00:00:00Z,SVP
118397,2015-03-21T06:00:00Z,-36.7001,-44.14574,0.3024,-0.0032,212.41667,2013-05-30T00:00:00Z,SVP
118397,2015-03-21T07:00:00Z,-36.69898,-44.13368,0.3242,0.0426,241.20834,2013-05-30T00:00:00Z,SVP
118397,2015-03-21T08:00:00Z,-36.69656,-44.12151,0.2867,0.1205,68.416664,2013-05-30T00:00:00Z,SVP
118397,2015-03-21T09:00:00Z,-36.69133,-44.1095,0.2912,0.1761,201.58334,2013-05-30T00:00:00Z,SVP
118397,2015-03-21T10:00:00Z,-36.68495,-44.09456,0.5138,0.2238,54.000004,2013-05-30T00:00:00Z,SVP
118397,2015-03-21T11:00:00Z,-36.6772,-44.07465,0.4497,0.2873,126.0,2013-05-30T00:00:00Z,SVP
118397,2015-03-21T12:00:00Z,-36.65935,-44.05957,0.381,0.5147,252.0,2013-05-30T00:00:00Z,SVP
118397,2015-03-21T13:00:00Z,-36.64289,-44.0446,0.3525,0.5172,133.20833,2013-05-30T00:00:00Z,SVP
118397,2015-03-21T14:00:00Z,-36.627,-44.03085,0.3148,0.4623,262.79166,2013-05-30T00:00:00Z,SVP
118397,2015-03-21T15:00:00Z,-36.61271,-44.01956,0.3082,0.4534,262.79166,2013-05-30T00:00:00Z,SVP
118397,2015-03-21T16:00:00Z,-36.57729,-44.00584,0.3196,1.3294,244.79167,2013-05-30T00:00:00Z,SVP
118397,2015-03-21T17:00:00Z,-36.52564,-43.99232,0.3164,1.189,349.20834,2013-05-30T00:00:00Z,SVP
118397,2015-03-21T18:00:00Z,-36.48768,-43.9802,0.317,1.1927,349.20834,2013-05-30T00:00:00Z,SVP
118397,2015-03-21T19:00:00Z,-36.44918,-43.96748,0.316,1.193,349.20834,2013-05-30T00:00:00Z,SVP
118397,2015-03-21T20:00:00Z,-36.41282,-43.97025,-0.131,1.0621,162.0,2013-05-30T00:00:00Z,SVP
118397,2015-03-21T21:00:00Z,-36.37911,-43.97475,0.0104,1.0641,162.0,2013-05-30T00:00:00Z,SVP
118397,2015-03-21T22:00:00Z,-36.34823,-43.97533,-0.2375,0.7626,262.79166,2013-05-30T00:00:00Z,SVP
118397,2015-03-21T23:00:00Z,-36.32613,-43.98525,-0.2358,0.787,262.79166,2013-05-30T00:00:00Z,SVP
118397,2015-03-22T00:00:00Z,-36.29927,-43.99409,-0.2241,0.745,111.583336,2013-05-30T00:00:00Z,SVP
118397,2015-03-22T01:00:00Z,-36.27665,-43.99906,-0.0996,0.6968,144.0,2013-05-30T00:00:00Z,SVP
118397,2015-03-22T02:00:00Z,-36.2569,-43.99958,-0.0191,0.5929,147.58333,2013-05-30T00:00:00Z,SVP
118397,2015-03-22T03:00:00Z,-36.2384,-44.00002,-0.0239,0.5763,219.58333,2013-05-30T00:00:00Z,SVP
118397,2015-03-22T04:00:00Z,-36.21878,-44.00155,-0.0258,0.5803,219.58333,2013-05-30T00:00:00Z,SVP
118397,2015-03-22T05:00:00Z,-36.20116,-43.9958,0.1725,0.5481,212.41667,2013-05-30T00:00:00Z,SVP
118397,2015-03-22T06:00:00Z,-36.18285,-43.98605,0.2685,0.6024,68.416664,2013-05-30T00:00:00Z,SVP
118397,2015-03-22T07:00:00Z,-36.16178,-43.97531,0.275,0.6981,162.0,2013-05-30T00:00:00Z,SVP
118397,2015-03-22T08:00:00Z,-36.13971,-43.96999,0.1332,0.6644,219.58333,2013-05-30T00:00:00Z,SVP
118397,2015-03-22T09:00:00Z,-36.1178,-43.96501,0.2169,0.6633,219.58333,2013-05-30T00:00:00Z,SVP
118397,2015-03-22T10:00:00Z,-36.09534,-43.94949,0.2912,0.8997,154.79166,2013-05-30T00:00:00Z,SVP
118397,2015-03-22T11:00:00Z,-36.06586,-43.93828,0.0559,1.009,75.583336,2013-05-30T00:00:00Z,SVP
118397,2015-03-22T12:00:00Z,-36.03345,-43.9374,-0.0368,0.9636,140.41666,2013-05-30T00:00:00Z,SVP
118397,2015-03-22T13:00:00Z,-36.00375,-43.94115,-0.1419,0.8566,115.208336,2013-05-30T00:00:00Z,SVP
118397,2015-03-22T14:00:00Z,-35.97872,-43.95348,-0.2881,0.7732,543.5834,2013-05-30T00:00:00Z,SVP
118397,2015-03-22T15:00:00Z,-35.95386,-43.96537,-0.289,0.7721,543.5834,2013-05-30T00:00:00Z,SVP
118397,2015-03-22T16:00:00Z,-35.92865,-43.97717,-0.2895,0.7723,543.5834,2013-05-30T00:00:00Z,SVP
118397,2015-03-22T17:00:00Z,-35.9042,-43.98992,-0.3254,0.694,219.58333,2013-05-30T00:00:00Z,SVP
118397,2015-03-22T18:00:00Z,-35.88311,-44.00286,-0.3269,0.7038,219.58333,2013-05-30T00:00:00Z,SVP
118397,2015-03-22T19:00:00Z,-35.86493,-44.02753,-0.8758,0.0669,129.58333,2013-05-30T00:00:00Z,SVP
118397,2015-03-22T20:00:00Z,-35.86327,-44.05926,-0.4541,0.075,241.20834,2013-05-30T00:00:00Z,SVP
118397,2015-03-22T21:00:00Z,-35.86038,-44.07703,-0.4474,0.0786,241.20834,2013-05-30T00:00:00Z,SVP
118397,2015-03-22T22:00:00Z,-35.85864,-44.09231,-0.403,0.0564,126.0,2013-05-30T00:00:00Z,SVP
118397,2015-03-22T23:00:00Z,-35.86239,-44.10878,-0.392,-0.1063,252.0,2013-05-30T00:00:00Z,SVP
118397,2015-03-23T00:00:00Z,-35.86564,-44.1233,0.1411,-0.1077,233.99998,2013-05-30T00:00:00Z,SVP
118397,2015-03-23T01:00:00Z,-35.86897,-44.11773,0.143,-0.1032,233.99998,2013-05-30T00:00:00Z,SVP
118397,2015-03-23T02:00:00Z,-35.86951,-44.1091,0.2208,-0.0127,187.20833,2013-05-30T00:00:00Z,SVP
118397,2015-03-23T03:00:00Z,-35.8636,-44.1002,0.2759,0.37,248.41667,2013-05-30T00:00:00Z,SVP
118397,2015-03-23T04:00:00Z,-35.85146,-44.0894,0.2783,0.3721,248.41667,2013-05-30T00:00:00Z,SVP
118397,2015-03-23T05:00:00Z,-35.83733,-44.07752,0.316,0.4896,223.20834,2013-05-30T00:00:00Z,SVP
118397,2015-03-23T06:00:00Z,-35.82159,-44.06513,0.3077,0.5736,162.0,2013-05-30T00:00:00Z,SVP
118397,2015-03-23T07:00:00Z,-35.80193,-44.05419,0.1269,0.587,57.583332,2013-05-30T00:00:00Z,SVP
118397,2015-03-23T08:00:00Z,-35.7831,-44.05005,0.1019,0.5778,228.58334,2013-05-30T00:00:00Z,SVP
118397,2015-03-23T09:00:00Z,-35.76565,-44.04637,0.1093,0.5998,239.41666,2013-05-30T00:00:00Z,SVP
118397,2015-03-23T10:00:00Z,-35.74534,-44.04225,0.1105,0.593,239.41666,2013-05-30T00:00:00Z,SVP
118397,2015-03-23T11:00:00Z,-35.72746,-44.0387,0.072,0.526,108.00001,2013-05-30T00:00:00Z,SVP
118397,2015-03-23T12:00:00Z,-35.71132,-44.03897,-0.0215,0.4962,144.0,2013-05-30T00:00:00Z,SVP
118397,2015-03-23T13:00:00Z,-35.69288,-44.04405,-0.1751,0.6359,126.0,2013-05-30T00:00:00Z,SVP
118397,2015-03-23T14:00:00Z,-35.67652,-44.05232,-0.1288,0.1105,432.00003,2013-05-30T00:00:00Z,SVP
118397,2015-03-23T15:00:00Z,-35.67307,-44.05696,-0.1282,0.1097,432.00003,2013-05-30T00:00:00Z,SVP
118397,2015-03-23T16:00:00Z,-35.66894,-44.06254,-0.1258,0.1044,432.00003,2013-05-30T00:00:00Z,SVP
118397,2015-03-23T17:00:00Z,-35.66605,-44.06708,-0.07,0.0132,248.41667,2013-05-30T00:00:00Z,SVP
118397,2015-03-23T18:00:00Z,-35.6656,-44.0693,-0.0727,0.0061,248.41667,2013-05-30T00:00:00Z,SVP
118397,2015-03-23T19:00:00Z,-35.66753,-44.07235,-0.0661,-0.0521,178.20833,2013-05-30T00:00:00Z,SVP
118397,2015-03-23T20:00:00Z,-35.66994,-44.07352,0.2738,-0.0934,198.00002,2013-05-30T00:00:00Z,SVP
118397,2015-03-23T21:00:00Z,-35.67301,-44.06112,0.2496,-0.0943,198.00002,2013-05-30T00:00:00Z,SVP
118397,2015-03-23T22:00:00Z,-35.67495,-44.05474,0.0961,-0.0157,147.58333,2013-05-30T00:00:00Z,SVP
118397,2015-03-23T23:00:00Z,-35.6753,-44.05093,0.1691,0.032,122.416664,2013-05-30T00:00:00Z,SVP
118397,2015-03-24T00:00:00Z,-35.67377,-44.04355,0.244,0.0752,140.41666,2013-05-30T00:00:00Z,SVP
118397,2015-03-24T01:00:00Z,-35.6705,-44.03329,0.2593,0.1048,115.208336,2013-05-30T00:00:00Z,SVP
118397,2015-03-24T02:00:00Z,-35.66603,-44.02264,0.2632,0.1797,140.41666,2013-05-30T00:00:00Z,SVP
118397,2015-03-24T03:00:00Z,-35.65764,-44.01214,0.2681,0.27,280.79166,2013-05-30T00:00:00Z,SVP
118397,2015-03-24T04:00:00Z,-35.64928,-44.00298,0.2286,0.2908,226.79166,2013-05-30T00:00:00Z,SVP
118397,2015-03-24T05:00:00Z,-35.63954,-43.99416,0.2235,0.292,226.79166,2013-05-30T00:00:00Z,SVP
118397,2015-03-24T06:00:00Z,-35.63006,-43.98938,0.1064,0.3305,118.79167,2013-05-30T00:00:00Z,SVP
118397,2015-03-24T07:00:00Z,-35.61806,-43.98595,-0.0691,0.366,190.79166,2013-05-30T00:00:00Z,SVP
118397,2015-03-24T08:00:00Z,-35.60668,-43.98902,-0.0689,0.3671,190.79166,2013-05-30T00:00:00Z,SVP
118397,2015-03-24T09:00:00Z,-35.59659,-43.993,-0.152,0.2365,172.79166,2013-05-30T00:00:00Z,SVP
118397,2015-03-24T10:00:00Z,-35.58867,-43.99914,-0.2088,0.205,144.0,2013-05-30T00:00:00Z,SVP
118397,2015-03-24T11:00:00Z,-35.58331,-44.00748,-0.2298,0.1239,115.208336,2013-05-30T00:00:00Z,SVP
118397,2015-03-24T12:00:00Z,-35.58026,-44.01682,-0.1712,0.0263,118.79167,2013-05-30T00:00:00Z,SVP
118397,2015-03-24T13:00:00Z,-35.58026,-44.02349,-0.1466,-0.0454,144.0,2013-05-30T00:00:00Z,SVP
118397,2015-03-24T14:00:00Z,-35.58256,-44.0279,-0.1223,-0.0838,450.0,2013-05-30T00:00:00Z,SVP
118397,2015-03-24T15:00:00Z,-35.58534,-44.0334,-0.1278,-0.0853,450.0,2013-05-30T00:00:00Z,SVP
118397,2015-03-24T16:00:00Z,-35.58713,-44.04079,-0.1431,-0.0822,450.0,2013-05-30T00:00:00Z,SVP
118397,2015-03-24T17:00:00Z,-35.59144,-44.04356,0.0221,-0.167,252.0,2013-05-30T00:00:00Z,SVP
118397,2015-03-24T18:00:00Z,-35.59733,-44.04263,0.0271,-0.1616,252.0,2013-05-30T00:00:00Z,SVP
118397,2015-03-24T19:00:00Z,-35.60521,-44.04024,0.0524,-0.2251,75.583336,2013-05-30T00:00:00Z,SVP
118397,2015-03-24T20:00:00Z,-35.60952,-44.03614,0.1627,-0.0652,176.41667,2013-05-30T00:00:00Z,SVP
118397,2015-03-24T21:00:00Z,-35.60892,-44.01758,0.3825,0.0196,75.583336,2013-05-30T00:00:00Z,SVP
118397,2015-03-24T22:00:00Z,-35.60707,-44.0049,0.2848,0.1043,176.41667,2013-05-30T00:00:00Z,SVP
118397,2015-03-24T23:00:00Z,-35.60289,-43.99585,0.2054,0.1239,136.79167,2013-05-30T00:00:00Z,SVP
118397,2015-03-25T00:00:00Z,-35.59741,-43.98707,0.2318,0.2071,140.41666,2013-05-30T00:00:00Z,SVP
118397,2015-03-25T01:00:00Z,-35.5876,-43.97714,0.2469,0.2909,244.79167,2013-05-30T00:00:00Z,SVP
118397,2015-03-25T02:00:00Z,-35.57794,-43.96595,0.0799,0.3381,111.583336,2013-05-30T00:00:00Z,SVP
118397,2015-03-25T03:00:00Z,-35.56709,-43.96318,0.0365,0.3271,201.58334,2013-05-30T00:00:00Z,SVP
118397,2015-03-25T04:00:00Z,-35.55665,-43.96243,0.0043,0.2879,223.20834,2013-05-30T00:00:00Z,SVP
118397,2015-03-25T05:00:00Z,-35.5478,-43.96246,0.0013,0.2856,223.20834,2013-05-30T00:00:00Z,SVP
118397,2015-03-25T06:00:00Z,-35.53771,-43.9646,-0.0798,0.3269,82.791664,2013-05-30T00:00:00Z,SVP
118397,2015-03-25T07:00:00Z,-35.52982,-43.96884,-0.1439,0.1694,140.41666,2013-05-30T00:00:00Z,SVP
118397,2015-03-25T08:00:00Z,-35.52413,-43.97457,-0.1361,0.1777,126.0,2013-05-30T00:00:00Z,SVP
118397,2015-03-25T09:00:00Z,-35.51983,-43.98078,-0.1668,0.1109,122.416664,2013-05-30T00:00:00Z,SVP
118397,2015-03-25T10:00:00Z,-35.51719,-43.98853,-0.2486,0.0318,158.41667,2013-05-30T00:00:00Z,SVP
118397,2015-03-25T11:00:00Z,-35.51718,-43.99874,-0.2825,-0.0702,129.58333,2013-05-30T00:00:00Z,SVP
118397,2015-03-25T12:00:00Z,-35.52188,-44.0009,-0.1039,-0.1625,126.0,2013-05-30T00:00:00Z,SVP
118397,2015-03-25T13:00:00Z,-35.52762,-44.006,-0.0809,-0.1891,136.79167,2013-05-30T00:00:00Z,SVP
118397,2015-03-25T14:00:00Z,-35.5326,-44.00896,0.019,-0.1621,378.0,2013-05-30T00:00:00Z,SVP
118397,2015-03-25T15:00:00Z,-35.53806,-44.00678,0.026,-0.1623,378.0,2013-05-30T00:00:00Z,SVP
118397,2015-03-25T16:00:00Z,-35.54337,-44.00572,0.0274,-0.1624,378.0,2013-05-30T00:00:00Z,SVP
118397,2015-03-25T17:00:00Z,-35.54861,-43.99478,0.3965,-0.1683,226.79166,2013-05-30T00:00:00Z,SVP
118397,2015-03-25T18:00:00Z,-35.55391,-43.97709,0.2968,-0.1537,162.0,2013-05-30T00:00:00Z,SVP
118397,2015-03-25T19:00:00Z,-35.55909,-43.96803,0.3323,-0.1528,162.0,2013-05-30T00:00:00Z,SVP
118397,2015-03-25T20:00:00Z,-35.56321,-43.95259,0.3467,-0.1381,169.20834,2013-05-30T00:00:00Z,SVP
118397,2015-03-25T21:00:00Z,-35.56704,-43.92819,0.686,-0.0812,144.0,2013-05-30T00:00:00Z,SVP
118397,2015-03-25T22:00:00Z,-35.56972,-43.90231,0.5621,-0.1011,64.791664,2013-05-30T00:00:00Z,SVP
118397,2015-03-25T23:00:00Z,-35.56957,-43.8916,0.4717,0.4673,147.58333,2013-05-30T00:00:00Z,SVP
118397,2015-03-26T00:00:00Z,-35.5512,-43.87229,0.6597,0.2949,86.41667,2013-05-30T00:00:00Z,SVP
118397,2015-03-26T01:00:00Z,-35.54133,-43.84702,0.5911,0.3384,144.0,2013-05-30T00:00:00Z,SVP
118397,2015-03-26T02:00:00Z,-35.52979,-43.82592,0.3944,0.3845,115.208336,2013-05-30T00:00:00Z,SVP
118397,2015-03-26T03:00:00Z,-35.51799,-43.81289,0.3126,0.3543,223.20834,2013-05-30T00:00:00Z,SVP
118397,2015-03-26T04:00:00Z,-35.50712,-43.80217,0.2501,0.3141,205.20834,2013-05-30T00:00:00Z,SVP
118397,2015-03-26T05:00:00Z,-35.49809,-43.79229,0.2475,0.3107,205.20834,2013-05-30T00:00:00Z,SVP
118397,2015-03-26T06:00:00Z,-35.48932,-43.78574,0.1921,0.1981,122.416664,2013-05-30T00:00:00Z,SVP
118397,2015-03-26T07:00:00Z,-35.48335,-43.77869,0.1624,0.1123,118.79167,2013-05-30T00:00:00Z,SVP
118397,2015-03-26T08:00:00Z,-35.47874,-43.77228,0.1531,0.1383,151.20834,2013-05-30T00:00:00Z,SVP
118397,2015-03-26T09:00:00Z,-35.46921,-43.76297,0.4048,0.4669,190.79166,2013-05-30T00:00:00Z,SVP
118397,2015-03-26T10:00:00Z,-35.45504,-43.7456,0.4115,0.4675,190.79166,2013-05-30T00:00:00Z,SVP
118397,2015-03-26T11:00:00Z,-35.43566,-43.73636,0.1818,0.568,129.58333,2013-05-30T00:00:00Z,SVP
118397,2015-03-26T12:00:00Z,-35.41715,-43.73207,0.2041,0.4734,133.20833,2013-05-30T00:00:00Z,SVP
118397,2015-03-26T13:00:00Z,-35.40345,-43.7224,0.2309,0.4076,108.00001,2013-05-30T00:00:00Z,SVP
118397,2015-03-26T14:00:00Z,-35.38956,-43.71328,0.2354,0.4084,414.0,2013-05-30T00:00:00Z,SVP
118397,2015-03-26T15:00:00Z,-35.37698,-43.70374,0.2364,0.4115,414.0,2013-05-30T00:00:00Z,SVP
118397,2015-03-26T16:00:00Z,-35.36414,-43.69464,0.2375,0.415,414.0,2013-05-30T00:00:00Z,SVP
118397,2015-03-26T17:00:00Z,-35.35086,-43.67437,0.5905,0.3899,223.20834,2013-05-30T00:00:00Z,SVP
118397,2015-03-26T18:00:00Z,-35.34081,-43.6489,0.6514,0.2997,118.79167,2013-05-30T00:00:00Z,SVP
118397,2015-03-26T19:00:00Z,-35.33143,-43.62144,0.7003,0.2674,75.583336,2013-05-30T00:00:00Z,SVP
118397,2015-03-26T20:00:00Z,-35.32082,-43.5957,0.9035,0.3774,133.20833,2013-05-30T00:00:00Z,SVP
118397,2015-03-26T21:00:00Z,-35.30875,-43.55968,0.7043,0.4052,100.79167,2013-05-30T00:00:00Z,SVP
118397,2015-03-26T22:00:00Z,-35.29358,-43.53503,0.6605,0.5561,241.20834,2013-05-30T00:00:00Z,SVP
118397,2015-03-26T23:00:00Z,-35.27408,-43.50735,0.657,0.562,241.20834,2013-05-30T00:00:00Z,SVP
118397,2015-03-27T00:00:00Z,-35.2569,-43.48162,0.715,0.5958,111.583336,2013-05-30T00:00:00Z,SVP
118397,2015-03-27T01:00:00Z,-35.23574,-43.45067,0.3355,0.6197,133.20833,2013-05-30T00:00:00Z,SVP
118397,2015-03-27T02:00:00Z,-35.21624,-43.43743,0.2993,0.6174,266.41666,2013-05-30T00:00:00Z,SVP
118397,2015-03-27T03:00:00Z,-35.19603,-43.42532,0.2995,0.6209,266.41666,2013-05-30T00:00:00Z,SVP
118397,2015-03-27T04:00:00Z,-35.17161,-43.41915,-0.0949,1.0119,241.20834,2013-05-30T00:00:00Z,SVP
118397,2015-03-27T05:00:00Z,-35.13873,-43.42469,-0.0841,1.0129,241.20834,2013-05-30T00:00:00Z,SVP
118397,2015-03-27T06:00:00Z,-35.10717,-43.42822,-0.1097,0.9846,176.41667,2013-05-30T00:00:00Z,SVP
118397,2015-03-27T07:00:00Z,-35.0808,-43.43458,-0.3518,0.504,90.0,2013-05-30T00:00:00Z,SVP
118397,2015-03-27T08:00:00Z,-35.06457,-43.44974,-0.3941,0.509,187.20833,2013-05-30T00:00:00Z,SVP
118397,2015-03-27T09:00:00Z,-35.04969,-43.46605,-0.426,0.3186,176.41667,2013-05-30T00:00:00Z,SVP
118397,2015-03-27T10:00:00Z,-35.04251,-43.48245,-0.3732,0.2808,115.208336,2013-05-30T00:00:00Z,SVP
118397,2015-03-27T11:00:00Z,-35.03186,-43.49647,-0.2385,0.2454,118.79167,2013-05-30T00:00:00Z,SVP
118397,2015-03-27T12:00:00Z,-35.0243,-43.50411,-0.0909,0.2033,140.41666,2013-05-30T00:00:00Z,SVP
118397,2015-03-27T13:00:00Z,-35.01775,-43.50778,-0.1061,0.2033,115.208336,2013-05-30T00:00:00Z,SVP
118397,2015-03-27T14:00:00Z,-35.01146,-43.51356,-0.1543,0.1881,432.00003,2013-05-30T00:00:00Z,SVP
118397,2015-03-27T15:00:00Z,-35.0053,-43.51981,-0.1543,0.188,432.00003,2013-05-30T00:00:00Z,SVP
118397,2015-03-27T16:00:00Z,-34.99899,-43.52585,-0.1547,0.1877,432.00003,2013-05-30T00:00:00Z,SVP
118397,2015-03-27T17:00:00Z,-34.99245,-43.53259,-0.1723,0.2036,226.79166,2013-05-30T00:00:00Z,SVP
118397,2015-03-27T18:00:00Z,-34.98463,-43.53994,-0.1931,0.2695,194.41666,2013-05-30T00:00:00Z,SVP
118397,2015-03-27T19:00:00Z,-34.97476,-43.54663,-0.1416,0.3413,64.791664,2013-05-30T00:00:00Z,SVP
118397,2015-03-27T20:00:00Z,-34.96515,-43.55052,-0.0761,0.2773,187.20833,2013-05-30T00:00:00Z,SVP
118397,2015-03-27T21:00:00Z,-34.95662,-43.55431,-0.1724,0.2609,108.00001,2013-05-30T00:00:00Z,SVP
118397,2015-03-27T22:00:00Z,-34.9463,-43.56835,-0.3339,0.2918,151.20834,2013-05-30T00:00:00Z,SVP
118397,2015-03-27T23:00:00Z,-34.9367,-43.57184,-0.0915,0.3351,241.20834,2013-05-30T00:00:00Z,SVP
118397,2015-03-28T00:00:00Z,-34.92693,-43.57531,-0.1024,0.3653,237.58334,2013-05-30T00:00:00Z,SVP
118397,2015-03-28T01:00:00Z,-34.91346,-43.58002,-0.1071,0.3617,237.58334,2013-05-30T00:00:00Z,SVP
118397,2015-03-28T02:00:00Z,-34.90158,-43.58748,-0.2088,0.391,144.0,2013-05-30T00:00:00Z,SVP
118397,2015-03-28T03:00:00Z,-34.88917,-43.59906,-0.3303,0.3431,129.58333,2013-05-30T00:00:00Z,SVP
118397,2015-03-28T04:00:00Z,-34.87913,-43.61251,-0.3604,0.2796,269.99997,2013-05-30T00:00:00Z,SVP
118397,2015-03-28T05:00:00Z,-34.86975,-43.62578,-0.3594,0.2742,269.99997,2013-05-30T00:00:00Z,SVP
118397,2015-03-28T06:00:00Z,-34.86418,-43.64158,-0.3676,0.1763,205.20834,2013-05-30T00:00:00Z,SVP
118397,2015-03-28T07:00:00Z,-34.8597,-43.65568,-0.3564,0.1131,273.58334,2013-05-30T00:00:00Z,SVP
118397,2015-03-28T08:00:00Z,-34.85606,-43.66928,-0.3554,0.111,273.58334,2013-05-30T00:00:00Z,SVP
118397,2015-03-28T09:00:00Z,-34.85572,-43.6797,-0.2488,0.0119,187.20833,2013-05-30T00:00:00Z,SVP
118397,2015-03-28T10:00:00Z,-34.85518,-43.68861,-0.2029,0.0033,244.79167,2013-05-30T00:00:00Z,SVP
118397,2015-03-28T11:00:00Z,-34.85519,-43.69646,-0.2008,0.0045,244.79167,2013-05-30T00:00:00Z,SVP
118397,2015-03-28T12:00:00Z,-34.85236,-43.69724,0.0474,0.1426,136.79167,2013-05-30T00:00:00Z,SVP
118397,2015-03-28T13:00:00Z,-34.84907,-43.69502,0.0279,0.2434,446.4167,2013-05-30T00:00:00Z,SVP
118397,2015-03-28T14:00:00Z,-34.84099,-43.69389,0.0275,0.2468,446.4167,2013-05-30T00:00:00Z,SVP
118397,2015-03-28T15:00:00Z,-34.83358,-43.69236,0.028,0.2443,446.4167,2013-05-30T00:00:00Z,SVP
118397,2015-03-28T16:00:00Z,-34.82594,-43.69107,-1.0E-4,0.298,435.58334,2013-05-30T00:00:00Z,SVP
118397,2015-03-28T17:00:00Z,-34.81491,-43.69236,-6.0E-4,0.2913,435.58334,2013-05-30T00:00:00Z,SVP
118397,2015-03-28T18:00:00Z,-34.80489,-43.69286,-9.0E-4,0.2893,435.58334,2013-05-30T00:00:00Z,SVP
118397,2015-03-28T19:00:00Z,-34.79589,-43.69301,-0.0076,0.2797,50.416664,2013-05-30T00:00:00Z,SVP
118397,2015-03-28T20:00:00Z,-34.78871,-43.69205,0.0085,0.2048,183.58333,2013-05-30T00:00:00Z,SVP
118397,2015-03-28T21:00:00Z,-34.78166,-43.69318,-0.0306,0.2141,259.20834,2013-05-30T00:00:00Z,SVP
118397,2015-03-28T22:00:00Z,-34.77495,-43.69462,-0.0329,0.2143,259.20834,2013-05-30T00:00:00Z,SVP
118397,2015-03-28T23:00:00Z,-34.76717,-43.70143,-0.1845,0.2415,154.79166,2013-05-30T00:00:00Z,SVP
118397,2015-03-29T00:00:00Z,-34.76016,-43.70716,-0.1176,0.1967,140.41666,2013-05-30T00:00:00Z,SVP
118397,2015-03-29T01:00:00Z,-34.75514,-43.71123,-0.0941,0.1335,115.208336,2013-05-30T00:00:00Z,SVP
118397,2015-03-29T02:00:00Z,-34.75112,-43.71734,-0.2103,0.1465,126.0,2013-05-30T00:00:00Z,SVP
118397,2015-03-29T03:00:00Z,-34.74625,-43.72659,-0.2992,0.1411,61.208332,2013-05-30T00:00:00Z,SVP
118397,2015-03-29T04:00:00Z,-34.7425,-43.73776,-0.2787,0.0884,248.41667,2013-05-30T00:00:00Z,SVP
118397,2015-03-29T05:00:00Z,-34.7394,-43.74898,-0.0115,0.0291,169.20834,2013-05-30T00:00:00Z,SVP
118397,2015-03-29T06:00:00Z,-34.73908,-43.74818,-0.027,0.0153,169.20834,2013-05-30T00:00:00Z,SVP
118397,2015-03-29T07:00:00Z,-34.74025,-43.75107,-0.0456,-0.0225,194.41666,2013-05-30T00:00:00Z,SVP
118397,2015-03-29T08:00:00Z,-34.73871,-43.7548,-0.1091,0.0734,172.79166,2013-05-30T00:00:00Z,SVP
118397,2015-03-29T09:00:00Z,-34.73701,-43.75898,-0.0905,0.0481,0.0,2013-05-30T00:00:00Z,SVP
118397,2015-03-29T10:00:00Z,-34.73778,-43.76166,-0.0627,-0.0633,169.20834,2013-05-30T00:00:00Z,SVP
118397,2015-03-29T11:00:00Z,-34.73925,-43.76311,-0.0167,-0.0496,144.0,2013-05-30T00:00:00Z,SVP
118397,2015-03-29T12:00:00Z,-34.74033,-43.76319,0.0472,0.0051,126.0,2013-05-30T00:00:00Z,SVP
118397,2015-03-29T13:00:00Z,-34.73989,-43.76073,0.0823,0.0273,140.41666,2013-05-30T00:00:00Z,SVP
118397,2015-03-29T14:00:00Z,-34.73858,-43.7582,0.0597,0.0461,338.4167,2013-05-30T00:00:00Z,SVP
118397,2015-03-29T15:00:00Z,-34.73701,-43.75503,0.066,0.0468,338.4167,2013-05-30T00:00:00Z,SVP
118397,2015-03-29T16:00:00Z,-34.73586,-43.75514,-0.1025,0.0494,226.79166,2013-05-30T00:00:00Z,SVP
118397,2015-03-29T17:00:00Z,-34.73368,-43.76437,-0.0384,0.0493,226.79166,2013-05-30T00:00:00Z,SVP
118397,2015-03-29T18:00:00Z,-34.73273,-43.76422,-0.0862,0.0424,228.58334,2013-05-30T00:00:00Z,SVP
118397,2015-03-29T19:00:00Z,-34.73189,-43.76681,-0.0387,0.0341,210.58334,2013-05-30T00:00:00Z,SVP
118397,2015-03-29T20:00:00Z,-34.72943,-43.77088,-0.0436,0.033,210.58334,2013-05-30T00:00:00Z,SVP
118397,2015-03-29T21:00:00Z,-34.72936,-43.771,-0.0377,0.0268,266.41666,2013-05-30T00:00:00Z,SVP
118397,2015-03-29T22:00:00Z,-34.72957,-43.77011,-0.1133,-7.0E-4,190.79166,2013-05-30T00:00:00Z,SVP
118397,2015-03-29T23:00:00Z,-34.72758,-43.77574,-0.074,0.0135,190.79166,2013-05-30T00:00:00Z,SVP
118397,2015-03-30T00:00:00Z,-34.73095,-43.78218,-0.1548,-0.031,151.20834,2013-05-30T00:00:00Z,SVP
118397,2015-03-30T01:00:00Z,-34.73082,-43.78475,-0.0937,-0.0474,230.41667,2013-05-30T00:00:00Z,SVP
118397,2015-03-30T02:00:00Z,-34.73241,-43.78876,-0.0527,-0.0299,115.208336,2013-05-30T00:00:00Z,SVP
118397,2015-03-30T03:00:00Z,-34.73393,-43.79178,-0.0807,-0.0664,93.583336,2013-05-30T00:00:00Z,SVP
118397,2015-03-30T04:00:00Z,-34.73653,-43.79439,-0.0789,-0.07,219.58333,2013-05-30T00:00:00Z,SVP
118397,2015-03-30T05:00:00Z,-34.73808,-43.7981,-0.0906,-0.0542,190.79166,2013-05-30T00:00:00Z,SVP
118397,2015-03-30T06:00:00Z,-34.74028,-43.80161,-0.0857,-0.0785,79.208336,2013-05-30T00:00:00Z,SVP
118397,2015-03-30T07:00:00Z,-34.74359,-43.80437,-0.0486,-0.1386,174.58333,2013-05-30T00:00:00Z,SVP
118397,2015-03-30T08:00:00Z,-34.74862,-43.80586,-0.0217,-0.1844,156.58334,2013-05-30T00:00:00Z,SVP
118397,2015-03-30T09:00:00Z,-34.75503,-43.80651,-0.0168,-0.199,86.41667,2013-05-30T00:00:00Z,SVP
118397,2015-03-30T10:00:00Z,-34.76124,-43.80791,-0.0326,-0.2051,147.58333,2013-05-30T00:00:00Z,SVP
118397,2015-03-30T11:00:00Z,-34.768,-43.80723,0.0407,-0.1898,122.416664,2013-05-30T00:00:00Z,SVP
118397,2015-03-30T12:00:00Z,-34.77274,-43.80521,0.0599,-0.1408,129.58333,2013-05-30T00:00:00Z,SVP
118397,2015-03-30T13:00:00Z,-34.77901,-43.80273,0.0621,-0.3421,136.79167,2013-05-30T00:00:00Z,SVP
118397,2015-03-30T14:00:00Z,-34.79148,-43.80105,-0.0118,-0.3553,223.20834,2013-05-30T00:00:00Z,SVP
118397,2015-03-30T15:00:00Z,-34.80153,-43.80172,-0.015,-0.3346,223.20834,2013-05-30T00:00:00Z,SVP
118397,2015-03-30T16:00:00Z,-34.79921,-43.80169,-0.0365,-0.0568,244.79167,2013-05-30T00:00:00Z,SVP
118397,2015-03-30T17:00:00Z,-34.7972,-43.80462,-0.0646,-0.09,216.00002,2013-05-30T00:00:00Z,SVP
118397,2015-03-30T18:00:00Z,-34.80393,-43.80464,-0.0443,-0.0394,216.00002,2013-05-30T00:00:00Z,SVP
118397,2015-03-30T19:00:00Z,-34.80448,-43.8092,-0.1955,-0.0502,176.41667,2013-05-30T00:00:00Z,SVP
118397,2015-03-30T20:00:00Z,-34.8067,-43.81848,-0.2426,-0.1802,208.79167,2013-05-30T00:00:00Z,SVP
118397,2015-03-30T21:00:00Z,-34.81293,-43.82182,-0.139,-0.1778,208.79167,2013-05-30T00:00:00Z,SVP
118397,2015-03-30T22:00:00Z,-34.81871,-43.83242,-0.3286,-0.159,367.20834,2013-05-30T00:00:00Z,SVP
118397,2015-03-30T23:00:00Z,-34.82359,-43.84646,-0.335,-0.1581,367.20834,2013-05-30T00:00:00Z,SVP
118397,2015-03-31T00:00:00Z,-34.82994,-43.85842,-0.3066,-0.2116,97.20833,2013-05-30T00:00:00Z,SVP
118397,2015-03-31T01:00:00Z,-34.84023,-43.86951,-0.2847,-0.3514,136.79167,2013-05-30T00:00:00Z,SVP
118397,2015-03-31T02:00:00Z,-34.85113,-43.88052,-0.2727,-0.3215,115.208336,2013-05-30T00:00:00Z,SVP
118397,2015-03-31T03:00:00Z,-34.86311,-43.88464,-0.0169,-0.4815,216.00002,2013-05-30T00:00:00Z,SVP
118397,2015-03-31T04:00:00Z,-34.8806,-43.88744,-0.0456,-0.4747,216.00002,2013-05-30T00:00:00Z,SVP
118397,2015-03-31T05:00:00Z,-34.89481,-43.88357,0.1369,-0.4518,226.79166,2013-05-30T00:00:00Z,SVP
118397,2015-03-31T06:00:00Z,-34.90849,-43.87746,0.1938,-0.3338,57.583332,2013-05-30T00:00:00Z,SVP
118397,2015-03-31T07:00:00Z,-34.91758,-43.86772,0.3129,-0.2881,72.0,2013-05-30T00:00:00Z,SVP
118397,2015-03-31T08:00:00Z,-34.92855,-43.85958,0.071,-0.3694,86.41667,2013-05-30T00:00:00Z,SVP
118397,2015-03-31T09:00:00Z,-34.93472,-43.85984,0.0186,-0.1251,61.208332,2013-05-30T00:00:00Z,SVP
118397,2015-03-31T10:00:00Z,-34.9386,-43.85309,0.1779,-0.1006,82.791664,2013-05-30T00:00:00Z,SVP
118397,2015-03-31T11:00:00Z,-34.93952,-43.85313,0.0359,-0.0119,142.20833,2013-05-30T00:00:00Z,SVP
118397,2015-03-31T12:00:00Z,-34.93946,-43.85256,-0.2882,0.0097,140.41666,2013-05-30T00:00:00Z,SVP
118397,2015-03-31T13:00:00Z,-34.93951,-43.86391,-0.2917,-0.0322,118.79167,2013-05-30T00:00:00Z,SVP
118397,2015-03-31T14:00:00Z,-34.94066,-43.87548,-0.2638,-0.063,504.0,2013-05-30T00:00:00Z,SVP
118397,2015-03-31T15:00:00Z,-34.94286,-43.8856,-0.2627,-0.0641,504.0,2013-05-30T00:00:00Z,SVP
118397,2015-03-31T16:00:00Z,-34.94478,-43.89603,-0.2624,-0.0639,504.0,2013-05-30T00:00:00Z,SVP
118397,2015-03-31T17:00:00Z,-34.94747,-43.90598,-0.2347,-0.1107,198.00002,2013-05-30T00:00:00Z,SVP
118397,2015-03-31T18:00:00Z,-34.95375,-43.91282,-0.2205,-0.1227,198.00002,2013-05-30T00:00:00Z,SVP
118397,2015-03-31T19:00:00Z,-34.96271,-43.91757,-0.1258,-0.3103,140.41666,2013-05-30T00:00:00Z,SVP
118397,2015-03-31T20:00:00Z,-34.97225,-43.92034,0.0288,-0.2641,187.20833,2013-05-30T00:00:00Z,SVP
118397,2015-03-31T21:00:00Z,-34.9807,-43.91869,0.0664,-0.256,0.0,2013-05-30T00:00:00Z,SVP
118397,2015-03-31T22:00:00Z,-34.98618,-43.91838,0.007,-0.1323,298.7917,2013-05-30T00:00:00Z,SVP
118397,2015-03-31T23:00:00Z,-34.9907,-43.91828,0.008,-0.1308,298.7917,2013-05-30T00:00:00Z,SVP
118397,2015-04-01T00:00:00Z,-34.99217,-43.91629,0.0576,0.0184,104.41666,2013-05-30T00:00:00Z,SVP
118397,2015-04-01T01:00:00Z,-34.98738,-43.89561,-0.0963,0.064,115.208336,2013-05-30T00:00:00Z,SVP
118397,2015-04-01T02:00:00Z,-34.98609,-43.90102,0.0734,0.1797,147.58333,2013-05-30T00:00:00Z,SVP
118397,2015-04-01T03:00:00Z,-34.98083,-43.89816,0.0946,0.2059,219.58333,2013-05-30T00:00:00Z,SVP
118397,2015-04-01T04:00:00Z,-34.97338,-43.89452,0.0952,0.2022,219.58333,2013-05-30T00:00:00Z,SVP
118397,2015-04-01T05:00:00Z,-34.96857,-43.89136,0.0786,0.1494,223.20834,2013-05-30T00:00:00Z,SVP
118397,2015-04-01T06:00:00Z,-34.96304,-43.88698,0.3972,0.4583,0.0,2013-05-30T00:00:00Z,SVP
118397,2015-04-01T07:00:00Z,-34.94753,-43.87559,0.2117,0.4356,86.41667,2013-05-30T00:00:00Z,SVP
118397,2015-04-01T08:00:00Z,-34.93468,-43.86646,0.2024,0.3902,183.58333,2013-05-30T00:00:00Z,SVP
118397,2015-04-01T09:00:00Z,-34.91944,-43.85785,0.1061,0.5449,374.41666,2013-05-30T00:00:00Z,SVP
118397,2015-04-01T10:00:00Z,-34.90143,-43.85495,0.1159,0.5469,374.41666,2013-05-30T00:00:00Z,SVP
118397,2015-04-01T11:00:00Z,-34.88294,-43.85062,0.1181,0.5489,374.41666,2013-05-30T00:00:00Z,SVP
118397,2015-04-01T12:00:00Z,-34.86927,-43.84664,0.0654,0.3391,144.0,2013-05-30T00:00:00Z,SVP
118397,2015-04-01T13:00:00Z,-34.85883,-43.84513,0.0251,0.2849,115.208336,2013-05-30T00:00:00Z,SVP
118397,2015-04-01T14:00:00Z,-34.85142,-43.85093,-0.1414,0.222,518.4167,2013-05-30T00:00:00Z,SVP
118397,2015-04-01T15:00:00Z,-34.84421,-43.85694,-0.1423,0.2213,518.4167,2013-05-30T00:00:00Z,SVP
118397,2015-04-01T16:00:00Z,-34.83632,-43.86317,-0.1432,0.2245,518.4167,2013-05-30T00:00:00Z,SVP
118397,2015-04-01T17:00:00Z,-34.83038,-43.86749,-0.1136,0.0905,252.0,2013-05-30T00:00:00Z,SVP
118397,2015-04-01T18:00:00Z,-34.82801,-43.87056,-0.1144,0.1,252.0,2013-05-30T00:00:00Z,SVP
118397,2015-04-01T19:00:00Z,-34.82766,-43.87287,-0.0882,-0.0189,129.58333,2013-05-30T00:00:00Z,SVP
118397,2015-04-01T20:00:00Z,-34.82791,-43.87548,-0.0448,0.0033,97.20833,2013-05-30T00:00:00Z,SVP
118397,2015-04-01T21:00:00Z,-34.82871,-43.87499,0.0484,-0.0346,154.79166,2013-05-30T00:00:00Z,SVP
118397,2015-04-01T22:00:00Z,-34.82963,-43.87266,0.0619,-0.022,151.20834,2013-05-30T00:00:00Z,SVP
118397,2015-04-01T23:00:00Z,-34.82663,-43.86969,0.0712,0.0895,252.0,2013-05-30T00:00:00Z,SVP
118397,2015-04-02T00:00:00Z,-34.82368,-43.88421,0.6188,0.1535,111.583336,2013-05-30T00:00:00Z,SVP
118397,2015-04-02T01:00:00Z,-34.81841,-43.85939,0.3419,0.1585,111.583336,2013-05-30T00:00:00Z,SVP
118397,2015-04-02T02:00:00Z,-34.81336,-43.84951,0.1515,0.1516,140.41666,2013-05-30T00:00:00Z,SVP
118397,2015-04-02T03:00:00Z,-34.80793,-43.84328,0.1399,0.182,244.79167,2013-05-30T00:00:00Z,SVP
118397,2015-04-02T04:00:00Z,-34.80331,-43.83915,0.1605,0.1635,212.41667,2013-05-30T00:00:00Z,SVP
118397,2015-04-02T05:00:00Z,-34.79695,-43.83089,0.1668,0.173,212.41667,2013-05-30T00:00:00Z,SVP
118397,2015-04-02T06:00:00Z,-34.79368,-43.8248,0.0909,0.1601,61.208332,2013-05-30T00:00:00Z,SVP
118397,2015-04-02T07:00:00Z,-34.78525,-43.82171,0.0772,0.2906,126.0,2013-05-30T00:00:00Z,SVP
118397,2015-04-02T08:00:00Z,-34.77566,-43.81935,0.0516,0.3076,226.79166,2013-05-30T00:00:00Z,SVP
118397,2015-04-02T09:00:00Z,-34.76757,-43.81695,0.0645,0.2422,147.58333,2013-05-30T00:00:00Z,SVP
118397,2015-04-02T10:00:00Z,-34.76104,-43.81476,0.04,0.1712,97.20833,2013-05-30T00:00:00Z,SVP
118397,2015-04-02T11:00:00Z,-34.75619,-43.81458,-0.0099,0.0896,136.79167,2013-05-30T00:00:00Z,SVP
118397,2015-04-02T12:00:00Z,-34.75416,-43.81504,-0.0147,0.0849,241.20834,2013-05-30T00:00:00Z,SVP
118397,2015-04-02T13:00:00Z,-34.75125,-43.81473,0.0388,0.0962,140.41666,2013-05-30T00:00:00Z,SVP
118397,2015-04-02T14:00:00Z,-34.74822,-43.81366,0.0913,0.108,442.79166,2013-05-30T00:00:00Z,SVP
118397,2015-04-02T15:00:00Z,-34.74465,-43.80953,0.0923,0.108,442.79166,2013-05-30T00:00:00Z,SVP
118397,2015-04-02T16:00:00Z,-34.74104,-43.80616,0.0936,0.1079,442.79166,2013-05-30T00:00:00Z,SVP
118397,2015-04-02T17:00:00Z,-34.73763,-43.80229,0.1208,0.1019,223.20834,2013-05-30T00:00:00Z,SVP
118397,2015-04-02T18:00:00Z,-34.73462,-43.79537,0.1251,0.1019,223.20834,2013-05-30T00:00:00Z,SVP
118397,2015-04-02T19:00:00Z,-34.73171,-43.79366,0.0845,0.0855,205.20834,2013-05-30T00:00:00Z,SVP
118397,2015-04-02T20:00:00Z,-34.7287,-43.79013,0.0841,0.1071,108.00001,2013-05-30T00:00:00Z,SVP
118397,2015-04-02T21:00:00Z,-34.72427,-43.78367,0.1631,0.1186,129.58333,2013-05-30T00:00:00Z,SVP
118397,2015-04-02T22:00:00Z,-34.72305,-43.77913,0.0456,0.1509,233.99998,2013-05-30T00:00:00Z,SVP
118397,2015-04-02T23:00:00Z,-34.71789,-43.77729,0.0446,0.151,233.99998,2013-05-30T00:00:00Z,SVP
118397,2015-04-03T00:00:00Z,-34.71315,-43.77519,0.0505,0.1558,144.0,2013-05-30T00:00:00Z,SVP
118397,2015-04-03T01:00:00Z,-34.70795,-43.76533,0.2068,0.1591,111.583336,2013-05-30T00:00:00Z,SVP
118397,2015-04-03T02:00:00Z,-34.70206,-43.75806,0.1311,0.2222,115.208336,2013-05-30T00:00:00Z,SVP
118397,2015-04-03T03:00:00Z,-34.69515,-43.75363,0.111,0.1881,162.0,2013-05-30T00:00:00Z,SVP
118397,2015-04-03T04:00:00Z,-34.68842,-43.7484,0.0462,0.1445,273.58334,2013-05-30T00:00:00Z,SVP
118397,2015-04-03T05:00:00Z,-34.68419,-43.74676,0.0406,0.1455,273.58334,2013-05-30T00:00:00Z,SVP
118397,2015-04-03T06:00:00Z,-34.68005,-43.74664,-0.0542,0.1177,169.20834,2013-05-30T00:00:00Z,SVP
118397,2015-04-03T07:00:00Z,-34.67704,-43.74956,-0.0964,0.0192,90.0,2013-05-30T00:00:00Z,SVP
118397,2015-04-03T08:00:00Z,-34.67989,-43.75169,-0.0325,-0.1173,97.20833,2013-05-30T00:00:00Z,SVP
118397,2015-04-03T09:00:00Z,-34.6826,-43.75181,0.009,-0.0742,86.41667,2013-05-30T00:00:00Z,SVP
118397,2015-04-03T10:00:00Z,-34.68632,-43.75185,-0.0183,-0.148,154.79166,2013-05-30T00:00:00Z,SVP
118397,2015-04-03T11:00:00Z,-34.69144,-43.75158,0.0164,-0.1683,93.583336,2013-05-30T00:00:00Z,SVP
118397,2015-04-03T12:00:00Z,-34.69747,-43.74465,0.1641,-0.1947,162.0,2013-05-30T00:00:00Z,SVP
118435,2015-01-01T00:00:00Z,-37.72844,-43.1733,-0.4493,-0.1258,126.58333,2013-06-12T00:00:00Z,SVP
118435,2015-01-01T01:00:00Z,-37.7351,-43.18395,-0.2342,-0.2551,112.5,2013-06-12T00:00:00Z,SVP
118435,2015-01-01T02:00:00Z,-37.74348,-43.19477,-0.2454,-0.2552,144.16667,2013-06-12T00:00:00Z,SVP
118435,2015-01-01T03:00:00Z,-37.75375,-43.21364,-0.5337,-0.6547,221.54167,2013-06-12T00:00:00Z,SVP
118435,2015-01-01T04:00:00Z,-37.77498,-43.23798,-0.5646,-0.6715,221.54167,2013-06-12T00:00:00Z,SVP
118435,2015-01-01T05:00:00Z,-37.79793,-43.22563,-0.1866,-0.7079,196.95833,2013-06-12T00:00:00Z,SVP
118435,2015-01-01T06:00:00Z,-37.8191,-43.21818,0.0813,-0.6107,165.16666,2013-06-12T00:00:00Z,SVP
118435,2015-01-01T07:00:00Z,-37.8406,-43.21448,0.0554,-0.5621,165.16666,2013-06-12T00:00:00Z,SVP
118435,2015-01-01T08:00:00Z,-37.85732,-43.21152,0.1195,-0.508,158.25,2013-06-12T00:00:00Z,SVP
118435,2015-01-01T09:00:00Z,-37.87373,-43.20668,0.1297,-0.4365,109.041664,2013-06-12T00:00:00Z,SVP
118435,2015-01-01T10:00:00Z,-37.8869,-43.20224,0.0536,-0.3783,196.95833,2013-06-12T00:00:00Z,SVP
118435,2015-01-01T11:00:00Z,-37.8992,-43.20011,-0.0267,-0.3135,115.958336,2013-06-12T00:00:00Z,SVP
118435,2015-01-01T12:00:00Z,-37.9089,-43.20218,-0.0596,-0.2889,130.04166,2013-06-12T00:00:00Z,SVP
118435,2015-01-01T13:00:00Z,-37.91757,-43.20761,-0.1904,-0.2572,126.58333,2013-06-12T00:00:00Z,SVP
118435,2015-01-01T14:00:00Z,-37.92842,-43.21605,-0.2461,-0.2526,499.20834,2013-06-12T00:00:00Z,SVP
118435,2015-01-01T15:00:00Z,-37.93363,-43.22615,-0.2463,-0.253,499.20834,2013-06-12T00:00:00Z,SVP
118435,2015-01-01T16:00:00Z,-37.94008,-43.23603,-0.2469,-0.2484,499.20834,2013-06-12T00:00:00Z,SVP
118435,2015-01-01T17:00:00Z,-37.94828,-43.2464,-0.2842,-0.3681,242.54167,2013-06-12T00:00:00Z,SVP
118435,2015-01-01T18:00:00Z,-37.96118,-43.25821,-0.2846,-0.3504,242.54167,2013-06-12T00:00:00Z,SVP
118435,2015-01-01T19:00:00Z,-37.97222,-43.27015,-0.2878,-0.3666,133.66667,2013-06-12T00:00:00Z,SVP
118435,2015-01-01T20:00:00Z,-37.98668,-43.27666,-0.2057,-0.4488,130.04166,2013-06-12T00:00:00Z,SVP
118435,2015-01-01T21:00:00Z,-38.00392,-43.28976,-0.4274,-0.6171,52.791668,2013-06-12T00:00:00Z,SVP
118435,2015-01-01T22:00:00Z,-38.02325,-43.29996,-0.1016,-0.5684,115.958336,2013-06-12T00:00:00Z,SVP
118435,2015-01-01T23:00:00Z,-38.0416,-43.30385,-0.074,-0.5464,105.458336,2013-06-12T00:00:00Z,SVP
118435,2015-01-02T00:00:00Z,-38.05821,-43.30541,0.0553,-0.4354,116.083336,2013-06-12T00:00:00Z,SVP
118435,2015-01-02T01:00:00Z,-38.07265,-43.30075,0.1177,-0.4301,154.66667,2013-06-12T00:00:00Z,SVP
118435,2015-01-02T02:00:00Z,-38.08594,-43.29568,0.165,-0.5694,102.0,2013-06-12T00:00:00Z,SVP
118435,2015-01-02T03:00:00Z,-38.10437,-43.28889,0.2249,-0.5271,232.04169,2013-06-12T00:00:00Z,SVP
118435,2015-01-02T04:00:00Z,-38.12224,-43.27981,0.2338,-0.3664,260.0833,2013-06-12T00:00:00Z,SVP
118435,2015-01-02T05:00:00Z,-38.13344,-43.27015,0.2337,-0.3615,260.0833,2013-06-12T00:00:00Z,SVP
118435,2015-01-02T06:00:00Z,-38.14416,-43.26045,0.234,-0.2865,133.66667,2013-06-12T00:00:00Z,SVP
118435,2015-01-02T07:00:00Z,-38.14996,-43.25229,0.1731,-0.102,115.958336,2013-06-12T00:00:00Z,SVP
118435,2015-01-02T08:00:00Z,-38.15176,-43.24475,0.1783,-0.0344,151.20834,2013-06-12T00:00:00Z,SVP
118435,2015-01-02T09:00:00Z,-38.15098,-43.23597,0.2146,0.1641,98.416664,2013-06-12T00:00:00Z,SVP
118435,2015-01-02T10:00:00Z,-38.14314,-43.22915,0.1747,0.2362,235.50002,2013-06-12T00:00:00Z,SVP
118435,2015-01-02T11:00:00Z,-38.1354,-43.22592,0.0656,0.2509,115.958336,2013-06-12T00:00:00Z,SVP
118435,2015-01-02T12:00:00Z,-38.12896,-43.2233,0.0691,0.174,112.5,2013-06-12T00:00:00Z,SVP
118435,2015-01-02T13:00:00Z,-38.12582,-43.21579,0.1906,-0.1099,133.66667,2013-06-12T00:00:00Z,SVP
118435,2015-01-02T14:00:00Z,-38.12785,-43.21957,0.3119,-0.1768,379.66666,2013-06-12T00:00:00Z,SVP
118435,2015-01-02T15:00:00Z,-38.1343,-43.20549,0.3017,-0.1745,379.66666,2013-06-12T00:00:00Z,SVP
118435,2015-01-02T16:00:00Z,-38.13982,-43.19347,0.3089,-0.1763,379.66666,2013-06-12T00:00:00Z,SVP
118435,2015-01-02T17:00:00Z,-38.14538,-43.17986,0.3578,-0.1952,256.66666,2013-06-12T00:00:00Z,SVP
118435,2015-01-02T18:00:00Z,-38.15207,-43.16557,0.3604,-0.1937,256.66666,2013-06-12T00:00:00Z,SVP
118435,2015-01-02T19:00:00Z,-38.15717,-43.14834,0.4221,-0.1623,133.66667,2013-06-12T00:00:00Z,SVP
118435,2015-01-02T20:00:00Z,-38.16319,-43.13266,0.375,-0.1913,59.708332,2013-06-12T00:00:00Z,SVP
118435,2015-01-02T21:00:00Z,-38.16537,-43.11298,0.5621,0.0371,130.04166,2013-06-12T00:00:00Z,SVP
118435,2015-01-02T22:00:00Z,-38.16572,-43.08795,0.71,-0.0952,56.25,2013-06-12T00:00:00Z,SVP
118435,2015-01-02T23:00:00Z,-38.16816,-43.06179,0.5526,0.0716,140.70834,2013-06-12T00:00:00Z,SVP
118435,2015-01-03T00:00:00Z,-38.16638,-43.03887,0.5611,-0.0052,123.0,2013-06-12T00:00:00Z,SVP
118435,2015-01-03T01:00:00Z,-38.16602,-43.01528,0.5829,0.0142,144.16667,2013-06-12T00:00:00Z,SVP
118435,2015-01-03T02:00:00Z,-38.16417,-42.99227,0.5317,0.0815,105.458336,2013-06-12T00:00:00Z,SVP
118435,2015-01-03T03:00:00Z,-38.16098,-42.9714,0.4856,0.1293,263.7083,2013-06-12T00:00:00Z,SVP
118435,2015-01-03T04:00:00Z,-38.15738,-42.95098,0.445,0.1834,242.54167,2013-06-12T00:00:00Z,SVP
118435,2015-01-03T05:00:00Z,-38.15042,-42.93356,0.4397,0.1901,242.54167,2013-06-12T00:00:00Z,SVP
118435,2015-01-03T06:00:00Z,-38.14355,-42.91864,0.3556,0.2196,115.958336,2013-06-12T00:00:00Z,SVP
118435,2015-01-03T07:00:00Z,-38.13797,-42.9054,0.3136,0.1576,158.25,2013-06-12T00:00:00Z,SVP
118435,2015-01-03T08:00:00Z,-38.13409,-42.89028,0.0312,0.1335,84.458336,2013-06-12T00:00:00Z,SVP
118435,2015-01-03T09:00:00Z,-38.12639,-42.89626,0.2936,0.3017,161.70833,2013-06-12T00:00:00Z,SVP
118435,2015-01-03T10:00:00Z,-38.11853,-42.88614,0.2332,0.0092,84.458336,2013-06-12T00:00:00Z,SVP
118435,2015-01-03T11:00:00Z,-38.11958,-42.87974,0.1281,-0.0091,130.04166,2013-06-12T00:00:00Z,SVP
118435,2015-01-03T12:00:00Z,-38.1171,-42.87221,0.1746,0.0507,246.16667,2013-06-12T00:00:00Z,SVP
118435,2015-01-03T13:00:00Z,-38.11545,-42.86544,0.1643,0.0636,119.54167,2013-06-12T00:00:00Z,SVP
118435,2015-01-03T14:00:00Z,-38.11348,-42.85814,0.136,0.072,411.2917,2013-06-12T00:00:00Z,SVP
118435,2015-01-03T15:00:00Z,-38.11103,-42.85317,0.1377,0.072,411.2917,2013-06-12T00:00:00Z,SVP
118435,2015-01-03T16:00:00Z,-38.10879,-42.84826,0.1415,0.0726,411.2917,2013-06-12T00:00:00Z,SVP
118435,2015-01-03T17:00:00Z,-38.10698,-42.84233,0.1287,0.0674,260.0833,2013-06-12T00:00:00Z,SVP
118435,2015-01-03T18:00:00Z,-38.10488,-42.8365,0.0655,0.0186,94.958336,2013-06-12T00:00:00Z,SVP
118435,2015-01-03T19:00:00Z,-38.10556,-42.83493,0.0455,-0.0142,165.29167,2013-06-12T00:00:00Z,SVP
118435,2015-01-03T20:00:00Z,-38.10633,-42.83241,0.1491,-0.0746,84.458336,2013-06-12T00:00:00Z,SVP
118435,2015-01-03T21:00:00Z,-38.11115,-42.82619,0.1489,-0.1666,168.75,2013-06-12T00:00:00Z,SVP
118435,2015-01-03T22:00:00Z,-38.11698,-42.82179,0.1669,-0.2633,200.41666,2013-06-12T00:00:00Z,SVP
118435,2015-01-03T23:00:00Z,-38.12523,-42.81373,0.155,-0.2671,200.41666,2013-06-12T00:00:00Z,SVP
118435,2015-01-04T00:00:00Z,-38.13477,-42.80714,0.1945,-0.2862,119.54167,2013-06-12T00:00:00Z,SVP
118435,2015-01-04T01:00:00Z,-38.14295,-42.79515,0.2694,-0.2509,126.58333,2013-06-12T00:00:00Z,SVP
118435,2015-01-04T02:00:00Z,-38.15184,-42.78328,0.2386,-0.2719,302.4167,2013-06-12T00:00:00Z,SVP
118435,2015-01-04T03:00:00Z,-38.15981,-42.77395,0.2368,-0.266,302.4167,2013-06-12T00:00:00Z,SVP
118435,2015-01-04T04:00:00Z,-38.16761,-42.76312,0.437,-0.2547,239.08334,2013-06-12T00:00:00Z,SVP
118435,2015-01-04T05:00:00Z,-38.17746,-42.74411,0.4526,-0.2685,239.08334,2013-06-12T00:00:00Z,SVP
118435,2015-01-04T06:00:00Z,-38.18403,-42.7232,0.4961,-0.051,158.08334,2013-06-12T00:00:00Z,SVP
118435,2015-01-04T07:00:00Z,-38.18566,-42.70395,0.4614,-0.0567,70.333336,2013-06-12T00:00:00Z,SVP
118435,2015-01-04T08:00:00Z,-38.18455,-42.68369,0.6218,0.3105,112.5,2013-06-12T00:00:00Z,SVP
118435,2015-01-04T09:00:00Z,-38.17347,-42.65592,0.6966,0.3186,70.333336,2013-06-12T00:00:00Z,SVP
118435,2015-01-04T10:00:00Z,-38.1606,-42.63112,0.4636,0.5359,246.16667,2013-06-12T00:00:00Z,SVP
118435,2015-01-04T11:00:00Z,-38.14519,-42.61188,0.4604,0.5167,246.16667,2013-06-12T00:00:00Z,SVP
118435,2015-01-04T12:00:00Z,-38.12373,-42.59456,0.4129,0.6962,161.70833,2013-06-12T00:00:00Z,SVP
118435,2015-01-04T13:00:00Z,-38.10005,-42.5839,0.1378,0.746,119.54167,2013-06-12T00:00:00Z,SVP
118435,2015-01-04T14:00:00Z,-38.07638,-42.58066,0.0776,0.725,457.04166,2013-06-12T00:00:00Z,SVP
118435,2015-01-04T15:00:00Z,-38.05275,-42.57769,0.0784,0.7245,457.04166,2013-06-12T00:00:00Z,SVP
118435,2015-01-04T16:00:00Z,-38.02886,-42.57453,0.0788,0.7227,457.04166,2013-06-12T00:00:00Z,SVP
118435,2015-01-04T17:00:00Z,-38.00653,-42.57144,0.0549,0.6756,232.04169,2013-06-12T00:00:00Z,SVP
118435,2015-01-04T18:00:00Z,-37.98682,-42.57327,-0.3581,0.4256,228.45833,2013-06-12T00:00:00Z,SVP
118435,2015-01-04T19:00:00Z,-37.97345,-42.58849,-0.3562,0.4189,228.45833,2013-06-12T00:00:00Z,SVP
118435,2015-01-04T20:00:00Z,-37.96184,-42.59974,-0.1576,0.369,165.29167,2013-06-12T00:00:00Z,SVP
118435,2015-01-04T21:00:00Z,-37.94983,-42.60609,-0.1912,0.3552,101.833336,2013-06-12T00:00:00Z,SVP
118435,2015-01-04T22:00:00Z,-37.94241,-42.61409,-0.2156,0.1361,327.0,2013-06-12T00:00:00Z,SVP
118435,2015-01-04T23:00:00Z,-37.93845,-42.62334,-0.2174,0.1355,327.0,2013-06-12T00:00:00Z,SVP
118435,2015-01-05T00:00:00Z,-37.93512,-42.63142,-0.1327,0.0655,133.66667,2013-06-12T00:00:00Z,SVP
118435,2015-01-05T01:00:00Z,-37.93439,-42.63459,0.0515,-0.0302,119.54167,2013-06-12T00:00:00Z,SVP
118435,2015-01-05T02:00:00Z,-37.93509,-42.63186,0.113,-0.0062,312.91666,2013-06-12T00:00:00Z,SVP
118435,2015-01-05T03:00:00Z,-37.93551,-42.6275,0.1129,-0.0049,312.91666,2013-06-12T00:00:00Z,SVP
118435,2015-01-05T04:00:00Z,-37.93514,-42.61899,0.3019,0.0347,253.20834,2013-06-12T00:00:00Z,SVP
118435,2015-01-05T05:00:00Z,-37.93362,-42.60462,0.2432,0.0388,253.20834,2013-06-12T00:00:00Z,SVP
118435,2015-01-05T06:00:00Z,-37.92421,-42.59258,0.3224,0.3388,235.50002,2013-06-12T00:00:00Z,SVP
118435,2015-01-05T07:00:00Z,-37.91364,-42.57997,0.3144,0.3407,102.0,2013-06-12T00:00:00Z,SVP
118435,2015-01-05T08:00:00Z,-37.9026,-42.56783,0.2376,0.2866,179.25,2013-06-12T00:00:00Z,SVP
118435,2015-01-05T09:00:00Z,-37.89232,-42.56074,0.0774,0.5521,70.333336,2013-06-12T00:00:00Z,SVP
118435,2015-01-05T10:00:00Z,-37.87437,-42.55722,0.069,0.5648,298.7917,2013-06-12T00:00:00Z,SVP
118435,2015-01-05T11:00:00Z,-37.85563,-42.55473,0.0703,0.5647,298.7917,2013-06-12T00:00:00Z,SVP
118435,2015-01-05T12:00:00Z,-37.83887,-42.55401,-0.0431,0.5408,0.0,2013-06-12T00:00:00Z,SVP
118435,2015-01-05T13:00:00Z,-37.82253,-42.56074,-0.3062,0.3195,492.16663,2013-06-12T00:00:00Z,SVP
118435,2015-01-05T14:00:00Z,-37.81256,-42.57286,-0.3053,0.3165,492.16663,2013-06-12T00:00:00Z,SVP
118435,2015-01-05T15:00:00Z,-37.80215,-42.58507,-0.3051,0.3163,492.16663,2013-06-12T00:00:00Z,SVP
118435,2015-01-05T16:00:00Z,-37.79113,-42.59711,-0.3052,0.3182,492.16663,2013-06-12T00:00:00Z,SVP
118435,2015-01-05T17:00:00Z,-37.78855,-42.61022,-0.3012,0.0784,232.04169,2013-06-12T00:00:00Z,SVP
118435,2015-01-05T18:00:00Z,-37.78829,-42.62119,-0.271,-0.0012,179.25,2013-06-12T00:00:00Z,SVP
118435,2015-01-05T19:00:00Z,-37.78909,-42.63261,-0.319,-0.0823,80.83333,2013-06-12T00:00:00Z,SVP
118435,2015-01-05T20:00:00Z,-37.79333,-42.64785,-0.401,-0.1595,165.16666,2013-06-12T00:00:00Z,SVP
118435,2015-01-05T21:00:00Z,-37.80699,-42.64781,0.1614,-0.283,172.20833,2013-06-12T00:00:00Z,SVP
118435,2015-01-05T22:00:00Z,-37.81566,-42.64092,0.1509,-0.2824,172.20833,2013-06-12T00:00:00Z,SVP
118435,2015-01-05T23:00:00Z,-37.82392,-42.6363,0.1147,-0.2336,210.91667,2013-06-12T00:00:00Z,SVP
118435,2015-01-06T00:00:00Z,-37.8314,-42.62996,0.2014,-0.2334,123.0,2013-06-12T00:00:00Z,SVP
118435,2015-01-06T01:00:00Z,-37.83866,-42.61832,0.1622,-0.1355,260.0833,2013-06-12T00:00:00Z,SVP
118435,2015-01-06T02:00:00Z,-37.84236,-42.61395,0.1694,-0.1302,260.0833,2013-06-12T00:00:00Z,SVP
118435,2015-01-06T03:00:00Z,-37.84631,-42.6065,0.1959,-0.0913,105.458336,2013-06-12T00:00:00Z,SVP
118435,2015-01-06T04:00:00Z,-37.84803,-42.59786,0.2432,-0.0236,235.50002,2013-06-12T00:00:00Z,SVP
118435,2015-01-06T05:00:00Z,-37.85173,-42.58788,0.2237,0.0687,260.0833,2013-06-12T00:00:00Z,SVP
118435,2015-01-06T06:00:00Z,-37.84868,-42.57846,0.2237,0.0657,260.0833,2013-06-12T00:00:00Z,SVP
118435,2015-01-06T07:00:00Z,-37.84579,-42.57089,0.0684,0.1317,239.08334,2013-06-12T00:00:00Z,SVP
118435,2015-01-06T08:00:00Z,-37.84055,-42.56852,0.0682,0.1324,239.08334,2013-06-12T00:00:00Z,SVP
118435,2015-01-06T09:00:00Z,-37.83721,-42.5669,0.037,0.1187,305.83334,2013-06-12T00:00:00Z,SVP
118435,2015-01-06T10:00:00Z,-37.8336,-42.5651,0.0371,0.1183,305.83334,2013-06-12T00:00:00Z,SVP
118435,2015-01-06T11:00:00Z,-37.83187,-42.56925,-0.1616,-0.0086,130.04166,2013-06-12T00:00:00Z,SVP
118435,2015-01-06T12:00:00Z,-37.83282,-42.57601,-0.1641,-0.1322,123.0,2013-06-12T00:00:00Z,SVP
118435,2015-01-06T13:00:00Z,-37.83842,-42.58331,-0.1952,-0.2037,499.20834,2013-06-12T00:00:00Z,SVP
118435,2015-01-06T14:00:00Z,-37.84522,-42.59138,-0.1959,-0.2059,499.20834,2013-06-12T00:00:00Z,SVP
118435,2015-01-06T15:00:00Z,-37.85166,-42.59915,-0.1948,-0.2048,499.20834,2013-06-12T00:00:00Z,SVP
118435,2015-01-06T16:00:00Z,-37.86026,-42.60664,-0.1964,-0.4972,239.08334,2013-06-12T00:00:00Z,SVP
118435,2015-01-06T17:00:00Z,-37.87647,-42.61844,-0.2201,-0.498,239.08334,2013-06-12T00:00:00Z,SVP
118435,2015-01-06T18:00:00Z,-37.89214,-42.60427,0.0414,-0.4903,249.58333,2013-06-12T00:00:00Z,SVP
118435,2015-01-06T19:00:00Z,-37.90889,-42.60414,0.2824,-0.4104,133.66667,2013-06-12T00:00:00Z,SVP
118435,2015-01-06T20:00:00Z,-37.92165,-42.59448,0.2431,-0.4061,115.958336,2013-06-12T00:00:00Z,SVP
118435,2015-01-06T21:00:00Z,-37.93511,-42.58379,0.176,-0.4456,130.04166,2013-06-12T00:00:00Z,SVP
118435,2015-01-06T22:00:00Z,-37.94794,-42.57527,0.2297,-0.3665,116.083336,2013-06-12T00:00:00Z,SVP
118435,2015-01-06T23:00:00Z,-37.95567,-42.55546,0.4267,-0.1864,119.54167,2013-06-12T00:00:00Z,SVP
118435,2015-01-07T00:00:00Z,-37.95861,-42.53878,0.3882,-0.0382,133.66667,2013-06-12T00:00:00Z,SVP
118435,2015-01-07T01:00:00Z,-37.95795,-42.52169,0.4427,0.0331,137.08333,2013-06-12T00:00:00Z,SVP
118435,2015-01-07T02:00:00Z,-37.95749,-42.50394,0.4123,0.0781,102.0,2013-06-12T00:00:00Z,SVP
118435,2015-01-07T03:00:00Z,-37.95475,-42.48939,0.2219,0.1544,112.5,2013-06-12T00:00:00Z,SVP
118435,2015-01-07T04:00:00Z,-37.94777,-42.48306,0.144,0.199,253.20834,2013-06-12T00:00:00Z,SVP
118435,2015-01-07T05:00:00Z,-37.94151,-42.47677,0.0885,0.1965,221.41666,2013-06-12T00:00:00Z,SVP
118435,2015-01-07T06:00:00Z,-37.93539,-42.47371,0.0841,0.1907,221.41666,2013-06-12T00:00:00Z,SVP
118435,2015-01-07T07:00:00Z,-37.93253,-42.47333,-0.0283,0.0389,246.16667,2013-06-12T00:00:00Z,SVP
118435,2015-01-07T08:00:00Z,-37.93068,-42.47342,-0.0992,-0.0319,263.7083,2013-06-12T00:00:00Z,SVP
118435,2015-01-07T09:00:00Z,-37.93281,-42.47897,-0.0967,-0.0354,263.7083,2013-06-12T00:00:00Z,SVP
118435,2015-01-07T10:00:00Z,-37.93578,-42.48359,-0.146,-0.175,105.458336,2013-06-12T00:00:00Z,SVP
118435,2015-01-07T11:00:00Z,-37.94288,-42.48894,-0.1212,-0.2392,137.08333,2013-06-12T00:00:00Z,SVP
118435,2015-01-07T12:00:00Z,-37.95205,-42.4937,-0.0913,-0.3958,0.0,2013-06-12T00:00:00Z,SVP
118435,2015-01-07T13:00:00Z,-37.96466,-42.49449,0.3387,-0.3153,404.25,2013-06-12T00:00:00Z,SVP
118435,2015-01-07T14:00:00Z,-37.97394,-42.47949,0.3532,-0.3006,404.25,2013-06-12T00:00:00Z,SVP
118435,2015-01-07T15:00:00Z,-37.98395,-42.46511,0.3536,-0.3022,404.25,2013-06-12T00:00:00Z,SVP
118435,2015-01-07T16:00:00Z,-37.99135,-42.44822,0.4746,-0.2335,225.0,2013-06-12T00:00:00Z,SVP
118435,2015-01-07T17:00:00Z,-37.99472,-42.42838,0.4748,0.0946,225.0,2013-06-12T00:00:00Z,SVP
118435,2015-01-07T18:00:00Z,-37.98954,-42.40929,0.4875,0.1316,253.20834,2013-06-12T00:00:00Z,SVP
118435,2015-01-07T19:00:00Z,-37.9843,-42.38921,0.447,0.2603,80.83333,2013-06-12T00:00:00Z,SVP
118435,2015-01-07T20:00:00Z,-37.96922,-42.37365,0.38,0.5165,168.75,2013-06-12T00:00:00Z,SVP
118435,2015-01-07T21:00:00Z,-37.95096,-42.36198,0.1377,0.6372,154.66667,2013-06-12T00:00:00Z,SVP
118435,2015-01-07T22:00:00Z,-37.9295,-42.34682,0.255,0.6443,154.66667,2013-06-12T00:00:00Z,SVP
118435,2015-01-07T23:00:00Z,-37.90244,-42.35493,-0.2106,0.8824,130.04166,2013-06-12T00:00:00Z,SVP
118435,2015-01-08T00:00:00Z,-37.8742,-42.36183,-0.0584,0.8066,119.54167,2013-06-12T00:00:00Z,SVP
118435,2015-01-08T01:00:00Z,-37.84972,-42.36375,-0.0435,0.719,130.04166,2013-06-12T00:00:00Z,SVP
118435,2015-01-08T02:00:00Z,-37.82803,-42.37574,-0.4544,0.6278,119.54167,2013-06-12T00:00:00Z,SVP
118435,2015-01-08T03:00:00Z,-37.81023,-42.39554,-0.5165,0.3153,249.58333,2013-06-12T00:00:00Z,SVP
118435,2015-01-08T04:00:00Z,-37.80073,-42.41556,-0.5044,0.3023,249.58333,2013-06-12T00:00:00Z,SVP
118435,2015-01-08T05:00:00Z,-37.79148,-42.43269,-0.4603,0.2335,235.50002,2013-06-12T00:00:00Z,SVP
118435,2015-01-08T06:00:00Z,-37.78448,-42.46138,-0.5456,0.2286,235.50002,2013-06-12T00:00:00Z,SVP
118435,2015-01-08T07:00:00Z,-37.78604,-42.47261,-0.1989,-0.0281,203.83333,2013-06-12T00:00:00Z,SVP
118435,2015-01-08T08:00:00Z,-37.78603,-42.48067,-0.193,-0.0144,70.333336,2013-06-12T00:00:00Z,SVP
118435,2015-01-08T09:00:00Z,-37.7856,-42.48734,-0.1533,0.0539,179.25,2013-06-12T00:00:00Z,SVP
118435,2015-01-08T10:00:00Z,-37.78424,-42.49175,-0.1153,0.0189,130.04166,2013-06-12T00:00:00Z,SVP
118435,2015-01-08T11:00:00Z,-37.78397,-42.49612,-0.0897,0.0205,112.5,2013-06-12T00:00:00Z,SVP
118435,2015-01-08T12:00:00Z,-37.78321,-42.49138,0.1291,0.016,147.58333,2013-06-12T00:00:00Z,SVP
118435,2015-01-08T13:00:00Z,-37.7825,-42.48576,0.1376,0.0325,112.5,2013-06-12T00:00:00Z,SVP
118435,2015-01-08T14:00:00Z,-37.77713,-42.47997,0.1467,0.1942,291.75003,2013-06-12T00:00:00Z,SVP
118435,2015-01-08T15:00:00Z,-37.77032,-42.47325,0.1479,0.194,291.75003,2013-06-12T00:00:00Z,SVP
118435,2015-01-08T16:00:00Z,-37.76325,-42.4655,0.2066,0.2527,239.08334,2013-06-12T00:00:00Z,SVP
118435,2015-01-08T17:00:00Z,-37.75587,-42.46032,0.2842,0.4433,253.20834,2013-06-12T00:00:00Z,SVP
118435,2015-01-08T18:00:00Z,-37.73955,-42.44603,0.271,0.4182,253.20834,2013-06-12T00:00:00Z,SVP
118435,2015-01-08T19:00:00Z,-37.7256,-42.43537,0.1901,0.4401,179.25,2013-06-12T00:00:00Z,SVP
118435,2015-01-08T20:00:00Z,-37.71175,-42.42883,0.1227,0.4505,70.333336,2013-06-12T00:00:00Z,SVP
118435,2015-01-08T21:00:00Z,-37.69627,-42.42835,-0.0245,0.4969,182.83333,2013-06-12T00:00:00Z,SVP
118435,2015-01-08T22:00:00Z,-37.68166,-42.42993,-0.0622,0.4127,77.41667,2013-06-12T00:00:00Z,SVP
118435,2015-01-08T23:00:00Z,-37.67213,-42.44622,-0.292,0.2987,305.83334,2013-06-12T00:00:00Z,SVP
118435,2015-01-09T00:00:00Z,-37.66203,-42.46053,-0.2962,0.2944,305.83334,2013-06-12T00:00:00Z,SVP
118435,2015-01-09T01:00:00Z,-37.65562,-42.4683,-0.3792,0.1356,123.0,2013-06-12T00:00:00Z,SVP
118435,2015-01-09T02:00:00Z,-37.65159,-42.48424,-0.3757,0.1005,172.20833,2013-06-12T00:00:00Z,SVP
118435,2015-01-09T03:00:00Z,-37.64901,-42.49777,-0.2334,-0.0585,249.58333,2013-06-12T00:00:00Z,SVP
118435,2015-01-09T04:00:00Z,-37.65394,-42.50385,-0.2092,-0.062,249.58333,2013-06-12T00:00:00Z,SVP
118435,2015-01-09T05:00:00Z,-37.65978,-42.51571,-0.2349,-0.1797,144.16667,2013-06-12T00:00:00Z,SVP
118435,2015-01-09T06:00:00Z,-37.6669,-42.52653,-0.0886,-0.2404,77.41667,2013-06-12T00:00:00Z,SVP
118435,2015-01-09T07:00:00Z,-37.67459,-42.52666,0.0419,-0.2815,168.75,2013-06-12T00:00:00Z,SVP
118435,2015-01-09T08:00:00Z,-37.683,-42.5228,0.0781,-0.246,126.58333,2013-06-12T00:00:00Z,SVP
118435,2015-01-09T09:00:00Z,-37.68957,-42.5195,0.078,-0.2061,154.66667,2013-06-12T00:00:00Z,SVP
118435,2015-01-09T10:00:00Z,-37.6966,-42.51551,0.1429,-0.0791,108.91667,2013-06-12T00:00:00Z,SVP
118435,2015-01-09T11:00:00Z,-37.69779,-42.50922,0.1705,0.0211,140.70834,2013-06-12T00:00:00Z,SVP
118435,2015-01-09T12:00:00Z,-37.69674,-42.50276,0.151,0.0339,137.08333,2013-06-12T00:00:00Z,SVP
118435,2015-01-09T13:00:00Z,-37.69514,-42.49798,0.0397,0.1598,565.9583,2013-06-12T00:00:00Z,SVP
118435,2015-01-09T14:00:00Z,-37.68915,-42.49702,0.0393,0.1586,565.9583,2013-06-12T00:00:00Z,SVP
118435,2015-01-09T15:00:00Z,-37.68394,-42.49569,0.0393,0.1587,565.9583,2013-06-12T00:00:00Z,SVP
118435,2015-01-09T16:00:00Z,-37.67894,-42.49439,0.0393,0.1593,565.9583,2013-06-12T00:00:00Z,SVP
118435,2015-01-09T17:00:00Z,-37.67351,-42.4939,0.0101,0.2025,277.79166,2013-06-12T00:00:00Z,SVP
118435,2015-01-09T18:00:00Z,-37.66657,-42.49238,0.0179,0.204,277.79166,2013-06-12T00:00:00Z,SVP
118435,2015-01-09T19:00:00Z,-37.65906,-42.49304,-0.2052,0.2457,137.08333,2013-06-12T00:00:00Z,SVP
118435,2015-01-09T20:00:00Z,-37.65121,-42.50334,-0.3475,0.1448,165.16666,2013-06-12T00:00:00Z,SVP
118435,2015-01-09T21:00:00Z,-37.64636,-42.51719,-0.3535,0.1395,165.16666,2013-06-12T00:00:00Z,SVP
118435,2015-01-09T22:00:00Z,-37.64428,-42.53258,-0.3163,0.0443,168.75,2013-06-12T00:00:00Z,SVP
118435,2015-01-09T23:00:00Z,-37.6435,-42.54555,-0.2919,-0.0017,147.58333,2013-06-12T00:00:00Z,SVP
118435,2015-01-10T00:00:00Z,-37.64385,-42.55666,-0.2629,-0.0701,133.66667,2013-06-12T00:00:00Z,SVP
118435,2015-01-10T01:00:00Z,-37.64571,-42.56733,-0.2408,-7.0E-4,115.958336,2013-06-12T00:00:00Z,SVP
118435,2015-01-10T02:00:00Z,-37.64477,-42.57784,-0.2699,0.0607,196.95833,2013-06-12T00:00:00Z,SVP
118435,2015-01-10T03:00:00Z,-37.64295,-42.58835,-0.2707,0.0687,221.54167,2013-06-12T00:00:00Z,SVP
118435,2015-01-10T04:00:00Z,-37.6399,-42.60292,-0.3077,0.0696,221.54167,2013-06-12T00:00:00Z,SVP
118435,2015-01-10T05:00:00Z,-37.6379,-42.59801,-0.0984,0.0777,263.7083,2013-06-12T00:00:00Z,SVP
118435,2015-01-10T06:00:00Z,-37.63578,-42.60249,0.0328,0.1158,123.0,2013-06-12T00:00:00Z,SVP
118435,2015-01-10T07:00:00Z,-37.63163,-42.60192,0.0433,0.1366,137.08333,2013-06-12T00:00:00Z,SVP
118435,2015-01-10T08:00:00Z,-37.62653,-42.59982,0.0498,0.1892,112.5,2013-06-12T00:00:00Z,SVP
118435,2015-01-10T09:00:00Z,-37.61738,-42.59794,0.0412,0.3222,214.5,2013-06-12T00:00:00Z,SVP
118435,2015-01-10T10:00:00Z,-37.60604,-42.5965,0.0289,0.3942,59.708332,2013-06-12T00:00:00Z,SVP
118435,2015-01-10T11:00:00Z,-37.59148,-42.5965,0.0072,0.5122,140.70834,2013-06-12T00:00:00Z,SVP
118435,2015-01-10T12:00:00Z,-37.57568,-42.59578,-7.0E-4,0.4926,112.5,2013-06-12T00:00:00Z,SVP
118435,2015-01-10T13:00:00Z,-37.55897,-42.60039,-0.2677,0.4675,587.0834,2013-06-12T00:00:00Z,SVP
118435,2015-01-10T14:00:00Z,-37.54394,-42.6116,-0.267,0.4673,587.0834,2013-06-12T00:00:00Z,SVP
118435,2015-01-10T15:00:00Z,-37.52869,-42.62263,-0.2667,0.4669,587.0834,2013-06-12T00:00:00Z,SVP
118435,2015-01-10T16:00:00Z,-37.51319,-42.63362,-0.2664,0.466,587.0834,2013-06-12T00:00:00Z,SVP
118435,2015-01-10T17:00:00Z,-37.49879,-42.64425,-0.2668,0.4261,253.20834,2013-06-12T00:00:00Z,SVP
118435,2015-01-10T18:00:00Z,-37.4857,-42.65496,-0.2663,0.4197,253.20834,2013-06-12T00:00:00Z,SVP
118435,2015-01-10T19:00:00Z,-37.47986,-42.66694,-0.2865,0.2562,126.58333,2013-06-12T00:00:00Z,SVP
118435,2015-01-10T20:00:00Z,-37.47325,-42.67556,-0.2206,0.0466,108.91667,2013-06-12T00:00:00Z,SVP
118435,2015-01-10T21:00:00Z,-37.4734,-42.68947,-0.5631,-0.0666,66.91667,2013-06-12T00:00:00Z,SVP
118435,2015-01-10T22:00:00Z,-37.4762,-42.70579,-0.0766,-0.0932,98.416664,2013-06-12T00:00:00Z,SVP
118435,2015-01-10T23:00:00Z,-37.47929,-42.70936,-0.0626,-0.1131,161.70833,2013-06-12T00:00:00Z,SVP
118435,2015-01-11T00:00:00Z,-37.48307,-42.71199,-0.0608,-0.1119,119.54167,2013-06-12T00:00:00Z,SVP
118435,2015-01-11T01:00:00Z,-37.48714,-42.7114,-0.0093,-0.129,133.66667,2013-06-12T00:00:00Z,SVP
118435,2015-01-11T02:00:00Z,-37.49116,-42.71269,0.0795,-0.0428,77.41667,2013-06-12T00:00:00Z,SVP
118435,2015-01-11T03:00:00Z,-37.49266,-42.70904,0.0834,0.0641,221.54167,2013-06-12T00:00:00Z,SVP
118435,2015-01-11T04:00:00Z,-37.48999,-42.70502,0.0744,0.0765,263.7083,2013-06-12T00:00:00Z,SVP
118435,2015-01-11T05:00:00Z,-37.48814,-42.70221,0.0747,0.0766,263.7083,2013-06-12T00:00:00Z,SVP
118435,2015-01-11T06:00:00Z,-37.48515,-42.69959,0.0603,0.1304,91.33333,2013-06-12T00:00:00Z,SVP
118435,2015-01-11T07:00:00Z,-37.47968,-42.69858,-6.0E-4,0.1917,172.20833,2013-06-12T00:00:00Z,SVP
118435,2015-01-11T08:00:00Z,-37.47391,-42.7009,-0.148,0.1447,165.29167,2013-06-12T00:00:00Z,SVP
118435,2015-01-11T09:00:00Z,-37.47045,-42.70598,-0.1369,0.1282,165.29167,2013-06-12T00:00:00Z,SVP
118435,2015-01-11T10:00:00Z,-37.46124,-42.70945,0.079,0.3212,158.25,2013-06-12T00:00:00Z,SVP
118435,2015-01-11T11:00:00Z,-37.45069,-42.70665,0.0579,0.3303,52.791668,2013-06-12T00:00:00Z,SVP
118435,2015-01-11T12:00:00Z,-37.4432,-42.70701,-0.0375,0.1974,133.66667,2013-06-12T00:00:00Z,SVP
118435,2015-01-11T13:00:00Z,-37.43586,-42.71293,-0.0868,0.2522,123.166664,2013-06-12T00:00:00Z,SVP
118435,2015-01-11T14:00:00Z,-37.42838,-42.7151,-0.0937,0.2456,478.2083,2013-06-12T00:00:00Z,SVP
118435,2015-01-11T15:00:00Z,-37.42002,-42.71834,-0.0971,0.2477,478.2083,2013-06-12T00:00:00Z,SVP
118435,2015-01-11T16:00:00Z,-37.41108,-42.72223,-0.0974,0.2514,478.2083,2013-06-12T00:00:00Z,SVP
118435,2015-01-11T17:00:00Z,-37.4047,-42.72688,-0.0931,0.1381,249.58333,2013-06-12T00:00:00Z,SVP
118435,2015-01-11T18:00:00Z,-37.40031,-42.7305,-0.0959,0.1354,249.58333,2013-06-12T00:00:00Z,SVP
118435,2015-01-11T19:00:00Z,-37.39787,-42.73665,-0.1472,0.0316,115.958336,2013-06-12T00:00:00Z,SVP
118435,2015-01-11T20:00:00Z,-37.39675,-42.74122,-0.0651,0.0522,80.83333,2013-06-12T00:00:00Z,SVP
118435,2015-01-11T21:00:00Z,-37.3948,-42.74337,-0.022,0.0801,253.20834,2013-06-12T00:00:00Z,SVP
118435,2015-01-11T22:00:00Z,-37.39218,-42.7441,-0.0608,0.0539,161.70833,2013-06-12T00:00:00Z,SVP
118435,2015-01-11T23:00:00Z,-37.39096,-42.74742,-0.066,0.0494,161.70833,2013-06-12T00:00:00Z,SVP
118435,2015-01-12T00:00:00Z,-37.39055,-42.75241,-0.1271,0.0126,151.20834,2013-06-12T00:00:00Z,SVP
118435,2015-01-12T01:00:00Z,-37.38714,-42.7496,0.1145,0.1389,239.08334,2013-06-12T00:00:00Z,SVP
118435,2015-01-12T02:00:00Z,-37.38226,-42.74433,0.1118,0.138,239.08334,2013-06-12T00:00:00Z,SVP
118435,2015-01-12T03:00:00Z,-37.37747,-42.7403,0.0947,0.1774,225.0,2013-06-12T00:00:00Z,SVP
118435,2015-01-12T04:00:00Z,-37.37228,-42.73593,0.0735,0.2175,260.0833,2013-06-12T00:00:00Z,SVP
118435,2015-01-12T05:00:00Z,-37.3645,-42.7336,0.071,0.2179,260.0833,2013-06-12T00:00:00Z,SVP
118435,2015-01-12T06:00:00Z,-37.3571,-42.73313,-0.1161,0.2029,207.45834,2013-06-12T00:00:00Z,SVP
118435,2015-01-12T07:00:00Z,-37.35032,-42.73843,-0.1144,0.2017,207.45834,2013-06-12T00:00:00Z,SVP
118435,2015-01-12T08:00:00Z,-37.34359,-42.74249,-0.1263,0.1977,221.54167,2013-06-12T00:00:00Z,SVP
118435,2015-01-12T09:00:00Z,-37.33733,-42.74715,-0.0818,0.1922,66.75,2013-06-12T00:00:00Z,SVP
118435,2015-01-12T10:00:00Z,-37.33232,-42.74964,-0.0498,0.1305,172.20833,2013-06-12T00:00:00Z,SVP
118435,2015-01-12T11:00:00Z,-37.33042,-42.75031,-0.0103,0.0414,123.0,2013-06-12T00:00:00Z,SVP
118435,2015-01-12T12:00:00Z,-37.33044,-42.74874,-0.0828,-0.0123,147.58333,2013-06-12T00:00:00Z,SVP
118435,2015-01-12T13:00:00Z,-37.33057,-42.75449,0.2043,0.0192,126.58333,2013-06-12T00:00:00Z,SVP
118435,2015-01-12T14:00:00Z,-37.3305,-42.74929,0.2756,0.059,365.70834,2013-06-12T00:00:00Z,SVP
118435,2015-01-12T15:00:00Z,-37.32858,-42.73775,0.2778,0.0601,365.70834,2013-06-12T00:00:00Z,SVP
118435,2015-01-12T16:00:00Z,-37.32727,-42.72773,0.3184,0.0652,365.70834,2013-06-12T00:00:00Z,SVP
118435,2015-01-12T17:00:00Z,-37.32454,-42.71333,0.3624,0.0913,249.58333,2013-06-12T00:00:00Z,SVP
118435,2015-01-12T18:00:00Z,-37.32016,-42.69844,0.3485,0.1488,80.83333,2013-06-12T00:00:00Z,SVP
118435,2015-01-12T19:00:00Z,-37.31116,-42.69489,0.0879,0.3263,182.83333,2013-06-12T00:00:00Z,SVP
118435,2015-01-12T20:00:00Z,-37.29894,-42.68515,0.2577,0.4919,63.291664,2013-06-12T00:00:00Z,SVP
118435,2015-01-12T21:00:00Z,-37.28362,-42.67542,0.2635,0.4628,196.95833,2013-06-12T00:00:00Z,SVP
118435,2015-01-12T22:00:00Z,-37.26972,-42.67081,0.0886,0.4227,196.95833,2013-06-12T00:00:00Z,SVP
118435,2015-01-12T23:00:00Z,-37.25426,-42.67141,0.0043,0.4912,123.0,2013-06-12T00:00:00Z,SVP
118435,2015-01-13T00:00:00Z,-37.23837,-42.67057,0.1006,0.5979,126.58333,2013-06-12T00:00:00Z,SVP
118435,2015-01-13T01:00:00Z,-37.22013,-42.66545,0.1482,0.5123,151.20834,2013-06-12T00:00:00Z,SVP
118435,2015-01-13T02:00:00Z,-37.20563,-42.66897,-0.1977,0.4695,98.416664,2013-06-12T00:00:00Z,SVP
118435,2015-01-13T03:00:00Z,-37.19013,-42.6757,-0.1843,0.4399,242.54167,2013-06-12T00:00:00Z,SVP
118435,2015-01-13T04:00:00Z,-37.17565,-42.68337,-0.1448,0.4437,270.74997,2013-06-12T00:00:00Z,SVP
118435,2015-01-13T05:00:00Z,-37.16221,-42.68909,-0.1432,0.4443,270.74997,2013-06-12T00:00:00Z,SVP
118435,2015-01-13T06:00:00Z,-37.14597,-42.69619,-0.1684,0.5368,235.50002,2013-06-12T00:00:00Z,SVP
118435,2015-01-13T07:00:00Z,-37.12931,-42.67982,0.0337,0.5418,235.50002,2013-06-12T00:00:00Z,SVP
118435,2015-01-13T08:00:00Z,-37.1091,-42.7118,-0.2059,0.5802,179.25,2013-06-12T00:00:00Z,SVP
118435,2015-01-13T09:00:00Z,-37.0906,-42.71955,-0.1499,0.5858,161.70833,2013-06-12T00:00:00Z,SVP
118435,2015-01-13T10:00:00Z,-37.07194,-42.7239,-0.2118,0.5871,137.08333,2013-06-12T00:00:00Z,SVP
118435,2015-01-13T11:00:00Z,-37.05301,-42.73433,-0.2326,0.5378,123.0,2013-06-12T00:00:00Z,SVP
118435,2015-01-13T12:00:00Z,-37.0361,-42.74349,-0.232,0.4795,126.58333,2013-06-12T00:00:00Z,SVP
118435,2015-01-13T13:00:00Z,-37.02017,-42.752,-0.1778,0.5115,133.66667,2013-06-12T00:00:00Z,SVP
118435,2015-01-13T14:00:00Z,-37.00307,-42.75849,-0.1223,0.5502,397.3333,2013-06-12T00:00:00Z,SVP
118435,2015-01-13T15:00:00Z,-36.98538,-42.76316,-0.1209,0.5514,397.3333,2013-06-12T00:00:00Z,SVP
118435,2015-01-13T16:00:00Z,-36.96854,-42.76846,-0.1191,0.5508,397.3333,2013-06-12T00:00:00Z,SVP
118435,2015-01-13T17:00:00Z,-36.94748,-42.76719,-0.0385,0.5984,256.66666,2013-06-12T00:00:00Z,SVP
118435,2015-01-13T18:00:00Z,-36.92731,-42.75976,-0.0764,0.5161,253.20834,2013-06-12T00:00:00Z,SVP
118435,2015-01-13T19:00:00Z,-36.91159,-42.7718,-0.0259,0.5254,253.20834,2013-06-12T00:00:00Z,SVP
118435,2015-01-13T20:00:00Z,-36.89463,-42.76801,-0.0684,0.5016,249.58333,2013-06-12T00:00:00Z,SVP
118435,2015-01-13T21:00:00Z,-36.87818,-42.76909,-0.0761,0.5022,249.58333,2013-06-12T00:00:00Z,SVP
118435,2015-01-13T22:00:00Z,-36.86333,-42.77008,0.0236,0.4691,253.20834,2013-06-12T00:00:00Z,SVP
118435,2015-01-13T23:00:00Z,-36.84777,-42.76993,0.0299,0.4513,186.29166,2013-06-12T00:00:00Z,SVP
118435,2015-01-14T00:00:00Z,-36.83496,-42.76665,0.0384,0.4427,186.29166,2013-06-12T00:00:00Z,SVP
118435,2015-01-14T01:00:00Z,-36.81882,-42.74973,-0.164,0.3927,119.54167,2013-06-12T00:00:00Z,SVP
118435,2015-01-14T02:00:00Z,-36.80601,-42.75695,-0.13,0.3322,288.2917,2013-06-12T00:00:00Z,SVP
118435,2015-01-14T03:00:00Z,-36.79491,-42.76257,-0.1262,0.3304,288.2917,2013-06-12T00:00:00Z,SVP
118435,2015-01-14T04:00:00Z,-36.785,-42.76694,-0.0818,0.2578,235.50002,2013-06-12T00:00:00Z,SVP
118435,2015-01-14T05:00:00Z,-36.77635,-42.76761,-0.0814,0.2519,235.50002,2013-06-12T00:00:00Z,SVP
118435,2015-01-14T06:00:00Z,-36.77135,-42.77344,-0.1089,0.1681,239.08334,2013-06-12T00:00:00Z,SVP
118435,2015-01-14T07:00:00Z,-36.76822,-42.77858,-0.1773,0.0032,144.16667,2013-06-12T00:00:00Z,SVP
118435,2015-01-14T08:00:00Z,-36.76946,-42.78586,-0.19,0.0073,102.0,2013-06-12T00:00:00Z,SVP
118435,2015-01-14T09:00:00Z,-36.76945,-42.79662,-0.2929,-0.0093,170.54166,2013-06-12T00:00:00Z,SVP
118435,2015-01-14T10:00:00Z,-36.76917,-42.80764,-0.3059,-0.0276,226.79166,2013-06-12T00:00:00Z,SVP
118435,2015-01-14T11:00:00Z,-36.77085,-42.8216,-0.3054,-0.024,226.79166,2013-06-12T00:00:00Z,SVP
118435,2015-01-14T12:00:00Z,-36.77005,-42.81691,-0.1845,-0.024,172.20833,2013-06-12T00:00:00Z,SVP
118435,2015-01-14T13:00:00Z,-36.77173,-42.82453,-0.1391,-0.0411,573.1667,2013-06-12T00:00:00Z,SVP
118435,2015-01-14T14:00:00Z,-36.77363,-42.83634,-0.1316,-0.0416,573.1667,2013-06-12T00:00:00Z,SVP
118435,2015-01-14T15:00:00Z,-36.77533,-42.84276,-0.1335,-0.0418,573.1667,2013-06-12T00:00:00Z,SVP
118435,2015-01-14T16:00:00Z,-36.77716,-42.8492,-0.135,-0.0419,573.1667,2013-06-12T00:00:00Z,SVP
118435,2015-01-14T17:00:00Z,-36.77802,-42.84943,-0.0524,-0.0557,225.0,2013-06-12T00:00:00Z,SVP
118435,2015-01-14T18:00:00Z,-36.77999,-42.84995,-0.0119,-0.0679,221.41666,2013-06-12T00:00:00Z,SVP
118435,2015-01-14T19:00:00Z,-36.78252,-42.85386,-0.0225,-0.0676,221.41666,2013-06-12T00:00:00Z,SVP
118435,2015-01-14T20:00:00Z,-36.78433,-42.84909,0.1201,-0.0715,246.16667,2013-06-12T00:00:00Z,SVP
118435,2015-01-14T21:00:00Z,-36.78572,-42.84203,0.2807,0.0457,0.0,2013-06-12T00:00:00Z,SVP
118435,2015-01-14T22:00:00Z,-36.78317,-42.8295,0.34,0.0949,193.33334,2013-06-12T00:00:00Z,SVP
118435,2015-01-14T23:00:00Z,-36.77246,-42.81448,0.3848,0.2954,327.0,2013-06-12T00:00:00Z,SVP
118435,2015-01-15T00:00:00Z,-36.76188,-42.79872,0.3881,0.2804,327.0,2013-06-12T00:00:00Z,SVP
118435,2015-01-15T01:00:00Z,-36.74064,-42.77836,0.578,0.9439,418.33334,2013-06-12T00:00:00Z,SVP
118435,2015-01-15T02:00:00Z,-36.70935,-42.75413,0.5745,0.9417,418.33334,2013-06-12T00:00:00Z,SVP
118435,2015-01-15T03:00:00Z,-36.67804,-42.73026,0.5649,0.9305,418.33334,2013-06-12T00:00:00Z,SVP
118435,2015-01-15T04:00:00Z,-36.64932,-42.71965,0.1503,0.9119,256.66666,2013-06-12T00:00:00Z,SVP
118435,2015-01-15T05:00:00Z,-36.62176,-42.71372,0.135,0.9041,207.45834,2013-06-12T00:00:00Z,SVP
118435,2015-01-15T06:00:00Z,-36.5908,-42.70847,0.134,0.8991,207.45834,2013-06-12T00:00:00Z,SVP
118435,2015-01-15T07:00:00Z,-36.56086,-42.70739,-0.0906,0.9441,186.29166,2013-06-12T00:00:00Z,SVP
118435,2015-01-15T08:00:00Z,-36.52832,-42.71063,-0.0945,0.9525,186.29166,2013-06-12T00:00:00Z,SVP
118435,2015-01-15T09:00:00Z,-36.50147,-42.7144,-0.0084,0.8322,115.958336,2013-06-12T00:00:00Z,SVP
118435,2015-01-15T10:00:00Z,-36.47499,-42.71395,0.005,0.8089,189.91667,2013-06-12T00:00:00Z,SVP
118435,2015-01-15T11:00:00Z,-36.44715,-42.71327,-0.0811,0.6386,256.66666,2013-06-12T00:00:00Z,SVP
118435,2015-01-15T12:00:00Z,-36.42703,-42.71623,-0.0822,0.6397,256.66666,2013-06-12T00:00:00Z,SVP
118435,2015-01-15T13:00:00Z,-36.40709,-42.71969,-0.0947,0.5762,130.04166,2013-06-12T00:00:00Z,SVP
118435,2015-01-15T14:00:00Z,-36.39668,-42.72488,-0.0552,0.2046,348.1667,2013-06-12T00:00:00Z,SVP
118435,2015-01-15T15:00:00Z,-36.39117,-42.72665,-0.0571,0.2186,348.1667,2013-06-12T00:00:00Z,SVP
118435,2015-01-15T16:00:00Z,-36.38398,-42.72867,-0.0118,0.2073,228.45833,2013-06-12T00:00:00Z,SVP
118435,2015-01-15T17:00:00Z,-36.37636,-42.72842,-0.0065,0.216,228.45833,2013-06-12T00:00:00Z,SVP
118435,2015-01-15T18:00:00Z,-36.37086,-42.72965,-0.0163,0.1959,172.20833,2013-06-12T00:00:00Z,SVP
118435,2015-01-15T19:00:00Z,-36.37156,-42.73036,0.0219,0.01,80.83333,2013-06-12T00:00:00Z,SVP
118435,2015-01-15T20:00:00Z,-36.3698,-42.72432,0.1995,0.0458,166.95834,2013-06-12T00:00:00Z,SVP
118435,2015-01-15T21:00:00Z,-36.36735,-42.71588,0.1679,0.0977,186.29166,2013-06-12T00:00:00Z,SVP
118435,2015-01-15T22:00:00Z,-36.36638,-42.71197,0.1582,0.225,217.95833,2013-06-12T00:00:00Z,SVP
118435,2015-01-15T23:00:00Z,-36.35809,-42.70284,0.1502,0.2087,217.95833,2013-06-12T00:00:00Z,SVP
118435,2015-01-16T00:00:00Z,-36.35044,-42.69777,0.1845,0.2628,123.0,2013-06-12T00:00:00Z,SVP
118435,2015-01-16T01:00:00Z,-36.34217,-42.6866,0.0402,0.2772,319.9583,2013-06-12T00:00:00Z,SVP
118435,2015-01-16T02:00:00Z,-36.33229,-42.68974,0.0867,0.28,319.9583,2013-06-12T00:00:00Z,SVP
118435,2015-01-16T03:00:00Z,-36.32209,-42.68631,0.0862,0.2823,319.9583,2013-06-12T00:00:00Z,SVP
118435,2015-01-16T04:00:00Z,-36.31464,-42.68695,-0.0538,0.2603,256.66666,2013-06-12T00:00:00Z,SVP
118435,2015-01-16T05:00:00Z,-36.3065,-42.68438,-0.2808,0.2609,175.79167,2013-06-12T00:00:00Z,SVP
118435,2015-01-16T06:00:00Z,-36.29775,-42.69593,-0.2598,0.2375,63.291664,2013-06-12T00:00:00Z,SVP
118435,2015-01-16T07:00:00Z,-36.29536,-42.70177,-0.1178,0.0234,168.75,2013-06-12T00:00:00Z,SVP
118435,2015-01-16T08:00:00Z,-36.29427,-42.70682,-0.1194,0.0219,130.04166,2013-06-12T00:00:00Z,SVP
118435,2015-01-16T09:00:00Z,-36.29363,-42.71021,-0.0662,0.0171,137.08333,2013-06-12T00:00:00Z,SVP
118435,2015-01-16T10:00:00Z,-36.29447,-42.71233,-0.0499,-0.0237,126.58333,2013-06-12T00:00:00Z,SVP
118435,2015-01-16T11:00:00Z,-36.29681,-42.71896,-0.2039,-0.0948,119.54167,2013-06-12T00:00:00Z,SVP
118435,2015-01-16T12:00:00Z,-36.3016,-42.71631,0.0666,-0.2024,112.5,2013-06-12T00:00:00Z,SVP
118435,2015-01-16T13:00:00Z,-36.31034,-42.71284,0.1915,-0.2647,140.70834,2013-06-12T00:00:00Z,SVP
118435,2015-01-16T14:00:00Z,-36.31877,-42.69844,0.3516,-0.2736,372.5833,2013-06-12T00:00:00Z,SVP
118435,2015-01-16T15:00:00Z,-36.32674,-42.68365,0.3499,-0.2689,372.5833,2013-06-12T00:00:00Z,SVP
118435,2015-01-16T16:00:00Z,-36.33635,-42.66857,0.3972,-0.3234,232.04169,2013-06-12T00:00:00Z,SVP
118435,2015-01-16T17:00:00Z,-36.34772,-42.65294,0.3964,-0.3181,232.04169,2013-06-12T00:00:00Z,SVP
118435,2015-01-16T18:00:00Z,-36.3574,-42.62299,0.8374,-0.3279,249.58333,2013-06-12T00:00:00Z,SVP
118435,2015-01-16T19:00:00Z,-36.36698,-42.5914,0.8047,0.0334,101.833336,2013-06-12T00:00:00Z,SVP
118435,2015-01-16T20:00:00Z,-36.36632,-42.56,0.6534,-0.0599,80.83333,2013-06-12T00:00:00Z,SVP
118435,2015-01-16T21:00:00Z,-36.36665,-42.5342,0.6401,0.0289,126.58333,2013-06-12T00:00:00Z,SVP
118435,2015-01-16T22:00:00Z,-36.36538,-42.50973,0.5856,0.0431,196.95833,2013-06-12T00:00:00Z,SVP
118435,2015-01-16T23:00:00Z,-36.36498,-42.48505,0.5483,0.0306,147.58333,2013-06-12T00:00:00Z,SVP
118435,2015-01-17T00:00:00Z,-36.3625,-42.46472,0.4634,0.025,105.458336,2013-06-12T00:00:00Z,SVP
118435,2015-01-17T01:00:00Z,-36.36357,-42.44264,0.5831,-0.0405,123.0,2013-06-12T00:00:00Z,SVP
118435,2015-01-17T02:00:00Z,-36.36509,-42.41921,0.4083,-0.0531,126.58333,2013-06-12T00:00:00Z,SVP
118435,2015-01-17T03:00:00Z,-36.36697,-42.40289,0.4569,-0.1067,112.5,2013-06-12T00:00:00Z,SVP
118435,2015-01-17T04:00:00Z,-36.3715,-42.38231,0.5128,-0.1354,239.08334,2013-06-12T00:00:00Z,SVP
118435,2015-01-17T05:00:00Z,-36.37835,-42.35905,0.6158,-0.2902,130.04166,2013-06-12T00:00:00Z,SVP
118435,2015-01-17T06:00:00Z,-36.38938,-42.33208,0.7045,-0.3715,98.416664,2013-06-12T00:00:00Z,SVP
118435,2015-01-17T07:00:00Z,-36.40066,-42.30302,0.7437,-0.3193,133.66667,2013-06-12T00:00:00Z,SVP
118435,2015-01-17T08:00:00Z,-36.40896,-42.27023,0.8839,-0.2891,147.58333,2013-06-12T00:00:00Z,SVP
118435,2015-01-17T09:00:00Z,-36.41868,-42.23335,1.0022,-0.2762,102.0,2013-06-12T00:00:00Z,SVP
118435,2015-01-17T10:00:00Z,-36.42574,-42.19364,0.9469,-0.1639,109.041664,2013-06-12T00:00:00Z,SVP
118435,2015-01-17T11:00:00Z,-36.43041,-42.15864,0.8495,-0.1385,126.58333,2013-06-12T00:00:00Z,SVP
118435,2015-01-17T12:00:00Z,-36.43378,-42.12699,0.7491,-0.0755,144.16667,2013-06-12T00:00:00Z,SVP
118435,2015-01-17T13:00:00Z,-36.43366,-42.09768,0.7736,-0.0076,119.54167,2013-06-12T00:00:00Z,SVP
118435,2015-01-17T14:00:00Z,-36.43649,-42.06693,0.7499,0.0202,263.7083,2013-06-12T00:00:00Z,SVP
118435,2015-01-17T15:00:00Z,-36.43382,-42.036,0.7558,0.0057,263.7083,2013-06-12T00:00:00Z,SVP
118435,2015-01-17T16:00:00Z,-36.43425,-42.01415,0.5758,-0.0329,228.58334,2013-06-12T00:00:00Z,SVP
118480,2015-01-01T00:00:00Z,-33.61543,-42.80095,0.1599,-0.1053,126.0,2013-07-26T00:00:00Z,SVP
118480,2015-01-01T01:00:00Z,-33.61773,-42.79371,0.1966,-0.0544,115.208336,2013-07-26T00:00:00Z,SVP
118480,2015-01-01T02:00:00Z,-33.61956,-42.78677,0.175,-0.0604,226.79166,2013-07-26T00:00:00Z,SVP
118480,2015-01-01T03:00:00Z,-33.62195,-42.78141,0.0715,-0.125,223.20834,2013-07-26T00:00:00Z,SVP
118480,2015-01-01T04:00:00Z,-33.62585,-42.78132,0.0896,-0.1326,223.20834,2013-07-26T00:00:00Z,SVP
118480,2015-01-01T05:00:00Z,-33.63324,-42.77615,0.104,-0.2271,255.58333,2013-07-26T00:00:00Z,SVP
118480,2015-01-01T06:00:00Z,-33.64044,-42.77213,0.137,-0.2707,169.20834,2013-07-26T00:00:00Z,SVP
118480,2015-01-01T07:00:00Z,-33.64961,-42.76678,0.1501,-0.3018,108.00001,2013-07-26T00:00:00Z,SVP
118480,2015-01-01T08:00:00Z,-33.65962,-42.7611,0.1466,-0.3463,158.41667,2013-07-26T00:00:00Z,SVP
118480,2015-01-01T09:00:00Z,-33.67155,-42.75475,0.1726,-0.4281,122.416664,2013-07-26T00:00:00Z,SVP
118480,2015-01-01T10:00:00Z,-33.68651,-42.74783,0.2053,-0.4973,172.79166,2013-07-26T00:00:00Z,SVP
118480,2015-01-01T11:00:00Z,-33.70279,-42.7415,0.16,-0.4988,79.208336,2013-07-26T00:00:00Z,SVP
118480,2015-01-01T12:00:00Z,-33.71801,-42.72508,0.7072,-0.4875,133.20833,2013-07-26T00:00:00Z,SVP
118480,2015-01-01T13:00:00Z,-33.73254,-42.69947,0.6508,-0.3802,126.0,2013-07-26T00:00:00Z,SVP
118480,2015-01-01T14:00:00Z,-33.74444,-42.67352,0.6496,-0.3264,504.0,2013-07-26T00:00:00Z,SVP
118480,2015-01-01T15:00:00Z,-33.75502,-42.64788,0.6477,-0.3253,504.0,2013-07-26T00:00:00Z,SVP
118480,2015-01-01T16:00:00Z,-33.76616,-42.62271,0.6484,-0.3263,504.0,2013-07-26T00:00:00Z,SVP
118480,2015-01-01T17:00:00Z,-33.77587,-42.59797,0.6531,-0.2064,241.20834,2013-07-26T00:00:00Z,SVP
118480,2015-01-01T18:00:00Z,-33.78124,-42.57229,0.6526,-0.2366,241.20834,2013-07-26T00:00:00Z,SVP
118480,2015-01-01T19:00:00Z,-33.78819,-42.55171,0.5293,-0.1881,126.0,2013-07-26T00:00:00Z,SVP
118480,2015-01-01T20:00:00Z,-33.79099,-42.53052,0.5322,-0.0639,86.41667,2013-07-26T00:00:00Z,SVP
118480,2015-01-01T21:00:00Z,-33.79429,-42.51318,0.3548,-0.1048,113.41666,2013-07-26T00:00:00Z,SVP
118480,2015-01-01T22:00:00Z,-33.79681,-42.50183,0.2311,-0.0375,108.00001,2013-07-26T00:00:00Z,SVP
118480,2015-01-01T23:00:00Z,-33.79827,-42.49282,0.2103,-0.243,111.583336,2013-07-26T00:00:00Z,SVP
118480,2015-01-02T00:00:00Z,-33.80587,-42.48376,0.2988,-0.1332,115.208336,2013-07-26T00:00:00Z,SVP
118480,2015-01-02T01:00:00Z,-33.81003,-42.47082,0.3044,-0.1429,154.79166,2013-07-26T00:00:00Z,SVP
118480,2015-01-02T02:00:00Z,-33.81611,-42.46109,0.1043,-0.2891,93.583336,2013-07-26T00:00:00Z,SVP
118480,2015-01-02T03:00:00Z,-33.82551,-42.45643,0.1219,-0.281,237.58334,2013-07-26T00:00:00Z,SVP
118480,2015-01-02T04:00:00Z,-33.8349,-42.4534,0.3333,-0.2825,259.20834,2013-07-26T00:00:00Z,SVP
118480,2015-01-02T05:00:00Z,-33.84408,-42.43981,0.3299,-0.2848,259.20834,2013-07-26T00:00:00Z,SVP
118480,2015-01-02T06:00:00Z,-33.8569,-42.42655,0.3442,-0.6573,133.20833,2013-07-26T00:00:00Z,SVP
118480,2015-01-02T07:00:00Z,-33.87667,-42.41362,0.333,-0.4504,115.208336,2013-07-26T00:00:00Z,SVP
118480,2015-01-02T08:00:00Z,-33.88987,-42.4002,0.3611,-0.3592,144.0,2013-07-26T00:00:00Z,SVP
118480,2015-01-02T09:00:00Z,-33.90006,-42.38379,0.4427,-0.2532,104.41666,2013-07-26T00:00:00Z,SVP
118480,2015-01-02T10:00:00Z,-33.90822,-42.36481,0.4991,-0.2692,212.41667,2013-07-26T00:00:00Z,SVP
118480,2015-01-02T11:00:00Z,-33.92167,-42.34378,0.5634,-0.3353,122.416664,2013-07-26T00:00:00Z,SVP
118480,2015-01-02T12:00:00Z,-33.92983,-42.32006,0.6383,-0.2063,129.58333,2013-07-26T00:00:00Z,SVP
118480,2015-01-02T13:00:00Z,-33.9365,-42.29593,0.5367,-0.2229,133.20833,2013-07-26T00:00:00Z,SVP
118480,2015-01-02T14:00:00Z,-33.94265,-42.28011,0.6084,0.1445,381.5833,2013-07-26T00:00:00Z,SVP
118480,2015-01-02T15:00:00Z,-33.9376,-42.25566,0.6085,0.1476,381.5833,2013-07-26T00:00:00Z,SVP
118480,2015-01-02T16:00:00Z,-33.93347,-42.23267,0.6211,0.1552,381.5833,2013-07-26T00:00:00Z,SVP
118480,2015-01-02T17:00:00Z,-33.92566,-42.20665,0.676,0.2671,259.20834,2013-07-26T00:00:00Z,SVP
118480,2015-01-02T18:00:00Z,-33.91593,-42.17846,0.6772,0.2434,259.20834,2013-07-26T00:00:00Z,SVP
118480,2015-01-02T19:00:00Z,-33.90152,-42.16344,0.3583,0.4429,61.208332,2013-07-26T00:00:00Z,SVP
118480,2015-01-02T20:00:00Z,-33.88822,-42.14751,0.4401,0.4783,180.0,2013-07-26T00:00:00Z,SVP
118480,2015-01-02T21:00:00Z,-33.87257,-42.13368,0.2719,0.4457,122.416664,2013-07-26T00:00:00Z,SVP
118480,2015-01-02T22:00:00Z,-33.85904,-42.12168,0.4018,0.4741,57.583332,2013-07-26T00:00:00Z,SVP
118480,2015-01-02T23:00:00Z,-33.84092,-42.11316,-0.045,0.5153,144.0,2013-07-26T00:00:00Z,SVP
118480,2015-01-03T00:00:00Z,-33.82395,-42.11426,0.1517,0.5615,104.41666,2013-07-26T00:00:00Z,SVP
118480,2015-01-03T01:00:00Z,-33.8062,-42.10729,0.1936,0.5406,129.58333,2013-07-26T00:00:00Z,SVP
118480,2015-01-03T02:00:00Z,-33.79065,-42.10403,0.0294,0.4554,115.208336,2013-07-26T00:00:00Z,SVP
118480,2015-01-03T03:00:00Z,-33.77749,-42.10256,0.0225,0.3838,266.41666,2013-07-26T00:00:00Z,SVP
118480,2015-01-03T04:00:00Z,-33.76404,-42.10285,0.0755,0.3386,244.79167,2013-07-26T00:00:00Z,SVP
118480,2015-01-03T05:00:00Z,-33.75399,-42.09911,0.0715,0.3414,244.79167,2013-07-26T00:00:00Z,SVP
118480,2015-01-03T06:00:00Z,-33.74303,-42.09534,0.1179,0.3228,115.208336,2013-07-26T00:00:00Z,SVP
118480,2015-01-03T07:00:00Z,-33.73339,-42.08888,0.1732,0.2981,154.79166,2013-07-26T00:00:00Z,SVP
118480,2015-01-03T08:00:00Z,-33.72382,-42.08388,0.0554,0.3527,86.41667,2013-07-26T00:00:00Z,SVP
118480,2015-01-03T09:00:00Z,-33.71137,-42.07923,0.2156,0.4268,158.41667,2013-07-26T00:00:00Z,SVP
118480,2015-01-03T10:00:00Z,-33.69719,-42.06748,0.3183,0.4593,82.791664,2013-07-26T00:00:00Z,SVP
118480,2015-01-03T11:00:00Z,-33.68056,-42.05788,0.1163,0.5861,118.79167,2013-07-26T00:00:00Z,SVP
118480,2015-01-03T12:00:00Z,-33.66116,-42.05288,0.164,0.5547,144.0,2013-07-26T00:00:00Z,SVP
118480,2015-01-03T13:00:00Z,-33.64367,-42.04652,0.1529,0.6742,115.208336,2013-07-26T00:00:00Z,SVP
118480,2015-01-03T14:00:00Z,-33.62236,-42.04108,0.0952,0.6842,432.00003,2013-07-26T00:00:00Z,SVP
118480,2015-01-03T15:00:00Z,-33.59994,-42.03679,0.0989,0.6843,432.00003,2013-07-26T00:00:00Z,SVP
118480,2015-01-03T16:00:00Z,-33.57693,-42.03158,0.1044,0.6852,432.00003,2013-07-26T00:00:00Z,SVP
118480,2015-01-03T17:00:00Z,-33.55621,-42.03148,-0.0594,0.6535,241.20834,2013-07-26T00:00:00Z,SVP
118480,2015-01-03T18:00:00Z,-33.53693,-42.03501,-0.1614,0.5696,97.20833,2013-07-26T00:00:00Z,SVP
118480,2015-01-03T19:00:00Z,-33.52293,-42.04398,-0.2374,0.3506,165.58333,2013-07-26T00:00:00Z,SVP
118480,2015-01-03T20:00:00Z,-33.51171,-42.05216,-0.1059,0.2808,82.791664,2013-07-26T00:00:00Z,SVP
118480,2015-01-03T21:00:00Z,-33.50289,-42.05548,-0.0611,0.272,172.79166,2013-07-26T00:00:00Z,SVP
118480,2015-01-03T22:00:00Z,-33.49629,-42.0584,-0.0833,0.1797,216.00002,2013-07-26T00:00:00Z,SVP
118480,2015-01-03T23:00:00Z,-33.48949,-42.06147,-0.0826,0.1823,216.00002,2013-07-26T00:00:00Z,SVP
118480,2015-01-04T00:00:00Z,-33.48514,-42.06367,-0.0235,0.1068,108.00001,2013-07-26T00:00:00Z,SVP
118480,2015-01-04T01:00:00Z,-33.48447,-42.05947,0.0588,-0.0238,129.58333,2013-07-26T00:00:00Z,SVP
118480,2015-01-04T02:00:00Z,-33.48501,-42.06118,0.1491,-0.048,269.99997,2013-07-26T00:00:00Z,SVP
118480,2015-01-04T03:00:00Z,-33.48663,-42.05536,0.1558,-0.0481,269.99997,2013-07-26T00:00:00Z,SVP
118480,2015-01-04T04:00:00Z,-33.48822,-42.04666,0.2842,-0.0531,262.79166,2013-07-26T00:00:00Z,SVP
118480,2015-01-04T05:00:00Z,-33.48994,-42.0327,0.2655,-0.0532,262.79166,2013-07-26T00:00:00Z,SVP
118480,2015-01-04T06:00:00Z,-33.48961,-42.02295,0.3865,0.1624,230.41667,2013-07-26T00:00:00Z,SVP
118480,2015-01-04T07:00:00Z,-33.48386,-42.00692,0.3749,0.1625,230.41667,2013-07-26T00:00:00Z,SVP
118480,2015-01-07T18:00:00Z,-33.51419,-42.0075,-0.2346,-0.1785,486.00003,2013-07-26T00:00:00Z,SVP
118480,2015-01-07T19:00:00Z,-33.52077,-42.01665,-0.2483,-0.2107,68.416664,2013-07-26T00:00:00Z,SVP
118480,2015-01-07T20:00:00Z,-33.52794,-42.02601,-0.2182,-0.2368,136.79167,2013-07-26T00:00:00Z,SVP
118480,2015-01-07T21:00:00Z,-33.53494,-42.01913,0.1697,-0.1801,0.0,2013-07-26T00:00:00Z,SVP
118480,2015-01-07T22:00:00Z,-33.54101,-42.01918,-0.152,-0.1842,115.208336,2013-07-26T00:00:00Z,SVP
118480,2015-01-07T23:00:00Z,-33.5459,-42.0257,-0.1578,-0.2026,133.20833,2013-07-26T00:00:00Z,SVP
118480,2015-01-08T00:00:00Z,-33.55287,-42.0296,0.0394,-0.2213,118.79167,2013-07-26T00:00:00Z,SVP
118480,2015-01-08T01:00:00Z,-33.56008,-42.02795,0.0493,-0.2171,133.20833,2013-07-26T00:00:00Z,SVP
118480,2015-01-08T02:00:00Z,-33.56639,-42.02609,0.0553,-0.1841,108.00001,2013-07-26T00:00:00Z,SVP
118480,2015-01-08T03:00:00Z,-33.56974,-42.02289,0.1004,0.1048,248.41667,2013-07-26T00:00:00Z,SVP
118480,2015-01-08T04:00:00Z,-33.56557,-42.01892,0.1001,0.1024,248.41667,2013-07-26T00:00:00Z,SVP
118480,2015-01-08T05:00:00Z,-33.56212,-42.01486,0.1005,0.1301,233.99998,2013-07-26T00:00:00Z,SVP
118480,2015-01-08T06:00:00Z,-33.55812,-42.01131,0.1005,0.1303,233.99998,2013-07-26T00:00:00Z,SVP
118480,2015-01-08T07:00:00Z,-33.55304,-42.00988,0.0441,0.1525,205.20834,2013-07-26T00:00:00Z,SVP
118480,2015-01-08T08:00:00Z,-33.54789,-42.01279,-0.1218,0.1347,183.58333,2013-07-26T00:00:00Z,SVP
118480,2015-01-08T09:00:00Z,-33.5439,-42.01671,-0.1221,0.1335,183.58333,2013-07-26T00:00:00Z,SVP
118480,2015-01-08T10:00:00Z,-33.53915,-42.02022,-0.0735,0.1352,126.0,2013-07-26T00:00:00Z,SVP
118480,2015-01-08T11:00:00Z,-33.53407,-42.02406,-0.1724,0.2155,122.416664,2013-07-26T00:00:00Z,SVP
118480,2015-01-08T12:00:00Z,-33.52676,-42.03241,-0.2347,0.2481,140.41666,2013-07-26T00:00:00Z,SVP
118480,2015-01-08T13:00:00Z,-33.5186,-42.04112,-0.2283,0.2605,115.208336,2013-07-26T00:00:00Z,SVP
118480,2015-01-08T14:00:00Z,-33.50958,-42.05495,-0.3485,0.2886,306.0,2013-07-26T00:00:00Z,SVP
118480,2015-01-08T15:00:00Z,-33.5005,-42.05499,-0.1881,0.2881,306.0,2013-07-26T00:00:00Z,SVP
118480,2015-01-08T16:00:00Z,-33.49044,-42.08193,-0.3671,0.315,233.99998,2013-07-26T00:00:00Z,SVP
118480,2015-01-08T17:00:00Z,-33.47991,-42.09644,-0.3814,0.3104,255.58333,2013-07-26T00:00:00Z,SVP
118480,2015-01-08T18:00:00Z,-33.47038,-42.1107,-0.3847,0.3035,255.58333,2013-07-26T00:00:00Z,SVP
118480,2015-01-08T19:00:00Z,-33.46489,-42.12603,-0.3737,-0.1083,172.79166,2013-07-26T00:00:00Z,SVP
118480,2015-01-08T20:00:00Z,-33.46857,-42.14019,-0.3649,-0.0292,64.791664,2013-07-26T00:00:00Z,SVP
118480,2015-01-08T21:00:00Z,-33.46794,-42.15482,-0.3735,0.0449,201.58334,2013-07-26T00:00:00Z,SVP
118480,2015-01-08T22:00:00Z,-33.46614,-42.18031,-0.5367,0.0405,68.416664,2013-07-26T00:00:00Z,SVP
118480,2015-01-08T23:00:00Z,-33.46823,-42.19889,-0.6245,-0.0702,190.79166,2013-07-26T00:00:00Z,SVP
118480,2015-01-09T00:00:00Z,-33.47201,-42.22165,-0.4958,-0.152,108.00001,2013-07-26T00:00:00Z,SVP
118480,2015-01-09T01:00:00Z,-33.4767,-42.23812,-0.3839,-0.1373,122.416664,2013-07-26T00:00:00Z,SVP
118480,2015-01-09T02:00:00Z,-33.48137,-42.25302,-0.3149,-0.1866,165.58333,2013-07-26T00:00:00Z,SVP
118480,2015-01-09T03:00:00Z,-33.48672,-42.26151,0.0267,-0.1864,471.58337,2013-07-26T00:00:00Z,SVP
118480,2015-01-09T04:00:00Z,-33.49301,-42.25926,0.0213,-0.187,471.58337,2013-07-26T00:00:00Z,SVP
118480,2015-01-09T05:00:00Z,-33.49937,-42.25847,0.0232,-0.1876,471.58337,2013-07-26T00:00:00Z,SVP
118480,2015-01-09T06:00:00Z,-33.50652,-42.25884,0.0612,-0.1745,0.0,2013-07-26T00:00:00Z,SVP
118480,2015-01-09T07:00:00Z,-33.5093,-42.25446,0.0622,-0.1028,151.20834,2013-07-26T00:00:00Z,SVP
118480,2015-01-09T08:00:00Z,-33.50991,-42.25188,0.0891,0.0103,136.79167,2013-07-26T00:00:00Z,SVP
118480,2015-01-09T09:00:00Z,-33.50921,-42.24918,0.072,0.0073,255.58333,2013-07-26T00:00:00Z,SVP
118480,2015-01-09T10:00:00Z,-33.50931,-42.24517,0.0845,0.0071,255.58333,2013-07-26T00:00:00Z,SVP
118480,2015-01-09T11:00:00Z,-33.50873,-42.24728,-1.0E-4,0.0124,140.41666,2013-07-26T00:00:00Z,SVP
118480,2015-01-09T12:00:00Z,-33.50803,-42.24636,0.024,0.0282,133.20833,2013-07-26T00:00:00Z,SVP
118480,2015-01-09T13:00:00Z,-33.50754,-42.24463,0.0022,-9.0E-4,334.7917,2013-07-26T00:00:00Z,SVP
118480,2015-01-09T14:00:00Z,-33.50748,-42.24497,-2.0E-4,-7.0E-4,334.7917,2013-07-26T00:00:00Z,SVP
118480,2015-01-09T15:00:00Z,-33.50713,-42.24486,-3.0E-4,3.0E-4,334.7917,2013-07-26T00:00:00Z,SVP
118480,2015-01-09T16:00:00Z,-33.50826,-42.24388,0.0174,-0.0278,233.99998,2013-07-26T00:00:00Z,SVP
118480,2015-01-09T17:00:00Z,-33.50883,-42.24479,0.0249,-0.0364,259.20834,2013-07-26T00:00:00Z,SVP
118480,2015-01-09T18:00:00Z,-33.51024,-42.24185,0.0266,-0.0342,259.20834,2013-07-26T00:00:00Z,SVP
118480,2015-01-09T19:00:00Z,-33.51116,-42.24221,-0.0604,-0.0212,151.20834,2013-07-26T00:00:00Z,SVP
118480,2015-01-09T20:00:00Z,-33.51275,-42.24345,0.0981,-0.1324,172.79166,2013-07-26T00:00:00Z,SVP
118480,2015-01-09T21:00:00Z,-33.51705,-42.23974,0.0991,-0.1323,172.79166,2013-07-26T00:00:00Z,SVP
118480,2015-01-09T22:00:00Z,-33.52217,-42.2353,0.104,-0.1869,318.58334,2013-07-26T00:00:00Z,SVP
118480,2015-01-09T23:00:00Z,-33.52837,-42.23125,0.1032,-0.1872,318.58334,2013-07-26T00:00:00Z,SVP
118480,2015-01-10T00:00:00Z,-33.53382,-42.22608,0.1315,-0.1545,111.583336,2013-07-26T00:00:00Z,SVP
118480,2015-01-10T01:00:00Z,-33.53744,-42.21354,0.3012,-0.0692,115.208336,2013-07-26T00:00:00Z,SVP
118480,2015-01-10T02:00:00Z,-33.53851,-42.2032,0.2347,0.0153,183.58333,2013-07-26T00:00:00Z,SVP
118480,2015-01-10T03:00:00Z,-33.5371,-42.19382,0.302,0.084,233.99998,2013-07-26T00:00:00Z,SVP
118480,2015-01-10T04:00:00Z,-33.53479,-42.18196,0.306,0.0895,233.99998,2013-07-26T00:00:00Z,SVP
118480,2015-01-10T05:00:00Z,-33.53018,-42.16946,0.3388,0.1451,266.41666,2013-07-26T00:00:00Z,SVP
118480,2015-01-10T06:00:00Z,-33.52483,-42.15669,0.2809,0.2157,122.416664,2013-07-26T00:00:00Z,SVP
118480,2015-01-10T07:00:00Z,-33.51519,-42.14685,0.2072,0.3725,133.20833,2013-07-26T00:00:00Z,SVP
118480,2015-01-10T08:00:00Z,-33.50226,-42.13902,0.1959,0.4444,82.791664,2013-07-26T00:00:00Z,SVP
118480,2015-01-10T09:00:00Z,-33.48687,-42.13208,0.1828,0.471,248.41667,2013-07-26T00:00:00Z,SVP
118480,2015-01-10T10:00:00Z,-33.47173,-42.12739,-0.2765,0.5132,169.20834,2013-07-26T00:00:00Z,SVP
118480,2015-01-10T11:00:00Z,-33.45525,-42.13897,-0.3009,0.4894,252.0,2013-07-26T00:00:00Z,SVP
118480,2015-01-10T12:00:00Z,-33.43933,-42.14994,-0.2966,0.4882,252.0,2013-07-26T00:00:00Z,SVP
118480,2015-01-10T13:00:00Z,-33.42568,-42.16166,-0.3061,0.3196,140.41666,2013-07-26T00:00:00Z,SVP
118480,2015-01-10T14:00:00Z,-33.41633,-42.17413,-0.2762,0.2741,467.99997,2013-07-26T00:00:00Z,SVP
118480,2015-01-10T15:00:00Z,-33.40678,-42.18434,-0.2746,0.2768,467.99997,2013-07-26T00:00:00Z,SVP
118480,2015-01-10T16:00:00Z,-33.39686,-42.19566,-0.2722,0.2798,467.99997,2013-07-26T00:00:00Z,SVP
118480,2015-01-10T17:00:00Z,-33.38767,-42.20593,-0.1668,0.1415,230.41667,2013-07-26T00:00:00Z,SVP
118480,2015-01-10T18:00:00Z,-33.38317,-42.21162,-0.1745,0.1389,230.41667,2013-07-26T00:00:00Z,SVP
118480,2015-01-10T19:00:00Z,-33.37997,-42.21721,-0.1343,0.0995,176.41667,2013-07-26T00:00:00Z,SVP
118480,2015-01-10T20:00:00Z,-33.37841,-42.21941,-0.0569,-0.0039,122.416664,2013-07-26T00:00:00Z,SVP
118480,2015-01-10T21:00:00Z,-33.37811,-42.22744,-0.2636,0.0511,54.000004,2013-07-26T00:00:00Z,SVP
118480,2015-01-10T22:00:00Z,-33.37244,-42.22989,-0.023,0.2001,104.41666,2013-07-26T00:00:00Z,SVP
118480,2015-01-10T23:00:00Z,-33.36715,-42.2459,-0.3891,0.1382,172.79166,2013-07-26T00:00:00Z,SVP
118480,2015-01-11T00:00:00Z,-33.36352,-42.26031,-0.3168,0.0449,104.41666,2013-07-26T00:00:00Z,SVP
118480,2015-01-11T01:00:00Z,-33.3626,-42.26663,-0.1369,0.0452,126.0,2013-07-26T00:00:00Z,SVP
118480,2015-01-11T02:00:00Z,-33.35833,-42.26957,-0.06,0.1325,205.20834,2013-07-26T00:00:00Z,SVP
118480,2015-01-11T03:00:00Z,-33.3525,-42.27113,-0.0108,0.251,237.58334,2013-07-26T00:00:00Z,SVP
118480,2015-01-11T04:00:00Z,-33.34474,-42.27109,0.024,0.3878,259.20834,2013-07-26T00:00:00Z,SVP
118480,2015-01-11T05:00:00Z,-33.33134,-42.2706,0.0233,0.3811,259.20834,2013-07-26T00:00:00Z,SVP
118480,2015-01-11T06:00:00Z,-33.31846,-42.27032,0.0035,0.4234,86.41667,2013-07-26T00:00:00Z,SVP
118480,2015-01-11T07:00:00Z,-33.3043,-42.27285,-0.1346,0.4442,180.0,2013-07-26T00:00:00Z,SVP
118480,2015-01-11T08:00:00Z,-33.28992,-42.28044,-0.2718,0.4172,180.0,2013-07-26T00:00:00Z,SVP
118480,2015-01-11T09:00:00Z,-33.27703,-42.28984,-0.256,0.4082,180.0,2013-07-26T00:00:00Z,SVP
118480,2015-01-11T10:00:00Z,-33.26322,-42.30107,-0.3372,0.3953,158.41667,2013-07-26T00:00:00Z,SVP
118480,2015-01-11T11:00:00Z,-33.25154,-42.31402,-0.3511,0.1905,118.79167,2013-07-26T00:00:00Z,SVP
118480,2015-01-11T12:00:00Z,-33.24625,-42.32713,-0.3315,0.1458,136.79167,2013-07-26T00:00:00Z,SVP
118480,2015-01-11T13:00:00Z,-33.24248,-42.33896,-0.2714,0.0715,122.416664,2013-07-26T00:00:00Z,SVP
118480,2015-01-11T14:00:00Z,-33.24054,-42.34236,-0.0901,0.0499,478.79163,2013-07-26T00:00:00Z,SVP
118480,2015-01-11T15:00:00Z,-33.23962,-42.34545,-0.0893,0.0458,478.79163,2013-07-26T00:00:00Z,SVP
118480,2015-01-11T16:00:00Z,-33.23902,-42.34907,-0.0882,0.0424,478.79163,2013-07-26T00:00:00Z,SVP
118480,2015-01-11T17:00:00Z,-33.2351,-42.34483,0.2336,0.1658,248.41667,2013-07-26T00:00:00Z,SVP
118480,2015-01-11T18:00:00Z,-33.22922,-42.3355,0.2327,0.1614,248.41667,2013-07-26T00:00:00Z,SVP
118480,2015-01-11T19:00:00Z,-33.2231,-42.32655,0.2077,0.1842,223.20834,2013-07-26T00:00:00Z,SVP
118480,2015-01-11T20:00:00Z,-33.21716,-42.31951,0.2088,0.184,223.20834,2013-07-26T00:00:00Z,SVP
118480,2015-01-11T21:00:00Z,-33.2112,-42.31065,0.2241,0.1823,158.41667,2013-07-26T00:00:00Z,SVP
118480,2015-01-11T22:00:00Z,-33.20371,-42.30466,-0.0379,0.3299,165.58333,2013-07-26T00:00:00Z,SVP
118480,2015-01-11T23:00:00Z,-33.19094,-42.30638,-0.0414,0.3418,165.58333,2013-07-26T00:00:00Z,SVP
118480,2015-01-12T00:00:00Z,-33.18274,-42.3081,0.1459,0.3821,0.0,2013-07-26T00:00:00Z,SVP
118480,2015-01-12T01:00:00Z,-33.16966,-42.30097,0.1324,0.3459,248.41667,2013-07-26T00:00:00Z,SVP
118480,2015-01-12T02:00:00Z,-33.15919,-42.29644,0.1258,0.3374,108.00001,2013-07-26T00:00:00Z,SVP
118480,2015-01-12T03:00:00Z,-33.14898,-42.31294,-0.3976,0.2596,212.41667,2013-07-26T00:00:00Z,SVP
118480,2015-01-12T04:00:00Z,-33.13982,-42.32915,-0.2178,0.077,248.41667,2013-07-26T00:00:00Z,SVP
118480,2015-01-12T05:00:00Z,-33.13792,-42.33721,-0.2162,0.0795,248.41667,2013-07-26T00:00:00Z,SVP
118480,2015-01-12T06:00:00Z,-33.13734,-42.34345,-0.1006,-0.0782,176.41667,2013-07-26T00:00:00Z,SVP
118480,2015-01-12T07:00:00Z,-33.14049,-42.3467,-0.0998,-0.0761,176.41667,2013-07-26T00:00:00Z,SVP
118480,2015-01-12T08:00:00Z,-33.14102,-42.36246,-0.2897,-0.0351,210.58334,2013-07-26T00:00:00Z,SVP
118480,2015-01-12T09:00:00Z,-33.1416,-42.37413,-0.2495,-0.1995,210.58334,2013-07-26T00:00:00Z,SVP
118480,2015-01-12T10:00:00Z,-33.14906,-42.384,-0.2509,-0.1908,210.58334,2013-07-26T00:00:00Z,SVP
118480,2015-01-12T11:00:00Z,-33.15599,-42.39407,-0.261,-0.2371,115.208336,2013-07-26T00:00:00Z,SVP
118480,2015-01-12T12:00:00Z,-33.16546,-42.40059,-0.1249,-0.3033,144.0,2013-07-26T00:00:00Z,SVP
118480,2015-01-12T13:00:00Z,-33.17539,-42.40448,0.0658,-0.1896,129.58333,2013-07-26T00:00:00Z,SVP
118480,2015-01-12T14:00:00Z,-33.18095,-42.4035,0.1382,-0.1354,385.20834,2013-07-26T00:00:00Z,SVP
118480,2015-01-12T15:00:00Z,-33.18578,-42.3974,0.1362,-0.1379,385.20834,2013-07-26T00:00:00Z,SVP
118480,2015-01-12T16:00:00Z,-33.1915,-42.39271,0.1424,-0.1435,385.20834,2013-07-26T00:00:00Z,SVP
118480,2015-01-12T17:00:00Z,-33.19344,-42.3878,0.1384,0.0363,233.99998,2013-07-26T00:00:00Z,SVP
118480,2015-01-12T18:00:00Z,-33.19261,-42.37948,0.1558,0.0903,255.58333,2013-07-26T00:00:00Z,SVP
118480,2015-01-12T19:00:00Z,-33.1895,-42.37878,0.1098,0.0937,255.58333,2013-07-26T00:00:00Z,SVP
118480,2015-01-12T20:00:00Z,-33.18507,-42.37279,0.2821,0.1915,241.20834,2013-07-26T00:00:00Z,SVP
118480,2015-01-12T21:00:00Z,-33.1782,-42.36114,0.2766,0.2001,241.20834,2013-07-26T00:00:00Z,SVP
118480,2015-01-12T22:00:00Z,-33.16897,-42.36248,-0.2492,0.2581,169.20834,2013-07-26T00:00:00Z,SVP
118480,2015-01-12T23:00:00Z,-33.16092,-42.37162,-0.2634,0.1942,147.58333,2013-07-26T00:00:00Z,SVP
118480,2015-01-13T00:00:00Z,-33.15546,-42.38074,-0.1559,0.0907,104.41666,2013-07-26T00:00:00Z,SVP
118480,2015-01-13T01:00:00Z,-33.15346,-42.38513,-0.1101,0.0516,147.58333,2013-07-26T00:00:00Z,SVP
118480,2015-01-13T02:00:00Z,-33.15296,-42.391,-0.1619,-0.0485,100.79167,2013-07-26T00:00:00Z,SVP
118480,2015-01-13T03:00:00Z,-33.15893,-42.39731,-0.1768,-0.1763,237.58334,2013-07-26T00:00:00Z,SVP
118480,2015-01-13T04:00:00Z,-33.16447,-42.39731,0.2444,-0.1773,269.99997,2013-07-26T00:00:00Z,SVP
118480,2015-01-13T05:00:00Z,-33.17008,-42.38667,0.242,-0.1755,269.99997,2013-07-26T00:00:00Z,SVP
118480,2015-01-13T06:00:00Z,-33.16601,-42.37612,0.2746,0.3169,255.58333,2013-07-26T00:00:00Z,SVP
118480,2015-01-13T07:00:00Z,-33.15573,-42.37105,0.2288,0.3185,255.58333,2013-07-26T00:00:00Z,SVP
118480,2015-01-13T08:00:00Z,-33.14502,-42.35463,0.2808,0.3285,176.41667,2013-07-26T00:00:00Z,SVP
118480,2015-01-13T09:00:00Z,-33.13157,-42.34568,0.1672,0.5253,190.79166,2013-07-26T00:00:00Z,SVP
118480,2015-01-13T10:00:00Z,-33.11508,-42.33785,-0.0386,0.5542,129.58333,2013-07-26T00:00:00Z,SVP
118480,2015-01-13T11:00:00Z,-33.09653,-42.34109,-0.1214,0.5455,129.58333,2013-07-26T00:00:00Z,SVP
118480,2015-01-13T12:00:00Z,-33.07993,-42.34597,-0.1666,0.4822,118.79167,2013-07-26T00:00:00Z,SVP
118480,2015-01-13T13:00:00Z,-33.06608,-42.35279,-0.196,0.3574,133.20833,2013-07-26T00:00:00Z,SVP
118480,2015-01-13T14:00:00Z,-33.05501,-42.36086,-0.2146,0.3189,428.41666,2013-07-26T00:00:00Z,SVP
118480,2015-01-13T15:00:00Z,-33.04398,-42.36918,-0.2153,0.324,428.41666,2013-07-26T00:00:00Z,SVP
118480,2015-01-13T16:00:00Z,-33.03253,-42.37698,-0.2158,0.3281,428.41666,2013-07-26T00:00:00Z,SVP
118480,2015-01-13T17:00:00Z,-33.02601,-42.38821,-0.311,0.1514,230.41667,2013-07-26T00:00:00Z,SVP
118480,2015-01-13T18:00:00Z,-33.02163,-42.39994,-0.3214,0.1041,255.58333,2013-07-26T00:00:00Z,SVP
118480,2015-01-13T19:00:00Z,-33.01857,-42.41487,-0.3415,0.102,255.58333,2013-07-26T00:00:00Z,SVP
118480,2015-01-13T20:00:00Z,-33.01618,-42.42599,-0.2793,0.0482,248.41667,2013-07-26T00:00:00Z,SVP
118480,2015-01-13T21:00:00Z,-33.01424,-42.43453,-0.2893,0.0479,248.41667,2013-07-26T00:00:00Z,SVP
118480,2015-01-13T22:00:00Z,-33.01671,-42.44684,-0.2777,-0.0511,331.2083,2013-07-26T00:00:00Z,SVP
118480,2015-01-13T23:00:00Z,-33.01822,-42.45829,-0.2749,-0.0541,331.2083,2013-07-26T00:00:00Z,SVP
118480,2015-01-14T00:00:00Z,-33.02206,-42.46781,-0.2621,-0.1164,126.0,2013-07-26T00:00:00Z,SVP
118480,2015-01-14T01:00:00Z,-33.02609,-42.47384,-0.1518,-0.0757,122.416664,2013-07-26T00:00:00Z,SVP
118480,2015-01-14T02:00:00Z,-33.02877,-42.47908,-0.1793,-0.056,255.58333,2013-07-26T00:00:00Z,SVP
118480,2015-01-14T03:00:00Z,-33.03028,-42.48662,-0.1795,-0.0562,255.58333,2013-07-26T00:00:00Z,SVP
118480,2015-01-14T04:00:00Z,-33.03076,-42.49233,-0.145,-0.0115,262.79166,2013-07-26T00:00:00Z,SVP
118480,2015-01-14T05:00:00Z,-33.03378,-42.49762,-0.1429,-0.0412,262.79166,2013-07-26T00:00:00Z,SVP
118480,2015-01-14T06:00:00Z,-33.02862,-42.50326,-0.1371,0.0551,241.20834,2013-07-26T00:00:00Z,SVP
118480,2015-01-14T07:00:00Z,-33.02719,-42.50827,-0.172,0.0855,151.20834,2013-07-26T00:00:00Z,SVP
118480,2015-01-14T08:00:00Z,-33.02435,-42.51479,-0.1471,0.085,97.20833,2013-07-26T00:00:00Z,SVP
118480,2015-01-14T09:00:00Z,-33.0213,-42.52126,-0.1751,0.101,151.20834,2013-07-26T00:00:00Z,SVP
118480,2015-01-14T10:00:00Z,-33.01832,-42.52928,-0.2667,0.0904,172.79166,2013-07-26T00:00:00Z,SVP
118480,2015-01-14T11:00:00Z,-33.01527,-42.54131,-0.3273,0.0825,79.208336,2013-07-26T00:00:00Z,SVP
118480,2015-01-14T12:00:00Z,-33.01276,-42.55166,-0.2764,0.0718,165.58333,2013-07-26T00:00:00Z,SVP
118480,2015-01-14T13:00:00Z,-33.01434,-42.5622,-0.2376,-0.0639,568.7917,2013-07-26T00:00:00Z,SVP
118480,2015-01-14T14:00:00Z,-33.01673,-42.57205,-0.2388,-0.0631,568.7917,2013-07-26T00:00:00Z,SVP
118480,2015-01-14T15:00:00Z,-33.01899,-42.58218,-0.2399,-0.0623,568.7917,2013-07-26T00:00:00Z,SVP
118480,2015-01-14T16:00:00Z,-33.0213,-42.593,-0.2389,-0.0609,568.7917,2013-07-26T00:00:00Z,SVP
118480,2015-01-14T17:00:00Z,-33.0234,-42.59784,-0.118,-0.079,230.41667,2013-07-26T00:00:00Z,SVP
118480,2015-01-14T18:00:00Z,-33.02599,-42.60137,-0.0672,-0.088,216.00002,2013-07-26T00:00:00Z,SVP
118480,2015-01-14T19:00:00Z,-33.02968,-42.6037,0.109,-0.0585,248.41667,2013-07-26T00:00:00Z,SVP
118480,2015-01-14T20:00:00Z,-33.0303,-42.59696,0.0932,-0.048,248.41667,2013-07-26T00:00:00Z,SVP
118480,2015-01-14T21:00:00Z,-33.02792,-42.5943,-0.0498,0.0878,0.0,2013-07-26T00:00:00Z,SVP
118480,2015-01-14T22:00:00Z,-33.0264,-42.59184,0.0458,0.0894,518.4167,2013-07-26T00:00:00Z,SVP
118480,2015-01-14T23:00:00Z,-33.02392,-42.59082,0.0429,0.0904,518.4167,2013-07-26T00:00:00Z,SVP
118480,2015-01-15T00:00:00Z,-33.02151,-42.59809,-0.0281,0.0916,518.4167,2013-07-26T00:00:00Z,SVP
118480,2015-01-15T01:00:00Z,-33.01866,-42.59523,0.1383,0.066,414.0,2013-07-26T00:00:00Z,SVP
118480,2015-01-15T02:00:00Z,-33.01509,-42.58565,0.084,0.0717,414.0,2013-07-26T00:00:00Z,SVP
118480,2015-01-15T03:00:00Z,-33.01172,-42.58109,0.0686,0.0724,414.0,2013-07-26T00:00:00Z,SVP
118480,2015-01-15T04:00:00Z,-33.01236,-42.57478,0.1884,0.0123,262.79166,2013-07-26T00:00:00Z,SVP
118480,2015-01-15T05:00:00Z,-33.02303,-42.57676,0.3508,0.2979,187.20833,2013-07-26T00:00:00Z,SVP
118480,2015-01-15T06:00:00Z,-33.01261,-42.55883,0.2075,0.2748,187.20833,2013-07-26T00:00:00Z,SVP
118480,2015-01-15T07:00:00Z,-32.99935,-42.55192,0.1471,0.6079,183.58333,2013-07-26T00:00:00Z,SVP
118480,2015-01-15T08:00:00Z,-32.98022,-42.54505,0.1264,0.8363,140.41666,2013-07-26T00:00:00Z,SVP
118480,2015-01-15T09:00:00Z,-32.95221,-42.54241,0.0524,0.9071,190.79166,2013-07-26T00:00:00Z,SVP
118480,2015-01-15T10:00:00Z,-32.92213,-42.5389,0.0688,0.9135,190.79166,2013-07-26T00:00:00Z,SVP
118480,2015-01-15T11:00:00Z,-32.89466,-42.54925,-0.4846,0.7881,122.416664,2013-07-26T00:00:00Z,SVP
118480,2015-01-15T12:00:00Z,-32.86951,-42.56909,-0.4952,0.7355,129.58333,2013-07-26T00:00:00Z,SVP
118480,2015-01-15T13:00:00Z,-32.85074,-42.58672,-0.5437,0.4066,482.4167,2013-07-26T00:00:00Z,SVP
118480,2015-01-15T14:00:00Z,-32.83799,-42.60807,-0.543,0.4069,482.4167,2013-07-26T00:00:00Z,SVP
118480,2015-01-15T15:00:00Z,-32.8247,-42.62907,-0.5431,0.4059,482.4167,2013-07-26T00:00:00Z,SVP
118480,2015-01-15T16:00:00Z,-32.81146,-42.64928,-0.5426,0.37,226.79166,2013-07-26T00:00:00Z,SVP
118480,2015-01-15T17:00:00Z,-32.80026,-42.67057,-0.5428,0.3652,226.79166,2013-07-26T00:00:00Z,SVP
118480,2015-01-15T18:00:00Z,-32.79311,-42.68826,-0.4557,0.2269,169.20834,2013-07-26T00:00:00Z,SVP
118480,2015-01-15T19:00:00Z,-32.78607,-42.7058,-0.4259,0.1607,86.41667,2013-07-26T00:00:00Z,SVP
118480,2015-01-15T20:00:00Z,-32.78597,-42.71979,-0.348,0.0389,162.0,2013-07-26T00:00:00Z,SVP
118480,2015-01-15T21:00:00Z,-32.78467,-42.72757,-0.1586,0.0627,169.20834,2013-07-26T00:00:00Z,SVP
118480,2015-01-15T22:00:00Z,-32.78305,-42.73263,-0.2087,0.1366,233.99998,2013-07-26T00:00:00Z,SVP
118480,2015-01-15T23:00:00Z,-32.77813,-42.74209,-0.203,0.1391,233.99998,2013-07-26T00:00:00Z,SVP
118480,2015-01-16T00:00:00Z,-32.77214,-42.74788,-0.1295,0.1961,126.0,2013-07-26T00:00:00Z,SVP
118480,2015-01-16T01:00:00Z,-32.76479,-42.75008,-0.1078,0.2809,158.41667,2013-07-26T00:00:00Z,SVP
118480,2015-01-16T02:00:00Z,-32.75457,-42.75689,-0.1267,0.2488,97.20833,2013-07-26T00:00:00Z,SVP
118480,2015-01-16T03:00:00Z,-32.74844,-42.76046,-0.1068,0.1597,61.208332,2013-07-26T00:00:00Z,SVP
118480,2015-01-16T04:00:00Z,-32.7432,-42.76443,-0.1397,0.1785,269.99997,2013-07-26T00:00:00Z,SVP
118480,2015-01-16T05:00:00Z,-32.73773,-42.76963,-0.1081,0.1928,226.79166,2013-07-26T00:00:00Z,SVP
118480,2015-01-16T06:00:00Z,-32.73097,-42.77429,-0.1062,0.1908,226.79166,2013-07-26T00:00:00Z,SVP
118480,2015-01-16T07:00:00Z,-32.7245,-42.77693,-0.053,0.2132,169.20834,2013-07-26T00:00:00Z,SVP
118480,2015-01-16T08:00:00Z,-32.71742,-42.7791,-0.0579,0.2193,109.791664,2013-07-26T00:00:00Z,SVP
118480,2015-01-16T09:00:00Z,-32.70847,-42.7834,-0.1039,0.2932,156.58334,2013-07-26T00:00:00Z,SVP
118480,2015-01-16T10:00:00Z,-32.69552,-42.78576,-0.0772,0.4127,126.0,2013-07-26T00:00:00Z,SVP
118480,2015-01-16T11:00:00Z,-32.68262,-42.7946,-0.3039,0.3435,122.416664,2013-07-26T00:00:00Z,SVP
118480,2015-01-16T12:00:00Z,-32.67266,-42.80588,-0.3014,0.2646,111.583336,2013-07-26T00:00:00Z,SVP
118480,2015-01-16T13:00:00Z,-32.66419,-42.81713,-0.2854,0.2678,140.41666,2013-07-26T00:00:00Z,SVP
118480,2015-01-16T14:00:00Z,-32.65561,-42.83003,-0.2965,-0.0165,252.0,2013-07-26T00:00:00Z,SVP
118480,2015-01-16T15:00:00Z,-32.6573,-42.83936,-0.2943,-0.0312,252.0,2013-07-26T00:00:00Z,SVP
118480,2015-01-16T16:00:00Z,-32.66108,-42.84887,-0.2629,-0.1974,486.00003,2013-07-26T00:00:00Z,SVP
118480,2015-01-16T17:00:00Z,-32.66852,-42.85974,-0.2629,-0.1916,486.00003,2013-07-26T00:00:00Z,SVP
118480,2015-01-16T18:00:00Z,-32.67524,-42.87069,-0.2632,-0.188,486.00003,2013-07-26T00:00:00Z,SVP
118480,2015-01-16T19:00:00Z,-32.68153,-42.88512,-0.006,-0.2083,90.0,2013-07-26T00:00:00Z,SVP
118480,2015-01-16T20:00:00Z,-32.68823,-42.88423,0.1657,-0.2676,111.583336,2013-07-26T00:00:00Z,SVP
118480,2015-01-16T21:00:00Z,-32.69625,-42.87694,0.2317,-0.239,90.0,2013-07-26T00:00:00Z,SVP
118480,2015-01-16T22:00:00Z,-32.70122,-42.87547,-0.0114,-0.1293,198.00002,2013-07-26T00:00:00Z,SVP
118480,2015-01-16T23:00:00Z,-32.71387,-42.88102,0.1634,0.1136,147.58333,2013-07-26T00:00:00Z,SVP
118480,2015-01-17T00:00:00Z,-32.70917,-42.87378,0.2583,0.0283,104.41666,2013-07-26T00:00:00Z,SVP
118480,2015-01-17T01:00:00Z,-32.70861,-42.86497,0.2344,0.0088,244.79167,2013-07-26T00:00:00Z,SVP
118480,2015-01-17T02:00:00Z,-32.70832,-42.85495,0.2393,0.0093,244.79167,2013-07-26T00:00:00Z,SVP
118480,2015-01-17T03:00:00Z,-32.70595,-42.84841,0.1745,0.2126,269.99997,2013-07-26T00:00:00Z,SVP
118480,2015-01-17T04:00:00Z,-32.69943,-42.83941,0.1784,0.2135,269.99997,2013-07-26T00:00:00Z,SVP
118480,2015-01-17T05:00:00Z,-32.69269,-42.82611,0.0112,0.3238,219.58333,2013-07-26T00:00:00Z,SVP
118480,2015-01-17T06:00:00Z,-32.68177,-42.8284,0.1158,0.3183,219.58333,2013-07-26T00:00:00Z,SVP
118480,2015-01-17T07:00:00Z,-32.67082,-42.82478,0.0228,0.3422,136.79167,2013-07-26T00:00:00Z,SVP
118480,2015-01-17T08:00:00Z,-32.66095,-42.82526,-0.0028,0.3336,144.0,2013-07-26T00:00:00Z,SVP
118480,2015-01-17T09:00:00Z,-32.64973,-42.82574,-0.0031,0.3036,104.41666,2013-07-26T00:00:00Z,SVP
118480,2015-01-17T10:00:00Z,-32.64022,-42.82699,-0.0659,0.2869,104.41666,2013-07-26T00:00:00Z,SVP
118480,2015-01-17T11:00:00Z,-32.63102,-42.82986,-0.0913,0.2733,126.0,2013-07-26T00:00:00Z,SVP
118480,2015-01-17T12:00:00Z,-32.62777,-42.82938,0.0758,0.0974,136.79167,2013-07-26T00:00:00Z,SVP
118480,2015-01-17T13:00:00Z,-32.62424,-42.82569,0.2239,0.2145,118.79167,2013-07-26T00:00:00Z,SVP
118480,2015-01-17T14:00:00Z,-32.61784,-42.81576,0.2928,0.2048,273.58334,2013-07-26T00:00:00Z,SVP
118480,2015-01-17T15:00:00Z,-32.60939,-42.80285,0.3,0.2309,273.58334,2013-07-26T00:00:00Z,SVP
118480,2015-01-17T16:00:00Z,-32.60979,-42.79144,0.3166,-0.0846,226.79166,2013-07-26T00:00:00Z,SVP
118480,2015-01-17T17:00:00Z,-32.61483,-42.78183,0.4046,-0.0205,255.58333,2013-07-26T00:00:00Z,SVP
118480,2015-01-17T18:00:00Z,-32.61465,-42.76569,0.405,-0.0286,255.58333,2013-07-26T00:00:00Z,SVP
118480,2015-01-17T19:00:00Z,-32.61402,-42.75114,0.3799,0.0538,61.208332,2013-07-26T00:00:00Z,SVP
118480,2015-01-17T20:00:00Z,-32.60874,-42.73629,0.5121,0.2006,122.416664,2013-07-26T00:00:00Z,SVP
118480,2015-01-17T21:00:00Z,-32.60088,-42.72015,0.2688,0.2718,75.583336,2013-07-26T00:00:00Z,SVP
118480,2015-01-17T22:00:00Z,-32.59315,-42.71421,0.1344,0.2358,169.20834,2013-07-26T00:00:00Z,SVP
118480,2015-01-17T23:00:00Z,-32.58552,-42.70899,0.1149,0.2161,187.20833,2013-07-26T00:00:00Z,SVP
118480,2015-01-18T00:00:00Z,-32.57806,-42.70198,0.3828,0.2346,226.79166,2013-07-26T00:00:00Z,SVP
118480,2015-01-18T01:00:00Z,-32.57125,-42.68816,0.3801,0.2337,226.79166,2013-07-26T00:00:00Z,SVP
118480,2015-01-18T02:00:00Z,-32.56337,-42.66746,-0.0801,0.0576,140.41666,2013-07-26T00:00:00Z,SVP
118480,2015-01-18T03:00:00Z,-32.56306,-42.67848,0.0533,0.0618,248.41667,2013-07-26T00:00:00Z,SVP
118480,2015-01-18T04:00:00Z,-32.56022,-42.67463,0.0397,0.0624,248.41667,2013-07-26T00:00:00Z,SVP
118480,2015-01-18T05:00:00Z,-32.55827,-42.67372,0.051,0.0852,216.00002,2013-07-26T00:00:00Z,SVP
118480,2015-01-18T06:00:00Z,-32.55537,-42.67159,0.0613,0.1001,118.79167,2013-07-26T00:00:00Z,SVP
118480,2015-01-18T07:00:00Z,-32.55231,-42.66944,0.0705,0.1027,82.791664,2013-07-26T00:00:00Z,SVP
118480,2015-01-18T08:00:00Z,-32.54948,-42.66718,0.0662,0.0675,97.20833,2013-07-26T00:00:00Z,SVP
118480,2015-01-18T09:00:00Z,-32.54716,-42.6619,0.2377,0.0183,0.0,2013-07-26T00:00:00Z,SVP
118480,2015-01-18T10:00:00Z,-32.54682,-42.6552,0.1237,0.0618,115.208336,2013-07-26T00:00:00Z,SVP
118480,2015-01-18T11:00:00Z,-32.54469,-42.65119,0.0646,0.1555,133.20833,2013-07-26T00:00:00Z,SVP
118480,2015-01-18T12:00:00Z,-32.53986,-42.64961,-0.0664,0.1481,133.20833,2013-07-26T00:00:00Z,SVP
118480,2015-01-18T13:00:00Z,-32.5358,-42.65238,-0.0616,0.1156,100.79167,2013-07-26T00:00:00Z,SVP
118480,2015-01-18T14:00:00Z,-32.53643,-42.6562,-0.0955,-0.028,302.4167,2013-07-26T00:00:00Z,SVP
118480,2015-01-18T15:00:00Z,-32.52891,-42.65311,-0.0287,0.0911,302.4167,2013-07-26T00:00:00Z,SVP
118480,2015-01-18T16:00:00Z,-32.53568,-42.6634,-0.1075,-0.3047,237.58334,2013-07-26T00:00:00Z,SVP
118480,2015-01-18T17:00:00Z,-32.54528,-42.66869,-0.0432,-0.3192,255.58333,2013-07-26T00:00:00Z,SVP
118480,2015-01-18T18:00:00Z,-32.55597,-42.67001,-0.0371,-0.3195,255.58333,2013-07-26T00:00:00Z,SVP
118480,2015-01-18T19:00:00Z,-32.56531,-42.66555,0.243,-0.2898,97.20833,2013-07-26T00:00:00Z,SVP
118480,2015-01-18T20:00:00Z,-32.57345,-42.65606,0.2517,-0.2452,136.79167,2013-07-26T00:00:00Z,SVP
118480,2015-01-18T21:00:00Z,-32.5814,-42.64876,0.1606,-0.2215,165.58333,2013-07-26T00:00:00Z,SVP
118480,2015-01-18T22:00:00Z,-32.58876,-42.64206,0.1352,-0.1786,212.41667,2013-07-26T00:00:00Z,SVP
118480,2015-01-18T23:00:00Z,-32.59419,-42.63751,0.1373,-0.1788,212.41667,2013-07-26T00:00:00Z,SVP
118480,2015-01-19T00:00:00Z,-32.59964,-42.63055,0.3314,-0.146,133.20833,2013-07-26T00:00:00Z,SVP
118480,2015-01-19T01:00:00Z,-32.60435,-42.61665,0.3274,-0.1173,115.208336,2013-07-26T00:00:00Z,SVP
118480,2015-01-19T02:00:00Z,-32.60663,-42.60558,0.2625,-0.019,144.0,2013-07-26T00:00:00Z,SVP
118480,2015-01-19T03:00:00Z,-32.6073,-42.59549,0.2601,0.0068,233.99998,2013-07-26T00:00:00Z,SVP
118480,2015-01-19T04:00:00Z,-32.60676,-42.58556,0.2597,0.0063,233.99998,2013-07-26T00:00:00Z,SVP
118480,2015-01-19T05:00:00Z,-32.60551,-42.57531,0.2599,0.0483,266.41666,2013-07-26T00:00:00Z,SVP
118480,2015-01-19T06:00:00Z,-32.60441,-42.56599,0.2314,0.1881,64.791664,2013-07-26T00:00:00Z,SVP
118480,2015-01-19T07:00:00Z,-32.59797,-42.55863,0.1603,0.2049,194.41666,2013-07-26T00:00:00Z,SVP
118480,2015-01-19T08:00:00Z,-32.59169,-42.55052,0.1747,0.1853,54.000004,2013-07-26T00:00:00Z,SVP
118480,2015-01-19T09:00:00Z,-32.58799,-42.55047,-0.0355,0.0997,183.58333,2013-07-26T00:00:00Z,SVP
118480,2015-01-19T10:00:00Z,-32.58454,-42.55163,-0.0074,0.0917,79.208336,2013-07-26T00:00:00Z,SVP
118480,2015-01-19T11:00:00Z,-32.58231,-42.55151,0.0286,0.0494,147.58333,2013-07-26T00:00:00Z,SVP
118480,2015-01-19T12:00:00Z,-32.58388,-42.5511,-0.0118,-0.0473,144.0,2013-07-26T00:00:00Z,SVP
118480,2015-01-19T13:00:00Z,-32.58793,-42.55802,0.1588,-0.2985,547.2084,2013-07-26T00:00:00Z,SVP
118480,2015-01-19T14:00:00Z,-32.59817,-42.5514,0.1628,-0.3013,547.2084,2013-07-26T00:00:00Z,SVP
118480,2015-01-19T15:00:00Z,-32.60791,-42.5453,0.1628,-0.3018,547.2084,2013-07-26T00:00:00Z,SVP
118480,2015-01-19T16:00:00Z,-32.61721,-42.53987,0.1605,-0.3013,547.2084,2013-07-26T00:00:00Z,SVP
118480,2015-01-19T17:00:00Z,-32.62705,-42.53215,0.2347,-0.3188,255.58333,2013-07-26T00:00:00Z,SVP
118480,2015-01-19T18:00:00Z,-32.63887,-42.52132,0.2083,-0.3248,255.58333,2013-07-26T00:00:00Z,SVP
118480,2015-01-19T19:00:00Z,-32.64699,-42.50482,0.5595,-0.2089,136.79167,2013-07-26T00:00:00Z,SVP
118480,2015-01-19T20:00:00Z,-32.65306,-42.48284,0.6133,-0.126,77.41667,2013-07-26T00:00:00Z,SVP
118480,2015-01-19T21:00:00Z,-32.65595,-42.45902,0.6184,-0.0743,178.20833,2013-07-26T00:00:00Z,SVP
118480,2015-01-19T22:00:00Z,-32.65718,-42.43642,0.5619,0.0015,108.00001,2013-07-26T00:00:00Z,SVP
118480,2015-01-19T23:00:00Z,-32.65175,-42.41943,0.4651,0.1351,230.41667,2013-07-26T00:00:00Z,SVP
118480,2015-01-20T00:00:00Z,-32.64529,-42.40009,0.497,0.2491,126.0,2013-07-26T00:00:00Z,SVP
118480,2015-01-20T01:00:00Z,-32.63618,-42.37508,0.642,0.2925,126.0,2013-07-26T00:00:00Z,SVP
118480,2015-01-20T02:00:00Z,-32.6254,-42.3647,0.119,0.3616,172.79166,2013-07-26T00:00:00Z,SVP
118480,2015-01-20T03:00:00Z,-32.61408,-42.36128,0.0669,0.3584,233.99998,2013-07-26T00:00:00Z,SVP
118480,2015-01-20T04:00:00Z,-32.59911,-42.35667,-0.0456,0.2794,244.79167,2013-07-26T00:00:00Z,SVP
118480,2015-01-20T05:00:00Z,-32.5912,-42.35954,-0.0363,0.2949,244.79167,2013-07-26T00:00:00Z,SVP
118480,2015-01-20T06:00:00Z,-32.58317,-42.36099,-0.0469,0.0241,216.00002,2013-07-26T00:00:00Z,SVP
118480,2015-01-20T07:00:00Z,-32.58293,-42.36312,-0.0477,0.0248,216.00002,2013-07-26T00:00:00Z,SVP
118480,2015-01-20T08:00:00Z,-32.58269,-42.36554,-0.0894,-0.0338,181.79167,2013-07-26T00:00:00Z,SVP
118480,2015-01-20T09:00:00Z,-32.58272,-42.3699,-0.0928,-0.0237,181.79167,2013-07-26T00:00:00Z,SVP
118480,2015-01-20T10:00:00Z,-32.58796,-42.37024,0.0042,-0.159,198.00002,2013-07-26T00:00:00Z,SVP
118480,2015-01-20T11:00:00Z,-32.59283,-42.36948,0.0427,-0.189,115.208336,2013-07-26T00:00:00Z,SVP
118480,2015-01-20T12:00:00Z,-32.59953,-42.3669,0.1068,-0.2174,115.208336,2013-07-26T00:00:00Z,SVP
118480,2015-01-20T13:00:00Z,-32.60424,-42.35983,0.2174,-0.0743,147.58333,2013-07-26T00:00:00Z,SVP
118480,2015-01-20T14:00:00Z,-32.60644,-42.35182,0.2461,-0.0327,439.2083,2013-07-26T00:00:00Z,SVP
118480,2015-01-20T15:00:00Z,-32.6076,-42.34188,0.2461,-0.0324,439.2083,2013-07-26T00:00:00Z,SVP
118480,2015-01-20T16:00:00Z,-32.60931,-42.3336,0.3188,-0.0339,439.2083,2013-07-26T00:00:00Z,SVP
118480,2015-01-20T17:00:00Z,-32.60712,-42.31975,0.3808,0.1399,255.58333,2013-07-26T00:00:00Z,SVP
118480,2015-01-20T18:00:00Z,-32.60219,-42.30255,0.3794,0.1353,255.58333,2013-07-26T00:00:00Z,SVP
118480,2015-01-20T19:00:00Z,-32.59799,-42.29498,0.1659,0.1404,144.0,2013-07-26T00:00:00Z,SVP
118480,2015-01-20T20:00:00Z,-32.59214,-42.28839,0.2276,0.2268,172.79166,2013-07-26T00:00:00Z,SVP
118480,2015-01-20T21:00:00Z,-32.58499,-42.27869,-0.0694,0.2234,86.41667,2013-07-26T00:00:00Z,SVP
118480,2015-01-20T22:00:00Z,-32.57729,-42.28184,-0.1253,0.2225,280.79166,2013-07-26T00:00:00Z,SVP
118480,2015-01-20T23:00:00Z,-32.57081,-42.28707,-0.1229,0.2232,280.79166,2013-07-26T00:00:00Z,SVP
118480,2015-01-21T00:00:00Z,-32.56238,-42.29082,-0.1033,0.2301,126.0,2013-07-26T00:00:00Z,SVP
118480,2015-01-21T01:00:00Z,-32.55605,-42.29349,-0.1574,0.1589,140.41666,2013-07-26T00:00:00Z,SVP
118480,2015-01-21T02:00:00Z,-32.55112,-42.30194,-0.3399,-0.0314,104.41666,2013-07-26T00:00:00Z,SVP
118480,2015-01-21T03:00:00Z,-32.55325,-42.31461,-0.3238,-0.0842,183.58333,2013-07-26T00:00:00Z,SVP
118480,2015-01-21T04:00:00Z,-32.55502,-42.32764,-0.2248,-0.1295,252.0,2013-07-26T00:00:00Z,SVP
118480,2015-01-21T05:00:00Z,-32.55959,-42.33394,-0.2276,-0.1276,252.0,2013-07-26T00:00:00Z,SVP
118480,2015-01-21T06:00:00Z,-32.56342,-42.34317,-0.2534,-0.1297,233.99998,2013-07-26T00:00:00Z,SVP
118480,2015-01-21T07:00:00Z,-32.56775,-42.35466,-0.2462,-0.1293,233.99998,2013-07-26T00:00:00Z,SVP
118480,2015-01-21T08:00:00Z,-32.56937,-42.36143,-0.1927,-0.0737,201.58334,2013-07-26T00:00:00Z,SVP
118480,2015-01-21T09:00:00Z,-32.57124,-42.36827,-0.2824,-0.1056,262.79166,2013-07-26T00:00:00Z,SVP
118480,2015-01-21T10:00:00Z,-32.57481,-42.37969,-0.2821,-0.1054,262.79166,2013-07-26T00:00:00Z,SVP
118480,2015-01-21T11:00:00Z,-32.57709,-42.38943,-0.2549,-0.0639,118.79167,2013-07-26T00:00:00Z,SVP
118480,2015-01-21T12:00:00Z,-32.57651,-42.39221,-0.0879,0.057,118.79167,2013-07-26T00:00:00Z,SVP
118480,2015-01-21T13:00:00Z,-32.5727,-42.39899,-0.1241,0.1742,133.20833,2013-07-26T00:00:00Z,SVP
118480,2015-01-21T14:00:00Z,-32.56637,-42.4026,-0.1297,0.1981,504.0,2013-07-26T00:00:00Z,SVP
118480,2015-01-21T15:00:00Z,-32.5598,-42.40741,-0.1297,0.198,504.0,2013-07-26T00:00:00Z,SVP
118480,2015-01-21T16:00:00Z,-32.55332,-42.41252,-0.1288,0.198,504.0,2013-07-26T00:00:00Z,SVP
118480,2015-01-21T17:00:00Z,-32.54805,-42.41538,-0.068,0.1749,223.20834,2013-07-26T00:00:00Z,SVP
118480,2015-01-21T18:00:00Z,-32.54266,-42.41755,-0.0442,0.1385,115.208336,2013-07-26T00:00:00Z,SVP
118480,2015-01-21T19:00:00Z,-32.53938,-42.41829,-0.0271,0.1333,136.79167,2013-07-26T00:00:00Z,SVP
118480,2015-01-21T20:00:00Z,-32.53447,-42.41925,-0.03,0.1766,90.0,2013-07-26T00:00:00Z,SVP
118480,2015-01-21T21:00:00Z,-32.52823,-42.42145,-0.0441,0.1644,144.0,2013-07-26T00:00:00Z,SVP
118480,2015-01-21T22:00:00Z,-32.52358,-42.42373,-0.0649,0.1933,147.58333,2013-07-26T00:00:00Z,SVP
118480,2015-01-21T23:00:00Z,-32.51741,-42.42642,-0.1089,0.2586,144.0,2013-07-26T00:00:00Z,SVP
118480,2015-01-22T00:00:00Z,-32.50847,-42.42944,-0.0604,0.2456,104.41666,2013-07-26T00:00:00Z,SVP
118480,2015-01-22T01:00:00Z,-32.50043,-42.43397,-0.1226,0.2946,144.0,2013-07-26T00:00:00Z,SVP
118480,2015-01-22T02:00:00Z,-32.49144,-42.43566,-0.1691,0.2917,306.0,2013-07-26T00:00:00Z,SVP
118480,2015-01-22T03:00:00Z,-32.48141,-42.44434,-0.1432,0.2927,306.0,2013-07-26T00:00:00Z,SVP
118480,2015-01-22T04:00:00Z,-32.47399,-42.44949,-0.0928,0.092,255.58333,2013-07-26T00:00:00Z,SVP
118480,2015-01-22T05:00:00Z,-32.47112,-42.45257,-0.0926,0.0891,255.58333,2013-07-26T00:00:00Z,SVP
118480,2015-01-22T06:00:00Z,-32.4694,-42.45483,-0.0524,0.0536,205.20834,2013-07-26T00:00:00Z,SVP
118480,2015-01-22T07:00:00Z,-32.46766,-42.4562,0.0033,0.0505,269.99997,2013-07-26T00:00:00Z,SVP
118480,2015-01-22T08:00:00Z,-32.466,-42.45639,0.0042,0.051,269.99997,2013-07-26T00:00:00Z,SVP
118480,2015-01-22T09:00:00Z,-32.46394,-42.45419,0.0786,0.072,259.20834,2013-07-26T00:00:00Z,SVP
118480,2015-01-22T10:00:00Z,-32.46162,-42.45024,0.0713,0.0726,259.20834,2013-07-26T00:00:00Z,SVP
118480,2015-01-22T11:00:00Z,-32.45919,-42.44737,0.1089,0.066,122.416664,2013-07-26T00:00:00Z,SVP
118480,2015-01-22T12:00:00Z,-32.45777,-42.43624,0.2303,0.0928,133.20833,2013-07-26T00:00:00Z,SVP
118480,2015-01-22T13:00:00Z,-32.45325,-42.42982,0.0375,0.2416,118.79167,2013-07-26T00:00:00Z,SVP
118480,2015-01-22T14:00:00Z,-32.44507,-42.42859,0.0885,0.2906,396.00003,2013-07-26T00:00:00Z,SVP
118480,2015-01-22T15:00:00Z,-32.43564,-42.42476,0.0875,0.2919,396.00003,2013-07-26T00:00:00Z,SVP
118480,2015-01-22T16:00:00Z,-32.42724,-42.42183,0.0913,0.2929,396.00003,2013-07-26T00:00:00Z,SVP
118480,2015-01-22T17:00:00Z,-32.41623,-42.41839,0.1145,0.3408,230.41667,2013-07-26T00:00:00Z,SVP
118480,2015-01-22T18:00:00Z,-32.40522,-42.41579,-0.0801,0.3063,198.00002,2013-07-26T00:00:00Z,SVP
118480,2015-01-22T19:00:00Z,-32.39598,-42.42041,-0.0452,0.3019,198.00002,2013-07-26T00:00:00Z,SVP
118480,2015-01-22T20:00:00Z,-32.38938,-42.41783,0.11,0.1924,201.58334,2013-07-26T00:00:00Z,SVP
118480,2015-01-22T21:00:00Z,-32.38333,-42.4137,0.0911,0.1788,50.416664,2013-07-26T00:00:00Z,SVP
118480,2015-01-22T22:00:00Z,-32.3774,-42.41966,-0.1451,0.1792,367.20834,2013-07-26T00:00:00Z,SVP
118480,2015-01-22T23:00:00Z,-32.37175,-42.42546,-0.1434,0.1798,367.20834,2013-07-26T00:00:00Z,SVP
118480,2015-01-23T00:00:00Z,-32.36581,-42.43033,-0.1419,0.1804,104.41666,2013-07-26T00:00:00Z,SVP
118480,2015-01-23T01:00:00Z,-32.36115,-42.43315,-0.051,0.1373,129.58333,2013-07-26T00:00:00Z,SVP
118480,2015-01-23T02:00:00Z,-32.35799,-42.43458,-0.0753,0.0875,219.58333,2013-07-26T00:00:00Z,SVP
118480,2015-01-23T03:00:00Z,-32.35503,-42.44184,-0.1066,0.087,219.58333,2013-07-26T00:00:00Z,SVP
118480,2015-01-23T04:00:00Z,-32.35328,-42.44413,0.008,0.0296,252.0,2013-07-26T00:00:00Z,SVP
118480,2015-01-23T05:00:00Z,-32.3509,-42.44258,-0.0144,0.0393,252.0,2013-07-26T00:00:00Z,SVP
118480,2015-01-23T06:00:00Z,-32.35771,-42.44375,0.0022,-0.0872,172.79166,2013-07-26T00:00:00Z,SVP
118480,2015-01-23T07:00:00Z,-32.35924,-42.44297,0.0408,-0.0028,201.58334,2013-07-26T00:00:00Z,SVP
118480,2015-01-23T08:00:00Z,-32.36006,-42.4401,0.0515,-0.0064,201.58334,2013-07-26T00:00:00Z,SVP
118480,2015-01-23T09:00:00Z,-32.36095,-42.43496,0.1764,-0.0256,190.79166,2013-07-26T00:00:00Z,SVP
118480,2015-01-23T10:00:00Z,-32.36193,-42.42849,0.1094,0.0868,262.79166,2013-07-26T00:00:00Z,SVP
118480,2015-01-23T11:00:00Z,-32.35899,-42.42433,0.1023,0.093,262.79166,2013-07-26T00:00:00Z,SVP
118480,2015-01-23T12:00:00Z,-32.35457,-42.42272,0.044,0.1418,147.58333,2013-07-26T00:00:00Z,SVP
118480,2015-01-23T13:00:00Z,-32.35068,-42.42236,-0.0428,0.0822,111.583336,2013-07-26T00:00:00Z,SVP
118480,2015-01-23T14:00:00Z,-32.34825,-42.42385,-0.0344,0.0631,424.79166,2013-07-26T00:00:00Z,SVP
118480,2015-01-23T15:00:00Z,-32.34643,-42.42599,-0.0378,0.0627,424.79166,2013-07-26T00:00:00Z,SVP
118480,2015-01-23T16:00:00Z,-32.345,-42.429,-0.043,0.0617,424.79166,2013-07-26T00:00:00Z,SVP
118480,2015-01-23T17:00:00Z,-32.34216,-42.42791,-0.0369,0.063,233.99998,2013-07-26T00:00:00Z,SVP
118480,2015-01-23T18:00:00Z,-32.34069,-42.42933,-0.13,0.0147,241.20834,2013-07-26T00:00:00Z,SVP
118480,2015-01-23T19:00:00Z,-32.34036,-42.4342,-0.1416,0.0108,241.20834,2013-07-26T00:00:00Z,SVP
118480,2015-01-23T20:00:00Z,-32.34139,-42.44081,-0.1639,-0.0322,172.79166,2013-07-26T00:00:00Z,SVP
118480,2015-01-23T21:00:00Z,-32.34172,-42.44555,-0.231,-2.0E-4,183.58333,2013-07-26T00:00:00Z,SVP
118480,2015-01-23T22:00:00Z,-32.34071,-42.45417,-0.2392,0.0015,183.58333,2013-07-26T00:00:00Z,SVP
118480,2015-01-23T23:00:00Z,-32.34212,-42.46415,-0.2703,-0.0268,280.79166,2013-07-26T00:00:00Z,SVP
118480,2015-01-24T00:00:00Z,-32.34327,-42.47416,-0.2173,-0.046,118.79167,2013-07-26T00:00:00Z,SVP
118480,2015-01-24T01:00:00Z,-32.34492,-42.4816,-0.16,-0.0897,129.58333,2013-07-26T00:00:00Z,SVP
118480,2015-01-24T02:00:00Z,-32.34775,-42.48815,-0.1867,-0.1255,252.0,2013-07-26T00:00:00Z,SVP
118480,2015-01-24T03:00:00Z,-32.35215,-42.49446,-0.189,-0.1243,252.0,2013-07-26T00:00:00Z,SVP
118480,2015-01-24T04:00:00Z,-32.35674,-42.50248,-0.2049,-0.1447,269.99997,2013-07-26T00:00:00Z,SVP
118480,2015-01-24T05:00:00Z,-32.36026,-42.51189,-0.2127,-0.138,269.99997,2013-07-26T00:00:00Z,SVP
118480,2015-01-24T06:00:00Z,-32.37124,-42.50154,0.2308,-0.2711,79.208336,2013-07-26T00:00:00Z,SVP
118480,2015-01-24T07:00:00Z,-32.37995,-42.49612,0.0688,-0.2649,162.0,2013-07-26T00:00:00Z,SVP
118480,2015-01-24T08:00:00Z,-32.38892,-42.49425,0.0338,-0.2835,97.20833,2013-07-26T00:00:00Z,SVP
118480,2015-01-24T09:00:00Z,-32.396,-42.49217,0.0626,-0.2261,158.41667,2013-07-26T00:00:00Z,SVP
118480,2015-01-24T10:00:00Z,-32.40169,-42.48713,0.1249,-0.1554,176.41667,2013-07-26T00:00:00Z,SVP
118480,2015-01-24T11:00:00Z,-32.40505,-42.48232,0.1486,-0.0532,104.41666,2013-07-26T00:00:00Z,SVP
118480,2015-01-24T12:00:00Z,-32.40681,-42.47868,0.1101,-0.0723,0.0,2013-07-26T00:00:00Z,SVP
118480,2015-01-24T13:00:00Z,-32.40969,-42.4708,0.3698,-0.1658,446.4167,2013-07-26T00:00:00Z,SVP
118480,2015-01-24T14:00:00Z,-32.41537,-42.45634,0.372,-0.1663,446.4167,2013-07-26T00:00:00Z,SVP
118480,2015-01-24T15:00:00Z,-32.42069,-42.44263,0.3708,-0.1667,446.4167,2013-07-26T00:00:00Z,SVP
118480,2015-01-24T16:00:00Z,-32.42576,-42.4303,0.3849,-0.1837,219.58333,2013-07-26T00:00:00Z,SVP
118480,2015-01-24T17:00:00Z,-32.43227,-42.41252,0.3831,-0.1831,219.58333,2013-07-26T00:00:00Z,SVP
118480,2015-01-24T18:00:00Z,-32.43679,-42.39889,0.3453,-0.1161,216.00002,2013-07-26T00:00:00Z,SVP
118480,2015-01-24T19:00:00Z,-32.44062,-42.38558,0.3547,-0.0196,176.41667,2013-07-26T00:00:00Z,SVP
118480,2015-01-24T20:00:00Z,-32.43993,-42.3703,0.497,0.0542,50.416664,2013-07-26T00:00:00Z,SVP
118480,2015-01-24T21:00:00Z,-32.43765,-42.34672,0.4801,0.1436,133.20833,2013-07-26T00:00:00Z,SVP
118480,2015-01-24T22:00:00Z,-32.4324,-42.33023,0.3423,0.1577,50.416664,2013-07-26T00:00:00Z,SVP
118480,2015-01-24T23:00:00Z,-32.42767,-42.31678,0.3467,0.1642,248.41667,2013-07-26T00:00:00Z,SVP
118480,2015-01-25T00:00:00Z,-32.42167,-42.30251,0.4532,0.2135,111.583336,2013-07-26T00:00:00Z,SVP
118480,2015-01-25T01:00:00Z,-32.41466,-42.28507,0.4397,0.1959,122.416664,2013-07-26T00:00:00Z,SVP
118480,2015-01-25T02:00:00Z,-32.41025,-42.27336,0.2595,0.1101,273.58334,2013-07-26T00:00:00Z,SVP
118480,2015-01-25T03:00:00Z,-32.40683,-42.26297,0.254,0.1102,273.58334,2013-07-26T00:00:00Z,SVP
118480,2015-01-25T04:00:00Z,-32.40422,-42.25494,0.2152,0.0727,273.58334,2013-07-26T00:00:00Z,SVP
118480,2015-01-25T05:00:00Z,-32.40154,-42.24663,0.1842,0.0115,216.00002,2013-07-26T00:00:00Z,SVP
118480,2015-01-25T06:00:00Z,-32.40196,-42.24002,0.1837,0.0145,216.00002,2013-07-26T00:00:00Z,SVP
118480,2015-01-25T07:00:00Z,-32.40263,-42.23218,0.2087,-0.0379,129.58333,2013-07-26T00:00:00Z,SVP
118480,2015-01-25T08:00:00Z,-32.40463,-42.22085,0.3018,-0.0661,140.41666,2013-07-26T00:00:00Z,SVP
118480,2015-01-25T09:00:00Z,-32.40814,-42.20911,0.2862,-0.1308,259.20834,2013-07-26T00:00:00Z,SVP
118480,2015-01-25T10:00:00Z,-32.41234,-42.19846,0.2861,-0.1311,259.20834,2013-07-26T00:00:00Z,SVP
118480,2015-01-25T11:00:00Z,-32.41648,-42.1879,0.2451,-0.1022,115.208336,2013-07-26T00:00:00Z,SVP
118480,2015-01-25T12:00:00Z,-32.42017,-42.17813,0.2772,-0.1211,118.79167,2013-07-26T00:00:00Z,SVP
118480,2015-01-25T13:00:00Z,-32.42472,-42.16452,0.3829,-0.1406,144.0,2013-07-26T00:00:00Z,SVP
118480,2015-01-25T14:00:00Z,-32.4282,-42.14891,0.4076,-0.0893,338.4167,2013-07-26T00:00:00Z,SVP
118480,2015-01-25T15:00:00Z,-32.43014,-42.13437,0.4016,-0.0907,338.4167,2013-07-26T00:00:00Z,SVP
118480,2015-01-25T16:00:00Z,-32.43372,-42.12098,0.3638,-0.1136,226.79166,2013-07-26T00:00:00Z,SVP
118480,2015-01-25T17:00:00Z,-32.43749,-42.10054,0.4133,-0.1228,226.79166,2013-07-26T00:00:00Z,SVP
118480,2015-01-25T18:00:00Z,-32.44225,-42.09297,0.1864,-0.1496,259.20834,2013-07-26T00:00:00Z,SVP
118480,2015-01-25T19:00:00Z,-32.44828,-42.08586,0.2588,-0.0431,104.41666,2013-07-26T00:00:00Z,SVP
118480,2015-01-25T20:00:00Z,-32.44957,-42.07588,0.314,-0.0452,154.79166,2013-07-26T00:00:00Z,SVP
118480,2015-01-25T21:00:00Z,-32.45248,-42.06498,0.2626,-0.13,82.791664,2013-07-26T00:00:00Z,SVP
118480,2015-01-25T22:00:00Z,-32.46035,-42.05701,0.2017,-0.2701,248.41667,2013-07-26T00:00:00Z,SVP
118480,2015-01-25T23:00:00Z,-32.46946,-42.04962,0.2014,-0.2703,248.41667,2013-07-26T00:00:00Z,SVP
118480,2015-01-26T00:00:00Z,-32.47652,-42.04036,0.2349,-0.2262,136.79167,2013-07-26T00:00:00Z,SVP
118480,2015-01-26T01:00:00Z,-32.4818,-42.02354,0.3514,-0.1295,140.41666,2013-07-26T00:00:00Z,SVP
118480,2015-01-26T02:00:00Z,-32.48654,-42.01098,0.2965,-0.1203,104.41666,2013-07-26T00:00:00Z,SVP
118480,2015-02-02T01:00:00Z,-32.81154,-42.01041,-0.3678,-0.2044,342.0,2013-07-26T00:00:00Z,SVP
118480,2015-02-02T02:00:00Z,-32.81906,-42.02593,-0.3699,-0.2035,342.0,2013-07-26T00:00:00Z,SVP
118480,2015-02-02T03:00:00Z,-32.82554,-42.04095,-0.37,-0.2084,342.0,2013-07-26T00:00:00Z,SVP
118480,2015-02-02T04:00:00Z,-32.83498,-42.05275,-0.3331,-0.2773,248.41667,2013-07-26T00:00:00Z,SVP
118480,2015-02-02T05:00:00Z,-32.84472,-42.06532,-0.0987,-0.3367,104.41666,2013-07-26T00:00:00Z,SVP
118480,2015-02-02T06:00:00Z,-32.85568,-42.06879,-0.0403,-0.3537,129.58333,2013-07-26T00:00:00Z,SVP
118480,2015-02-02T07:00:00Z,-32.86669,-42.07155,-0.0783,-0.3326,97.20833,2013-07-26T00:00:00Z,SVP
118480,2015-02-02T08:00:00Z,-32.87581,-42.0744,-0.0743,-0.2263,68.416664,2013-07-26T00:00:00Z,SVP
118480,2015-02-02T09:00:00Z,-32.88148,-42.0762,0.0839,-0.1421,86.41667,2013-07-26T00:00:00Z,SVP
118480,2015-02-02T10:00:00Z,-32.88668,-42.07296,0.1027,-0.1675,165.58333,2013-07-26T00:00:00Z,SVP
118480,2015-02-02T11:00:00Z,-32.89187,-42.07389,0.0066,-0.1345,75.583336,2013-07-26T00:00:00Z,SVP
118480,2015-02-02T12:00:00Z,-32.89245,-42.06997,-0.0273,0.0592,169.20834,2013-07-26T00:00:00Z,SVP
118480,2015-02-02T13:00:00Z,-32.88991,-42.07246,-0.1052,0.1072,543.5834,2013-07-26T00:00:00Z,SVP
118480,2015-02-02T14:00:00Z,-32.88644,-42.07668,-0.1055,0.1077,543.5834,2013-07-26T00:00:00Z,SVP
118480,2015-02-02T15:00:00Z,-32.88331,-42.08046,-0.1077,0.1075,543.5834,2013-07-26T00:00:00Z,SVP
118480,2015-02-02T16:00:00Z,-32.88052,-42.08518,-0.3595,0.1143,226.79166,2013-07-26T00:00:00Z,SVP
118480,2015-02-02T17:00:00Z,-32.87366,-42.09851,-0.3616,0.1355,226.79166,2013-07-26T00:00:00Z,SVP
118480,2015-02-02T18:00:00Z,-32.87177,-42.11445,-0.4071,-0.0318,252.0,2013-07-26T00:00:00Z,SVP
118480,2015-02-02T19:00:00Z,-32.87263,-42.13055,-0.4068,-0.0451,252.0,2013-07-26T00:00:00Z,SVP
118480,2015-02-02T20:00:00Z,-32.87735,-42.14656,-0.3909,-0.1658,140.41666,2013-07-26T00:00:00Z,SVP
118480,2015-02-02T21:00:00Z,-32.88258,-42.15928,-0.2973,-0.1572,104.41666,2013-07-26T00:00:00Z,SVP
118480,2015-02-02T22:00:00Z,-32.88943,-42.17114,-0.3017,-0.2317,162.0,2013-07-26T00:00:00Z,SVP
118480,2015-02-02T23:00:00Z,-32.89888,-42.18189,-0.3101,-0.3149,705.5834,2013-07-26T00:00:00Z,SVP
118480,2015-02-03T00:00:00Z,-32.90937,-42.19394,-0.3103,-0.3146,705.5834,2013-07-26T00:00:00Z,SVP
118480,2015-02-03T01:00:00Z,-32.91958,-42.20609,-0.3107,-0.3146,705.5834,2013-07-26T00:00:00Z,SVP
118480,2015-02-03T02:00:00Z,-32.92964,-42.21839,-0.3112,-0.3151,705.5834,2013-07-26T00:00:00Z,SVP
118480,2015-02-03T03:00:00Z,-32.93943,-42.23097,-0.312,-0.3167,705.5834,2013-07-26T00:00:00Z,SVP
118480,2015-02-03T04:00:00Z,-32.94996,-42.23084,-0.0075,-0.3224,273.58334,2013-07-26T00:00:00Z,SVP
118480,2015-02-03T05:00:00Z,-32.96076,-42.23004,-0.0101,-0.2786,244.79167,2013-07-26T00:00:00Z,SVP
118480,2015-02-03T06:00:00Z,-32.96926,-42.23156,-0.0087,-0.277,244.79167,2013-07-26T00:00:00Z,SVP
118480,2015-02-03T07:00:00Z,-32.9766,-42.23141,-0.0048,-0.205,115.208336,2013-07-26T00:00:00Z,SVP
118480,2015-02-03T08:00:00Z,-32.9829,-42.23126,0.0211,-0.1802,118.79167,2013-07-26T00:00:00Z,SVP
118480,2015-02-03T09:00:00Z,-32.98504,-42.22735,0.1123,0.0706,244.79167,2013-07-26T00:00:00Z,SVP
118480,2015-02-03T10:00:00Z,-32.98251,-42.22372,0.1063,0.0718,244.79167,2013-07-26T00:00:00Z,SVP
118480,2015-02-03T11:00:00Z,-32.97948,-42.2189,0.0957,0.1318,72.0,2013-07-26T00:00:00Z,SVP
118480,2015-02-03T12:00:00Z,-32.97443,-42.2233,-0.1467,0.1409,244.79167,2013-07-26T00:00:00Z,SVP
118480,2015-02-03T13:00:00Z,-32.96946,-42.23141,-0.3453,0.0992,442.79166,2013-07-26T00:00:00Z,SVP
118480,2015-02-03T14:00:00Z,-32.96693,-42.24544,-0.349,0.0942,442.79166,2013-07-26T00:00:00Z,SVP
118480,2015-02-03T15:00:00Z,-32.96398,-42.2591,-0.3504,0.0928,442.79166,2013-07-26T00:00:00Z,SVP
118480,2015-02-03T16:00:00Z,-32.96323,-42.27621,-0.6222,-0.1069,505.79166,2013-07-26T00:00:00Z,SVP
118480,2015-02-03T17:00:00Z,-32.96709,-42.30049,-0.6221,-0.1065,505.79166,2013-07-26T00:00:00Z,SVP
118480,2015-02-03T18:00:00Z,-32.97054,-42.32442,-0.6231,-0.1077,505.79166,2013-07-26T00:00:00Z,SVP
118480,2015-02-03T19:00:00Z,-32.97349,-42.34792,-0.6265,-0.112,505.79166,2013-07-26T00:00:00Z,SVP
118480,2015-02-03T20:00:00Z,-32.98899,-42.38271,-0.7009,-0.5283,153.0,2013-07-26T00:00:00Z,SVP
118480,2015-02-03T21:00:00Z,-33.00646,-42.38775,-0.2777,-0.488,140.41666,2013-07-26T00:00:00Z,SVP
118480,2015-02-03T22:00:00Z,-33.02182,-42.39857,-0.2686,-0.4834,269.99997,2013-07-26T00:00:00Z,SVP
118480,2015-02-03T23:00:00Z,-33.0376,-42.40903,-0.2686,-0.482,269.99997,2013-07-26T00:00:00Z,SVP
118480,2015-02-04T00:00:00Z,-33.0525,-42.41883,-0.2487,-0.449,115.208336,2013-07-26T00:00:00Z,SVP
118480,2015-02-04T01:00:00Z,-33.06584,-42.41861,-0.0392,-0.391,115.208336,2013-07-26T00:00:00Z,SVP
118480,2015-02-04T02:00:00Z,-33.07127,-42.42269,-0.0474,-0.2002,140.41666,2013-07-26T00:00:00Z,SVP
118480,2015-02-04T03:00:00Z,-33.07596,-42.42544,-0.0981,-0.0849,151.20834,2013-07-26T00:00:00Z,SVP
118480,2015-02-04T04:00:00Z,-33.07689,-42.42833,-0.063,-0.012,244.79167,2013-07-26T00:00:00Z,SVP
118480,2015-02-04T05:00:00Z,-33.07749,-42.43166,-0.0884,0.0803,241.20834,2013-07-26T00:00:00Z,SVP
118480,2015-02-04T06:00:00Z,-33.07479,-42.43342,-0.08,0.0834,241.20834,2013-07-26T00:00:00Z,SVP
118480,2015-02-04T07:00:00Z,-33.07133,-42.43951,-0.1655,0.1218,241.20834,2013-07-26T00:00:00Z,SVP
118480,2015-02-04T08:00:00Z,-33.06717,-42.44666,-0.1953,0.1403,79.208336,2013-07-26T00:00:00Z,SVP
118480,2015-02-04T09:00:00Z,-33.06208,-42.45471,-0.2358,0.1703,259.20834,2013-07-26T00:00:00Z,SVP
118480,2015-02-04T10:00:00Z,-33.05669,-42.46377,-0.2379,0.1705,259.20834,2013-07-26T00:00:00Z,SVP
118480,2015-02-04T11:00:00Z,-33.0518,-42.47803,-0.4166,0.1161,126.0,2013-07-26T00:00:00Z,SVP
118480,2015-02-04T12:00:00Z,-33.04809,-42.49474,-0.4306,0.1068,126.0,2013-07-26T00:00:00Z,SVP
118480,2015-02-04T13:00:00Z,-33.0452,-42.51203,-0.4142,0.0678,129.58333,2013-07-26T00:00:00Z,SVP
118480,2015-02-04T14:00:00Z,-33.04457,-42.52885,-0.4456,-0.0061,331.2083,2013-07-26T00:00:00Z,SVP
118480,2015-02-04T15:00:00Z,-33.0441,-42.53879,-0.3857,-0.0036,331.2083,2013-07-26T00:00:00Z,SVP
118480,2015-02-04T16:00:00Z,-33.04629,-42.55754,-0.5435,-0.138,230.41667,2013-07-26T00:00:00Z,SVP
118480,2015-02-04T17:00:00Z,-33.05125,-42.58226,-0.3892,-0.2275,244.79167,2013-07-26T00:00:00Z,SVP
118480,2015-02-04T18:00:00Z,-33.05936,-42.59557,-0.4019,-0.2314,244.79167,2013-07-26T00:00:00Z,SVP
118480,2015-02-04T19:00:00Z,-33.06683,-42.61009,-0.3532,-0.2499,140.41666,2013-07-26T00:00:00Z,SVP
118480,2015-02-04T20:00:00Z,-33.07492,-42.62007,-0.2089,-0.2477,111.583336,2013-07-26T00:00:00Z,SVP
118480,2015-02-04T21:00:00Z,-33.08289,-42.62896,-0.2025,-0.2342,151.20834,2013-07-26T00:00:00Z,SVP
118480,2015-02-04T22:00:00Z,-33.08796,-42.63581,-0.1457,-0.1202,108.00001,2013-07-26T00:00:00Z,SVP
118480,2015-02-04T23:00:00Z,-33.09144,-42.64188,-0.1472,-0.094,655.2083,2013-07-26T00:00:00Z,SVP
118480,2015-02-05T00:00:00Z,-33.09453,-42.64743,-0.1469,-0.094,655.2083,2013-07-26T00:00:00Z,SVP
118480,2015-02-05T01:00:00Z,-33.09763,-42.65289,-0.1464,-0.094,655.2083,2013-07-26T00:00:00Z,SVP
118480,2015-02-05T02:00:00Z,-33.10082,-42.6578,-0.1447,-0.094,655.2083,2013-07-26T00:00:00Z,SVP
118480,2015-02-05T03:00:00Z,-33.10121,-42.66585,-0.2124,0.1871,219.58333,2013-07-26T00:00:00Z,SVP
118480,2015-02-05T04:00:00Z,-33.09479,-42.67375,-0.2128,0.1858,219.58333,2013-07-26T00:00:00Z,SVP
118480,2015-02-05T05:00:00Z,-33.08923,-42.68195,-0.1916,0.1741,233.99998,2013-07-26T00:00:00Z,SVP
118480,2015-02-05T06:00:00Z,-33.08352,-42.68977,-0.2177,0.1186,244.79167,2013-07-26T00:00:00Z,SVP
118480,2015-02-05T07:00:00Z,-33.08002,-42.69725,-0.205,0.1174,244.79167,2013-07-26T00:00:00Z,SVP
118480,2015-02-05T08:00:00Z,-33.07582,-42.71668,-0.3676,0.1234,266.41666,2013-07-26T00:00:00Z,SVP
118480,2015-02-05T09:00:00Z,-33.07201,-42.73284,-0.3682,0.124,266.41666,2013-07-26T00:00:00Z,SVP
118480,2015-02-05T10:00:00Z,-33.06701,-42.74632,-0.4216,0.1632,165.58333,2013-07-26T00:00:00Z,SVP
118480,2015-02-05T11:00:00Z,-33.06269,-42.7618,-0.3575,0.1173,115.208336,2013-07-26T00:00:00Z,SVP
118480,2015-02-05T12:00:00Z,-33.06216,-42.77018,-0.558,-0.0337,0.0,2013-07-26T00:00:00Z,SVP
118480,2015-02-05T13:00:00Z,-33.0622,-42.7937,-0.4918,-0.0019,108.00001,2013-07-26T00:00:00Z,SVP
118480,2015-02-05T14:00:00Z,-33.05037,-42.81545,-0.4288,-0.1519,464.41666,2013-07-26T00:00:00Z,SVP
118480,2015-02-05T15:00:00Z,-33.05578,-42.83108,-0.4341,-0.1477,464.41666,2013-07-26T00:00:00Z,SVP
118480,2015-02-05T16:00:00Z,-33.06029,-42.84799,-0.4317,-0.1533,464.41666,2013-07-26T00:00:00Z,SVP
118480,2015-02-05T17:00:00Z,-33.06503,-42.86357,-0.2603,-0.1787,244.79167,2013-07-26T00:00:00Z,SVP
118480,2015-02-05T18:00:00Z,-33.07155,-42.87291,-0.2604,-0.1804,244.79167,2013-07-26T00:00:00Z,SVP
118480,2015-02-05T19:00:00Z,-33.07635,-42.88196,-0.2312,-0.1483,233.99998,2013-07-26T00:00:00Z,SVP
118480,2015-02-05T20:00:00Z,-33.08142,-42.89212,-0.0801,-0.0536,244.79167,2013-07-26T00:00:00Z,SVP
118480,2015-02-05T21:00:00Z,-33.08362,-42.89154,-0.096,-0.0532,244.79167,2013-07-26T00:00:00Z,SVP
118480,2015-02-05T22:00:00Z,-33.08453,-42.89458,-0.1408,0.0402,316.79166,2013-07-26T00:00:00Z,SVP
118480,2015-02-05T23:00:00Z,-33.08253,-42.90113,-0.1279,0.0377,316.79166,2013-07-26T00:00:00Z,SVP
118480,2015-02-06T00:00:00Z,-33.08007,-42.90567,-0.1315,0.1359,100.79167,2013-07-26T00:00:00Z,SVP
118480,2015-02-06T01:00:00Z,-33.07445,-42.90411,0.1028,0.1937,154.79166,2013-07-26T00:00:00Z,SVP
118480,2015-02-06T02:00:00Z,-33.06893,-42.90099,0.0914,0.1741,97.20833,2013-07-26T00:00:00Z,SVP
118480,2015-02-06T03:00:00Z,-33.05968,-42.90802,-0.3155,0.3564,230.41667,2013-07-26T00:00:00Z,SVP
118480,2015-02-06T04:00:00Z,-33.04735,-42.92009,-0.316,0.3517,230.41667,2013-07-26T00:00:00Z,SVP
118480,2015-02-06T05:00:00Z,-33.03753,-42.93304,-0.3369,0.2943,233.99998,2013-07-26T00:00:00Z,SVP
118480,2015-02-06T06:00:00Z,-33.02852,-42.94608,-0.3788,0.2122,208.79167,2013-07-26T00:00:00Z,SVP
118480,2015-02-06T07:00:00Z,-33.02198,-42.96127,-0.3787,0.2081,208.79167,2013-07-26T00:00:00Z,SVP
118480,2015-02-06T08:00:00Z,-33.01798,-42.97501,-0.3475,0.1302,205.20834,2013-07-26T00:00:00Z,SVP
118480,2015-02-06T09:00:00Z,-33.01566,-42.98783,-0.5451,0.0778,169.20834,2013-07-26T00:00:00Z,SVP
118480,2015-02-06T10:00:00Z,-33.00681,-43.00913,-0.558,0.177,169.20834,2013-07-26T00:00:00Z,SVP
118480,2015-02-06T11:00:00Z,-33.01277,-43.03271,-0.5885,-0.011,122.416664,2013-07-26T00:00:00Z,SVP
118480,2015-02-06T12:00:00Z,-33.01243,-43.04896,-0.3343,0.0357,140.41666,2013-07-26T00:00:00Z,SVP
118480,2015-02-06T13:00:00Z,-33.0116,-43.06188,-0.3675,0.0173,115.208336,2013-07-26T00:00:00Z,SVP
118480,2015-02-06T14:00:00Z,-33.01134,-43.07558,-0.3779,-0.0147,482.4167,2013-07-26T00:00:00Z,SVP
118480,2015-02-06T15:00:00Z,-33.01207,-43.09069,-0.3796,-0.0169,482.4167,2013-07-26T00:00:00Z,SVP
118480,2015-02-06T16:00:00Z,-33.01224,-43.10619,-0.3819,-0.0162,482.4167,2013-07-26T00:00:00Z,SVP
118480,2015-02-06T17:00:00Z,-33.01581,-43.12057,-0.2533,-0.2812,248.41667,2013-07-26T00:00:00Z,SVP
118480,2015-02-06T18:00:00Z,-33.02564,-43.13097,-0.2461,-0.2724,248.41667,2013-07-26T00:00:00Z,SVP
118480,2015-02-06T19:00:00Z,-33.03434,-43.13726,-0.0898,-0.2824,205.20834,2013-07-26T00:00:00Z,SVP
118480,2015-02-06T20:00:00Z,-33.0431,-43.14076,-0.0269,-0.2611,284.41666,2013-07-26T00:00:00Z,SVP
118480,2015-02-06T21:00:00Z,-33.05221,-43.14129,-0.0274,-0.2633,284.41666,2013-07-26T00:00:00Z,SVP
118480,2015-02-06T22:00:00Z,-33.05908,-43.14066,0.0378,-0.1733,277.20834,2013-07-26T00:00:00Z,SVP
118480,2015-02-06T23:00:00Z,-33.06389,-43.13896,0.0405,-0.1738,277.20834,2013-07-26T00:00:00Z,SVP
118480,2015-02-07T00:00:00Z,-33.06894,-43.13592,0.0161,-0.1979,0.0,2013-07-26T00:00:00Z,SVP
118480,2015-02-07T01:00:00Z,-33.07441,-43.13456,0.221,-0.1269,111.583336,2013-07-26T00:00:00Z,SVP
118480,2015-02-07T02:00:00Z,-33.07643,-43.12403,0.2965,-0.0679,115.208336,2013-07-26T00:00:00Z,SVP
118480,2015-02-07T03:00:00Z,-33.07877,-43.11248,0.2837,-0.0557,230.41667,2013-07-26T00:00:00Z,SVP
118480,2015-02-07T04:00:00Z,-33.08011,-43.10224,0.3014,-0.0887,244.79167,2013-07-26T00:00:00Z,SVP
118480,2015-02-07T05:00:00Z,-33.08333,-43.09008,0.3002,-0.0982,244.79167,2013-07-26T00:00:00Z,SVP
118480,2015-02-07T06:00:00Z,-33.0878,-43.07719,0.3499,-0.18,187.20833,2013-07-26T00:00:00Z,SVP
118480,2015-02-07T07:00:00Z,-33.09451,-43.06427,0.3421,-0.242,68.416664,2013-07-26T00:00:00Z,SVP
118480,2015-02-07T08:00:00Z,-33.10211,-43.05377,0.1965,-0.2407,172.79166,2013-07-26T00:00:00Z,SVP
118480,2015-02-07T09:00:00Z,-33.09395,-43.04855,0.0789,-0.803,244.79167,2013-07-26T00:00:00Z,SVP
118480,2015-02-07T10:00:00Z,-33.13235,-43.04529,0.0781,-0.5148,244.79167,2013-07-26T00:00:00Z,SVP
118480,2015-02-07T11:00:00Z,-33.1489,-43.04108,0.1418,-0.5539,118.79167,2013-07-26T00:00:00Z,SVP
118480,2015-02-07T12:00:00Z,-33.16682,-43.03322,0.2795,-0.5332,118.79167,2013-07-26T00:00:00Z,SVP
118480,2015-02-07T13:00:00Z,-33.18254,-43.01872,0.4688,-0.4243,514.7916,2013-07-26T00:00:00Z,SVP
118480,2015-02-07T14:00:00Z,-33.19619,-42.99983,0.4748,-0.4239,514.7916,2013-07-26T00:00:00Z,SVP
118480,2015-02-07T15:00:00Z,-33.21001,-42.98147,0.475,-0.424,514.7916,2013-07-26T00:00:00Z,SVP
118480,2015-02-07T16:00:00Z,-33.22404,-42.96362,0.4729,-0.4244,514.7916,2013-07-26T00:00:00Z,SVP
118480,2015-02-07T17:00:00Z,-33.23662,-42.94287,0.5201,-0.3853,248.41667,2013-07-26T00:00:00Z,SVP
118480,2015-02-07T18:00:00Z,-33.24895,-42.91171,0.5606,-0.3791,248.41667,2013-07-26T00:00:00Z,SVP
118480,2015-02-07T19:00:00Z,-33.25495,-42.90168,0.533,-0.2778,172.79166,2013-07-26T00:00:00Z,SVP
118480,2015-02-07T20:00:00Z,-33.26691,-42.87613,0.7697,-0.2587,165.58333,2013-07-26T00:00:00Z,SVP
118480,2015-02-07T21:00:00Z,-33.27393,-42.84083,0.279,-0.1104,68.416664,2013-07-26T00:00:00Z,SVP
118480,2015-02-07T22:00:00Z,-33.27624,-42.82982,0.3225,-0.0153,385.20834,2013-07-26T00:00:00Z,SVP
118480,2015-02-07T23:00:00Z,-33.2771,-42.81767,0.3236,-0.0149,385.20834,2013-07-26T00:00:00Z,SVP
118480,2015-02-08T00:00:00Z,-33.27843,-42.80528,0.4684,0.0196,230.41667,2013-07-26T00:00:00Z,SVP
118480,2015-02-08T01:00:00Z,-33.27567,-42.78531,0.4381,0.0282,230.41667,2013-07-26T00:00:00Z,SVP
118480,2015-02-08T02:00:00Z,-33.27532,-42.76836,0.458,0.0413,140.41666,2013-07-26T00:00:00Z,SVP
118480,2015-02-08T03:00:00Z,-33.27352,-42.76652,0.1315,0.0441,223.20834,2013-07-26T00:00:00Z,SVP
118480,2015-02-08T04:00:00Z,-33.27214,-42.76129,0.1204,0.024,244.79167,2013-07-26T00:00:00Z,SVP
118480,2015-02-08T05:00:00Z,-33.27174,-42.75614,0.1215,0.0214,244.79167,2013-07-26T00:00:00Z,SVP
118480,2015-02-08T06:00:00Z,-33.27148,-42.75174,0.1256,-0.0048,151.20834,2013-07-26T00:00:00Z,SVP
118480,2015-02-08T07:00:00Z,-33.2724,-42.74646,0.1635,-0.0592,100.79167,2013-07-26T00:00:00Z,SVP
118480,2015-02-08T08:00:00Z,-33.2765,-42.73659,0.2351,-0.1245,144.0,2013-07-26T00:00:00Z,SVP
118480,2015-02-08T09:00:00Z,-33.2817,-42.7261,0.2941,-0.1645,334.7917,2013-07-26T00:00:00Z,SVP
118480,2015-02-08T10:00:00Z,-33.28706,-42.71504,0.2932,-0.1643,334.7917,2013-07-26T00:00:00Z,SVP
118480,2015-02-08T11:00:00Z,-33.29264,-42.70433,0.4607,-0.1699,248.41667,2013-07-26T00:00:00Z,SVP
118480,2015-02-08T12:00:00Z,-33.29801,-42.68508,0.4521,-0.1701,248.41667,2013-07-26T00:00:00Z,SVP
118480,2015-02-08T13:00:00Z,-33.3034,-42.66765,0.4343,-0.1655,136.79167,2013-07-26T00:00:00Z,SVP
118480,2015-02-08T14:00:00Z,-33.30572,-42.65081,0.4351,0.0568,428.41666,2013-07-26T00:00:00Z,SVP
118480,2015-02-08T15:00:00Z,-33.30355,-42.63374,0.4381,0.0584,428.41666,2013-07-26T00:00:00Z,SVP
118480,2015-02-08T16:00:00Z,-33.30209,-42.61755,0.434,0.06,428.41666,2013-07-26T00:00:00Z,SVP
118480,2015-02-08T17:00:00Z,-33.29834,-42.59812,0.4739,0.1094,223.20834,2013-07-26T00:00:00Z,SVP
118480,2015-02-08T18:00:00Z,-33.29318,-42.57495,0.2476,0.2226,122.416664,2013-07-26T00:00:00Z,SVP
118480,2015-02-08T19:00:00Z,-33.28565,-42.56569,0.2519,0.2616,118.79167,2013-07-26T00:00:00Z,SVP
118480,2015-02-08T20:00:00Z,-33.27726,-42.5519,0.4664,0.2529,133.20833,2013-07-26T00:00:00Z,SVP
118480,2015-02-08T21:00:00Z,-33.2684,-42.53274,0.4961,0.2749,129.58333,2013-07-26T00:00:00Z,SVP
118480,2015-02-08T22:00:00Z,-33.25943,-42.5157,0.3782,0.2586,122.416664,2013-07-26T00:00:00Z,SVP
118480,2015-02-08T23:00:00Z,-33.25283,-42.51764,0.0627,0.2153,198.00002,2013-07-26T00:00:00Z,SVP
118480,2015-02-09T00:00:00Z,-33.24481,-42.51246,0.1751,0.2396,118.79167,2013-07-26T00:00:00Z,SVP
118480,2015-02-09T01:00:00Z,-33.23602,-42.50342,-0.1012,0.1452,151.20834,2013-07-26T00:00:00Z,SVP
118480,2015-02-09T02:00:00Z,-33.23031,-42.49712,-0.1619,0.0798,244.79167,2013-07-26T00:00:00Z,SVP
118480,2015-02-09T03:00:00Z,-33.22804,-42.51152,-0.1132,0.0739,244.79167,2013-07-26T00:00:00Z,SVP
118480,2015-02-09T04:00:00Z,-33.22798,-42.51588,-0.042,-0.1304,241.20834,2013-07-26T00:00:00Z,SVP
118480,2015-02-09T05:00:00Z,-33.23264,-42.51667,-0.0468,-0.1292,241.20834,2013-07-26T00:00:00Z,SVP
118480,2015-02-09T06:00:00Z,-33.23662,-42.52112,-0.2488,-0.0591,0.0,2013-07-26T00:00:00Z,SVP
118480,2015-02-09T07:00:00Z,-33.23864,-42.52795,0.0662,-0.1247,140.41666,2013-07-26T00:00:00Z,SVP
118480,2015-02-09T08:00:00Z,-33.24266,-42.52453,0.0961,-0.1604,122.416664,2013-07-26T00:00:00Z,SVP
118480,2015-02-09T09:00:00Z,-33.24733,-42.52084,0.106,-0.0858,118.79167,2013-07-26T00:00:00Z,SVP
118480,2015-02-09T10:00:00Z,-33.25089,-42.51776,0.0789,-0.1064,201.58334,2013-07-26T00:00:00Z,SVP
118480,2015-02-09T11:00:00Z,-33.25616,-42.5149,0.0545,-0.2343,118.79167,2013-07-26T00:00:00Z,SVP
118480,2015-02-09T12:00:00Z,-33.26504,-42.51254,0.073,-0.3183,136.79167,2013-07-26T00:00:00Z,SVP
118480,2015-02-09T13:00:00Z,-33.27586,-42.50951,0.1163,-0.3503,122.416664,2013-07-26T00:00:00Z,SVP
118480,2015-02-09T14:00:00Z,-33.28666,-42.50434,0.1337,-0.342,453.5833,2013-07-26T00:00:00Z,SVP
118480,2015-02-09T15:00:00Z,-33.29814,-42.49921,0.1342,-0.3425,453.5833,2013-07-26T00:00:00Z,SVP
118480,2015-02-09T16:00:00Z,-33.31013,-42.49445,0.1369,-0.3432,453.5833,2013-07-26T00:00:00Z,SVP
118480,2015-02-09T17:00:00Z,-33.31897,-42.48857,0.1517,-0.2466,230.41667,2013-07-26T00:00:00Z,SVP
118480,2015-02-09T18:00:00Z,-33.32625,-42.48327,0.1079,-0.1963,144.0,2013-07-26T00:00:00Z,SVP
118480,2015-02-09T19:00:00Z,-33.33252,-42.48084,0.043,-0.2043,93.583336,2013-07-26T00:00:00Z,SVP
118480,2015-02-09T20:00:00Z,-33.33907,-42.47719,0.1548,-0.0555,162.0,2013-07-26T00:00:00Z,SVP
118480,2015-02-09T21:00:00Z,-33.33293,-42.47419,0.1286,0.0547,162.0,2013-07-26T00:00:00Z,SVP
118480,2015-02-09T22:00:00Z,-33.34402,-42.4703,-0.1911,-0.4053,172.79166,2013-07-26T00:00:00Z,SVP
118480,2015-02-09T23:00:00Z,-33.3579,-42.47788,-0.1135,-0.1443,151.20834,2013-07-26T00:00:00Z,SVP
118480,2015-02-10T00:00:00Z,-33.36075,-42.48426,-0.0703,-0.1421,0.0,2013-07-26T00:00:00Z,SVP
118480,2015-02-10T01:00:00Z,-33.36699,-42.48499,-0.0644,-0.1578,252.0,2013-07-26T00:00:00Z,SVP
118480,2015-02-10T02:00:00Z,-33.37322,-42.48793,-0.0782,-0.2422,104.41666,2013-07-26T00:00:00Z,SVP
118480,2015-02-10T03:00:00Z,-33.3839,-42.49071,-0.06,-0.371,158.41667,2013-07-26T00:00:00Z,SVP
118480,2015-02-10T04:00:00Z,-33.39569,-42.49284,-0.0075,-0.3965,277.20834,2013-07-26T00:00:00Z,SVP
118480,2015-02-10T05:00:00Z,-33.40857,-42.49253,-0.0119,-0.3959,277.20834,2013-07-26T00:00:00Z,SVP
118480,2015-02-10T06:00:00Z,-33.42408,-42.49364,-0.0284,-0.5288,154.79166,2013-07-26T00:00:00Z,SVP
118480,2015-02-10T07:00:00Z,-33.44125,-42.49326,0.0884,-0.5379,93.583336,2013-07-26T00:00:00Z,SVP
118480,2015-02-10T08:00:00Z,-33.45846,-42.48837,0.1497,-0.4967,181.79167,2013-07-26T00:00:00Z,SVP
118480,2015-02-10T09:00:00Z,-33.47372,-42.4826,0.1525,-0.4619,208.79167,2013-07-26T00:00:00Z,SVP
118480,2015-02-10T10:00:00Z,-33.48928,-42.47691,0.1541,-0.4589,208.79167,2013-07-26T00:00:00Z,SVP
118480,2015-02-10T11:00:00Z,-33.50373,-42.46988,0.1913,-0.4587,122.416664,2013-07-26T00:00:00Z,SVP
118480,2015-02-10T12:00:00Z,-33.51453,-42.45889,0.2933,-0.2783,144.0,2013-07-26T00:00:00Z,SVP
118480,2015-02-10T13:00:00Z,-33.52459,-42.44681,0.1275,-0.3128,115.208336,2013-07-26T00:00:00Z,SVP
118480,2015-02-10T14:00:00Z,-33.53288,-42.44119,0.1162,-0.3315,345.5833,2013-07-26T00:00:00Z,SVP
118480,2015-02-10T15:00:00Z,-33.54467,-42.43713,0.1172,-0.3267,345.5833,2013-07-26T00:00:00Z,SVP
118480,2015-02-10T16:00:00Z,-33.55613,-42.43359,0.0968,-0.3218,230.41667,2013-07-26T00:00:00Z,SVP
118480,2015-02-10T17:00:00Z,-33.56524,-42.42785,0.1149,-0.3273,230.41667,2013-07-26T00:00:00Z,SVP
118480,2015-02-10T18:00:00Z,-33.57555,-42.4274,-0.1005,-0.3126,226.79166,2013-07-26T00:00:00Z,SVP
118480,2015-02-10T19:00:00Z,-33.58653,-42.43323,-0.0098,-0.3141,226.79166,2013-07-26T00:00:00Z,SVP
118480,2015-02-10T20:00:00Z,-33.5939,-42.43105,0.0704,-0.2177,198.00002,2013-07-26T00:00:00Z,SVP
118480,2015-02-10T21:00:00Z,-33.60047,-42.4282,0.0723,-0.2118,57.583332,2013-07-26T00:00:00Z,SVP
118480,2015-02-10T22:00:00Z,-33.61017,-42.42931,-0.0607,-0.3086,212.41667,2013-07-26T00:00:00Z,SVP
118480,2015-02-10T23:00:00Z,-33.61647,-42.43118,-0.1324,-0.556,144.0,2013-07-26T00:00:00Z,SVP
118480,2015-02-11T00:00:00Z,-33.63424,-42.43624,-0.1101,-0.5287,100.79167,2013-07-26T00:00:00Z,SVP
118480,2015-02-11T01:00:00Z,-33.64993,-42.43664,-0.0015,-0.4797,126.0,2013-07-26T00:00:00Z,SVP
118480,2015-02-11T02:00:00Z,-33.66552,-42.43586,0.1517,-0.4037,187.20833,2013-07-26T00:00:00Z,SVP
118480,2015-02-11T03:00:00Z,-33.67769,-42.43001,0.1588,-0.4076,187.20833,2013-07-26T00:00:00Z,SVP
118480,2015-02-11T04:00:00Z,-33.69119,-42.42332,0.1862,-0.3998,269.99997,2013-07-26T00:00:00Z,SVP
118480,2015-02-11T05:00:00Z,-33.70416,-42.41559,0.1839,-0.4001,269.99997,2013-07-26T00:00:00Z,SVP
118480,2015-02-11T06:00:00Z,-33.71706,-42.40797,0.2119,-0.401,237.58334,2013-07-26T00:00:00Z,SVP
118480,2015-02-11T07:00:00Z,-33.7297,-42.39855,0.3334,-0.3795,233.99998,2013-07-26T00:00:00Z,SVP
118480,2015-02-11T08:00:00Z,-33.74185,-42.38485,0.3172,-0.3784,233.99998,2013-07-26T00:00:00Z,SVP
118480,2015-02-11T09:00:00Z,-33.75353,-42.37206,0.308,-0.3482,180.0,2013-07-26T00:00:00Z,SVP
118480,2015-02-11T10:00:00Z,-33.76519,-42.36074,0.2522,-0.3255,176.41667,2013-07-26T00:00:00Z,SVP
118480,2015-02-11T11:00:00Z,-33.77481,-42.35055,0.244,-0.335,108.00001,2013-07-26T00:00:00Z,SVP
118480,2015-02-11T12:00:00Z,-33.78603,-42.3419,0.2544,-0.3466,140.41666,2013-07-26T00:00:00Z,SVP
118480,2015-02-11T13:00:00Z,-33.79594,-42.33239,0.2196,-0.2316,118.79167,2013-07-26T00:00:00Z,SVP
118480,2015-02-11T14:00:00Z,-33.80258,-42.32325,0.235,-0.1709,370.79166,2013-07-26T00:00:00Z,SVP
118480,2015-02-11T15:00:00Z,-33.80835,-42.31409,0.2367,-0.1708,370.79166,2013-07-26T00:00:00Z,SVP
118480,2015-02-11T16:00:00Z,-33.8143,-42.30563,0.2563,-0.1404,226.79166,2013-07-26T00:00:00Z,SVP
118480,2015-02-11T17:00:00Z,-33.81781,-42.29376,0.2685,-0.1435,226.79166,2013-07-26T00:00:00Z,SVP
118480,2015-02-11T18:00:00Z,-33.823,-42.29565,-0.1654,-0.1616,244.79167,2013-07-26T00:00:00Z,SVP
118480,2015-02-11T19:00:00Z,-33.82804,-42.30437,-0.1727,-0.2199,253.79166,2013-07-26T00:00:00Z,SVP
118480,2015-02-11T20:00:00Z,-33.83555,-42.30696,-0.1312,-0.2263,253.79166,2013-07-26T00:00:00Z,SVP
118480,2015-02-11T21:00:00Z,-33.84503,-42.31219,-0.2054,-0.353,268.2083,2013-07-26T00:00:00Z,SVP
118480,2015-02-11T22:00:00Z,-33.85773,-42.32306,-0.1761,-0.3602,268.2083,2013-07-26T00:00:00Z,SVP
118480,2015-02-11T23:00:00Z,-33.87077,-42.32917,-0.2117,-0.4189,126.0,2013-07-26T00:00:00Z,SVP
118480,2015-02-12T00:00:00Z,-33.88163,-42.33459,-0.0648,-0.2303,126.0,2013-07-26T00:00:00Z,SVP
118480,2015-02-12T01:00:00Z,-33.88562,-42.32871,-0.3085,-0.3225,115.208336,2013-07-26T00:00:00Z,SVP
118480,2015-02-12T02:00:00Z,-33.89832,-42.35719,0.0571,-0.4533,212.41667,2013-07-26T00:00:00Z,SVP
118480,2015-02-12T03:00:00Z,-33.90872,-42.35419,0.0449,-0.4016,212.41667,2013-07-26T00:00:00Z,SVP
118480,2015-02-12T04:00:00Z,-33.92703,-42.35214,0.0845,-0.4865,269.99997,2013-07-26T00:00:00Z,SVP
118480,2015-02-12T05:00:00Z,-33.94467,-42.34956,0.1213,-0.3749,233.99998,2013-07-26T00:00:00Z,SVP
118480,2015-02-12T06:00:00Z,-33.95652,-42.34409,0.1199,-0.3649,233.99998,2013-07-26T00:00:00Z,SVP
118480,2015-02-12T07:00:00Z,-33.96386,-42.3391,0.1386,-0.1767,169.20834,2013-07-26T00:00:00Z,SVP
118480,2015-02-12T08:00:00Z,-33.96872,-42.33415,0.1214,-0.1361,72.0,2013-07-26T00:00:00Z,SVP
118480,2015-02-12T09:00:00Z,-33.97565,-42.33033,0.0968,-0.215,180.0,2013-07-26T00:00:00Z,SVP
118480,2015-02-12T10:00:00Z,-33.98744,-42.3282,0.0416,-0.5256,133.20833,2013-07-26T00:00:00Z,SVP
118480,2015-02-12T11:00:00Z,-34.00437,-42.32597,0.2193,-0.5257,115.208336,2013-07-26T00:00:00Z,SVP
118480,2015-02-12T12:00:00Z,-34.01931,-42.31236,0.3653,-0.4185,122.416664,2013-07-26T00:00:00Z,SVP
118480,2015-02-12T13:00:00Z,-34.03061,-42.2991,0.3114,-0.356,403.2083,2013-07-26T00:00:00Z,SVP
118480,2015-02-12T14:00:00Z,-34.04265,-42.28647,0.3142,-0.3623,403.2083,2013-07-26T00:00:00Z,SVP
118480,2015-02-12T15:00:00Z,-34.05412,-42.2738,0.3157,-0.3614,403.2083,2013-07-26T00:00:00Z,SVP
118480,2015-02-12T16:00:00Z,-34.06751,-42.26232,0.2949,-0.5147,230.41667,2013-07-26T00:00:00Z,SVP
118480,2015-02-12T17:00:00Z,-34.08512,-42.25247,0.2834,-0.5118,230.41667,2013-07-26T00:00:00Z,SVP
118480,2015-02-12T18:00:00Z,-34.10206,-42.24095,0.2799,-0.5349,233.99998,2013-07-26T00:00:00Z,SVP
118480,2015-02-12T19:00:00Z,-34.11938,-42.23321,0.2687,-0.4764,241.20834,2013-07-26T00:00:00Z,SVP
118480,2015-02-12T20:00:00Z,-34.13511,-42.21681,0.3014,-0.4713,241.20834,2013-07-26T00:00:00Z,SVP
118480,2015-02-12T21:00:00Z,-34.14949,-42.20897,0.0913,-0.4214,255.58333,2013-07-26T00:00:00Z,SVP
118480,2015-02-12T22:00:00Z,-34.16287,-42.20483,0.0837,-0.4228,255.58333,2013-07-26T00:00:00Z,SVP
118480,2015-02-12T23:00:00Z,-34.17633,-42.20221,0.0758,-0.4064,241.20834,2013-07-26T00:00:00Z,SVP
118480,2015-02-13T00:00:00Z,-34.18856,-42.19836,0.1304,-0.342,118.79167,2013-07-26T00:00:00Z,SVP
118480,2015-02-13T01:00:00Z,-34.19832,-42.18832,0.2514,-0.2977,133.20833,2013-07-26T00:00:00Z,SVP
118480,2015-02-13T02:00:00Z,-34.20873,-42.1795,0.2027,-0.3345,233.99998,2013-07-26T00:00:00Z,SVP
118480,2015-02-13T03:00:00Z,-34.21994,-42.17145,0.2052,-0.3447,266.41666,2013-07-26T00:00:00Z,SVP
118480,2015-02-13T04:00:00Z,-34.23049,-42.16308,0.2082,-0.3446,266.41666,2013-07-26T00:00:00Z,SVP
118480,2015-02-13T05:00:00Z,-34.2414,-42.15485,0.2363,-0.3292,205.20834,2013-07-26T00:00:00Z,SVP
118480,2015-02-13T06:00:00Z,-34.25257,-42.14433,0.2336,-0.3278,205.20834,2013-07-26T00:00:00Z,SVP
118480,2015-02-13T07:00:00Z,-34.26271,-42.13622,0.2266,-0.3228,273.58334,2013-07-26T00:00:00Z,SVP
118480,2015-02-13T08:00:00Z,-34.27315,-42.12724,0.27,-0.3247,126.0,2013-07-26T00:00:00Z,SVP
118480,2015-02-13T09:00:00Z,-34.28323,-42.11557,0.3652,-0.3019,248.41667,2013-07-26T00:00:00Z,SVP
118480,2015-02-13T10:00:00Z,-34.29333,-42.10101,0.3681,-0.3025,248.41667,2013-07-26T00:00:00Z,SVP
118480,2015-02-13T11:00:00Z,-34.30018,-42.08504,0.4121,-0.1034,122.416664,2013-07-26T00:00:00Z,SVP
118480,2015-02-13T12:00:00Z,-34.30353,-42.06956,0.3779,-0.0696,133.20833,2013-07-26T00:00:00Z,SVP
118480,2015-02-13T13:00:00Z,-34.30526,-42.05754,0.1564,4.0E-4,421.20834,2013-07-26T00:00:00Z,SVP
118480,2015-02-13T14:00:00Z,-34.30471,-42.05206,0.1536,0.0052,421.20834,2013-07-26T00:00:00Z,SVP
118480,2015-02-13T15:00:00Z,-34.30342,-42.04665,0.1523,0.013,421.20834,2013-07-26T00:00:00Z,SVP
118480,2015-02-13T16:00:00Z,-34.30608,-42.03979,0.1543,-0.044,230.41667,2013-07-26T00:00:00Z,SVP
118480,2015-02-13T17:00:00Z,-34.30854,-42.03402,0.1217,-0.1662,194.41666,2013-07-26T00:00:00Z,SVP
118480,2015-02-13T18:00:00Z,-34.31423,-42.02983,0.1145,-0.1656,194.41666,2013-07-26T00:00:00Z,SVP
118480,2015-02-13T19:00:00Z,-34.31809,-42.02818,0.0826,-0.0868,180.0,2013-07-26T00:00:00Z,SVP
118480,2015-02-13T20:00:00Z,-34.32077,-42.02539,0.1545,-0.1345,306.0,2013-07-26T00:00:00Z,SVP
118480,2015-02-13T21:00:00Z,-34.32538,-42.01893,0.1581,-0.1391,306.0,2013-07-26T00:00:00Z,SVP
118480,2015-02-13T22:00:00Z,-34.3293,-42.01373,0.1608,-0.1666,216.00002,2013-07-26T00:00:00Z,SVP
118480,2015-02-13T23:00:00Z,-34.33663,-42.00562,0.1721,-0.1741,216.00002,2013-07-26T00:00:00Z,SVP
118480,2015-02-14T00:00:00Z,-34.34085,-42.00119,0.1536,-0.1649,126.0,2013-07-26T00:00:00Z,SVP
118480,2015-02-14T11:00:00Z,-34.33887,-42.00408,-0.4228,-0.1022,122.416664,2013-07-26T00:00:00Z,SVP
118480,2015-02-14T12:00:00Z,-34.34321,-42.01883,-0.3338,-0.157,115.208336,2013-07-26T00:00:00Z,SVP
118480,2015-02-14T13:00:00Z,-34.34913,-42.02995,-0.2608,-0.2025,147.58333,2013-07-26T00:00:00Z,SVP
118480,2015-02-14T14:00:00Z,-34.35887,-42.03773,-0.2043,-0.3101,298.7917,2013-07-26T00:00:00Z,SVP
118480,2015-02-14T15:00:00Z,-34.36778,-42.04452,-0.205,-0.3103,298.7917,2013-07-26T00:00:00Z,SVP
118480,2015-02-14T16:00:00Z,-34.3795,-42.05344,-0.1953,-0.3463,241.20834,2013-07-26T00:00:00Z,SVP
118480,2015-02-14T17:00:00Z,-34.39141,-42.06138,-0.0882,-0.368,244.79167,2013-07-26T00:00:00Z,SVP
118480,2015-02-14T18:00:00Z,-34.40235,-42.06544,-0.0874,-0.3694,244.79167,2013-07-26T00:00:00Z,SVP
118480,2015-02-14T19:00:00Z,-34.4154,-42.06709,-0.0487,-0.3976,167.41667,2013-07-26T00:00:00Z,SVP
118480,2015-02-14T20:00:00Z,-34.4292,-42.06477,0.1119,-0.4406,81.0,2013-07-26T00:00:00Z,SVP
118480,2015-02-14T21:00:00Z,-34.44123,-42.05496,0.2042,-0.3549,147.58333,2013-07-26T00:00:00Z,SVP
118480,2015-02-14T22:00:00Z,-34.4458,-42.04957,0.1578,-0.1482,536.4166,2013-07-26T00:00:00Z,SVP
118480,2015-02-14T23:00:00Z,-34.45024,-42.04389,0.1584,-0.1434,536.4166,2013-07-26T00:00:00Z,SVP
118480,2015-02-15T00:00:00Z,-34.45994,-42.03831,0.1602,-0.1904,536.4166,2013-07-26T00:00:00Z,SVP
118480,2015-02-15T01:00:00Z,-34.45888,-42.06819,-0.0606,-0.1239,122.416664,2013-07-26T00:00:00Z,SVP
118480,2015-02-15T02:00:00Z,-34.46153,-42.03151,-0.1522,-0.1679,1461.5834,2013-07-26T00:00:00Z,SVP
118480,2015-02-15T03:00:00Z,-34.46741,-42.03764,-0.1523,-0.168,1461.5834,2013-07-26T00:00:00Z,SVP
118480,2015-02-15T04:00:00Z,-34.47305,-42.0437,-0.1523,-0.168,1461.5834,2013-07-26T00:00:00Z,SVP
118480,2015-02-15T05:00:00Z,-34.4786,-42.04972,-0.1523,-0.1679,1461.5834,2013-07-26T00:00:00Z,SVP
118480,2015-02-15T06:00:00Z,-34.48409,-42.05574,-0.1523,-0.1679,1461.5834,2013-07-26T00:00:00Z,SVP
118480,2015-02-15T07:00:00Z,-34.48955,-42.06176,-0.1523,-0.1679,1461.5834,2013-07-26T00:00:00Z,SVP
118480,2015-02-15T08:00:00Z,-34.49496,-42.06778,-0.1523,-0.168,1461.5834,2013-07-26T00:00:00Z,SVP
118480,2015-02-15T09:00:00Z,-34.50033,-42.07381,-0.1523,-0.168,1461.5834,2013-07-26T00:00:00Z,SVP
118480,2015-02-15T10:00:00Z,-34.50558,-42.07988,-0.1523,-0.1682,1461.5834,2013-07-26T00:00:00Z,SVP
118480,2015-02-15T11:00:00Z,-34.51041,-42.08613,-0.1523,-0.1683,1461.5834,2013-07-26T00:00:00Z,SVP
118480,2015-02-15T12:00:00Z,-34.51949,-42.09005,-0.1186,-0.3068,144.0,2013-07-26T00:00:00Z,SVP
118480,2015-02-15T13:00:00Z,-34.5301,-42.0905,-0.1394,-0.3133,558.0,2013-07-26T00:00:00Z,SVP
118480,2015-02-15T14:00:00Z,-34.53997,-42.09741,-0.1335,-0.3136,558.0,2013-07-26T00:00:00Z,SVP
118480,2015-02-15T15:00:00Z,-34.54978,-42.10337,-0.1294,-0.3144,558.0,2013-07-26T00:00:00Z,SVP
118480,2015-02-15T16:00:00Z,-34.5594,-42.1091,-0.1239,-0.3162,558.0,2013-07-26T00:00:00Z,SVP
118480,2015-02-15T17:00:00Z,-34.56893,-42.11336,-0.0479,-0.3064,244.79167,2013-07-26T00:00:00Z,SVP
118480,2015-02-15T18:00:00Z,-34.58143,-42.11524,-0.0445,-0.3259,244.79167,2013-07-26T00:00:00Z,SVP
118480,2015-02-15T19:00:00Z,-34.58875,-42.11605,-0.0798,-0.2799,50.416664,2013-07-26T00:00:00Z,SVP
118480,2015-02-15T20:00:00Z,-34.59767,-42.12444,-0.1452,-0.1397,144.0,2013-07-26T00:00:00Z,SVP
118480,2015-02-15T21:00:00Z,-34.60196,-42.1224,-0.3931,-0.1513,97.20833,2013-07-26T00:00:00Z,SVP
118480,2015-02-15T22:00:00Z,-34.60894,-42.13895,-0.419,-0.247,108.00001,2013-07-26T00:00:00Z,SVP
118480,2015-02-15T23:00:00Z,-34.61606,-42.15585,-0.4959,-0.1466,144.0,2013-07-26T00:00:00Z,SVP
118480,2015-02-16T00:00:00Z,-34.62109,-42.17507,-0.4719,-0.1554,93.583336,2013-07-26T00:00:00Z,SVP
118480,2015-02-16T01:00:00Z,-34.62928,-42.19155,-0.457,-0.2748,140.41666,2013-07-26T00:00:00Z,SVP
118480,2015-02-16T02:00:00Z,-34.63728,-42.21027,-0.512,-0.1864,64.791664,2013-07-26T00:00:00Z,SVP
118480,2015-02-16T03:00:00Z,-34.63689,-42.22942,-0.4894,-0.3669,269.99997,2013-07-26T00:00:00Z,SVP
118480,2015-02-16T04:00:00Z,-34.6487,-42.25013,-0.4884,-0.3711,269.99997,2013-07-26T00:00:00Z,SVP
118480,2015-02-16T05:00:00Z,-34.66175,-42.26679,-0.4001,-0.4287,223.20834,2013-07-26T00:00:00Z,SVP
118480,2015-02-16T06:00:00Z,-34.67638,-42.28195,-0.3555,-0.5073,122.416664,2013-07-26T00:00:00Z,SVP
118480,2015-02-16T07:00:00Z,-34.69397,-42.29349,-0.2782,-0.5613,126.0,2013-07-26T00:00:00Z,SVP
118480,2015-02-16T08:00:00Z,-34.70368,-42.30682,-0.3424,-0.3801,115.208336,2013-07-26T00:00:00Z,SVP
118480,2015-02-16T09:00:00Z,-34.71672,-42.32178,-0.3744,-0.4267,169.20834,2013-07-26T00:00:00Z,SVP
118480,2015-02-16T10:00:00Z,-34.73067,-42.33564,-0.3723,-0.4307,118.79167,2013-07-26T00:00:00Z,SVP
118480,2015-02-16T11:00:00Z,-34.7443,-42.35097,-0.3758,-0.4231,133.20833,2013-07-26T00:00:00Z,SVP
118480,2015-02-16T12:00:00Z,-34.75858,-42.36523,-0.3522,-0.4384,129.58333,2013-07-26T00:00:00Z,SVP
118480,2015-02-16T13:00:00Z,-34.77421,-42.38046,-0.4127,-0.5014,122.416664,2013-07-26T00:00:00Z,SVP
118480,2015-02-16T14:00:00Z,-34.78982,-42.39568,-0.4063,-0.4953,464.41666,2013-07-26T00:00:00Z,SVP
118480,2015-02-16T15:00:00Z,-34.80575,-42.41281,-0.4103,-0.495,464.41666,2013-07-26T00:00:00Z,SVP
118480,2015-02-16T16:00:00Z,-34.82208,-42.43047,-0.4141,-0.4933,464.41666,2013-07-26T00:00:00Z,SVP
118480,2015-02-16T17:00:00Z,-34.83809,-42.44491,-0.3018,-0.4753,233.99998,2013-07-26T00:00:00Z,SVP
118480,2015-02-16T18:00:00Z,-34.85315,-42.45677,-0.3164,-0.5336,118.79167,2013-07-26T00:00:00Z,SVP
118480,2015-02-16T19:00:00Z,-34.87087,-42.47643,-0.562,-0.5372,122.416664,2013-07-26T00:00:00Z,SVP
118480,2015-02-16T20:00:00Z,-34.88649,-42.49859,-0.4199,-0.3971,68.416664,2013-07-26T00:00:00Z,SVP
118480,2015-02-16T21:00:00Z,-34.90066,-42.51513,-0.4012,-0.4694,126.0,2013-07-26T00:00:00Z,SVP
118480,2015-02-16T22:00:00Z,-34.91737,-42.53425,-0.5633,-0.5331,61.208332,2013-07-26T00:00:00Z,SVP
118480,2015-02-16T23:00:00Z,-34.93119,-42.55796,-0.6113,-0.3568,172.79166,2013-07-26T00:00:00Z,SVP
118480,2015-02-17T00:00:00Z,-34.93371,-42.58152,-0.4452,-0.1716,248.41667,2013-07-26T00:00:00Z,SVP
118480,2015-02-17T01:00:00Z,-34.94044,-42.59832,-0.4455,-0.1625,248.41667,2013-07-26T00:00:00Z,SVP
118480,2015-02-17T02:00:00Z,-34.94575,-42.61747,-0.5192,-0.1864,86.41667,2013-07-26T00:00:00Z,SVP
118480,2015-02-17T03:00:00Z,-34.95135,-42.63842,-0.5423,-0.1505,241.20834,2013-07-26T00:00:00Z,SVP
118480,2015-02-17T04:00:00Z,-34.95746,-42.65909,-0.3627,-0.1834,237.58334,2013-07-26T00:00:00Z,SVP
118480,2015-02-17T05:00:00Z,-34.96186,-42.67289,-0.3606,-0.1669,237.58334,2013-07-26T00:00:00Z,SVP
118480,2015-02-17T06:00:00Z,-34.97017,-42.68575,-0.3201,-0.1991,97.20833,2013-07-26T00:00:00Z,SVP
118480,2015-02-17T07:00:00Z,-34.97501,-42.68771,-0.1258,-0.1979,154.79166,2013-07-26T00:00:00Z,SVP
118480,2015-02-17T08:00:00Z,-34.98221,-42.69554,-0.1396,-0.1908,190.79166,2013-07-26T00:00:00Z,SVP
118480,2015-02-17T09:00:00Z,-34.98687,-42.69744,0.123,-0.0645,108.00001,2013-07-26T00:00:00Z,SVP
118480,2015-02-17T10:00:00Z,-34.98902,-42.69178,0.0364,-0.0979,90.0,2013-07-26T00:00:00Z,SVP
118480,2015-02-17T11:00:00Z,-34.99095,-42.69003,0.0557,-0.0298,97.20833,2013-07-26T00:00:00Z,SVP
118480,2015-02-17T12:00:00Z,-34.9913,-42.6856,0.146,0.0218,144.0,2013-07-26T00:00:00Z,SVP
118480,2015-02-17T13:00:00Z,-34.98998,-42.6803,0.0855,-0.0741,496.7917,2013-07-26T00:00:00Z,SVP
118480,2015-02-17T14:00:00Z,-34.99317,-42.67727,0.0854,-0.0726,496.7917,2013-07-26T00:00:00Z,SVP
118480,2015-02-17T15:00:00Z,-34.99556,-42.674,0.0854,-0.073,496.7917,2013-07-26T00:00:00Z,SVP
118480,2015-02-17T16:00:00Z,-34.99758,-42.67066,0.0854,-0.0751,496.7917,2013-07-26T00:00:00Z,SVP
118480,2015-02-17T17:00:00Z,-35.00119,-42.66818,0.063,-0.1114,269.99997,2013-07-26T00:00:00Z,SVP
118480,2015-02-17T18:00:00Z,-35.00478,-42.66485,0.0636,-0.1125,269.99997,2013-07-26T00:00:00Z,SVP
118480,2015-02-17T19:00:00Z,-35.00994,-42.66478,0.0339,-0.1497,205.20834,2013-07-26T00:00:00Z,SVP
118480,2015-02-17T20:00:00Z,-35.01506,-42.66226,0.114,-0.1452,158.41667,2013-07-26T00:00:00Z,SVP
118480,2015-02-17T21:00:00Z,-35.01868,-42.65772,0.111,-0.143,158.41667,2013-07-26T00:00:00Z,SVP
118480,2015-02-17T22:00:00Z,-35.02531,-42.65847,-0.1035,-0.1876,284.41666,2013-07-26T00:00:00Z,SVP
118480,2015-02-17T23:00:00Z,-35.03119,-42.6629,-0.1055,-0.1853,284.41666,2013-07-26T00:00:00Z,SVP
118480,2015-02-18T00:00:00Z,-35.03662,-42.66692,-0.1155,-0.1511,126.0,2013-07-26T00:00:00Z,SVP
118480,2015-02-18T01:00:00Z,-35.04257,-42.67157,-0.1258,-0.1968,115.208336,2013-07-26T00:00:00Z,SVP
118480,2015-02-18T02:00:00Z,-35.05126,-42.67942,-0.1376,-0.3025,140.41666,2013-07-26T00:00:00Z,SVP
118480,2015-02-18T03:00:00Z,-35.06118,-42.68412,-0.0936,-0.312,223.20834,2013-07-26T00:00:00Z,SVP
118480,2015-02-18T04:00:00Z,-35.07176,-42.68751,-0.0505,-0.3358,237.58334,2013-07-26T00:00:00Z,SVP
118480,2015-02-18T05:00:00Z,-35.08241,-42.68884,-0.0454,-0.335,237.58334,2013-07-26T00:00:00Z,SVP
118480,2015-02-18T06:00:00Z,-35.09776,-42.69276,-0.106,-0.5235,165.58333,2013-07-26T00:00:00Z,SVP
118480,2015-02-18T07:00:00Z,-35.11415,-42.69683,-0.0771,-0.3441,79.208336,2013-07-26T00:00:00Z,SVP
118480,2015-02-18T08:00:00Z,-35.12586,-42.69921,-0.0528,-0.4139,122.416664,2013-07-26T00:00:00Z,SVP
118480,2015-02-18T09:00:00Z,-35.13892,-42.70186,-0.0877,-0.286,0.0,2013-07-26T00:00:00Z,SVP
118480,2015-02-18T10:00:00Z,-35.15119,-42.70335,-0.0504,-0.3765,111.583336,2013-07-26T00:00:00Z,SVP
118480,2015-02-18T11:00:00Z,-35.16181,-42.70665,-0.035,-0.2798,108.00001,2013-07-26T00:00:00Z,SVP
118480,2015-02-18T12:00:00Z,-35.17086,-42.70824,0.0011,-0.2687,133.20833,2013-07-26T00:00:00Z,SVP
118480,2015-02-18T13:00:00Z,-35.18001,-42.71186,-0.2744,-0.2753,543.5834,2013-07-26T00:00:00Z,SVP
118480,2015-02-18T14:00:00Z,-35.18872,-42.72296,-0.2758,-0.2742,543.5834,2013-07-26T00:00:00Z,SVP
118480,2015-02-18T15:00:00Z,-35.19727,-42.73378,-0.2758,-0.2728,543.5834,2013-07-26T00:00:00Z,SVP
118480,2015-02-18T16:00:00Z,-35.20539,-42.74415,-0.2747,-0.2705,543.5834,2013-07-26T00:00:00Z,SVP
118480,2015-02-18T17:00:00Z,-35.2162,-42.7637,-0.5881,-0.2906,223.20834,2013-07-26T00:00:00Z,SVP
118480,2015-02-18T18:00:00Z,-35.22694,-42.78594,-0.6003,-0.3279,190.79166,2013-07-26T00:00:00Z,SVP
118480,2015-02-18T19:00:00Z,-35.23581,-42.81169,-0.247,-0.7533,72.0,2013-07-26T00:00:00Z,SVP
118480,2015-02-18T20:00:00Z,-35.26032,-42.82204,-0.2705,-0.72,176.41667,2013-07-26T00:00:00Z,SVP
118480,2015-02-18T21:00:00Z,-35.28308,-42.83352,-0.3034,-0.632,73.791664,2013-07-26T00:00:00Z,SVP
118480,2015-02-18T22:00:00Z,-35.30307,-42.84399,-0.251,-0.6147,307.79166,2013-07-26T00:00:00Z,SVP
118480,2015-02-18T23:00:00Z,-35.3238,-42.85487,-0.2495,-0.616,307.79166,2013-07-26T00:00:00Z,SVP
118480,2015-02-19T00:00:00Z,-35.34154,-42.86205,-0.1805,-0.5451,259.20834,2013-07-26T00:00:00Z,SVP
118480,2015-02-19T01:00:00Z,-35.35914,-42.86769,-0.0379,-0.4723,252.0,2013-07-26T00:00:00Z,SVP
118480,2015-02-19T02:00:00Z,-35.37366,-42.86539,-0.0452,-0.4631,252.0,2013-07-26T00:00:00Z,SVP
118480,2015-02-19T03:00:00Z,-35.38396,-42.86735,-0.0847,-0.321,158.41667,2013-07-26T00:00:00Z,SVP
118480,2015-02-19T04:00:00Z,-35.39093,-42.87213,-0.1376,-0.3103,244.79167,2013-07-26T00:00:00Z,SVP
118480,2015-02-19T05:00:00Z,-35.40469,-42.87514,-0.1312,-0.2772,244.79167,2013-07-26T00:00:00Z,SVP
118480,2015-02-19T06:00:00Z,-35.41232,-42.88263,-0.2109,-0.1959,226.79166,2013-07-26T00:00:00Z,SVP
118480,2015-02-19T07:00:00Z,-35.41846,-42.89108,-0.2136,-0.1673,237.58334,2013-07-26T00:00:00Z,SVP
118480,2015-02-19T08:00:00Z,-35.42369,-42.8992,-0.2119,-0.1666,237.58334,2013-07-26T00:00:00Z,SVP
118480,2015-02-19T09:00:00Z,-35.42973,-42.90776,-0.2758,-0.245,244.79167,2013-07-26T00:00:00Z,SVP
118480,2015-02-19T10:00:00Z,-35.43806,-42.91945,-0.2782,-0.2465,244.79167,2013-07-26T00:00:00Z,SVP
118480,2015-02-19T11:00:00Z,-35.44687,-42.92908,-0.246,-0.2757,126.0,2013-07-26T00:00:00Z,SVP
118480,2015-02-19T12:00:00Z,-35.45797,-42.93822,-0.2287,-0.332,118.79167,2013-07-26T00:00:00Z,SVP
118480,2015-02-19T13:00:00Z,-35.46644,-42.95101,-0.3263,-0.2507,147.58333,2013-07-26T00:00:00Z,SVP
118480,2015-02-19T14:00:00Z,-35.4705,-42.96334,-0.2259,-0.2169,313.20834,2013-07-26T00:00:00Z,SVP
118480,2015-02-19T15:00:00Z,-35.47829,-42.97151,-0.2281,-0.2159,313.20834,2013-07-26T00:00:00Z,SVP
118480,2015-02-19T16:00:00Z,-35.4843,-42.98056,-0.2276,-0.2262,313.20834,2013-07-26T00:00:00Z,SVP
118480,2015-02-19T17:00:00Z,-35.49296,-42.98993,-0.2219,-0.2683,223.20834,2013-07-26T00:00:00Z,SVP
118480,2015-02-19T18:00:00Z,-35.50248,-43.00065,-0.3086,-0.314,144.0,2013-07-26T00:00:00Z,SVP
118480,2015-02-19T19:00:00Z,-35.51312,-43.0125,-0.2837,-0.3354,97.20833,2013-07-26T00:00:00Z,SVP
118480,2015-02-19T20:00:00Z,-35.52464,-43.02073,-0.1589,-0.377,151.20834,2013-07-26T00:00:00Z,SVP
118480,2015-02-19T21:00:00Z,-35.53725,-43.01859,0.1238,-0.3787,165.58333,2013-07-26T00:00:00Z,SVP
118480,2015-02-19T22:00:00Z,-35.5491,-43.0138,0.1213,-0.3504,658.7917,2013-07-26T00:00:00Z,SVP
118480,2015-02-19T23:00:00Z,-35.56068,-43.00891,0.1213,-0.352,658.7917,2013-07-26T00:00:00Z,SVP
118480,2015-02-20T00:00:00Z,-35.57238,-43.00404,0.1213,-0.3536,658.7917,2013-07-26T00:00:00Z,SVP
118480,2015-02-20T01:00:00Z,-35.58438,-42.99914,0.1213,-0.3559,658.7917,2013-07-26T00:00:00Z,SVP
118480,2015-02-20T02:00:00Z,-35.59714,-42.99414,0.1212,-0.3601,658.7917,2013-07-26T00:00:00Z,SVP
118480,2015-02-20T03:00:00Z,-35.60444,-42.99046,0.1016,-0.243,162.0,2013-07-26T00:00:00Z,SVP
118480,2015-02-20T04:00:00Z,-35.61275,-42.98772,0.0477,-0.2529,266.41666,2013-07-26T00:00:00Z,SVP
118480,2015-02-20T05:00:00Z,-35.62069,-42.98488,0.0439,-0.257,266.41666,2013-07-26T00:00:00Z,SVP
118480,2015-02-20T06:00:00Z,-35.63055,-42.9848,0.0291,-0.3102,216.00002,2013-07-26T00:00:00Z,SVP
118480,2015-02-20T07:00:00Z,-35.64203,-42.98412,0.0178,-0.3824,252.0,2013-07-26T00:00:00Z,SVP
118480,2015-02-20T08:00:00Z,-35.65434,-42.97927,0.0539,-0.3854,252.0,2013-07-26T00:00:00Z,SVP
118480,2015-02-20T09:00:00Z,-35.66923,-42.98829,-0.2648,-0.4487,280.79166,2013-07-26T00:00:00Z,SVP
118480,2015-02-20T10:00:00Z,-35.68364,-42.99937,-0.2575,-0.4504,280.79166,2013-07-26T00:00:00Z,SVP
118480,2015-02-20T11:00:00Z,-35.70097,-43.01046,-0.2929,-0.5229,165.58333,2013-07-26T00:00:00Z,SVP
118480,2015-02-20T12:00:00Z,-35.72498,-43.00886,0.1642,-0.8504,140.41666,2013-07-26T00:00:00Z,SVP
118480,2015-02-20T13:00:00Z,-35.75262,-43.0015,0.1406,-0.8585,111.583336,2013-07-26T00:00:00Z,SVP
118480,2015-02-20T14:00:00Z,-35.78024,-42.9953,0.1269,-0.8152,338.4167,2013-07-26T00:00:00Z,SVP
118480,2015-02-20T15:00:00Z,-35.80695,-42.99085,0.1237,-0.8163,338.4167,2013-07-26T00:00:00Z,SVP
118480,2015-02-20T16:00:00Z,-35.83293,-42.98517,0.247,-0.5453,223.20834,2013-07-26T00:00:00Z,SVP
118480,2015-02-20T17:00:00Z,-35.85017,-42.96993,0.2073,-0.5249,223.20834,2013-07-26T00:00:00Z,SVP
118480,2015-02-20T18:00:00Z,-35.85932,-42.96434,0.2159,-0.2257,255.58333,2013-07-26T00:00:00Z,SVP
118480,2015-02-20T19:00:00Z,-35.86673,-42.95581,0.2114,-0.2059,255.58333,2013-07-26T00:00:00Z,SVP
118480,2015-02-20T20:00:00Z,-35.86605,-42.95445,0.0,0.1031,140.41666,2013-07-26T00:00:00Z,SVP
118480,2015-02-20T21:00:00Z,-35.8618,-42.95281,0.0547,0.159,118.79167,2013-07-26T00:00:00Z,SVP
118480,2015-02-20T22:00:00Z,-35.85708,-42.94929,0.1183,0.1357,126.0,2013-07-26T00:00:00Z,SVP
118480,2015-02-20T23:00:00Z,-35.85259,-42.96486,-0.2205,0.1414,219.58333,2013-07-26T00:00:00Z,SVP
118480,2015-02-21T00:00:00Z,-35.84702,-42.9751,-0.3435,0.174,104.41666,2013-07-26T00:00:00Z,SVP
118480,2015-02-21T01:00:00Z,-35.84348,-42.98678,-0.3096,0.1196,133.20833,2013-07-26T00:00:00Z,SVP
118480,2015-02-21T02:00:00Z,-35.84067,-43.00211,-0.5066,0.0303,172.79166,2013-07-26T00:00:00Z,SVP
118480,2015-02-21T03:00:00Z,-35.83925,-43.02415,-0.5037,0.0259,172.79166,2013-07-26T00:00:00Z,SVP
118480,2015-02-21T04:00:00Z,-35.84058,-43.04138,-0.437,-0.0439,269.99997,2013-07-26T00:00:00Z,SVP
118480,2015-02-21T05:00:00Z,-35.84143,-43.05925,-0.3877,-0.2121,226.79166,2013-07-26T00:00:00Z,SVP
118480,2015-02-21T06:00:00Z,-35.84913,-43.07451,-0.3841,-0.2009,226.79166,2013-07-26T00:00:00Z,SVP
118480,2015-02-21T07:00:00Z,-35.85638,-43.08545,-0.2675,-0.2465,244.79167,2013-07-26T00:00:00Z,SVP
118480,2015-02-21T08:00:00Z,-35.86392,-43.0911,-0.2562,-0.2462,244.79167,2013-07-26T00:00:00Z,SVP
118480,2015-02-21T09:00:00Z,-35.87212,-43.10647,-0.2616,-0.2434,205.20834,2013-07-26T00:00:00Z,SVP
118480,2015-02-21T10:00:00Z,-35.87935,-43.11907,-0.4199,-0.2621,122.416664,2013-07-26T00:00:00Z,SVP
118480,2015-02-21T11:00:00Z,-35.88756,-43.1352,-0.273,-0.2159,54.000004,2013-07-26T00:00:00Z,SVP
118480,2015-02-21T12:00:00Z,-35.89466,-43.13897,-0.0085,-0.2531,118.79167,2013-07-26T00:00:00Z,SVP
118480,2015-02-21T13:00:00Z,-35.90202,-43.14131,-0.1316,-0.2085,118.79167,2013-07-26T00:00:00Z,SVP
118480,2015-02-21T14:00:00Z,-35.90791,-43.14855,-0.2006,-0.1584,367.20834,2013-07-26T00:00:00Z,SVP
118480,2015-02-21T15:00:00Z,-35.91373,-43.15652,-0.2013,-0.1633,367.20834,2013-07-26T00:00:00Z,SVP
118480,2015-02-21T16:00:00Z,-35.91738,-43.16404,-0.2033,0.0363,223.20834,2013-07-26T00:00:00Z,SVP
118480,2015-02-21T17:00:00Z,-35.91591,-43.17393,-0.2105,0.0371,223.20834,2013-07-26T00:00:00Z,SVP
118480,2015-02-21T18:00:00Z,-35.91458,-43.18162,-0.2193,0.0457,237.58334,2013-07-26T00:00:00Z,SVP
118480,2015-02-21T19:00:00Z,-35.91287,-43.18863,-0.3101,0.0321,190.79166,2013-07-26T00:00:00Z,SVP
118480,2015-02-21T20:00:00Z,-35.91234,-43.20184,-0.34,0.0278,255.58333,2013-07-26T00:00:00Z,SVP
118480,2015-02-21T21:00:00Z,-35.91097,-43.21447,-0.3309,0.0306,255.58333,2013-07-26T00:00:00Z,SVP
118480,2015-02-21T22:00:00Z,-35.91106,-43.22946,-0.4887,-0.0158,205.20834,2013-07-26T00:00:00Z,SVP
118480,2015-02-21T23:00:00Z,-35.91199,-43.24968,-0.5038,-0.0264,205.20834,2013-07-26T00:00:00Z,SVP
118480,2015-02-22T00:00:00Z,-35.91849,-43.27232,-0.5333,-0.2705,233.99998,2013-07-26T00:00:00Z,SVP
118480,2015-02-22T01:00:00Z,-35.9276,-43.2932,-0.5344,-0.269,233.99998,2013-07-26T00:00:00Z,SVP
118480,2015-02-22T02:00:00Z,-35.93646,-43.31505,-0.5447,-0.272,230.41667,2013-07-26T00:00:00Z,SVP
118480,2015-02-22T03:00:00Z,-35.94416,-43.33659,-0.5845,-0.2738,0.0,2013-07-26T00:00:00Z,SVP
118480,2015-02-22T04:00:00Z,-35.95714,-43.36434,-0.6332,-0.3654,255.58333,2013-07-26T00:00:00Z,SVP
118480,2015-02-22T05:00:00Z,-35.97177,-43.36358,-0.3211,-0.7496,144.0,2013-07-26T00:00:00Z,SVP
118480,2015-02-22T06:00:00Z,-35.99629,-43.37548,-0.0731,-0.7614,54.000004,2013-07-26T00:00:00Z,SVP
118480,2015-02-22T07:00:00Z,-36.00999,-43.37815,-0.0322,-0.3611,126.0,2013-07-26T00:00:00Z,SVP
118480,2015-02-22T08:00:00Z,-36.02031,-43.37993,-0.187,-0.2526,176.41667,2013-07-26T00:00:00Z,SVP
118480,2015-02-22T09:00:00Z,-36.03023,-43.38936,-0.1963,-0.2314,0.0,2013-07-26T00:00:00Z,SVP
118480,2015-02-22T10:00:00Z,-36.03659,-43.39675,-0.2222,-0.2417,219.58333,2013-07-26T00:00:00Z,SVP
118480,2015-02-22T11:00:00Z,-36.04519,-43.40901,-0.4154,-0.25,108.00001,2013-07-26T00:00:00Z,SVP
118480,2015-02-22T12:00:00Z,-36.05238,-43.42072,-0.268,-0.2376,133.20833,2013-07-26T00:00:00Z,SVP
118480,2015-02-22T13:00:00Z,-36.05909,-43.42964,-0.4901,-0.1764,385.20834,2013-07-26T00:00:00Z,SVP
118480,2015-02-22T14:00:00Z,-36.06456,-43.44977,-0.4932,-0.1748,385.20834,2013-07-26T00:00:00Z,SVP
118480,2015-02-22T15:00:00Z,-36.0698,-43.4696,-0.4939,-0.173,385.20834,2013-07-26T00:00:00Z,SVP
118480,2015-02-22T16:00:00Z,-36.07703,-43.49102,-0.5242,-0.205,226.79166,2013-07-26T00:00:00Z,SVP
118480,2015-02-22T17:00:00Z,-36.08455,-43.51222,-0.6178,-0.4337,244.79167,2013-07-26T00:00:00Z,SVP
118480,2015-02-22T18:00:00Z,-36.09894,-43.5386,-0.6076,-0.4383,244.79167,2013-07-26T00:00:00Z,SVP
118480,2015-02-22T19:00:00Z,-36.11363,-43.56417,-0.6391,-0.5726,165.58333,2013-07-26T00:00:00Z,SVP
118480,2015-02-22T20:00:00Z,-36.13531,-43.58874,-0.5761,-0.7102,61.208332,2013-07-26T00:00:00Z,SVP
118480,2015-02-22T21:00:00Z,-36.15613,-43.60837,-0.4998,-0.6558,183.58333,2013-07-26T00:00:00Z,SVP
118480,2015-02-22T22:00:00Z,-36.1767,-43.62635,-0.4115,-0.6251,241.20834,2013-07-26T00:00:00Z,SVP
118480,2015-02-22T23:00:00Z,-36.19755,-43.64274,-0.4126,-0.624,241.20834,2013-07-26T00:00:00Z,SVP
118480,2015-02-23T00:00:00Z,-36.21636,-43.65909,-0.4075,-0.5369,140.41666,2013-07-26T00:00:00Z,SVP
118480,2015-02-23T01:00:00Z,-36.23229,-43.67461,-0.3893,-0.4757,115.208336,2013-07-26T00:00:00Z,SVP
118480,2015-02-23T02:00:00Z,-36.24778,-43.69206,-0.4276,-0.4715,136.79167,2013-07-26T00:00:00Z,SVP
118480,2015-02-23T03:00:00Z,-36.26328,-43.71103,-0.4636,-0.5204,252.0,2013-07-26T00:00:00Z,SVP
118480,2015-02-23T04:00:00Z,-36.27892,-43.72978,-0.4628,-0.5094,252.0,2013-07-26T00:00:00Z,SVP
118480,2015-02-23T05:00:00Z,-36.29626,-43.7477,-0.4179,-0.5763,219.58333,2013-07-26T00:00:00Z,SVP
118480,2015-02-23T06:00:00Z,-36.31582,-43.7658,-0.3124,-0.5518,144.0,2013-07-26T00:00:00Z,SVP
118480,2015-02-23T07:00:00Z,-36.33306,-43.7786,-0.3465,-0.5059,104.41666,2013-07-26T00:00:00Z,SVP
118480,2015-02-23T08:00:00Z,-36.34934,-43.79309,-0.3793,-0.4899,140.41666,2013-07-26T00:00:00Z,SVP
118480,2015-02-23T09:00:00Z,-36.36414,-43.81024,-0.4464,-0.4416,111.583336,2013-07-26T00:00:00Z,SVP
118480,2015-02-23T10:00:00Z,-36.37633,-43.8273,-0.4179,-0.3615,126.0,2013-07-26T00:00:00Z,SVP
118480,2015-02-23T11:00:00Z,-36.38724,-43.84275,-0.4892,-0.3583,115.208336,2013-07-26T00:00:00Z,SVP
118480,2015-02-23T12:00:00Z,-36.39967,-43.86368,-0.4853,-0.4148,118.79167,2013-07-26T00:00:00Z,SVP
118480,2015-02-23T13:00:00Z,-36.4132,-43.88329,-0.5075,-0.4184,144.0,2013-07-26T00:00:00Z,SVP
118480,2015-02-23T14:00:00Z,-36.42644,-43.90281,-0.5059,-0.3941,507.5833,2013-07-26T00:00:00Z,SVP
118480,2015-02-23T15:00:00Z,-36.43919,-43.92377,-0.5108,-0.3938,507.5833,2013-07-26T00:00:00Z,SVP
118480,2015-02-23T16:00:00Z,-36.45218,-43.94537,-0.5163,-0.3938,507.5833,2013-07-26T00:00:00Z,SVP
118480,2015-02-23T17:00:00Z,-36.46552,-43.96621,-0.3503,-0.3884,241.20834,2013-07-26T00:00:00Z,SVP
118480,2015-02-23T18:00:00Z,-36.47715,-43.9799,-0.353,-0.3864,241.20834,2013-07-26T00:00:00Z,SVP
118480,2015-02-23T19:00:00Z,-36.4915,-43.99414,-0.3481,-0.4398,129.58333,2013-07-26T00:00:00Z,SVP
118480,2015-02-23T20:00:00Z,-36.50524,-44.00582,-0.1694,-0.363,171.0,2013-07-26T00:00:00Z,SVP
118480,2015-02-23T21:00:00Z,-36.51665,-44.01291,-0.1765,-0.3815,95.41667,2013-07-26T00:00:00Z,SVP
118480,2015-02-23T22:00:00Z,-36.53018,-44.02255,-0.2852,-0.4312,153.0,2013-07-26T00:00:00Z,SVP
118480,2015-02-23T23:00:00Z,-36.54355,-44.03483,-0.3473,-0.3845,93.583336,2013-07-26T00:00:00Z,SVP
118480,2015-02-24T00:00:00Z,-36.54985,-44.04904,-0.341,-0.1317,133.20833,2013-07-26T00:00:00Z,SVP
118480,2015-02-24T01:00:00Z,-36.55146,-44.05447,-0.2093,-0.0518,248.41667,2013-07-26T00:00:00Z,SVP
118480,2015-02-24T02:00:00Z,-36.55228,-44.06093,-0.4438,0.0434,111.583336,2013-07-26T00:00:00Z,SVP
118480,2015-02-24T03:00:00Z,-36.55034,-44.07938,-0.5104,0.0896,255.58333,2013-07-26T00:00:00Z,SVP
118480,2015-02-24T04:00:00Z,-36.54579,-44.09977,-0.5125,0.0903,255.58333,2013-07-26T00:00:00Z,SVP
118480,2015-02-24T05:00:00Z,-36.54531,-44.12142,-0.5409,0.0202,237.58334,2013-07-26T00:00:00Z,SVP
118480,2015-02-24T06:00:00Z,-36.54562,-44.1426,-0.5282,-0.086,111.583336,2013-07-26T00:00:00Z,SVP
118480,2015-02-24T07:00:00Z,-36.55071,-44.16389,-0.5116,-0.1973,140.41666,2013-07-26T00:00:00Z,SVP
118480,2015-02-24T08:00:00Z,-36.55733,-44.19278,-0.9254,-0.2322,86.41667,2013-07-26T00:00:00Z,SVP
118480,2015-02-24T09:00:00Z,-36.56606,-44.22966,-0.9299,-0.2523,162.0,2013-07-26T00:00:00Z,SVP
118480,2015-02-24T10:00:00Z,-36.57498,-44.26073,-0.7077,-0.2942,133.20833,2013-07-26T00:00:00Z,SVP
118480,2015-02-24T11:00:00Z,-36.58544,-44.28813,-0.649,-0.3358,111.583336,2013-07-26T00:00:00Z,SVP
118480,2015-02-24T12:00:00Z,-36.59614,-44.30733,-0.5447,-0.349,140.41666,2013-07-26T00:00:00Z,SVP
118480,2015-02-24T13:00:00Z,-36.60731,-44.33155,-0.5865,-0.3294,144.0,2013-07-26T00:00:00Z,SVP
118480,2015-02-24T14:00:00Z,-36.61798,-44.35333,-0.3264,-0.3378,424.79166,2013-07-26T00:00:00Z,SVP
118480,2015-02-24T15:00:00Z,-36.62908,-44.36412,-0.3416,-0.3382,424.79166,2013-07-26T00:00:00Z,SVP
118480,2015-02-24T16:00:00Z,-36.64015,-44.37753,-0.3438,-0.3383,424.79166,2013-07-26T00:00:00Z,SVP
118480,2015-02-24T17:00:00Z,-36.65043,-44.39125,-0.2968,-0.3101,219.58333,2013-07-26T00:00:00Z,SVP
118480,2015-02-24T18:00:00Z,-36.66014,-44.40357,-0.2966,-0.3044,219.58333,2013-07-26T00:00:00Z,SVP
118480,2015-02-24T19:00:00Z,-36.66425,-44.41534,-0.3632,-0.0893,64.791664,2013-07-26T00:00:00Z,SVP
118480,2015-02-24T20:00:00Z,-36.66849,-44.43592,-0.5343,-0.1273,108.00001,2013-07-26T00:00:00Z,SVP
118480,2015-02-24T21:00:00Z,-36.66953,-44.43746,-0.2309,0.1075,86.41667,2013-07-26T00:00:00Z,SVP
118480,2015-02-24T22:00:00Z,-36.67084,-44.44964,-0.328,-0.1197,108.00001,2013-07-26T00:00:00Z,SVP
118480,2015-02-24T23:00:00Z,-36.68263,-44.47851,-0.8149,0.1798,147.58333,2013-07-26T00:00:00Z,SVP
118480,2015-02-25T00:00:00Z,-36.67686,-44.51064,-0.7145,0.0094,90.0,2013-07-26T00:00:00Z,SVP
118480,2015-02-25T01:00:00Z,-36.6782,-44.53796,-0.6354,-0.1115,144.0,2013-07-26T00:00:00Z,SVP
118480,2015-02-25T02:00:00Z,-36.68433,-44.56728,-0.8944,-0.2238,111.583336,2013-07-26T00:00:00Z,SVP
118480,2015-02-25T03:00:00Z,-36.69237,-44.60357,-0.9023,-0.2729,273.58334,2013-07-26T00:00:00Z,SVP
118480,2015-02-25T04:00:00Z,-36.70013,-44.64103,-0.6337,-0.2708,248.41667,2013-07-26T00:00:00Z,SVP
118480,2015-02-25T05:00:00Z,-36.70988,-44.66619,-0.635,-0.277,248.41667,2013-07-26T00:00:00Z,SVP
118480,2015-02-25T06:00:00Z,-36.71767,-44.69159,-0.6284,-0.2546,68.416664,2013-07-26T00:00:00Z,SVP
118480,2015-02-25T07:00:00Z,-36.7275,-44.72459,-0.7785,-0.2779,180.0,2013-07-26T00:00:00Z,SVP
118480,2015-02-25T08:00:00Z,-36.73782,-44.75194,-0.5309,-0.3398,176.41667,2013-07-26T00:00:00Z,SVP
118480,2015-02-25T09:00:00Z,-36.74873,-44.77338,-0.5938,-0.3405,72.0,2013-07-26T00:00:00Z,SVP
118480,2015-02-25T10:00:00Z,-36.75844,-44.79656,-0.5423,-0.2696,115.208336,2013-07-26T00:00:00Z,SVP
118480,2015-02-25T11:00:00Z,-36.76456,-44.81704,-0.4609,-0.0525,153.0,2013-07-26T00:00:00Z,SVP
118480,2015-02-25T12:00:00Z,-36.76543,-44.83579,-0.4086,-0.0035,122.416664,2013-07-26T00:00:00Z,SVP
118480,2015-02-25T13:00:00Z,-36.76459,-44.85123,-0.3618,0.1396,115.208336,2013-07-26T00:00:00Z,SVP
118480,2015-02-25T14:00:00Z,-36.7554,-44.86518,-0.3552,0.3378,442.79166,2013-07-26T00:00:00Z,SVP
118480,2015-02-25T15:00:00Z,-36.74421,-44.87992,-0.3554,0.3372,442.79166,2013-07-26T00:00:00Z,SVP
118480,2015-02-25T16:00:00Z,-36.73318,-44.89512,-0.3556,0.3369,442.79166,2013-07-26T00:00:00Z,SVP
118480,2015-02-25T17:00:00Z,-36.72272,-44.90875,-0.3361,0.3369,248.41667,2013-07-26T00:00:00Z,SVP
118480,2015-02-25T18:00:00Z,-36.71179,-44.92135,-0.3393,0.3358,248.41667,2013-07-26T00:00:00Z,SVP
118480,2015-02-25T19:00:00Z,-36.70235,-44.94457,-0.6272,0.2992,126.0,2013-07-26T00:00:00Z,SVP
118480,2015-02-25T20:00:00Z,-36.69217,-44.96745,-0.4045,0.3528,75.583336,2013-07-26T00:00:00Z,SVP
118480,2015-02-25T21:00:00Z,-36.68008,-44.98238,-0.3719,0.3631,172.79166,2013-07-26T00:00:00Z,SVP
118480,2015-02-25T22:00:00Z,-36.66933,-45.00391,-0.7496,0.3027,259.20834,2013-07-26T00:00:00Z,SVP
118480,2015-02-25T23:00:00Z,-36.65981,-45.03483,-0.7458,0.3029,259.20834,2013-07-26T00:00:00Z,SVP
118480,2015-02-26T00:00:00Z,-36.6495,-45.065,-0.7658,0.3111,100.79167,2013-07-26T00:00:00Z,SVP
118480,2015-02-26T01:00:00Z,-36.63898,-45.09087,-0.6335,0.3341,262.79166,2013-07-26T00:00:00Z,SVP
118480,2015-02-26T02:00:00Z,-36.62911,-45.11603,-0.8515,0.2889,50.416664,2013-07-26T00:00:00Z,SVP
118480,2015-02-26T03:00:00Z,-36.61921,-45.14984,-0.8429,0.272,738.0,2013-07-26T00:00:00Z,SVP
118480,2015-02-26T04:00:00Z,-36.61057,-45.18406,-0.8439,0.2725,738.0,2013-07-26T00:00:00Z,SVP
118480,2015-02-26T05:00:00Z,-36.60186,-45.21863,-0.8456,0.2729,738.0,2013-07-26T00:00:00Z,SVP
118480,2015-02-26T06:00:00Z,-36.59315,-45.2535,-0.8468,0.2735,738.0,2013-07-26T00:00:00Z,SVP
118480,2015-02-26T07:00:00Z,-36.58455,-45.28881,-0.8461,0.275,738.0,2013-07-26T00:00:00Z,SVP
118480,2015-02-26T08:00:00Z,-36.57522,-45.31586,-0.6201,0.271,212.41667,2013-07-26T00:00:00Z,SVP
118480,2015-02-26T09:00:00Z,-36.56642,-45.34018,-0.5656,0.2534,0.0,2013-07-26T00:00:00Z,SVP
118480,2015-02-26T10:00:00Z,-36.55628,-45.36401,-0.5982,0.3456,156.58334,2013-07-26T00:00:00Z,SVP
118480,2015-02-26T11:00:00Z,-36.54228,-45.38827,-0.5814,0.3788,210.58334,2013-07-26T00:00:00Z,SVP
118480,2015-02-27T23:00:00Z,-35.89699,-45.91128,-0.2213,0.6881,133.20833,2013-07-26T00:00:00Z,SVP
118480,2015-02-28T00:00:00Z,-35.87419,-45.92102,-0.2853,0.7148,140.41666,2013-07-26T00:00:00Z,SVP
118480,2015-02-28T01:00:00Z,-35.85116,-45.93108,-0.2139,0.7183,111.583336,2013-07-26T00:00:00Z,SVP
118480,2015-02-28T02:00:00Z,-35.82777,-45.93801,-0.1439,0.7018,680.4166,2013-07-26T00:00:00Z,SVP
118480,2015-02-28T03:00:00Z,-35.8055,-45.94381,-0.1443,0.6995,680.4166,2013-07-26T00:00:00Z,SVP
118480,2015-02-28T04:00:00Z,-35.78335,-45.94966,-0.1448,0.6967,680.4166,2013-07-26T00:00:00Z,SVP
118480,2015-02-28T05:00:00Z,-35.77149,-45.95558,-0.1454,0.6002,680.4166,2013-07-26T00:00:00Z,SVP
118480,2015-02-28T06:00:00Z,-35.75243,-45.96159,-0.1462,0.5991,680.4166,2013-07-26T00:00:00Z,SVP
118480,2015-02-28T07:00:00Z,-35.73083,-45.96685,-0.1353,0.733,882.0,2013-07-26T00:00:00Z,SVP
118480,2015-02-28T08:00:00Z,-35.70622,-45.96848,-0.0947,0.7373,882.0,2013-07-26T00:00:00Z,SVP
118480,2015-02-28T09:00:00Z,-35.67048,-45.97063,-0.0938,0.6994,882.0,2013-07-26T00:00:00Z,SVP
118480,2015-02-28T10:00:00Z,-35.64688,-45.97109,-0.0947,0.7003,882.0,2013-07-26T00:00:00Z,SVP
118480,2015-02-28T11:00:00Z,-35.62356,-45.95065,-0.0325,0.7009,882.0,2013-07-26T00:00:00Z,SVP
118480,2015-02-28T12:00:00Z,-35.60027,-45.95162,-0.0323,0.7014,882.0,2013-07-26T00:00:00Z,SVP
118480,2015-02-28T13:00:00Z,-35.57796,-45.955,-0.1178,0.6759,957.58325,2013-07-26T00:00:00Z,SVP
118480,2015-02-28T14:00:00Z,-35.55645,-45.96005,-0.1178,0.6743,957.58325,2013-07-26T00:00:00Z,SVP
118480,2015-02-28T15:00:00Z,-35.53493,-45.99116,-0.0843,0.6734,957.58325,2013-07-26T00:00:00Z,SVP
118480,2015-02-28T16:00:00Z,-35.51339,-45.9952,-0.0839,0.6727,957.58325,2013-07-26T00:00:00Z,SVP
118480,2015-02-28T17:00:00Z,-35.49182,-45.99903,-0.0837,0.6723,957.58325,2013-07-26T00:00:00Z,SVP
118480,2015-02-28T18:00:00Z,-35.47023,-46.00282,-0.0836,0.6719,957.58325,2013-07-26T00:00:00Z,SVP
118480,2015-03-01T12:00:00Z,-35.2654,-46.06293,-0.0864,0.4203,133.20833,2013-07-26T00:00:00Z,SVP
118480,2015-03-01T13:00:00Z,-35.25145,-46.06683,-0.157,0.3988,129.58333,2013-07-26T00:00:00Z,SVP
118480,2015-03-01T14:00:00Z,-35.23917,-46.07538,-0.1903,0.3852,288.0,2013-07-26T00:00:00Z,SVP
118480,2015-03-01T15:00:00Z,-35.22635,-46.08154,-0.1865,0.3862,288.0,2013-07-26T00:00:00Z,SVP
118480,2015-03-01T16:00:00Z,-35.21401,-46.08577,-0.1115,0.348,241.20834,2013-07-26T00:00:00Z,SVP
118480,2015-03-01T17:00:00Z,-35.2025,-46.09671,-0.1475,0.3433,241.20834,2013-07-26T00:00:00Z,SVP
118480,2015-03-01T18:00:00Z,-35.19227,-46.09854,0.0891,0.2809,241.20834,2013-07-26T00:00:00Z,SVP
118480,2015-03-01T19:00:00Z,-35.18294,-46.09578,0.165,0.2247,144.0,2013-07-26T00:00:00Z,SVP
118480,2015-03-01T20:00:00Z,-35.1762,-46.08872,0.1699,0.188,79.208336,2013-07-26T00:00:00Z,SVP
118480,2015-03-01T21:00:00Z,-35.17098,-46.08375,0.0861,0.1375,169.20834,2013-07-26T00:00:00Z,SVP
118480,2015-03-01T22:00:00Z,-35.16627,-46.08596,-0.144,0.1164,331.2083,2013-07-26T00:00:00Z,SVP
118480,2015-03-01T23:00:00Z,-35.16308,-46.0932,-0.1242,0.115,331.2083,2013-07-26T00:00:00Z,SVP
118480,2015-03-02T00:00:00Z,-35.15927,-46.0981,-0.1762,0.1179,93.583336,2013-07-26T00:00:00Z,SVP
118480,2015-03-02T01:00:00Z,-35.15527,-46.09945,-0.017,0.1184,144.0,2013-07-26T00:00:00Z,SVP
118480,2015-03-02T02:00:00Z,-35.15112,-46.10105,-0.0498,0.1446,115.208336,2013-07-26T00:00:00Z,SVP
118480,2015-03-02T03:00:00Z,-35.1439,-46.1042,-0.0965,0.206,169.20834,2013-07-26T00:00:00Z,SVP
118480,2015-03-02T04:00:00Z,-35.13782,-46.10873,-0.1115,0.2046,244.79167,2013-07-26T00:00:00Z,SVP
118480,2015-03-02T05:00:00Z,-35.1316,-46.11224,-0.3326,0.2208,190.79166,2013-07-26T00:00:00Z,SVP
118480,2015-03-02T06:00:00Z,-35.12334,-46.12633,-0.3324,0.226,190.79166,2013-07-26T00:00:00Z,SVP
118480,2015-03-02T07:00:00Z,-35.11402,-46.13386,-0.1677,0.2802,108.00001,2013-07-26T00:00:00Z,SVP
118480,2015-03-02T08:00:00Z,-35.10588,-46.14207,-0.261,0.1906,154.79166,2013-07-26T00:00:00Z,SVP
118480,2015-03-02T09:00:00Z,-35.09975,-46.15217,-0.2595,0.1674,0.0,2013-07-26T00:00:00Z,SVP
118480,2015-03-02T10:00:00Z,-35.09628,-46.16378,-0.323,0.0071,50.416664,2013-07-26T00:00:00Z,SVP
118480,2015-03-02T11:00:00Z,-35.09869,-46.1772,-0.2884,0.0291,111.583336,2013-07-26T00:00:00Z,SVP
118480,2015-03-02T12:00:00Z,-35.09749,-46.1882,-0.2445,0.0213,144.0,2013-07-26T00:00:00Z,SVP
118480,2015-03-02T13:00:00Z,-35.09693,-46.19718,-0.1803,0.001,115.208336,2013-07-26T00:00:00Z,SVP
118480,2015-03-02T14:00:00Z,-35.09715,-46.20545,-0.1974,-1.0E-4,331.2083,2013-07-26T00:00:00Z,SVP
118480,2015-03-02T15:00:00Z,-35.09676,-46.21012,-0.163,9.0E-4,331.2083,2013-07-26T00:00:00Z,SVP
118480,2015-03-02T16:00:00Z,-35.09627,-46.21694,-0.1778,0.0101,223.20834,2013-07-26T00:00:00Z,SVP
118480,2015-03-02T17:00:00Z,-35.09736,-46.23121,-0.2101,0.0048,223.20834,2013-07-26T00:00:00Z,SVP
118480,2015-03-02T18:00:00Z,-35.09458,-46.23415,-0.0503,0.0683,241.20834,2013-07-26T00:00:00Z,SVP
118480,2015-03-02T19:00:00Z,-35.09146,-46.2353,0.002,0.1455,116.99999,2013-07-26T00:00:00Z,SVP
118480,2015-03-02T20:00:00Z,-35.086,-46.23461,0.0183,0.1762,109.791664,2013-07-26T00:00:00Z,SVP
118480,2015-03-02T21:00:00Z,-35.08208,-46.23896,-0.0746,0.1174,140.41666,2013-07-26T00:00:00Z,SVP
118480,2015-03-02T22:00:00Z,-35.0794,-46.24319,-0.25,0.0603,126.0,2013-07-26T00:00:00Z,SVP
118480,2015-03-02T23:00:00Z,-35.07722,-46.25642,-0.2491,0.0771,313.20834,2013-07-26T00:00:00Z,SVP
118480,2015-03-03T00:00:00Z,-35.07533,-46.26802,-0.234,0.0804,313.20834,2013-07-26T00:00:00Z,SVP
118480,2015-03-03T01:00:00Z,-35.07186,-46.27602,-0.2124,0.1009,381.5833,2013-07-26T00:00:00Z,SVP
118480,2015-03-03T02:00:00Z,-35.06841,-46.28408,-0.2151,0.1007,381.5833,2013-07-26T00:00:00Z,SVP
118480,2015-03-03T03:00:00Z,-35.06507,-46.29361,-0.5356,0.0519,0.0,2013-07-26T00:00:00Z,SVP
118480,2015-03-03T04:00:00Z,-35.06407,-46.30238,-0.2404,0.0371,255.58333,2013-07-26T00:00:00Z,SVP
118480,2015-03-03T05:00:00Z,-35.06241,-46.3137,-0.2546,0.0448,219.58333,2013-07-26T00:00:00Z,SVP
118480,2015-03-03T06:00:00Z,-35.06121,-46.32143,-0.2567,0.0474,219.58333,2013-07-26T00:00:00Z,SVP
118480,2015-03-03T07:00:00Z,-35.05693,-46.33475,-0.2339,0.2174,108.00001,2013-07-26T00:00:00Z,SVP
118480,2015-03-03T08:00:00Z,-35.05214,-46.34388,-0.2296,0.2122,144.0,2013-07-26T00:00:00Z,SVP
118480,2015-03-03T09:00:00Z,-35.04443,-46.35389,-0.2732,0.1046,97.20833,2013-07-26T00:00:00Z,SVP
118480,2015-03-03T10:00:00Z,-35.04008,-46.36391,-0.2491,0.1575,208.79167,2013-07-26T00:00:00Z,SVP
118480,2015-03-03T11:00:00Z,-35.034,-46.37373,-0.2985,0.2452,111.583336,2013-07-26T00:00:00Z,SVP
118480,2015-03-03T12:00:00Z,-35.02559,-46.38602,-0.3198,0.2678,136.79167,2013-07-26T00:00:00Z,SVP
118480,2015-03-03T13:00:00Z,-35.01844,-46.39739,-0.2553,0.2066,118.79167,2013-07-26T00:00:00Z,SVP
118480,2015-03-03T14:00:00Z,-35.0116,-46.40349,-0.1551,0.195,576.0,2013-07-26T00:00:00Z,SVP
118480,2015-03-03T15:00:00Z,-35.00523,-46.40955,-0.1548,0.1949,576.0,2013-07-26T00:00:00Z,SVP
118480,2015-03-03T16:00:00Z,-34.99887,-46.41592,-0.1539,0.1948,576.0,2013-07-26T00:00:00Z,SVP
118480,2015-03-03T17:00:00Z,-34.99228,-46.42291,-0.1463,0.2107,226.79166,2013-07-26T00:00:00Z,SVP
118480,2015-03-03T18:00:00Z,-34.98547,-46.42734,-0.1395,0.2117,226.79166,2013-07-26T00:00:00Z,SVP
118480,2015-03-03T19:00:00Z,-34.97707,-46.43591,-0.2094,0.2578,126.0,2013-07-26T00:00:00Z,SVP
118480,2015-03-03T20:00:00Z,-34.96749,-46.44424,-0.2224,0.3197,108.00001,2013-07-26T00:00:00Z,SVP
118480,2015-03-03T21:00:00Z,-34.95284,-46.4364,0.4052,0.5444,122.416664,2013-07-26T00:00:00Z,SVP
118480,2015-03-03T22:00:00Z,-34.94574,-46.43439,-0.2935,0.2281,61.208332,2013-07-26T00:00:00Z,SVP
118480,2015-03-03T23:00:00Z,-34.93613,-46.46637,-0.4724,0.3865,169.20834,2013-07-26T00:00:00Z,SVP
118480,2015-03-04T00:00:00Z,-34.92365,-46.48573,-0.3759,0.4004,140.41666,2013-07-26T00:00:00Z,SVP
118480,2015-03-04T01:00:00Z,-34.91174,-46.49985,-0.3255,0.324,115.208336,2013-07-26T00:00:00Z,SVP
118480,2015-03-04T02:00:00Z,-34.90209,-46.51364,-0.3569,0.2778,212.41667,2013-07-26T00:00:00Z,SVP
118480,2015-03-04T03:00:00Z,-34.89354,-46.52727,-0.4238,0.2534,230.41667,2013-07-26T00:00:00Z,SVP
118480,2015-03-04T04:00:00Z,-34.88459,-46.54562,-0.4194,0.2538,230.41667,2013-07-26T00:00:00Z,SVP
118480,2015-03-04T05:00:00Z,-34.87683,-46.5618,-0.4266,0.2428,230.41667,2013-07-26T00:00:00Z,SVP
118480,2015-03-04T06:00:00Z,-34.86898,-46.57786,-0.3776,0.2653,97.20833,2013-07-26T00:00:00Z,SVP
118480,2015-03-04T07:00:00Z,-34.85934,-46.59079,-0.2307,0.3335,154.79166,2013-07-26T00:00:00Z,SVP
118480,2015-03-04T08:00:00Z,-34.84808,-46.6016,-0.2582,0.3561,93.583336,2013-07-26T00:00:00Z,SVP
118480,2015-03-04T09:00:00Z,-34.83426,-46.61977,-0.7914,0.5681,72.0,2013-07-26T00:00:00Z,SVP
118480,2015-03-04T10:00:00Z,-34.81372,-46.63265,-0.3964,0.6534,180.0,2013-07-26T00:00:00Z,SVP
118480,2015-03-04T11:00:00Z,-34.7927,-46.65061,-0.7388,0.701,100.79167,2013-07-26T00:00:00Z,SVP
118480,2015-03-04T12:00:00Z,-34.77145,-46.68119,-0.7383,0.6111,122.416664,2013-07-26T00:00:00Z,SVP
118480,2015-03-04T13:00:00Z,-34.75785,-46.70935,-0.6609,0.2288,615.5833,2013-07-26T00:00:00Z,SVP
118480,2015-03-04T14:00:00Z,-34.75116,-46.73536,-0.6604,0.2312,615.5833,2013-07-26T00:00:00Z,SVP
118480,2015-03-04T15:00:00Z,-34.7437,-46.76207,-0.6643,0.2309,615.5833,2013-07-26T00:00:00Z,SVP
118480,2015-03-04T16:00:00Z,-34.73585,-46.794,-0.7027,0.2281,615.5833,2013-07-26T00:00:00Z,SVP
118480,2015-03-04T17:00:00Z,-34.72801,-46.82133,-0.4978,0.2031,252.0,2013-07-26T00:00:00Z,SVP
118480,2015-03-04T18:00:00Z,-34.72218,-46.83801,-0.6289,0.2029,252.0,2013-07-26T00:00:00Z,SVP
118480,2015-03-04T19:00:00Z,-34.71832,-46.86488,-0.7762,0.0076,158.41667,2013-07-26T00:00:00Z,SVP
118480,2015-03-04T20:00:00Z,-34.71751,-46.89525,-0.7082,0.0356,93.583336,2013-07-26T00:00:00Z,SVP
118480,2015-03-04T21:00:00Z,-34.71403,-46.91393,-0.4334,0.1829,158.41667,2013-07-26T00:00:00Z,SVP
118480,2015-03-04T22:00:00Z,-34.70811,-46.91935,-0.6654,0.2014,280.79166,2013-07-26T00:00:00Z,SVP
118480,2015-03-04T23:00:00Z,-34.70189,-46.94592,-0.6596,0.2034,280.79166,2013-07-26T00:00:00Z,SVP
118480,2015-03-05T00:00:00Z,-34.69518,-46.9717,-0.6565,0.1981,136.79167,2013-07-26T00:00:00Z,SVP
118480,2015-03-05T01:00:00Z,-34.68773,-46.98768,-0.3937,0.2339,244.79167,2013-07-26T00:00:00Z,SVP
118480,2015-03-05T02:00:00Z,-34.68053,-47.00168,-0.3869,0.3186,100.79167,2013-07-26T00:00:00Z,SVP
118480,2015-03-05T03:00:00Z,-34.66952,-47.02515,-0.6861,0.3385,230.41667,2013-07-26T00:00:00Z,SVP
118480,2015-03-05T04:00:00Z,-34.65864,-47.05281,-0.6798,0.3377,230.41667,2013-07-26T00:00:00Z,SVP
118480,2015-03-05T05:00:00Z,-34.65042,-47.06786,-0.3233,0.2501,241.20834,2013-07-26T00:00:00Z,SVP
118480,2015-03-05T06:00:00Z,-34.64282,-47.08066,-0.3279,0.2386,50.416664,2013-07-26T00:00:00Z,SVP
118480,2015-03-05T07:00:00Z,-34.63111,-47.09415,-0.3407,0.3508,187.20833,2013-07-26T00:00:00Z,SVP
118480,2015-03-05T08:00:00Z,-34.62208,-47.10688,-0.3221,0.1717,79.208336,2013-07-26T00:00:00Z,SVP
118480,2015-03-05T09:00:00Z,-34.61317,-47.12047,-0.362,0.3205,111.583336,2013-07-26T00:00:00Z,SVP
118480,2015-03-05T10:00:00Z,-34.59211,-47.12652,-0.2915,0.4971,122.416664,2013-07-26T00:00:00Z,SVP
118480,2015-03-05T11:00:00Z,-34.57586,-47.13923,-0.3898,0.4538,126.0,2013-07-26T00:00:00Z,SVP
118480,2015-03-05T12:00:00Z,-34.56123,-47.1564,-0.5279,0.44,129.58333,2013-07-26T00:00:00Z,SVP
118480,2015-03-05T13:00:00Z,-34.54681,-47.17854,-0.5713,0.4511,122.416664,2013-07-26T00:00:00Z,SVP
118480,2015-03-05T14:00:00Z,-34.53359,-47.19793,-0.4809,0.4073,129.58333,2013-07-26T00:00:00Z,SVP
118480,2015-03-05T15:00:00Z,-34.51972,-47.21532,-0.4172,0.4185,378.0,2013-07-26T00:00:00Z,SVP
118480,2015-03-05T16:00:00Z,-34.50648,-47.23253,-0.4182,0.4192,378.0,2013-07-26T00:00:00Z,SVP
118480,2015-03-05T17:00:00Z,-34.49313,-47.24934,-0.4061,0.4318,252.0,2013-07-26T00:00:00Z,SVP
118480,2015-03-05T18:00:00Z,-34.47839,-47.26355,-0.4081,0.4309,252.0,2013-07-26T00:00:00Z,SVP
118480,2015-03-05T19:00:00Z,-34.46537,-47.28001,-0.3993,0.4121,180.0,2013-07-26T00:00:00Z,SVP
118480,2015-03-05T20:00:00Z,-34.45105,-47.29397,-0.4011,0.4599,79.208336,2013-07-26T00:00:00Z,SVP
118480,2015-03-05T21:00:00Z,-34.42954,-47.31183,-0.3849,0.6358,208.79167,2013-07-26T00:00:00Z,SVP
118480,2015-03-05T22:00:00Z,-34.41054,-47.3304,-0.5692,0.5313,194.41666,2013-07-26T00:00:00Z,SVP
118480,2015-03-05T23:00:00Z,-34.3936,-47.35391,-0.5627,0.5336,194.41666,2013-07-26T00:00:00Z,SVP
118480,2015-03-06T00:00:00Z,-34.37475,-47.37516,-0.5917,0.5908,144.0,2013-07-26T00:00:00Z,SVP
118480,2015-03-06T01:00:00Z,-34.35055,-47.39087,-0.3784,0.7839,144.0,2013-07-26T00:00:00Z,SVP
118480,2015-03-06T02:00:00Z,-34.32586,-47.40552,-0.4743,0.7392,115.208336,2013-07-26T00:00:00Z,SVP
118480,2015-03-06T03:00:00Z,-34.30225,-47.42412,-0.4605,0.6852,233.99998,2013-07-26T00:00:00Z,SVP
118480,2015-03-06T04:00:00Z,-34.27927,-47.44244,-0.4575,0.6841,241.20834,2013-07-26T00:00:00Z,SVP
118480,2015-03-06T05:00:00Z,-34.2579,-47.46038,-0.4592,0.6798,241.20834,2013-07-26T00:00:00Z,SVP
118480,2015-03-06T06:00:00Z,-34.23739,-47.47851,-0.4783,0.6794,219.58333,2013-07-26T00:00:00Z,SVP
118480,2015-03-06T07:00:00Z,-34.21169,-47.49777,-0.479,0.6987,219.58333,2013-07-26T00:00:00Z,SVP
118480,2015-03-06T08:00:00Z,-34.19363,-47.51723,-0.5098,0.6244,165.58333,2013-07-26T00:00:00Z,SVP
118480,2015-03-06T09:00:00Z,-34.17313,-47.53646,-0.5042,0.7343,72.0,2013-07-26T00:00:00Z,SVP
118480,2015-03-06T10:00:00Z,-34.14975,-47.55544,-0.454,0.7031,158.41667,2013-07-26T00:00:00Z,SVP
118480,2015-03-06T11:00:00Z,-34.12612,-47.57411,-0.4794,0.7211,90.0,2013-07-26T00:00:00Z,SVP
118480,2015-03-06T12:00:00Z,-34.10273,-47.59766,-0.5696,0.7327,165.58333,2013-07-26T00:00:00Z,SVP
118480,2015-03-06T13:00:00Z,-34.07949,-47.61873,-0.5075,0.6376,111.583336,2013-07-26T00:00:00Z,SVP
118480,2015-03-06T14:00:00Z,-34.05767,-47.64269,-0.4504,0.5968,424.79166,2013-07-26T00:00:00Z,SVP
118480,2015-03-06T15:00:00Z,-34.03881,-47.65917,-0.4589,0.5976,424.79166,2013-07-26T00:00:00Z,SVP
118480,2015-03-06T16:00:00Z,-34.0194,-47.67759,-0.4477,0.5968,424.79166,2013-07-26T00:00:00Z,SVP
118480,2015-03-06T17:00:00Z,-34.00053,-47.69357,-0.3699,0.5609,233.99998,2013-07-26T00:00:00Z,SVP
118480,2015-03-06T18:00:00Z,-33.9825,-47.70721,-0.3632,0.5597,233.99998,2013-07-26T00:00:00Z,SVP
118480,2015-03-06T19:00:00Z,-33.96744,-47.71494,-0.1133,0.3249,1598.4166,2013-07-26T00:00:00Z,SVP
118480,2015-03-06T20:00:00Z,-33.95805,-47.71868,-0.1126,0.3262,1598.4166,2013-07-26T00:00:00Z,SVP
118480,2015-03-06T21:00:00Z,-33.94777,-47.72293,-0.1125,0.3266,1598.4166,2013-07-26T00:00:00Z,SVP
118480,2015-03-06T22:00:00Z,-33.93733,-47.72728,-0.1124,0.3267,1598.4166,2013-07-26T00:00:00Z,SVP
118480,2015-03-06T23:00:00Z,-33.92683,-47.73167,-0.1124,0.3268,1598.4166,2013-07-26T00:00:00Z,SVP
118480,2015-03-07T00:00:00Z,-33.91631,-47.73609,-0.1125,0.3269,1598.4166,2013-07-26T00:00:00Z,SVP
118480,2015-03-07T01:00:00Z,-33.90577,-47.74055,-0.1125,0.3269,1598.4166,2013-07-26T00:00:00Z,SVP
118480,2015-03-07T02:00:00Z,-33.89524,-47.74507,-0.1126,0.327,1598.4166,2013-07-26T00:00:00Z,SVP
118480,2015-03-07T03:00:00Z,-33.88471,-47.74966,-0.1128,0.3271,1598.4166,2013-07-26T00:00:00Z,SVP
118480,2015-03-07T04:00:00Z,-33.8742,-47.75442,-0.113,0.3272,1598.4166,2013-07-26T00:00:00Z,SVP
118480,2015-03-07T05:00:00Z,-33.86377,-47.75952,-0.1132,0.3275,1598.4166,2013-07-26T00:00:00Z,SVP
118480,2015-03-07T06:00:00Z,-33.85283,-47.76351,0.0202,0.3405,201.58334,2013-07-26T00:00:00Z,SVP
118480,2015-03-07T07:00:00Z,-33.84148,-47.76268,0.0478,0.3548,248.41667,2013-07-26T00:00:00Z,SVP
118480,2015-03-07T08:00:00Z,-33.83006,-47.761,0.0493,0.3546,248.41667,2013-07-26T00:00:00Z,SVP
118480,2015-03-07T09:00:00Z,-33.8187,-47.75912,0.0675,0.3434,216.00002,2013-07-26T00:00:00Z,SVP
118480,2015-03-07T10:00:00Z,-33.80756,-47.75455,0.0746,0.3431,216.00002,2013-07-26T00:00:00Z,SVP
118480,2015-03-07T11:00:00Z,-33.79625,-47.75533,0.0182,0.3483,237.58334,2013-07-26T00:00:00Z,SVP
118480,2015-03-07T12:00:00Z,-33.78553,-47.75552,-0.0497,0.3334,147.58333,2013-07-26T00:00:00Z,SVP
118480,2015-03-07T13:00:00Z,-33.77523,-47.75845,-0.1077,0.2833,115.208336,2013-07-26T00:00:00Z,SVP
118480,2015-03-07T14:00:00Z,-33.76719,-47.76319,-0.1648,0.2339,439.2083,2013-07-26T00:00:00Z,SVP
118480,2015-03-07T15:00:00Z,-33.75881,-47.76961,-0.1655,0.2379,439.2083,2013-07-26T00:00:00Z,SVP
118480,2015-03-07T16:00:00Z,-33.74911,-47.77529,-0.1678,0.2494,439.2083,2013-07-26T00:00:00Z,SVP
118480,2015-03-07T17:00:00Z,-33.74312,-47.78257,-0.1903,0.1209,237.58334,2013-07-26T00:00:00Z,SVP
118480,2015-03-07T18:00:00Z,-33.73967,-47.79064,-0.1662,0.0707,198.00002,2013-07-26T00:00:00Z,SVP
118480,2015-03-07T19:00:00Z,-33.73751,-47.79582,-0.1541,0.0668,198.00002,2013-07-26T00:00:00Z,SVP
118480,2015-03-07T20:00:00Z,-33.73341,-47.79852,0.0279,0.1551,61.208332,2013-07-26T00:00:00Z,SVP
118480,2015-03-07T21:00:00Z,-33.72817,-47.79462,0.125,0.1602,0.0,2013-07-26T00:00:00Z,SVP
118480,2015-03-07T22:00:00Z,-33.724,-47.79331,0.0078,0.0881,126.0,2013-07-26T00:00:00Z,SVP
118480,2015-03-07T23:00:00Z,-33.72102,-47.79265,-0.0238,0.0706,212.41667,2013-07-26T00:00:00Z,SVP
118480,2015-03-08T00:00:00Z,-33.7194,-47.79466,-0.0221,0.0946,0.0,2013-07-26T00:00:00Z,SVP
118480,2015-03-08T01:00:00Z,-33.7151,-47.79245,0.1639,0.135,111.583336,2013-07-26T00:00:00Z,SVP
118480,2015-03-08T02:00:00Z,-33.71041,-47.78408,0.1457,0.1274,320.41666,2013-07-26T00:00:00Z,SVP
118480,2015-03-08T03:00:00Z,-33.70673,-47.7794,0.1467,0.1251,320.41666,2013-07-26T00:00:00Z,SVP
118513,2015-01-01T00:00:00Z,-36.25039,-52.15017,-0.2797,-0.9154,123.0,2013-09-08T00:00:00Z,SVP
118513,2015-01-01T01:00:00Z,-36.27947,-52.15877,-0.1931,-0.8881,119.54167,2013-09-08T00:00:00Z,SVP
118513,2015-01-01T02:00:00Z,-36.30778,-52.16019,-0.0978,-0.8969,151.20834,2013-09-08T00:00:00Z,SVP
118513,2015-01-01T03:00:00Z,-36.33732,-52.16489,-0.1292,-0.9081,302.4167,2013-09-08T00:00:00Z,SVP
118513,2015-01-01T04:00:00Z,-36.36725,-52.17087,-0.1088,-0.903,302.4167,2013-09-08T00:00:00Z,SVP
118513,2015-01-01T05:00:00Z,-36.39424,-52.15876,0.3935,-0.8277,260.0833,2013-09-08T00:00:00Z,SVP
118513,2015-01-01T06:00:00Z,-36.42118,-52.14328,0.4008,-0.7764,186.29166,2013-09-08T00:00:00Z,SVP
118513,2015-01-01T07:00:00Z,-36.44532,-52.12657,0.4018,-0.7703,186.29166,2013-09-08T00:00:00Z,SVP
118513,2015-01-01T08:00:00Z,-36.45815,-52.10424,0.6448,-0.2915,154.66667,2013-09-08T00:00:00Z,SVP
118513,2015-01-01T09:00:00Z,-36.46757,-52.07867,0.6898,-0.2061,115.958336,2013-09-08T00:00:00Z,SVP
118513,2015-01-01T10:00:00Z,-36.47284,-52.05336,0.5367,-0.1275,196.95833,2013-09-08T00:00:00Z,SVP
118513,2015-01-01T11:00:00Z,-36.47496,-52.03319,0.4153,0.3169,87.91667,2013-09-08T00:00:00Z,SVP
118513,2015-01-01T12:00:00Z,-36.46621,-52.02524,0.1237,0.1546,158.25,2013-09-08T00:00:00Z,SVP
118513,2015-01-01T13:00:00Z,-36.46228,-52.02091,0.0933,0.0847,119.54167,2013-09-08T00:00:00Z,SVP
118513,2015-01-01T14:00:00Z,-36.4598,-52.02024,-0.0326,0.0654,130.04166,2013-09-08T00:00:00Z,SVP
118513,2015-01-01T15:00:00Z,-36.45917,-52.025,-0.1167,0.0263,376.2083,2013-09-08T00:00:00Z,SVP
118513,2015-01-01T16:00:00Z,-36.45681,-52.0242,-0.0604,0.0417,376.2083,2013-09-08T00:00:00Z,SVP
118513,2015-01-01T17:00:00Z,-36.45563,-52.02826,-0.3097,-0.1156,242.54167,2013-09-08T00:00:00Z,SVP
118513,2015-01-01T18:00:00Z,-36.45979,-52.04073,-0.3144,-0.1127,242.54167,2013-09-08T00:00:00Z,SVP
118513,2015-01-01T19:00:00Z,-36.46497,-52.05629,-0.3667,-0.161,133.66667,2013-09-08T00:00:00Z,SVP
118513,2015-01-01T20:00:00Z,-36.47033,-52.06802,-0.1324,-0.3017,123.0,2013-09-08T00:00:00Z,SVP
118513,2015-01-01T21:00:00Z,-36.48118,-52.07399,0.0373,-0.4998,126.58333,2013-09-08T00:00:00Z,SVP
118513,2015-01-01T22:00:00Z,-36.49832,-52.07131,0.128,-0.5477,138.91666,2013-09-08T00:00:00Z,SVP
118513,2015-01-01T23:00:00Z,-36.51529,-52.06614,0.1326,-0.536,205.66667,2013-09-08T00:00:00Z,SVP
118513,2015-01-02T00:00:00Z,-36.53403,-52.06029,0.1552,-0.364,116.083336,2013-09-08T00:00:00Z,SVP
118513,2015-01-02T01:00:00Z,-36.54496,-52.05433,0.1814,-0.3118,158.25,2013-09-08T00:00:00Z,SVP
118513,2015-01-02T02:00:00Z,-36.55597,-52.04353,0.3216,-0.431,98.416664,2013-09-08T00:00:00Z,SVP
118513,2015-01-02T03:00:00Z,-36.56976,-52.04249,0.6302,-0.4422,235.50002,2013-09-08T00:00:00Z,SVP
118513,2015-01-02T04:00:00Z,-36.5857,-52.01624,0.6068,-0.4512,235.50002,2013-09-08T00:00:00Z,SVP
118513,2015-01-02T05:00:00Z,-36.59466,-51.99075,0.6559,-0.2941,253.20834,2013-09-08T00:00:00Z,SVP
118513,2015-01-02T06:00:00Z,-36.60303,-51.96437,0.6622,-0.2199,154.66667,2013-09-08T00:00:00Z,SVP
118513,2015-01-02T07:00:00Z,-36.60701,-51.93738,0.6635,0.1737,123.0,2013-09-08T00:00:00Z,SVP
118513,2015-01-02T08:00:00Z,-36.59897,-51.913,0.573,0.2943,123.0,2013-09-08T00:00:00Z,SVP
118513,2015-01-02T09:00:00Z,-36.58719,-51.89464,0.4529,0.4006,102.0,2013-09-08T00:00:00Z,SVP
118513,2015-01-02T10:00:00Z,-36.57335,-51.87586,0.4577,0.374,144.16667,2013-09-08T00:00:00Z,SVP
118513,2015-01-02T11:00:00Z,-36.56568,-51.85811,0.3315,0.2993,73.791664,2013-09-08T00:00:00Z,SVP
118513,2015-01-02T12:00:00Z,-36.55586,-51.8445,0.3465,0.3094,133.66667,2013-09-08T00:00:00Z,SVP
118513,2015-01-02T13:00:00Z,-36.54797,-51.82966,0.2598,0.1731,133.66667,2013-09-08T00:00:00Z,SVP
118513,2015-01-02T14:00:00Z,-36.5432,-51.82208,0.2222,0.1565,383.25,2013-09-08T00:00:00Z,SVP
118513,2015-01-02T15:00:00Z,-36.53738,-51.81023,0.2441,0.1628,383.25,2013-09-08T00:00:00Z,SVP
118513,2015-01-02T16:00:00Z,-36.53147,-51.79903,0.2449,0.165,383.25,2013-09-08T00:00:00Z,SVP
118513,2015-01-02T17:00:00Z,-36.53092,-51.7917,0.1484,-0.0602,256.66666,2013-09-08T00:00:00Z,SVP
118513,2015-01-02T18:00:00Z,-36.53621,-51.78785,0.1781,0.0285,256.66666,2013-09-08T00:00:00Z,SVP
118513,2015-01-02T19:00:00Z,-36.53387,-51.7785,0.1788,-0.0214,253.20834,2013-09-08T00:00:00Z,SVP
118513,2015-01-02T20:00:00Z,-36.53465,-51.76602,0.8067,0.0158,73.791664,2013-09-08T00:00:00Z,SVP
118513,2015-01-02T21:00:00Z,-36.53703,-51.74066,0.4635,-0.1125,126.58333,2013-09-08T00:00:00Z,SVP
118513,2015-01-02T22:00:00Z,-36.53862,-51.72359,0.3886,0.1183,80.83333,2013-09-08T00:00:00Z,SVP
118513,2015-01-02T23:00:00Z,-36.53594,-51.70825,0.3905,0.1551,312.91666,2013-09-08T00:00:00Z,SVP
118513,2015-01-03T00:00:00Z,-36.53002,-51.69225,0.3911,0.152,312.91666,2013-09-08T00:00:00Z,SVP
118513,2015-01-03T01:00:00Z,-36.52489,-51.6746,0.4347,0.1817,144.16667,2013-09-08T00:00:00Z,SVP
118513,2015-01-03T02:00:00Z,-36.51828,-51.65669,0.4189,0.2018,109.041664,2013-09-08T00:00:00Z,SVP
118513,2015-01-03T03:00:00Z,-36.51215,-51.64089,0.3335,0.2158,260.0833,2013-09-08T00:00:00Z,SVP
118513,2015-01-03T04:00:00Z,-36.50497,-51.62749,0.3382,0.2033,239.08334,2013-09-08T00:00:00Z,SVP
118513,2015-01-03T05:00:00Z,-36.49839,-51.61352,0.341,0.2039,239.08334,2013-09-08T00:00:00Z,SVP
118513,2015-01-03T06:00:00Z,-36.49307,-51.60047,0.3274,0.1645,123.0,2013-09-08T00:00:00Z,SVP
118513,2015-01-03T07:00:00Z,-36.49041,-51.59937,0.0021,0.0726,154.66667,2013-09-08T00:00:00Z,SVP
118513,2015-01-03T08:00:00Z,-36.48825,-51.60011,0.4433,0.0884,80.83333,2013-09-08T00:00:00Z,SVP
118513,2015-01-03T09:00:00Z,-36.48654,-51.58528,0.1149,0.0161,98.416664,2013-09-08T00:00:00Z,SVP
118513,2015-01-03T10:00:00Z,-36.48683,-51.58059,0.1841,-0.1328,105.458336,2013-09-08T00:00:00Z,SVP
118513,2015-01-03T11:00:00Z,-36.49135,-51.57386,0.1711,-0.1308,217.95833,2013-09-08T00:00:00Z,SVP
118513,2015-01-03T12:00:00Z,-36.49566,-51.56711,0.1431,-0.133,147.58333,2013-09-08T00:00:00Z,SVP
118513,2015-01-03T13:00:00Z,-36.49941,-51.56143,0.1734,-0.1072,109.041664,2013-09-08T00:00:00Z,SVP
118513,2015-01-03T14:00:00Z,-36.50402,-51.54578,0.48,-0.156,418.33334,2013-09-08T00:00:00Z,SVP
118513,2015-01-03T15:00:00Z,-36.50753,-51.52583,0.4816,-0.1345,418.33334,2013-09-08T00:00:00Z,SVP
118513,2015-01-03T16:00:00Z,-36.51039,-51.50555,0.4829,-0.1231,418.33334,2013-09-08T00:00:00Z,SVP
118513,2015-01-03T17:00:00Z,-36.52198,-51.48878,0.4577,-0.3831,256.66666,2013-09-08T00:00:00Z,SVP
118513,2015-01-03T18:00:00Z,-36.53479,-51.46991,0.4288,-0.3331,253.20834,2013-09-08T00:00:00Z,SVP
118513,2015-01-03T19:00:00Z,-36.54396,-51.45311,0.4298,-0.304,253.20834,2013-09-08T00:00:00Z,SVP
118513,2015-01-03T20:00:00Z,-36.55116,-51.43609,0.4032,-0.2189,94.958336,2013-09-08T00:00:00Z,SVP
118513,2015-01-03T21:00:00Z,-36.55848,-51.42039,0.3796,-0.2017,179.25,2013-09-08T00:00:00Z,SVP
118513,2015-01-03T22:00:00Z,-36.56465,-51.40348,0.4241,-0.2374,84.458336,2013-09-08T00:00:00Z,SVP
118513,2015-01-03T23:00:00Z,-36.57437,-51.38487,0.4759,-0.2763,319.9583,2013-09-08T00:00:00Z,SVP
118513,2015-01-04T00:00:00Z,-36.58266,-51.36693,0.4696,-0.2765,319.9583,2013-09-08T00:00:00Z,SVP
118513,2015-01-04T01:00:00Z,-36.59467,-51.34271,0.6603,0.3173,126.58333,2013-09-08T00:00:00Z,SVP
118513,2015-01-04T02:00:00Z,-36.58357,-51.31819,0.257,0.4417,249.58333,2013-09-08T00:00:00Z,SVP
118513,2015-01-04T03:00:00Z,-36.56919,-51.30747,0.2484,0.4451,249.58333,2013-09-08T00:00:00Z,SVP
118513,2015-01-04T04:00:00Z,-36.55499,-51.29742,0.1888,0.4798,295.33334,2013-09-08T00:00:00Z,SVP
118513,2015-01-04T05:00:00Z,-36.53897,-51.28978,0.1874,0.4774,295.33334,2013-09-08T00:00:00Z,SVP
118513,2015-01-04T06:00:00Z,-36.52483,-51.28178,0.1847,0.4228,260.0833,2013-09-08T00:00:00Z,SVP
118513,2015-01-04T07:00:00Z,-36.51106,-51.27464,0.187,0.4177,260.0833,2013-09-08T00:00:00Z,SVP
118513,2015-01-04T08:00:00Z,-36.4996,-51.26984,-0.0419,0.4135,109.041664,2013-09-08T00:00:00Z,SVP
118513,2015-01-04T09:00:00Z,-36.48672,-51.27154,-0.0454,0.369,77.41667,2013-09-08T00:00:00Z,SVP
118513,2015-01-04T10:00:00Z,-36.47933,-51.27443,-0.0767,0.1127,260.0833,2013-09-08T00:00:00Z,SVP
118513,2015-01-04T11:00:00Z,-36.47545,-51.27825,-0.0777,0.1108,260.0833,2013-09-08T00:00:00Z,SVP
118513,2015-01-04T12:00:00Z,-36.47231,-51.27985,0.0554,0.0809,144.16667,2013-09-08T00:00:00Z,SVP
118513,2015-01-04T13:00:00Z,-36.46975,-51.2769,0.0877,0.0492,115.958336,2013-09-08T00:00:00Z,SVP
118513,2015-01-04T14:00:00Z,-36.4724,-51.27721,-0.0182,-0.0874,133.66667,2013-09-08T00:00:00Z,SVP
118513,2015-01-04T15:00:00Z,-36.47618,-51.28069,-0.0662,-0.125,327.0,2013-09-08T00:00:00Z,SVP
118513,2015-01-04T16:00:00Z,-36.48027,-51.28553,-0.0807,-0.1251,327.0,2013-09-08T00:00:00Z,SVP
118513,2015-01-04T17:00:00Z,-36.48364,-51.28264,0.1923,-0.1053,232.04169,2013-09-08T00:00:00Z,SVP
118513,2015-01-04T18:00:00Z,-36.48754,-51.2783,0.3395,-0.1027,228.45833,2013-09-08T00:00:00Z,SVP
118513,2015-01-04T19:00:00Z,-36.49048,-51.26513,0.3803,-0.1078,228.45833,2013-09-08T00:00:00Z,SVP
118513,2015-01-04T20:00:00Z,-36.49399,-51.24505,0.2336,-0.0706,210.91667,2013-09-08T00:00:00Z,SVP
118513,2015-01-04T21:00:00Z,-36.49591,-51.23909,0.3142,-0.0684,210.91667,2013-09-08T00:00:00Z,SVP
118513,2015-01-04T22:00:00Z,-36.4952,-51.22604,0.2955,0.0581,151.20834,2013-09-08T00:00:00Z,SVP
118513,2015-01-04T23:00:00Z,-36.4958,-51.21643,0.1993,-0.0413,87.91667,2013-09-08T00:00:00Z,SVP
118513,2015-01-05T00:00:00Z,-36.49708,-51.2078,0.2473,0.0225,130.04166,2013-09-08T00:00:00Z,SVP
118513,2015-01-05T01:00:00Z,-36.49572,-51.19865,0.2291,0.059,119.54167,2013-09-08T00:00:00Z,SVP
118513,2015-01-05T02:00:00Z,-36.49327,-51.19074,0.1841,0.0847,140.70834,2013-09-08T00:00:00Z,SVP
118513,2015-01-05T03:00:00Z,-36.49048,-51.18407,0.12,0.0896,112.5,2013-09-08T00:00:00Z,SVP
118513,2015-01-05T04:00:00Z,-36.48913,-51.17913,0.0672,0.0088,249.58333,2013-09-08T00:00:00Z,SVP
118513,2015-01-05T05:00:00Z,-36.48837,-51.1756,0.0633,0.0061,249.58333,2013-09-08T00:00:00Z,SVP
118513,2015-01-05T06:00:00Z,-36.48889,-51.17802,-0.0617,-0.0146,235.50002,2013-09-08T00:00:00Z,SVP
118513,2015-01-05T07:00:00Z,-36.49021,-51.18025,-0.0139,-0.088,52.666664,2013-09-08T00:00:00Z,SVP
118513,2015-01-05T08:00:00Z,-36.49754,-51.18003,0.0192,-0.2448,226.79166,2013-09-08T00:00:00Z,SVP
118513,2015-01-05T09:00:00Z,-36.50574,-51.17953,0.0024,-0.2677,72.0,2013-09-08T00:00:00Z,SVP
118513,2015-01-05T10:00:00Z,-36.51382,-51.17979,-0.0098,-0.2494,279.45834,2013-09-08T00:00:00Z,SVP
118513,2015-01-05T11:00:00Z,-36.52189,-51.17962,-0.0082,-0.2489,279.45834,2013-09-08T00:00:00Z,SVP
118513,2015-01-05T12:00:00Z,-36.53081,-51.17986,0.106,-0.3447,0.0,2013-09-08T00:00:00Z,SVP
118513,2015-01-05T13:00:00Z,-36.54344,-51.17273,0.1737,-0.3981,133.66667,2013-09-08T00:00:00Z,SVP
118513,2015-01-05T14:00:00Z,-36.55635,-51.1696,0.0368,-0.4047,137.08333,2013-09-08T00:00:00Z,SVP
118513,2015-01-05T15:00:00Z,-36.56904,-51.16667,0.0852,-0.3907,210.91667,2013-09-08T00:00:00Z,SVP
118513,2015-01-05T16:00:00Z,-36.5822,-51.16512,0.2412,-0.2948,239.08334,2013-09-08T00:00:00Z,SVP
118513,2015-01-05T17:00:00Z,-36.59239,-51.15629,0.2445,-0.2875,239.08334,2013-09-08T00:00:00Z,SVP
118513,2015-01-05T18:00:00Z,-36.60082,-51.14373,0.4057,-0.1598,263.7083,2013-09-08T00:00:00Z,SVP
118513,2015-01-05T19:00:00Z,-36.6058,-51.12618,0.3858,-0.1601,263.7083,2013-09-08T00:00:00Z,SVP
118513,2015-01-05T20:00:00Z,-36.60996,-51.11125,0.3911,-0.1199,165.16666,2013-09-08T00:00:00Z,SVP
118513,2015-01-05T21:00:00Z,-36.6128,-51.09655,0.347,-0.0757,98.416664,2013-09-08T00:00:00Z,SVP
118513,2015-01-05T22:00:00Z,-36.61395,-51.08604,0.1748,-0.0448,98.416664,2013-09-08T00:00:00Z,SVP
118513,2015-01-05T23:00:00Z,-36.61617,-51.08317,0.0732,-0.0907,119.54167,2013-09-08T00:00:00Z,SVP
118513,2015-01-06T00:00:00Z,-36.61888,-51.08052,-0.0901,-0.0815,123.0,2013-09-08T00:00:00Z,SVP
118513,2015-01-06T01:00:00Z,-36.6219,-51.0829,-0.0133,-0.1046,133.66667,2013-09-08T00:00:00Z,SVP
118513,2015-01-06T02:00:00Z,-36.62675,-51.0784,0.0525,-0.1615,144.16667,2013-09-08T00:00:00Z,SVP
118513,2015-01-06T03:00:00Z,-36.63181,-51.07693,0.0705,-0.1486,105.458336,2013-09-08T00:00:00Z,SVP
118513,2015-01-06T04:00:00Z,-36.63766,-51.07343,0.1092,-0.2246,242.54167,2013-09-08T00:00:00Z,SVP
118513,2015-01-06T05:00:00Z,-36.64471,-51.0668,0.1305,-0.2295,242.54167,2013-09-08T00:00:00Z,SVP
118513,2015-01-06T06:00:00Z,-36.65531,-51.06574,0.0907,-0.309,246.16667,2013-09-08T00:00:00Z,SVP
118513,2015-01-06T07:00:00Z,-36.66473,-51.06456,0.1708,-0.3055,246.16667,2013-09-08T00:00:00Z,SVP
118513,2015-01-06T08:00:00Z,-36.67553,-51.05781,0.1745,-0.298,246.16667,2013-09-08T00:00:00Z,SVP
118513,2015-01-06T09:00:00Z,-36.68484,-51.05037,0.1993,-0.2748,305.83334,2013-09-08T00:00:00Z,SVP
118513,2015-01-06T10:00:00Z,-36.69322,-51.04238,0.1997,-0.2749,305.83334,2013-09-08T00:00:00Z,SVP
118513,2015-01-06T11:00:00Z,-36.69943,-51.02998,0.3739,-0.0967,112.5,2013-09-08T00:00:00Z,SVP
118513,2015-01-06T12:00:00Z,-36.70209,-51.01615,0.2946,-0.0492,126.58333,2013-09-08T00:00:00Z,SVP
118513,2015-01-06T13:00:00Z,-36.70404,-51.00422,0.2844,-0.0708,123.0,2013-09-08T00:00:00Z,SVP
118513,2015-01-06T14:00:00Z,-36.70679,-50.99306,0.3456,-0.1038,130.04166,2013-09-08T00:00:00Z,SVP
118513,2015-01-06T15:00:00Z,-36.70833,-50.97865,0.3238,-0.0474,242.54167,2013-09-08T00:00:00Z,SVP
118513,2015-01-06T16:00:00Z,-36.71163,-50.95691,0.1902,0.0704,242.54167,2013-09-08T00:00:00Z,SVP
118513,2015-01-06T17:00:00Z,-36.70707,-50.95423,0.2782,0.0314,242.54167,2013-09-08T00:00:00Z,SVP
118513,2015-01-06T18:00:00Z,-36.70692,-50.94376,0.1625,0.0198,249.58333,2013-09-08T00:00:00Z,SVP
118513,2015-01-06T19:00:00Z,-36.70556,-50.93423,0.1575,0.0034,249.58333,2013-09-08T00:00:00Z,SVP
118513,2015-01-06T20:00:00Z,-36.70747,-50.93372,0.0239,0.0613,119.54167,2013-09-08T00:00:00Z,SVP
118513,2015-01-06T21:00:00Z,-36.70444,-50.93294,6.0E-4,0.1105,130.04166,2013-09-08T00:00:00Z,SVP
118513,2015-01-06T22:00:00Z,-36.70145,-50.93518,-0.0997,0.0756,119.54167,2013-09-08T00:00:00Z,SVP
118513,2015-01-06T23:00:00Z,-36.69924,-50.94033,-0.154,0.0631,260.0833,2013-09-08T00:00:00Z,SVP
118513,2015-01-07T00:00:00Z,-36.69747,-50.94623,-0.155,0.063,260.0833,2013-09-08T00:00:00Z,SVP
118513,2015-01-07T01:00:00Z,-36.69667,-50.9536,-0.1933,-0.0352,140.70834,2013-09-08T00:00:00Z,SVP
118513,2015-01-07T02:00:00Z,-36.69847,-50.96142,-0.2773,-0.1055,102.0,2013-09-08T00:00:00Z,SVP
118513,2015-01-07T03:00:00Z,-36.70216,-50.97235,-0.2122,-0.1301,115.958336,2013-09-08T00:00:00Z,SVP
118513,2015-01-07T04:00:00Z,-36.70656,-50.97735,-0.0989,-0.1319,249.58333,2013-09-08T00:00:00Z,SVP
118513,2015-01-07T05:00:00Z,-36.71064,-50.98003,0.1927,-0.1154,263.7083,2013-09-08T00:00:00Z,SVP
118513,2015-01-07T06:00:00Z,-36.71437,-50.972,0.1919,-0.1141,263.7083,2013-09-08T00:00:00Z,SVP
118513,2015-01-07T07:00:00Z,-36.71763,-50.96384,0.232,-0.0601,207.45834,2013-09-08T00:00:00Z,SVP
118513,2015-01-07T08:00:00Z,-36.71925,-50.95422,0.2834,-0.0111,253.20834,2013-09-08T00:00:00Z,SVP
118513,2015-01-07T09:00:00Z,-36.71898,-50.94109,0.2999,-0.0044,253.20834,2013-09-08T00:00:00Z,SVP
118513,2015-01-07T10:00:00Z,-36.7174,-50.92974,0.2946,0.055,115.958336,2013-09-08T00:00:00Z,SVP
118513,2015-01-07T11:00:00Z,-36.70633,-50.919,0.2202,0.5108,135.29167,2013-09-08T00:00:00Z,SVP
118513,2015-01-07T12:00:00Z,-36.68878,-50.91013,0.1914,0.5499,144.16667,2013-09-08T00:00:00Z,SVP
118513,2015-01-07T13:00:00Z,-36.67206,-50.90234,-0.2498,0.6425,119.54167,2013-09-08T00:00:00Z,SVP
118513,2015-01-07T14:00:00Z,-36.65119,-50.91237,-0.2522,0.6616,509.70834,2013-09-08T00:00:00Z,SVP
118513,2015-01-07T15:00:00Z,-36.6299,-50.92254,-0.2521,0.6617,509.70834,2013-09-08T00:00:00Z,SVP
118513,2015-01-07T16:00:00Z,-36.60857,-50.93282,-0.252,0.6618,509.70834,2013-09-08T00:00:00Z,SVP
118513,2015-01-07T17:00:00Z,-36.58729,-50.94328,-0.2514,0.6622,509.70834,2013-09-08T00:00:00Z,SVP
118513,2015-01-07T18:00:00Z,-36.56688,-50.95415,-0.2627,0.6394,253.20834,2013-09-08T00:00:00Z,SVP
118513,2015-01-07T19:00:00Z,-36.5475,-50.96542,-0.7017,0.2992,80.83333,2013-09-08T00:00:00Z,SVP
118513,2015-01-07T20:00:00Z,-36.53784,-50.99409,-0.7167,0.3066,133.66667,2013-09-08T00:00:00Z,SVP
118513,2015-01-07T21:00:00Z,-36.52619,-51.01215,-0.4283,0.3865,0.0,2013-09-08T00:00:00Z,SVP
118513,2015-01-07T22:00:00Z,-36.51429,-51.03266,-0.4915,0.3601,151.20834,2013-09-08T00:00:00Z,SVP
118513,2015-01-07T23:00:00Z,-36.51028,-51.05633,-0.5518,0.0313,267.16666,2013-09-08T00:00:00Z,SVP
118513,2015-01-08T00:00:00Z,-36.50988,-51.07807,-0.546,0.0293,267.16666,2013-09-08T00:00:00Z,SVP
118513,2015-01-08T01:00:00Z,-36.50935,-51.09392,-0.3736,-0.0068,130.04166,2013-09-08T00:00:00Z,SVP
118513,2015-01-08T02:00:00Z,-36.50929,-51.10853,-0.335,0.0143,119.54167,2013-09-08T00:00:00Z,SVP
118513,2015-01-08T03:00:00Z,-36.5069,-51.11957,-0.1655,0.1125,253.20834,2013-09-08T00:00:00Z,SVP
118513,2015-01-08T04:00:00Z,-36.50375,-51.12471,-0.1477,0.1124,253.20834,2013-09-08T00:00:00Z,SVP
118513,2015-01-08T05:00:00Z,-36.50056,-51.13003,-0.011,0.1887,249.58333,2013-09-08T00:00:00Z,SVP
118513,2015-01-08T06:00:00Z,-36.49426,-51.12996,-0.0161,0.1884,249.58333,2013-09-08T00:00:00Z,SVP
118513,2015-01-08T07:00:00Z,-36.48728,-51.13126,-0.0248,0.2288,186.29166,2013-09-08T00:00:00Z,SVP
118513,2015-01-08T08:00:00Z,-36.47901,-51.13314,-0.0511,0.2717,70.333336,2013-09-08T00:00:00Z,SVP
118513,2015-01-08T09:00:00Z,-36.46972,-51.13507,-0.064,0.2964,179.25,2013-09-08T00:00:00Z,SVP
118513,2015-01-08T10:00:00Z,-36.45888,-51.13859,-0.0798,0.3307,260.0833,2013-09-08T00:00:00Z,SVP
118513,2015-01-08T11:00:00Z,-36.44842,-51.14189,-0.0922,0.3894,112.5,2013-09-08T00:00:00Z,SVP
118513,2015-01-08T12:00:00Z,-36.43409,-51.14734,-0.1708,0.4231,140.70834,2013-09-08T00:00:00Z,SVP
118513,2015-01-08T13:00:00Z,-36.42069,-51.15449,-0.259,0.3869,112.5,2013-09-08T00:00:00Z,SVP
118513,2015-01-08T14:00:00Z,-36.40821,-51.16494,-0.2819,0.3858,537.9166,2013-09-08T00:00:00Z,SVP
118513,2015-01-08T15:00:00Z,-36.3957,-51.17594,-0.2825,0.3858,537.9166,2013-09-08T00:00:00Z,SVP
118513,2015-01-08T16:00:00Z,-36.38318,-51.1869,-0.2836,0.3856,537.9166,2013-09-08T00:00:00Z,SVP
118513,2015-01-08T17:00:00Z,-36.37074,-51.19769,-0.3002,0.3731,246.16667,2013-09-08T00:00:00Z,SVP
118513,2015-01-08T18:00:00Z,-36.35896,-51.21119,-0.307,0.3701,246.16667,2013-09-08T00:00:00Z,SVP
118513,2015-01-08T19:00:00Z,-36.35053,-51.22932,-0.6221,0.11,182.83333,2013-09-08T00:00:00Z,SVP
118513,2015-01-08T20:00:00Z,-36.34836,-51.25377,-0.3928,0.0354,66.75,2013-09-08T00:00:00Z,SVP
118513,2015-01-08T21:00:00Z,-36.34713,-51.26877,-0.3531,0.0288,200.41666,2013-09-08T00:00:00Z,SVP
118513,2015-01-08T22:00:00Z,-36.34616,-51.28306,-0.3309,-0.0111,63.291664,2013-09-08T00:00:00Z,SVP
118513,2015-01-08T23:00:00Z,-36.35627,-51.29566,-0.3202,-0.2708,305.83334,2013-09-08T00:00:00Z,SVP
118513,2015-01-09T00:00:00Z,-36.36465,-51.30852,-0.3198,-0.2803,305.83334,2013-09-08T00:00:00Z,SVP
118513,2015-01-09T01:00:00Z,-36.37398,-51.31947,-0.1185,-0.1307,123.0,2013-09-08T00:00:00Z,SVP
118513,2015-01-09T02:00:00Z,-36.37745,-51.32247,-0.0247,-0.0758,144.16667,2013-09-08T00:00:00Z,SVP
118513,2015-01-09T03:00:00Z,-36.37902,-51.32292,-0.0027,-0.0564,277.79166,2013-09-08T00:00:00Z,SVP
118513,2015-01-09T04:00:00Z,-36.38191,-51.32375,-7.0E-4,-0.0577,277.79166,2013-09-08T00:00:00Z,SVP
118513,2015-01-09T05:00:00Z,-36.38325,-51.32386,0.0028,0.0192,232.04169,2013-09-08T00:00:00Z,SVP
118513,2015-01-09T06:00:00Z,-36.38236,-51.32271,0.0023,0.0212,232.04169,2013-09-08T00:00:00Z,SVP
118513,2015-01-09T07:00:00Z,-36.38041,-51.32405,-0.0063,0.0558,161.70833,2013-09-08T00:00:00Z,SVP
118513,2015-01-09T08:00:00Z,-36.37714,-51.32445,-0.0286,0.1608,130.04166,2013-09-08T00:00:00Z,SVP
118513,2015-01-09T09:00:00Z,-36.37104,-51.32638,-0.1098,0.1797,112.5,2013-09-08T00:00:00Z,SVP
118513,2015-01-09T10:00:00Z,-36.36501,-51.33035,-0.0876,0.1984,151.20834,2013-09-08T00:00:00Z,SVP
118513,2015-01-09T11:00:00Z,-36.35907,-51.33424,-0.0866,0.1888,140.70834,2013-09-08T00:00:00Z,SVP
118513,2015-01-09T12:00:00Z,-36.35398,-51.34176,-0.2412,0.152,109.041664,2013-09-08T00:00:00Z,SVP
118513,2015-01-09T13:00:00Z,-36.34829,-51.35232,-0.2789,0.161,140.70834,2013-09-08T00:00:00Z,SVP
118513,2015-01-09T14:00:00Z,-36.34413,-51.36383,-0.2964,0.1657,428.8333,2013-09-08T00:00:00Z,SVP
118513,2015-01-09T15:00:00Z,-36.33825,-51.37556,-0.2964,0.1648,428.8333,2013-09-08T00:00:00Z,SVP
118513,2015-01-09T16:00:00Z,-36.33279,-51.38706,-0.2962,0.1646,428.8333,2013-09-08T00:00:00Z,SVP
118513,2015-01-09T17:00:00Z,-36.3277,-51.39869,-0.339,0.1645,249.58333,2013-09-08T00:00:00Z,SVP
118513,2015-01-09T18:00:00Z,-36.32247,-51.41307,-0.3413,0.1631,249.58333,2013-09-08T00:00:00Z,SVP
118513,2015-01-09T19:00:00Z,-36.32044,-51.43145,-0.4619,0.0565,161.70833,2013-09-08T00:00:00Z,SVP
118513,2015-01-09T20:00:00Z,-36.32717,-51.45926,-0.6303,-0.2978,52.666664,2013-09-08T00:00:00Z,SVP
118513,2015-01-09T21:00:00Z,-36.33415,-51.48333,-0.5825,-0.1782,137.08333,2013-09-08T00:00:00Z,SVP
118513,2015-01-09T22:00:00Z,-36.34304,-51.50419,-0.4094,-0.3506,172.20833,2013-09-08T00:00:00Z,SVP
118513,2015-01-09T23:00:00Z,-36.35365,-51.52036,-0.1816,-0.2505,147.58333,2013-09-08T00:00:00Z,SVP
118513,2015-01-10T00:00:00Z,-36.3607,-51.52661,-0.0529,-0.13,130.04166,2013-09-08T00:00:00Z,SVP
118513,2015-01-10T01:00:00Z,-36.36415,-51.5245,0.1294,-0.0841,115.958336,2013-09-08T00:00:00Z,SVP
118513,2015-01-10T02:00:00Z,-36.36651,-51.51936,0.1381,-0.0657,147.58333,2013-09-08T00:00:00Z,SVP
118513,2015-01-10T03:00:00Z,-36.36454,-51.51421,0.1295,0.1032,109.041664,2013-09-08T00:00:00Z,SVP
118513,2015-01-10T04:00:00Z,-36.36044,-51.50833,0.1327,0.1734,161.70833,2013-09-08T00:00:00Z,SVP
118513,2015-01-10T05:00:00Z,-36.35024,-51.50269,0.1539,0.3545,260.0833,2013-09-08T00:00:00Z,SVP
118513,2015-01-10T06:00:00Z,-36.33863,-51.49743,0.1458,0.4064,126.58333,2013-09-08T00:00:00Z,SVP
118513,2015-01-10T07:00:00Z,-36.32264,-51.49197,-0.0118,0.5677,137.08333,2013-09-08T00:00:00Z,SVP
118513,2015-01-10T08:00:00Z,-36.30403,-51.4949,-0.1082,0.5738,80.83333,2013-09-08T00:00:00Z,SVP
118513,2015-01-10T09:00:00Z,-36.28711,-51.49788,-0.0673,0.5068,161.70833,2013-09-08T00:00:00Z,SVP
118513,2015-01-10T10:00:00Z,-36.26962,-51.49887,-0.1534,0.5099,172.20833,2013-09-08T00:00:00Z,SVP
118513,2015-01-10T11:00:00Z,-36.2521,-51.50309,-0.2658,0.4832,112.5,2013-09-08T00:00:00Z,SVP
118513,2015-01-10T12:00:00Z,-36.23712,-51.51471,-0.2957,0.5088,140.70834,2013-09-08T00:00:00Z,SVP
118513,2015-01-10T13:00:00Z,-36.22074,-51.52899,-0.4815,0.4821,126.58333,2013-09-08T00:00:00Z,SVP
118513,2015-01-10T14:00:00Z,-36.20583,-51.55012,-0.5439,0.4412,474.58334,2013-09-08T00:00:00Z,SVP
118513,2015-01-10T15:00:00Z,-36.19098,-51.56975,-0.5225,0.4466,474.58334,2013-09-08T00:00:00Z,SVP
118513,2015-01-10T16:00:00Z,-36.17582,-51.5894,-0.5155,0.4507,474.58334,2013-09-08T00:00:00Z,SVP
118513,2015-01-10T17:00:00Z,-36.16358,-51.61115,-0.6744,0.0898,239.08334,2013-09-08T00:00:00Z,SVP
118513,2015-01-10T18:00:00Z,-36.15992,-51.63934,-0.6595,0.0797,239.08334,2013-09-08T00:00:00Z,SVP
118513,2015-01-10T19:00:00Z,-36.15976,-51.66469,-0.6434,-0.0198,175.79167,2013-09-08T00:00:00Z,SVP
118513,2015-01-10T20:00:00Z,-36.16458,-51.68852,-0.5122,-0.2751,115.958336,2013-09-08T00:00:00Z,SVP
118513,2015-01-10T21:00:00Z,-36.17266,-51.70569,-0.3735,-0.2282,63.291664,2013-09-08T00:00:00Z,SVP
118513,2015-01-10T22:00:00Z,-36.18268,-51.71885,-0.3477,-0.3936,158.08334,2013-09-08T00:00:00Z,SVP
118513,2015-01-10T23:00:00Z,-36.19475,-51.73516,-0.4856,-0.3439,102.0,2013-09-08T00:00:00Z,SVP
118513,2015-01-11T00:00:00Z,-36.20571,-51.75428,-0.4564,-0.3394,123.0,2013-09-08T00:00:00Z,SVP
118513,2015-01-11T01:00:00Z,-36.21913,-51.76313,-0.1497,-0.3798,130.04166,2013-09-08T00:00:00Z,SVP
118513,2015-01-11T02:00:00Z,-36.22953,-51.76741,-0.1139,-0.3887,140.70834,2013-09-08T00:00:00Z,SVP
118513,2015-01-11T03:00:00Z,-36.24233,-51.77008,-0.013,-0.2912,196.95833,2013-09-08T00:00:00Z,SVP
118513,2015-01-11T04:00:00Z,-36.25204,-51.77063,-0.0099,-0.2777,196.95833,2013-09-08T00:00:00Z,SVP
118513,2015-01-11T05:00:00Z,-36.25963,-51.77109,-0.001,-0.2297,260.0833,2013-09-08T00:00:00Z,SVP
118513,2015-01-11T06:00:00Z,-36.26614,-51.77228,-0.062,-0.1696,91.33333,2013-09-08T00:00:00Z,SVP
118513,2015-01-11T07:00:00Z,-36.26905,-51.77667,-0.1273,-0.0651,175.79167,2013-09-08T00:00:00Z,SVP
118513,2015-01-11T08:00:00Z,-36.27083,-51.78224,-0.2156,-0.049,182.83333,2013-09-08T00:00:00Z,SVP
118513,2015-01-11T09:00:00Z,-36.27268,-51.79075,-0.2177,-0.049,182.83333,2013-09-08T00:00:00Z,SVP
118513,2015-01-11T10:00:00Z,-36.27393,-51.80223,-0.3078,-0.0465,165.16666,2013-09-08T00:00:00Z,SVP
118513,2015-01-11T11:00:00Z,-36.27576,-51.81467,-0.299,-0.0739,52.791668,2013-09-08T00:00:00Z,SVP
118513,2015-01-11T12:00:00Z,-36.27886,-51.83298,-0.4872,-0.1333,130.04166,2013-09-08T00:00:00Z,SVP
118513,2015-01-11T13:00:00Z,-36.28558,-51.85285,-0.53,-0.2654,126.58333,2013-09-08T00:00:00Z,SVP
118513,2015-01-11T14:00:00Z,-36.2961,-51.8753,-0.4731,-0.452,379.66666,2013-09-08T00:00:00Z,SVP
118513,2015-01-11T15:00:00Z,-36.31111,-51.89341,-0.4736,-0.4591,379.66666,2013-09-08T00:00:00Z,SVP
118513,2015-01-11T16:00:00Z,-36.32527,-51.91212,-0.4741,-0.4535,379.66666,2013-09-08T00:00:00Z,SVP
118513,2015-01-11T17:00:00Z,-36.34275,-51.93061,-0.448,-0.6294,235.66666,2013-09-08T00:00:00Z,SVP
118513,2015-01-11T18:00:00Z,-36.36448,-51.9495,-0.4522,-0.6003,235.66666,2013-09-08T00:00:00Z,SVP
118513,2015-01-11T19:00:00Z,-36.38356,-51.95468,-0.0928,-0.6248,246.16667,2013-09-08T00:00:00Z,SVP
118513,2015-01-11T20:00:00Z,-36.403,-51.95743,0.1119,-0.5477,80.83333,2013-09-08T00:00:00Z,SVP
118513,2015-01-11T21:00:00Z,-36.41873,-51.95239,0.1314,-0.4582,168.75,2013-09-08T00:00:00Z,SVP
118513,2015-01-11T22:00:00Z,-36.4314,-51.94902,0.0461,-0.32,291.91666,2013-09-08T00:00:00Z,SVP
118513,2015-01-11T23:00:00Z,-36.4424,-51.94692,0.0469,-0.3249,291.91666,2013-09-08T00:00:00Z,SVP
118513,2015-01-12T00:00:00Z,-36.45436,-51.94509,0.0781,-0.2433,119.54167,2013-09-08T00:00:00Z,SVP
118513,2015-01-12T01:00:00Z,-36.46054,-51.94135,0.107,-0.1969,147.58333,2013-09-08T00:00:00Z,SVP
118513,2015-01-12T02:00:00Z,-36.4675,-51.9377,0.0818,-0.2175,105.458336,2013-09-08T00:00:00Z,SVP
118513,2015-01-12T03:00:00Z,-36.47435,-51.93416,0.0701,-0.1865,242.54167,2013-09-08T00:00:00Z,SVP
118513,2015-01-12T04:00:00Z,-36.48111,-51.93099,0.0624,-0.1764,242.54167,2013-09-08T00:00:00Z,SVP
118513,2015-01-12T05:00:00Z,-36.4854,-51.92909,0.0434,-0.1242,232.04169,2013-09-08T00:00:00Z,SVP
118513,2015-01-12T06:00:00Z,-36.48834,-51.92846,-0.003,-0.0626,270.74997,2013-09-08T00:00:00Z,SVP
118513,2015-01-12T07:00:00Z,-36.48982,-51.92972,-0.0045,-0.0613,270.74997,2013-09-08T00:00:00Z,SVP
118513,2015-01-12T08:00:00Z,-36.49069,-51.92973,-0.0157,-0.0197,217.95833,2013-09-08T00:00:00Z,SVP
118513,2015-01-12T09:00:00Z,-36.49038,-51.9304,-0.0306,0.0884,66.75,2013-09-08T00:00:00Z,SVP
118513,2015-01-12T10:00:00Z,-36.48593,-51.93358,-0.1058,0.1629,179.25,2013-09-08T00:00:00Z,SVP
118513,2015-01-12T11:00:00Z,-36.48106,-51.94029,-0.2203,0.1412,116.083336,2013-09-08T00:00:00Z,SVP
118513,2015-01-12T12:00:00Z,-36.47876,-51.95219,-0.1916,-0.095,147.58333,2013-09-08T00:00:00Z,SVP
118513,2015-01-12T13:00:00Z,-36.48171,-51.95806,-0.2257,-0.2006,126.58333,2013-09-08T00:00:00Z,SVP
118513,2015-01-12T14:00:00Z,-36.48849,-51.96758,-0.2362,-0.2501,383.0833,2013-09-08T00:00:00Z,SVP
118513,2015-01-12T15:00:00Z,-36.49644,-51.97681,-0.2334,-0.2491,383.0833,2013-09-08T00:00:00Z,SVP
118513,2015-01-12T16:00:00Z,-36.50382,-51.98634,-0.2338,-0.2442,383.0833,2013-09-08T00:00:00Z,SVP
118513,2015-01-12T17:00:00Z,-36.51664,-51.99001,-0.1299,-0.4789,232.04169,2013-09-08T00:00:00Z,SVP
118513,2015-01-12T18:00:00Z,-36.53182,-51.97526,-0.1164,-0.476,298.7917,2013-09-08T00:00:00Z,SVP
118513,2015-01-12T19:00:00Z,-36.54755,-51.99868,-0.0877,-0.4772,298.7917,2013-09-08T00:00:00Z,SVP
118513,2015-01-12T20:00:00Z,-36.56261,-52.00224,0.1624,-0.1032,200.41666,2013-09-08T00:00:00Z,SVP
118513,2015-01-12T21:00:00Z,-36.5657,-51.99255,0.1425,-0.097,200.41666,2013-09-08T00:00:00Z,SVP
118513,2015-01-12T22:00:00Z,-36.55835,-51.98796,0.1274,0.2621,474.58334,2013-09-08T00:00:00Z,SVP
118513,2015-01-12T23:00:00Z,-36.54933,-51.98347,0.1268,0.2586,474.58334,2013-09-08T00:00:00Z,SVP
118513,2015-01-13T00:00:00Z,-36.5407,-51.97838,0.1258,0.2555,474.58334,2013-09-08T00:00:00Z,SVP
118513,2015-01-13T01:00:00Z,-36.53098,-51.97776,0.0594,0.3023,147.58333,2013-09-08T00:00:00Z,SVP
118513,2015-01-13T02:00:00Z,-36.52004,-51.97626,-0.0103,0.326,102.0,2013-09-08T00:00:00Z,SVP
118513,2015-01-13T03:00:00Z,-36.5113,-51.98361,-0.4366,0.2116,137.08333,2013-09-08T00:00:00Z,SVP
118513,2015-01-13T04:00:00Z,-36.50215,-52.00435,-0.4407,0.1898,246.16667,2013-09-08T00:00:00Z,SVP
118513,2015-01-13T05:00:00Z,-36.49997,-52.01947,-0.4449,0.1584,246.16667,2013-09-08T00:00:00Z,SVP
118513,2015-01-13T06:00:00Z,-36.50099,-52.03894,-0.4853,-0.0305,242.54167,2013-09-08T00:00:00Z,SVP
118513,2015-01-13T07:00:00Z,-36.48272,-52.05921,-0.4798,0.2013,242.54167,2013-09-08T00:00:00Z,SVP
118513,2015-01-13T08:00:00Z,-36.50563,-52.07917,-0.5162,-0.1081,186.29166,2013-09-08T00:00:00Z,SVP
118513,2015-01-13T09:00:00Z,-36.51552,-52.09983,-0.4961,-0.4242,435.91666,2013-09-08T00:00:00Z,SVP
118513,2015-01-13T10:00:00Z,-36.52854,-52.12021,-0.5001,-0.4156,435.91666,2013-09-08T00:00:00Z,SVP
118513,2015-01-13T11:00:00Z,-36.54068,-52.14149,-0.5077,-0.4047,435.91666,2013-09-08T00:00:00Z,SVP
118513,2015-01-13T12:00:00Z,-36.55474,-52.16026,-0.3425,-0.5791,270.74997,2013-09-08T00:00:00Z,SVP
118513,2015-01-13T13:00:00Z,-36.57317,-52.17411,-0.3407,-0.5834,270.74997,2013-09-08T00:00:00Z,SVP
118513,2015-01-13T14:00:00Z,-36.59268,-52.18784,-0.3334,-0.6125,421.95834,2013-09-08T00:00:00Z,SVP
118513,2015-01-13T15:00:00Z,-36.61281,-52.20098,-0.3326,-0.6131,421.95834,2013-09-08T00:00:00Z,SVP
118513,2015-01-13T16:00:00Z,-36.63274,-52.21389,-0.3315,-0.6134,421.95834,2013-09-08T00:00:00Z,SVP
118513,2015-01-13T17:00:00Z,-36.65361,-52.22609,-0.3059,-0.6425,232.04169,2013-09-08T00:00:00Z,SVP
118513,2015-01-13T18:00:00Z,-36.67387,-52.24027,-0.2958,-0.6352,253.20834,2013-09-08T00:00:00Z,SVP
118513,2015-01-13T19:00:00Z,-36.69541,-52.24763,-0.2737,-0.6399,253.20834,2013-09-08T00:00:00Z,SVP
118513,2015-01-13T20:00:00Z,-36.7126,-52.25654,-0.1962,-0.3963,253.20834,2013-09-08T00:00:00Z,SVP
118513,2015-01-13T21:00:00Z,-36.72815,-52.27721,-0.297,-0.4168,253.20834,2013-09-08T00:00:00Z,SVP
118513,2015-01-13T22:00:00Z,-36.73708,-52.27294,-0.201,-0.3228,253.20834,2013-09-08T00:00:00Z,SVP
118513,2015-01-13T23:00:00Z,-36.74758,-52.28281,-0.591,-0.278,182.83333,2013-09-08T00:00:00Z,SVP
118513,2015-01-14T00:00:00Z,-36.75661,-52.30668,-0.5933,-0.2797,182.83333,2013-09-08T00:00:00Z,SVP
118513,2015-01-14T01:00:00Z,-36.76539,-52.32915,-0.51,-0.2642,116.083336,2013-09-08T00:00:00Z,SVP
118513,2015-01-14T02:00:00Z,-36.7733,-52.34671,-0.7455,-0.3639,295.33334,2013-09-08T00:00:00Z,SVP
118513,2015-01-14T03:00:00Z,-36.78599,-52.385,-0.675,-0.3807,295.33334,2013-09-08T00:00:00Z,SVP
118513,2015-01-14T04:00:00Z,-36.80196,-52.41148,-0.7666,-0.6585,242.54167,2013-09-08T00:00:00Z,SVP
118513,2015-01-14T05:00:00Z,-36.8245,-52.43744,-0.7571,-0.6249,242.54167,2013-09-08T00:00:00Z,SVP
118513,2015-01-14T06:00:00Z,-36.84519,-52.46853,-0.7265,-0.6676,228.45833,2013-09-08T00:00:00Z,SVP
118513,2015-01-14T07:00:00Z,-36.86792,-52.50352,-0.4697,-0.7027,246.16667,2013-09-08T00:00:00Z,SVP
118513,2015-01-14T08:00:00Z,-36.89009,-52.52344,-0.4573,-0.7012,246.16667,2013-09-08T00:00:00Z,SVP
118513,2015-01-14T09:00:00Z,-36.91517,-52.5402,-0.3959,-0.8016,154.66667,2013-09-08T00:00:00Z,SVP
118513,2015-01-14T10:00:00Z,-36.94149,-52.55499,-0.2807,-0.8461,102.0,2013-09-08T00:00:00Z,SVP
118513,2015-01-14T11:00:00Z,-36.96769,-52.56207,-0.1282,-0.7838,170.54166,2013-09-08T00:00:00Z,SVP
118513,2015-01-14T12:00:00Z,-36.9903,-52.55877,0.1912,-0.6486,149.41667,2013-09-08T00:00:00Z,SVP
118513,2015-01-14T13:00:00Z,-37.00958,-52.54924,0.2548,-0.5665,242.54167,2013-09-08T00:00:00Z,SVP
118513,2015-01-14T14:00:00Z,-37.02714,-52.53871,0.3022,-0.2982,309.45834,2013-09-08T00:00:00Z,SVP
118513,2015-01-14T15:00:00Z,-37.03617,-52.52587,0.3035,-0.2821,309.45834,2013-09-08T00:00:00Z,SVP
118513,2015-01-14T16:00:00Z,-37.04708,-52.51363,0.3091,-0.1571,242.54167,2013-09-08T00:00:00Z,SVP
118513,2015-01-14T17:00:00Z,-37.05082,-52.50117,0.3086,-0.1803,242.54167,2013-09-08T00:00:00Z,SVP
118513,2015-01-14T18:00:00Z,-37.05307,-52.48983,0.2489,0.0247,225.0,2013-09-08T00:00:00Z,SVP
118513,2015-01-14T19:00:00Z,-37.05192,-52.47883,0.2549,0.0253,225.0,2013-09-08T00:00:00Z,SVP
118513,2015-01-14T20:00:00Z,-37.05003,-52.48504,0.0628,0.062,235.50002,2013-09-08T00:00:00Z,SVP
118513,2015-01-14T21:00:00Z,-37.04725,-52.48496,-0.1226,0.0901,59.708332,2013-09-08T00:00:00Z,SVP
118513,2015-01-14T22:00:00Z,-37.04589,-52.49431,-0.2335,0.0345,186.29166,2013-09-08T00:00:00Z,SVP
118513,2015-01-14T23:00:00Z,-37.0518,-52.51175,-0.4031,-0.2563,330.45834,2013-09-08T00:00:00Z,SVP
118513,2015-01-15T00:00:00Z,-37.05962,-52.53061,-0.3929,-0.2653,330.45834,2013-09-08T00:00:00Z,SVP
118513,2015-01-15T01:00:00Z,-37.06923,-52.54615,-0.3528,-0.3447,277.66666,2013-09-08T00:00:00Z,SVP
118513,2015-01-15T02:00:00Z,-37.08021,-52.55921,-0.3673,-0.3491,277.66666,2013-09-08T00:00:00Z,SVP
118513,2015-01-15T03:00:00Z,-37.09417,-52.57492,-0.3693,-0.442,168.75,2013-09-08T00:00:00Z,SVP
118513,2015-01-15T04:00:00Z,-37.11591,-52.59031,-0.3892,-0.7882,242.54167,2013-09-08T00:00:00Z,SVP
118513,2015-01-15T05:00:00Z,-37.14029,-52.6065,-0.3917,-0.7919,242.54167,2013-09-08T00:00:00Z,SVP
118513,2015-01-15T06:00:00Z,-37.17033,-52.59626,0.2393,-0.8863,242.54167,2013-09-08T00:00:00Z,SVP
118513,2015-01-15T07:00:00Z,-37.19895,-52.58582,0.2754,-0.9249,219.75,2013-09-08T00:00:00Z,SVP
118513,2015-01-15T08:00:00Z,-37.22893,-52.57565,0.2802,-0.924,219.75,2013-09-08T00:00:00Z,SVP
118513,2015-01-15T09:00:00Z,-37.25782,-52.56081,0.4684,-0.8282,108.91667,2013-09-08T00:00:00Z,SVP
118513,2015-01-15T10:00:00Z,-37.28425,-52.54129,0.4941,-0.791,175.79167,2013-09-08T00:00:00Z,SVP
118513,2015-01-15T11:00:00Z,-37.30921,-52.52098,0.5167,-0.7459,168.75,2013-09-08T00:00:00Z,SVP
118513,2015-01-15T12:00:00Z,-37.33289,-52.49927,0.5862,-0.6083,105.458336,2013-09-08T00:00:00Z,SVP
118513,2015-01-15T13:00:00Z,-37.349,-52.47298,0.6723,-0.4914,130.04166,2013-09-08T00:00:00Z,SVP
118513,2015-01-15T14:00:00Z,-37.36502,-52.44601,0.5461,-0.3645,130.04166,2013-09-08T00:00:00Z,SVP
118513,2015-01-15T15:00:00Z,-37.37739,-52.42354,0.505,-0.3699,446.54166,2013-09-08T00:00:00Z,SVP
118513,2015-01-15T16:00:00Z,-37.38908,-52.40281,0.5042,-0.37,446.54166,2013-09-08T00:00:00Z,SVP
118513,2015-01-15T17:00:00Z,-37.40037,-52.38172,0.5029,-0.3706,446.54166,2013-09-08T00:00:00Z,SVP
118513,2015-01-15T18:00:00Z,-37.41439,-52.36623,0.2975,-0.4504,256.66666,2013-09-08T00:00:00Z,SVP
118513,2015-01-15T19:00:00Z,-37.42961,-52.35362,0.2925,-0.4424,256.66666,2013-09-08T00:00:00Z,SVP
118513,2015-01-15T20:00:00Z,-37.44461,-52.34306,0.279,-0.4767,165.29167,2013-09-08T00:00:00Z,SVP
118513,2015-01-15T21:00:00Z,-37.4641,-52.33343,0.2102,-0.656,207.45834,2013-09-08T00:00:00Z,SVP
118513,2015-01-15T22:00:00Z,-37.48501,-52.32486,0.2075,-0.6595,207.45834,2013-09-08T00:00:00Z,SVP
118513,2015-01-15T23:00:00Z,-37.51296,-52.31443,0.2733,-0.9033,270.74997,2013-09-08T00:00:00Z,SVP
118513,2015-01-16T00:00:00Z,-37.54065,-52.30235,0.2774,-0.8858,270.74997,2013-09-08T00:00:00Z,SVP
118513,2015-01-16T01:00:00Z,-37.57491,-52.29284,0.2707,-1.1272,151.20834,2013-09-08T00:00:00Z,SVP
118513,2015-01-16T02:00:00Z,-37.60718,-52.28114,0.3296,-1.2363,109.041664,2013-09-08T00:00:00Z,SVP
118513,2015-01-16T03:00:00Z,-37.64848,-52.26687,0.3731,-1.2637,77.41667,2013-09-08T00:00:00Z,SVP
118513,2015-01-16T04:00:00Z,-37.69026,-52.24193,0.628,-1.2799,249.58333,2013-09-08T00:00:00Z,SVP
118513,2015-01-16T05:00:00Z,-37.73298,-52.23152,0.9454,-1.437,228.45833,2013-09-08T00:00:00Z,SVP
118513,2015-01-16T06:00:00Z,-37.78464,-52.19164,0.9322,-1.4371,228.45833,2013-09-08T00:00:00Z,SVP
118513,2015-01-16T07:00:00Z,-37.82963,-52.15272,0.9605,-1.296,186.29166,2013-09-08T00:00:00Z,SVP
118513,2015-01-16T08:00:00Z,-37.87046,-52.11134,0.9829,-1.2109,70.333336,2013-09-08T00:00:00Z,SVP
118513,2015-01-16T09:00:00Z,-37.90721,-52.07269,0.9983,-1.1399,182.83333,2013-09-08T00:00:00Z,SVP
118513,2015-01-16T10:00:00Z,-37.94275,-52.02821,1.1022,-1.0187,105.458336,2013-09-08T00:00:00Z,SVP
118513,2015-01-16T11:00:00Z,-37.97543,-51.9847,0.8795,-0.9116,133.66667,2013-09-08T00:00:00Z,SVP
118513,2015-01-16T12:00:00Z,-38.00525,-51.94905,0.8601,-0.9257,98.416664,2013-09-08T00:00:00Z,SVP
118513,2015-01-16T13:00:00Z,-38.03438,-51.91166,0.9128,-0.8838,137.08333,2013-09-08T00:00:00Z,SVP
118513,2015-01-16T14:00:00Z,-38.05601,-51.87546,0.7206,-0.5934,485.08334,2013-09-08T00:00:00Z,SVP
118513,2015-01-16T15:00:00Z,-38.07557,-51.84686,0.7133,-0.5935,485.08334,2013-09-08T00:00:00Z,SVP
118513,2015-01-16T16:00:00Z,-38.0951,-51.817,0.7133,-0.5934,485.08334,2013-09-08T00:00:00Z,SVP
118513,2015-01-16T17:00:00Z,-38.11505,-51.78569,0.7172,-0.5929,485.08334,2013-09-08T00:00:00Z,SVP
118513,2015-01-16T18:00:00Z,-38.13285,-51.75977,0.5975,-0.5726,246.16667,2013-09-08T00:00:00Z,SVP
118513,2015-01-16T19:00:00Z,-38.15136,-51.7378,0.3261,-0.5712,123.0,2013-09-08T00:00:00Z,SVP
118513,2015-01-16T20:00:00Z,-38.17512,-51.72411,0.3815,-0.7816,119.54167,2013-09-08T00:00:00Z,SVP
118513,2015-01-16T21:00:00Z,-38.1989,-51.7028,0.5455,-0.7532,130.04166,2013-09-08T00:00:00Z,SVP
118513,2015-01-16T22:00:00Z,-38.22449,-51.68551,0.472,-0.8119,77.41667,2013-09-08T00:00:00Z,SVP
118513,2015-01-16T23:00:00Z,-38.24987,-51.66475,0.5325,-0.7886,369.16666,2013-09-08T00:00:00Z,SVP
118513,2015-01-17T00:00:00Z,-38.27553,-51.64292,0.5333,-0.7875,369.16666,2013-09-08T00:00:00Z,SVP
118513,2015-01-17T01:00:00Z,-38.29751,-51.61893,0.6082,-0.4583,253.20834,2013-09-08T00:00:00Z,SVP
118513,2015-01-17T02:00:00Z,-38.31231,-51.59003,0.6187,-0.4506,253.20834,2013-09-08T00:00:00Z,SVP
118513,2015-01-17T03:00:00Z,-38.31982,-51.56803,0.5733,-0.1393,112.5,2013-09-08T00:00:00Z,SVP
118513,2015-01-17T04:00:00Z,-38.32376,-51.54444,0.4951,-0.0709,239.08334,2013-09-08T00:00:00Z,SVP
118513,2015-01-17T05:00:00Z,-38.32424,-51.528,0.1801,0.1667,246.16667,2013-09-08T00:00:00Z,SVP
118513,2015-01-17T06:00:00Z,-38.31865,-51.52123,0.183,0.1684,246.16667,2013-09-08T00:00:00Z,SVP
118513,2015-01-17T07:00:00Z,-38.31321,-51.5122,0.2043,0.1706,137.08333,2013-09-08T00:00:00Z,SVP
118513,2015-01-17T08:00:00Z,-38.30839,-51.50195,0.1196,0.253,147.58333,2013-09-08T00:00:00Z,SVP
118513,2015-01-17T09:00:00Z,-38.29996,-51.49711,-0.005,0.2537,102.0,2013-09-08T00:00:00Z,SVP
118513,2015-01-17T10:00:00Z,-38.29275,-51.49492,0.0772,0.2078,126.58333,2013-09-08T00:00:00Z,SVP
118513,2015-01-17T11:00:00Z,-38.28543,-51.49103,0.0913,0.2249,126.58333,2013-09-08T00:00:00Z,SVP
118513,2015-01-17T12:00:00Z,-38.27925,-51.49663,-0.1003,0.1004,140.70834,2013-09-08T00:00:00Z,SVP
118513,2015-01-17T13:00:00Z,-38.278,-51.4972,-0.0647,0.0062,116.083336,2013-09-08T00:00:00Z,SVP
118513,2015-01-17T14:00:00Z,-38.27524,-51.50285,-0.0355,-0.0562,499.20834,2013-09-08T00:00:00Z,SVP
118513,2015-01-17T15:00:00Z,-38.27781,-51.50322,-0.0417,-0.0555,499.20834,2013-09-08T00:00:00Z,SVP
118513,2015-01-17T16:00:00Z,-38.27922,-51.50519,-0.0388,-0.0597,499.20834,2013-09-08T00:00:00Z,SVP
118513,2015-01-17T17:00:00Z,-38.28004,-51.50755,0.0061,-0.1874,246.16667,2013-09-08T00:00:00Z,SVP
118513,2015-01-17T18:00:00Z,-38.2868,-51.50672,0.0072,-0.1815,246.16667,2013-09-08T00:00:00Z,SVP
118513,2015-01-17T19:00:00Z,-38.29408,-51.5058,0.0319,-0.2472,123.0,2013-09-08T00:00:00Z,SVP
118513,2015-01-17T20:00:00Z,-38.30348,-51.50544,9.0E-4,-0.302,119.54167,2013-09-08T00:00:00Z,SVP
118513,2015-01-17T21:00:00Z,-38.31559,-51.50512,0.1964,-0.397,56.25,2013-09-08T00:00:00Z,SVP
118513,2015-01-17T22:00:00Z,-38.32791,-51.49398,0.3966,-0.2672,66.75,2013-09-08T00:00:00Z,SVP
118513,2015-01-17T23:00:00Z,-38.33717,-51.48072,0.2372,-0.3494,217.95833,2013-09-08T00:00:00Z,SVP
118513,2015-01-18T00:00:00Z,-38.3497,-51.47132,0.249,-0.3457,217.95833,2013-09-08T00:00:00Z,SVP
118513,2015-01-18T01:00:00Z,-38.35767,-51.45213,0.4694,-0.2567,137.08333,2013-09-08T00:00:00Z,SVP
118513,2015-01-18T02:00:00Z,-38.36487,-51.43538,0.2878,-0.1977,144.16667,2013-09-08T00:00:00Z,SVP
118513,2015-01-18T03:00:00Z,-38.37135,-51.42405,0.3185,-0.1046,112.5,2013-09-08T00:00:00Z,SVP
118513,2015-01-18T04:00:00Z,-38.37463,-51.41027,0.3536,-0.1201,140.70834,2013-09-08T00:00:00Z,SVP
118513,2015-01-18T05:00:00Z,-38.37837,-51.39634,0.3113,-0.1484,228.58334,2013-09-08T00:00:00Z,SVP
118513,2015-01-18T06:00:00Z,-38.38395,-51.38326,0.3087,-0.1489,228.58334,2013-09-08T00:00:00Z,SVP
118513,2015-01-18T07:00:00Z,-38.3882,-51.37223,0.2698,-0.1703,147.58333,2013-09-08T00:00:00Z,SVP
118513,2015-01-18T08:00:00Z,-38.39402,-51.36086,0.157,-0.1873,101.833336,2013-09-08T00:00:00Z,SVP
118513,2015-01-18T09:00:00Z,-38.39948,-51.35839,-0.0947,-0.1652,0.0,2013-09-08T00:00:00Z,SVP
118513,2015-01-18T10:00:00Z,-38.40608,-51.35681,0.1303,-0.2213,200.41666,2013-09-08T00:00:00Z,SVP
118513,2015-01-18T11:00:00Z,-38.41348,-51.35141,0.2331,-0.2629,137.08333,2013-09-08T00:00:00Z,SVP
118513,2015-01-18T12:00:00Z,-38.42333,-51.34237,0.212,-0.3486,133.66667,2013-09-08T00:00:00Z,SVP
118513,2015-01-18T13:00:00Z,-38.43536,-51.33472,0.1798,-0.4156,105.458336,2013-09-08T00:00:00Z,SVP
118513,2015-01-18T14:00:00Z,-38.44963,-51.32686,0.2,-0.4689,548.4166,2013-09-08T00:00:00Z,SVP
118513,2015-01-18T15:00:00Z,-38.46476,-51.31846,0.2009,-0.4691,548.4166,2013-09-08T00:00:00Z,SVP
118513,2015-01-18T16:00:00Z,-38.47959,-51.31036,0.2006,-0.4685,548.4166,2013-09-08T00:00:00Z,SVP
118513,2015-01-18T17:00:00Z,-38.49412,-51.30125,0.4918,-0.5418,235.66666,2013-09-08T00:00:00Z,SVP
118513,2015-01-18T18:00:00Z,-38.5127,-51.27924,0.4777,-0.5277,235.66666,2013-09-08T00:00:00Z,SVP
118513,2015-01-18T19:00:00Z,-38.52979,-51.26016,0.4288,-0.5508,239.08334,2013-09-08T00:00:00Z,SVP
118513,2015-01-18T20:00:00Z,-38.54787,-51.24215,0.4138,-0.5484,239.08334,2013-09-08T00:00:00Z,SVP
118513,2015-01-18T21:00:00Z,-38.56223,-51.22583,0.4417,-0.3865,165.29167,2013-09-08T00:00:00Z,SVP
118513,2015-01-18T22:00:00Z,-38.57407,-51.20478,0.3929,-0.3273,98.416664,2013-09-08T00:00:00Z,SVP
118513,2015-01-18T23:00:00Z,-38.57876,-51.18915,0.3972,-0.1065,221.54167,2013-09-08T00:00:00Z,SVP
118513,2015-01-19T00:00:00Z,-38.58077,-51.17285,0.4321,-0.0928,130.04166,2013-09-08T00:00:00Z,SVP
118513,2015-01-19T01:00:00Z,-38.58561,-51.15513,0.4268,-0.1101,123.0,2013-09-08T00:00:00Z,SVP
118513,2015-01-19T02:00:00Z,-38.5887,-51.13814,0.4085,-0.1098,140.70834,2013-09-08T00:00:00Z,SVP
118513,2015-01-19T03:00:00Z,-38.59196,-51.12113,0.4081,-0.0986,102.0,2013-09-08T00:00:00Z,SVP
118513,2015-01-19T04:00:00Z,-38.59404,-51.10421,0.3565,-0.055,137.08333,2013-09-08T00:00:00Z,SVP
118513,2015-01-19T05:00:00Z,-38.5965,-51.0899,0.3518,-0.0724,260.0833,2013-09-08T00:00:00Z,SVP
118513,2015-01-19T06:00:00Z,-38.59945,-51.07558,0.3623,-0.1275,70.333336,2013-09-08T00:00:00Z,SVP
118513,2015-01-19T07:00:00Z,-38.60293,-51.0622,0.3158,-0.1098,189.91667,2013-09-08T00:00:00Z,SVP
118513,2015-01-19T08:00:00Z,-38.60501,-51.04895,0.2687,-0.0436,56.25,2013-09-08T00:00:00Z,SVP
118513,2015-01-19T09:00:00Z,-38.60841,-51.03112,0.4517,-0.1555,116.083336,2013-09-08T00:00:00Z,SVP
118513,2015-01-19T10:00:00Z,-38.61151,-51.0057,0.7488,-0.0428,80.83333,2013-09-08T00:00:00Z,SVP
118513,2015-01-19T11:00:00Z,-38.61172,-50.97558,0.7364,0.0302,151.20834,2013-09-08T00:00:00Z,SVP
118513,2015-01-19T12:00:00Z,-38.60805,-50.9469,0.7131,0.2769,56.25,2013-09-08T00:00:00Z,SVP
118513,2015-01-19T13:00:00Z,-38.59825,-50.91646,0.8254,0.3779,126.58333,2013-09-08T00:00:00Z,SVP
118513,2015-01-19T14:00:00Z,-38.58181,-50.88403,0.8587,0.672,414.9167,2013-09-08T00:00:00Z,SVP
118513,2015-01-19T15:00:00Z,-38.55804,-50.84704,0.862,0.6618,414.9167,2013-09-08T00:00:00Z,SVP
118513,2015-01-19T16:00:00Z,-38.53662,-50.81141,0.8631,0.6636,414.9167,2013-09-08T00:00:00Z,SVP
118513,2015-01-19T17:00:00Z,-38.51022,-50.77379,0.9538,1.0987,256.66666,2013-09-08T00:00:00Z,SVP
118513,2015-01-19T18:00:00Z,-38.47583,-50.72041,1.0385,1.0991,256.66666,2013-09-08T00:00:00Z,SVP
118513,2015-01-19T19:00:00Z,-38.43635,-50.68719,0.6689,1.2678,233.83334,2013-09-08T00:00:00Z,SVP
118513,2015-01-19T20:00:00Z,-38.3945,-50.67533,0.4344,1.3838,65.083336,2013-09-08T00:00:00Z,SVP
118513,2015-01-19T21:00:00Z,-38.34914,-50.65637,0.5958,1.4118,165.16666,2013-09-08T00:00:00Z,SVP
118513,2015-01-19T22:00:00Z,-38.30394,-50.63034,0.6348,1.3852,94.958336,2013-09-08T00:00:00Z,SVP
118513,2015-01-19T23:00:00Z,-38.25949,-50.64145,0.0689,1.3714,239.08334,2013-09-08T00:00:00Z,SVP
118513,2015-01-20T00:00:00Z,-38.21572,-50.63717,-0.0919,1.3449,123.0,2013-09-08T00:00:00Z,SVP
118513,2015-01-20T01:00:00Z,-38.17641,-50.63479,0.1288,1.1503,123.0,2013-09-08T00:00:00Z,SVP
118513,2015-01-20T02:00:00Z,-38.13962,-50.62985,0.1054,1.1127,147.58333,2013-09-08T00:00:00Z,SVP
118513,2015-01-20T03:00:00Z,-38.10616,-50.63668,-0.257,0.866,186.29166,2013-09-08T00:00:00Z,SVP
118513,2015-01-20T04:00:00Z,-38.0787,-50.64664,-0.2499,0.8526,186.29166,2013-09-08T00:00:00Z,SVP
118513,2015-01-20T05:00:00Z,-38.05301,-50.65412,-0.186,0.7997,232.04169,2013-09-08T00:00:00Z,SVP
118513,2015-01-20T06:00:00Z,-38.02756,-50.65742,-0.0204,0.8068,249.58333,2013-09-08T00:00:00Z,SVP
118513,2015-01-20T07:00:00Z,-38.00073,-50.65618,-0.0475,0.8047,249.58333,2013-09-08T00:00:00Z,SVP
118513,2015-01-20T08:00:00Z,-37.97524,-50.65653,0.1742,0.7366,200.41666,2013-09-08T00:00:00Z,SVP
118513,2015-01-20T09:00:00Z,-37.95122,-50.64835,0.1619,0.7352,200.41666,2013-09-08T00:00:00Z,SVP
118513,2015-01-20T10:00:00Z,-37.92922,-50.63874,0.2798,0.6566,200.41666,2013-09-08T00:00:00Z,SVP
118513,2015-01-20T11:00:00Z,-37.90754,-50.62698,0.2329,0.7352,56.25,2013-09-08T00:00:00Z,SVP
118513,2015-01-20T12:00:00Z,-37.88145,-50.61788,0.2852,0.8074,115.958336,2013-09-08T00:00:00Z,SVP
118513,2015-01-20T13:00:00Z,-37.85559,-50.60522,0.1795,0.8026,123.0,2013-09-08T00:00:00Z,SVP
118513,2015-01-20T14:00:00Z,-37.82979,-50.5973,0.1653,0.8058,442.95834,2013-09-08T00:00:00Z,SVP
118513,2015-01-20T15:00:00Z,-37.80374,-50.59045,0.1656,0.8056,442.95834,2013-09-08T00:00:00Z,SVP
118513,2015-01-20T16:00:00Z,-37.77753,-50.58395,0.167,0.805,442.95834,2013-09-08T00:00:00Z,SVP
118513,2015-01-20T17:00:00Z,-37.75106,-50.57738,0.1679,0.8107,249.58333,2013-09-08T00:00:00Z,SVP
118513,2015-01-20T18:00:00Z,-37.72549,-50.56925,0.1734,0.8104,249.58333,2013-09-08T00:00:00Z,SVP
118513,2015-01-20T19:00:00Z,-37.69652,-50.57656,-0.1679,0.8644,172.33334,2013-09-08T00:00:00Z,SVP
118513,2015-01-20T20:00:00Z,-37.66828,-50.58261,-0.1107,0.8581,179.25,2013-09-08T00:00:00Z,SVP
118513,2015-01-20T21:00:00Z,-37.64087,-50.59033,-0.1549,0.8413,73.791664,2013-09-08T00:00:00Z,SVP
118513,2015-01-20T22:00:00Z,-37.61514,-50.59561,-0.1888,0.7642,165.29167,2013-09-08T00:00:00Z,SVP
118513,2015-01-20T23:00:00Z,-37.59254,-50.60269,-0.2675,0.6697,112.5,2013-09-08T00:00:00Z,SVP
118513,2015-01-21T00:00:00Z,-37.57117,-50.61399,-0.2805,0.6474,137.08333,2013-09-08T00:00:00Z,SVP
118513,2015-01-21T01:00:00Z,-37.55012,-50.62444,-0.0992,0.6292,144.16667,2013-09-08T00:00:00Z,SVP
118513,2015-01-21T02:00:00Z,-37.53039,-50.62783,-0.0823,0.5866,105.458336,2013-09-08T00:00:00Z,SVP
118513,2015-01-21T03:00:00Z,-37.51169,-50.63868,-0.3318,0.536,182.83333,2013-09-08T00:00:00Z,SVP
118513,2015-01-21T04:00:00Z,-37.49422,-50.65252,-0.3057,0.4674,256.66666,2013-09-08T00:00:00Z,SVP
118513,2015-01-21T05:00:00Z,-37.47888,-50.66502,-0.3006,0.4655,256.66666,2013-09-08T00:00:00Z,SVP
118513,2015-01-21T06:00:00Z,-37.46442,-50.67619,-0.2405,0.4218,253.20834,2013-09-08T00:00:00Z,SVP
118513,2015-01-21T07:00:00Z,-37.45133,-50.68562,-0.2408,0.4231,253.20834,2013-09-08T00:00:00Z,SVP
118513,2015-01-21T08:00:00Z,-37.43803,-50.69441,-0.2044,0.3969,281.25,2013-09-08T00:00:00Z,SVP
118513,2015-01-21T09:00:00Z,-37.4245,-50.70351,-0.2079,0.3973,281.25,2013-09-08T00:00:00Z,SVP
118513,2015-01-21T10:00:00Z,-37.41145,-50.70879,-0.1698,0.4121,232.04169,2013-09-08T00:00:00Z,SVP
118513,2015-01-21T11:00:00Z,-37.39733,-50.71074,-0.1165,0.4447,112.5,2013-09-08T00:00:00Z,SVP
118513,2015-01-21T12:00:00Z,-37.38315,-50.71426,-0.1408,0.4588,123.0,2013-09-08T00:00:00Z,SVP
118513,2015-01-21T13:00:00Z,-37.36895,-50.71958,-0.0089,0.3745,130.04166,2013-09-08T00:00:00Z,SVP
118513,2015-01-21T14:00:00Z,-37.36143,-50.72031,-0.0185,0.7921,341.0833,2013-09-08T00:00:00Z,SVP
118513,2015-01-21T15:00:00Z,-37.33523,-50.72187,-0.0266,0.7908,341.0833,2013-09-08T00:00:00Z,SVP
118513,2015-01-21T16:00:00Z,-37.30977,-50.72387,-0.032,0.7935,341.0833,2013-09-08T00:00:00Z,SVP
118513,2015-01-21T17:00:00Z,-37.2843,-50.72284,-0.0054,0.7933,249.58333,2013-09-08T00:00:00Z,SVP
118513,2015-01-21T18:00:00Z,-37.25882,-50.71604,-0.5831,0.5383,253.20834,2013-09-08T00:00:00Z,SVP
118513,2015-01-21T19:00:00Z,-37.24526,-50.75359,-0.2739,0.6301,253.20834,2013-09-08T00:00:00Z,SVP
118513,2015-01-21T20:00:00Z,-37.22447,-50.76462,-0.3939,0.627,116.083336,2013-09-08T00:00:00Z,SVP
118513,2015-01-21T21:00:00Z,-37.20489,-50.7785,-0.3243,0.5955,126.58333,2013-09-08T00:00:00Z,SVP
118513,2015-01-21T22:00:00Z,-37.18968,-50.7904,-0.287,0.5098,133.66667,2013-09-08T00:00:00Z,SVP
118513,2015-01-21T23:00:00Z,-37.16979,-50.80295,-0.5762,0.3003,147.58333,2013-09-08T00:00:00Z,SVP
118513,2015-01-22T00:00:00Z,-37.16013,-50.82647,-0.5905,0.2803,119.54167,2013-09-08T00:00:00Z,SVP
118513,2015-01-22T01:00:00Z,-37.15326,-50.84789,-0.4792,0.185,140.70834,2013-09-08T00:00:00Z,SVP
118513,2015-01-22T02:00:00Z,-37.14973,-50.86785,-0.49,0.0892,112.5,2013-09-08T00:00:00Z,SVP
118513,2015-01-22T03:00:00Z,-37.14826,-50.88861,-0.5686,-0.0398,133.66667,2013-09-08T00:00:00Z,SVP
118513,2015-01-22T04:00:00Z,-37.1497,-50.90497,-0.2696,-0.0701,267.16666,2013-09-08T00:00:00Z,SVP
118513,2015-01-22T05:00:00Z,-37.15033,-50.91447,-0.2709,-0.0639,267.16666,2013-09-08T00:00:00Z,SVP
118513,2015-01-22T06:00:00Z,-37.15214,-50.92642,-0.2864,-0.0481,210.91667,2013-09-08T00:00:00Z,SVP
118513,2015-01-22T07:00:00Z,-37.15662,-50.93851,-0.2748,0.06,246.16667,2013-09-08T00:00:00Z,SVP
118513,2015-01-22T08:00:00Z,-37.15394,-50.94949,-0.2742,0.0542,246.16667,2013-09-08T00:00:00Z,SVP
118513,2015-01-22T09:00:00Z,-37.15155,-50.96078,-0.2706,0.0827,267.16666,2013-09-08T00:00:00Z,SVP
118513,2015-01-22T10:00:00Z,-37.14998,-50.97125,-0.2678,0.0725,267.16666,2013-09-08T00:00:00Z,SVP
118513,2015-01-22T11:00:00Z,-37.13634,-50.98855,-0.4701,0.5193,137.08333,2013-09-08T00:00:00Z,SVP
118513,2015-01-22T12:00:00Z,-37.12109,-51.00901,-0.2732,0.2592,133.66667,2013-09-08T00:00:00Z,SVP
118513,2015-01-22T13:00:00Z,-37.11266,-51.01889,-0.3602,0.3003,119.54167,2013-09-08T00:00:00Z,SVP
118513,2015-01-22T14:00:00Z,-37.10277,-51.03421,-0.389,0.3521,376.2083,2013-09-08T00:00:00Z,SVP
118513,2015-01-22T15:00:00Z,-37.09091,-51.04944,-0.3847,0.3536,376.2083,2013-09-08T00:00:00Z,SVP
118513,2015-01-22T16:00:00Z,-37.07918,-51.06443,-0.3816,0.3542,376.2083,2013-09-08T00:00:00Z,SVP
118513,2015-01-22T17:00:00Z,-37.06954,-51.09344,-0.7328,0.3183,239.08334,2013-09-08T00:00:00Z,SVP
118513,2015-01-22T18:00:00Z,-37.06019,-51.1243,-0.7475,0.2164,253.20834,2013-09-08T00:00:00Z,SVP
118513,2015-01-22T19:00:00Z,-37.05355,-51.15319,-0.7483,0.2064,253.20834,2013-09-08T00:00:00Z,SVP
118513,2015-01-22T20:00:00Z,-37.05027,-51.18363,-0.7357,0.0182,200.41666,2013-09-08T00:00:00Z,SVP
118513,2015-01-22T21:00:00Z,-37.05009,-51.21488,-0.7347,-0.0325,260.0833,2013-09-08T00:00:00Z,SVP
118513,2015-01-22T22:00:00Z,-37.05097,-51.24268,-0.7353,-0.0334,260.0833,2013-09-08T00:00:00Z,SVP
118513,2015-01-22T23:00:00Z,-37.05272,-51.27303,-0.7519,-0.0708,267.16666,2013-09-08T00:00:00Z,SVP
118513,2015-01-23T00:00:00Z,-37.05526,-51.30464,-0.7491,-0.0725,267.16666,2013-09-08T00:00:00Z,SVP
118513,2015-01-23T01:00:00Z,-37.05835,-51.33294,-0.7221,-0.0972,151.20834,2013-09-08T00:00:00Z,SVP
118513,2015-01-23T02:00:00Z,-37.06134,-51.35866,-0.5965,-0.0712,144.16667,2013-09-08T00:00:00Z,SVP
118513,2015-01-23T03:00:00Z,-37.06617,-51.38013,-0.4758,-0.1432,108.91667,2013-09-08T00:00:00Z,SVP
118513,2015-01-23T04:00:00Z,-37.06687,-51.40082,-0.3975,-0.2571,249.58333,2013-09-08T00:00:00Z,SVP
118513,2015-01-23T05:00:00Z,-37.07603,-51.41657,-0.4027,-0.2315,249.58333,2013-09-08T00:00:00Z,SVP
118513,2015-01-23T06:00:00Z,-37.08342,-51.43202,-0.2985,-0.2481,175.79167,2013-09-08T00:00:00Z,SVP
118513,2015-01-23T07:00:00Z,-37.09083,-51.44037,-0.1434,-0.2159,242.54167,2013-09-08T00:00:00Z,SVP
118513,2015-01-23T08:00:00Z,-37.09729,-51.44552,-0.1605,-0.2151,242.54167,2013-09-08T00:00:00Z,SVP
118513,2015-01-23T09:00:00Z,-37.1021,-51.4523,-0.1923,-0.127,182.83333,2013-09-08T00:00:00Z,SVP
118513,2015-01-23T10:00:00Z,-37.10515,-51.46043,-0.2251,-0.1128,172.20833,2013-09-08T00:00:00Z,SVP
118513,2015-01-23T11:00:00Z,-37.11109,-51.4705,-0.3076,0.1274,91.33333,2013-09-08T00:00:00Z,SVP
118513,2015-01-23T12:00:00Z,-37.10652,-51.48335,-0.3646,0.1714,263.7083,2013-09-08T00:00:00Z,SVP
118513,2015-01-23T13:00:00Z,-37.10131,-51.49821,-0.3656,0.171,263.7083,2013-09-08T00:00:00Z,SVP
118513,2015-01-23T14:00:00Z,-37.096,-51.51411,-0.3925,0.1656,411.2917,2013-09-08T00:00:00Z,SVP
118513,2015-01-23T15:00:00Z,-37.08966,-51.53016,-0.3937,0.1751,411.2917,2013-09-08T00:00:00Z,SVP
118513,2015-01-23T16:00:00Z,-37.08314,-51.54702,-0.61,-0.158,239.08334,2013-09-08T00:00:00Z,SVP
118513,2015-01-23T17:00:00Z,-37.08956,-51.5818,-0.524,-0.1424,239.08334,2013-09-08T00:00:00Z,SVP
118513,2015-01-23T18:00:00Z,-37.09489,-51.60091,-0.6154,-0.191,253.20834,2013-09-08T00:00:00Z,SVP
118513,2015-01-23T19:00:00Z,-37.09934,-51.62248,-0.6567,-0.1861,253.20834,2013-09-08T00:00:00Z,SVP
118513,2015-01-23T20:00:00Z,-37.112,-51.65018,-0.6713,-0.4354,168.75,2013-09-08T00:00:00Z,SVP
118513,2015-01-23T21:00:00Z,-37.12712,-51.67398,-0.5369,-0.5113,186.29166,2013-09-08T00:00:00Z,SVP
118513,2015-01-23T22:00:00Z,-37.14328,-51.69626,-0.5366,-0.5148,186.29166,2013-09-08T00:00:00Z,SVP
118513,2015-01-23T23:00:00Z,-37.15979,-51.71524,-0.4426,-0.4601,217.95833,2013-09-08T00:00:00Z,SVP
118513,2015-01-24T00:00:00Z,-37.17418,-51.733,-0.4128,-0.4854,119.54167,2013-09-08T00:00:00Z,SVP
118513,2015-01-24T01:00:00Z,-37.19218,-51.74803,-0.3071,-0.602,112.5,2013-09-08T00:00:00Z,SVP
118513,2015-01-24T02:00:00Z,-37.21211,-51.7538,-0.1233,-0.6193,154.66667,2013-09-08T00:00:00Z,SVP
118513,2015-01-24T03:00:00Z,-37.23063,-51.75724,-0.0022,-0.4795,109.041664,2013-09-08T00:00:00Z,SVP
118513,2015-01-24T04:00:00Z,-37.24626,-51.75774,0.0166,-0.4146,495.75,2013-09-08T00:00:00Z,SVP
118513,2015-01-24T05:00:00Z,-37.25983,-51.75679,0.0145,-0.4126,495.75,2013-09-08T00:00:00Z,SVP
118513,2015-01-24T06:00:00Z,-37.27404,-51.75618,0.0144,-0.4071,495.75,2013-09-08T00:00:00Z,SVP
118513,2015-01-24T07:00:00Z,-37.28488,-51.75601,0.0116,-0.1833,161.70833,2013-09-08T00:00:00Z,SVP
118513,2015-01-24T08:00:00Z,-37.29001,-51.75659,-0.0382,-0.1358,94.958336,2013-09-08T00:00:00Z,SVP
118513,2015-01-24T09:00:00Z,-37.29393,-51.76046,-0.1228,-0.1277,140.70834,2013-09-08T00:00:00Z,SVP
118513,2015-01-24T10:00:00Z,-37.29878,-51.76789,-0.1844,-0.1456,279.45834,2013-09-08T00:00:00Z,SVP
118513,2015-01-24T11:00:00Z,-37.30392,-51.77488,-0.1837,-0.1459,279.45834,2013-09-08T00:00:00Z,SVP
118513,2015-01-24T12:00:00Z,-37.30934,-51.79267,-0.2946,-0.185,163.5,2013-09-08T00:00:00Z,SVP
118513,2015-01-24T13:00:00Z,-37.32098,-51.79698,-0.3185,-0.4805,130.04166,2013-09-08T00:00:00Z,SVP
118513,2015-01-24T14:00:00Z,-37.3363,-51.8106,-0.3563,-0.4344,126.58333,2013-09-08T00:00:00Z,SVP
118513,2015-01-24T15:00:00Z,-37.35386,-51.82199,-0.2744,-0.5594,172.20833,2013-09-08T00:00:00Z,SVP
118513,2015-01-24T16:00:00Z,-37.36674,-51.82801,-0.2377,-0.7298,239.08334,2013-09-08T00:00:00Z,SVP
118513,2015-01-24T17:00:00Z,-37.39272,-51.84475,-0.2138,-0.6778,239.08334,2013-09-08T00:00:00Z,SVP
118513,2015-01-24T18:00:00Z,-37.41401,-51.8499,-0.0408,-0.6696,249.58333,2013-09-08T00:00:00Z,SVP
118513,2015-01-24T19:00:00Z,-37.43578,-51.85284,-0.0474,-0.6654,249.58333,2013-09-08T00:00:00Z,SVP
118513,2015-01-24T20:00:00Z,-37.456,-51.84583,0.0988,-0.6542,77.41667,2013-09-08T00:00:00Z,SVP
118513,2015-01-24T21:00:00Z,-37.47788,-51.8441,0.0884,-0.6922,186.29166,2013-09-08T00:00:00Z,SVP
118513,2015-01-24T22:00:00Z,-37.49991,-51.84093,0.1224,-0.6548,52.791668,2013-09-08T00:00:00Z,SVP
118513,2015-01-24T23:00:00Z,-37.51874,-51.8359,0.1002,-0.5623,182.83333,2013-09-08T00:00:00Z,SVP
118513,2015-01-25T00:00:00Z,-37.53578,-51.83178,0.1192,-0.5077,172.20833,2013-09-08T00:00:00Z,SVP
118513,2015-01-25T01:00:00Z,-37.55057,-51.8269,0.1175,-0.4245,123.166664,2013-09-08T00:00:00Z,SVP
118513,2015-01-25T02:00:00Z,-37.56347,-51.82183,0.1273,-0.3956,147.58333,2013-09-08T00:00:00Z,SVP
118513,2015-01-25T03:00:00Z,-37.57481,-51.8159,0.162,-0.3178,56.25,2013-09-08T00:00:00Z,SVP
118513,2015-01-25T04:00:00Z,-37.58508,-51.81024,0.121,-0.3143,239.08334,2013-09-08T00:00:00Z,SVP
118513,2015-01-25T05:00:00Z,-37.59518,-51.80403,0.0277,-0.3333,225.0,2013-09-08T00:00:00Z,SVP
118513,2015-01-25T06:00:00Z,-37.60594,-51.80383,0.0383,-0.3335,225.0,2013-09-08T00:00:00Z,SVP
118513,2015-01-25T07:00:00Z,-37.61639,-51.80241,0.0213,-0.3148,133.66667,2013-09-08T00:00:00Z,SVP
118513,2015-01-25T08:00:00Z,-37.62581,-51.80061,0.0477,-0.2898,133.66667,2013-09-08T00:00:00Z,SVP
118513,2015-01-25T09:00:00Z,-37.63511,-51.79859,0.0487,-0.2852,246.16667,2013-09-08T00:00:00Z,SVP
118513,2015-01-25T10:00:00Z,-37.64399,-51.79616,0.0487,-0.2852,246.16667,2013-09-08T00:00:00Z,SVP
118513,2015-01-25T11:00:00Z,-37.65471,-51.79504,0.0459,-0.3873,133.66667,2013-09-08T00:00:00Z,SVP
118513,2015-01-25T12:00:00Z,-37.66434,-51.79041,0.1519,-0.2549,98.416664,2013-09-08T00:00:00Z,SVP
118513,2015-01-25T13:00:00Z,-37.67266,-51.78344,0.2152,-0.2032,133.66667,2013-09-08T00:00:00Z,SVP
118513,2015-01-25T14:00:00Z,-37.67991,-51.77152,0.374,-0.2775,130.04166,2013-09-08T00:00:00Z,SVP
118513,2015-01-25T15:00:00Z,-37.6891,-51.75598,0.4012,-0.2718,442.95834,2013-09-08T00:00:00Z,SVP
118513,2015-01-25T16:00:00Z,-37.69803,-51.73959,0.4016,-0.2712,442.95834,2013-09-08T00:00:00Z,SVP
118513,2015-01-25T17:00:00Z,-37.70692,-51.7235,0.4045,-0.2706,442.95834,2013-09-08T00:00:00Z,SVP
118513,2015-01-25T18:00:00Z,-37.71479,-51.70594,0.4405,-0.2456,246.16667,2013-09-08T00:00:00Z,SVP
118513,2015-01-25T19:00:00Z,-37.72152,-51.68781,0.4575,-0.0301,116.083336,2013-09-08T00:00:00Z,SVP
118513,2015-01-25T20:00:00Z,-37.72095,-51.66867,0.4606,0.0275,123.0,2013-09-08T00:00:00Z,SVP
118513,2015-01-25T21:00:00Z,-37.71971,-51.64847,0.4946,0.0353,175.79167,2013-09-08T00:00:00Z,SVP
118513,2015-01-25T22:00:00Z,-37.71745,-51.62697,0.5534,0.1229,84.458336,2013-09-08T00:00:00Z,SVP
118513,2015-01-25T23:00:00Z,-37.71022,-51.61298,0.0946,0.3172,56.25,2013-09-08T00:00:00Z,SVP
118513,2015-01-26T00:00:00Z,-37.69906,-51.61026,0.1706,0.3268,0.0,2013-09-08T00:00:00Z,SVP
118513,2015-01-26T01:00:00Z,-37.68816,-51.60172,0.2262,0.3894,144.16667,2013-09-08T00:00:00Z,SVP
118513,2015-01-26T02:00:00Z,-37.67534,-51.59309,0.1555,0.4224,108.91667,2013-09-08T00:00:00Z,SVP
118513,2015-01-26T03:00:00Z,-37.66277,-51.59376,-0.0838,0.332,73.791664,2013-09-08T00:00:00Z,SVP
118513,2015-01-26T04:00:00Z,-37.65321,-51.59552,-0.0496,0.2769,253.20834,2013-09-08T00:00:00Z,SVP
118513,2015-01-26T05:00:00Z,-37.64427,-51.59845,-0.0036,0.2493,228.58334,2013-09-08T00:00:00Z,SVP
118513,2015-01-26T06:00:00Z,-37.63637,-51.59771,-0.0093,0.2485,228.58334,2013-09-08T00:00:00Z,SVP
118513,2015-01-26T07:00:00Z,-37.63144,-51.59819,-0.0076,0.0312,168.75,2013-09-08T00:00:00Z,SVP
118513,2015-01-26T08:00:00Z,-37.6309,-51.59806,-0.0304,0.0248,80.83333,2013-09-08T00:00:00Z,SVP
118513,2015-01-26T09:00:00Z,-37.62813,-51.60571,-0.2268,0.1049,165.29167,2013-09-08T00:00:00Z,SVP
118513,2015-01-26T10:00:00Z,-37.62602,-51.61187,-0.1459,0.0609,73.791664,2013-09-08T00:00:00Z,SVP
118513,2015-01-26T11:00:00Z,-37.62665,-51.6053,-0.0354,-0.0143,253.20834,2013-09-08T00:00:00Z,SVP
118513,2015-01-26T12:00:00Z,-37.62756,-51.61256,0.0421,-0.0057,253.20834,2013-09-08T00:00:00Z,SVP
118513,2015-01-26T13:00:00Z,-37.62674,-51.60622,-0.0316,0.0058,126.58333,2013-09-08T00:00:00Z,SVP
118513,2015-01-26T14:00:00Z,-37.62985,-51.60907,-1.0E-4,-0.0772,464.08337,2013-09-08T00:00:00Z,SVP
118513,2015-01-26T15:00:00Z,-37.63192,-51.60787,-0.0022,-0.0754,464.08337,2013-09-08T00:00:00Z,SVP
118513,2015-01-26T16:00:00Z,-37.63443,-51.60773,-0.0023,-0.0751,464.08337,2013-09-08T00:00:00Z,SVP
118513,2015-01-26T17:00:00Z,-37.63714,-51.60767,0.0433,-0.0272,249.58333,2013-09-08T00:00:00Z,SVP
118513,2015-01-26T18:00:00Z,-37.63688,-51.6046,0.0592,-0.0236,249.58333,2013-09-08T00:00:00Z,SVP
118513,2015-01-26T19:00:00Z,-37.63722,-51.59722,0.1383,-0.0021,112.5,2013-09-08T00:00:00Z,SVP
118513,2015-01-26T20:00:00Z,-37.63768,-51.59301,-0.0366,-0.0275,123.0,2013-09-08T00:00:00Z,SVP
118513,2015-01-26T21:00:00Z,-37.63811,-51.59103,0.2362,0.0136,172.20833,2013-09-08T00:00:00Z,SVP
118513,2015-01-26T22:00:00Z,-37.63757,-51.57923,-0.0155,0.0253,100.20833,2013-09-08T00:00:00Z,SVP
118513,2015-01-26T23:00:00Z,-37.63695,-51.57979,-0.0479,0.0099,279.45834,2013-09-08T00:00:00Z,SVP
118513,2015-01-27T00:00:00Z,-37.63638,-51.58234,-0.0478,0.0095,279.45834,2013-09-08T00:00:00Z,SVP
118513,2015-01-27T01:00:00Z,-37.63676,-51.5842,-0.0497,-0.0257,256.66666,2013-09-08T00:00:00Z,SVP
118513,2015-01-27T02:00:00Z,-37.63775,-51.58554,-0.0503,-0.0267,256.66666,2013-09-08T00:00:00Z,SVP
118513,2015-01-27T03:00:00Z,-37.63972,-51.58911,-0.0874,-0.0673,147.58333,2013-09-08T00:00:00Z,SVP
118513,2015-01-27T04:00:00Z,-37.64359,-51.59385,-0.1193,-0.1457,210.91667,2013-09-08T00:00:00Z,SVP
118513,2015-01-27T05:00:00Z,-37.64949,-51.59431,0.1323,-0.2576,232.04169,2013-09-08T00:00:00Z,SVP
118513,2015-01-27T06:00:00Z,-37.65802,-51.5879,0.1192,-0.2626,232.04169,2013-09-08T00:00:00Z,SVP
118513,2015-01-27T07:00:00Z,-37.66719,-51.58407,0.1189,-0.2888,239.08334,2013-09-08T00:00:00Z,SVP
118513,2015-01-27T08:00:00Z,-37.67541,-51.58107,0.0487,-0.2417,56.25,2013-09-08T00:00:00Z,SVP
118513,2015-01-27T09:00:00Z,-37.68291,-51.58089,-0.02,-0.2123,182.83333,2013-09-08T00:00:00Z,SVP
118513,2015-01-27T10:00:00Z,-37.69066,-51.57872,0.1551,-0.2421,200.41666,2013-09-08T00:00:00Z,SVP
118513,2015-01-27T11:00:00Z,-37.6989,-51.57248,0.1641,-0.2401,200.41666,2013-09-08T00:00:00Z,SVP
118513,2015-01-27T12:00:00Z,-37.70465,-51.5632,0.2344,-0.1717,130.04166,2013-09-08T00:00:00Z,SVP
118513,2015-01-27T13:00:00Z,-37.71014,-51.5538,0.232,-0.1154,105.458336,2013-09-08T00:00:00Z,SVP
118513,2015-01-27T14:00:00Z,-37.71407,-51.54429,0.2263,-0.098,502.79166,2013-09-08T00:00:00Z,SVP
118513,2015-01-27T15:00:00Z,-37.71716,-51.53507,0.2262,-0.0979,502.79166,2013-09-08T00:00:00Z,SVP
118513,2015-01-27T16:00:00Z,-37.72026,-51.52575,0.2261,-0.098,502.79166,2013-09-08T00:00:00Z,SVP
118513,2015-01-27T17:00:00Z,-37.72351,-51.51674,0.2122,-0.1013,249.58333,2013-09-08T00:00:00Z,SVP
118513,2015-01-27T18:00:00Z,-37.72711,-51.50879,0.2074,-0.1031,249.58333,2013-09-08T00:00:00Z,SVP
118513,2015-01-27T19:00:00Z,-37.73031,-51.50539,0.314,-0.0196,214.5,2013-09-08T00:00:00Z,SVP
118513,2015-01-27T20:00:00Z,-37.73141,-51.49362,0.3474,-0.0135,214.5,2013-09-08T00:00:00Z,SVP
118513,2015-01-27T21:00:00Z,-37.73105,-51.47901,0.3789,0.0573,228.45833,2013-09-08T00:00:00Z,SVP
118513,2015-01-27T22:00:00Z,-37.72954,-51.46454,0.0628,0.0691,348.0,2013-09-08T00:00:00Z,SVP
118513,2015-01-27T23:00:00Z,-37.72703,-51.4623,0.0614,0.0699,348.0,2013-09-08T00:00:00Z,SVP
118513,2015-01-28T00:00:00Z,-37.72449,-51.45939,0.0587,0.0702,348.0,2013-09-08T00:00:00Z,SVP
118513,2015-01-28T01:00:00Z,-37.72284,-51.45979,0.4594,0.0472,112.5,2013-09-08T00:00:00Z,SVP
118513,2015-01-28T02:00:00Z,-37.72078,-51.43926,0.3658,0.0255,144.16667,2013-09-08T00:00:00Z,SVP
118513,2015-01-28T03:00:00Z,-37.71973,-51.4296,0.2079,0.0483,119.54167,2013-09-08T00:00:00Z,SVP
118513,2015-01-28T04:00:00Z,-37.71765,-51.42346,0.5303,0.0856,105.458336,2013-09-08T00:00:00Z,SVP
118513,2015-01-28T05:00:00Z,-37.71475,-51.40282,0.5075,0.0932,256.66666,2013-09-08T00:00:00Z,SVP
118513,2015-01-28T06:00:00Z,-37.71162,-51.38383,0.4096,0.3226,256.66666,2013-09-08T00:00:00Z,SVP
118513,2015-01-28T07:00:00Z,-37.6969,-51.3692,0.4093,0.2498,256.66666,2013-09-08T00:00:00Z,SVP
118513,2015-01-28T08:00:00Z,-37.68928,-51.3531,0.3814,0.3243,172.20833,2013-09-08T00:00:00Z,SVP
118513,2015-01-28T09:00:00Z,-37.67839,-51.33709,0.4179,0.5379,59.833332,2013-09-08T00:00:00Z,SVP
118513,2015-01-28T10:00:00Z,-37.6593,-51.32079,0.373,0.6166,200.41666,2013-09-08T00:00:00Z,SVP
118513,2015-01-28T11:00:00Z,-37.63929,-51.3098,0.153,0.64,147.58333,2013-09-08T00:00:00Z,SVP
118513,2015-01-28T12:00:00Z,-37.61902,-51.29851,0.2673,0.6356,84.458336,2013-09-08T00:00:00Z,SVP
118513,2015-01-28T13:00:00Z,-37.59064,-51.30607,-0.3348,0.7784,116.083336,2013-09-08T00:00:00Z,SVP
118513,2015-01-28T14:00:00Z,-37.56655,-51.31857,-0.3166,0.7069,513.2917,2013-09-08T00:00:00Z,SVP
118513,2015-01-28T15:00:00Z,-37.54346,-51.33171,-0.3164,0.7072,513.2917,2013-09-08T00:00:00Z,SVP
118513,2015-01-28T16:00:00Z,-37.51969,-51.34554,-0.3175,0.7103,513.2917,2013-09-08T00:00:00Z,SVP
118513,2015-01-28T17:00:00Z,-37.49802,-51.36019,-0.3349,0.5249,260.0833,2013-09-08T00:00:00Z,SVP
118513,2015-01-28T18:00:00Z,-37.48087,-51.36711,-0.2908,0.5211,260.0833,2013-09-08T00:00:00Z,SVP
118513,2015-01-28T19:00:00Z,-37.46397,-51.38042,-0.2918,0.5226,242.54167,2013-09-08T00:00:00Z,SVP
118513,2015-01-28T20:00:00Z,-37.44794,-51.40383,-0.185,0.5596,249.58333,2013-09-08T00:00:00Z,SVP
118513,2015-01-28T21:00:00Z,-37.42872,-51.40371,-0.2761,0.5598,249.58333,2013-09-08T00:00:00Z,SVP
118513,2015-01-28T22:00:00Z,-37.41142,-51.41546,-0.2386,0.5317,246.16667,2013-09-08T00:00:00Z,SVP
118513,2015-01-28T23:00:00Z,-37.39476,-51.42706,-0.2034,0.5209,246.16667,2013-09-08T00:00:00Z,SVP
118513,2015-01-29T00:00:00Z,-37.38347,-51.43509,-0.1627,0.4007,123.0,2013-09-08T00:00:00Z,SVP
118513,2015-01-29T01:00:00Z,-37.36905,-51.44056,-0.1102,0.4799,112.5,2013-09-08T00:00:00Z,SVP
118513,2015-01-29T02:00:00Z,-37.35461,-51.44516,-0.1043,0.4244,158.25,2013-09-08T00:00:00Z,SVP
118513,2015-01-29T03:00:00Z,-37.34186,-51.45087,-0.2094,0.4029,98.416664,2013-09-08T00:00:00Z,SVP
118513,2015-01-29T04:00:00Z,-37.32661,-51.45933,-0.1744,0.5259,147.58333,2013-09-08T00:00:00Z,SVP
118513,2015-01-29T05:00:00Z,-37.30706,-51.45829,0.0063,0.6711,235.50002,2013-09-08T00:00:00Z,SVP
118513,2015-01-29T06:00:00Z,-37.28685,-51.4568,-0.052,0.7442,232.04169,2013-09-08T00:00:00Z,SVP
118513,2015-01-29T07:00:00Z,-37.26078,-51.45994,-0.0322,0.706,232.04169,2013-09-08T00:00:00Z,SVP
118513,2015-01-29T08:00:00Z,-37.23649,-51.46155,-0.0576,0.8016,147.58333,2013-09-08T00:00:00Z,SVP
118513,2015-01-29T09:00:00Z,-37.20596,-51.46064,-0.0461,0.9562,340.95834,2013-09-08T00:00:00Z,SVP
118513,2015-01-29T10:00:00Z,-37.17572,-51.46335,-0.0466,0.9532,340.95834,2013-09-08T00:00:00Z,SVP
118513,2015-01-29T11:00:00Z,-37.14447,-51.4649,-0.0505,0.9505,340.95834,2013-09-08T00:00:00Z,SVP
118513,2015-01-29T12:00:00Z,-37.11854,-51.47075,-0.1494,0.843,73.791664,2013-09-08T00:00:00Z,SVP
118513,2015-01-29T13:00:00Z,-37.08934,-51.47797,-0.2424,0.9235,123.0,2013-09-08T00:00:00Z,SVP
118513,2015-01-29T14:00:00Z,-37.06037,-51.48992,-0.3181,0.8579,116.083336,2013-09-08T00:00:00Z,SVP
118513,2015-01-29T15:00:00Z,-37.03314,-51.50288,-0.2763,0.804,291.75003,2013-09-08T00:00:00Z,SVP
118513,2015-01-29T16:00:00Z,-37.00673,-51.5142,-0.2731,0.8026,291.75003,2013-09-08T00:00:00Z,SVP
118513,2015-01-29T17:00:00Z,-36.9818,-51.52547,-0.2499,0.7215,249.58333,2013-09-08T00:00:00Z,SVP
118513,2015-01-29T18:00:00Z,-36.95773,-51.53468,-0.2471,0.7167,249.58333,2013-09-08T00:00:00Z,SVP
118513,2015-01-29T19:00:00Z,-36.93894,-51.55836,-0.4034,0.6059,230.25,2013-09-08T00:00:00Z,SVP
118513,2015-01-29T20:00:00Z,-36.91957,-51.57508,-0.3643,0.5711,226.79166,2013-09-08T00:00:00Z,SVP
118513,2015-01-29T21:00:00Z,-36.90107,-51.58947,-0.359,0.5714,226.79166,2013-09-08T00:00:00Z,SVP
118513,2015-01-29T22:00:00Z,-36.88282,-51.60047,-0.2851,0.5662,242.54167,2013-09-08T00:00:00Z,SVP
118513,2015-01-29T23:00:00Z,-36.86503,-51.61128,-0.2513,0.5371,105.458336,2013-09-08T00:00:00Z,SVP
118513,2015-01-30T00:00:00Z,-36.84721,-51.62176,-0.2846,0.5687,140.70834,2013-09-08T00:00:00Z,SVP
118513,2015-01-30T01:00:00Z,-36.82722,-51.63186,-0.1913,0.6479,112.5,2013-09-08T00:00:00Z,SVP
118513,2015-01-30T02:00:00Z,-36.8066,-51.63715,-0.1508,0.646,147.58333,2013-09-08T00:00:00Z,SVP
118513,2015-01-30T03:00:00Z,-36.78648,-51.65559,-0.4767,0.6051,144.16667,2013-09-08T00:00:00Z,SVP
118513,2015-01-30T04:00:00Z,-36.76548,-51.67529,-0.3798,0.5122,256.66666,2013-09-08T00:00:00Z,SVP
118513,2015-01-30T05:00:00Z,-36.74914,-51.69075,-0.3781,0.5107,256.66666,2013-09-08T00:00:00Z,SVP
118513,2015-01-30T06:00:00Z,-36.73213,-51.70449,-0.3214,0.5034,196.95833,2013-09-08T00:00:00Z,SVP
118513,2015-01-30T07:00:00Z,-36.71529,-51.71679,-0.2864,0.5878,59.708332,2013-09-08T00:00:00Z,SVP
118513,2015-01-30T08:00:00Z,-36.69693,-51.7302,-0.3934,0.5601,210.91667,2013-09-08T00:00:00Z,SVP
118513,2015-01-30T09:00:00Z,-36.68104,-51.7473,-0.4738,0.3321,109.041664,2013-09-08T00:00:00Z,SVP
118513,2015-01-30T10:00:00Z,-36.66958,-51.76345,-0.3481,0.3718,115.958336,2013-09-08T00:00:00Z,SVP
118513,2015-01-30T11:00:00Z,-36.65202,-51.77528,-0.478,0.5369,107.25,2013-09-08T00:00:00Z,SVP
118513,2015-01-30T12:00:00Z,-36.63574,-51.79744,-0.3881,0.4043,242.54167,2013-09-08T00:00:00Z,SVP
118513,2015-01-30T13:00:00Z,-36.62322,-51.81263,-0.3882,0.4041,242.54167,2013-09-08T00:00:00Z,SVP
118513,2015-01-30T14:00:00Z,-36.61071,-51.82746,-0.3582,0.3628,130.04166,2013-09-08T00:00:00Z,SVP
118513,2015-01-30T15:00:00Z,-36.60161,-51.84336,-0.393,0.2876,309.45834,2013-09-08T00:00:00Z,SVP
118513,2015-01-30T16:00:00Z,-36.59287,-51.85812,-0.3853,0.2861,309.45834,2013-09-08T00:00:00Z,SVP
118513,2015-01-30T17:00:00Z,-36.58233,-51.87875,-0.4626,0.2963,256.66666,2013-09-08T00:00:00Z,SVP
118513,2015-01-30T18:00:00Z,-36.57331,-51.89685,-0.4977,0.317,154.66667,2013-09-08T00:00:00Z,SVP
118513,2015-01-30T19:00:00Z,-36.56189,-51.9186,-0.4634,0.261,87.91667,2013-09-08T00:00:00Z,SVP
118513,2015-01-30T20:00:00Z,-36.55392,-51.93618,-0.4857,0.2603,158.25,2013-09-08T00:00:00Z,SVP
118513,2015-01-30T21:00:00Z,-36.54631,-51.95631,-0.5211,0.2054,102.0,2013-09-08T00:00:00Z,SVP
118513,2015-01-30T22:00:00Z,-36.5432,-51.97898,-0.6018,0.0354,182.83333,2013-09-08T00:00:00Z,SVP
118513,2015-01-30T23:00:00Z,-36.54216,-52.00535,-0.6894,-0.0024,217.95833,2013-09-08T00:00:00Z,SVP
118513,2015-01-31T00:00:00Z,-36.54275,-52.03485,-0.6537,0.0061,115.958336,2013-09-08T00:00:00Z,SVP
118513,2015-01-31T01:00:00Z,-36.54178,-52.05505,-0.3588,0.0289,161.70833,2013-09-08T00:00:00Z,SVP
118513,2015-01-31T02:00:00Z,-36.54169,-52.06937,-0.4441,-0.0059,94.958336,2013-09-08T00:00:00Z,SVP
118513,2015-01-31T03:00:00Z,-36.54204,-52.08675,-0.5191,-0.0876,179.41666,2013-09-08T00:00:00Z,SVP
118513,2015-01-31T04:00:00Z,-36.54455,-52.10727,-0.4368,-0.1264,267.16666,2013-09-08T00:00:00Z,SVP
118513,2015-01-31T05:00:00Z,-36.54942,-52.12376,-0.4315,-0.1301,267.16666,2013-09-08T00:00:00Z,SVP
118513,2015-01-31T06:00:00Z,-36.5529,-52.14565,-0.6027,-0.1204,147.58333,2013-09-08T00:00:00Z,SVP
118513,2015-01-31T07:00:00Z,-36.55696,-52.17057,-0.4172,-0.1892,186.29166,2013-09-08T00:00:00Z,SVP
118513,2015-01-31T08:00:00Z,-36.56236,-52.18827,-0.4125,-0.1922,186.29166,2013-09-08T00:00:00Z,SVP
118513,2015-01-31T09:00:00Z,-36.56915,-52.20374,-0.4653,-0.1977,145.95833,2013-09-08T00:00:00Z,SVP
118513,2015-01-31T10:00:00Z,-36.57562,-52.22448,-0.3484,-0.2188,116.083336,2013-09-08T00:00:00Z,SVP
118513,2015-01-31T11:00:00Z,-36.58348,-52.23858,-0.3394,-0.2708,137.08333,2013-09-08T00:00:00Z,SVP
118513,2015-01-31T12:00:00Z,-36.59259,-52.2699,-0.6715,-0.2868,112.5,2013-09-08T00:00:00Z,SVP
118513,2015-01-31T13:00:00Z,-36.60283,-52.27869,-0.5272,-0.3299,133.66667,2013-09-08T00:00:00Z,SVP
118513,2015-01-31T14:00:00Z,-36.61351,-52.30143,-0.5437,-0.3546,355.0417,2013-09-08T00:00:00Z,SVP
118513,2015-01-31T15:00:00Z,-36.62499,-52.32234,-0.5372,-0.3554,355.0417,2013-09-08T00:00:00Z,SVP
118513,2015-01-31T16:00:00Z,-36.63583,-52.34306,-0.5338,-0.3508,355.0417,2013-09-08T00:00:00Z,SVP
118513,2015-01-31T17:00:00Z,-36.65355,-52.36583,-0.5362,-0.5564,225.0,2013-09-08T00:00:00Z,SVP
118513,2015-01-31T18:00:00Z,-36.67161,-52.38784,-0.5188,-0.5534,249.58333,2013-09-08T00:00:00Z,SVP
118513,2015-01-31T19:00:00Z,-36.6893,-52.40835,-0.5217,-0.5538,249.58333,2013-09-08T00:00:00Z,SVP
118513,2015-01-31T20:00:00Z,-36.7066,-52.42794,-0.4348,-0.5168,112.5,2013-09-08T00:00:00Z,SVP
118513,2015-01-31T21:00:00Z,-36.72474,-52.43939,-0.268,-0.5856,112.5,2013-09-08T00:00:00Z,SVP
118513,2015-01-31T22:00:00Z,-36.74283,-52.4531,-0.4397,-0.5021,52.791668,2013-09-08T00:00:00Z,SVP
118513,2015-01-31T23:00:00Z,-36.75936,-52.47433,-0.615,-0.5574,263.7083,2013-09-08T00:00:00Z,SVP
118513,2015-02-01T00:00:00Z,-36.77723,-52.49899,-0.6167,-0.5583,263.7083,2013-09-08T00:00:00Z,SVP
118513,2015-02-01T01:00:00Z,-36.7957,-52.52448,-0.6335,-0.5725,154.66667,2013-09-08T00:00:00Z,SVP
118513,2015-02-01T02:00:00Z,-36.81481,-52.53029,-0.2675,-0.6118,102.0,2013-09-08T00:00:00Z,SVP
118513,2015-02-01T03:00:00Z,-36.83456,-52.53951,-0.1921,-0.5755,140.70834,2013-09-08T00:00:00Z,SVP
118513,2015-02-01T04:00:00Z,-36.85225,-52.56277,-0.3288,-0.643,246.16667,2013-09-08T00:00:00Z,SVP
118513,2015-02-01T05:00:00Z,-36.87408,-52.56651,-0.3541,-0.6321,246.16667,2013-09-08T00:00:00Z,SVP
118513,2015-02-01T06:00:00Z,-36.89445,-52.58354,-0.4283,-0.6652,239.08334,2013-09-08T00:00:00Z,SVP
118513,2015-02-01T07:00:00Z,-36.91558,-52.60323,-0.2688,-0.6527,116.083336,2013-09-08T00:00:00Z,SVP
118513,2015-02-01T08:00:00Z,-36.93648,-52.61328,-0.2256,-0.6084,108.91667,2013-09-08T00:00:00Z,SVP
118513,2015-02-01T09:00:00Z,-36.95539,-52.62225,-0.2197,-0.5626,147.58333,2013-09-08T00:00:00Z,SVP
118513,2015-02-01T10:00:00Z,-36.97257,-52.62689,-0.1602,-0.527,94.958336,2013-09-08T00:00:00Z,SVP
118513,2015-02-01T11:00:00Z,-36.99228,-52.64498,-0.3292,-0.5951,158.25,2013-09-08T00:00:00Z,SVP
118513,2015-02-01T12:00:00Z,-37.0148,-52.65962,-0.3413,-0.7258,147.58333,2013-09-08T00:00:00Z,SVP
118513,2015-02-01T13:00:00Z,-37.03764,-52.67288,-0.3225,-0.6785,123.0,2013-09-08T00:00:00Z,SVP
118513,2015-02-01T14:00:00Z,-37.0599,-52.687,-0.3439,-0.6957,372.5833,2013-09-08T00:00:00Z,SVP
118513,2015-02-01T15:00:00Z,-37.08248,-52.6996,-0.3509,-0.6962,372.5833,2013-09-08T00:00:00Z,SVP
118513,2015-02-01T16:00:00Z,-37.10427,-52.71132,-0.3205,-0.7123,239.08334,2013-09-08T00:00:00Z,SVP
118513,2015-02-01T17:00:00Z,-37.1279,-52.72828,-0.3289,-0.7107,239.08334,2013-09-08T00:00:00Z,SVP
118513,2015-02-01T18:00:00Z,-37.15184,-52.74053,-0.2276,-0.7483,249.58333,2013-09-08T00:00:00Z,SVP
118513,2015-02-01T19:00:00Z,-37.17539,-52.74938,-0.2306,-0.7465,249.58333,2013-09-08T00:00:00Z,SVP
118513,2015-02-01T20:00:00Z,-37.20487,-52.7532,-0.1018,-0.872,144.16667,2013-09-08T00:00:00Z,SVP
118513,2015-02-01T21:00:00Z,-37.23366,-52.76916,0.0968,-0.7846,108.91667,2013-09-08T00:00:00Z,SVP
118513,2015-02-01T22:00:00Z,-37.25804,-52.76215,-0.0668,-0.7304,189.91667,2013-09-08T00:00:00Z,SVP
118513,2015-02-01T23:00:00Z,-37.28192,-52.76856,-0.2446,-0.7299,56.25,2013-09-08T00:00:00Z,SVP
118513,2015-02-02T00:00:00Z,-37.30504,-52.77915,-0.2555,-0.7043,253.20834,2013-09-08T00:00:00Z,SVP
118513,2015-02-02T01:00:00Z,-37.32799,-52.79031,-0.0023,-0.6654,256.66666,2013-09-08T00:00:00Z,SVP
118513,2015-02-02T02:00:00Z,-37.34944,-52.78977,-0.0097,-0.6613,256.66666,2013-09-08T00:00:00Z,SVP
118513,2015-02-02T03:00:00Z,-37.37075,-52.79031,-0.014,-0.6458,115.958336,2013-09-08T00:00:00Z,SVP
118513,2015-02-02T04:00:00Z,-37.39282,-52.78961,0.0167,-0.8153,242.54167,2013-09-08T00:00:00Z,SVP
118513,2015-02-02T05:00:00Z,-37.41927,-52.80772,-0.2111,-0.8191,242.54167,2013-09-08T00:00:00Z,SVP
118513,2015-02-02T06:00:00Z,-37.44671,-52.78504,0.0699,-0.8509,242.54167,2013-09-08T00:00:00Z,SVP
118513,2015-02-02T07:00:00Z,-37.47351,-52.78249,0.2787,-0.7909,87.91667,2013-09-08T00:00:00Z,SVP
118513,2015-02-02T08:00:00Z,-37.49567,-52.7721,0.2413,-0.6728,154.66667,2013-09-08T00:00:00Z,SVP
118513,2015-02-02T09:00:00Z,-37.51828,-52.76162,0.231,-0.702,80.83333,2013-09-08T00:00:00Z,SVP
118513,2015-02-02T10:00:00Z,-37.53944,-52.75382,0.1609,-0.6198,249.58333,2013-09-08T00:00:00Z,SVP
118513,2015-02-02T11:00:00Z,-37.56136,-52.75,0.1364,-0.6419,249.58333,2013-09-08T00:00:00Z,SVP
118513,2015-02-02T12:00:00Z,-37.57683,-52.73899,0.1847,-0.4953,186.29166,2013-09-08T00:00:00Z,SVP
118513,2015-02-02T13:00:00Z,-37.59337,-52.73161,0.2,-0.4929,745.3333,2013-09-08T00:00:00Z,SVP
118513,2015-02-02T14:00:00Z,-37.60948,-52.72416,0.2014,-0.4929,745.3333,2013-09-08T00:00:00Z,SVP
118513,2015-02-02T15:00:00Z,-37.62541,-52.7164,0.2024,-0.493,745.3333,2013-09-08T00:00:00Z,SVP
118513,2015-02-02T16:00:00Z,-37.64122,-52.70859,0.2036,-0.4934,745.3333,2013-09-08T00:00:00Z,SVP
118513,2015-02-02T17:00:00Z,-37.6568,-52.70094,0.2057,-0.4944,745.3333,2013-09-08T00:00:00Z,SVP
118513,2015-02-02T18:00:00Z,-37.67313,-52.69301,0.1877,-0.5057,253.20834,2013-09-08T00:00:00Z,SVP
118513,2015-02-02T19:00:00Z,-37.69023,-52.6829,0.1938,-0.5048,253.20834,2013-09-08T00:00:00Z,SVP
118513,2015-02-02T20:00:00Z,-37.70922,-52.68159,0.0282,-0.6546,175.79167,2013-09-08T00:00:00Z,SVP
118513,2015-02-02T21:00:00Z,-37.73072,-52.67669,0.1551,-0.6886,84.458336,2013-09-08T00:00:00Z,SVP
118513,2015-02-02T22:00:00Z,-37.75283,-52.66668,0.2433,-0.6816,147.58333,2013-09-08T00:00:00Z,SVP
118513,2015-02-02T23:00:00Z,-37.77637,-52.65767,0.1998,-0.7756,270.74997,2013-09-08T00:00:00Z,SVP
118513,2015-02-03T00:00:00Z,-37.80189,-52.64999,0.1967,-0.7764,270.74997,2013-09-08T00:00:00Z,SVP
118513,2015-02-03T01:00:00Z,-37.8265,-52.64025,0.2843,-0.7269,253.20834,2013-09-08T00:00:00Z,SVP
118513,2015-02-03T02:00:00Z,-37.8493,-52.62593,0.2747,-0.7253,253.20834,2013-09-08T00:00:00Z,SVP
118513,2015-02-03T03:00:00Z,-37.87108,-52.61529,0.3087,-0.6555,137.08333,2013-09-08T00:00:00Z,SVP
118513,2015-02-03T04:00:00Z,-37.89112,-52.60106,0.3791,-0.6085,242.54167,2013-09-08T00:00:00Z,SVP
118513,2015-02-03T05:00:00Z,-37.91057,-52.58667,0.4198,-0.6095,242.54167,2013-09-08T00:00:00Z,SVP
118513,2015-02-03T06:00:00Z,-37.93064,-52.56861,0.4164,-0.6085,242.54167,2013-09-08T00:00:00Z,SVP
118513,2015-02-03T07:00:00Z,-37.9488,-52.55172,0.4179,-0.4422,186.29166,2013-09-08T00:00:00Z,SVP
118513,2015-02-03T08:00:00Z,-37.96267,-52.53438,0.4207,-0.4407,186.29166,2013-09-08T00:00:00Z,SVP
118513,2015-02-03T09:00:00Z,-37.97897,-52.52184,0.2129,-0.4576,182.83333,2013-09-08T00:00:00Z,SVP
118513,2015-02-03T10:00:00Z,-37.99092,-52.51285,0.215,-0.4057,182.83333,2013-09-08T00:00:00Z,SVP
118513,2015-02-03T11:00:00Z,-38.00857,-52.50052,0.3224,-0.5449,84.458336,2013-09-08T00:00:00Z,SVP
118513,2015-02-03T12:00:00Z,-38.02529,-52.48979,0.2062,-0.471,112.5,2013-09-08T00:00:00Z,SVP
118513,2015-02-03T13:00:00Z,-38.04038,-52.48096,0.1201,-0.432,144.16667,2013-09-08T00:00:00Z,SVP
118513,2015-02-03T14:00:00Z,-38.05612,-52.47625,0.113,-0.6058,115.958336,2013-09-08T00:00:00Z,SVP
118513,2015-02-03T15:00:00Z,-38.07524,-52.47138,0.1457,-0.6181,407.83334,2013-09-08T00:00:00Z,SVP
118513,2015-02-03T16:00:00Z,-38.0958,-52.46554,0.1462,-0.6201,407.83334,2013-09-08T00:00:00Z,SVP
118513,2015-02-03T17:00:00Z,-38.11675,-52.46026,0.1465,-0.6217,407.83334,2013-09-08T00:00:00Z,SVP
118513,2015-02-03T18:00:00Z,-38.13462,-52.45355,0.1617,-0.5582,274.2083,2013-09-08T00:00:00Z,SVP
118513,2015-02-03T19:00:00Z,-38.15217,-52.44042,0.0157,-0.5593,182.83333,2013-09-08T00:00:00Z,SVP
118513,2015-02-03T20:00:00Z,-38.17092,-52.44271,0.126,-0.5593,182.83333,2013-09-08T00:00:00Z,SVP
118513,2015-02-03T21:00:00Z,-38.18955,-52.43501,0.2637,-0.5674,151.20834,2013-09-08T00:00:00Z,SVP
118513,2015-02-03T22:00:00Z,-38.20804,-52.42352,0.1615,-0.5412,112.5,2013-09-08T00:00:00Z,SVP
118513,2015-02-03T23:00:00Z,-38.2251,-52.42233,-0.0074,-0.5308,133.66667,2013-09-08T00:00:00Z,SVP
118513,2015-02-04T00:00:00Z,-38.24273,-52.42317,-0.0463,-0.578,123.0,2013-09-08T00:00:00Z,SVP
118513,2015-02-04T01:00:00Z,-38.26162,-52.42528,-0.0368,-0.5553,130.04166,2013-09-08T00:00:00Z,SVP
118513,2015-02-04T02:00:00Z,-38.27765,-52.41857,0.0982,-0.5461,144.16667,2013-09-08T00:00:00Z,SVP
118513,2015-02-04T03:00:00Z,-38.29549,-52.41672,-0.0633,-0.5075,56.25,2013-09-08T00:00:00Z,SVP
118513,2015-02-04T04:00:00Z,-38.3131,-52.41827,-0.0331,-0.5349,246.16667,2013-09-08T00:00:00Z,SVP
118513,2015-02-04T05:00:00Z,-38.32989,-52.42033,0.0489,-0.5783,242.54167,2013-09-08T00:00:00Z,SVP
118513,2015-02-04T06:00:00Z,-38.34912,-52.41854,0.0638,-0.5763,242.54167,2013-09-08T00:00:00Z,SVP
118513,2015-02-04T07:00:00Z,-38.36725,-52.41404,0.1206,-0.5663,239.08334,2013-09-08T00:00:00Z,SVP
118513,2015-02-04T08:00:00Z,-38.38529,-52.4087,0.1156,-0.528,73.791664,2013-09-08T00:00:00Z,SVP
118513,2015-02-04T09:00:00Z,-38.4007,-52.41146,-0.1005,-0.463,168.75,2013-09-08T00:00:00Z,SVP
118513,2015-02-04T10:00:00Z,-38.41635,-52.41368,-0.0622,-0.4883,98.416664,2013-09-08T00:00:00Z,SVP
118513,2015-02-04T11:00:00Z,-38.43109,-52.40247,0.0442,-0.3561,126.58333,2013-09-08T00:00:00Z,SVP
118513,2015-02-04T12:00:00Z,-38.44424,-52.40276,-0.0383,-0.441,126.58333,2013-09-08T00:00:00Z,SVP
118513,2015-02-04T13:00:00Z,-38.46013,-52.40483,-0.0654,-0.5132,130.04166,2013-09-08T00:00:00Z,SVP
118513,2015-02-04T14:00:00Z,-38.47677,-52.40874,-0.0256,-0.5565,126.58333,2013-09-08T00:00:00Z,SVP
118513,2015-02-04T15:00:00Z,-38.49539,-52.40958,-0.0447,-0.5643,428.8333,2013-09-08T00:00:00Z,SVP
118513,2015-02-04T16:00:00Z,-38.51377,-52.41021,-0.0381,-0.5651,428.8333,2013-09-08T00:00:00Z,SVP
118513,2015-02-04T17:00:00Z,-38.53196,-52.41033,-0.1999,-0.5831,242.54167,2013-09-08T00:00:00Z,SVP
118513,2015-02-04T18:00:00Z,-38.55121,-52.4189,-0.2011,-0.5839,242.54167,2013-09-08T00:00:00Z,SVP
118513,2015-02-04T19:00:00Z,-38.57108,-52.4277,-0.2361,-0.6216,165.16666,2013-09-08T00:00:00Z,SVP
118513,2015-02-04T20:00:00Z,-38.59281,-52.43749,-0.2232,-0.7359,70.333336,2013-09-08T00:00:00Z,SVP
118513,2015-02-04T21:00:00Z,-38.61528,-52.43608,-0.005,-0.6947,172.20833,2013-09-08T00:00:00Z,SVP
118513,2015-02-04T22:00:00Z,-38.63717,-52.43822,-0.0427,-0.7125,418.33334,2013-09-08T00:00:00Z,SVP
118513,2015-02-04T23:00:00Z,-38.66063,-52.43928,-0.0387,-0.7142,418.33334,2013-09-08T00:00:00Z,SVP
118513,2015-02-05T00:00:00Z,-38.68394,-52.44097,-0.0378,-0.7147,418.33334,2013-09-08T00:00:00Z,SVP
118513,2015-02-05T01:00:00Z,-38.7072,-52.44143,-0.0015,-0.7229,256.66666,2013-09-08T00:00:00Z,SVP
118513,2015-02-05T02:00:00Z,-38.73025,-52.43665,0.0246,-0.7209,256.66666,2013-09-08T00:00:00Z,SVP
118513,2015-02-05T03:00:00Z,-38.75262,-52.43833,-0.1246,-0.6055,249.58333,2013-09-08T00:00:00Z,SVP
118513,2015-02-05T04:00:00Z,-38.77135,-52.44323,-0.1232,-0.6081,249.58333,2013-09-08T00:00:00Z,SVP
118513,2015-02-05T05:00:00Z,-38.79109,-52.44778,-0.0724,-0.613,221.54167,2013-09-08T00:00:00Z,SVP
118513,2015-02-05T06:00:00Z,-38.81213,-52.45039,-0.0726,-0.6107,221.54167,2013-09-08T00:00:00Z,SVP
118513,2015-02-05T07:00:00Z,-38.83236,-52.45193,-0.0299,-0.6531,249.58333,2013-09-08T00:00:00Z,SVP
118513,2015-02-05T08:00:00Z,-38.85248,-52.45365,0.1256,-0.7567,242.54167,2013-09-08T00:00:00Z,SVP
118513,2015-02-05T09:00:00Z,-38.87713,-52.44827,0.1278,-0.7624,242.54167,2013-09-08T00:00:00Z,SVP
118513,2015-02-05T10:00:00Z,-38.90141,-52.442,0.1517,-0.7548,168.75,2013-09-08T00:00:00Z,SVP
118513,2015-02-05T11:00:00Z,-38.92158,-52.43703,0.1195,-0.6525,130.04166,2013-09-08T00:00:00Z,SVP
118513,2015-02-05T12:00:00Z,-38.94096,-52.43249,0.1908,-0.4439,0.0,2013-09-08T00:00:00Z,SVP
118513,2015-02-05T13:00:00Z,-38.95399,-52.42403,0.1579,-0.4568,151.20834,2013-09-08T00:00:00Z,SVP
118513,2015-02-05T14:00:00Z,-38.96805,-52.42132,0.0592,-0.4051,460.66666,2013-09-08T00:00:00Z,SVP
118513,2015-02-05T15:00:00Z,-38.98063,-52.41818,0.0624,-0.4044,460.66666,2013-09-08T00:00:00Z,SVP
118513,2015-02-05T16:00:00Z,-38.99318,-52.41059,0.1021,-0.4039,460.66666,2013-09-08T00:00:00Z,SVP
118513,2015-02-05T17:00:00Z,-39.0056,-52.4062,-0.0891,-0.4722,253.20834,2013-09-08T00:00:00Z,SVP
118513,2015-02-05T18:00:00Z,-39.02111,-52.41025,-0.0863,-0.4769,253.20834,2013-09-08T00:00:00Z,SVP
118513,2015-02-05T19:00:00Z,-39.03858,-52.41346,-0.0759,-0.5904,221.41666,2013-09-08T00:00:00Z,SVP
118513,2015-02-05T20:00:00Z,-39.05787,-52.41718,-0.0583,-0.6739,253.20834,2013-09-08T00:00:00Z,SVP
118513,2015-02-05T21:00:00Z,-39.08104,-52.41847,-0.053,-0.6871,253.20834,2013-09-08T00:00:00Z,SVP
118513,2015-02-05T22:00:00Z,-39.10598,-52.41819,0.018,-0.8215,246.16667,2013-09-08T00:00:00Z,SVP
118513,2015-02-05T23:00:00Z,-39.13384,-52.42093,-0.0169,-0.8179,246.16667,2013-09-08T00:00:00Z,SVP
118513,2015-02-06T00:00:00Z,-39.15982,-52.41431,0.0539,-0.8311,168.75,2013-09-08T00:00:00Z,SVP
118513,2015-02-06T01:00:00Z,-39.18776,-52.40989,0.1612,-0.8697,154.66667,2013-09-08T00:00:00Z,SVP
118513,2015-02-06T02:00:00Z,-39.21929,-52.40077,0.2811,-1.0098,121.333336,2013-09-08T00:00:00Z,SVP
118513,2015-02-06T03:00:00Z,-39.2518,-52.3892,0.3197,-1.0557,237.29167,2013-09-08T00:00:00Z,SVP
118513,2015-02-06T04:00:00Z,-39.28551,-52.3765,0.3225,-1.0596,237.29167,2013-09-08T00:00:00Z,SVP
118513,2015-02-06T05:00:00Z,-39.32154,-52.36122,0.3952,-1.158,225.0,2013-09-08T00:00:00Z,SVP
118513,2015-02-06T06:00:00Z,-39.35878,-52.34395,0.4532,-1.1504,210.91667,2013-09-08T00:00:00Z,SVP
118513,2015-02-06T07:00:00Z,-39.39662,-52.32673,0.4404,-1.1515,210.91667,2013-09-08T00:00:00Z,SVP
118513,2015-02-06T08:00:00Z,-39.43102,-52.30513,0.509,-1.0533,246.16667,2013-09-08T00:00:00Z,SVP
118513,2015-02-06T09:00:00Z,-39.4643,-52.2831,0.5245,-0.9699,179.25,2013-09-08T00:00:00Z,SVP
118513,2015-02-06T10:00:00Z,-39.49531,-52.26357,0.4883,-0.9638,179.25,2013-09-08T00:00:00Z,SVP
118513,2015-02-06T11:00:00Z,-39.52571,-52.25208,0.3554,-0.9393,239.08334,2013-09-08T00:00:00Z,SVP
118513,2015-02-06T12:00:00Z,-39.55646,-52.23719,0.3674,-0.9803,140.70834,2013-09-08T00:00:00Z,SVP
118513,2015-02-06T13:00:00Z,-39.58843,-52.22073,0.4047,-0.9755,115.958336,2013-09-08T00:00:00Z,SVP
118513,2015-02-06T14:00:00Z,-39.61977,-52.19887,0.6297,-0.9385,474.58334,2013-09-08T00:00:00Z,SVP
118513,2015-02-06T15:00:00Z,-39.65034,-52.17145,0.6299,-0.9383,474.58334,2013-09-08T00:00:00Z,SVP
118513,2015-02-06T16:00:00Z,-39.6812,-52.14344,0.6232,-0.9381,474.58334,2013-09-08T00:00:00Z,SVP
118513,2015-02-06T17:00:00Z,-39.71093,-52.11667,0.6361,-0.8884,253.20834,2013-09-08T00:00:00Z,SVP
118513,2015-02-06T18:00:00Z,-39.73894,-52.09398,0.6239,-0.8791,253.20834,2013-09-08T00:00:00Z,SVP
118513,2015-02-06T19:00:00Z,-39.75975,-52.06637,0.6184,-0.7055,189.91667,2013-09-08T00:00:00Z,SVP
118513,2015-02-06T20:00:00Z,-39.78344,-52.04109,0.5328,-0.8629,203.83333,2013-09-08T00:00:00Z,SVP
118513,2015-02-06T21:00:00Z,-39.81188,-52.01848,0.5371,-0.8644,203.83333,2013-09-08T00:00:00Z,SVP
118513,2015-02-06T22:00:00Z,-39.8404,-51.99532,0.5613,-0.8716,239.08334,2013-09-08T00:00:00Z,SVP
118513,2015-02-06T23:00:00Z,-39.86698,-51.97128,0.5762,-1.0116,165.29167,2013-09-08T00:00:00Z,SVP
118513,2015-02-07T00:00:00Z,-39.90389,-51.94752,0.5981,-0.8843,140.70834,2013-09-08T00:00:00Z,SVP
118513,2015-02-07T01:00:00Z,-39.93185,-51.92124,0.6551,-0.9007,115.958336,2013-09-08T00:00:00Z,SVP
118513,2015-02-07T02:00:00Z,-39.96201,-51.89248,0.7077,-0.9957,151.20834,2013-09-08T00:00:00Z,SVP
118513,2015-02-07T03:00:00Z,-39.99336,-51.86146,0.9064,-0.9303,109.041664,2013-09-08T00:00:00Z,SVP
118513,2015-02-07T04:00:00Z,-40.02134,-51.82068,1.0565,-0.8438,91.33333,2013-09-08T00:00:00Z,SVP
118513,2015-02-07T05:00:00Z,-40.04894,-51.77573,1.0625,-0.8267,246.16667,2013-09-08T00:00:00Z,SVP
118513,2015-02-07T06:00:00Z,-40.07505,-51.73115,1.0305,-0.8005,186.29166,2013-09-08T00:00:00Z,SVP
118513,2015-02-07T07:00:00Z,-40.09836,-51.6879,1.023,-0.5944,63.291664,2013-09-08T00:00:00Z,SVP
118513,2015-02-07T08:00:00Z,-40.11657,-51.6352,1.3073,-0.5691,182.83333,2013-09-08T00:00:00Z,SVP
118513,2015-02-07T09:00:00Z,-40.13442,-51.57547,1.3477,-0.4066,256.66666,2013-09-08T00:00:00Z,SVP
118513,2015-02-07T10:00:00Z,-40.1479,-51.51957,1.3497,-0.409,256.66666,2013-09-08T00:00:00Z,SVP
118513,2015-02-07T11:00:00Z,-40.16242,-51.46319,1.2758,-0.0896,109.041664,2013-09-08T00:00:00Z,SVP
118513,2015-02-07T12:00:00Z,-40.16464,-51.40888,1.2659,-0.0544,260.0833,2013-09-08T00:00:00Z,SVP
118513,2015-02-07T13:00:00Z,-40.16716,-51.35625,1.2665,-0.0513,260.0833,2013-09-08T00:00:00Z,SVP
118513,2015-02-07T14:00:00Z,-40.16633,-51.2996,1.3291,0.0896,372.5833,2013-09-08T00:00:00Z,SVP
118513,2015-02-07T15:00:00Z,-40.1637,-51.247,1.282,0.0879,372.5833,2013-09-08T00:00:00Z,SVP
118513,2015-02-07T16:00:00Z,-40.16156,-51.19391,1.2777,0.0842,372.5833,2013-09-08T00:00:00Z,SVP
118513,2015-02-07T17:00:00Z,-40.15692,-51.14115,1.2428,0.1361,253.20834,2013-09-08T00:00:00Z,SVP
118513,2015-02-07T18:00:00Z,-40.1507,-51.07201,1.3511,0.1365,253.20834,2013-09-08T00:00:00Z,SVP
118513,2015-02-07T19:00:00Z,-40.14407,-51.05714,1.0283,0.2211,154.66667,2013-09-08T00:00:00Z,SVP
118513,2015-02-07T20:00:00Z,-40.13615,-51.01651,0.934,0.1632,168.75,2013-09-08T00:00:00Z,SVP
118513,2015-02-07T21:00:00Z,-40.13108,-50.98076,0.8805,0.1436,70.333336,2013-09-08T00:00:00Z,SVP
118513,2015-02-07T22:00:00Z,-40.12679,-50.94194,0.7411,0.1218,189.91667,2013-09-08T00:00:00Z,SVP
118513,2015-02-07T23:00:00Z,-40.1221,-50.91005,0.7472,0.1393,172.20833,2013-09-08T00:00:00Z,SVP
118513,2015-02-08T00:00:00Z,-40.11756,-50.87827,0.769,0.1824,133.66667,2013-09-08T00:00:00Z,SVP
118513,2015-02-08T01:00:00Z,-40.10927,-50.84307,0.8465,0.2794,119.54167,2013-09-08T00:00:00Z,SVP
118513,2015-02-08T02:00:00Z,-40.1008,-50.8077,0.848,0.2685,253.20834,2013-09-08T00:00:00Z,SVP
118513,2015-02-08T03:00:00Z,-40.09063,-50.77077,0.8449,0.2658,253.20834,2013-09-08T00:00:00Z,SVP
118513,2015-02-08T04:00:00Z,-40.08516,-50.73691,1.0443,0.0905,140.70834,2013-09-08T00:00:00Z,SVP
118513,2015-02-08T05:00:00Z,-40.0828,-50.69246,0.9977,0.0877,221.54167,2013-09-08T00:00:00Z,SVP
118513,2015-02-08T06:00:00Z,-40.07835,-50.65185,0.9719,0.1378,151.20834,2013-09-08T00:00:00Z,SVP
118513,2015-02-08T07:00:00Z,-40.073,-50.61266,0.905,0.2107,94.958336,2013-09-08T00:00:00Z,SVP
118513,2015-02-08T08:00:00Z,-40.06429,-50.56503,1.099,0.2681,147.58333,2013-09-08T00:00:00Z,SVP
118513,2015-02-08T09:00:00Z,-40.05264,-50.51756,1.1792,0.4441,147.58333,2013-09-08T00:00:00Z,SVP
118513,2015-02-08T10:00:00Z,-40.03754,-50.46844,1.1679,0.4916,200.41666,2013-09-08T00:00:00Z,SVP
118513,2015-02-08T11:00:00Z,-40.02251,-50.41744,1.1812,0.4896,200.41666,2013-09-08T00:00:00Z,SVP
118513,2015-02-08T12:00:00Z,-40.00204,-50.38011,0.9293,0.7229,112.5,2013-09-08T00:00:00Z,SVP
118513,2015-02-08T13:00:00Z,-39.97922,-50.34093,0.8226,0.6563,130.04166,2013-09-08T00:00:00Z,SVP
118513,2015-02-08T14:00:00Z,-39.95768,-50.30596,0.7761,0.6109,397.3333,2013-09-08T00:00:00Z,SVP
118513,2015-02-08T15:00:00Z,-39.9382,-50.27373,0.7763,0.61,397.3333,2013-09-08T00:00:00Z,SVP
118513,2015-02-08T16:00:00Z,-39.91828,-50.24111,0.7764,0.6091,397.3333,2013-09-08T00:00:00Z,SVP
118513,2015-02-08T17:00:00Z,-39.9006,-50.20929,0.7472,0.5479,253.20834,2013-09-08T00:00:00Z,SVP
118513,2015-02-08T18:00:00Z,-39.88471,-50.17954,0.3321,0.1846,242.54167,2013-09-08T00:00:00Z,SVP
118513,2015-02-08T19:00:00Z,-39.87941,-50.179,0.4715,0.199,242.54167,2013-09-08T00:00:00Z,SVP
118513,2015-02-08T20:00:00Z,-39.87297,-50.15599,0.7622,0.1812,130.04166,2013-09-08T00:00:00Z,SVP
118513,2015-02-08T21:00:00Z,-39.86628,-50.11677,0.8817,0.2028,105.458336,2013-09-08T00:00:00Z,SVP
118513,2015-02-08T22:00:00Z,-39.86185,-50.08571,0.8562,0.1295,147.58333,2013-09-08T00:00:00Z,SVP
118513,2015-02-08T23:00:00Z,-39.85835,-50.04734,0.9058,0.1095,193.33334,2013-09-08T00:00:00Z,SVP
118513,2015-02-09T00:00:00Z,-39.85041,-50.00604,0.9957,0.209,126.58333,2013-09-08T00:00:00Z,SVP
118513,2015-02-09T01:00:00Z,-39.84401,-49.96149,1.1985,0.1747,154.66667,2013-09-08T00:00:00Z,SVP
118513,2015-02-09T02:00:00Z,-39.83855,-49.91071,1.2627,0.2542,105.458336,2013-09-08T00:00:00Z,SVP
118513,2015-02-09T03:00:00Z,-39.82999,-49.85632,1.2955,0.2707,172.33334,2013-09-08T00:00:00Z,SVP
118513,2015-02-09T04:00:00Z,-39.8201,-49.80188,1.4376,0.3007,225.0,2013-09-08T00:00:00Z,SVP
118513,2015-02-09T05:00:00Z,-39.81241,-49.73918,1.4319,0.2704,225.0,2013-09-08T00:00:00Z,SVP
118513,2015-02-09T06:00:00Z,-39.79288,-49.67934,1.4414,0.8461,108.91667,2013-09-08T00:00:00Z,SVP
118513,2015-02-09T07:00:00Z,-39.76607,-49.61956,1.4621,0.8007,140.70834,2013-09-08T00:00:00Z,SVP
118513,2015-02-09T08:00:00Z,-39.7412,-49.55283,1.4916,0.8271,133.66667,2013-09-08T00:00:00Z,SVP
118513,2015-02-09T09:00:00Z,-39.71349,-49.49127,1.4113,0.9161,119.54167,2013-09-08T00:00:00Z,SVP
118513,2015-02-09T10:00:00Z,-39.6778,-49.43273,1.3824,1.1133,200.41666,2013-09-08T00:00:00Z,SVP
118513,2015-02-09T11:00:00Z,-39.64172,-49.38413,1.1863,1.1181,140.70834,2013-09-08T00:00:00Z,SVP
118513,2015-02-09T12:00:00Z,-39.60836,-49.33856,0.9425,0.9674,112.5,2013-09-08T00:00:00Z,SVP
118513,2015-02-09T13:00:00Z,-39.57871,-49.30045,0.8674,0.88,126.58333,2013-09-08T00:00:00Z,SVP
118513,2015-02-09T14:00:00Z,-39.55315,-49.271,0.6678,0.7292,130.04166,2013-09-08T00:00:00Z,SVP
118513,2015-02-09T15:00:00Z,-39.53806,-49.21301,1.0912,0.5076,288.2917,2013-09-08T00:00:00Z,SVP
118513,2015-02-09T16:00:00Z,-39.52124,-49.16665,1.0898,0.4936,288.2917,2013-09-08T00:00:00Z,SVP
118513,2015-02-09T17:00:00Z,-39.51067,-49.12124,1.1666,0.3738,495.58334,2013-09-08T00:00:00Z,SVP
118513,2015-02-09T18:00:00Z,-39.4993,-49.07475,1.1676,0.376,495.58334,2013-09-08T00:00:00Z,SVP
118513,2015-02-09T19:00:00Z,-39.48797,-49.02822,1.1696,0.3794,495.58334,2013-09-08T00:00:00Z,SVP
118513,2015-02-09T20:00:00Z,-39.47114,-48.96854,1.9697,0.786,59.708332,2013-09-08T00:00:00Z,SVP
118513,2015-02-09T21:00:00Z,-39.44233,-48.89492,1.351,0.7701,158.25,2013-09-08T00:00:00Z,SVP
118513,2015-02-09T22:00:00Z,-39.41824,-48.84013,1.1857,0.5702,151.20834,2013-09-08T00:00:00Z,SVP
118513,2015-02-09T23:00:00Z,-39.40732,-48.78275,1.0418,0.7748,151.20834,2013-09-08T00:00:00Z,SVP
118513,2015-02-10T00:00:00Z,-39.38072,-48.74128,1.0113,0.8068,0.0,2013-09-08T00:00:00Z,SVP
118513,2015-02-10T01:00:00Z,-39.35909,-48.69673,1.0307,0.5761,144.16667,2013-09-08T00:00:00Z,SVP
118513,2015-02-10T02:00:00Z,-39.33984,-48.65382,0.7534,0.6315,102.0,2013-09-08T00:00:00Z,SVP
118513,2015-02-10T03:00:00Z,-39.31868,-48.62321,0.6981,0.684,189.91667,2013-09-08T00:00:00Z,SVP
118513,2015-02-10T04:00:00Z,-39.29767,-48.59092,0.8229,0.5961,214.5,2013-09-08T00:00:00Z,SVP
118513,2015-02-10T05:00:00Z,-39.27794,-48.54258,0.9,0.5889,214.5,2013-09-08T00:00:00Z,SVP
118513,2015-02-10T06:00:00Z,-39.26147,-48.52268,0.7983,0.5328,235.50002,2013-09-08T00:00:00Z,SVP
118513,2015-02-10T07:00:00Z,-39.24495,-48.4908,0.5935,0.4674,98.416664,2013-09-08T00:00:00Z,SVP
118513,2015-02-10T08:00:00Z,-39.23042,-48.46656,0.5726,0.4404,165.16666,2013-09-08T00:00:00Z,SVP
118513,2015-02-10T09:00:00Z,-39.2165,-48.44379,0.5242,0.3983,210.91667,2013-09-08T00:00:00Z,SVP
118513,2015-02-10T10:00:00Z,-39.20482,-48.42148,0.5267,0.3883,210.91667,2013-09-08T00:00:00Z,SVP
118513,2015-02-10T11:00:00Z,-39.18967,-48.39978,0.5273,0.4519,144.16667,2013-09-08T00:00:00Z,SVP
118513,2015-02-10T12:00:00Z,-39.17227,-48.37465,0.7468,0.5347,151.20834,2013-09-08T00:00:00Z,SVP
118513,2015-02-10T13:00:00Z,-39.1598,-48.33568,0.5628,0.8789,108.91667,2013-09-08T00:00:00Z,SVP
118513,2015-02-10T14:00:00Z,-39.1316,-48.3167,0.4248,0.898,334.04166,2013-09-08T00:00:00Z,SVP
118513,2015-02-10T15:00:00Z,-39.10191,-48.29844,0.4276,0.9009,334.04166,2013-09-08T00:00:00Z,SVP
118513,2015-02-10T16:00:00Z,-39.07079,-48.26588,0.4375,0.9102,239.08334,2013-09-08T00:00:00Z,SVP
118513,2015-02-10T17:00:00Z,-39.04382,-48.26348,0.4229,0.9056,239.08334,2013-09-08T00:00:00Z,SVP
118513,2015-02-10T18:00:00Z,-39.01451,-48.24278,0.6139,0.9417,225.0,2013-09-08T00:00:00Z,SVP
118513,2015-02-10T19:00:00Z,-38.98263,-48.21288,0.415,0.9212,225.0,2013-09-08T00:00:00Z,SVP
118513,2015-02-10T20:00:00Z,-38.95717,-48.20031,0.2777,0.7526,200.41666,2013-09-08T00:00:00Z,SVP
118513,2015-02-10T21:00:00Z,-38.933,-48.18843,0.2857,0.7936,94.958336,2013-09-08T00:00:00Z,SVP
118513,2015-02-10T22:00:00Z,-38.90681,-48.17508,0.356,0.815,140.70834,2013-09-08T00:00:00Z,SVP
118513,2015-02-10T23:00:00Z,-38.88144,-48.15941,0.3683,0.7361,105.458336,2013-09-08T00:00:00Z,SVP
118513,2015-02-11T00:00:00Z,-38.85726,-48.14474,0.4355,0.7433,123.0,2013-09-08T00:00:00Z,SVP
118513,2015-02-11T01:00:00Z,-38.83141,-48.11654,0.8051,0.8683,119.54167,2013-09-08T00:00:00Z,SVP
118513,2015-02-11T02:00:00Z,-38.80281,-48.08164,0.6005,0.8894,210.91667,2013-09-08T00:00:00Z,SVP
118513,2015-02-11T03:00:00Z,-38.77415,-48.05748,0.6034,0.8894,210.91667,2013-09-08T00:00:00Z,SVP
118513,2015-02-11T04:00:00Z,-38.745,-48.03081,0.6423,0.9,253.20834,2013-09-08T00:00:00Z,SVP
118513,2015-02-11T05:00:00Z,-38.71602,-48.0053,0.6406,0.9006,253.20834,2013-09-08T00:00:00Z,SVP
118513,2015-02-11T06:00:00Z,-38.68592,-47.97444,0.7099,0.9325,235.50002,2013-09-08T00:00:00Z,SVP
118513,2015-02-11T07:00:00Z,-38.65341,-47.94586,0.6707,1.0897,214.5,2013-09-08T00:00:00Z,SVP
118513,2015-02-11T08:00:00Z,-38.61733,-47.91856,0.6675,1.0825,214.5,2013-09-08T00:00:00Z,SVP
118513,2015-02-11T09:00:00Z,-38.5782,-47.89148,0.6737,1.315,221.54167,2013-09-08T00:00:00Z,SVP
118513,2015-02-11T10:00:00Z,-38.53887,-47.84498,0.9617,1.2654,221.54167,2013-09-08T00:00:00Z,SVP
118513,2015-02-11T11:00:00Z,-38.49041,-47.83706,0.2339,1.1707,112.5,2013-09-08T00:00:00Z,SVP
118513,2015-02-11T12:00:00Z,-38.45299,-47.82716,0.2373,1.1228,140.70834,2013-09-08T00:00:00Z,SVP
118513,2015-02-11T13:00:00Z,-38.4177,-47.81764,0.2263,1.0715,123.0,2013-09-08T00:00:00Z,SVP
118513,2015-02-11T14:00:00Z,-38.3876,-47.8078,0.2536,0.8799,351.58334,2013-09-08T00:00:00Z,SVP
118513,2015-02-11T15:00:00Z,-38.35942,-47.79758,0.2547,0.8775,351.58334,2013-09-08T00:00:00Z,SVP
118513,2015-02-11T16:00:00Z,-38.3331,-47.78735,0.3274,0.5924,239.08334,2013-09-08T00:00:00Z,SVP
118513,2015-02-11T17:00:00Z,-38.31561,-47.77384,0.3342,0.6136,239.08334,2013-09-08T00:00:00Z,SVP
118513,2015-02-11T18:00:00Z,-38.29587,-47.75494,0.4921,0.587,246.16667,2013-09-08T00:00:00Z,SVP
118513,2015-02-11T19:00:00Z,-38.27551,-47.73405,0.4855,0.5864,246.16667,2013-09-08T00:00:00Z,SVP
118513,2015-02-11T20:00:00Z,-38.25903,-47.71446,0.4971,0.5546,225.0,2013-09-08T00:00:00Z,SVP
118513,2015-02-11T21:00:00Z,-38.2432,-47.69911,0.3396,0.4317,253.20834,2013-09-08T00:00:00Z,SVP
118513,2015-02-11T22:00:00Z,-38.22859,-47.68148,0.3503,0.4308,253.20834,2013-09-08T00:00:00Z,SVP
118513,2015-02-11T23:00:00Z,-38.21495,-47.66761,0.2383,0.3944,210.91667,2013-09-08T00:00:00Z,SVP
118513,2015-02-12T00:00:00Z,-38.20291,-47.65811,0.2948,0.3534,144.16667,2013-09-08T00:00:00Z,SVP
118513,2015-02-12T01:00:00Z,-38.1914,-47.64537,0.3255,0.315,112.5,2013-09-08T00:00:00Z,SVP
118513,2015-02-12T02:00:00Z,-38.18138,-47.63122,0.3054,0.2912,137.08333,2013-09-08T00:00:00Z,SVP
118513,2015-02-12T03:00:00Z,-38.1722,-47.61777,0.3669,0.2722,105.458336,2013-09-08T00:00:00Z,SVP
118513,2015-02-12T04:00:00Z,-38.16429,-47.60288,0.3747,0.2268,235.50002,2013-09-08T00:00:00Z,SVP
118513,2015-02-12T05:00:00Z,-38.15725,-47.58646,0.3919,0.1586,239.08334,2013-09-08T00:00:00Z,SVP
118513,2015-02-12T06:00:00Z,-38.15176,-47.57137,0.3891,0.1565,239.08334,2013-09-08T00:00:00Z,SVP
118513,2015-02-12T07:00:00Z,-38.14806,-47.55429,0.4631,0.068,242.54167,2013-09-08T00:00:00Z,SVP
118513,2015-02-12T08:00:00Z,-38.14602,-47.53494,0.4612,0.067,242.54167,2013-09-08T00:00:00Z,SVP
118513,2015-02-12T09:00:00Z,-38.14421,-47.51476,0.5007,0.0499,172.20833,2013-09-08T00:00:00Z,SVP
118513,2015-02-12T10:00:00Z,-38.14126,-47.4944,0.4487,0.0891,140.70834,2013-09-08T00:00:00Z,SVP
118513,2015-02-12T11:00:00Z,-38.13874,-47.47652,0.3227,0.0766,94.958336,2013-09-08T00:00:00Z,SVP
118513,2015-02-12T12:00:00Z,-38.13874,-47.45678,0.5745,-0.0342,123.0,2013-09-08T00:00:00Z,SVP
118513,2015-02-12T13:00:00Z,-38.14154,-47.43077,0.4237,-0.0986,390.29166,2013-09-08T00:00:00Z,SVP
118513,2015-02-12T14:00:00Z,-38.14478,-47.41394,0.4245,-0.0979,390.29166,2013-09-08T00:00:00Z,SVP
118513,2015-02-12T15:00:00Z,-38.14928,-47.39701,0.4263,-0.1069,390.29166,2013-09-08T00:00:00Z,SVP
118513,2015-02-12T16:00:00Z,-38.15315,-47.37865,0.437,-0.0121,242.54167,2013-09-08T00:00:00Z,SVP
118513,2015-02-12T17:00:00Z,-38.15216,-47.36064,0.4395,-0.0563,242.54167,2013-09-08T00:00:00Z,SVP
118513,2015-02-12T18:00:00Z,-38.15377,-47.33958,0.534,-0.0246,235.50002,2013-09-08T00:00:00Z,SVP
118513,2015-02-12T19:00:00Z,-38.15587,-47.31933,0.4966,-0.1171,235.50002,2013-09-08T00:00:00Z,SVP
118513,2015-02-12T20:00:00Z,-38.16043,-47.28545,0.6376,-0.1302,235.50002,2013-09-08T00:00:00Z,SVP
118513,2015-02-12T21:00:00Z,-38.16681,-47.27054,0.2717,-0.2198,263.7083,2013-09-08T00:00:00Z,SVP
118513,2015-02-12T22:00:00Z,-38.17361,-47.26195,0.3413,-0.2243,263.7083,2013-09-08T00:00:00Z,SVP
118513,2015-02-12T23:00:00Z,-38.18239,-47.24784,0.2963,-0.2736,239.08334,2013-09-08T00:00:00Z,SVP
118513,2015-02-13T00:00:00Z,-38.19157,-47.23476,0.3356,-0.2925,119.54167,2013-09-08T00:00:00Z,SVP
118513,2015-02-13T01:00:00Z,-38.20289,-47.21578,0.5464,-0.3839,112.5,2013-09-08T00:00:00Z,SVP
118513,2015-02-13T02:00:00Z,-38.21639,-47.19181,0.6036,-0.4242,144.16667,2013-09-08T00:00:00Z,SVP
118513,2015-02-13T03:00:00Z,-38.22839,-47.1706,0.4438,-0.3643,130.04166,2013-09-08T00:00:00Z,SVP
118513,2015-02-13T04:00:00Z,-38.22375,-47.15458,0.3966,0.0467,453.45834,2013-09-08T00:00:00Z,SVP
118513,2015-02-13T05:00:00Z,-38.2226,-47.13802,0.3959,0.0577,453.45834,2013-09-08T00:00:00Z,SVP
118513,2015-02-13T06:00:00Z,-38.22186,-47.12073,0.3948,0.0791,453.45834,2013-09-08T00:00:00Z,SVP
118513,2015-02-13T07:00:00Z,-38.21544,-47.11285,0.1526,0.1749,249.58333,2013-09-08T00:00:00Z,SVP
118513,2015-02-13T08:00:00Z,-38.20979,-47.10731,0.0877,0.1775,144.16667,2013-09-08T00:00:00Z,SVP
118513,2015-02-13T09:00:00Z,-38.20361,-47.10388,0.1209,0.2109,98.416664,2013-09-08T00:00:00Z,SVP
118513,2015-02-13T10:00:00Z,-38.19663,-47.098,0.1605,0.2229,151.20834,2013-09-08T00:00:00Z,SVP
118513,2015-02-13T11:00:00Z,-38.19166,-47.09289,0.0643,0.0286,140.70834,2013-09-08T00:00:00Z,SVP
118513,2015-02-13T12:00:00Z,-38.19023,-47.09195,0.0806,0.0373,112.5,2013-09-08T00:00:00Z,SVP
118513,2015-02-13T13:00:00Z,-38.18981,-47.08419,-0.1354,-0.019,137.08333,2013-09-08T00:00:00Z,SVP
118513,2015-02-13T14:00:00Z,-38.19167,-47.09097,-0.1813,-0.0974,119.54167,2013-09-08T00:00:00Z,SVP
118513,2015-02-13T15:00:00Z,-38.19429,-47.0859,0.1031,-0.0956,390.29166,2013-09-08T00:00:00Z,SVP
118513,2015-02-13T16:00:00Z,-38.1979,-47.08107,0.0998,-0.098,390.29166,2013-09-08T00:00:00Z,SVP
118513,2015-02-13T17:00:00Z,-38.20282,-47.07711,0.3216,-0.1523,253.20834,2013-09-08T00:00:00Z,SVP
118513,2015-02-13T18:00:00Z,-38.20734,-47.06331,0.319,-0.1519,253.20834,2013-09-08T00:00:00Z,SVP
118513,2015-02-13T19:00:00Z,-38.21169,-47.04995,0.3433,-0.178,182.83333,2013-09-08T00:00:00Z,SVP
118513,2015-02-13T20:00:00Z,-38.21965,-47.03615,0.3363,-0.1609,302.4167,2013-09-08T00:00:00Z,SVP
118513,2015-02-13T21:00:00Z,-38.22374,-47.02186,0.3395,-0.1595,302.4167,2013-09-08T00:00:00Z,SVP
118513,2015-02-13T22:00:00Z,-38.22721,-47.00822,0.1268,-0.1115,203.83333,2013-09-08T00:00:00Z,SVP
118513,2015-02-13T23:00:00Z,-38.23229,-47.00417,0.1405,-0.1201,203.83333,2013-09-08T00:00:00Z,SVP
118513,2015-02-14T00:00:00Z,-38.23416,-46.99915,0.0949,-0.1,137.08333,2013-09-08T00:00:00Z,SVP
118513,2015-02-14T01:00:00Z,-38.23958,-46.99467,0.1395,-0.189,137.08333,2013-09-08T00:00:00Z,SVP
118513,2015-02-14T02:00:00Z,-38.24358,-46.98075,-0.1498,-0.282,123.0,2013-09-08T00:00:00Z,SVP
118513,2015-02-14T03:00:00Z,-38.25392,-46.98701,-0.1382,-0.3239,291.75003,2013-09-08T00:00:00Z,SVP
118513,2015-02-14T04:00:00Z,-38.26312,-46.99258,-0.1361,-0.313,291.75003,2013-09-08T00:00:00Z,SVP
118513,2015-02-14T05:00:00Z,-38.27211,-46.99282,0.1663,-0.2853,158.25,2013-09-08T00:00:00Z,SVP
118513,2015-02-14T06:00:00Z,-38.28313,-46.98601,0.1564,-0.3843,63.291664,2013-09-08T00:00:00Z,SVP
118513,2015-02-14T07:00:00Z,-38.29794,-46.97967,0.1282,-0.4802,182.83333,2013-09-08T00:00:00Z,SVP
118513,2015-02-14T08:00:00Z,-38.31242,-46.97054,0.2893,-0.4324,73.791664,2013-09-08T00:00:00Z,SVP
118513,2015-02-14T09:00:00Z,-38.32592,-46.96019,0.1694,-0.3779,59.708332,2013-09-08T00:00:00Z,SVP
118513,2015-02-14T10:00:00Z,-38.33814,-46.95448,0.242,-0.4625,123.0,2013-09-08T00:00:00Z,SVP
118513,2015-02-14T11:00:00Z,-38.35303,-46.94397,0.27,-0.4169,119.54167,2013-09-08T00:00:00Z,SVP
118513,2015-02-14T12:00:00Z,-38.3655,-46.93349,0.2512,-0.36,119.54167,2013-09-08T00:00:00Z,SVP
118513,2015-02-14T13:00:00Z,-38.3765,-46.92543,0.1801,-0.3563,147.58333,2013-09-08T00:00:00Z,SVP
118513,2015-02-14T14:00:00Z,-38.38862,-46.92007,0.0792,-0.4018,418.33334,2013-09-08T00:00:00Z,SVP
118513,2015-02-14T15:00:00Z,-38.40174,-46.91696,0.0791,-0.4016,418.33334,2013-09-08T00:00:00Z,SVP
118513,2015-02-14T16:00:00Z,-38.41507,-46.91386,0.0792,-0.4019,418.33334,2013-09-08T00:00:00Z,SVP
118513,2015-02-14T17:00:00Z,-38.42802,-46.91117,0.0676,-0.3574,249.58333,2013-09-08T00:00:00Z,SVP
118513,2015-02-14T18:00:00Z,-38.43887,-46.90784,0.0683,-0.3577,249.58333,2013-09-08T00:00:00Z,SVP
118513,2015-02-14T19:00:00Z,-38.44925,-46.90743,-0.0189,-0.3029,151.20834,2013-09-08T00:00:00Z,SVP
118513,2015-02-14T20:00:00Z,-38.45863,-46.90976,-0.0569,-0.2792,94.958336,2013-09-08T00:00:00Z,SVP
118513,2015-02-14T21:00:00Z,-38.46816,-46.90464,0.0559,-0.3008,154.66667,2013-09-08T00:00:00Z,SVP
118513,2015-02-14T22:00:00Z,-38.48004,-46.90874,-0.1735,-0.3976,196.95833,2013-09-08T00:00:00Z,SVP
118513,2015-02-14T23:00:00Z,-38.49278,-46.91021,-0.25,-0.421,151.20834,2013-09-08T00:00:00Z,SVP
118513,2015-02-15T00:00:00Z,-38.50645,-46.92347,-0.1564,-0.4568,102.0,2013-09-08T00:00:00Z,SVP
118513,2015-02-15T01:00:00Z,-38.5209,-46.92846,-0.1142,-0.4318,123.0,2013-09-08T00:00:00Z,SVP
118513,2015-02-15T02:00:00Z,-38.53489,-46.93293,-0.1096,-0.4257,116.083336,2013-09-08T00:00:00Z,SVP
118513,2015-02-15T03:00:00Z,-38.54971,-46.93916,-0.1819,-0.4652,221.41666,2013-09-08T00:00:00Z,SVP
118513,2015-02-15T04:00:00Z,-38.56514,-46.94835,-0.1891,-0.4632,221.41666,2013-09-08T00:00:00Z,SVP
118513,2015-02-15T05:00:00Z,-38.57881,-46.95267,-0.1002,-0.4202,253.20834,2013-09-08T00:00:00Z,SVP
118513,2015-02-15T06:00:00Z,-38.59241,-46.9563,-0.0683,-0.3926,154.66667,2013-09-08T00:00:00Z,SVP
118513,2015-02-15T07:00:00Z,-38.6045,-46.96101,-0.1811,-0.3473,94.958336,2013-09-08T00:00:00Z,SVP
118513,2015-02-15T08:00:00Z,-38.61516,-46.9701,-0.2714,-0.3109,151.20834,2013-09-08T00:00:00Z,SVP
118513,2015-02-15T09:00:00Z,-38.62342,-46.98481,-0.4797,-0.2081,87.91667,2013-09-08T00:00:00Z,SVP
118513,2015-02-15T10:00:00Z,-38.63064,-47.00494,-0.4872,-0.2127,179.25,2013-09-08T00:00:00Z,SVP
118513,2015-02-15T11:00:00Z,-38.64051,-47.02745,-0.5531,-0.3655,102.0,2013-09-08T00:00:00Z,SVP
118513,2015-02-15T12:00:00Z,-38.65913,-47.04902,-0.3853,-0.5488,140.70834,2013-09-08T00:00:00Z,SVP
118513,2015-02-15T13:00:00Z,-38.67723,-47.06595,-0.5821,-0.5504,116.083336,2013-09-08T00:00:00Z,SVP
118513,2015-02-15T14:00:00Z,-38.69313,-47.08429,-0.6554,-0.5598,442.95834,2013-09-08T00:00:00Z,SVP
118513,2015-02-15T15:00:00Z,-38.71213,-47.11354,-0.6403,-0.5559,442.95834,2013-09-08T00:00:00Z,SVP
118513,2015-02-15T16:00:00Z,-38.73095,-47.14101,-0.6305,-0.5508,442.95834,2013-09-08T00:00:00Z,SVP
118513,2015-02-15T17:00:00Z,-38.74883,-47.16693,-0.6312,-0.5181,249.58333,2013-09-08T00:00:00Z,SVP
118513,2015-02-15T18:00:00Z,-38.76494,-47.1926,-0.6348,-0.5264,249.58333,2013-09-08T00:00:00Z,SVP
118513,2015-02-15T19:00:00Z,-38.78234,-47.21764,-0.6061,-0.5794,137.08333,2013-09-08T00:00:00Z,SVP
118513,2015-02-15T20:00:00Z,-38.80097,-47.24151,-0.6064,-0.5592,151.20834,2013-09-08T00:00:00Z,SVP
118513,2015-02-15T21:00:00Z,-38.819,-47.26524,-0.1983,-0.5001,87.91667,2013-09-08T00:00:00Z,SVP
118513,2015-02-15T22:00:00Z,-38.83333,-47.27394,-0.3986,-0.3951,119.54167,2013-09-08T00:00:00Z,SVP
118513,2015-02-15T23:00:00Z,-38.84363,-47.29043,-0.4152,-0.3039,295.33334,2013-09-08T00:00:00Z,SVP
118513,2015-02-16T00:00:00Z,-38.85354,-47.30783,-0.4156,-0.3005,295.33334,2013-09-08T00:00:00Z,SVP
118513,2015-02-16T01:00:00Z,-38.8566,-47.31029,-0.2686,-0.097,140.70834,2013-09-08T00:00:00Z,SVP
118513,2015-02-16T02:00:00Z,-38.85837,-47.32301,-0.6682,-0.0145,137.08333,2013-09-08T00:00:00Z,SVP
118513,2015-02-16T03:00:00Z,-38.85856,-47.35044,-0.6353,-0.0321,172.20833,2013-09-08T00:00:00Z,SVP
118513,2015-02-16T04:00:00Z,-38.85974,-47.37736,-0.6351,-0.0338,172.20833,2013-09-08T00:00:00Z,SVP
118513,2015-02-16T05:00:00Z,-38.86145,-47.3938,-0.4343,-0.0608,253.20834,2013-09-08T00:00:00Z,SVP
118513,2015-02-16T06:00:00Z,-38.86323,-47.41225,-0.474,-0.0535,119.54167,2013-09-08T00:00:00Z,SVP
118513,2015-02-16T07:00:00Z,-38.86489,-47.43224,-0.4823,-0.0492,123.0,2013-09-08T00:00:00Z,SVP
118513,2015-02-16T08:00:00Z,-38.86731,-47.4438,-0.3116,-0.0747,123.0,2013-09-08T00:00:00Z,SVP
118513,2015-02-16T09:00:00Z,-38.86941,-47.45733,-0.3213,-0.0377,154.66667,2013-09-08T00:00:00Z,SVP
118513,2015-02-16T10:00:00Z,-38.86989,-47.46865,-0.2222,-0.0057,94.958336,2013-09-08T00:00:00Z,SVP
118513,2015-02-16T11:00:00Z,-38.86933,-47.47627,-0.2148,0.0446,133.66667,2013-09-08T00:00:00Z,SVP
118513,2015-02-16T12:00:00Z,-38.86876,-47.48524,-0.2263,-0.0301,116.083336,2013-09-08T00:00:00Z,SVP
118513,2015-02-16T13:00:00Z,-38.87034,-47.49554,-0.3007,-0.0893,119.54167,2013-09-08T00:00:00Z,SVP
118513,2015-02-16T14:00:00Z,-38.87352,-47.51063,-0.3799,-0.1108,464.08337,2013-09-08T00:00:00Z,SVP
118513,2015-02-16T15:00:00Z,-38.87686,-47.52786,-0.3903,-0.1102,464.08337,2013-09-08T00:00:00Z,SVP
118513,2015-02-16T16:00:00Z,-38.88,-47.54607,-0.4004,-0.1095,464.08337,2013-09-08T00:00:00Z,SVP
118513,2015-02-16T17:00:00Z,-38.88433,-47.55999,-0.222,-0.1242,246.16667,2013-09-08T00:00:00Z,SVP
118513,2015-02-16T18:00:00Z,-38.88904,-47.57018,-0.2141,-0.1246,246.16667,2013-09-08T00:00:00Z,SVP
118513,2015-02-16T19:00:00Z,-38.89262,-47.57556,-0.1668,-0.1303,225.0,2013-09-08T00:00:00Z,SVP
118513,2015-02-16T20:00:00Z,-38.89677,-47.58347,-0.2004,-0.1664,73.791664,2013-09-08T00:00:00Z,SVP
118513,2015-02-16T21:00:00Z,-38.90131,-47.58764,0.0412,-0.1146,123.0,2013-09-08T00:00:00Z,SVP
118513,2015-02-16T22:00:00Z,-38.90103,-47.58452,0.0158,0.0436,52.791668,2013-09-08T00:00:00Z,SVP
118513,2015-02-16T23:00:00Z,-38.90076,-47.58777,-0.091,-0.013,288.2917,2013-09-08T00:00:00Z,SVP
118513,2015-02-17T00:00:00Z,-38.89992,-47.59069,-0.0863,0.0092,133.66667,2013-09-08T00:00:00Z,SVP
118513,2015-02-17T01:00:00Z,-38.90083,-47.59189,0.1733,0.0852,112.5,2013-09-08T00:00:00Z,SVP
118513,2015-02-17T02:00:00Z,-38.89733,-47.58471,0.0964,0.1173,126.58333,2013-09-08T00:00:00Z,SVP
118513,2015-02-17T03:00:00Z,-38.89326,-47.58253,0.0313,0.1228,116.083336,2013-09-08T00:00:00Z,SVP
118513,2015-02-17T04:00:00Z,-38.88781,-47.58099,0.0307,0.2259,115.958336,2013-09-08T00:00:00Z,SVP
118513,2015-02-17T05:00:00Z,-38.87688,-47.5803,0.0213,0.3228,214.5,2013-09-08T00:00:00Z,SVP
118513,2015-02-17T06:00:00Z,-38.86604,-47.58202,-0.0701,0.3447,98.416664,2013-09-08T00:00:00Z,SVP
118513,2015-02-17T07:00:00Z,-38.85612,-47.5882,-0.1575,0.2899,147.58333,2013-09-08T00:00:00Z,SVP
118513,2015-02-17T08:00:00Z,-38.84839,-47.59697,-0.2867,0.2421,87.91667,2013-09-08T00:00:00Z,SVP
118513,2015-02-17T09:00:00Z,-38.84087,-47.61335,-0.4117,0.2384,161.70833,2013-09-08T00:00:00Z,SVP
118513,2015-02-17T10:00:00Z,-38.83964,-47.62191,0.0087,-0.0942,80.83333,2013-09-08T00:00:00Z,SVP
118513,2015-02-17T11:00:00Z,-38.84078,-47.62235,-0.2045,0.0684,108.91667,2013-09-08T00:00:00Z,SVP
118513,2015-02-17T12:00:00Z,-38.83965,-47.62636,-0.0607,0.0227,140.70834,2013-09-08T00:00:00Z,SVP
118513,2015-02-17T13:00:00Z,-38.84039,-47.62631,0.0469,-0.0493,495.75,2013-09-08T00:00:00Z,SVP
118513,2015-02-17T14:00:00Z,-38.84164,-47.62473,0.0469,-0.0488,495.75,2013-09-08T00:00:00Z,SVP
118513,2015-02-17T15:00:00Z,-38.84293,-47.62283,0.0468,-0.0486,495.75,2013-09-08T00:00:00Z,SVP
118513,2015-02-17T16:00:00Z,-38.84395,-47.62073,0.0463,-0.0487,495.75,2013-09-08T00:00:00Z,SVP
118513,2015-02-17T17:00:00Z,-38.84662,-47.61992,0.0267,-0.0597,270.74997,2013-09-08T00:00:00Z,SVP
118513,2015-02-17T18:00:00Z,-38.84914,-47.61862,0.0259,-0.059,270.74997,2013-09-08T00:00:00Z,SVP
118513,2015-02-17T19:00:00Z,-38.85024,-47.61776,0.0241,-0.0521,200.41666,2013-09-08T00:00:00Z,SVP
118513,2015-02-17T20:00:00Z,-38.84886,-47.61107,0.3453,0.1729,158.25,2013-09-08T00:00:00Z,SVP
118513,2015-02-17T21:00:00Z,-38.84255,-47.59639,0.3484,0.1756,158.25,2013-09-08T00:00:00Z,SVP
118513,2015-02-17T22:00:00Z,-38.83845,-47.58712,-0.0163,0.111,281.25,2013-09-08T00:00:00Z,SVP
118513,2015-02-17T23:00:00Z,-38.83479,-47.58947,0.0071,0.1112,281.25,2013-09-08T00:00:00Z,SVP
118513,2015-02-18T00:00:00Z,-38.83206,-47.58828,0.0085,0.0763,123.0,2013-09-08T00:00:00Z,SVP
118513,2015-02-18T01:00:00Z,-38.83083,-47.58511,0.1093,0.0335,116.083336,2013-09-08T00:00:00Z,SVP
118513,2015-02-18T02:00:00Z,-38.8272,-47.58333,0.0377,0.0757,140.70834,2013-09-08T00:00:00Z,SVP
118513,2015-02-18T03:00:00Z,-38.82671,-47.58361,0.2144,-0.0894,109.041664,2013-09-08T00:00:00Z,SVP
118513,2015-02-18T04:00:00Z,-38.83005,-47.57541,0.1276,-0.1154,239.08334,2013-09-08T00:00:00Z,SVP
118513,2015-02-18T05:00:00Z,-38.83367,-47.57077,0.1165,-0.1156,239.08334,2013-09-08T00:00:00Z,SVP
118513,2015-02-18T06:00:00Z,-38.84024,-47.57221,-0.1395,-0.2894,193.33334,2013-09-08T00:00:00Z,SVP
118513,2015-02-18T07:00:00Z,-38.84887,-47.58018,0.3009,-0.2453,52.666664,2013-09-08T00:00:00Z,SVP
118513,2015-02-18T08:00:00Z,-38.8569,-47.57119,0.0872,-0.3491,123.0,2013-09-08T00:00:00Z,SVP
118513,2015-02-18T09:00:00Z,-38.86797,-47.56875,-0.0164,-0.1725,0.0,2013-09-08T00:00:00Z,SVP
118513,2015-02-18T10:00:00Z,-38.87331,-47.5695,-0.019,-0.1698,242.54167,2013-09-08T00:00:00Z,SVP
118513,2015-02-18T11:00:00Z,-38.87869,-47.56963,-0.0178,-0.1706,242.54167,2013-09-08T00:00:00Z,SVP
118513,2015-02-18T12:00:00Z,-38.8852,-47.57239,-0.0413,-0.2244,112.5,2013-09-08T00:00:00Z,SVP
118513,2015-02-18T13:00:00Z,-38.8923,-47.574,-0.0117,-0.2513,541.3334,2013-09-08T00:00:00Z,SVP
118513,2015-02-18T14:00:00Z,-38.90056,-47.57451,-0.0116,-0.2522,541.3334,2013-09-08T00:00:00Z,SVP
118513,2015-02-18T15:00:00Z,-38.90864,-47.57516,-0.0121,-0.2521,541.3334,2013-09-08T00:00:00Z,SVP
118513,2015-02-18T16:00:00Z,-38.91639,-47.57614,-0.0136,-0.251,541.3334,2013-09-08T00:00:00Z,SVP
118513,2015-02-18T17:00:00Z,-38.92462,-47.57561,-0.0045,-0.252,225.0,2013-09-08T00:00:00Z,SVP
118513,2015-02-18T18:00:00Z,-38.93267,-47.5754,-0.0148,-0.1753,196.95833,2013-09-08T00:00:00Z,SVP
118513,2015-02-18T19:00:00Z,-38.93781,-47.57669,-0.0102,-0.1804,196.95833,2013-09-08T00:00:00Z,SVP
118513,2015-02-18T20:00:00Z,-38.94407,-47.57893,-0.0819,-0.2538,144.16667,2013-09-08T00:00:00Z,SVP
118513,2015-02-18T21:00:00Z,-38.95318,-47.58094,0.0169,-0.3074,94.958336,2013-09-08T00:00:00Z,SVP
118513,2015-02-18T22:00:00Z,-38.96285,-47.57955,0.09,-0.2931,161.70833,2013-09-08T00:00:00Z,SVP
118513,2015-02-18T23:00:00Z,-38.97068,-47.57849,0.002,-0.2003,130.04166,2013-09-08T00:00:00Z,SVP
118513,2015-02-19T00:00:00Z,-38.97604,-47.57816,-0.0021,-0.1664,253.20834,2013-09-08T00:00:00Z,SVP
118513,2015-02-19T01:00:00Z,-38.98002,-47.57894,-0.0075,-0.164,253.20834,2013-09-08T00:00:00Z,SVP
118513,2015-02-19T02:00:00Z,-38.98701,-47.57879,-0.0066,-0.1665,253.20834,2013-09-08T00:00:00Z,SVP
118513,2015-02-19T03:00:00Z,-38.99244,-47.57904,-0.0142,-0.1696,158.25,2013-09-08T00:00:00Z,SVP
118513,2015-02-19T04:00:00Z,-38.99725,-47.58091,-0.0153,-0.1793,246.16667,2013-09-08T00:00:00Z,SVP
118513,2015-02-19T05:00:00Z,-39.00368,-47.57995,-0.0228,-0.1743,246.16667,2013-09-08T00:00:00Z,SVP
118513,2015-02-19T06:00:00Z,-39.00884,-47.58137,-0.0116,-0.1689,221.41666,2013-09-08T00:00:00Z,SVP
118513,2015-02-19T07:00:00Z,-39.01391,-47.58283,-0.0137,-0.1252,242.54167,2013-09-08T00:00:00Z,SVP
118513,2015-02-19T08:00:00Z,-39.01762,-47.58209,-0.0124,-0.1236,242.54167,2013-09-08T00:00:00Z,SVP
118513,2015-02-19T09:00:00Z,-39.02142,-47.58447,-0.1569,-0.1361,246.16667,2013-09-08T00:00:00Z,SVP
118513,2015-02-19T10:00:00Z,-39.02665,-47.5914,-0.1593,-0.1439,246.16667,2013-09-08T00:00:00Z,SVP
118513,2015-02-19T11:00:00Z,-39.03159,-47.59641,-0.1231,-0.154,130.04166,2013-09-08T00:00:00Z,SVP
118513,2015-02-19T12:00:00Z,-39.03788,-47.59868,-0.0278,-0.1521,119.54167,2013-09-08T00:00:00Z,SVP
118513,2015-02-19T13:00:00Z,-39.04109,-47.60142,-0.0728,-0.1655,151.20834,2013-09-08T00:00:00Z,SVP
118513,2015-02-19T14:00:00Z,-39.04665,-47.60441,-0.0448,-0.1955,312.91666,2013-09-08T00:00:00Z,SVP
118513,2015-02-19T15:00:00Z,-39.05243,-47.60549,-0.0423,-0.1929,312.91666,2013-09-08T00:00:00Z,SVP
118513,2015-02-19T16:00:00Z,-39.05732,-47.60589,-0.0398,-0.1879,312.91666,2013-09-08T00:00:00Z,SVP
118513,2015-02-19T17:00:00Z,-39.06707,-47.60969,-0.0513,-0.2568,225.0,2013-09-08T00:00:00Z,SVP
118513,2015-02-19T18:00:00Z,-39.07381,-47.60893,0.1279,-0.2239,147.58333,2013-09-08T00:00:00Z,SVP
118513,2015-02-19T19:00:00Z,-39.07832,-47.6034,0.0894,-0.1326,73.791664,2013-09-08T00:00:00Z,SVP
118513,2015-02-19T20:00:00Z,-39.08364,-47.60519,0.0199,-0.1537,154.66667,2013-09-08T00:00:00Z,SVP
118513,2015-02-19T21:00:00Z,-39.09162,-47.59958,0.025,-0.2879,168.75,2013-09-08T00:00:00Z,SVP
118513,2015-02-19T22:00:00Z,-39.10024,-47.59923,0.0022,-0.2211,94.958336,2013-09-08T00:00:00Z,SVP
118513,2015-02-19T23:00:00Z,-39.10165,-47.59536,0.2856,0.5653,147.58333,2013-09-08T00:00:00Z,SVP
118513,2015-02-20T00:00:00Z,-39.08299,-47.58259,0.3392,0.7023,109.041664,2013-09-08T00:00:00Z,SVP
118513,2015-02-20T01:00:00Z,-39.05961,-47.56803,0.3687,0.7201,123.0,2013-09-08T00:00:00Z,SVP
118513,2015-02-20T02:00:00Z,-39.03977,-47.55311,-0.2018,0.546,112.5,2013-09-08T00:00:00Z,SVP
118513,2015-02-20T03:00:00Z,-39.02408,-47.56045,-0.1327,0.455,193.33334,2013-09-08T00:00:00Z,SVP
118513,2015-02-20T04:00:00Z,-39.00918,-47.56617,-0.0175,0.4543,239.08334,2013-09-08T00:00:00Z,SVP
118513,2015-02-20T05:00:00Z,-38.99444,-47.56677,-0.0172,0.4549,239.08334,2013-09-08T00:00:00Z,SVP
118513,2015-02-20T06:00:00Z,-38.97964,-47.56753,-0.0161,0.4577,217.95833,2013-09-08T00:00:00Z,SVP
118513,2015-02-20T07:00:00Z,-38.96596,-47.57293,-0.1365,0.4151,246.16667,2013-09-08T00:00:00Z,SVP
118513,2015-02-20T08:00:00Z,-38.95236,-47.5822,-0.1589,0.4144,246.16667,2013-09-08T00:00:00Z,SVP
118513,2015-02-20T09:00:00Z,-38.94296,-47.59712,-0.3051,0.3272,253.20834,2013-09-08T00:00:00Z,SVP
118513,2015-02-20T10:00:00Z,-38.93231,-47.61197,-0.3735,0.3084,56.25,2013-09-08T00:00:00Z,SVP
118513,2015-02-20T11:00:00Z,-38.92163,-47.62857,-0.4156,0.3293,144.16667,2013-09-08T00:00:00Z,SVP
118513,2015-02-20T12:00:00Z,-38.91177,-47.64356,-0.3094,0.2954,140.70834,2013-09-08T00:00:00Z,SVP
118513,2015-02-20T13:00:00Z,-38.90132,-47.65193,-0.2179,0.3106,112.5,2013-09-08T00:00:00Z,SVP
118513,2015-02-20T14:00:00Z,-38.89158,-47.66805,-0.1239,0.3411,323.41666,2013-09-08T00:00:00Z,SVP
118513,2015-02-20T15:00:00Z,-38.88016,-47.66798,-0.175,0.3417,323.41666,2013-09-08T00:00:00Z,SVP
118513,2015-02-20T16:00:00Z,-38.86901,-47.67572,-0.1079,0.3734,239.08334,2013-09-08T00:00:00Z,SVP
118513,2015-02-20T17:00:00Z,-38.85712,-47.68274,-0.1054,0.3743,239.08334,2013-09-08T00:00:00Z,SVP
118513,2015-02-20T18:00:00Z,-38.84475,-47.68593,-0.0474,0.3891,235.50002,2013-09-08T00:00:00Z,SVP
118513,2015-02-20T19:00:00Z,-38.83202,-47.68861,-0.0767,0.3821,108.91667,2013-09-08T00:00:00Z,SVP
118513,2015-02-20T20:00:00Z,-38.82022,-47.69479,-0.1995,0.343,119.54167,2013-09-08T00:00:00Z,SVP
118513,2015-02-20T21:00:00Z,-38.8087,-47.70247,-0.1661,0.3672,130.04166,2013-09-08T00:00:00Z,SVP
118513,2015-02-20T22:00:00Z,-38.79616,-47.70996,-0.1856,0.3649,119.54167,2013-09-08T00:00:00Z,SVP
118513,2015-02-20T23:00:00Z,-38.78789,-47.72119,-0.2565,0.2641,196.95833,2013-09-08T00:00:00Z,SVP
118513,2015-02-21T00:00:00Z,-38.78095,-47.72958,-0.1502,0.1909,126.58333,2013-09-08T00:00:00Z,SVP
118513,2015-02-21T01:00:00Z,-38.77461,-47.73467,-0.1057,0.1902,249.58333,2013-09-08T00:00:00Z,SVP
118513,2015-02-21T02:00:00Z,-38.76861,-47.73758,-0.0774,0.2159,203.83333,2013-09-08T00:00:00Z,SVP
118513,2015-02-21T03:00:00Z,-38.76138,-47.74411,-0.1101,0.2169,203.83333,2013-09-08T00:00:00Z,SVP
118513,2015-02-21T04:00:00Z,-38.75393,-47.74622,-0.0783,0.2373,239.08334,2013-09-08T00:00:00Z,SVP
118513,2015-02-21T05:00:00Z,-38.74642,-47.73927,-0.2138,0.238,209.25,2013-09-08T00:00:00Z,SVP
118513,2015-02-21T06:00:00Z,-38.73849,-47.75355,-0.1087,0.2368,209.25,2013-09-08T00:00:00Z,SVP
118513,2015-02-21T07:00:00Z,-38.73139,-47.75789,-0.1718,0.2128,223.20834,2013-09-08T00:00:00Z,SVP
118513,2015-02-21T08:00:00Z,-38.72501,-47.76374,-0.1316,0.1661,249.58333,2013-09-08T00:00:00Z,SVP
118513,2015-02-21T09:00:00Z,-38.72029,-47.77049,-0.1412,0.1565,249.58333,2013-09-08T00:00:00Z,SVP
118513,2015-02-21T10:00:00Z,-38.72353,-47.77368,-0.0719,0.4273,175.79167,2013-09-08T00:00:00Z,SVP
118513,2015-02-21T11:00:00Z,-38.70635,-47.7771,-0.0715,0.2365,175.79167,2013-09-08T00:00:00Z,SVP
118513,2015-02-21T12:00:00Z,-38.70125,-47.77907,-0.0301,0.1217,126.58333,2013-09-08T00:00:00Z,SVP
118513,2015-02-21T13:00:00Z,-38.69695,-47.78071,-0.0233,0.1308,112.5,2013-09-08T00:00:00Z,SVP
118513,2015-02-21T14:00:00Z,-38.69212,-47.78329,-0.0879,0.1608,355.0417,2013-09-08T00:00:00Z,SVP
118513,2015-02-21T15:00:00Z,-38.68754,-47.78553,-0.0906,0.1619,355.0417,2013-09-08T00:00:00Z,SVP
118513,2015-02-21T16:00:00Z,-38.68281,-47.78877,-0.0796,0.1506,239.08334,2013-09-08T00:00:00Z,SVP
118513,2015-02-21T17:00:00Z,-38.67625,-47.79454,-0.076,0.151,239.08334,2013-09-08T00:00:00Z,SVP
118513,2015-02-21T18:00:00Z,-38.67395,-47.79526,-0.0092,0.0616,235.50002,2013-09-08T00:00:00Z,SVP
118513,2015-02-21T19:00:00Z,-38.67184,-47.79522,0.01,0.058,193.33334,2013-09-08T00:00:00Z,SVP
118513,2015-02-21T20:00:00Z,-38.67026,-47.79544,0.0113,0.0597,193.33334,2013-09-08T00:00:00Z,SVP
118513,2015-02-21T21:00:00Z,-38.66796,-47.79428,0.0166,0.0631,249.58333,2013-09-08T00:00:00Z,SVP
118513,2015-02-21T22:00:00Z,-38.66607,-47.79464,-0.0278,0.0426,246.16667,2013-09-08T00:00:00Z,SVP
118513,2015-02-21T23:00:00Z,-38.66552,-47.79671,-0.0305,0.0402,246.16667,2013-09-08T00:00:00Z,SVP
118513,2015-02-22T00:00:00Z,-38.66324,-47.7985,0.0424,0.1542,123.0,2013-09-08T00:00:00Z,SVP
118513,2015-02-22T01:00:00Z,-38.65833,-47.79625,0.0888,0.1467,130.04166,2013-09-08T00:00:00Z,SVP
118513,2015-02-22T02:00:00Z,-38.65319,-47.79226,0.1037,0.1681,126.58333,2013-09-08T00:00:00Z,SVP
118513,2015-02-22T03:00:00Z,-38.64798,-47.78916,0.0322,0.1257,87.91667,2013-09-08T00:00:00Z,SVP
118513,2015-02-22T04:00:00Z,-38.64623,-47.78971,-0.0098,0.059,253.20834,2013-09-08T00:00:00Z,SVP
118513,2015-02-22T05:00:00Z,-38.64416,-47.7898,-0.0107,0.0386,228.58334,2013-09-08T00:00:00Z,SVP
118513,2015-02-22T06:00:00Z,-38.6429,-47.79041,-0.0092,0.0383,228.58334,2013-09-08T00:00:00Z,SVP
118513,2015-02-22T07:00:00Z,-38.64127,-47.79096,-0.0138,0.0535,242.54167,2013-09-08T00:00:00Z,SVP
118513,2015-02-22T08:00:00Z,-38.64005,-47.79139,-0.0452,0.0497,172.20833,2013-09-08T00:00:00Z,SVP
118513,2015-02-22T09:00:00Z,-38.63743,-47.79469,-0.1205,0.0539,0.0,2013-09-08T00:00:00Z,SVP
118513,2015-02-22T10:00:00Z,-38.63933,-47.7956,-0.0155,-0.0271,144.16667,2013-09-08T00:00:00Z,SVP
118513,2015-02-22T11:00:00Z,-38.63972,-47.79736,0.0105,0.0329,108.91667,2013-09-08T00:00:00Z,SVP
118513,2015-02-22T12:00:00Z,-38.64094,-47.79502,0.0697,-0.0473,140.70834,2013-09-08T00:00:00Z,SVP
118513,2015-02-22T13:00:00Z,-38.6421,-47.79142,-0.0072,0.0489,608.24994,2013-09-08T00:00:00Z,SVP
118513,2015-02-22T14:00:00Z,-38.64017,-47.79204,-0.0083,0.0494,608.24994,2013-09-08T00:00:00Z,SVP
118513,2015-02-22T15:00:00Z,-38.63834,-47.79234,-0.0084,0.0496,608.24994,2013-09-08T00:00:00Z,SVP
118513,2015-02-22T16:00:00Z,-38.63642,-47.79234,-0.0082,0.0497,608.24994,2013-09-08T00:00:00Z,SVP
118513,2015-02-22T17:00:00Z,-38.63429,-47.7919,-0.0578,0.0439,232.04169,2013-09-08T00:00:00Z,SVP
118513,2015-02-22T18:00:00Z,-38.63422,-47.79599,-0.0442,0.0426,232.04169,2013-09-08T00:00:00Z,SVP
118513,2015-02-22T19:00:00Z,-38.63418,-47.79963,-0.1162,-0.011,179.25,2013-09-08T00:00:00Z,SVP
118513,2015-02-22T20:00:00Z,-38.63512,-47.80374,-0.0757,-0.09,84.458336,2013-09-08T00:00:00Z,SVP
118513,2015-02-22T21:00:00Z,-38.63789,-47.80419,0.0144,-0.0921,158.25,2013-09-08T00:00:00Z,SVP
118513,2015-02-22T22:00:00Z,-38.63938,-47.80349,0.0272,-0.0201,151.20834,2013-09-08T00:00:00Z,SVP
118513,2015-02-22T23:00:00Z,-38.64091,-47.80167,-0.0117,0.002,84.458336,2013-09-08T00:00:00Z,SVP
118513,2015-02-23T00:00:00Z,-38.64014,-47.80248,-0.0318,0.0457,137.08333,2013-09-08T00:00:00Z,SVP
118513,2015-02-23T01:00:00Z,-38.63774,-47.7987,0.0887,0.0651,116.083336,2013-09-08T00:00:00Z,SVP
118513,2015-02-23T02:00:00Z,-38.63655,-47.79626,0.0824,0.0474,140.70834,2013-09-08T00:00:00Z,SVP
118513,2015-02-23T03:00:00Z,-38.63474,-47.795,0.0141,0.1747,249.58333,2013-09-08T00:00:00Z,SVP
118513,2015-02-23T04:00:00Z,-38.62888,-47.79534,0.0109,0.1759,249.58333,2013-09-08T00:00:00Z,SVP
118513,2015-02-23T05:00:00Z,-38.6233,-47.79376,0.0712,0.1916,263.7083,2013-09-08T00:00:00Z,SVP
118513,2015-02-23T06:00:00Z,-38.61683,-47.79023,0.0708,0.192,263.7083,2013-09-08T00:00:00Z,SVP
118513,2015-02-23T07:00:00Z,-38.61215,-47.78654,0.0701,0.103,102.0,2013-09-08T00:00:00Z,SVP
118513,2015-02-23T08:00:00Z,-38.60834,-47.78414,0.0818,0.1248,140.70834,2013-09-08T00:00:00Z,SVP
118513,2015-02-23T09:00:00Z,-38.60422,-47.78089,0.0829,0.1313,112.5,2013-09-08T00:00:00Z,SVP
118513,2015-02-23T10:00:00Z,-38.60071,-47.77694,0.1014,0.1121,123.0,2013-09-08T00:00:00Z,SVP
118513,2015-02-23T11:00:00Z,-38.59815,-47.7704,0.1682,0.0655,126.58333,2013-09-08T00:00:00Z,SVP
118513,2015-02-23T12:00:00Z,-38.59677,-47.76394,0.1858,0.1058,112.5,2013-09-08T00:00:00Z,SVP
118513,2015-02-23T13:00:00Z,-38.59298,-47.75666,0.1665,0.1286,137.08333,2013-09-08T00:00:00Z,SVP
118513,2015-02-23T14:00:00Z,-38.58869,-47.75277,0.0989,0.112,119.54167,2013-09-08T00:00:00Z,SVP
118513,2015-02-23T15:00:00Z,-38.58528,-47.74752,0.1291,0.1221,386.70834,2013-09-08T00:00:00Z,SVP
118513,2015-02-23T16:00:00Z,-38.58148,-47.74216,0.1306,0.122,386.70834,2013-09-08T00:00:00Z,SVP
118513,2015-02-23T17:00:00Z,-38.57822,-47.73587,0.272,0.0768,232.04169,2013-09-08T00:00:00Z,SVP
118513,2015-02-23T18:00:00Z,-38.57544,-47.72436,0.2769,0.0756,232.04169,2013-09-08T00:00:00Z,SVP
118513,2015-02-23T19:00:00Z,-38.57364,-47.70974,0.354,0.069,130.04166,2013-09-08T00:00:00Z,SVP
118513,2015-02-23T20:00:00Z,-38.56822,-47.69336,0.3801,0.2225,170.54166,2013-09-08T00:00:00Z,SVP
118513,2015-02-23T21:00:00Z,-38.56158,-47.68903,0.7145,0.3059,73.791664,2013-09-08T00:00:00Z,SVP
118513,2015-02-23T22:00:00Z,-38.54905,-47.66034,0.4566,0.4212,165.29167,2013-09-08T00:00:00Z,SVP
118513,2015-02-23T23:00:00Z,-38.53657,-47.65613,0.1908,0.3517,102.0,2013-09-08T00:00:00Z,SVP
118513,2015-02-24T00:00:00Z,-38.52777,-47.64813,0.0779,0.2112,137.08333,2013-09-08T00:00:00Z,SVP
118513,2015-02-24T01:00:00Z,-38.52132,-47.6412,0.3355,0.2185,119.54167,2013-09-08T00:00:00Z,SVP
118513,2015-02-24T02:00:00Z,-38.51287,-47.62382,0.1947,0.2637,135.29167,2013-09-08T00:00:00Z,SVP
118513,2015-02-24T03:00:00Z,-38.50538,-47.61598,0.1603,0.2522,244.33333,2013-09-08T00:00:00Z,SVP
118513,2015-02-24T04:00:00Z,-38.49542,-47.60893,0.159,0.2498,244.33333,2013-09-08T00:00:00Z,SVP
118513,2015-02-24T05:00:00Z,-38.48945,-47.60252,0.1564,0.1855,253.04166,2013-09-08T00:00:00Z,SVP
118513,2015-02-24T06:00:00Z,-38.48387,-47.59713,0.1346,0.1465,98.416664,2013-09-08T00:00:00Z,SVP
118513,2015-02-24T07:00:00Z,-38.47976,-47.58769,0.2319,0.1171,133.66667,2013-09-08T00:00:00Z,SVP
118513,2015-02-24T08:00:00Z,-38.47634,-47.57725,0.2787,0.0927,112.5,2013-09-08T00:00:00Z,SVP
118513,2015-02-24T09:00:00Z,-38.4732,-47.56452,0.3634,0.0966,140.70834,2013-09-08T00:00:00Z,SVP
118513,2015-02-24T10:00:00Z,-38.46978,-47.5465,0.4859,0.097,147.58333,2013-09-08T00:00:00Z,SVP
118513,2015-02-24T11:00:00Z,-38.46595,-47.52551,0.5891,0.1614,98.416664,2013-09-08T00:00:00Z,SVP
118513,2015-02-24T12:00:00Z,-38.45684,-47.50038,0.6089,0.3217,140.70834,2013-09-08T00:00:00Z,SVP
118513,2015-02-24T13:00:00Z,-38.44616,-47.49682,0.2593,0.3375,140.70834,2013-09-08T00:00:00Z,SVP
118513,2015-02-24T14:00:00Z,-38.437,-47.48619,0.4019,0.175,418.33334,2013-09-08T00:00:00Z,SVP
118513,2015-02-24T15:00:00Z,-38.43174,-47.46841,0.3957,0.1761,418.33334,2013-09-08T00:00:00Z,SVP
118513,2015-02-24T16:00:00Z,-38.42602,-47.45171,0.3932,0.1756,418.33334,2013-09-08T00:00:00Z,SVP
118513,2015-02-24T17:00:00Z,-38.42067,-47.43587,0.3919,0.1379,242.54167,2013-09-08T00:00:00Z,SVP
118513,2015-02-24T18:00:00Z,-38.41614,-47.41989,0.3908,0.1359,242.54167,2013-09-08T00:00:00Z,SVP
118513,2015-02-24T19:00:00Z,-38.41318,-47.40528,0.3513,0.0993,133.66667,2013-09-08T00:00:00Z,SVP
118513,2015-02-24T20:00:00Z,-38.40923,-47.38702,0.5403,0.1452,108.91667,2013-09-08T00:00:00Z,SVP
118513,2015-02-24T21:00:00Z,-38.40423,-47.36176,0.5144,0.1702,84.458336,2013-09-08T00:00:00Z,SVP
118513,2015-02-24T22:00:00Z,-38.39915,-47.3423,0.4276,0.1274,109.041664,2013-09-08T00:00:00Z,SVP
118513,2015-02-24T23:00:00Z,-38.39483,-47.32267,0.471,0.1275,249.58333,2013-09-08T00:00:00Z,SVP
118513,2015-02-25T00:00:00Z,-38.39047,-47.3023,0.5167,0.1482,91.33333,2013-09-08T00:00:00Z,SVP
118513,2015-02-25T01:00:00Z,-38.38411,-47.2813,0.5158,0.2369,144.16667,2013-09-08T00:00:00Z,SVP
118513,2015-02-25T02:00:00Z,-38.3764,-47.26312,0.4684,0.2206,115.958336,2013-09-08T00:00:00Z,SVP
118513,2015-02-25T03:00:00Z,-38.37126,-47.24301,0.4289,0.1206,274.2083,2013-09-08T00:00:00Z,SVP
118513,2015-02-25T04:00:00Z,-38.36702,-47.22445,0.4215,0.1119,274.2083,2013-09-08T00:00:00Z,SVP
118513,2015-02-25T05:00:00Z,-38.36392,-47.20796,0.4279,0.0938,249.58333,2013-09-08T00:00:00Z,SVP
118513,2015-02-25T06:00:00Z,-38.3594,-47.19194,0.3617,0.1645,70.333336,2013-09-08T00:00:00Z,SVP
118513,2015-02-25T07:00:00Z,-38.35351,-47.17775,0.3472,0.2005,175.79167,2013-09-08T00:00:00Z,SVP
118513,2015-02-25T08:00:00Z,-38.34837,-47.16184,0.2669,0.1298,172.20833,2013-09-08T00:00:00Z,SVP
118513,2015-02-25T09:00:00Z,-38.34451,-47.15065,0.2456,0.1113,70.333336,2013-09-08T00:00:00Z,SVP
118513,2015-02-25T10:00:00Z,-38.34187,-47.13869,0.301,0.0643,119.54167,2013-09-08T00:00:00Z,SVP
118513,2015-02-25T11:00:00Z,-38.33787,-47.12701,0.2296,0.1495,59.708332,2013-09-08T00:00:00Z,SVP
118513,2015-02-25T12:00:00Z,-38.33465,-47.11495,0.3695,0.1011,119.54167,2013-09-08T00:00:00Z,SVP
118513,2015-02-25T13:00:00Z,-38.32976,-47.09808,0.439,0.3044,116.083336,2013-09-08T00:00:00Z,SVP
118513,2015-02-25T14:00:00Z,-38.31996,-47.08024,0.4734,0.3264,439.5,2013-09-08T00:00:00Z,SVP
118513,2015-02-25T15:00:00Z,-38.3094,-47.06054,0.4751,0.3264,439.5,2013-09-08T00:00:00Z,SVP
118513,2015-02-25T16:00:00Z,-38.29885,-47.04173,0.4783,0.3265,439.5,2013-09-08T00:00:00Z,SVP
118513,2015-02-25T17:00:00Z,-38.28881,-47.02045,0.5343,0.3124,253.20834,2013-09-08T00:00:00Z,SVP
118513,2015-02-25T18:00:00Z,-38.27839,-46.99753,0.5291,0.3119,253.20834,2013-09-08T00:00:00Z,SVP
118513,2015-02-25T19:00:00Z,-38.27035,-46.98175,0.3079,0.2647,126.58333,2013-09-08T00:00:00Z,SVP
118513,2015-02-25T20:00:00Z,-38.26064,-46.96843,0.3575,0.3607,77.41667,2013-09-08T00:00:00Z,SVP
118513,2015-02-25T21:00:00Z,-38.24727,-46.95299,0.3747,0.4109,172.20833,2013-09-08T00:00:00Z,SVP
118513,2015-02-25T22:00:00Z,-38.23294,-46.95286,-0.1324,0.4718,340.95834,2013-09-08T00:00:00Z,SVP
118513,2015-02-25T23:00:00Z,-38.21624,-46.95863,-0.1345,0.4909,340.95834,2013-09-08T00:00:00Z,SVP
118513,2015-02-26T00:00:00Z,-38.19834,-46.96517,-0.1398,0.5072,340.95834,2013-09-08T00:00:00Z,SVP
118513,2015-02-26T01:00:00Z,-38.18682,-46.96158,-0.0308,0.3117,253.20834,2013-09-08T00:00:00Z,SVP
118513,2015-02-26T02:00:00Z,-38.17689,-46.96047,-0.0266,0.2547,295.33334,2013-09-08T00:00:00Z,SVP
118513,2015-02-26T03:00:00Z,-38.16888,-46.96434,-0.0108,0.2499,295.33334,2013-09-08T00:00:00Z,SVP
118513,2015-02-26T04:00:00Z,-38.1609,-46.9656,-0.0142,0.1715,246.16667,2013-09-08T00:00:00Z,SVP
118513,2015-02-26T05:00:00Z,-38.157,-46.96454,-0.0207,0.1783,246.16667,2013-09-08T00:00:00Z,SVP
118513,2015-02-26T06:00:00Z,-38.15232,-46.96453,0.0192,0.1245,256.66666,2013-09-08T00:00:00Z,SVP
118513,2015-02-26T07:00:00Z,-38.14585,-46.96588,0.0052,0.141,256.66666,2013-09-08T00:00:00Z,SVP
118513,2015-02-26T08:00:00Z,-38.1457,-46.95557,0.2702,0.0458,207.45834,2013-09-08T00:00:00Z,SVP
118513,2015-02-26T09:00:00Z,-38.14511,-46.94437,0.2864,-0.0653,0.0,2013-09-08T00:00:00Z,SVP
118513,2015-02-26T10:00:00Z,-38.14813,-46.93116,0.3143,-0.0849,182.83333,2013-09-08T00:00:00Z,SVP
118513,2015-02-26T11:00:00Z,-38.14954,-46.91731,0.3698,-0.0069,116.083336,2013-09-08T00:00:00Z,SVP
118513,2015-02-26T12:00:00Z,-38.14953,-46.90099,0.4289,0.0079,137.08333,2013-09-08T00:00:00Z,SVP
118513,2015-02-26T13:00:00Z,-38.14902,-46.8838,0.3829,0.0081,119.54167,2013-09-08T00:00:00Z,SVP
118513,2015-02-26T14:00:00Z,-38.14898,-46.87061,0.3062,0.0067,453.5833,2013-09-08T00:00:00Z,SVP
118513,2015-02-26T15:00:00Z,-38.14885,-46.85805,0.3059,0.0064,453.5833,2013-09-08T00:00:00Z,SVP
118513,2015-02-26T16:00:00Z,-38.14865,-46.84521,0.3058,0.0063,453.5833,2013-09-08T00:00:00Z,SVP
118513,2015-02-26T17:00:00Z,-38.14953,-46.83464,0.2691,-0.0199,253.20834,2013-09-08T00:00:00Z,SVP
118513,2015-02-26T18:00:00Z,-38.14962,-46.82338,0.2196,-0.0559,214.33334,2013-09-08T00:00:00Z,SVP
118513,2015-02-26T19:00:00Z,-38.15239,-46.81774,0.1966,-0.0538,214.33334,2013-09-08T00:00:00Z,SVP
118513,2015-02-26T20:00:00Z,-38.15454,-46.80542,0.3207,-0.078,274.2083,2013-09-08T00:00:00Z,SVP
118513,2015-02-26T21:00:00Z,-38.1557,-46.78025,0.3519,-0.0683,274.2083,2013-09-08T00:00:00Z,SVP
118513,2015-02-26T22:00:00Z,-38.16311,-46.77605,0.3427,-0.2611,239.08334,2013-09-08T00:00:00Z,SVP
118513,2015-02-26T23:00:00Z,-38.17119,-46.76074,0.2781,-0.2961,147.58333,2013-09-08T00:00:00Z,SVP
118513,2015-02-27T00:00:00Z,-38.18195,-46.74879,0.2746,-0.3033,140.70834,2013-09-08T00:00:00Z,SVP
118513,2015-02-27T01:00:00Z,-38.19172,-46.7369,0.2943,-0.333,115.958336,2013-09-08T00:00:00Z,SVP
118513,2015-02-27T02:00:00Z,-38.20269,-46.72144,0.4029,-0.3573,140.70834,2013-09-08T00:00:00Z,SVP
118513,2015-02-27T03:00:00Z,-38.21408,-46.70271,0.4818,-0.3416,116.083336,2013-09-08T00:00:00Z,SVP
118513,2015-02-27T04:00:00Z,-38.22562,-46.67678,0.7947,-0.3058,274.2083,2013-09-08T00:00:00Z,SVP
118513,2015-02-27T05:00:00Z,-38.23644,-46.6519,0.6808,-0.3048,274.2083,2013-09-08T00:00:00Z,SVP
118513,2015-02-27T06:00:00Z,-38.24474,-46.61778,0.9297,-0.1792,221.54167,2013-09-08T00:00:00Z,SVP
118513,2015-02-27T07:00:00Z,-38.24972,-46.5768,0.7554,0.1936,161.70833,2013-09-08T00:00:00Z,SVP
118513,2015-02-27T08:00:00Z,-38.24318,-46.54659,0.7569,0.2153,161.70833,2013-09-08T00:00:00Z,SVP
118513,2015-02-27T09:00:00Z,-38.23023,-46.50907,0.989,0.3988,179.25,2013-09-08T00:00:00Z,SVP
118513,2015-02-27T10:00:00Z,-38.2163,-46.47003,0.9425,0.4191,105.458336,2013-09-08T00:00:00Z,SVP
118513,2015-02-27T11:00:00Z,-38.20154,-46.4429,0.5515,0.6568,115.958336,2013-09-08T00:00:00Z,SVP
118513,2015-02-27T12:00:00Z,-38.1786,-46.42103,0.5047,0.7334,253.20834,2013-09-08T00:00:00Z,SVP
118513,2015-02-27T13:00:00Z,-38.15519,-46.40089,0.2745,0.7306,126.58333,2013-09-08T00:00:00Z,SVP
118513,2015-02-27T14:00:00Z,-38.13506,-46.3911,0.2903,0.4216,351.58334,2013-09-08T00:00:00Z,SVP
118513,2015-02-27T15:00:00Z,-38.12244,-46.37852,0.2914,0.4334,351.58334,2013-09-08T00:00:00Z,SVP
118513,2015-02-27T16:00:00Z,-38.10783,-46.36706,0.2963,0.4036,351.58334,2013-09-08T00:00:00Z,SVP
118513,2015-02-27T17:00:00Z,-38.09978,-46.35518,0.2936,0.2324,249.58333,2013-09-08T00:00:00Z,SVP
118513,2015-02-27T18:00:00Z,-38.093,-46.342,0.2569,0.1219,214.33334,2013-09-08T00:00:00Z,SVP
118513,2015-02-27T19:00:00Z,-38.09022,-46.3355,0.257,0.1336,214.33334,2013-09-08T00:00:00Z,SVP
118513,2015-02-27T20:00:00Z,-38.08781,-46.3211,0.3789,0.0414,253.20834,2013-09-08T00:00:00Z,SVP
118513,2015-02-27T21:00:00Z,-38.08501,-46.30433,0.6276,0.0516,260.0833,2013-09-08T00:00:00Z,SVP
118513,2015-02-27T22:00:00Z,-38.08493,-46.27795,0.6335,0.0448,260.0833,2013-09-08T00:00:00Z,SVP
118513,2015-02-27T23:00:00Z,-38.08981,-46.25064,0.7529,0.3626,130.04166,2013-09-08T00:00:00Z,SVP
118513,2015-02-28T00:00:00Z,-38.07891,-46.21929,0.7808,0.1488,140.70834,2013-09-08T00:00:00Z,SVP
118513,2015-02-28T01:00:00Z,-38.07702,-46.18623,0.824,0.0155,115.958336,2013-09-08T00:00:00Z,SVP
118513,2015-02-28T02:00:00Z,-38.07655,-46.14669,0.9551,-5.0E-4,376.2083,2013-09-08T00:00:00Z,SVP
118513,2015-02-28T03:00:00Z,-38.07681,-46.10802,0.9592,1.0E-4,376.2083,2013-09-08T00:00:00Z,SVP
118513,2015-02-28T04:00:00Z,-38.07754,-46.06781,1.079,-0.0241,242.54167,2013-09-08T00:00:00Z,SVP
118513,2015-02-28T05:00:00Z,-38.07704,-46.02295,1.0762,-0.0192,242.54167,2013-09-08T00:00:00Z,SVP
118513,2015-02-28T06:00:00Z,-38.07979,-45.97885,1.0762,-0.0502,193.33334,2013-09-08T00:00:00Z,SVP
118513,2015-02-28T07:00:00Z,-38.08125,-45.93701,0.9807,-0.0029,246.16667,2013-09-08T00:00:00Z,SVP
118513,2015-02-28T08:00:00Z,-38.07917,-45.89722,0.9787,-0.0179,246.16667,2013-09-08T00:00:00Z,SVP
118513,2015-02-28T09:00:00Z,-38.08155,-45.85914,0.8972,-0.0347,144.16667,2013-09-08T00:00:00Z,SVP
118513,2015-02-28T10:00:00Z,-38.08345,-45.82663,0.7576,-0.0914,253.20834,2013-09-08T00:00:00Z,SVP
118513,2015-02-28T11:00:00Z,-38.08673,-45.794,0.7688,-0.1184,115.958336,2013-09-08T00:00:00Z,SVP
118513,2015-02-28T12:00:00Z,-38.09224,-45.75894,0.9659,-0.239,123.0,2013-09-08T00:00:00Z,SVP
118513,2015-02-28T13:00:00Z,-38.10298,-45.72034,0.8662,-0.3644,144.16667,2013-09-08T00:00:00Z,SVP
118513,2015-02-28T14:00:00Z,-38.11537,-45.68416,0.8524,-0.3986,393.75,2013-09-08T00:00:00Z,SVP
118513,2015-02-28T15:00:00Z,-38.12725,-45.64959,0.851,-0.3914,393.75,2013-09-08T00:00:00Z,SVP
118513,2015-02-28T16:00:00Z,-38.13876,-45.61543,0.8498,-0.3874,393.75,2013-09-08T00:00:00Z,SVP
118513,2015-02-28T17:00:00Z,-38.15745,-45.57477,0.9952,-0.5338,228.45833,2013-09-08T00:00:00Z,SVP
118513,2015-02-28T18:00:00Z,-38.17466,-45.53418,1.0012,-0.5381,182.83333,2013-09-08T00:00:00Z,SVP
118513,2015-02-28T19:00:00Z,-38.19213,-45.49458,0.7825,-0.5627,66.91667,2013-09-08T00:00:00Z,SVP
118513,2015-02-28T20:00:00Z,-38.21241,-45.46213,0.7931,-0.6774,186.29166,2013-09-08T00:00:00Z,SVP
118513,2015-02-28T21:00:00Z,-38.23684,-45.4218,1.0862,-0.847,246.16667,2013-09-08T00:00:00Z,SVP
118513,2015-02-28T22:00:00Z,-38.26475,-45.3744,1.0457,-0.8442,246.16667,2013-09-08T00:00:00Z,SVP
118513,2015-02-28T23:00:00Z,-38.2935,-45.3364,0.9778,-0.8984,158.25,2013-09-08T00:00:00Z,SVP
118513,2015-03-01T00:00:00Z,-38.32433,-45.29845,0.8996,-0.9438,235.50002,2013-09-08T00:00:00Z,SVP
118513,2015-03-01T01:00:00Z,-38.35426,-45.26152,0.7648,-0.9211,144.16667,2013-09-08T00:00:00Z,SVP
118513,2015-03-01T02:00:00Z,-38.38463,-45.22979,0.7656,-0.8761,267.16666,2013-09-08T00:00:00Z,SVP
118513,2015-03-01T03:00:00Z,-38.4125,-45.19869,0.7681,-0.8779,267.16666,2013-09-08T00:00:00Z,SVP
118513,2015-03-01T04:00:00Z,-38.44084,-45.16495,0.8481,-0.8643,242.54167,2013-09-08T00:00:00Z,SVP
118513,2015-03-01T05:00:00Z,-38.46917,-45.12873,0.839,-0.8629,242.54167,2013-09-08T00:00:00Z,SVP
118513,2015-03-01T06:00:00Z,-38.49635,-45.09502,0.8326,-0.8371,158.25,2013-09-08T00:00:00Z,SVP
118513,2015-03-01T07:00:00Z,-38.51606,-45.06987,0.5934,-0.5943,246.16667,2013-09-08T00:00:00Z,SVP
118513,2015-03-01T08:00:00Z,-38.53621,-45.04471,0.5983,-0.6037,59.708332,2013-09-08T00:00:00Z,SVP
118513,2015-03-01T09:00:00Z,-38.55714,-45.02271,0.4693,-0.6858,119.54167,2013-09-08T00:00:00Z,SVP
118513,2015-03-01T10:00:00Z,-38.57925,-45.00434,0.4064,-0.6541,130.04166,2013-09-08T00:00:00Z,SVP
118513,2015-03-01T11:00:00Z,-38.5992,-44.98959,0.3786,-0.5871,165.29167,2013-09-08T00:00:00Z,SVP
118513,2015-03-01T12:00:00Z,-38.61676,-44.97255,0.3527,-0.5249,108.91667,2013-09-08T00:00:00Z,SVP
118513,2015-03-01T13:00:00Z,-38.63421,-44.96119,0.2197,-0.5874,133.66667,2013-09-08T00:00:00Z,SVP
118513,2015-03-01T14:00:00Z,-38.65218,-44.95698,0.1331,-0.6436,284.70834,2013-09-08T00:00:00Z,SVP
118513,2015-03-01T15:00:00Z,-38.67357,-44.94124,0.2616,-0.6451,284.70834,2013-09-08T00:00:00Z,SVP
118513,2015-03-01T16:00:00Z,-38.69376,-44.93191,0.0804,-0.6534,242.54167,2013-09-08T00:00:00Z,SVP
118513,2015-03-01T17:00:00Z,-38.71579,-44.94043,0.1182,-0.6609,242.54167,2013-09-08T00:00:00Z,SVP
118513,2015-03-01T18:00:00Z,-38.74145,-44.92486,0.0999,-0.7473,140.70834,2013-09-08T00:00:00Z,SVP
118513,2015-03-01T19:00:00Z,-38.76933,-44.91866,0.2707,-0.7908,154.66667,2013-09-08T00:00:00Z,SVP
118513,2015-03-01T20:00:00Z,-38.79323,-44.90666,0.5228,-0.7882,77.41667,2013-09-08T00:00:00Z,SVP
118513,2015-03-01T21:00:00Z,-38.81933,-44.88456,0.5102,-0.6956,172.20833,2013-09-08T00:00:00Z,SVP
118513,2015-03-01T22:00:00Z,-38.84072,-44.86405,0.4567,-0.5855,330.45834,2013-09-08T00:00:00Z,SVP
118513,2015-03-01T23:00:00Z,-38.85937,-44.84444,0.4623,-0.5807,330.45834,2013-09-08T00:00:00Z,SVP
118513,2015-03-02T00:00:00Z,-38.87736,-44.82313,0.4926,-0.2933,94.958336,2013-09-08T00:00:00Z,SVP
118513,2015-03-02T01:00:00Z,-38.8872,-44.79705,0.6061,-0.3216,140.70834,2013-09-08T00:00:00Z,SVP
118513,2015-03-02T02:00:00Z,-38.8977,-44.77441,0.4304,-0.3074,115.958336,2013-09-08T00:00:00Z,SVP
118513,2015-03-02T03:00:00Z,-38.9046,-44.75627,0.443,-0.1716,172.33334,2013-09-08T00:00:00Z,SVP
118513,2015-03-02T04:00:00Z,-38.91047,-44.73719,0.4681,-0.1645,239.08334,2013-09-08T00:00:00Z,SVP
118513,2015-03-02T05:00:00Z,-38.91471,-44.71833,0.4409,-0.1509,130.04166,2013-09-08T00:00:00Z,SVP
118513,2015-03-02T06:00:00Z,-38.92006,-44.70425,0.2713,-0.1183,94.958336,2013-09-08T00:00:00Z,SVP
118513,2015-03-02T07:00:00Z,-38.92456,-44.69251,0.2856,-0.16,133.66667,2013-09-08T00:00:00Z,SVP
118513,2015-03-02T08:00:00Z,-38.9318,-44.67949,0.2835,-0.3616,161.70833,2013-09-08T00:00:00Z,SVP
118513,2015-03-02T09:00:00Z,-38.9444,-44.66874,0.2885,-0.3569,161.70833,2013-09-08T00:00:00Z,SVP
118513,2015-03-02T10:00:00Z,-38.95642,-44.65498,0.3718,-0.4127,56.25,2013-09-08T00:00:00Z,SVP
118513,2015-03-02T11:00:00Z,-38.97119,-44.63461,0.5023,-0.3964,93.166664,2013-09-08T00:00:00Z,SVP
118513,2015-03-02T12:00:00Z,-38.98344,-44.6195,0.6362,-0.382,163.5,2013-09-08T00:00:00Z,SVP
118513,2015-03-02T13:00:00Z,-38.99616,-44.59258,0.6433,-0.4107,112.5,2013-09-08T00:00:00Z,SVP
118513,2015-03-02T14:00:00Z,-39.00902,-44.56587,0.6669,-0.4015,334.04166,2013-09-08T00:00:00Z,SVP
118513,2015-03-02T15:00:00Z,-39.02257,-44.53751,0.67,-0.4031,334.04166,2013-09-08T00:00:00Z,SVP
118513,2015-03-02T16:00:00Z,-39.03551,-44.50492,0.9513,-0.3849,225.0,2013-09-08T00:00:00Z,SVP
118513,2015-03-02T17:00:00Z,-39.04709,-44.46262,0.9115,-0.3885,225.0,2013-09-08T00:00:00Z,SVP
118513,2015-03-02T18:00:00Z,-39.05857,-44.42626,0.8963,-0.3415,253.20834,2013-09-08T00:00:00Z,SVP
118513,2015-03-02T19:00:00Z,-39.07005,-44.38971,0.7456,-0.024,84.458336,2013-09-08T00:00:00Z,SVP
118513,2015-03-02T20:00:00Z,-39.074,-44.35509,0.9712,-0.2997,73.791664,2013-09-08T00:00:00Z,SVP
118513,2015-03-02T21:00:00Z,-39.08489,-44.3151,0.992,-0.4019,144.16667,2013-09-08T00:00:00Z,SVP
118513,2015-03-02T22:00:00Z,-39.09739,-44.27541,0.7959,-0.1683,330.45834,2013-09-08T00:00:00Z,SVP
118513,2015-03-02T23:00:00Z,-39.10145,-44.24345,0.8013,-0.1809,330.45834,2013-09-08T00:00:00Z,SVP
118513,2015-03-03T00:00:00Z,-39.10692,-44.21043,0.8043,-0.1873,330.45834,2013-09-08T00:00:00Z,SVP
118513,2015-03-03T01:00:00Z,-39.11289,-44.16948,1.0859,-0.173,112.5,2013-09-08T00:00:00Z,SVP
118513,2015-03-03T02:00:00Z,-39.11798,-44.12108,1.1566,-0.0897,196.95833,2013-09-08T00:00:00Z,SVP
118513,2015-03-03T03:00:00Z,-39.12236,-44.07697,1.205,-0.0734,196.95833,2013-09-08T00:00:00Z,SVP
118513,2015-03-03T04:00:00Z,-39.12268,-44.02513,1.147,0.0114,249.58333,2013-09-08T00:00:00Z,SVP
118513,2015-03-03T05:00:00Z,-39.12129,-43.97666,1.1223,0.1306,228.45833,2013-09-08T00:00:00Z,SVP
118513,2015-03-03T06:00:00Z,-39.11659,-43.93263,1.1358,0.136,228.45833,2013-09-08T00:00:00Z,SVP
118513,2015-03-03T07:00:00Z,-39.10866,-43.88185,1.3503,0.3627,91.33333,2013-09-08T00:00:00Z,SVP
118513,2015-03-03T08:00:00Z,-39.0975,-43.8272,1.3353,0.3221,144.16667,2013-09-08T00:00:00Z,SVP
118513,2015-03-03T09:00:00Z,-39.08816,-43.77233,1.277,0.2452,109.041664,2013-09-08T00:00:00Z,SVP
118513,2015-03-03T10:00:00Z,-39.07895,-43.72283,1.1533,0.2956,210.91667,2013-09-08T00:00:00Z,SVP
118513,2015-03-03T11:00:00Z,-39.06972,-43.67134,0.9576,0.3083,112.5,2013-09-08T00:00:00Z,SVP
118513,2015-03-03T12:00:00Z,-39.06111,-43.63024,1.0368,0.2365,144.16667,2013-09-08T00:00:00Z,SVP
118513,2015-03-03T13:00:00Z,-39.0538,-43.58539,1.0857,0.1927,112.5,2013-09-08T00:00:00Z,SVP
118513,2015-03-03T14:00:00Z,-39.03923,-43.54631,0.9422,0.4212,334.04166,2013-09-08T00:00:00Z,SVP
118513,2015-03-03T15:00:00Z,-39.04404,-43.49809,1.0463,0.1657,334.04166,2013-09-08T00:00:00Z,SVP
118513,2015-03-03T16:00:00Z,-39.0113,-43.46367,0.7427,0.4733,239.08334,2013-09-08T00:00:00Z,SVP
118513,2015-03-03T17:00:00Z,-38.99651,-43.43344,0.7391,0.5194,225.0,2013-09-08T00:00:00Z,SVP
118513,2015-03-03T18:00:00Z,-38.98022,-43.40192,0.74,0.5188,225.0,2013-09-08T00:00:00Z,SVP
118513,2015-03-03T19:00:00Z,-38.96574,-43.37635,0.4393,0.336,66.75,2013-09-08T00:00:00Z,SVP
118513,2015-03-03T20:00:00Z,-38.95403,-43.35182,0.6471,0.3563,179.41666,2013-09-08T00:00:00Z,SVP
118513,2015-03-03T21:00:00Z,-38.94124,-43.32517,0.456,0.4911,123.0,2013-09-08T00:00:00Z,SVP
118513,2015-03-03T22:00:00Z,-38.92933,-43.30821,0.3249,0.2949,66.75,2013-09-08T00:00:00Z,SVP
118513,2015-03-03T23:00:00Z,-38.92238,-43.29577,0.3805,0.1563,172.33334,2013-09-08T00:00:00Z,SVP
118513,2015-03-04T00:00:00Z,-38.91705,-43.27905,0.4571,0.1984,140.70834,2013-09-08T00:00:00Z,SVP
118513,2015-03-04T01:00:00Z,-38.90956,-43.25806,0.5444,0.2655,112.5,2013-09-08T00:00:00Z,SVP
118513,2015-03-04T02:00:00Z,-38.90002,-43.23554,0.5457,0.3043,126.58333,2013-09-08T00:00:00Z,SVP
118513,2015-03-04T03:00:00Z,-38.89478,-43.22494,0.0625,0.108,228.45833,2013-09-08T00:00:00Z,SVP
118513,2015-03-04T04:00:00Z,-38.88971,-43.20748,0.3557,0.1108,228.45833,2013-09-08T00:00:00Z,SVP
118513,2015-03-04T05:00:00Z,-38.8862,-43.19263,0.3969,0.1181,214.5,2013-09-08T00:00:00Z,SVP
118513,2015-03-04T06:00:00Z,-38.88304,-43.17588,0.4858,0.1824,75.583336,2013-09-08T00:00:00Z,SVP
118513,2015-03-04T07:00:00Z,-38.87683,-43.15677,0.4513,0.1963,170.54166,2013-09-08T00:00:00Z,SVP
118513,2015-03-04T08:00:00Z,-38.87034,-43.13873,0.4144,0.1934,105.458336,2013-09-08T00:00:00Z,SVP
118513,2015-03-04T09:00:00Z,-38.86354,-43.12218,0.3973,0.2173,246.16667,2013-09-08T00:00:00Z,SVP
118513,2015-03-04T10:00:00Z,-38.85701,-43.10572,0.3965,0.2146,246.16667,2013-09-08T00:00:00Z,SVP
118513,2015-03-04T11:00:00Z,-38.84911,-43.09022,0.3706,0.2263,112.5,2013-09-08T00:00:00Z,SVP
118513,2015-03-04T12:00:00Z,-38.84192,-43.07903,0.178,0.1124,116.083336,2013-09-08T00:00:00Z,SVP
118513,2015-03-04T13:00:00Z,-38.83598,-43.07091,0.1764,0.053,611.7083,2013-09-08T00:00:00Z,SVP
118513,2015-03-04T14:00:00Z,-38.83456,-43.06371,0.1765,0.0535,611.7083,2013-09-08T00:00:00Z,SVP
118513,2015-03-04T15:00:00Z,-38.83277,-43.05662,0.1767,0.0531,611.7083,2013-09-08T00:00:00Z,SVP
118513,2015-03-04T16:00:00Z,-38.8308,-43.04972,0.1773,0.0518,611.7083,2013-09-08T00:00:00Z,SVP
118513,2015-03-04T17:00:00Z,-38.82933,-43.04236,0.2529,0.0023,232.04169,2013-09-08T00:00:00Z,SVP
118513,2015-03-04T18:00:00Z,-38.83018,-43.03119,0.252,7.0E-4,232.04169,2013-09-08T00:00:00Z,SVP
118513,2015-03-04T19:00:00Z,-38.8342,-43.02092,0.1851,-0.244,154.66667,2013-09-08T00:00:00Z,SVP
118513,2015-03-04T20:00:00Z,-38.84143,-43.01284,0.2253,-0.193,94.958336,2013-09-08T00:00:00Z,SVP
118513,2015-03-04T21:00:00Z,-38.84716,-43.00003,0.3864,-0.144,161.70833,2013-09-08T00:00:00Z,SVP
118513,2015-03-04T22:00:00Z,-38.85188,-42.98367,0.3925,-0.1258,94.958336,2013-09-08T00:00:00Z,SVP
118513,2015-03-04T23:00:00Z,-38.85515,-42.96778,0.2015,-0.1039,182.83333,2013-09-08T00:00:00Z,SVP
118513,2015-03-05T00:00:00Z,-38.858,-42.95853,0.2146,-0.064,123.0,2013-09-08T00:00:00Z,SVP
118513,2015-03-05T01:00:00Z,-38.85908,-42.9433,0.2583,7.0E-4,144.16667,2013-09-08T00:00:00Z,SVP
118513,2015-03-05T02:00:00Z,-38.8563,-42.93499,0.1888,-0.0796,116.083336,2013-09-08T00:00:00Z,SVP
118513,2015-03-05T03:00:00Z,-38.86021,-42.92533,0.1268,-0.0546,221.41666,2013-09-08T00:00:00Z,SVP
118513,2015-03-05T04:00:00Z,-38.86133,-42.92039,0.1274,-0.0591,221.41666,2013-09-08T00:00:00Z,SVP
118513,2015-03-05T05:00:00Z,-38.86234,-42.91498,0.1104,-0.0115,239.08334,2013-09-08T00:00:00Z,SVP
118513,2015-03-05T06:00:00Z,-38.86305,-42.90983,0.1567,-0.0374,52.666664,2013-09-08T00:00:00Z,SVP
118513,2015-03-05T07:00:00Z,-38.86728,-42.90355,0.1522,-0.1371,182.83333,2013-09-08T00:00:00Z,SVP
118513,2015-03-05T08:00:00Z,-38.87144,-42.90515,-0.235,-0.1712,77.41667,2013-09-08T00:00:00Z,SVP
118513,2015-03-05T09:00:00Z,-38.87779,-42.91317,-0.1377,-0.2393,168.75,2013-09-08T00:00:00Z,SVP
118513,2015-03-05T10:00:00Z,-38.88662,-42.91275,0.0764,-0.3541,123.0,2013-09-08T00:00:00Z,SVP
118513,2015-03-05T11:00:00Z,-38.89851,-42.90994,0.0604,-0.4002,130.04166,2013-09-08T00:00:00Z,SVP
118513,2015-03-05T12:00:00Z,-38.9121,-42.90751,0.058,-0.4449,126.58333,2013-09-08T00:00:00Z,SVP
118513,2015-03-05T13:00:00Z,-38.92948,-42.90706,0.0057,-0.5833,140.70834,2013-09-08T00:00:00Z,SVP
118513,2015-03-05T14:00:00Z,-38.94884,-42.8955,0.1979,-0.6235,488.7083,2013-09-08T00:00:00Z,SVP
118513,2015-03-05T15:00:00Z,-38.96902,-42.88657,0.199,-0.6237,488.7083,2013-09-08T00:00:00Z,SVP
118513,2015-03-05T16:00:00Z,-38.98895,-42.87837,0.1994,-0.6233,488.7083,2013-09-08T00:00:00Z,SVP
118513,2015-03-05T17:00:00Z,-39.00824,-42.86644,0.3953,-0.6071,217.95833,2013-09-08T00:00:00Z,SVP
118513,2015-03-05T18:00:00Z,-39.03104,-42.84561,0.349,-0.6363,217.95833,2013-09-08T00:00:00Z,SVP
118513,2015-03-05T19:00:00Z,-39.04087,-42.8327,0.3981,-0.4924,214.5,2013-09-08T00:00:00Z,SVP
118513,2015-03-05T20:00:00Z,-39.05539,-42.81494,0.478,-0.3075,84.458336,2013-09-08T00:00:00Z,SVP
118513,2015-03-05T21:00:00Z,-39.06324,-42.79451,0.4972,-0.2776,179.25,2013-09-08T00:00:00Z,SVP
118513,2015-03-05T22:00:00Z,-39.07102,-42.77927,0.27,-0.1665,193.33334,2013-09-08T00:00:00Z,SVP
118513,2015-03-05T23:00:00Z,-39.07668,-42.76783,0.2664,-0.1512,193.33334,2013-09-08T00:00:00Z,SVP
118513,2015-03-06T00:00:00Z,-39.07321,-42.75849,0.2598,0.3416,115.958336,2013-09-08T00:00:00Z,SVP
118513,2015-03-06T01:00:00Z,-39.06121,-42.7468,0.3316,0.4115,140.70834,2013-09-08T00:00:00Z,SVP
118513,2015-03-06T02:00:00Z,-39.04835,-42.73275,0.2178,0.3567,116.083336,2013-09-08T00:00:00Z,SVP
118513,2015-03-06T03:00:00Z,-39.03866,-42.72749,0.0897,0.262,242.54167,2013-09-08T00:00:00Z,SVP
118513,2015-03-06T04:00:00Z,-39.02959,-42.71929,0.137,0.2604,242.54167,2013-09-08T00:00:00Z,SVP
118513,2015-03-06T05:00:00Z,-39.02295,-42.7215,0.0588,0.217,239.08334,2013-09-08T00:00:00Z,SVP
118513,2015-03-06T06:00:00Z,-39.01627,-42.7213,-0.015,0.1855,246.16667,2013-09-08T00:00:00Z,SVP
118513,2015-03-06T07:00:00Z,-39.01018,-42.70931,0.162,0.1855,246.16667,2013-09-08T00:00:00Z,SVP
118513,2015-03-06T08:00:00Z,-39.00856,-42.72102,0.1818,-0.0996,193.33334,2013-09-08T00:00:00Z,SVP
118513,2015-03-06T09:00:00Z,-39.0127,-42.71394,0.1955,-0.0903,193.33334,2013-09-08T00:00:00Z,SVP
118513,2015-03-06T10:00:00Z,-39.01354,-42.70518,0.2113,-0.0236,203.83333,2013-09-08T00:00:00Z,SVP
118513,2015-03-06T11:00:00Z,-39.01224,-42.69522,0.2555,0.0444,119.54167,2013-09-08T00:00:00Z,SVP
118513,2015-03-06T12:00:00Z,-39.01028,-42.68098,0.309,0.1002,133.66667,2013-09-08T00:00:00Z,SVP
118513,2015-03-06T13:00:00Z,-39.0047,-42.67246,0.2037,0.2056,116.083336,2013-09-08T00:00:00Z,SVP
118513,2015-03-06T14:00:00Z,-38.99866,-42.66409,0.1937,0.1648,400.79166,2013-09-08T00:00:00Z,SVP
118513,2015-03-06T15:00:00Z,-38.99284,-42.65586,0.1933,0.167,400.79166,2013-09-08T00:00:00Z,SVP
118513,2015-03-06T16:00:00Z,-38.9863,-42.64675,0.1946,0.1712,400.79166,2013-09-08T00:00:00Z,SVP
118513,2015-03-06T17:00:00Z,-38.98215,-42.6406,0.0854,0.1083,253.20834,2013-09-08T00:00:00Z,SVP
118513,2015-03-06T18:00:00Z,-38.97997,-42.63695,0.0806,0.1238,253.20834,2013-09-08T00:00:00Z,SVP
118513,2015-03-06T19:00:00Z,-38.97474,-42.63627,0.0105,0.1444,96.583336,2013-09-08T00:00:00Z,SVP
118513,2015-03-06T20:00:00Z,-38.97056,-42.63448,0.1433,0.0809,149.41667,2013-09-08T00:00:00Z,SVP
118513,2015-03-06T21:00:00Z,-38.96854,-42.62851,0.148,0.0421,80.83333,2013-09-08T00:00:00Z,SVP
118513,2015-03-06T22:00:00Z,-38.97112,-42.62785,0.0038,-0.0875,172.20833,2013-09-08T00:00:00Z,SVP
118513,2015-03-06T23:00:00Z,-38.97358,-42.62751,0.0522,0.103,98.416664,2013-09-08T00:00:00Z,SVP
118513,2015-03-07T00:00:00Z,-38.97031,-42.62401,0.0726,0.0597,115.958336,2013-09-08T00:00:00Z,SVP
118513,2015-03-07T01:00:00Z,-38.96987,-42.61954,0.1243,-0.0198,123.166664,2013-09-08T00:00:00Z,SVP
118513,2015-03-07T02:00:00Z,-38.97167,-42.61462,0.0539,-0.0995,305.83334,2013-09-08T00:00:00Z,SVP
118513,2015-03-07T03:00:00Z,-38.9745,-42.61303,0.0534,-0.097,305.83334,2013-09-08T00:00:00Z,SVP
118513,2015-03-07T04:00:00Z,-38.9763,-42.61147,0.0541,-0.089,305.83334,2013-09-08T00:00:00Z,SVP
118513,2015-03-07T05:00:00Z,-38.98312,-42.60807,0.061,-0.2123,242.54167,2013-09-08T00:00:00Z,SVP
118513,2015-03-07T06:00:00Z,-38.99054,-42.60459,0.1025,-0.2592,196.95833,2013-09-08T00:00:00Z,SVP
118513,2015-03-07T07:00:00Z,-38.99951,-42.60168,0.1904,-0.268,249.58333,2013-09-08T00:00:00Z,SVP
118513,2015-03-07T08:00:00Z,-39.00768,-42.59267,0.1871,-0.2667,249.58333,2013-09-08T00:00:00Z,SVP
118513,2015-03-07T09:00:00Z,-39.01532,-42.58411,0.2284,-0.2316,225.0,2013-09-08T00:00:00Z,SVP
118513,2015-03-07T10:00:00Z,-39.02345,-42.57453,0.2292,-0.2361,225.0,2013-09-08T00:00:00Z,SVP
118513,2015-03-07T11:00:00Z,-39.02109,-42.56369,0.1645,0.0058,115.958336,2013-09-08T00:00:00Z,SVP
118513,2015-03-07T12:00:00Z,-39.02124,-42.5573,0.1695,-0.0577,144.16667,2013-09-08T00:00:00Z,SVP
118513,2015-03-07T13:00:00Z,-39.02315,-42.55012,0.1701,-0.0593,115.958336,2013-09-08T00:00:00Z,SVP
118513,2015-03-07T14:00:00Z,-39.02538,-42.54237,0.1869,-0.0627,418.33334,2013-09-08T00:00:00Z,SVP
118513,2015-03-07T15:00:00Z,-39.02718,-42.53525,0.1828,-0.0632,418.33334,2013-09-08T00:00:00Z,SVP
118513,2015-03-07T16:00:00Z,-39.02877,-42.52872,0.1798,-0.0647,418.33334,2013-09-08T00:00:00Z,SVP
118513,2015-03-07T17:00:00Z,-39.03163,-42.51731,0.2666,-0.08,253.20834,2013-09-08T00:00:00Z,SVP
118513,2015-03-07T18:00:00Z,-39.03513,-42.50465,0.1052,-0.1302,84.458336,2013-09-08T00:00:00Z,SVP
118513,2015-03-07T19:00:00Z,-39.04032,-42.50287,0.012,-0.1663,112.5,2013-09-08T00:00:00Z,SVP
118513,2015-03-07T20:00:00Z,-39.04495,-42.50304,0.0087,-0.1698,130.04166,2013-09-08T00:00:00Z,SVP
118513,2015-03-07T21:00:00Z,-39.05209,-42.48641,0.3196,-0.2326,130.04166,2013-09-08T00:00:00Z,SVP
118513,2015-03-07T22:00:00Z,-39.06002,-42.47448,0.2149,-0.2156,123.166664,2013-09-08T00:00:00Z,SVP
118513,2015-03-07T23:00:00Z,-39.06648,-42.4661,0.1754,-0.185,94.958336,2013-09-08T00:00:00Z,SVP
118513,2015-03-08T00:00:00Z,-39.07112,-42.45786,0.2264,-0.0949,140.70834,2013-09-08T00:00:00Z,SVP
118513,2015-03-08T01:00:00Z,-39.07454,-42.44751,0.1629,-0.1105,115.958336,2013-09-08T00:00:00Z,SVP
118513,2015-03-08T02:00:00Z,-39.07773,-42.44166,0.1431,-0.0754,56.25,2013-09-08T00:00:00Z,SVP
118513,2015-03-08T03:00:00Z,-39.08053,-42.43523,0.1716,-0.0943,267.16666,2013-09-08T00:00:00Z,SVP
118513,2015-03-08T04:00:00Z,-39.08324,-42.42818,0.1873,-0.1554,207.45834,2013-09-08T00:00:00Z,SVP
118513,2015-03-08T05:00:00Z,-39.08914,-42.41987,0.1874,-0.1515,207.45834,2013-09-08T00:00:00Z,SVP
118513,2015-03-08T06:00:00Z,-39.09429,-42.41189,0.1989,-0.177,228.45833,2013-09-08T00:00:00Z,SVP
118513,2015-03-08T07:00:00Z,-39.10018,-42.40352,0.2109,-0.2072,225.0,2013-09-08T00:00:00Z,SVP
118513,2015-03-08T08:00:00Z,-39.10671,-42.39478,0.2118,-0.2098,225.0,2013-09-08T00:00:00Z,SVP
118513,2015-03-08T09:00:00Z,-39.11404,-42.38457,0.2433,-0.2245,221.54167,2013-09-08T00:00:00Z,SVP
118513,2015-03-08T10:00:00Z,-39.12125,-42.37508,0.2362,-0.1889,137.08333,2013-09-08T00:00:00Z,SVP
118513,2015-03-08T11:00:00Z,-39.12682,-42.36444,0.2431,-0.1815,112.5,2013-09-08T00:00:00Z,SVP
118513,2015-03-08T12:00:00Z,-39.13297,-42.35375,0.2386,-0.2084,123.0,2013-09-08T00:00:00Z,SVP
118513,2015-03-08T13:00:00Z,-39.13891,-42.3466,0.1421,-0.1722,133.66667,2013-09-08T00:00:00Z,SVP
118513,2015-03-08T14:00:00Z,-39.14501,-42.33977,0.1493,-0.1859,439.5,2013-09-08T00:00:00Z,SVP
118513,2015-03-08T15:00:00Z,-39.15079,-42.3341,0.1457,-0.1854,439.5,2013-09-08T00:00:00Z,SVP
118513,2015-03-08T16:00:00Z,-39.15603,-42.32936,0.1396,-0.1836,439.5,2013-09-08T00:00:00Z,SVP
118513,2015-03-08T17:00:00Z,-39.16475,-42.31858,0.1808,-0.2535,253.20834,2013-09-08T00:00:00Z,SVP
118513,2015-03-08T18:00:00Z,-39.17284,-42.30825,0.0604,-0.2859,207.45834,2013-09-08T00:00:00Z,SVP
118513,2015-03-08T19:00:00Z,-39.18272,-42.30587,0.0573,-0.2834,207.45834,2013-09-08T00:00:00Z,SVP
118513,2015-03-08T20:00:00Z,-39.19341,-42.29648,0.3748,-0.3836,179.25,2013-09-08T00:00:00Z,SVP
118513,2015-03-08T21:00:00Z,-39.20657,-42.28143,0.319,-0.4484,70.333336,2013-09-08T00:00:00Z,SVP
118513,2015-03-08T22:00:00Z,-39.22185,-42.27296,0.1867,-0.4905,140.70834,2013-09-08T00:00:00Z,SVP
118513,2015-03-08T23:00:00Z,-39.23807,-42.26509,0.1779,-0.5087,221.54167,2013-09-08T00:00:00Z,SVP
118513,2015-03-09T00:00:00Z,-39.2544,-42.25581,0.2273,-0.5015,144.16667,2013-09-08T00:00:00Z,SVP
118513,2015-03-09T01:00:00Z,-39.27036,-42.24547,0.4221,-0.4804,112.5,2013-09-08T00:00:00Z,SVP
118513,2015-03-09T02:00:00Z,-39.28537,-42.22776,0.425,-0.4535,123.0,2013-09-08T00:00:00Z,SVP
118513,2015-03-09T03:00:00Z,-39.2989,-42.21582,0.2869,-0.3678,0.0,2013-09-08T00:00:00Z,SVP
118513,2015-03-09T04:00:00Z,-39.30911,-42.19699,0.4671,-0.3011,203.83333,2013-09-08T00:00:00Z,SVP
118513,2015-03-09T05:00:00Z,-39.31867,-42.17706,0.4198,-0.2162,52.666664,2013-09-08T00:00:00Z,SVP
118513,2015-03-09T06:00:00Z,-39.32326,-42.16176,0.334,-0.1145,137.08333,2013-09-08T00:00:00Z,SVP
118513,2015-03-09T07:00:00Z,-39.32623,-42.15064,0.2513,-0.0495,158.25,2013-09-08T00:00:00Z,SVP
118513,2015-03-09T08:00:00Z,-39.32758,-42.1401,0.2451,-0.0094,80.83333,2013-09-08T00:00:00Z,SVP
118513,2015-03-09T09:00:00Z,-39.32918,-42.1317,0.164,-0.0942,168.75,2013-09-08T00:00:00Z,SVP
118513,2015-03-09T10:00:00Z,-39.33424,-42.13065,-0.043,-0.216,228.58334,2013-09-08T00:00:00Z,SVP
118513,2015-03-09T11:00:00Z,-39.34098,-42.13344,-0.0805,-0.2443,140.70834,2013-09-08T00:00:00Z,SVP
118513,2015-03-09T12:00:00Z,-39.35253,-42.13464,0.0313,-0.3959,119.54167,2013-09-08T00:00:00Z,SVP
118513,2015-03-09T13:00:00Z,-39.35834,-42.13677,0.0943,-0.4582,471.16666,2013-09-08T00:00:00Z,SVP
118513,2015-03-09T14:00:00Z,-39.37483,-42.13253,0.0943,-0.4559,471.16666,2013-09-08T00:00:00Z,SVP
118513,2015-03-09T15:00:00Z,-39.3915,-42.12872,0.0953,-0.4282,471.16666,2013-09-08T00:00:00Z,SVP
118513,2015-03-09T16:00:00Z,-39.40594,-42.12358,0.2835,-0.3452,253.20834,2013-09-08T00:00:00Z,SVP
118513,2015-03-09T17:00:00Z,-39.41664,-42.10456,0.2046,-0.348,253.20834,2013-09-08T00:00:00Z,SVP
118513,2015-03-09T18:00:00Z,-39.42695,-42.09587,0.2927,-0.3111,207.45834,2013-09-08T00:00:00Z,SVP
118513,2015-03-09T19:00:00Z,-39.43652,-42.08659,0.2856,-0.2102,56.25,2013-09-08T00:00:00Z,SVP
118513,2015-03-09T20:00:00Z,-39.44006,-42.07222,0.3678,-0.0673,119.54167,2013-09-08T00:00:00Z,SVP
118513,2015-03-09T21:00:00Z,-39.43924,-42.04318,0.2954,0.0137,182.83333,2013-09-08T00:00:00Z,SVP
118513,2015-03-09T22:00:00Z,-39.43823,-42.03205,0.2067,0.0293,91.33333,2013-09-08T00:00:00Z,SVP
118513,2015-03-09T23:00:00Z,-39.43584,-42.02397,0.1815,0.1111,147.58333,2013-09-08T00:00:00Z,SVP
118513,2015-03-10T00:00:00Z,-39.43195,-42.0154,0.2311,0.1447,119.54167,2013-09-08T00:00:00Z,SVP
118513,2015-03-10T01:00:00Z,-39.4276,-42.00548,-0.07,0.1561,140.70834,2013-09-08T00:00:00Z,SVP
118513,2015-03-10T02:00:00Z,-39.42211,-42.00987,-0.172,0.1323,116.083336,2013-09-08T00:00:00Z,SVP
118513,2015-03-10T03:00:00Z,-39.41881,-42.01765,-0.2866,0.0405,119.54167,2013-09-08T00:00:00Z,SVP
118513,2015-03-10T04:00:00Z,-39.41855,-42.02934,-0.2963,-0.035,189.91667,2013-09-08T00:00:00Z,SVP
118513,2015-03-10T05:00:00Z,-39.42014,-42.04148,-0.2867,-0.0719,52.666664,2013-09-08T00:00:00Z,SVP
118513,2015-03-10T06:00:00Z,-39.42294,-42.05381,-0.2802,-0.077,112.5,2013-09-08T00:00:00Z,SVP
118513,2015-03-10T07:00:00Z,-39.42521,-42.06186,-0.1454,-0.0635,112.5,2013-09-08T00:00:00Z,SVP
118513,2015-03-10T08:00:00Z,-39.43555,-42.06814,-0.1407,-0.3042,126.58333,2013-09-08T00:00:00Z,SVP
118513,2015-03-10T09:00:00Z,-39.44564,-42.07458,-0.1111,-0.2452,246.16667,2013-09-08T00:00:00Z,SVP
118513,2015-03-10T10:00:00Z,-39.45332,-42.07843,-0.1094,-0.2425,246.16667,2013-09-08T00:00:00Z,SVP
118513,2015-03-10T11:00:00Z,-39.46081,-42.08232,-0.0866,-0.2179,158.25,2013-09-08T00:00:00Z,SVP
118513,2015-03-10T12:00:00Z,-39.46768,-42.08656,-0.1051,-0.2076,112.5,2013-09-08T00:00:00Z,SVP
118513,2015-03-10T13:00:00Z,-39.47518,-42.09205,-0.1054,-0.2644,126.58333,2013-09-08T00:00:00Z,SVP
118513,2015-03-10T14:00:00Z,-39.48428,-42.09559,-0.0972,-0.2883,379.66666,2013-09-08T00:00:00Z,SVP
118513,2015-03-10T15:00:00Z,-39.49375,-42.09912,-0.0986,-0.2888,379.66666,2013-09-08T00:00:00Z,SVP
118513,2015-03-10T16:00:00Z,-39.50314,-42.10225,-0.0429,-0.3078,242.54167,2013-09-08T00:00:00Z,SVP
118513,2015-03-10T17:00:00Z,-39.51319,-42.10441,-0.0431,-0.3079,242.54167,2013-09-08T00:00:00Z,SVP
118513,2015-03-10T18:00:00Z,-39.52453,-42.10564,-0.0299,-0.3421,179.25,2013-09-08T00:00:00Z,SVP
118513,2015-03-10T19:00:00Z,-39.53895,-42.10758,-0.065,-0.426,70.333336,2013-09-08T00:00:00Z,SVP
118513,2015-03-10T20:00:00Z,-39.54141,-42.11901,-0.3004,-0.0484,87.91667,2013-09-08T00:00:00Z,SVP
118513,2015-03-10T21:00:00Z,-39.55105,-42.11099,0.046,-0.3686,168.75,2013-09-08T00:00:00Z,SVP
118513,2015-03-10T22:00:00Z,-39.5643,-42.11155,-0.1043,-0.3712,161.70833,2013-09-08T00:00:00Z,SVP
118513,2015-03-10T23:00:00Z,-39.57656,-42.11571,-0.0842,-0.3093,140.70834,2013-09-08T00:00:00Z,SVP
118513,2015-03-11T00:00:00Z,-39.58612,-42.11944,-0.0206,-0.3294,115.958336,2013-09-08T00:00:00Z,SVP
118513,2015-03-11T01:00:00Z,-39.59781,-42.12112,-0.0594,-0.3911,119.54167,2013-09-08T00:00:00Z,SVP
118513,2015-03-11T02:00:00Z,-39.60992,-42.12407,-0.0944,-0.3576,133.66667,2013-09-08T00:00:00Z,SVP
118513,2015-03-11T03:00:00Z,-39.62091,-42.12722,-0.0313,-0.3438,137.08333,2013-09-08T00:00:00Z,SVP
118513,2015-03-11T04:00:00Z,-39.63276,-42.12803,-0.0154,-0.3664,239.08334,2013-09-08T00:00:00Z,SVP
118513,2015-03-11T05:00:00Z,-39.64478,-42.12826,-0.0422,-0.3833,217.95833,2013-09-08T00:00:00Z,SVP
118513,2015-03-11T06:00:00Z,-39.65685,-42.13079,-0.042,-0.3828,217.95833,2013-09-08T00:00:00Z,SVP
118513,2015-03-11T07:00:00Z,-39.67004,-42.13271,-0.0409,-0.4137,102.0,2013-09-08T00:00:00Z,SVP
118513,2015-03-11T08:00:00Z,-39.68489,-42.13075,0.0492,-0.4447,70.333336,2013-09-08T00:00:00Z,SVP
118513,2015-03-11T09:00:00Z,-39.69865,-42.12918,0.0377,-0.4118,295.33334,2013-09-08T00:00:00Z,SVP
118513,2015-03-11T10:00:00Z,-39.71238,-42.12727,0.0381,-0.4133,295.33334,2013-09-08T00:00:00Z,SVP
118513,2015-03-11T11:00:00Z,-39.72341,-42.1266,0.0272,-0.3488,123.0,2013-09-08T00:00:00Z,SVP
118513,2015-03-11T12:00:00Z,-39.73195,-42.12631,0.0223,-0.2343,140.70834,2013-09-08T00:00:00Z,SVP
118513,2015-03-11T13:00:00Z,-39.73654,-42.12739,-0.01,-0.3075,400.79166,2013-09-08T00:00:00Z,SVP
118513,2015-03-11T14:00:00Z,-39.74735,-42.12602,0.0085,-0.3078,400.79166,2013-09-08T00:00:00Z,SVP
118513,2015-03-11T15:00:00Z,-39.75702,-42.12337,0.0241,-0.3111,400.79166,2013-09-08T00:00:00Z,SVP
118513,2015-03-11T16:00:00Z,-39.76797,-42.12351,-0.0165,-0.3723,235.66666,2013-09-08T00:00:00Z,SVP
118513,2015-03-11T17:00:00Z,-39.78078,-42.13025,-0.0238,-0.3736,235.66666,2013-09-08T00:00:00Z,SVP
118513,2015-03-11T18:00:00Z,-39.7921,-42.12371,0.1697,-0.3547,130.04166,2013-09-08T00:00:00Z,SVP
118513,2015-03-11T19:00:00Z,-39.80175,-42.12034,-0.0492,-0.3177,94.958336,2013-09-08T00:00:00Z,SVP
118513,2015-03-11T20:00:00Z,-39.81332,-42.11702,0.2132,-0.3854,77.41667,2013-09-08T00:00:00Z,SVP
118513,2015-03-11T21:00:00Z,-39.82715,-42.10637,0.0518,-0.4686,56.25,2013-09-08T00:00:00Z,SVP
118513,2015-03-11T22:00:00Z,-39.84101,-42.10475,-0.0751,-0.2872,105.458336,2013-09-08T00:00:00Z,SVP
118513,2015-03-11T23:00:00Z,-39.84994,-42.10648,-0.0455,-0.2556,130.04166,2013-09-08T00:00:00Z,SVP
118513,2015-03-12T00:00:00Z,-39.85838,-42.10787,0.1407,-0.2706,130.04166,2013-09-08T00:00:00Z,SVP
118513,2015-03-12T01:00:00Z,-39.86641,-42.09919,0.2007,-0.2368,123.0,2013-09-08T00:00:00Z,SVP
118513,2015-03-12T02:00:00Z,-39.87304,-42.09384,0.0942,-0.1657,172.33334,2013-09-08T00:00:00Z,SVP
118513,2015-03-12T03:00:00Z,-39.87906,-42.08925,0.0939,-0.1646,172.33334,2013-09-08T00:00:00Z,SVP
118513,2015-03-12T04:00:00Z,-39.88362,-42.08622,0.0797,-0.1523,242.54167,2013-09-08T00:00:00Z,SVP
118513,2015-03-12T05:00:00Z,-39.88863,-42.08309,0.007,-0.1577,217.95833,2013-09-08T00:00:00Z,SVP
118513,2015-03-12T06:00:00Z,-39.89396,-42.08358,0.014,-0.1583,217.95833,2013-09-08T00:00:00Z,SVP
118513,2015-03-12T07:00:00Z,-39.89653,-42.0829,0.0137,-0.0275,172.20833,2013-09-08T00:00:00Z,SVP
118513,2015-03-12T08:00:00Z,-39.89773,-42.08255,-0.0128,-0.1053,80.83333,2013-09-08T00:00:00Z,SVP
118513,2015-03-12T09:00:00Z,-39.90317,-42.08155,0.0334,-0.1981,186.29166,2013-09-08T00:00:00Z,SVP
118513,2015-03-12T10:00:00Z,-39.91001,-42.07771,-0.0056,-0.1195,159.91667,2013-09-08T00:00:00Z,SVP
118513,2015-03-12T11:00:00Z,-39.91349,-42.07822,-0.0194,-0.1146,159.91667,2013-09-08T00:00:00Z,SVP
118513,2015-03-12T12:00:00Z,-39.91623,-42.07939,-0.0162,-0.0969,119.54167,2013-09-08T00:00:00Z,SVP
118513,2015-03-12T13:00:00Z,-39.91917,-42.08071,-0.0602,-0.0847,137.08333,2013-09-08T00:00:00Z,SVP
118513,2015-03-12T14:00:00Z,-39.92183,-42.08448,-0.1091,-0.0707,291.75003,2013-09-08T00:00:00Z,SVP
118513,2015-03-12T15:00:00Z,-39.92359,-42.08805,-0.1039,-0.0698,291.75003,2013-09-08T00:00:00Z,SVP
118513,2015-03-12T16:00:00Z,-39.9268,-42.09135,-0.085,-0.0966,242.54167,2013-09-08T00:00:00Z,SVP
118513,2015-03-12T17:00:00Z,-39.92977,-42.10094,0.0369,-0.1215,217.95833,2013-09-08T00:00:00Z,SVP
118513,2015-03-12T18:00:00Z,-39.9338,-42.09751,-0.0071,-0.1212,217.95833,2013-09-08T00:00:00Z,SVP
118513,2015-03-12T19:00:00Z,-39.9382,-42.09776,0.0224,-0.1556,87.91667,2013-09-08T00:00:00Z,SVP
118513,2015-03-12T20:00:00Z,-39.94756,-42.09591,0.047,-0.2449,151.20834,2013-09-08T00:00:00Z,SVP
118513,2015-03-12T21:00:00Z,-39.95334,-42.09128,0.0924,-0.2204,256.66666,2013-09-08T00:00:00Z,SVP
118513,2015-03-12T22:00:00Z,-39.96,-42.08729,0.1204,-0.1467,70.333336,2013-09-08T00:00:00Z,SVP
118513,2015-03-12T23:00:00Z,-39.96399,-42.08259,0.1103,-0.1094,151.20834,2013-09-08T00:00:00Z,SVP
118513,2015-03-13T00:00:00Z,-39.96652,-42.07711,0.1781,-0.0189,137.08333,2013-09-08T00:00:00Z,SVP
118513,2015-03-13T01:00:00Z,-39.9673,-42.06919,0.1602,-0.0114,119.54167,2013-09-08T00:00:00Z,SVP
118513,2015-03-13T02:00:00Z,-39.96737,-42.06291,0.1048,-0.0154,186.29166,2013-09-08T00:00:00Z,SVP
118513,2015-03-13T03:00:00Z,-39.96813,-42.05859,0.0542,-0.0096,253.20834,2013-09-08T00:00:00Z,SVP
118513,2015-03-13T04:00:00Z,-39.96813,-42.05673,0.0525,-0.0093,253.20834,2013-09-08T00:00:00Z,SVP
118513,2015-03-13T05:00:00Z,-39.96854,-42.05448,0.0251,-0.0074,203.83333,2013-09-08T00:00:00Z,SVP
118513,2015-03-13T06:00:00Z,-39.96908,-42.05376,0.0103,-0.0906,210.91667,2013-09-08T00:00:00Z,SVP
118513,2015-03-13T07:00:00Z,-39.97244,-42.05304,0.0115,-0.1004,210.91667,2013-09-08T00:00:00Z,SVP
118513,2015-03-13T08:00:00Z,-39.97835,-42.05296,-0.0287,-0.1937,196.95833,2013-09-08T00:00:00Z,SVP
118513,2015-03-13T09:00:00Z,-39.98438,-42.05379,-0.0332,-0.1934,196.95833,2013-09-08T00:00:00Z,SVP
118513,2015-03-13T10:00:00Z,-39.9942,-42.0563,-0.0596,-0.3672,151.20834,2013-09-08T00:00:00Z,SVP
118513,2015-03-13T11:00:00Z,-40.00655,-42.05763,0.0089,-0.4219,133.66667,2013-09-08T00:00:00Z,SVP
118513,2015-03-13T12:00:00Z,-40.02069,-42.05233,0.1816,-0.449,123.0,2013-09-08T00:00:00Z,SVP
118513,2015-03-13T13:00:00Z,-40.03432,-42.04297,0.3373,-0.3082,330.45834,2013-09-08T00:00:00Z,SVP
118513,2015-03-13T14:00:00Z,-40.04285,-42.02714,0.3344,-0.3068,330.45834,2013-09-08T00:00:00Z,SVP
118513,2015-03-13T15:00:00Z,-40.05048,-42.01246,0.3331,-0.2977,330.45834,2013-09-08T00:00:00Z,SVP
123321,2015-01-01T00:00:00Z,-42.80538,-43.23792,0.0874,0.0858,1051.2084,2015-01-30T00:00:00Z,SVPB
123321,2015-01-01T01:00:00Z,-42.80293,-43.23388,0.0864,0.0879,1051.2084,2015-01-30T00:00:00Z,SVPB
123321,2015-01-01T02:00:00Z,-42.80046,-43.23002,0.0861,0.0907,1051.2084,2015-01-30T00:00:00Z,SVPB
123321,2015-01-01T03:00:00Z,-42.7974,-43.22641,0.0823,0.1648,745.2084,2015-01-30T00:00:00Z,SVPB
123321,2015-01-01T04:00:00Z,-42.79178,-43.22298,0.0825,0.164,745.2084,2015-01-30T00:00:00Z,SVPB
123321,2015-01-01T05:00:00Z,-42.78624,-43.21945,0.0826,0.1631,745.2084,2015-01-30T00:00:00Z,SVPB
123321,2015-01-01T06:00:00Z,-42.78075,-43.2158,0.0825,0.1621,745.2084,2015-01-30T00:00:00Z,SVPB
123321,2015-01-01T07:00:00Z,-42.77526,-43.21197,0.0819,0.1605,745.2084,2015-01-30T00:00:00Z,SVPB
123321,2015-01-01T08:00:00Z,-42.76992,-43.2081,0.077,0.1657,154.79166,2015-01-30T00:00:00Z,SVPB
123321,2015-01-01T09:00:00Z,-42.76536,-43.20827,-0.0274,0.1388,111.583336,2015-01-30T00:00:00Z,SVPB
123321,2015-01-01T10:00:00Z,-42.76121,-43.20291,0.0773,0.1068,198.00002,2015-01-30T00:00:00Z,SVPB
123321,2015-01-01T11:00:00Z,-42.75857,-43.21378,0.068,-0.0244,244.79167,2015-01-30T00:00:00Z,SVPB
123321,2015-01-01T12:00:00Z,-42.76652,-43.19522,0.0282,-0.1213,244.79167,2015-01-30T00:00:00Z,SVPB
123321,2015-01-01T13:00:00Z,-42.76853,-43.19068,0.0327,0.0291,626.4167,2015-01-30T00:00:00Z,SVPB
123321,2015-01-01T14:00:00Z,-42.76331,-43.20317,0.0741,-0.0011,626.4167,2015-01-30T00:00:00Z,SVPB
123321,2015-01-01T15:00:00Z,-42.7622,-43.2008,0.0736,-0.0099,626.4167,2015-01-30T00:00:00Z,SVPB
123321,2015-01-01T16:00:00Z,-42.76233,-43.19826,0.0735,-0.011,626.4167,2015-01-30T00:00:00Z,SVPB
123321,2015-01-01T17:00:00Z,-42.76295,-43.19471,0.1428,0.0117,496.7917,2015-01-30T00:00:00Z,SVPB
123321,2015-01-01T18:00:00Z,-42.76317,-43.18825,0.1431,0.0115,496.7917,2015-01-30T00:00:00Z,SVPB
123321,2015-01-01T19:00:00Z,-42.7632,-43.18193,0.1432,0.0116,496.7917,2015-01-30T00:00:00Z,SVPB
123321,2015-01-01T20:00:00Z,-42.76289,-43.17557,0.159,0.0081,705.5834,2015-01-30T00:00:00Z,SVPB
123321,2015-01-01T21:00:00Z,-42.76221,-43.16757,0.1645,0.0104,705.5834,2015-01-30T00:00:00Z,SVPB
123321,2015-01-01T22:00:00Z,-42.76176,-43.16,0.1663,0.011,705.5834,2015-01-30T00:00:00Z,SVPB
123321,2015-01-01T23:00:00Z,-42.76154,-43.15333,0.1639,0.0106,705.5834,2015-01-30T00:00:00Z,SVPB
123321,2015-01-02T00:00:00Z,-42.76159,-43.14732,0.1603,0.0094,705.5834,2015-01-30T00:00:00Z,SVPB
123321,2015-01-02T01:00:00Z,-42.75941,-43.14012,0.1906,0.1976,522.0,2015-01-30T00:00:00Z,SVPB
123321,2015-01-02T02:00:00Z,-42.75172,-43.12686,0.2164,0.1936,522.0,2015-01-30T00:00:00Z,SVPB
123321,2015-01-02T03:00:00Z,-42.74375,-43.11516,0.2072,0.1773,522.0,2015-01-30T00:00:00Z,SVPB
123321,2015-01-02T04:00:00Z,-42.73638,-43.10498,0.204,0.1288,522.0,2015-01-30T00:00:00Z,SVPB
123321,2015-01-02T05:00:00Z,-42.7331,-43.09905,0.1274,0.1226,504.0,2015-01-30T00:00:00Z,SVPB
123321,2015-01-02T06:00:00Z,-42.72943,-43.09388,0.1291,0.1235,504.0,2015-01-30T00:00:00Z,SVPB
123321,2015-01-02T07:00:00Z,-42.72533,-43.08875,0.1329,0.122,504.0,2015-01-30T00:00:00Z,SVPB
123321,2015-01-02T08:00:00Z,-42.72202,-43.08371,0.1091,0.0997,122.416664,2015-01-30T00:00:00Z,SVPB
123321,2015-01-02T09:00:00Z,-42.71929,-43.08087,0.3487,0.0336,0.0,2015-01-30T00:00:00Z,SVPB
123321,2015-01-02T10:00:00Z,-42.71838,-43.06386,0.3657,0.0477,262.79166,2015-01-30T00:00:00Z,SVPB
123321,2015-01-02T11:00:00Z,-42.71689,-43.04774,0.3849,0.0996,208.79167,2015-01-30T00:00:00Z,SVPB
123321,2015-01-02T12:00:00Z,-42.71297,-43.03055,0.3864,0.1056,208.79167,2015-01-30T00:00:00Z,SVPB
123321,2015-01-02T13:00:00Z,-42.70867,-43.01919,0.2949,0.1381,1220.4167,2015-01-30T00:00:00Z,SVPB
123321,2015-01-02T14:00:00Z,-42.70424,-43.00727,0.2919,0.1378,1220.4167,2015-01-30T00:00:00Z,SVPB
123321,2015-01-02T15:00:00Z,-42.69988,-42.99515,0.2898,0.137,1220.4167,2015-01-30T00:00:00Z,SVPB
123321,2015-01-02T16:00:00Z,-42.69563,-42.98305,0.288,0.136,1220.4167,2015-01-30T00:00:00Z,SVPB
123321,2015-01-02T17:00:00Z,-42.69149,-42.97108,0.2862,0.1348,1220.4167,2015-01-30T00:00:00Z,SVPB
123321,2015-01-02T18:00:00Z,-42.68749,-42.95933,0.2842,0.1334,1220.4167,2015-01-30T00:00:00Z,SVPB
123321,2015-01-02T19:00:00Z,-42.68372,-42.94791,0.282,0.1316,1220.4167,2015-01-30T00:00:00Z,SVPB
123321,2015-01-02T20:00:00Z,-42.68037,-42.93706,0.2792,0.129,1220.4167,2015-01-30T00:00:00Z,SVPB
123321,2015-01-02T21:00:00Z,-42.66942,-42.92077,0.3172,0.4938,248.41667,2015-01-30T00:00:00Z,SVPB
123321,2015-01-02T22:00:00Z,-42.65516,-42.90336,0.3022,0.4401,622.7917,2015-01-30T00:00:00Z,SVPB
123321,2015-01-02T23:00:00Z,-42.64051,-42.8914,0.3065,0.4409,622.7917,2015-01-30T00:00:00Z,SVPB
123321,2015-01-03T00:00:00Z,-42.6215,-42.87835,0.3081,0.4919,622.7917,2015-01-30T00:00:00Z,SVPB
123321,2015-01-03T01:00:00Z,-42.60497,-42.86486,0.3082,0.4929,622.7917,2015-01-30T00:00:00Z,SVPB
123321,2015-01-03T02:00:00Z,-42.5883,-42.8512,0.307,0.4933,622.7917,2015-01-30T00:00:00Z,SVPB
123321,2015-01-03T03:00:00Z,-42.57718,-42.85048,0.0068,0.3257,532.7917,2015-01-30T00:00:00Z,SVPB
123321,2015-01-03T04:00:00Z,-42.56658,-42.87021,0.1168,0.3249,532.7917,2015-01-30T00:00:00Z,SVPB
123321,2015-01-03T05:00:00Z,-42.5558,-42.86576,0.121,0.3233,532.7917,2015-01-30T00:00:00Z,SVPB
123321,2015-01-03T06:00:00Z,-42.54719,-42.86032,0.1746,0.1412,428.41666,2015-01-30T00:00:00Z,SVPB
123321,2015-01-03T07:00:00Z,-42.54278,-42.85323,0.174,0.1392,428.41666,2015-01-30T00:00:00Z,SVPB
123321,2015-01-03T08:00:00Z,-42.53814,-42.84703,0.1709,0.139,428.41666,2015-01-30T00:00:00Z,SVPB
123321,2015-01-03T09:00:00Z,-42.53478,-42.83917,0.1943,0.1073,745.2084,2015-01-30T00:00:00Z,SVPB
123321,2015-01-03T10:00:00Z,-42.53243,-42.82973,0.1935,0.1025,745.2084,2015-01-30T00:00:00Z,SVPB
123321,2015-01-03T11:00:00Z,-42.53788,-42.82085,0.1932,0.0438,745.2084,2015-01-30T00:00:00Z,SVPB
123321,2015-01-03T12:00:00Z,-42.53712,-42.81224,0.1933,0.0457,745.2084,2015-01-30T00:00:00Z,SVPB
123321,2015-01-03T13:00:00Z,-42.53603,-42.80378,0.1935,0.0463,745.2084,2015-01-30T00:00:00Z,SVPB
123321,2015-01-03T14:00:00Z,-42.53214,-42.79353,0.2529,0.1891,950.4166,2015-01-30T00:00:00Z,SVPB
123321,2015-01-03T15:00:00Z,-42.52587,-42.78202,0.2527,0.189,950.4166,2015-01-30T00:00:00Z,SVPB
123321,2015-01-03T16:00:00Z,-42.51966,-42.77063,0.2525,0.1889,950.4166,2015-01-30T00:00:00Z,SVPB
123321,2015-01-03T17:00:00Z,-42.51349,-42.75932,0.2523,0.1888,950.4166,2015-01-30T00:00:00Z,SVPB
123321,2015-01-03T18:00:00Z,-42.50737,-42.74811,0.2522,0.1889,950.4166,2015-01-30T00:00:00Z,SVPB
123321,2015-01-03T19:00:00Z,-42.50132,-42.73703,0.2523,0.189,950.4166,2015-01-30T00:00:00Z,SVPB
123321,2015-01-03T20:00:00Z,-42.49526,-42.72624,0.257,0.1947,248.41667,2015-01-30T00:00:00Z,SVPB
123321,2015-01-03T21:00:00Z,-42.48859,-42.71444,0.2577,0.195,248.41667,2015-01-30T00:00:00Z,SVPB
123321,2015-01-03T22:00:00Z,-42.48263,-42.70794,0.0583,0.1795,525.5833,2015-01-30T00:00:00Z,SVPB
123321,2015-01-03T23:00:00Z,-42.47677,-42.70546,0.0578,0.1795,525.5833,2015-01-30T00:00:00Z,SVPB
123321,2015-01-04T00:00:00Z,-42.47041,-42.70253,0.0582,0.1837,525.5833,2015-01-30T00:00:00Z,SVPB
123321,2015-01-04T01:00:00Z,-42.46337,-42.69805,0.0619,-0.0529,432.00003,2015-01-30T00:00:00Z,SVPB
123321,2015-01-04T02:00:00Z,-42.46501,-42.698,0.0497,-0.0542,432.00003,2015-01-30T00:00:00Z,SVPB
123321,2015-01-04T03:00:00Z,-42.46615,-42.69682,0.0473,-0.0594,432.00003,2015-01-30T00:00:00Z,SVPB
123321,2015-01-04T04:00:00Z,-42.46733,-42.69355,0.3277,-0.0651,493.20834,2015-01-30T00:00:00Z,SVPB
123321,2015-01-04T05:00:00Z,-42.47052,-42.67925,0.3282,-0.0736,493.20834,2015-01-30T00:00:00Z,SVPB
123321,2015-01-04T06:00:00Z,-42.47369,-42.66519,0.3284,-0.0764,493.20834,2015-01-30T00:00:00Z,SVPB
123321,2015-01-04T07:00:00Z,-42.47688,-42.65137,0.329,-0.0776,493.20834,2015-01-30T00:00:00Z,SVPB
123321,2015-01-04T08:00:00Z,-42.47453,-42.63608,0.337,0.0831,644.4166,2015-01-30T00:00:00Z,SVPB
123321,2015-01-04T09:00:00Z,-42.47148,-42.61884,0.3523,0.0852,644.4166,2015-01-30T00:00:00Z,SVPB
123321,2015-01-04T10:00:00Z,-42.46861,-42.60172,0.3585,0.0861,644.4166,2015-01-30T00:00:00Z,SVPB
123321,2015-01-04T11:00:00Z,-42.46599,-42.5847,0.3617,0.0859,644.4166,2015-01-30T00:00:00Z,SVPB
123321,2015-01-04T12:00:00Z,-42.46026,-42.57502,0.1117,0.1781,684.0,2015-01-30T00:00:00Z,SVPB
123321,2015-01-04T13:00:00Z,-42.45161,-42.57071,0.1136,0.1717,684.0,2015-01-30T00:00:00Z,SVPB
123321,2015-01-04T14:00:00Z,-42.435,-42.56621,0.1158,0.1987,684.0,2015-01-30T00:00:00Z,SVPB
123321,2015-01-04T15:00:00Z,-42.42775,-42.56156,0.1183,0.1989,684.0,2015-01-30T00:00:00Z,SVPB
123321,2015-01-04T16:00:00Z,-42.42053,-42.55672,0.1064,0.0184,572.4167,2015-01-30T00:00:00Z,SVPB
123321,2015-01-04T17:00:00Z,-42.41981,-42.55171,0.1065,0.0182,572.4167,2015-01-30T00:00:00Z,SVPB
123321,2015-01-04T18:00:00Z,-42.41885,-42.54658,0.1067,0.018,572.4167,2015-01-30T00:00:00Z,SVPB
123321,2015-01-04T19:00:00Z,-42.41744,-42.54108,0.1071,0.0177,572.4167,2015-01-30T00:00:00Z,SVPB
123321,2015-01-04T20:00:00Z,-42.41597,-42.53496,0.1141,0.012,838.7916,2015-01-30T00:00:00Z,SVPB
123321,2015-01-04T21:00:00Z,-42.41656,-42.53162,0.1068,0.0113,838.7916,2015-01-30T00:00:00Z,SVPB
123321,2015-01-04T22:00:00Z,-42.41675,-42.52766,0.1055,0.011,838.7916,2015-01-30T00:00:00Z,SVPB
123321,2015-01-04T23:00:00Z,-42.4168,-42.52351,0.1049,0.0109,838.7916,2015-01-30T00:00:00Z,SVPB
123321,2015-01-05T00:00:00Z,-42.41684,-42.51932,0.1045,0.0108,838.7916,2015-01-30T00:00:00Z,SVPB
123321,2015-01-05T01:00:00Z,-42.41702,-42.51521,0.1042,0.0107,838.7916,2015-01-30T00:00:00Z,SVPB
123321,2015-01-05T02:00:00Z,-42.415,-42.50529,0.3033,0.1261,324.0,2015-01-30T00:00:00Z,SVPB
123321,2015-01-05T03:00:00Z,-42.4115,-42.49117,0.2992,0.1295,324.0,2015-01-30T00:00:00Z,SVPB
123321,2015-01-05T04:00:00Z,-42.40707,-42.47809,0.2829,0.1726,252.0,2015-01-30T00:00:00Z,SVPB
123321,2015-01-05T05:00:00Z,-42.40089,-42.46597,0.2816,0.1692,252.0,2015-01-30T00:00:00Z,SVPB
123321,2015-01-05T06:00:00Z,-42.39552,-42.45847,0.1477,0.1791,576.0,2015-01-30T00:00:00Z,SVPB
123321,2015-01-05T07:00:00Z,-42.38983,-42.45207,0.1473,0.1784,576.0,2015-01-30T00:00:00Z,SVPB
123321,2015-01-05T08:00:00Z,-42.38401,-42.44546,0.1473,0.1784,576.0,2015-01-30T00:00:00Z,SVPB
123321,2015-01-05T09:00:00Z,-42.37806,-42.43861,0.1478,0.1789,576.0,2015-01-30T00:00:00Z,SVPB
123321,2015-01-05T10:00:00Z,-42.37723,-42.43263,0.1415,0.0361,1026.0,2015-01-30T00:00:00Z,SVPB
123321,2015-01-05T11:00:00Z,-42.37649,-42.4269,0.1395,0.0364,1026.0,2015-01-30T00:00:00Z,SVPB
123321,2015-01-05T12:00:00Z,-42.37565,-42.4212,0.138,0.0369,1026.0,2015-01-30T00:00:00Z,SVPB
123321,2015-01-05T13:00:00Z,-42.37474,-42.41554,0.1369,0.0375,1026.0,2015-01-30T00:00:00Z,SVPB
123321,2015-01-05T14:00:00Z,-42.37647,-42.40993,0.1359,0.0719,1026.0,2015-01-30T00:00:00Z,SVPB
123321,2015-01-05T15:00:00Z,-42.37431,-42.40445,0.1349,0.0722,1026.0,2015-01-30T00:00:00Z,SVPB
123321,2015-01-05T16:00:00Z,-42.37169,-42.3984,0.2955,0.0297,241.20834,2015-01-30T00:00:00Z,SVPB
123321,2015-01-05T17:00:00Z,-42.37018,-42.37192,0.1923,0.0306,241.20834,2015-01-30T00:00:00Z,SVPB
123321,2015-01-05T18:00:00Z,-42.36989,-42.34543,-0.0249,-0.0046,262.79166,2015-01-30T00:00:00Z,SVPB
123321,2015-01-05T19:00:00Z,-42.36955,-42.35629,0.0986,-0.0079,262.79166,2015-01-30T00:00:00Z,SVPB
123321,2015-01-05T20:00:00Z,-42.36941,-42.35137,0.1068,0.0092,266.41666,2015-01-30T00:00:00Z,SVPB
123321,2015-01-05T21:00:00Z,-42.37175,-42.34685,0.12,-0.0067,266.41666,2015-01-30T00:00:00Z,SVPB
123321,2015-01-05T22:00:00Z,-42.36692,-42.32775,0.4252,0.1369,349.20834,2015-01-30T00:00:00Z,SVPB
123321,2015-01-05T23:00:00Z,-42.36223,-42.30701,0.325,0.1347,349.20834,2015-01-30T00:00:00Z,SVPB
123321,2015-01-06T00:00:00Z,-42.35742,-42.29747,0.1536,0.1589,255.58333,2015-01-30T00:00:00Z,SVPB
123321,2015-01-06T01:00:00Z,-42.35238,-42.29206,0.156,0.1587,255.58333,2015-01-30T00:00:00Z,SVPB
123321,2015-01-06T02:00:00Z,-42.34747,-42.28327,0.1819,0.1493,352.7917,2015-01-30T00:00:00Z,SVPB
123321,2015-01-06T03:00:00Z,-42.34216,-42.27618,0.1851,0.1517,352.7917,2015-01-30T00:00:00Z,SVPB
123321,2015-01-06T04:00:00Z,-42.34019,-42.26845,0.2037,0.0088,734.4167,2015-01-30T00:00:00Z,SVPB
123321,2015-01-06T05:00:00Z,-42.34038,-42.25926,0.2033,0.0108,734.4167,2015-01-30T00:00:00Z,SVPB
123321,2015-01-06T06:00:00Z,-42.34031,-42.25009,0.2028,0.0122,734.4167,2015-01-30T00:00:00Z,SVPB
123321,2015-01-06T07:00:00Z,-42.34008,-42.24087,0.202,0.0133,734.4167,2015-01-30T00:00:00Z,SVPB
123321,2015-01-06T08:00:00Z,-42.33973,-42.23148,0.2004,0.0141,734.4167,2015-01-30T00:00:00Z,SVPB
123321,2015-01-06T09:00:00Z,-42.33943,-42.22312,0.1986,-0.0038,360.0,2015-01-30T00:00:00Z,SVPB
123321,2015-01-06T10:00:00Z,-42.33916,-42.21543,0.1961,-0.0035,360.0,2015-01-30T00:00:00Z,SVPB
123321,2015-01-06T11:00:00Z,-42.33892,-42.20607,0.2775,-0.005,1371.5833,2015-01-30T00:00:00Z,SVPB
123321,2015-01-06T12:00:00Z,-42.33935,-42.19321,0.2783,-0.0062,1371.5833,2015-01-30T00:00:00Z,SVPB
123321,2015-01-06T13:00:00Z,-42.33971,-42.18053,0.2786,-0.0067,1371.5833,2015-01-30T00:00:00Z,SVPB
123321,2015-01-06T14:00:00Z,-42.34004,-42.16796,0.2786,-0.0071,1371.5833,2015-01-30T00:00:00Z,SVPB
123321,2015-01-06T15:00:00Z,-42.34037,-42.15548,0.2786,-0.0073,1371.5833,2015-01-30T00:00:00Z,SVPB
123321,2015-01-06T16:00:00Z,-42.3407,-42.14308,0.2785,-0.0075,1371.5833,2015-01-30T00:00:00Z,SVPB
123321,2015-01-06T17:00:00Z,-42.34105,-42.13076,0.2784,-0.0078,1371.5833,2015-01-30T00:00:00Z,SVPB
123321,2015-01-06T18:00:00Z,-42.34145,-42.11855,0.2785,-0.0081,1371.5833,2015-01-30T00:00:00Z,SVPB
123321,2015-01-06T19:00:00Z,-42.34199,-42.10652,0.2787,-0.0086,1371.5833,2015-01-30T00:00:00Z,SVPB
123321,2015-01-06T20:00:00Z,-42.34223,-42.09462,0.2848,-0.0013,118.79167,2015-01-30T00:00:00Z,SVPB
123321,2015-01-06T21:00:00Z,-42.34033,-42.09167,0.0566,-0.0116,356.41666,2015-01-30T00:00:00Z,SVPB
123321,2015-01-06T22:00:00Z,-42.34064,-42.09091,0.0588,-0.0174,356.41666,2015-01-30T00:00:00Z,SVPB
123321,2015-01-06T23:00:00Z,-42.33895,-42.09004,0.0603,-6.0E-4,356.41666,2015-01-30T00:00:00Z,SVPB
123321,2015-01-07T00:00:00Z,-42.34209,-42.08669,0.0761,-0.0646,619.2083,2015-01-30T00:00:00Z,SVPB
123321,2015-01-07T01:00:00Z,-42.34489,-42.08306,0.0748,-0.0633,619.2083,2015-01-30T00:00:00Z,SVPB
123321,2015-01-07T02:00:00Z,-42.34747,-42.07969,0.0744,-0.0622,619.2083,2015-01-30T00:00:00Z,SVPB
123321,2015-01-07T03:00:00Z,-42.34995,-42.07644,0.0748,-0.0611,619.2083,2015-01-30T00:00:00Z,SVPB
123321,2015-01-07T04:00:00Z,-42.3516,-42.06849,0.1903,-0.0597,1346.4166,2015-01-30T00:00:00Z,SVPB
123321,2015-01-07T05:00:00Z,-42.35325,-42.05979,0.1909,-0.0594,1346.4166,2015-01-30T00:00:00Z,SVPB
123321,2015-01-07T06:00:00Z,-42.35498,-42.05109,0.1914,-0.0592,1346.4166,2015-01-30T00:00:00Z,SVPB
123321,2015-01-07T07:00:00Z,-42.35676,-42.04236,0.1919,-0.0591,1346.4166,2015-01-30T00:00:00Z,SVPB
123321,2015-01-07T08:00:00Z,-42.35859,-42.03352,0.1924,-0.059,1346.4166,2015-01-30T00:00:00Z,SVPB
123321,2015-01-18T16:00:00Z,-41.50135,-42.0072,-0.1757,0.0954,1368.0,2015-01-30T00:00:00Z,SVPB
123321,2015-01-18T17:00:00Z,-41.49804,-42.00572,-0.2034,0.0957,1368.0,2015-01-30T00:00:00Z,SVPB
123321,2015-01-18T18:00:00Z,-41.49459,-42.00808,-0.18,0.0963,1368.0,2015-01-30T00:00:00Z,SVPB
123321,2015-01-18T19:00:00Z,-41.49086,-42.01491,-0.1794,0.0974,1368.0,2015-01-30T00:00:00Z,SVPB
123321,2015-01-18T20:00:00Z,-41.48662,-42.0216,-0.1791,0.0995,1368.0,2015-01-30T00:00:00Z,SVPB
123321,2015-01-18T21:00:00Z,-41.48225,-42.02942,-0.3115,0.1053,471.58337,2015-01-30T00:00:00Z,SVPB
123321,2015-01-18T22:00:00Z,-41.48222,-42.04349,-0.3083,0.0857,471.58337,2015-01-30T00:00:00Z,SVPB
123321,2015-01-18T23:00:00Z,-41.48113,-42.06018,-0.2221,0.088,471.58337,2015-01-30T00:00:00Z,SVPB
123321,2015-01-19T00:00:00Z,-41.47892,-42.06996,-0.0241,0.1288,1270.7916,2015-01-30T00:00:00Z,SVPB
123321,2015-01-19T01:00:00Z,-41.4741,-42.07104,-0.0241,0.1285,1270.7916,2015-01-30T00:00:00Z,SVPB
123321,2015-01-19T02:00:00Z,-41.46935,-42.07223,-0.024,0.1282,1270.7916,2015-01-30T00:00:00Z,SVPB
123321,2015-01-19T03:00:00Z,-41.46452,-42.07351,-0.0239,0.1278,1270.7916,2015-01-30T00:00:00Z,SVPB
123321,2015-01-19T04:00:00Z,-41.45924,-42.07488,-0.0237,0.1269,1270.7916,2015-01-30T00:00:00Z,SVPB
123321,2015-01-19T05:00:00Z,-41.44675,-42.07633,-0.0235,0.186,1270.7916,2015-01-30T00:00:00Z,SVPB
123321,2015-01-19T06:00:00Z,-41.44048,-42.07786,-0.0231,0.1854,1270.7916,2015-01-30T00:00:00Z,SVPB
123321,2015-01-19T07:00:00Z,-41.43425,-42.07947,-0.0224,0.1845,1270.7916,2015-01-30T00:00:00Z,SVPB
123321,2015-01-19T08:00:00Z,-41.42778,-42.08108,-0.0211,0.1591,1270.7916,2015-01-30T00:00:00Z,SVPB
123321,2015-01-20T00:00:00Z,-41.37427,-42.09588,-0.2137,0.4446,687.5834,2015-01-30T00:00:00Z,SVPB
123321,2015-01-20T01:00:00Z,-41.32229,-42.10075,-0.1431,0.1983,687.5834,2015-01-30T00:00:00Z,SVPB
123321,2015-01-20T02:00:00Z,-41.34454,-42.10672,-0.1419,0.4483,687.5834,2015-01-30T00:00:00Z,SVPB
123321,2015-01-20T03:00:00Z,-41.30868,-42.11242,-0.14,0.1988,687.5834,2015-01-30T00:00:00Z,SVPB
123321,2015-01-20T04:00:00Z,-41.30273,-42.1177,-0.1371,0.1989,687.5834,2015-01-30T00:00:00Z,SVPB
123321,2015-01-20T05:00:00Z,-41.29366,-42.13115,-0.1902,0.3663,561.5833,2015-01-30T00:00:00Z,SVPB
123321,2015-01-20T06:00:00Z,-41.28816,-42.14191,-0.1855,0.4326,561.5833,2015-01-30T00:00:00Z,SVPB
123321,2015-01-20T07:00:00Z,-41.27462,-42.16069,-0.2154,0.4343,561.5833,2015-01-30T00:00:00Z,SVPB
123321,2015-01-20T08:00:00Z,-41.26051,-42.1705,-0.0064,0.3656,248.41667,2015-01-30T00:00:00Z,SVPB
123321,2015-01-20T09:00:00Z,-41.24666,-42.16977,-0.0132,0.3692,248.41667,2015-01-30T00:00:00Z,SVPB
123321,2015-01-20T10:00:00Z,-41.236,-42.17075,-0.0291,0.2523,205.20834,2015-01-30T00:00:00Z,SVPB
123321,2015-01-20T11:00:00Z,-41.22823,-42.1755,-0.0664,0.2379,259.20834,2015-01-30T00:00:00Z,SVPB
123321,2015-01-20T12:00:00Z,-41.22079,-42.17285,-0.0164,0.2373,259.20834,2015-01-30T00:00:00Z,SVPB
123321,2015-01-20T13:00:00Z,-41.21363,-42.17175,0.0701,0.2539,813.5833,2015-01-30T00:00:00Z,SVPB
123321,2015-01-20T14:00:00Z,-41.20505,-42.16755,0.0808,0.254,813.5833,2015-01-30T00:00:00Z,SVPB
123321,2015-01-20T15:00:00Z,-41.19659,-42.16327,0.0849,0.254,813.5833,2015-01-30T00:00:00Z,SVPB
123321,2015-01-20T16:00:00Z,-41.18814,-42.15891,0.0872,0.254,813.5833,2015-01-30T00:00:00Z,SVPB
123321,2015-01-20T17:00:00Z,-41.17964,-42.15441,0.0891,0.2539,813.5833,2015-01-30T00:00:00Z,SVPB
123321,2015-01-20T18:00:00Z,-41.17099,-42.14974,0.0908,0.2538,813.5833,2015-01-30T00:00:00Z,SVPB
123321,2015-01-20T19:00:00Z,-41.16389,-42.14934,0.0108,0.2342,1029.5833,2015-01-30T00:00:00Z,SVPB
123321,2015-01-20T20:00:00Z,-41.15666,-42.14911,0.0112,0.2328,1029.5833,2015-01-30T00:00:00Z,SVPB
123321,2015-01-20T21:00:00Z,-41.1492,-42.14867,0.0112,0.2323,1029.5833,2015-01-30T00:00:00Z,SVPB
123321,2015-01-20T22:00:00Z,-41.14143,-42.14803,0.0108,0.2328,1029.5833,2015-01-30T00:00:00Z,SVPB
123321,2015-01-20T23:00:00Z,-41.1333,-42.14719,0.0099,0.234,1029.5833,2015-01-30T00:00:00Z,SVPB
123321,2015-01-21T00:00:00Z,-41.12483,-42.14608,0.0082,0.2357,1029.5833,2015-01-30T00:00:00Z,SVPB
123321,2015-01-21T01:00:00Z,-41.11623,-42.14461,-0.0013,0.1892,698.4167,2015-01-30T00:00:00Z,SVPB
123321,2015-01-21T02:00:00Z,-41.11116,-42.14551,4.0E-4,0.1932,698.4167,2015-01-30T00:00:00Z,SVPB
123321,2015-01-21T03:00:00Z,-41.10585,-42.14599,0.0014,0.1978,698.4167,2015-01-30T00:00:00Z,SVPB
123321,2015-01-21T04:00:00Z,-41.10016,-42.1463,0.0023,0.2018,698.4167,2015-01-30T00:00:00Z,SVPB
123321,2015-01-21T05:00:00Z,-41.09409,-42.14655,0.0032,0.2045,698.4167,2015-01-30T00:00:00Z,SVPB
123321,2015-01-21T06:00:00Z,-41.08711,-42.14622,0.0149,0.2246,525.5833,2015-01-30T00:00:00Z,SVPB
123321,2015-01-21T07:00:00Z,-41.07948,-42.14524,0.0159,0.2278,525.5833,2015-01-30T00:00:00Z,SVPB
123321,2015-01-21T08:00:00Z,-41.07236,-42.14456,0.0164,0.2282,525.5833,2015-01-30T00:00:00Z,SVPB
123321,2015-01-21T09:00:00Z,-41.06625,-42.14441,0.0163,0.2266,525.5833,2015-01-30T00:00:00Z,SVPB
123321,2015-01-21T10:00:00Z,-41.05476,-42.12734,0.1174,0.3673,226.79166,2015-01-30T00:00:00Z,SVPB
123321,2015-01-21T11:00:00Z,-41.04322,-42.12277,0.0286,0.35,237.58334,2015-01-30T00:00:00Z,SVPB
123321,2015-01-21T12:00:00Z,-41.03057,-42.12101,0.027,0.3568,237.58334,2015-01-30T00:00:00Z,SVPB
123321,2015-01-21T13:00:00Z,-41.02068,-42.12023,0.0174,0.3148,601.2084,2015-01-30T00:00:00Z,SVPB
123321,2015-01-21T14:00:00Z,-41.01078,-42.11963,0.0176,0.3138,601.2084,2015-01-30T00:00:00Z,SVPB
123321,2015-01-21T15:00:00Z,-41.00033,-42.11892,0.0177,0.3133,601.2084,2015-01-30T00:00:00Z,SVPB
123321,2015-01-21T16:00:00Z,-40.98938,-42.11815,0.0176,0.3101,601.2084,2015-01-30T00:00:00Z,SVPB
123321,2015-01-21T17:00:00Z,-40.98203,-42.11753,0.0071,0.2197,252.0,2015-01-30T00:00:00Z,SVPB
123321,2015-01-21T18:00:00Z,-40.97526,-42.1171,0.0041,0.2252,489.58334,2015-01-30T00:00:00Z,SVPB
123321,2015-01-21T19:00:00Z,-40.9674,-42.1171,0.0033,0.2294,489.58334,2015-01-30T00:00:00Z,SVPB
123321,2015-01-21T20:00:00Z,-40.95983,-42.11705,0.0029,0.2305,489.58334,2015-01-30T00:00:00Z,SVPB
123321,2015-01-21T21:00:00Z,-40.95277,-42.11695,0.0028,0.2292,489.58334,2015-01-30T00:00:00Z,SVPB
123321,2015-01-21T22:00:00Z,-40.94188,-42.11729,-0.0167,0.2028,874.7917,2015-01-30T00:00:00Z,SVPB
123321,2015-01-21T23:00:00Z,-40.93702,-42.11809,-0.0165,0.2085,874.7917,2015-01-30T00:00:00Z,SVPB
123321,2015-01-22T00:00:00Z,-40.93069,-42.11884,-0.0165,0.21,874.7917,2015-01-30T00:00:00Z,SVPB
123321,2015-01-22T01:00:00Z,-40.92409,-42.11958,-0.0164,0.2108,874.7917,2015-01-30T00:00:00Z,SVPB
123321,2015-01-22T02:00:00Z,-40.91742,-42.12033,-0.0163,0.2115,874.7917,2015-01-30T00:00:00Z,SVPB
123321,2015-01-22T03:00:00Z,-40.91076,-42.12111,-0.0161,0.2124,874.7917,2015-01-30T00:00:00Z,SVPB
123321,2015-01-22T04:00:00Z,-40.90407,-42.1219,0.0539,0.186,226.79166,2015-01-30T00:00:00Z,SVPB
123321,2015-01-22T05:00:00Z,-40.89673,-42.1219,-0.0051,0.1859,226.79166,2015-01-30T00:00:00Z,SVPB
123321,2015-01-23T01:00:00Z,-40.78173,-42.07162,0.0598,0.1233,252.0,2015-01-30T00:00:00Z,SVPB
123321,2015-01-23T02:00:00Z,-40.77873,-42.07098,0.0868,0.1355,910.7916,2015-01-30T00:00:00Z,SVPB
123321,2015-01-23T03:00:00Z,-40.77381,-42.0664,0.086,0.1354,910.7916,2015-01-30T00:00:00Z,SVPB
123321,2015-01-23T04:00:00Z,-40.76923,-42.06235,0.0856,0.1354,910.7916,2015-01-30T00:00:00Z,SVPB
123321,2015-01-23T05:00:00Z,-40.76479,-42.05856,0.0855,0.1354,910.7916,2015-01-30T00:00:00Z,SVPB
123321,2015-01-23T06:00:00Z,-40.76043,-42.05494,0.0857,0.1355,910.7916,2015-01-30T00:00:00Z,SVPB
123321,2015-01-23T07:00:00Z,-40.75618,-42.05151,0.0862,0.1357,910.7916,2015-01-30T00:00:00Z,SVPB
123321,2015-01-23T08:00:00Z,-40.75223,-42.04852,0.0943,0.1496,255.58333,2015-01-30T00:00:00Z,SVPB
123321,2015-01-23T09:00:00Z,-40.74654,-42.04304,0.0995,0.1533,255.58333,2015-01-30T00:00:00Z,SVPB
123321,2015-01-23T10:00:00Z,-40.74002,-42.03911,0.0568,0.2169,1421.9999,2015-01-30T00:00:00Z,SVPB
123321,2015-01-23T11:00:00Z,-40.73268,-42.0375,0.0567,0.2174,1421.9999,2015-01-30T00:00:00Z,SVPB
123321,2015-01-23T12:00:00Z,-40.72546,-42.03559,0.0567,0.2178,1421.9999,2015-01-30T00:00:00Z,SVPB
123321,2015-01-23T13:00:00Z,-40.71826,-42.03357,0.0567,0.2181,1421.9999,2015-01-30T00:00:00Z,SVPB
123321,2015-01-23T14:00:00Z,-40.71104,-42.03152,0.0566,0.2184,1421.9999,2015-01-30T00:00:00Z,SVPB
123321,2015-01-23T15:00:00Z,-40.70374,-42.02956,0.0564,0.2188,1421.9999,2015-01-30T00:00:00Z,SVPB
123321,2015-01-23T16:00:00Z,-40.68501,-42.03873,0.02,0.2691,1421.9999,2015-01-30T00:00:00Z,SVPB
123321,2015-01-23T17:00:00Z,-40.67612,-42.03816,0.0206,0.2691,1421.9999,2015-01-30T00:00:00Z,SVPB
123321,2015-01-23T18:00:00Z,-40.66722,-42.03755,0.0211,0.2692,1421.9999,2015-01-30T00:00:00Z,SVPB
123321,2015-01-23T19:00:00Z,-40.65828,-42.03694,0.0215,0.2692,1421.9999,2015-01-30T00:00:00Z,SVPB
123321,2015-01-23T20:00:00Z,-40.65036,-42.03142,0.1593,0.2585,709.2083,2015-01-30T00:00:00Z,SVPB
123321,2015-01-23T21:00:00Z,-40.6427,-42.02475,0.1595,0.2577,709.2083,2015-01-30T00:00:00Z,SVPB
123321,2015-01-23T22:00:00Z,-40.63552,-42.01814,0.1598,0.2578,709.2083,2015-01-30T00:00:00Z,SVPB
123321,2015-01-23T23:00:00Z,-40.64852,-42.0116,0.1602,0.2166,709.2083,2015-01-30T00:00:00Z,SVPB
123321,2015-01-24T00:00:00Z,-40.64141,-42.0053,0.1537,0.352,1018.7917,2015-01-30T00:00:00Z,SVPB
126963,2015-03-16T18:00:00Z,-27.0039,-42.35736,-0.0265,-0.4407,0.0,2015-08-09T00:00:00Z,SVP
126963,2015-03-16T19:00:00Z,-27.0156,-42.35979,-0.0514,-0.3792,210.91667,2015-08-09T00:00:00Z,SVP
126963,2015-03-16T20:00:00Z,-27.02301,-42.36223,-0.0697,-0.1972,140.70834,2015-08-09T00:00:00Z,SVP
126963,2015-03-16T21:00:00Z,-27.02841,-42.3624,0.0024,-0.1494,485.08334,2015-08-09T00:00:00Z,SVP
126963,2015-03-16T22:00:00Z,-27.03354,-42.36175,0.0043,-0.1511,485.08334,2015-08-09T00:00:00Z,SVP
126963,2015-03-16T23:00:00Z,-27.03886,-42.36115,0.0054,-0.153,485.08334,2015-08-09T00:00:00Z,SVP
126963,2015-03-17T00:00:00Z,-27.04195,-42.36183,0.0062,-0.1193,116.083336,2015-08-09T00:00:00Z,SVP
126963,2015-03-17T01:00:00Z,-27.04362,-42.36347,-0.1235,-0.0445,130.04166,2015-08-09T00:00:00Z,SVP
126963,2015-03-17T02:00:00Z,-27.0467,-42.37369,-0.3207,-0.1162,372.5833,2015-08-09T00:00:00Z,SVP
126963,2015-03-17T03:00:00Z,-27.05001,-42.38451,-0.3223,-0.1171,372.5833,2015-08-09T00:00:00Z,SVP
126963,2015-03-17T04:00:00Z,-27.05364,-42.39585,-0.4181,-0.189,253.20834,2015-08-09T00:00:00Z,SVP
126963,2015-03-17T05:00:00Z,-27.0604,-42.41209,-0.4022,-0.1824,253.20834,2015-08-09T00:00:00Z,SVP
126963,2015-03-17T06:00:00Z,-27.06704,-42.42704,-0.4349,-0.2292,200.41666,2015-08-09T00:00:00Z,SVP
126963,2015-03-17T07:00:00Z,-27.07496,-42.44214,-0.4064,-0.2792,161.70833,2015-08-09T00:00:00Z,SVP
126963,2015-03-17T08:00:00Z,-27.08528,-42.4578,-0.4196,-0.3879,110.70833,2015-08-09T00:00:00Z,SVP
126963,2015-03-17T09:00:00Z,-27.09757,-42.47041,-0.3897,-0.3719,265.3333,2015-08-09T00:00:00Z,SVP
126963,2015-03-17T10:00:00Z,-27.1102,-42.48901,-0.4232,-0.3742,265.3333,2015-08-09T00:00:00Z,SVP
126963,2015-03-17T11:00:00Z,-27.122,-42.50022,-0.209,-0.3588,200.41666,2015-08-09T00:00:00Z,SVP
126963,2015-03-17T12:00:00Z,-27.13369,-42.50823,-0.2176,-0.4113,119.54167,2015-08-09T00:00:00Z,SVP
126963,2015-03-17T13:00:00Z,-27.14751,-42.51893,-0.2994,-0.4801,119.54167,2015-08-09T00:00:00Z,SVP
126963,2015-03-17T14:00:00Z,-27.16375,-42.52381,-0.1304,-0.4876,442.95834,2015-08-09T00:00:00Z,SVP
126963,2015-03-17T15:00:00Z,-27.17982,-42.5278,-0.1355,-0.4874,442.95834,2015-08-09T00:00:00Z,SVP
126963,2015-03-17T16:00:00Z,-27.19561,-42.53328,-0.1175,-0.4877,442.95834,2015-08-09T00:00:00Z,SVP
126963,2015-03-17T17:00:00Z,-27.21102,-42.53049,0.021,-0.4927,239.08334,2015-08-09T00:00:00Z,SVP
126963,2015-03-17T18:00:00Z,-27.22647,-42.52762,0.0764,-0.4299,217.95833,2015-08-09T00:00:00Z,SVP
126963,2015-03-17T19:00:00Z,-27.24,-42.52765,0.0613,-0.4251,217.95833,2015-08-09T00:00:00Z,SVP
126963,2015-03-17T20:00:00Z,-27.25174,-42.5254,0.1059,-0.3058,52.791668,2015-08-09T00:00:00Z,SVP
126963,2015-03-17T21:00:00Z,-27.26052,-42.52138,0.0348,-0.2148,91.33333,2015-08-09T00:00:00Z,SVP
126963,2015-03-17T22:00:00Z,-27.26701,-42.51945,0.015,-0.2072,390.29166,2015-08-09T00:00:00Z,SVP
126963,2015-03-17T23:00:00Z,-27.274,-42.51935,0.0139,-0.2086,390.29166,2015-08-09T00:00:00Z,SVP
126963,2015-03-18T00:00:00Z,-27.28136,-42.51942,0.0135,-0.2103,390.29166,2015-08-09T00:00:00Z,SVP
126963,2015-03-18T01:00:00Z,-27.27978,-42.51732,-0.1278,0.0279,115.958336,2015-08-09T00:00:00Z,SVP
126963,2015-03-18T02:00:00Z,-27.27995,-42.52159,-0.1969,0.0049,274.2083,2015-08-09T00:00:00Z,SVP
126963,2015-03-18T03:00:00Z,-27.27865,-42.52851,-0.1988,-0.0044,274.2083,2015-08-09T00:00:00Z,SVP
126963,2015-03-18T04:00:00Z,-27.27916,-42.53646,-0.2316,-0.0292,256.66666,2015-08-09T00:00:00Z,SVP
126963,2015-03-18T05:00:00Z,-27.28048,-42.54428,-0.2321,-0.0276,256.66666,2015-08-09T00:00:00Z,SVP
126963,2015-03-18T06:00:00Z,-27.28263,-42.55654,-0.3333,-0.0763,196.95833,2015-08-09T00:00:00Z,SVP
126963,2015-03-18T07:00:00Z,-27.2869,-42.56845,-0.3381,-0.1875,126.58333,2015-08-09T00:00:00Z,SVP
126963,2015-03-18T08:00:00Z,-27.29497,-42.5758,-0.2235,-0.277,116.083336,2015-08-09T00:00:00Z,SVP
126963,2015-03-18T09:00:00Z,-27.3051,-42.58893,-0.3341,-0.329,137.08333,2015-08-09T00:00:00Z,SVP
126963,2015-03-18T10:00:00Z,-27.31609,-42.60099,-0.2767,-0.2708,210.91667,2015-08-09T00:00:00Z,SVP
126963,2015-03-18T11:00:00Z,-27.3227,-42.61109,-0.2732,-0.2673,210.91667,2015-08-09T00:00:00Z,SVP
126963,2015-03-18T12:00:00Z,-27.33461,-42.61929,-0.2391,-0.3078,137.08333,2015-08-09T00:00:00Z,SVP
126963,2015-03-18T13:00:00Z,-27.34493,-42.62908,-0.2329,-0.4138,460.5,2015-08-09T00:00:00Z,SVP
126963,2015-03-18T14:00:00Z,-27.35863,-42.63735,-0.2311,-0.414,460.5,2015-08-09T00:00:00Z,SVP
126963,2015-03-18T15:00:00Z,-27.37193,-42.6461,-0.231,-0.4147,460.5,2015-08-09T00:00:00Z,SVP
126963,2015-03-18T16:00:00Z,-27.38488,-42.65538,-0.2312,-0.4165,460.5,2015-08-09T00:00:00Z,SVP
126963,2015-03-18T17:00:00Z,-27.40064,-42.65876,-0.1046,-0.4583,253.20834,2015-08-09T00:00:00Z,SVP
126963,2015-03-18T18:00:00Z,-27.41583,-42.66212,-0.0735,-0.4915,200.41666,2015-08-09T00:00:00Z,SVP
126963,2015-03-18T19:00:00Z,-27.43198,-42.6647,-0.0725,-0.4919,200.41666,2015-08-09T00:00:00Z,SVP
126963,2015-03-18T20:00:00Z,-27.44679,-42.66346,0.0854,-0.4382,172.20833,2015-08-09T00:00:00Z,SVP
126963,2015-03-18T21:00:00Z,-27.46032,-42.65922,0.0365,-0.3604,70.333336,2015-08-09T00:00:00Z,SVP
126963,2015-03-18T22:00:00Z,-27.47065,-42.65947,-0.0109,-0.2656,337.5,2015-08-09T00:00:00Z,SVP
126963,2015-03-18T23:00:00Z,-27.47945,-42.65912,-0.0071,-0.2654,337.5,2015-08-09T00:00:00Z,SVP
126963,2015-03-19T00:00:00Z,-27.48644,-42.65857,0.016,-0.1882,123.0,2015-08-09T00:00:00Z,SVP
126963,2015-03-19T01:00:00Z,-27.49069,-42.65807,0.009,-0.0878,130.04166,2015-08-09T00:00:00Z,SVP
126963,2015-03-19T02:00:00Z,-27.49308,-42.6583,-0.0803,-0.032,288.2917,2015-08-09T00:00:00Z,SVP
126963,2015-03-19T03:00:00Z,-27.4927,-42.66051,-0.0893,-0.0512,288.2917,2015-08-09T00:00:00Z,SVP
126963,2015-03-19T04:00:00Z,-27.4954,-42.6649,-0.1338,-0.0613,263.7083,2015-08-09T00:00:00Z,SVP
126963,2015-03-19T05:00:00Z,-27.49711,-42.66992,-0.134,-0.0715,263.7083,2015-08-09T00:00:00Z,SVP
126963,2015-03-19T06:00:00Z,-27.50148,-42.67523,-0.1511,-0.1237,186.29166,2015-08-09T00:00:00Z,SVP
126963,2015-03-19T07:00:00Z,-27.5067,-42.68063,-0.158,-0.2109,168.75,2015-08-09T00:00:00Z,SVP
126963,2015-03-19T08:00:00Z,-27.51394,-42.68626,-0.1599,-0.211,168.75,2015-08-09T00:00:00Z,SVP
126963,2015-03-19T09:00:00Z,-27.52151,-42.69227,-0.1777,-0.2797,98.416664,2015-08-09T00:00:00Z,SVP
126963,2015-03-19T10:00:00Z,-27.52902,-42.70042,-0.2143,-0.256,246.16667,2015-08-09T00:00:00Z,SVP
126963,2015-03-19T11:00:00Z,-27.5459,-42.71166,-0.068,0.0475,119.54167,2015-08-09T00:00:00Z,SVP
126963,2015-03-19T12:00:00Z,-27.54337,-42.71406,-0.1178,-0.0971,130.04166,2015-08-09T00:00:00Z,SVP
126963,2015-03-19T13:00:00Z,-27.55204,-42.71783,-0.1295,-0.336,724.2083,2015-08-09T00:00:00Z,SVP
126963,2015-03-19T14:00:00Z,-27.56354,-42.72277,-0.1296,-0.3347,724.2083,2015-08-09T00:00:00Z,SVP
126963,2015-03-19T15:00:00Z,-27.5745,-42.72757,-0.1296,-0.3347,724.2083,2015-08-09T00:00:00Z,SVP
126963,2015-03-19T16:00:00Z,-27.58525,-42.73233,-0.1296,-0.3351,724.2083,2015-08-09T00:00:00Z,SVP
126963,2015-03-19T17:00:00Z,-27.59577,-42.73706,-0.1296,-0.3366,724.2083,2015-08-09T00:00:00Z,SVP
126963,2015-03-19T18:00:00Z,-27.60736,-42.74134,-0.1267,-0.3629,210.91667,2015-08-09T00:00:00Z,SVP
126963,2015-03-19T19:00:00Z,-27.62005,-42.74603,-0.1236,-0.3956,87.91667,2015-08-09T00:00:00Z,SVP
126963,2015-03-19T20:00:00Z,-27.63409,-42.74771,-0.0249,-0.4739,140.70834,2015-08-09T00:00:00Z,SVP
126963,2015-03-19T21:00:00Z,-27.6506,-42.74565,0.2195,-0.5667,0.0,2015-08-09T00:00:00Z,SVP
126963,2015-03-19T22:00:00Z,-27.66461,-42.74248,0.1086,-0.4518,348.0,2015-08-09T00:00:00Z,SVP
126963,2015-03-19T23:00:00Z,-27.68513,-42.73804,0.1091,-0.5298,348.0,2015-08-09T00:00:00Z,SVP
126963,2015-03-20T00:00:00Z,-27.69146,-42.73596,0.0787,-0.4126,130.04166,2015-08-09T00:00:00Z,SVP
126963,2015-03-20T01:00:00Z,-27.70424,-42.73024,0.1667,-0.2197,590.7083,2015-08-09T00:00:00Z,SVP
126963,2015-03-20T02:00:00Z,-27.70943,-42.7247,0.1681,-0.2318,590.7083,2015-08-09T00:00:00Z,SVP
126963,2015-03-20T03:00:00Z,-27.71657,-42.71875,0.1686,-0.2343,590.7083,2015-08-09T00:00:00Z,SVP
126963,2015-03-20T04:00:00Z,-27.72403,-42.71278,0.1694,-0.2353,590.7083,2015-08-09T00:00:00Z,SVP
126963,2015-03-20T05:00:00Z,-27.73164,-42.70705,0.1547,-0.2027,193.33334,2015-08-09T00:00:00Z,SVP
126963,2015-03-20T06:00:00Z,-27.73865,-42.70064,0.1558,-0.2029,193.33334,2015-08-09T00:00:00Z,SVP
126963,2015-03-20T07:00:00Z,-27.74532,-42.69365,0.2232,-0.2034,193.33334,2015-08-09T00:00:00Z,SVP
126963,2015-03-20T08:00:00Z,-27.75268,-42.68411,0.1412,-0.2047,63.291664,2015-08-09T00:00:00Z,SVP
126963,2015-03-20T09:00:00Z,-27.75854,-42.68124,0.0766,-0.1746,246.16667,2015-08-09T00:00:00Z,SVP
126963,2015-03-20T10:00:00Z,-27.76411,-42.68004,0.075,-0.1672,246.16667,2015-08-09T00:00:00Z,SVP
126963,2015-03-20T11:00:00Z,-27.7639,-42.67554,0.1,0.008,147.58333,2015-08-09T00:00:00Z,SVP
126963,2015-03-20T12:00:00Z,-27.76382,-42.67159,0.1301,0.0227,123.0,2015-08-09T00:00:00Z,SVP
126963,2015-03-20T13:00:00Z,-27.76501,-42.6673,0.1074,-0.07,137.08333,2015-08-09T00:00:00Z,SVP
126963,2015-03-20T14:00:00Z,-27.77062,-42.66431,0.0907,-0.1654,629.25006,2015-08-09T00:00:00Z,SVP
126963,2015-03-20T15:00:00Z,-27.77623,-42.66084,0.0919,-0.1673,629.25006,2015-08-09T00:00:00Z,SVP
126963,2015-03-20T16:00:00Z,-27.78148,-42.65679,0.0966,-0.1668,629.25006,2015-08-09T00:00:00Z,SVP
126963,2015-03-20T17:00:00Z,-27.78599,-42.65188,0.1037,-0.1635,629.25006,2015-08-09T00:00:00Z,SVP
126963,2015-03-20T18:00:00Z,-27.7946,-42.65512,0.0532,-0.2854,203.83333,2015-08-09T00:00:00Z,SVP
126963,2015-03-20T19:00:00Z,-27.80435,-42.65688,0.193,-0.3375,175.79167,2015-08-09T00:00:00Z,SVP
126963,2015-03-20T20:00:00Z,-27.81496,-42.64961,0.24,-0.3229,66.75,2015-08-09T00:00:00Z,SVP
126963,2015-03-20T21:00:00Z,-27.82549,-42.64051,0.2547,-0.3276,189.91667,2015-08-09T00:00:00Z,SVP
126963,2015-03-20T22:00:00Z,-27.83191,-42.63061,0.2796,-0.2042,355.0417,2015-08-09T00:00:00Z,SVP
126963,2015-03-20T23:00:00Z,-27.83881,-42.62012,0.2808,-0.2062,355.0417,2015-08-09T00:00:00Z,SVP
126963,2015-03-21T00:00:00Z,-27.85982,-42.60999,0.2986,0.0814,232.04169,2015-08-09T00:00:00Z,SVP
126963,2015-03-21T01:00:00Z,-27.85348,-42.59895,0.2991,0.0415,232.04169,2015-08-09T00:00:00Z,SVP
126963,2015-03-21T02:00:00Z,-27.85271,-42.58801,0.3054,-0.0147,481.66666,2015-08-09T00:00:00Z,SVP
126963,2015-03-21T03:00:00Z,-27.85354,-42.57677,0.3053,-0.0166,481.66666,2015-08-09T00:00:00Z,SVP
126963,2015-03-21T04:00:00Z,-27.85364,-42.56549,0.3053,-0.0174,481.66666,2015-08-09T00:00:00Z,SVP
126963,2015-03-21T05:00:00Z,-27.85265,-42.55526,0.2677,-0.0084,193.33334,2015-08-09T00:00:00Z,SVP
126963,2015-03-21T06:00:00Z,-27.85761,-42.54422,0.2148,0.0246,256.66666,2015-08-09T00:00:00Z,SVP
126963,2015-03-21T07:00:00Z,-27.85403,-42.53704,0.2175,0.0302,256.66666,2015-08-09T00:00:00Z,SVP
126963,2015-03-21T08:00:00Z,-27.85437,-42.52896,0.2145,-0.0867,80.83333,2015-08-09T00:00:00Z,SVP
126963,2015-03-21T09:00:00Z,-27.85679,-42.52091,0.2274,-0.0764,249.58333,2015-08-09T00:00:00Z,SVP
126963,2015-03-21T10:00:00Z,-27.85946,-42.5134,0.2072,-0.0152,182.83333,2015-08-09T00:00:00Z,SVP
126963,2015-03-21T11:00:00Z,-27.86003,-42.50407,0.2127,-0.0131,182.83333,2015-08-09T00:00:00Z,SVP
126963,2015-03-21T12:00:00Z,-27.85956,-42.4951,0.3439,0.013,123.0,2015-08-09T00:00:00Z,SVP
126963,2015-03-21T13:00:00Z,-27.85972,-42.4787,0.4304,0.0292,660.9167,2015-08-09T00:00:00Z,SVP
126963,2015-03-21T14:00:00Z,-27.85846,-42.46459,0.4136,0.0318,660.9167,2015-08-09T00:00:00Z,SVP
126963,2015-03-21T15:00:00Z,-27.85744,-42.45607,0.3416,0.032,660.9167,2015-08-09T00:00:00Z,SVP
126963,2015-03-21T16:00:00Z,-27.85665,-42.44413,0.342,0.031,660.9167,2015-08-09T00:00:00Z,SVP
126963,2015-03-21T17:00:00Z,-27.85623,-42.43222,0.3444,0.029,660.9167,2015-08-09T00:00:00Z,SVP
126963,2015-03-21T18:00:00Z,-27.85004,-42.41367,0.505,0.2005,341.0833,2015-08-09T00:00:00Z,SVP
126963,2015-03-21T19:00:00Z,-27.84311,-42.38928,0.4073,0.1971,341.0833,2015-08-09T00:00:00Z,SVP
126963,2015-03-21T20:00:00Z,-27.83609,-42.37579,0.2579,0.2271,112.5,2015-08-09T00:00:00Z,SVP
126963,2015-03-21T21:00:00Z,-27.82858,-42.36584,0.2862,0.2133,133.66667,2015-08-09T00:00:00Z,SVP
126963,2015-03-21T22:00:00Z,-27.82368,-42.35185,0.3211,0.1766,256.66666,2015-08-09T00:00:00Z,SVP
126963,2015-03-21T23:00:00Z,-27.81773,-42.34095,0.3255,0.1842,256.66666,2015-08-09T00:00:00Z,SVP
126963,2015-03-22T00:00:00Z,-27.80856,-42.32913,0.267,0.3679,102.0,2015-08-09T00:00:00Z,SVP
126963,2015-03-22T01:00:00Z,-27.79725,-42.31943,0.2612,0.3486,144.16667,2015-08-09T00:00:00Z,SVP
126963,2015-03-22T02:00:00Z,-27.79987,-42.31147,0.2387,0.3562,358.6667,2015-08-09T00:00:00Z,SVP
126963,2015-03-22T03:00:00Z,-27.77844,-42.30164,0.2398,0.2934,358.6667,2015-08-09T00:00:00Z,SVP
126963,2015-03-22T04:00:00Z,-27.76795,-42.29206,0.2402,0.2925,358.6667,2015-08-09T00:00:00Z,SVP
126963,2015-03-22T05:00:00Z,-27.75889,-42.28391,0.2,0.2508,457.04166,2015-08-09T00:00:00Z,SVP
126963,2015-03-22T06:00:00Z,-27.75087,-42.27669,0.1993,0.2508,457.04166,2015-08-09T00:00:00Z,SVP
126963,2015-03-22T07:00:00Z,-27.7425,-42.26893,0.1971,0.2485,457.04166,2015-08-09T00:00:00Z,SVP
126963,2015-03-22T08:00:00Z,-27.73501,-42.26237,0.1789,0.2279,274.2083,2015-08-09T00:00:00Z,SVP
126963,2015-03-22T09:00:00Z,-27.72803,-42.2569,0.1807,0.2285,274.2083,2015-08-09T00:00:00Z,SVP
126963,2015-03-22T10:00:00Z,-27.72094,-42.24942,0.196,0.2112,337.5,2015-08-09T00:00:00Z,SVP
126963,2015-03-22T11:00:00Z,-27.71379,-42.24208,0.1956,0.2102,337.5,2015-08-09T00:00:00Z,SVP
126963,2015-03-22T12:00:00Z,-27.70662,-42.23508,0.201,0.2258,140.70834,2015-08-09T00:00:00Z,SVP
126963,2015-03-22T13:00:00Z,-27.69244,-42.2281,0.2075,0.3646,115.958336,2015-08-09T00:00:00Z,SVP
126963,2015-03-22T14:00:00Z,-27.68196,-42.21903,0.2542,0.3444,562.5,2015-08-09T00:00:00Z,SVP
126963,2015-03-22T15:00:00Z,-27.67552,-42.2096,0.2548,0.3284,562.5,2015-08-09T00:00:00Z,SVP
126963,2015-03-22T16:00:00Z,-27.6668,-42.20051,0.2548,0.3219,562.5,2015-08-09T00:00:00Z,SVP
126963,2015-03-22T17:00:00Z,-27.65747,-42.192,0.2666,0.4691,428.8333,2015-08-09T00:00:00Z,SVP
126963,2015-03-22T18:00:00Z,-27.6419,-42.18153,0.2694,0.4691,428.8333,2015-08-09T00:00:00Z,SVP
126963,2015-03-22T19:00:00Z,-27.62666,-42.17114,0.2711,0.4701,428.8333,2015-08-09T00:00:00Z,SVP
126963,2015-03-22T20:00:00Z,-27.61085,-42.16108,0.2712,0.5068,109.041664,2015-08-09T00:00:00Z,SVP
126963,2015-03-22T21:00:00Z,-27.59349,-42.15601,0.1017,0.5195,137.08333,2015-08-09T00:00:00Z,SVP
126963,2015-03-22T22:00:00Z,-27.57604,-42.14987,0.0338,0.5204,376.2083,2015-08-09T00:00:00Z,SVP
126963,2015-03-22T23:00:00Z,-27.55928,-42.14975,0.0479,0.5214,376.2083,2015-08-09T00:00:00Z,SVP
126963,2015-03-23T00:00:00Z,-27.54353,-42.14833,0.1379,0.5043,130.04166,2015-08-09T00:00:00Z,SVP
126963,2015-03-23T01:00:00Z,-27.52648,-42.14422,0.1044,0.4584,119.54167,2015-08-09T00:00:00Z,SVP
126963,2015-03-23T02:00:00Z,-27.51724,-42.13585,-0.0362,0.5058,390.29166,2015-08-09T00:00:00Z,SVP
126963,2015-03-23T03:00:00Z,-27.49773,-42.13741,-0.0357,0.4792,390.29166,2015-08-09T00:00:00Z,SVP
126963,2015-03-23T04:00:00Z,-27.48119,-42.13822,-0.04,0.467,390.29166,2015-08-09T00:00:00Z,SVP
126963,2015-03-23T05:00:00Z,-27.4673,-42.13949,-0.0471,0.4768,404.25,2015-08-09T00:00:00Z,SVP
126963,2015-03-23T06:00:00Z,-27.4525,-42.1414,-0.0475,0.4808,404.25,2015-08-09T00:00:00Z,SVP
126963,2015-03-23T07:00:00Z,-27.43753,-42.14315,-0.0353,0.4203,56.25,2015-08-09T00:00:00Z,SVP
126963,2015-03-23T08:00:00Z,-27.42558,-42.14473,-0.0871,0.3521,207.45834,2015-08-09T00:00:00Z,SVP
126963,2015-03-23T09:00:00Z,-27.41367,-42.14614,-0.18,0.308,274.2083,2015-08-09T00:00:00Z,SVP
126963,2015-03-23T10:00:00Z,-27.41056,-42.15236,-0.1737,0.2456,274.2083,2015-08-09T00:00:00Z,SVP
126963,2015-03-23T11:00:00Z,-27.39481,-42.14622,0.0548,0.2958,105.458336,2015-08-09T00:00:00Z,SVP
126963,2015-03-23T12:00:00Z,-27.38633,-42.14286,0.0477,0.2407,0.0,2015-08-09T00:00:00Z,SVP
126963,2015-03-23T13:00:00Z,-27.37715,-42.14136,0.0746,0.2695,580.0417,2015-08-09T00:00:00Z,SVP
126963,2015-03-23T14:00:00Z,-27.36891,-42.13862,0.0751,0.2697,580.0417,2015-08-09T00:00:00Z,SVP
126963,2015-03-23T15:00:00Z,-27.36053,-42.13614,0.075,0.2701,580.0417,2015-08-09T00:00:00Z,SVP
126963,2015-03-23T16:00:00Z,-27.35224,-42.13392,0.075,0.2712,580.0417,2015-08-09T00:00:00Z,SVP
126963,2015-03-23T17:00:00Z,-27.34339,-42.13061,0.2049,0.3208,253.20834,2015-08-09T00:00:00Z,SVP
126963,2015-03-23T18:00:00Z,-27.33223,-42.12234,0.198,0.314,253.20834,2015-08-09T00:00:00Z,SVP
126963,2015-03-23T19:00:00Z,-27.32163,-42.11625,0.1775,0.341,137.08333,2015-08-09T00:00:00Z,SVP
126963,2015-03-23T20:00:00Z,-27.3093,-42.11236,0.1518,0.4452,189.91667,2015-08-09T00:00:00Z,SVP
126963,2015-03-23T21:00:00Z,-27.29519,-42.10366,0.1522,0.4495,189.91667,2015-08-09T00:00:00Z,SVP
126963,2015-03-23T22:00:00Z,-27.28018,-42.10211,0.0843,0.4335,291.75003,2015-08-09T00:00:00Z,SVP
126963,2015-03-23T23:00:00Z,-27.26661,-42.09617,0.1084,0.4319,291.75003,2015-08-09T00:00:00Z,SVP
126963,2015-03-24T00:00:00Z,-27.25274,-42.09189,0.1336,0.4165,126.58333,2015-08-09T00:00:00Z,SVP
126963,2015-03-24T01:00:00Z,-27.23906,-42.087,0.0787,0.4424,112.5,2015-08-09T00:00:00Z,SVP
126963,2015-03-24T02:00:00Z,-27.22472,-42.08499,0.0495,0.4424,418.33334,2015-08-09T00:00:00Z,SVP
126963,2015-03-24T03:00:00Z,-27.21009,-42.08337,0.0494,0.4429,418.33334,2015-08-09T00:00:00Z,SVP
126963,2015-03-24T04:00:00Z,-27.19515,-42.08127,0.0474,0.4435,418.33334,2015-08-09T00:00:00Z,SVP
126963,2015-03-24T05:00:00Z,-27.18109,-42.0802,0.0327,0.4506,267.16666,2015-08-09T00:00:00Z,SVP
126963,2015-03-24T06:00:00Z,-27.16674,-42.07925,0.028,0.4663,119.54167,2015-08-09T00:00:00Z,SVP
126963,2015-03-24T07:00:00Z,-27.15198,-42.07975,-0.0898,0.4114,63.291664,2015-08-09T00:00:00Z,SVP
126963,2015-03-24T08:00:00Z,-27.14087,-42.084,-0.1061,0.3236,193.33334,2015-08-09T00:00:00Z,SVP
126963,2015-03-24T09:00:00Z,-27.13039,-42.08596,-0.0403,0.3164,253.20834,2015-08-09T00:00:00Z,SVP
126963,2015-03-24T10:00:00Z,-27.12144,-42.08823,-0.0483,0.3117,133.66667,2015-08-09T00:00:00Z,SVP
126963,2015-03-24T11:00:00Z,-27.10938,-42.09053,-0.1478,0.2064,119.54167,2015-08-09T00:00:00Z,SVP
126963,2015-03-24T12:00:00Z,-27.10334,-42.09721,-0.0812,0.094,119.54167,2015-08-09T00:00:00Z,SVP
126963,2015-03-24T13:00:00Z,-27.10008,-42.09868,-0.0236,0.098,625.7917,2015-08-09T00:00:00Z,SVP
126963,2015-03-24T14:00:00Z,-27.09699,-42.10238,-0.0643,0.0981,625.7917,2015-08-09T00:00:00Z,SVP
126963,2015-03-24T15:00:00Z,-27.09392,-42.10521,-0.0668,0.0982,625.7917,2015-08-09T00:00:00Z,SVP
126963,2015-03-24T16:00:00Z,-27.09096,-42.10827,-0.0688,0.0984,625.7917,2015-08-09T00:00:00Z,SVP
126963,2015-03-24T17:00:00Z,-27.08735,-42.10834,0.1485,0.1191,232.04169,2015-08-09T00:00:00Z,SVP
126963,2015-03-24T18:00:00Z,-27.08303,-42.10182,0.1369,0.1212,232.04169,2015-08-09T00:00:00Z,SVP
126963,2015-03-24T19:00:00Z,-27.07719,-42.0977,0.1363,0.1756,186.29166,2015-08-09T00:00:00Z,SVP
126963,2015-03-24T20:00:00Z,-27.07127,-42.09425,0.0912,0.1893,182.83333,2015-08-09T00:00:00Z,SVP
126963,2015-03-24T21:00:00Z,-27.06493,-42.09186,0.0302,0.2141,73.791664,2015-08-09T00:00:00Z,SVP
126963,2015-03-24T22:00:00Z,-27.05763,-42.09006,0.0302,0.2363,453.5833,2015-08-09T00:00:00Z,SVP
126963,2015-03-24T23:00:00Z,-27.04999,-42.0891,0.0308,0.2365,453.5833,2015-08-09T00:00:00Z,SVP
126963,2015-03-25T00:00:00Z,-27.04246,-42.08871,0.0322,0.2371,453.5833,2015-08-09T00:00:00Z,SVP
126963,2015-03-25T01:00:00Z,-27.03471,-42.08395,0.1319,0.2538,133.66667,2015-08-09T00:00:00Z,SVP
126963,2015-03-25T02:00:00Z,-27.02938,-42.08004,-0.0519,0.2555,298.7917,2015-08-09T00:00:00Z,SVP
126963,2015-03-25T03:00:00Z,-27.01861,-42.08319,-0.0419,0.2633,298.7917,2015-08-09T00:00:00Z,SVP
126963,2015-03-25T04:00:00Z,-27.00926,-42.08455,-0.0337,0.2049,267.16666,2015-08-09T00:00:00Z,SVP
126963,2015-03-25T05:00:00Z,-27.00413,-42.08537,-0.0326,0.2192,267.16666,2015-08-09T00:00:00Z,SVP
126964,2015-03-21T04:00:00Z,-27.00416,-46.32036,-0.408,-0.7411,460.5,2016-09-23T00:00:00Z,SVP
126964,2015-03-21T05:00:00Z,-27.02995,-46.33261,-0.2699,-0.8622,471.16666,2016-09-23T00:00:00Z,SVP
126964,2015-03-21T06:00:00Z,-27.05847,-46.34162,-0.2703,-0.8629,471.16666,2016-09-23T00:00:00Z,SVP
126964,2015-03-21T07:00:00Z,-27.08655,-46.35031,-0.2732,-0.8639,471.16666,2016-09-23T00:00:00Z,SVP
126964,2015-03-21T08:00:00Z,-27.11509,-46.35924,-0.5977,-0.8802,80.83333,2016-09-23T00:00:00Z,SVP
126964,2015-03-21T09:00:00Z,-27.14259,-46.38046,-0.5707,-0.8141,253.20834,2016-09-23T00:00:00Z,SVP
126964,2015-03-21T10:00:00Z,-27.16923,-46.40106,-0.403,-0.7793,179.25,2016-09-23T00:00:00Z,SVP
126964,2015-03-21T11:00:00Z,-27.19364,-46.41454,-0.4022,-0.777,179.25,2016-09-23T00:00:00Z,SVP
126964,2015-03-21T12:00:00Z,-27.22078,-46.42609,-0.3035,-0.8187,123.0,2016-09-23T00:00:00Z,SVP
126964,2015-03-21T13:00:00Z,-27.24948,-46.43587,-0.3165,-0.7773,664.49994,2016-09-23T00:00:00Z,SVP
126964,2015-03-21T14:00:00Z,-27.27413,-46.44778,-0.3169,-0.7778,664.49994,2016-09-23T00:00:00Z,SVP
126964,2015-03-21T15:00:00Z,-27.29915,-46.4595,-0.317,-0.778,664.49994,2016-09-23T00:00:00Z,SVP
126964,2015-03-21T16:00:00Z,-27.3243,-46.4712,-0.3169,-0.778,664.49994,2016-09-23T00:00:00Z,SVP
126964,2015-03-21T17:00:00Z,-27.34955,-46.48295,-0.3168,-0.7776,664.49994,2016-09-23T00:00:00Z,SVP
126964,2015-03-21T18:00:00Z,-27.374,-46.49389,-0.316,-0.7598,249.58333,2016-09-23T00:00:00Z,SVP
126964,2015-03-21T19:00:00Z,-27.39754,-46.50323,-0.2536,-0.7143,182.83333,2016-09-23T00:00:00Z,SVP
126964,2015-03-21T20:00:00Z,-27.42135,-46.51504,-0.2729,-0.7114,182.83333,2016-09-23T00:00:00Z,SVP
126964,2015-03-21T21:00:00Z,-27.44154,-46.51647,-0.1284,-0.6416,154.66667,2016-09-23T00:00:00Z,SVP
126964,2015-03-21T22:00:00Z,-27.46311,-46.52658,-0.3084,-0.664,358.6667,2016-09-23T00:00:00Z,SVP
126964,2015-03-21T23:00:00Z,-27.48488,-46.53781,-0.3083,-0.6662,358.6667,2016-09-23T00:00:00Z,SVP
126964,2015-03-22T00:00:00Z,-27.50787,-46.54911,-0.3081,-0.6763,358.6667,2016-09-23T00:00:00Z,SVP
126964,2015-03-22T01:00:00Z,-27.52394,-46.56052,-0.3161,-0.5788,140.70834,2016-09-23T00:00:00Z,SVP
126964,2015-03-22T02:00:00Z,-27.54361,-46.57512,-0.4451,-0.6114,362.08334,2016-09-23T00:00:00Z,SVP
126964,2015-03-22T03:00:00Z,-27.56279,-46.59185,-0.444,-0.613,362.08334,2016-09-23T00:00:00Z,SVP
126964,2015-03-22T04:00:00Z,-27.58232,-46.60873,-0.4417,-0.6142,362.08334,2016-09-23T00:00:00Z,SVP
126964,2015-03-22T05:00:00Z,-27.60257,-46.625,-0.4357,-0.6262,453.5833,2016-09-23T00:00:00Z,SVP
126964,2015-03-22T06:00:00Z,-27.62289,-46.64049,-0.437,-0.6265,453.5833,2016-09-23T00:00:00Z,SVP
126964,2015-03-22T07:00:00Z,-27.64292,-46.65601,-0.4389,-0.628,453.5833,2016-09-23T00:00:00Z,SVP
126964,2015-03-22T08:00:00Z,-27.66422,-46.67266,-0.4539,-0.6676,256.66666,2016-09-23T00:00:00Z,SVP
126964,2015-03-22T09:00:00Z,-27.68616,-46.68985,-0.4561,-0.67,256.66666,2016-09-23T00:00:00Z,SVP
126964,2015-03-22T10:00:00Z,-27.70964,-46.70603,-0.4562,-0.7134,355.0417,2016-09-23T00:00:00Z,SVP
126964,2015-03-22T11:00:00Z,-27.73279,-46.72291,-0.4569,-0.7141,355.0417,2016-09-23T00:00:00Z,SVP
126964,2015-03-22T12:00:00Z,-27.75707,-46.73827,-0.4305,-0.747,144.16667,2016-09-23T00:00:00Z,SVP
126964,2015-03-22T13:00:00Z,-27.7816,-46.75408,-0.3839,-0.7648,112.5,2016-09-23T00:00:00Z,SVP
126964,2015-03-22T14:00:00Z,-27.80651,-46.76771,-0.3649,-0.7668,566.0833,2016-09-23T00:00:00Z,SVP
126964,2015-03-22T15:00:00Z,-27.83127,-46.78114,-0.3643,-0.7671,566.0833,2016-09-23T00:00:00Z,SVP
126964,2015-03-22T16:00:00Z,-27.85599,-46.79487,-0.3635,-0.7675,566.0833,2016-09-23T00:00:00Z,SVP
126964,2015-03-22T17:00:00Z,-27.88061,-46.80891,-0.1967,-0.7744,249.58333,2016-09-23T00:00:00Z,SVP
126964,2015-03-22T18:00:00Z,-27.90617,-46.81557,-0.1951,-0.7764,249.58333,2016-09-23T00:00:00Z,SVP
126964,2015-03-22T19:00:00Z,-27.92974,-46.82267,-0.1896,-0.7232,179.25,2016-09-23T00:00:00Z,SVP
126964,2015-03-22T20:00:00Z,-27.95264,-46.82923,-0.1804,-0.6511,105.458336,2016-09-23T00:00:00Z,SVP
126964,2015-03-22T21:00:00Z,-27.97174,-46.8356,-0.1516,-0.5764,137.08333,2016-09-23T00:00:00Z,SVP
126964,2015-03-22T22:00:00Z,-27.98934,-46.84133,-0.1381,-0.573,112.5,2016-09-23T00:00:00Z,SVP
126964,2015-03-22T23:00:00Z,-28.01221,-46.84058,-0.0128,-0.6177,263.7083,2016-09-23T00:00:00Z,SVP
126964,2015-03-23T00:00:00Z,-28.04349,-46.83969,-0.1199,-0.2657,133.66667,2016-09-23T00:00:00Z,SVP
126964,2015-03-23T01:00:00Z,-28.05049,-46.84453,-0.204,-0.2936,119.54167,2016-09-23T00:00:00Z,SVP
126964,2015-03-23T02:00:00Z,-28.06101,-46.85183,-0.2179,-0.3178,383.25,2016-09-23T00:00:00Z,SVP
126964,2015-03-23T03:00:00Z,-28.07032,-46.85975,-0.2184,-0.3197,383.25,2016-09-23T00:00:00Z,SVP
126964,2015-03-23T04:00:00Z,-28.07949,-46.86759,-0.2197,-0.3265,383.25,2016-09-23T00:00:00Z,SVP
126964,2015-03-23T05:00:00Z,-28.09041,-46.87689,-0.2527,-0.3122,263.7083,2016-09-23T00:00:00Z,SVP
126964,2015-03-23T06:00:00Z,-28.10317,-46.88566,-0.4265,-0.146,147.58333,2016-09-23T00:00:00Z,SVP
126964,2015-03-23T07:00:00Z,-28.1075,-46.90175,-0.4024,-0.1287,56.25,2016-09-23T00:00:00Z,SVP
126964,2015-03-23T08:00:00Z,-28.12144,-46.91374,-0.2986,-0.5352,242.54167,2016-09-23T00:00:00Z,SVP
126964,2015-03-23T09:00:00Z,-28.13777,-46.92402,-0.3775,-0.541,235.50002,2016-09-23T00:00:00Z,SVP
126964,2015-03-23T10:00:00Z,-28.15582,-46.94632,-0.4076,-0.5457,235.50002,2016-09-23T00:00:00Z,SVP
126964,2015-03-23T11:00:00Z,-28.16985,-46.95473,-0.4242,-0.4779,105.458336,2016-09-23T00:00:00Z,SVP
126964,2015-03-23T12:00:00Z,-28.18728,-46.97192,-0.2758,-0.5861,133.66667,2016-09-23T00:00:00Z,SVP
126964,2015-03-23T13:00:00Z,-28.20762,-46.97574,-0.1473,-0.6267,580.0417,2016-09-23T00:00:00Z,SVP
126964,2015-03-23T14:00:00Z,-28.22784,-46.98259,-0.1534,-0.6258,580.0417,2016-09-23T00:00:00Z,SVP
126964,2015-03-23T15:00:00Z,-28.24833,-46.99216,-0.1875,-0.6271,580.0417,2016-09-23T00:00:00Z,SVP
126964,2015-03-23T16:00:00Z,-28.26928,-47.00074,-0.1945,-0.6306,580.0417,2016-09-23T00:00:00Z,SVP
126964,2015-03-23T17:00:00Z,-28.28971,-47.00717,0.0162,-0.5525,242.54167,2016-09-23T00:00:00Z,SVP
126964,2015-03-23T18:00:00Z,-28.3059,-47.00316,-0.1383,-0.5863,242.54167,2016-09-23T00:00:00Z,SVP
126964,2015-03-23T19:00:00Z,-28.32373,-47.00713,-0.0224,-0.5217,147.58333,2016-09-23T00:00:00Z,SVP
126964,2015-03-23T20:00:00Z,-28.34037,-47.00671,0.1603,-0.4908,193.33334,2016-09-23T00:00:00Z,SVP
126964,2015-03-23T21:00:00Z,-28.35579,-47.00006,0.1676,-0.4875,193.33334,2016-09-23T00:00:00Z,SVP
126964,2015-03-23T22:00:00Z,-28.36999,-46.99705,0.06,-0.3856,453.5833,2016-09-23T00:00:00Z,SVP
126964,2015-03-23T23:00:00Z,-28.38229,-46.99511,0.0602,-0.3862,453.5833,2016-09-23T00:00:00Z,SVP
126964,2015-03-24T00:00:00Z,-28.39482,-46.99374,0.0606,-0.3857,453.5833,2016-09-23T00:00:00Z,SVP
126964,2015-03-24T01:00:00Z,-28.40661,-46.99005,0.0589,-0.3177,112.5,2016-09-23T00:00:00Z,SVP
126964,2015-03-24T02:00:00Z,-28.41414,-46.98854,0.0205,-0.2296,418.33334,2016-09-23T00:00:00Z,SVP
126964,2015-03-24T03:00:00Z,-28.42043,-46.98771,0.0196,-0.2264,418.33334,2016-09-23T00:00:00Z,SVP
126964,2015-03-24T04:00:00Z,-28.42544,-46.98643,0.0147,-0.221,418.33334,2016-09-23T00:00:00Z,SVP
126964,2015-03-24T05:00:00Z,-28.43643,-46.98677,-2.0E-4,-0.3354,267.16666,2016-09-23T00:00:00Z,SVP
126964,2015-03-24T06:00:00Z,-28.44746,-46.98668,0.008,-0.3737,182.83333,2016-09-23T00:00:00Z,SVP
126964,2015-03-24T07:00:00Z,-28.45964,-46.98657,0.01,-0.375,182.83333,2016-09-23T00:00:00Z,SVP
126964,2015-03-24T08:00:00Z,-28.47223,-46.98539,0.0189,-0.3859,196.95833,2016-09-23T00:00:00Z,SVP
126964,2015-03-24T09:00:00Z,-28.48441,-46.99524,-0.1558,-0.3764,249.58333,2016-09-23T00:00:00Z,SVP
126964,2015-03-24T10:00:00Z,-28.49686,-47.00334,-0.0893,-0.3875,253.20834,2016-09-23T00:00:00Z,SVP
126964,2015-03-24T11:00:00Z,-28.50931,-47.00627,-0.0882,-0.3887,253.20834,2016-09-23T00:00:00Z,SVP
126964,2015-03-24T12:00:00Z,-28.52252,-47.00907,-0.0453,-0.4494,119.54167,2016-09-23T00:00:00Z,SVP
126964,2015-03-24T13:00:00Z,-28.53825,-47.01044,-0.0307,-0.5091,140.70834,2016-09-23T00:00:00Z,SVP
126964,2015-03-24T14:00:00Z,-28.55475,-47.01092,-0.0036,-0.5144,481.66666,2016-09-23T00:00:00Z,SVP
126964,2015-03-24T15:00:00Z,-28.57148,-47.01066,-7.0E-4,-0.5146,481.66666,2016-09-23T00:00:00Z,SVP
126964,2015-03-24T16:00:00Z,-28.58818,-47.01122,-0.0017,-0.5146,481.66666,2016-09-23T00:00:00Z,SVP
126964,2015-03-24T17:00:00Z,-28.60508,-47.01013,0.0861,-0.5248,235.50002,2016-09-23T00:00:00Z,SVP
126964,2015-03-24T18:00:00Z,-28.62186,-47.00571,0.0714,-0.5253,235.50002,2016-09-23T00:00:00Z,SVP
126964,2015-03-24T19:00:00Z,-28.63893,-47.00329,0.086,-0.5218,203.83333,2016-09-23T00:00:00Z,SVP
126964,2015-03-24T20:00:00Z,-28.6553,-46.9992,0.1016,-0.4916,161.70833,2016-09-23T00:00:00Z,SVP
126964,2015-03-24T21:00:00Z,-28.67109,-46.99182,0.1826,-0.4916,80.83333,2016-09-23T00:00:00Z,SVP
126964,2015-03-24T22:00:00Z,-28.68656,-46.98574,0.1751,-0.4859,450.0,2016-09-23T00:00:00Z,SVP
126964,2015-03-24T23:00:00Z,-28.70247,-46.97991,0.179,-0.4867,450.0,2016-09-23T00:00:00Z,SVP
126964,2015-03-25T00:00:00Z,-28.71891,-46.97367,0.1824,-0.4892,450.0,2016-09-23T00:00:00Z,SVP
126964,2015-03-25T01:00:00Z,-28.73021,-46.96718,0.1273,-0.3534,435.91666,2016-09-23T00:00:00Z,SVP
126964,2015-03-25T02:00:00Z,-28.74231,-46.9628,0.1278,-0.3516,435.91666,2016-09-23T00:00:00Z,SVP
126964,2015-03-25T03:00:00Z,-28.75403,-46.9579,0.1268,-0.3503,435.91666,2016-09-23T00:00:00Z,SVP
126964,2015-03-25T04:00:00Z,-28.76566,-46.95279,0.0656,-0.3421,263.7083,2016-09-23T00:00:00Z,SVP
126964,2015-03-25T05:00:00Z,-28.77621,-46.95003,0.0605,-0.3457,263.7083,2016-09-23T00:00:00Z,SVP
126964,2015-03-25T06:00:00Z,-28.7877,-46.9486,0.0043,-0.3597,182.83333,2016-09-23T00:00:00Z,SVP
126964,2015-03-25T07:00:00Z,-28.79854,-46.94928,0.0213,-0.3382,151.20834,2016-09-23T00:00:00Z,SVP
126964,2015-03-25T08:00:00Z,-28.81058,-46.94707,0.078,-0.3217,112.5,2016-09-23T00:00:00Z,SVP
126964,2015-03-25T09:00:00Z,-28.82085,-46.94707,-0.058,-0.4509,130.04166,2016-09-23T00:00:00Z,SVP
126964,2015-03-25T10:00:00Z,-28.83543,-46.95,-0.103,-0.4615,295.33334,2016-09-23T00:00:00Z,SVP
126964,2015-03-25T11:00:00Z,-28.85026,-46.95427,-0.1065,-0.4609,295.33334,2016-09-23T00:00:00Z,SVP
126964,2015-03-25T12:00:00Z,-28.86675,-46.95852,-0.1367,-0.5311,112.5,2016-09-23T00:00:00Z,SVP
126964,2015-03-25T13:00:00Z,-28.88577,-46.96098,-0.0762,-0.577,137.08333,2016-09-23T00:00:00Z,SVP
126964,2015-03-25T14:00:00Z,-28.90458,-46.96331,-0.0378,-0.5925,502.79166,2016-09-23T00:00:00Z,SVP
126964,2015-03-25T15:00:00Z,-28.9234,-46.96526,-0.0381,-0.5917,502.79166,2016-09-23T00:00:00Z,SVP
126964,2015-03-25T16:00:00Z,-28.94186,-46.96772,-0.0371,-0.5905,502.79166,2016-09-23T00:00:00Z,SVP
126964,2015-03-25T17:00:00Z,-28.96213,-46.96712,-0.022,-0.6031,235.50002,2016-09-23T00:00:00Z,SVP
126964,2015-03-25T18:00:00Z,-28.98218,-46.96799,0.044,-0.6346,0.0,2016-09-23T00:00:00Z,SVP
126964,2015-03-25T19:00:00Z,-29.00237,-46.96659,0.0411,-0.6398,214.5,2016-09-23T00:00:00Z,SVP
126964,2015-03-25T20:00:00Z,-29.02194,-46.96506,0.0399,-0.5927,112.5,2016-09-23T00:00:00Z,SVP
126964,2015-03-25T21:00:00Z,-29.04073,-46.95545,0.3013,-0.673,59.833332,2016-09-23T00:00:00Z,SVP
126964,2015-03-25T22:00:00Z,-29.06141,-46.94879,0.0411,-0.453,404.25,2016-09-23T00:00:00Z,SVP
126964,2015-03-25T23:00:00Z,-29.07505,-46.94795,0.0394,-0.4504,404.25,2016-09-23T00:00:00Z,SVP
126964,2015-03-26T00:00:00Z,-29.08972,-46.9467,0.0389,-0.4479,404.25,2016-09-23T00:00:00Z,SVP
126964,2015-03-26T01:00:00Z,-29.10222,-46.94483,0.0353,-0.3833,130.04166,2016-09-23T00:00:00Z,SVP
126964,2015-03-26T02:00:00Z,-29.11252,-46.94238,0.0589,-0.2893,119.54167,2016-09-23T00:00:00Z,SVP
126964,2015-03-26T03:00:00Z,-29.12269,-46.94205,-0.0352,-0.3327,225.0,2016-09-23T00:00:00Z,SVP
126964,2015-03-26T04:00:00Z,-29.13263,-46.94257,-0.1259,-0.3514,253.20834,2016-09-23T00:00:00Z,SVP
126964,2015-03-26T05:00:00Z,-29.1449,-46.94697,-0.1301,-0.3451,253.20834,2016-09-23T00:00:00Z,SVP
126964,2015-03-26T06:00:00Z,-29.15552,-46.95307,-0.1895,-0.3293,182.83333,2016-09-23T00:00:00Z,SVP
126964,2015-03-26T07:00:00Z,-29.16648,-46.96003,-0.1945,-0.3486,119.54167,2016-09-23T00:00:00Z,SVP
126964,2015-03-26T08:00:00Z,-29.18066,-46.96413,-0.0971,-0.4773,140.70834,2016-09-23T00:00:00Z,SVP
126964,2015-03-26T09:00:00Z,-29.19798,-46.9692,-0.2317,-0.5432,242.54167,2016-09-23T00:00:00Z,SVP
126964,2015-03-26T10:00:00Z,-29.216,-46.98169,-0.2997,-0.5424,242.54167,2016-09-23T00:00:00Z,SVP
126964,2015-03-26T11:00:00Z,-29.23404,-46.99019,-0.0114,-0.5268,193.33334,2016-09-23T00:00:00Z,SVP
126964,2015-03-26T12:00:00Z,-29.24955,-46.99114,-0.0273,-0.5483,130.04166,2016-09-23T00:00:00Z,SVP
126964,2015-03-26T13:00:00Z,-29.26841,-46.99313,-0.0762,-0.4825,112.5,2016-09-23T00:00:00Z,SVP
126964,2015-03-26T14:00:00Z,-29.2837,-46.9982,-0.0448,-0.4384,411.2917,2016-09-23T00:00:00Z,SVP
126964,2015-03-26T15:00:00Z,-29.29817,-46.99847,-0.0555,-0.4385,411.2917,2016-09-23T00:00:00Z,SVP
126964,2015-03-26T16:00:00Z,-29.31279,-46.99984,-0.0637,-0.4383,411.2917,2016-09-23T00:00:00Z,SVP
126964,2015-03-26T17:00:00Z,-29.326,-47.00328,-0.0569,-0.4232,235.50002,2016-09-23T00:00:00Z,SVP
126964,2015-03-26T18:00:00Z,-29.33886,-47.00558,-0.0839,-0.3706,214.5,2016-09-23T00:00:00Z,SVP
126964,2015-03-26T19:00:00Z,-29.3513,-47.00882,-0.0835,-0.3705,214.5,2016-09-23T00:00:00Z,SVP
126964,2015-03-26T20:00:00Z,-29.35942,-47.0113,-0.0733,-0.1786,142.33334,2016-09-23T00:00:00Z,SVP
126964,2015-03-26T21:00:00Z,-29.36537,-47.014,-0.2365,-0.1938,112.5,2016-09-23T00:00:00Z,SVP
126964,2015-03-26T22:00:00Z,-29.37136,-47.02244,-0.2711,-0.1805,390.29166,2016-09-23T00:00:00Z,SVP
126964,2015-03-26T23:00:00Z,-29.37738,-47.03267,-0.2713,-0.1807,390.29166,2016-09-23T00:00:00Z,SVP
126964,2015-03-27T00:00:00Z,-29.38368,-47.04281,-0.2713,-0.1812,390.29166,2016-09-23T00:00:00Z,SVP
126964,2015-03-27T01:00:00Z,-29.38794,-47.05406,-0.2997,-0.1654,137.08333,2016-09-23T00:00:00Z,SVP
126964,2015-03-27T02:00:00Z,-29.39692,-47.07106,-0.5545,-0.2046,242.54167,2016-09-23T00:00:00Z,SVP
126964,2015-03-27T03:00:00Z,-29.40249,-47.09164,-0.5551,-0.2139,242.54167,2016-09-23T00:00:00Z,SVP
126964,2015-03-27T04:00:00Z,-29.4098,-47.11204,-0.5573,-0.1942,253.20834,2016-09-23T00:00:00Z,SVP
126964,2015-03-27T05:00:00Z,-29.41621,-47.13301,-0.5541,-0.1936,253.20834,2016-09-23T00:00:00Z,SVP
126964,2015-03-27T06:00:00Z,-29.42261,-47.15261,-0.5229,-0.2034,182.83333,2016-09-23T00:00:00Z,SVP
126964,2015-03-27T07:00:00Z,-29.43102,-47.1701,-0.4787,-0.2849,84.458336,2016-09-23T00:00:00Z,SVP
126964,2015-03-27T08:00:00Z,-29.44217,-47.18907,-0.5028,-0.3464,189.91667,2016-09-23T00:00:00Z,SVP
126964,2015-03-27T09:00:00Z,-29.45351,-47.21092,-0.6317,-0.3554,210.91667,2016-09-23T00:00:00Z,SVP
126964,2015-03-27T10:00:00Z,-29.46522,-47.23538,-0.6337,-0.3552,210.91667,2016-09-23T00:00:00Z,SVP
126964,2015-03-27T11:00:00Z,-29.47739,-47.25584,-0.56,-0.3819,203.83333,2016-09-23T00:00:00Z,SVP
126964,2015-03-27T12:00:00Z,-29.49079,-47.27343,-0.475,-0.4101,137.08333,2016-09-23T00:00:00Z,SVP
126964,2015-03-27T13:00:00Z,-29.50211,-47.29336,-0.4941,-0.3234,119.54167,2016-09-23T00:00:00Z,SVP
126964,2015-03-27T14:00:00Z,-29.51308,-47.30828,-0.4077,-0.302,678.4583,2016-09-23T00:00:00Z,SVP
126964,2015-03-27T15:00:00Z,-29.5231,-47.32214,-0.408,-0.3026,678.4583,2016-09-23T00:00:00Z,SVP
126964,2015-03-27T16:00:00Z,-29.53297,-47.33392,-0.4339,-0.3028,678.4583,2016-09-23T00:00:00Z,SVP
126964,2015-03-27T17:00:00Z,-29.54274,-47.34895,-0.4354,-0.3029,678.4583,2016-09-23T00:00:00Z,SVP
126964,2015-03-27T18:00:00Z,-29.55172,-47.36369,-0.3716,-0.2999,253.20834,2016-09-23T00:00:00Z,SVP
126964,2015-03-27T19:00:00Z,-29.56174,-47.37955,-0.3726,-0.3007,253.20834,2016-09-23T00:00:00Z,SVP
126964,2015-03-27T20:00:00Z,-29.56327,-47.39307,-0.3569,0.0379,182.83333,2016-09-23T00:00:00Z,SVP
126964,2015-03-27T21:00:00Z,-29.56201,-47.40751,-0.4309,0.0576,70.333336,2016-09-23T00:00:00Z,SVP
126964,2015-03-27T22:00:00Z,-29.5593,-47.42382,-0.4549,0.0739,425.41666,2016-09-23T00:00:00Z,SVP
126964,2015-03-27T23:00:00Z,-29.55707,-47.44015,-0.4507,0.0732,425.41666,2016-09-23T00:00:00Z,SVP
126964,2015-03-28T00:00:00Z,-29.55468,-47.45658,-0.4492,0.1257,123.0,2016-09-23T00:00:00Z,SVP
126964,2015-03-28T01:00:00Z,-29.54856,-47.48296,-0.6935,0.2026,112.5,2016-09-23T00:00:00Z,SVP
126964,2015-03-28T02:00:00Z,-29.54287,-47.49815,-0.7886,0.1988,537.9166,2016-09-23T00:00:00Z,SVP
126964,2015-03-28T03:00:00Z,-29.5359,-47.52791,-0.7872,0.1981,537.9166,2016-09-23T00:00:00Z,SVP
126964,2015-03-28T04:00:00Z,-29.52901,-47.5576,-0.785,0.1968,537.9166,2016-09-23T00:00:00Z,SVP
126964,2015-03-28T05:00:00Z,-29.52175,-47.5875,-0.7761,0.1928,537.9166,2016-09-23T00:00:00Z,SVP
126964,2015-03-28T06:00:00Z,-29.51812,-47.61447,-0.7525,0.1058,189.91667,2016-09-23T00:00:00Z,SVP
126964,2015-03-28T07:00:00Z,-29.51536,-47.64158,-0.6979,0.0638,256.66666,2016-09-23T00:00:00Z,SVP
126964,2015-03-28T08:00:00Z,-29.51296,-47.66844,-0.6973,0.0623,256.66666,2016-09-23T00:00:00Z,SVP
126964,2015-03-28T09:00:00Z,-29.51231,-47.6941,-0.6943,0.0281,467.5417,2016-09-23T00:00:00Z,SVP
126964,2015-03-28T10:00:00Z,-29.51142,-47.71934,-0.6921,0.0277,467.5417,2016-09-23T00:00:00Z,SVP
126964,2015-03-28T11:00:00Z,-29.51001,-47.74319,-0.6853,0.0279,467.5417,2016-09-23T00:00:00Z,SVP
126964,2015-03-28T12:00:00Z,-29.51132,-47.77259,-0.4614,-0.0911,126.58333,2016-09-23T00:00:00Z,SVP
126964,2015-03-28T13:00:00Z,-29.51346,-47.78826,-0.3815,-0.0804,689.0833,2016-09-23T00:00:00Z,SVP
126964,2015-03-28T14:00:00Z,-29.51633,-47.80238,-0.3811,-0.0811,689.0833,2016-09-23T00:00:00Z,SVP
126964,2015-03-28T15:00:00Z,-29.51917,-47.8167,-0.3815,-0.0817,689.0833,2016-09-23T00:00:00Z,SVP
126964,2015-03-28T16:00:00Z,-29.52219,-47.8314,-0.3832,-0.0827,689.0833,2016-09-23T00:00:00Z,SVP
126964,2015-03-28T17:00:00Z,-29.52595,-47.85473,-0.436,-0.0861,689.0833,2016-09-23T00:00:00Z,SVP
126964,2015-03-28T18:00:00Z,-29.52801,-47.86872,-0.2419,-0.0651,485.08334,2016-09-23T00:00:00Z,SVP
126964,2015-03-28T19:00:00Z,-29.52912,-47.8787,-0.2335,-0.0684,485.08334,2016-09-23T00:00:00Z,SVP
126964,2015-03-28T20:00:00Z,-29.53109,-47.88875,-0.2155,-0.0684,485.08334,2016-09-23T00:00:00Z,SVP
126964,2015-03-28T21:00:00Z,-29.53099,-47.897,-0.1863,0.1051,566.0833,2016-09-23T00:00:00Z,SVP
126964,2015-03-28T22:00:00Z,-29.52713,-47.90359,-0.186,0.1046,566.0833,2016-09-23T00:00:00Z,SVP
126964,2015-03-28T23:00:00Z,-29.52338,-47.91037,-0.1857,0.1036,566.0833,2016-09-23T00:00:00Z,SVP
126964,2015-03-29T00:00:00Z,-29.51963,-47.91739,-0.1852,0.1009,566.0833,2016-09-23T00:00:00Z,SVP
126964,2015-03-29T01:00:00Z,-29.51737,-47.92087,-0.1413,0.0963,115.958336,2016-09-23T00:00:00Z,SVP
126964,2015-03-29T02:00:00Z,-29.51396,-47.92574,-0.1156,0.1304,133.66667,2016-09-23T00:00:00Z,SVP
126964,2015-03-29T03:00:00Z,-29.50926,-47.93992,-0.369,0.1557,418.33334,2016-09-23T00:00:00Z,SVP
126964,2015-03-29T04:00:00Z,-29.50362,-47.9544,-0.3664,0.1547,418.33334,2016-09-23T00:00:00Z,SVP
126964,2015-03-29T05:00:00Z,-29.49776,-47.96878,-0.3578,0.1149,442.95834,2016-09-23T00:00:00Z,SVP
126964,2015-03-29T06:00:00Z,-29.49478,-47.98127,-0.3609,0.1149,442.95834,2016-09-23T00:00:00Z,SVP
126964,2015-03-29T07:00:00Z,-29.49103,-47.99431,-0.3625,0.1127,442.95834,2016-09-23T00:00:00Z,SVP
126964,2015-03-29T08:00:00Z,-29.48725,-48.00785,-0.3737,-0.0445,179.25,2016-09-23T00:00:00Z,SVP
126964,2015-03-29T09:00:00Z,-29.48882,-48.02198,-0.3803,-0.049,179.25,2016-09-23T00:00:00Z,SVP
126964,2015-03-29T10:00:00Z,-29.4913,-48.04331,-0.5121,-0.0711,249.58333,2016-09-23T00:00:00Z,SVP
126964,2015-03-29T11:00:00Z,-29.49396,-48.06187,-0.5026,-0.0843,140.70834,2016-09-23T00:00:00Z,SVP
126964,2015-03-29T12:00:00Z,-29.49796,-48.07681,-0.2693,-0.2047,123.0,2016-09-23T00:00:00Z,SVP
126964,2015-03-29T13:00:00Z,-29.5063,-48.0859,-0.2364,-0.3286,140.70834,2016-09-23T00:00:00Z,SVP
126964,2015-03-29T14:00:00Z,-29.51673,-48.09219,-0.1684,-0.345,590.7083,2016-09-23T00:00:00Z,SVP
126964,2015-03-29T15:00:00Z,-29.52816,-48.09914,-0.1742,-0.3461,590.7083,2016-09-23T00:00:00Z,SVP
126964,2015-03-29T16:00:00Z,-29.53981,-48.11359,-0.2458,-0.3478,590.7083,2016-09-23T00:00:00Z,SVP
126964,2015-03-29T17:00:00Z,-29.55194,-48.12341,-0.2481,-0.3507,590.7083,2016-09-23T00:00:00Z,SVP
126964,2015-03-29T18:00:00Z,-29.56202,-48.12646,0.0152,-0.3279,421.95834,2016-09-23T00:00:00Z,SVP
126964,2015-03-29T19:00:00Z,-29.57166,-48.12631,0.0152,-0.3293,421.95834,2016-09-23T00:00:00Z,SVP
126964,2015-03-29T20:00:00Z,-29.58162,-48.12698,0.0157,-0.3301,421.95834,2016-09-23T00:00:00Z,SVP
126964,2015-03-29T21:00:00Z,-29.59223,-48.12252,0.0584,-0.3029,260.0833,2016-09-23T00:00:00Z,SVP
126964,2015-03-29T22:00:00Z,-29.60255,-48.11968,-0.2402,-0.2456,344.54166,2016-09-23T00:00:00Z,SVP
126964,2015-03-29T23:00:00Z,-29.60896,-48.12944,-0.2413,-0.2353,344.54166,2016-09-23T00:00:00Z,SVP
126964,2015-03-30T00:00:00Z,-29.61648,-48.14071,-0.1166,-0.2317,344.54166,2016-09-23T00:00:00Z,SVP
126964,2015-03-30T01:00:00Z,-29.61792,-48.14524,-0.1034,-0.0311,130.04166,2016-09-23T00:00:00Z,SVP
126964,2015-03-30T02:00:00Z,-29.61251,-48.12692,-0.3172,-0.0914,446.54166,2016-09-23T00:00:00Z,SVP
126964,2015-03-30T03:00:00Z,-29.61824,-48.13973,-0.3079,-0.0675,446.54166,2016-09-23T00:00:00Z,SVP
126964,2015-03-30T04:00:00Z,-29.62152,-48.15193,-0.2944,-0.0524,446.54166,2016-09-23T00:00:00Z,SVP
126964,2015-03-30T05:00:00Z,-29.62559,-48.16302,-0.3041,-0.1803,249.58333,2016-09-23T00:00:00Z,SVP
126964,2015-03-30T06:00:00Z,-29.62286,-48.17346,-0.3025,-0.0477,249.58333,2016-09-23T00:00:00Z,SVP
126964,2015-03-30T07:00:00Z,-29.63615,-48.1839,-0.2738,-0.6065,165.16666,2016-09-23T00:00:00Z,SVP
126964,2015-03-30T08:00:00Z,-29.65451,-48.1949,-0.2873,-0.5105,165.29167,2016-09-23T00:00:00Z,SVP
126964,2015-03-30T09:00:00Z,-29.66807,-48.20826,-0.4168,-0.3868,84.458336,2016-09-23T00:00:00Z,SVP
126964,2015-03-30T10:00:00Z,-29.68097,-48.22274,-0.3654,-0.3812,154.66667,2016-09-23T00:00:00Z,SVP
126964,2015-03-30T11:00:00Z,-29.69364,-48.23373,-0.2811,-0.4079,172.33334,2016-09-23T00:00:00Z,SVP
126964,2015-03-30T12:00:00Z,-29.70737,-48.24266,-0.2018,-0.4355,126.58333,2016-09-23T00:00:00Z,SVP
126964,2015-03-30T13:00:00Z,-29.72383,-48.24402,0.0236,-0.5472,618.75,2016-09-23T00:00:00Z,SVP
126964,2015-03-30T14:00:00Z,-29.74159,-48.24336,0.0219,-0.5474,618.75,2016-09-23T00:00:00Z,SVP
126964,2015-03-30T15:00:00Z,-29.75937,-48.24277,0.0206,-0.5475,618.75,2016-09-23T00:00:00Z,SVP
126964,2015-03-30T16:00:00Z,-29.77722,-48.24237,0.0191,-0.5478,618.75,2016-09-23T00:00:00Z,SVP
126964,2015-03-30T17:00:00Z,-29.79526,-48.24241,0.0165,-0.5484,618.75,2016-09-23T00:00:00Z,SVP
126964,2015-03-30T18:00:00Z,-29.81071,-48.23668,0.1554,-0.508,246.16667,2016-09-23T00:00:00Z,SVP
126964,2015-03-30T19:00:00Z,-29.8258,-48.23028,0.1862,-0.4008,166.95834,2016-09-23T00:00:00Z,SVP
126964,2015-03-30T20:00:00Z,-29.83865,-48.22369,0.1837,-0.2903,223.20834,2016-09-23T00:00:00Z,SVP
126964,2015-03-30T21:00:00Z,-29.84749,-48.21613,0.1841,-0.2903,223.20834,2016-09-23T00:00:00Z,SVP
126964,2015-03-30T22:00:00Z,-29.85595,-48.20871,0.1949,-0.256,467.5417,2016-09-23T00:00:00Z,SVP
126964,2015-03-30T23:00:00Z,-29.86469,-48.2027,0.1827,-0.2606,467.5417,2016-09-23T00:00:00Z,SVP
126964,2015-03-31T00:00:00Z,-29.87421,-48.19725,0.1739,-0.2683,467.5417,2016-09-23T00:00:00Z,SVP
126964,2015-03-31T01:00:00Z,-29.87397,-48.18394,0.2272,-0.1826,140.70834,2016-09-23T00:00:00Z,SVP
126964,2015-03-31T02:00:00Z,-29.87891,-48.17282,-0.0178,0.0392,119.54167,2016-09-23T00:00:00Z,SVP
126964,2015-03-31T03:00:00Z,-29.87593,-48.17234,-0.0392,0.0083,327.0,2016-09-23T00:00:00Z,SVP
126964,2015-03-31T04:00:00Z,-29.8741,-48.1734,-0.0449,-0.0172,327.0,2016-09-23T00:00:00Z,SVP
126964,2015-03-31T05:00:00Z,-29.875,-48.17534,-0.0372,-0.019,263.7083,2016-09-23T00:00:00Z,SVP
126964,2015-03-31T06:00:00Z,-29.87623,-48.17688,-0.0381,-0.0127,263.7083,2016-09-23T00:00:00Z,SVP
126964,2015-03-31T07:00:00Z,-29.87729,-48.1848,-0.2051,-0.0428,137.08333,2016-09-23T00:00:00Z,SVP
126964,2015-03-31T08:00:00Z,-29.8824,-48.1923,-0.0819,-0.2136,182.83333,2016-09-23T00:00:00Z,SVP
126964,2015-03-31T09:00:00Z,-29.88967,-48.19649,-0.1446,-0.2398,63.291664,2016-09-23T00:00:00Z,SVP
126964,2015-03-31T10:00:00Z,-29.89846,-48.20219,-0.1674,-0.277,393.75,2016-09-23T00:00:00Z,SVP
126964,2015-03-31T11:00:00Z,-29.90727,-48.20885,-0.1675,-0.2776,393.75,2016-09-23T00:00:00Z,SVP
126964,2015-03-31T12:00:00Z,-29.91599,-48.21628,0.0277,-0.3771,137.08333,2016-09-23T00:00:00Z,SVP
126964,2015-03-31T13:00:00Z,-29.92803,-48.21548,0.0624,-0.3864,646.9583,2016-09-23T00:00:00Z,SVP
126964,2015-03-31T14:00:00Z,-29.94067,-48.2128,0.0647,-0.387,646.9583,2016-09-23T00:00:00Z,SVP
126964,2015-03-31T15:00:00Z,-29.95336,-48.21034,0.0651,-0.3877,646.9583,2016-09-23T00:00:00Z,SVP
126964,2015-03-31T16:00:00Z,-29.9662,-48.20814,0.0644,-0.3887,646.9583,2016-09-23T00:00:00Z,SVP
126964,2015-03-31T17:00:00Z,-29.97906,-48.20628,0.2438,-0.3663,235.50002,2016-09-23T00:00:00Z,SVP
126964,2015-03-31T18:00:00Z,-29.98907,-48.19644,0.2408,-0.3647,235.50002,2016-09-23T00:00:00Z,SVP
126964,2015-03-31T19:00:00Z,-29.99965,-48.18645,0.2788,-0.3043,200.41666,2016-09-23T00:00:00Z,SVP
126964,2015-03-31T20:00:00Z,-30.01018,-48.17621,0.3571,-0.1155,172.20833,2016-09-23T00:00:00Z,SVP
126964,2015-03-31T21:00:00Z,-30.01314,-48.15959,0.3504,-0.1183,172.20833,2016-09-23T00:00:00Z,SVP
126964,2015-03-31T22:00:00Z,-30.01639,-48.14928,0.3245,-0.0844,471.16666,2016-09-23T00:00:00Z,SVP
126964,2015-03-31T23:00:00Z,-30.01969,-48.137,0.3224,-0.0875,471.16666,2016-09-23T00:00:00Z,SVP
126964,2015-04-01T00:00:00Z,-30.02339,-48.12385,0.3115,-0.0905,471.16666,2016-09-23T00:00:00Z,SVP
126964,2015-04-01T01:00:00Z,-30.01868,-48.11592,0.143,0.1541,253.20834,2016-09-23T00:00:00Z,SVP
126964,2015-04-01T02:00:00Z,-30.01282,-48.10979,0.0105,0.1223,355.0417,2016-09-23T00:00:00Z,SVP
126964,2015-04-01T03:00:00Z,-30.00939,-48.11012,0.0152,0.1201,355.0417,2016-09-23T00:00:00Z,SVP
126964,2015-04-01T04:00:00Z,-30.0051,-48.10943,0.0115,0.1162,355.0417,2016-09-23T00:00:00Z,SVP
126964,2015-04-01T05:00:00Z,-30.00493,-48.11069,-0.0387,-0.0198,263.7083,2016-09-23T00:00:00Z,SVP
126964,2015-04-01T06:00:00Z,-30.00539,-48.11188,-0.0748,-0.0632,196.95833,2016-09-23T00:00:00Z,SVP
126964,2015-04-01T07:00:00Z,-30.00814,-48.11549,-0.0811,-0.0669,196.95833,2016-09-23T00:00:00Z,SVP
126964,2015-04-01T08:00:00Z,-30.01317,-48.1209,-0.1431,-0.1667,154.66667,2016-09-23T00:00:00Z,SVP
126964,2015-04-01T09:00:00Z,-30.02175,-48.12174,0.0615,-0.149,379.66666,2016-09-23T00:00:00Z,SVP
126964,2015-04-01T10:00:00Z,-30.02588,-48.11999,0.0645,-0.1544,379.66666,2016-09-23T00:00:00Z,SVP
126964,2015-04-01T11:00:00Z,-30.03099,-48.11743,0.0613,-0.1515,379.66666,2016-09-23T00:00:00Z,SVP
126964,2015-04-01T12:00:00Z,-30.03682,-48.11727,-0.0055,-0.1724,137.08333,2016-09-23T00:00:00Z,SVP
126964,2015-04-01T13:00:00Z,-30.04451,-48.11708,0.1156,-0.239,112.5,2016-09-23T00:00:00Z,SVP
126964,2015-04-01T14:00:00Z,-30.05179,-48.11285,0.1533,-0.2411,548.4166,2016-09-23T00:00:00Z,SVP
126964,2015-04-01T15:00:00Z,-30.05952,-48.10755,0.1549,-0.2413,548.4166,2016-09-23T00:00:00Z,SVP
126964,2015-04-01T16:00:00Z,-30.06738,-48.10232,0.1585,-0.2409,548.4166,2016-09-23T00:00:00Z,SVP
126964,2015-04-01T17:00:00Z,-30.07525,-48.09704,0.1425,-0.2318,249.58333,2016-09-23T00:00:00Z,SVP
126964,2015-04-01T18:00:00Z,-30.08259,-48.08999,0.1502,-0.2314,249.58333,2016-09-23T00:00:00Z,SVP
126964,2015-04-01T19:00:00Z,-30.08914,-48.08477,0.1449,-0.2026,193.33334,2016-09-23T00:00:00Z,SVP
126964,2015-04-01T20:00:00Z,-30.0966,-48.08273,0.0666,-0.2184,84.458336,2016-09-23T00:00:00Z,SVP
126964,2015-04-01T21:00:00Z,-30.10443,-48.07059,0.3028,-0.08,109.041664,2016-09-23T00:00:00Z,SVP
126964,2015-04-01T22:00:00Z,-30.10407,-48.06142,0.3335,0.0245,112.5,2016-09-23T00:00:00Z,SVP
126964,2015-04-01T23:00:00Z,-30.11004,-48.05019,0.2322,-0.0965,256.66666,2016-09-23T00:00:00Z,SVP
126964,2015-04-02T00:00:00Z,-30.11502,-48.03992,0.0863,0.0254,130.04166,2016-09-23T00:00:00Z,SVP
126964,2015-04-02T01:00:00Z,-30.11319,-48.03752,0.1421,0.05,112.5,2016-09-23T00:00:00Z,SVP
126964,2015-04-02T02:00:00Z,-30.1123,-48.03232,0.1398,0.0244,386.70834,2016-09-23T00:00:00Z,SVP
126964,2015-04-02T03:00:00Z,-30.11006,-48.02705,0.1386,0.0363,386.70834,2016-09-23T00:00:00Z,SVP
126964,2015-04-02T04:00:00Z,-30.108,-48.02139,0.1376,0.0373,386.70834,2016-09-23T00:00:00Z,SVP
126964,2015-04-02T05:00:00Z,-30.11193,-48.02338,-0.0493,-0.1107,450.0,2016-09-23T00:00:00Z,SVP
126964,2015-04-02T06:00:00Z,-30.1158,-48.02527,-0.0497,-0.1085,450.0,2016-09-23T00:00:00Z,SVP
126964,2015-04-02T07:00:00Z,-30.11946,-48.02665,-0.0537,-0.1067,450.0,2016-09-23T00:00:00Z,SVP
126964,2015-04-02T08:00:00Z,-30.12401,-48.02909,-0.0111,-0.1729,112.5,2016-09-23T00:00:00Z,SVP
126964,2015-04-02T09:00:00Z,-30.13113,-48.02812,-0.1076,-0.2531,133.66667,2016-09-23T00:00:00Z,SVP
126964,2015-04-02T10:00:00Z,-30.14165,-48.03265,-0.1592,-0.3553,112.5,2016-09-23T00:00:00Z,SVP
126964,2015-04-02T11:00:00Z,-30.15126,-48.02479,0.0981,-0.2915,126.58333,2016-09-23T00:00:00Z,SVP
126964,2015-04-02T12:00:00Z,-30.15947,-48.02596,-0.0919,-0.2295,0.0,2016-09-23T00:00:00Z,SVP
126964,2015-04-02T13:00:00Z,-30.16596,-48.01525,0.2447,-0.1842,583.6666,2016-09-23T00:00:00Z,SVP
126964,2015-04-02T14:00:00Z,-30.17194,-48.00664,0.2454,-0.1841,583.6666,2016-09-23T00:00:00Z,SVP
126964,2015-04-02T15:00:00Z,-30.17805,-47.99761,0.2456,-0.1843,583.6666,2016-09-23T00:00:00Z,SVP
126964,2015-04-02T16:00:00Z,-30.18442,-47.9885,0.2457,-0.1847,583.6666,2016-09-23T00:00:00Z,SVP
126964,2015-04-02T17:00:00Z,-30.1902,-47.97974,0.218,-0.159,242.54167,2016-09-23T00:00:00Z,SVP
126964,2015-04-02T18:00:00Z,-30.19464,-47.97093,0.2166,-0.1633,242.54167,2016-09-23T00:00:00Z,SVP
126964,2015-04-02T19:00:00Z,-30.20027,-47.96529,0.1378,-0.162,193.33334,2016-09-23T00:00:00Z,SVP
126964,2015-04-02T20:00:00Z,-30.20545,-47.96029,0.1334,-0.1566,102.0,2016-09-23T00:00:00Z,SVP
126964,2015-04-02T21:00:00Z,-30.21015,-47.95253,0.2214,-0.149,166.95834,2016-09-23T00:00:00Z,SVP
126964,2015-04-02T22:00:00Z,-30.2155,-47.94376,0.1809,-0.0371,372.5833,2016-09-23T00:00:00Z,SVP
126964,2015-04-02T23:00:00Z,-30.2155,-47.93764,0.1797,-0.0452,372.5833,2016-09-23T00:00:00Z,SVP
126964,2015-04-03T00:00:00Z,-30.21684,-47.93115,0.1796,-0.0454,372.5833,2016-09-23T00:00:00Z,SVP
126964,2015-04-03T01:00:00Z,-30.21768,-47.92444,0.163,-0.0056,115.958336,2016-09-23T00:00:00Z,SVP
126964,2015-04-03T02:00:00Z,-30.21877,-47.91914,0.0261,-0.1094,288.2917,2016-09-23T00:00:00Z,SVP
126964,2015-04-03T03:00:00Z,-30.22227,-47.91808,0.0249,-0.1103,288.2917,2016-09-23T00:00:00Z,SVP
126964,2015-04-03T04:00:00Z,-30.22557,-47.91662,-0.0071,-0.1551,253.20834,2016-09-23T00:00:00Z,SVP
126964,2015-04-03T05:00:00Z,-30.23082,-47.91725,-0.0067,-0.161,253.20834,2016-09-23T00:00:00Z,SVP
126964,2015-04-03T06:00:00Z,-30.23797,-47.91717,-0.0102,-0.3294,186.29166,2016-09-23T00:00:00Z,SVP
126964,2015-04-03T07:00:00Z,-30.24934,-47.91709,0.0793,-0.3962,80.83333,2016-09-23T00:00:00Z,SVP
126964,2015-04-03T08:00:00Z,-30.26193,-47.91318,0.1228,-0.3847,172.33334,2016-09-23T00:00:00Z,SVP
126964,2015-04-03T09:00:00Z,-30.27389,-47.90922,0.0956,-0.3596,91.33333,2016-09-23T00:00:00Z,SVP
126964,2015-04-03T10:00:00Z,-30.28422,-47.90393,0.1879,-0.2697,277.66666,2016-09-23T00:00:00Z,SVP
126964,2015-04-03T11:00:00Z,-30.29259,-47.89647,0.1905,-0.2655,277.66666,2016-09-23T00:00:00Z,SVP
126964,2015-04-03T12:00:00Z,-30.2997,-47.88696,0.2701,-0.1934,126.58333,2016-09-23T00:00:00Z,SVP
300234062322760,2015-02-28T15:00:00Z,-38.00503,-42.00154,-0.4063,0.2584,0.0,2015-11-28T00:00:00Z,SVPB
300234062322760,2015-02-28T16:00:00Z,-38.00453,-42.01581,-0.3793,0.1435,10800.0,2015-11-28T00:00:00Z,SVPB
300234062322760,2015-02-28T17:00:00Z,-38.00402,-42.03007,-0.3523,0.0286,10800.0,2015-11-28T00:00:00Z,SVPB
300234062322760,2015-02-28T18:00:00Z,-38.00352,-42.04433,-0.3252,-0.0862,0.0,2015-11-28T00:00:00Z,SVPB
300234062322760,2015-02-28T19:00:00Z,-38.00823,-42.05422,-0.2773,-0.145,10800.0,2015-11-28T00:00:00Z,SVPB
300234062322760,2015-02-28T20:00:00Z,-38.01293,-42.0641,-0.2293,-0.2038,10800.0,2015-11-28T00:00:00Z,SVPB
300234062322760,2015-02-28T21:00:00Z,-38.01763,-42.07399,-0.1813,-0.2626,0.0,2015-11-28T00:00:00Z,SVPB
300234062322760,2015-02-28T22:00:00Z,-38.02449,-42.07874,-0.1207,-0.2342,10800.0,2015-11-28T00:00:00Z,SVPB
300234062322760,2015-02-28T23:00:00Z,-38.03135,-42.0835,-0.0602,-0.2058,10800.0,2015-11-28T00:00:00Z,SVPB
300234062322760,2015-03-01T00:00:00Z,-38.03821,-42.08826,4.0E-4,-0.1773,0.0,2015-11-28T00:00:00Z,SVPB
300234062322760,2015-03-01T01:00:00Z,-38.04354,-42.0878,0.0657,-0.1139,10800.0,2015-11-28T00:00:00Z,SVPB
300234062322760,2015-03-01T02:00:00Z,-38.04887,-42.08734,0.1309,-0.0504,10800.0,2015-11-28T00:00:00Z,SVPB
300234062322760,2015-03-01T03:00:00Z,-38.05419,-42.08688,0.1961,0.0131,0.0,2015-11-28T00:00:00Z,SVPB
300234062322760,2015-03-01T04:00:00Z,-38.05103,-42.08166,0.1503,0.0788,10800.0,2015-11-28T00:00:00Z,SVPB
300234062322760,2015-03-01T05:00:00Z,-38.04787,-42.07643,0.1045,0.1446,10800.0,2015-11-28T00:00:00Z,SVPB
300234062322760,2015-03-01T06:00:00Z,-38.04471,-42.07121,0.0587,0.2103,0.0,2015-11-28T00:00:00Z,SVPB
300234062322760,2015-03-01T07:00:00Z,-38.03764,-42.07418,-0.0218,0.2192,10800.0,2015-11-28T00:00:00Z,SVPB
300234062322760,2015-03-01T08:00:00Z,-38.03056,-42.07715,-0.1023,0.2281,10800.0,2015-11-28T00:00:00Z,SVPB
300234062322760,2015-03-01T09:00:00Z,-38.02349,-42.08012,-0.1828,0.2371,0.0,2015-11-28T00:00:00Z,SVPB
300234062322760,2015-03-01T10:00:00Z,-38.01843,-42.0902,-0.2326,0.1854,10800.0,2015-11-28T00:00:00Z,SVPB
300234062322760,2015-03-01T11:00:00Z,-38.01338,-42.10028,-0.2824,0.1337,10800.0,2015-11-28T00:00:00Z,SVPB
300234062322760,2015-03-01T12:00:00Z,-38.00833,-42.11036,-0.3322,0.082,0.0,2015-11-28T00:00:00Z,SVPB
300234062322760,2015-03-01T13:00:00Z,-38.01045,-42.12253,-0.3141,-0.007,10800.0,2015-11-28T00:00:00Z,SVPB
300234062322760,2015-03-01T14:00:00Z,-38.01258,-42.1347,-0.2961,-0.096,10800.0,2015-11-28T00:00:00Z,SVPB
300234062322760,2015-03-01T15:00:00Z,-38.0147,-42.14687,-0.2781,-0.185,0.0,2015-11-28T00:00:00Z,SVPB
300234062322760,2015-03-01T16:00:00Z,-38.02228,-42.15438,-0.2118,-0.228,10800.0,2015-11-28T00:00:00Z,SVPB
300234062322760,2015-03-01T17:00:00Z,-38.02986,-42.16188,-0.1456,-0.2711,10800.0,2015-11-28T00:00:00Z,SVPB
300234062322760,2015-03-01T18:00:00Z,-38.03743,-42.16938,-0.0794,-0.3141,0.0,2015-11-28T00:00:00Z,SVPB
300234062322760,2015-03-01T19:00:00Z,-38.04365,-42.1668,-0.0037,-0.2571,10800.0,2015-11-28T00:00:00Z,SVPB
300234062322760,2015-03-01T20:00:00Z,-38.04986,-42.16421,0.0721,-0.2002,10800.0,2015-11-28T00:00:00Z,SVPB
300234062322760,2015-03-01T21:00:00Z,-38.05608,-42.16163,0.1478,-0.1433,0.0,2015-11-28T00:00:00Z,SVPB
300234062322760,2015-03-01T22:00:00Z,-38.05534,-42.15725,0.129,-0.0248,10800.0,2015-11-28T00:00:00Z,SVPB
300234062322760,2015-03-01T23:00:00Z,-38.05461,-42.15288,0.1101,0.0937,10800.0,2015-11-28T00:00:00Z,SVPB
300234062322760,2015-03-02T00:00:00Z,-38.05388,-42.1485,0.0913,0.2122,0.0,2015-11-28T00:00:00Z,SVPB
300234062322760,2015-03-02T01:00:00Z,-38.04726,-42.14907,0.0068,0.2197,10800.0,2015-11-28T00:00:00Z,SVPB
300234062322760,2015-03-02T02:00:00Z,-38.04064,-42.14964,-0.0776,0.2272,10800.0,2015-11-28T00:00:00Z,SVPB
300234062322760,2015-03-02T03:00:00Z,-38.03402,-42.15021,-0.162,0.2347,0.0,2015-11-28T00:00:00Z,SVPB
300234062322760,2015-03-02T04:00:00Z,-38.02875,-42.15921,-0.2119,0.177,10800.0,2015-11-28T00:00:00Z,SVPB
300234062322760,2015-03-02T05:00:00Z,-38.02349,-42.1682,-0.2618,0.1193,10800.0,2015-11-28T00:00:00Z,SVPB
300234062322760,2015-03-02T06:00:00Z,-38.01822,-42.1772,-0.3116,0.0617,0.0,2015-11-28T00:00:00Z,SVPB
300234062322760,2015-03-02T07:00:00Z,-38.01998,-42.18968,-0.3107,-0.0055,10800.0,2015-11-28T00:00:00Z,SVPB
300234062322760,2015-03-02T08:00:00Z,-38.02175,-42.20217,-0.3098,-0.0727,10800.0,2015-11-28T00:00:00Z,SVPB
300234062322760,2015-03-02T09:00:00Z,-38.02352,-42.21466,-0.3089,-0.1399,0.0,2015-11-28T00:00:00Z,SVPB
300234062322760,2015-03-02T10:00:00Z,-38.03069,-42.22083,-0.2278,-0.19,10800.0,2015-11-28T00:00:00Z,SVPB
300234062322760,2015-03-02T11:00:00Z,-38.03786,-42.227,-0.1466,-0.24,10800.0,2015-11-28T00:00:00Z,SVPB
300234062322760,2015-03-02T12:00:00Z,-38.04504,-42.23318,-0.0655,-0.2901,0.0,2015-11-28T00:00:00Z,SVPB
300234062322760,2015-03-02T13:00:00Z,-38.0526,-42.23339,0.0031,-0.2421,10800.0,2015-11-28T00:00:00Z,SVPB
300234062322760,2015-03-02T14:00:00Z,-38.06016,-42.2336,0.0716,-0.194,10800.0,2015-11-28T00:00:00Z,SVPB
300234062322760,2015-03-02T15:00:00Z,-38.06772,-42.23381,0.1401,-0.146,0.0,2015-11-28T00:00:00Z,SVPB
300234062322760,2015-03-02T16:00:00Z,-38.06924,-42.22838,0.1376,-0.08,10800.0,2015-11-28T00:00:00Z,SVPB
300234062322760,2015-03-02T17:00:00Z,-38.07075,-42.22294,0.1351,-0.014,10800.0,2015-11-28T00:00:00Z,SVPB
300234062322760,2015-03-02T18:00:00Z,-38.07227,-42.21751,0.1326,0.052,0.0,2015-11-28T00:00:00Z,SVPB
300234062322760,2015-03-02T19:00:00Z,-38.06832,-42.21517,0.0871,0.1002,10800.0,2015-11-28T00:00:00Z,SVPB
300234062322760,2015-03-02T20:00:00Z,-38.06437,-42.21284,0.0416,0.1483,10800.0,2015-11-28T00:00:00Z,SVPB
300234062322760,2015-03-02T21:00:00Z,-38.06042,-42.2105,-0.0039,0.1965,0.0,2015-11-28T00:00:00Z,SVPB
300234062322760,2015-03-02T22:00:00Z,-38.05622,-42.21658,-0.0821,0.1676,10800.0,2015-11-28T00:00:00Z,SVPB
300234062322760,2015-03-02T23:00:00Z,-38.05203,-42.22265,-0.1602,0.1388,10800.0,2015-11-28T00:00:00Z,SVPB
300234062322760,2015-03-03T00:00:00Z,-38.04783,-42.22872,-0.2384,0.1099,0.0,2015-11-28T00:00:00Z,SVPB
300234062322760,2015-03-03T01:00:00Z,-38.04724,-42.23877,-0.2473,0.0134,10800.0,2015-11-28T00:00:00Z,SVPB
300234062322760,2015-03-03T02:00:00Z,-38.04664,-42.24881,-0.2562,-0.0832,10800.0,2015-11-28T00:00:00Z,SVPB
300234062322760,2015-03-03T03:00:00Z,-38.04605,-42.25886,-0.2651,-0.1797,0.0,2015-11-28T00:00:00Z,SVPB
300234062322760,2015-03-03T04:00:00Z,-38.05317,-42.2681,-0.2114,-0.2207,10800.0,2015-11-28T00:00:00Z,SVPB
300234062322760,2015-03-03T05:00:00Z,-38.06029,-42.27734,-0.1578,-0.2618,10800.0,2015-11-28T00:00:00Z,SVPB
300234062322760,2015-03-03T06:00:00Z,-38.06741,-42.28658,-0.1041,-0.3028,0.0,2015-11-28T00:00:00Z,SVPB
300234062322760,2015-03-03T07:00:00Z,-38.0772,-42.29066,0.0442,-0.3455,3629.0,2015-11-28T00:00:00Z,SVPB
300234062322760,2015-03-03T08:00:00Z,-38.08637,-42.28537,0.1015,-0.3077,7171.0005,2015-11-28T00:00:00Z,SVPB
300234062322760,2015-03-03T09:00:00Z,-38.09553,-42.28001,0.1581,-0.2693,0.0,2015-11-28T00:00:00Z,SVPB
300234062322760,2015-03-03T10:00:00Z,-38.09836,-42.27014,0.1944,-0.1827,10800.0,2015-11-28T00:00:00Z,SVPB
300234062322760,2015-03-03T11:00:00Z,-38.10119,-42.26027,0.2308,-0.0961,10800.0,2015-11-28T00:00:00Z,SVPB
300234062322760,2015-03-03T12:00:00Z,-38.10402,-42.2504,0.2672,-0.0095,0.0,2015-11-28T00:00:00Z,SVPB
300234062322760,2015-03-03T13:00:00Z,-38.09724,-42.24536,0.2026,0.0965,10800.0,2015-11-28T00:00:00Z,SVPB
300234062322760,2015-03-03T14:00:00Z,-38.09046,-42.24032,0.1381,0.2024,10800.0,2015-11-28T00:00:00Z,SVPB
300234062322760,2015-03-03T15:00:00Z,-38.08368,-42.23528,0.0735,0.3083,0.0,2015-11-28T00:00:00Z,SVPB
300234062322760,2015-03-03T16:00:00Z,-38.07513,-42.23555,-0.0296,0.2711,10800.0,2015-11-28T00:00:00Z,SVPB
300234062322760,2015-03-03T17:00:00Z,-38.06658,-42.23582,-0.1326,0.2339,10800.0,2015-11-28T00:00:00Z,SVPB
300234062322760,2015-03-03T18:00:00Z,-38.05802,-42.2361,-0.2356,0.1967,0.0,2015-11-28T00:00:00Z,SVPB
300234062322760,2015-03-03T19:00:00Z,-38.05474,-42.24663,-0.255,0.1261,10800.0,2015-11-28T00:00:00Z,SVPB
300234062322760,2015-03-03T20:00:00Z,-38.05146,-42.25717,-0.2743,0.0554,10800.0,2015-11-28T00:00:00Z,SVPB
300234062322760,2015-03-03T21:00:00Z,-38.04817,-42.26771,-0.2936,-0.0152,0.0,2015-11-28T00:00:00Z,SVPB
300234062322760,2015-03-03T22:00:00Z,-38.05229,-42.27578,-0.2449,-0.08,10800.0,2015-11-28T00:00:00Z,SVPB
300234062322760,2015-03-03T23:00:00Z,-38.05641,-42.28385,-0.1961,-0.1448,10800.0,2015-11-28T00:00:00Z,SVPB
300234062322760,2015-03-04T00:00:00Z,-38.06053,-42.29192,-0.1473,-0.2096,0.0,2015-11-28T00:00:00Z,SVPB
300234062322760,2015-03-04T01:00:00Z,-38.06642,-42.29302,-0.0563,-0.1983,10800.0,2015-11-28T00:00:00Z,SVPB
300234062322760,2015-03-04T02:00:00Z,-38.07232,-42.29412,0.0347,-0.187,10800.0,2015-11-28T00:00:00Z,SVPB
300234062322760,2015-03-04T03:00:00Z,-38.07821,-42.29523,0.1257,-0.1756,0.0,2015-11-28T00:00:00Z,SVPB
300234062322760,2015-03-04T04:00:00Z,-38.08063,-42.28897,0.1515,-0.1044,10800.0,2015-11-28T00:00:00Z,SVPB
300234062322760,2015-03-04T05:00:00Z,-38.08305,-42.28272,0.1774,-0.0332,10800.0,2015-11-28T00:00:00Z,SVPB
300234062322760,2015-03-04T06:00:00Z,-38.08548,-42.27646,0.2033,0.038,0.0,2015-11-28T00:00:00Z,SVPB
300234062322760,2015-03-04T07:00:00Z,-38.08173,-42.27095,0.1606,0.0936,10800.0,2015-11-28T00:00:00Z,SVPB
300234062322760,2015-03-04T08:00:00Z,-38.07798,-42.26544,0.1179,0.1492,10800.0,2015-11-28T00:00:00Z,SVPB
300234062322760,2015-03-04T09:00:00Z,-38.07423,-42.25993,0.0753,0.2047,0.0,2015-11-28T00:00:00Z,SVPB
300234062322760,2015-03-04T10:00:00Z,-38.06759,-42.26248,-0.007,0.209,10800.0,2015-11-28T00:00:00Z,SVPB
300234062322760,2015-03-04T11:00:00Z,-38.06096,-42.26502,-0.0892,0.2133,10800.0,2015-11-28T00:00:00Z,SVPB
300234062322760,2015-03-04T12:00:00Z,-38.05433,-42.26756,-0.1714,0.2176,0.0,2015-11-28T00:00:00Z,SVPB
300234062322760,2015-03-04T13:00:00Z,-38.05085,-42.27698,-0.2163,0.1514,10800.0,2015-11-28T00:00:00Z,SVPB
300234062322760,2015-03-04T14:00:00Z,-38.04737,-42.2864,-0.2611,0.0851,10800.0,2015-11-28T00:00:00Z,SVPB
300234062322760,2015-03-04T15:00:00Z,-38.04389,-42.29582,-0.306,0.0189,0.0,2015-11-28T00:00:00Z,SVPB
300234062322760,2015-03-04T16:00:00Z,-38.04737,-42.30498,-0.2571,-0.0666,10800.0,2015-11-28T00:00:00Z,SVPB
300234062322760,2015-03-04T17:00:00Z,-38.05085,-42.31413,-0.2083,-0.1521,10800.0,2015-11-28T00:00:00Z,SVPB
300234062322760,2015-03-04T18:00:00Z,-38.05432,-42.32329,-0.1594,-0.2377,0.0,2015-11-28T00:00:00Z,SVPB
300234062322760,2015-03-04T19:00:00Z,-38.06178,-42.32603,-0.0853,-0.241,10800.0,2015-11-28T00:00:00Z,SVPB
300234062322760,2015-03-04T20:00:00Z,-38.06923,-42.32877,-0.0112,-0.2443,10800.0,2015-11-28T00:00:00Z,SVPB
300234062322760,2015-03-04T21:00:00Z,-38.07668,-42.33151,0.0628,-0.2477,0.0,2015-11-28T00:00:00Z,SVPB
300234062322760,2015-03-04T22:00:00Z,-38.08137,-42.32727,0.0932,-0.1836,10800.0,2015-11-28T00:00:00Z,SVPB
300234062322760,2015-03-04T23:00:00Z,-38.08607,-42.32303,0.1236,-0.1196,10800.0,2015-11-28T00:00:00Z,SVPB
300234062322760,2015-03-05T00:00:00Z,-38.09076,-42.3188,0.1539,-0.0555,0.0,2015-11-28T00:00:00Z,SVPB
300234062322760,2015-03-05T01:00:00Z,-38.08971,-42.31492,0.1189,0.0069,10800.0,2015-11-28T00:00:00Z,SVPB
300234062322760,2015-03-05T02:00:00Z,-38.08865,-42.31105,0.0838,0.0693,10800.0,2015-11-28T00:00:00Z,SVPB
300234062322760,2015-03-05T03:00:00Z,-38.0876,-42.30717,0.0487,0.1317,0.0,2015-11-28T00:00:00Z,SVPB
300234062322760,2015-03-05T04:00:00Z,-38.08465,-42.30822,-0.0029,0.1135,10800.0,2015-11-28T00:00:00Z,SVPB
300234062322760,2015-03-05T05:00:00Z,-38.0817,-42.30927,-0.0544,0.0953,10800.0,2015-11-28T00:00:00Z,SVPB
300234062322760,2015-03-05T06:00:00Z,-38.07875,-42.31032,-0.106,0.077,0.0,2015-11-28T00:00:00Z,SVPB
300234062322760,2015-03-05T07:00:00Z,-38.07824,-42.31439,-0.1056,0.0266,10800.0,2015-11-28T00:00:00Z,SVPB
300234062322760,2015-03-05T08:00:00Z,-38.07773,-42.31846,-0.1051,-0.0237,10800.0,2015-11-28T00:00:00Z,SVPB
300234062322760,2015-03-05T09:00:00Z,-38.07723,-42.32252,-0.1047,-0.0741,0.0,2015-11-28T00:00:00Z,SVPB
300234062322760,2015-03-05T10:00:00Z,-38.08032,-42.32567,-0.0844,-0.0903,10800.0,2015-11-28T00:00:00Z,SVPB
300234062322760,2015-03-05T11:00:00Z,-38.08341,-42.32881,-0.064,-0.1064,10800.0,2015-11-28T00:00:00Z,SVPB
300234062322760,2015-03-05T12:00:00Z,-38.0865,-42.33195,-0.0437,-0.1225,0.0,2015-11-28T00:00:00Z,SVPB
300234062322760,2015-03-05T13:00:00Z,-38.09102,-42.33228,-0.0215,-0.1331,10800.0,2015-11-28T00:00:00Z,SVPB
300234062322760,2015-03-05T14:00:00Z,-38.09555,-42.3326,7.0E-4,-0.1436,10800.0,2015-11-28T00:00:00Z,SVPB
300234062322760,2015-03-05T15:00:00Z,-38.10007,-42.33293,0.0229,-0.1541,0.0,2015-11-28T00:00:00Z,SVPB
300234062322760,2015-03-05T16:00:00Z,-38.10558,-42.32974,0.0583,-0.1653,10800.0,2015-11-28T00:00:00Z,SVPB
300234062322760,2015-03-05T17:00:00Z,-38.11109,-42.32656,0.0937,-0.1765,10800.0,2015-11-28T00:00:00Z,SVPB
300234062322760,2015-03-05T18:00:00Z,-38.1166,-42.32337,0.1291,-0.1877,0.0,2015-11-28T00:00:00Z,SVPB
300234062322760,2015-03-05T19:00:00Z,-38.1208,-42.31589,0.1619,-0.1583,10800.0,2015-11-28T00:00:00Z,SVPB
300234062322760,2015-03-05T20:00:00Z,-38.12499,-42.30841,0.1947,-0.1288,10800.0,2015-11-28T00:00:00Z,SVPB
300234062322760,2015-03-05T21:00:00Z,-38.12919,-42.30093,0.2274,-0.0993,0.0,2015-11-28T00:00:00Z,SVPB
300234062322760,2015-03-05T22:00:00Z,-38.12742,-42.29328,0.2092,-0.0115,10800.0,2015-11-28T00:00:00Z,SVPB
300234062322760,2015-03-05T23:00:00Z,-38.12565,-42.28562,0.1909,0.0763,10800.0,2015-11-28T00:00:00Z,SVPB
300234062322760,2015-03-06T00:00:00Z,-38.12387,-42.27797,0.1727,0.1641,0.0,2015-11-28T00:00:00Z,SVPB
300234062322760,2015-03-06T01:00:00Z,-38.11687,-42.27442,0.1084,0.2075,11811.999,2015-11-28T00:00:00Z,SVPB
300234062322760,2015-03-06T02:00:00Z,-38.10987,-42.27087,0.044,0.2509,11811.999,2015-11-28T00:00:00Z,SVPB
300234062322760,2015-03-06T03:00:00Z,-38.10287,-42.26733,-0.0203,0.2943,11811.999,2015-11-28T00:00:00Z,SVPB
300234062322760,2015-03-06T04:00:00Z,-38.09485,-42.27049,-0.0926,0.2873,9788.0,2015-11-28T00:00:00Z,SVPB
300234062322760,2015-03-06T05:00:00Z,-38.08644,-42.27627,-0.1681,0.2606,9788.0,2015-11-28T00:00:00Z,SVPB
300234062322760,2015-03-06T06:00:00Z,-38.07803,-42.28206,-0.2435,0.2338,0.0,2015-11-28T00:00:00Z,SVPB
300234062322760,2015-03-06T07:00:00Z,-38.07408,-42.29351,-0.2709,0.161,10800.0,2015-11-28T00:00:00Z,SVPB
300234062322760,2015-03-06T08:00:00Z,-38.07014,-42.30495,-0.2984,0.0881,10800.0,2015-11-28T00:00:00Z,SVPB
300234062322760,2015-03-06T09:00:00Z,-38.0662,-42.3164,-0.3258,0.0152,0.0,2015-11-28T00:00:00Z,SVPB
300234062322760,2015-03-06T10:00:00Z,-38.06716,-42.32739,-0.2896,-0.023,10800.0,2015-11-28T00:00:00Z,SVPB
300234062322760,2015-03-06T11:00:00Z,-38.06812,-42.33837,-0.2535,-0.0612,10800.0,2015-11-28T00:00:00Z,SVPB
300234062322760,2015-03-06T12:00:00Z,-38.06909,-42.34936,-0.2173,-0.0993,0.0,2015-11-28T00:00:00Z,SVPB
300234062322760,2015-03-06T13:00:00Z,-38.07238,-42.3551,-0.1592,-0.0999,10800.0,2015-11-28T00:00:00Z,SVPB
300234062322760,2015-03-06T14:00:00Z,-38.07566,-42.36085,-0.1011,-0.1005,10800.0,2015-11-28T00:00:00Z,SVPB
300234062322760,2015-03-06T15:00:00Z,-38.07895,-42.36659,-0.043,-0.1012,0.0,2015-11-28T00:00:00Z,SVPB
300234062322760,2015-03-06T16:00:00Z,-38.08151,-42.36615,-0.0012,-0.0823,10800.0,2015-11-28T00:00:00Z,SVPB
300234062322760,2015-03-06T17:00:00Z,-38.08407,-42.36571,0.0405,-0.0634,10800.0,2015-11-28T00:00:00Z,SVPB
300234062322760,2015-03-06T18:00:00Z,-38.08663,-42.36527,0.0822,-0.0445,0.0,2015-11-28T00:00:00Z,SVPB
300234062322760,2015-03-06T19:00:00Z,-38.08742,-42.36171,0.0946,-0.0069,7592.0,2015-11-28T00:00:00Z,SVPB
300234062322760,2015-03-06T20:00:00Z,-38.08821,-42.35815,0.107,0.0307,7592.0,2015-11-28T00:00:00Z,SVPB
300234062322760,2015-03-06T21:00:00Z,-38.08522,-42.35572,0.0578,0.1034,0.0,2015-11-28T00:00:00Z,SVPB
300234062322760,2015-03-06T22:00:00Z,-38.08081,-42.35692,0.0156,0.1157,10800.0,2015-11-28T00:00:00Z,SVPB
300234062322760,2015-03-06T23:00:00Z,-38.0764,-42.35811,-0.0266,0.1279,10800.0,2015-11-28T00:00:00Z,SVPB
300234062322760,2015-03-07T00:00:00Z,-38.072,-42.35931,-0.0688,0.1402,0.0,2015-11-28T00:00:00Z,SVPB
300234062322760,2015-03-07T01:00:00Z,-38.06954,-42.3645,-0.1053,0.1006,10800.0,2015-11-28T00:00:00Z,SVPB
300234062322760,2015-03-07T02:00:00Z,-38.06708,-42.36969,-0.1419,0.061,10800.0,2015-11-28T00:00:00Z,SVPB
300234062322760,2015-03-07T03:00:00Z,-38.06462,-42.37488,-0.1784,0.0214,0.0,2015-11-28T00:00:00Z,SVPB
300234062322760,2015-03-07T04:00:00Z,-38.06624,-42.38106,-0.1631,-0.0261,10800.0,2015-11-28T00:00:00Z,SVPB
300234062322760,2015-03-07T05:00:00Z,-38.06787,-42.38724,-0.1479,-0.0736,10800.0,2015-11-28T00:00:00Z,SVPB
300234062322760,2015-03-07T06:00:00Z,-38.06949,-42.39343,-0.1326,-0.1211,0.0,2015-11-28T00:00:00Z,SVPB
300234062322760,2015-03-07T07:00:00Z,-38.07434,-42.39543,-0.0804,-0.1429,10800.0,2015-11-28T00:00:00Z,SVPB
300234062322760,2015-03-07T08:00:00Z,-38.07919,-42.39744,-0.0282,-0.1647,10800.0,2015-11-28T00:00:00Z,SVPB
300234062322760,2015-03-07T09:00:00Z,-38.08404,-42.39944,0.024,-0.1866,0.0,2015-11-28T00:00:00Z,SVPB
300234062322760,2015-03-07T10:00:00Z,-38.08738,-42.39541,0.072,-0.1419,10800.0,2015-11-28T00:00:00Z,SVPB
300234062322760,2015-03-07T11:00:00Z,-38.09073,-42.39138,0.12,-0.0973,10800.0,2015-11-28T00:00:00Z,SVPB
300234062322760,2015-03-07T12:00:00Z,-38.09407,-42.38735,0.168,-0.0527,0.0,2015-11-28T00:00:00Z,SVPB
300234062322760,2015-03-07T13:00:00Z,-38.09368,-42.38205,0.1453,0.0017,10800.0,2015-11-28T00:00:00Z,SVPB
300234062322760,2015-03-07T14:00:00Z,-38.09329,-42.37675,0.1226,0.0561,10800.0,2015-11-28T00:00:00Z,SVPB
300234062322760,2015-03-07T15:00:00Z,-38.0929,-42.37145,0.0999,0.1105,0.0,2015-11-28T00:00:00Z,SVPB
300234062322760,2015-03-07T16:00:00Z,-38.08978,-42.37004,0.0528,0.1046,10800.0,2015-11-28T00:00:00Z,SVPB
300234062322760,2015-03-07T17:00:00Z,-38.08665,-42.36863,0.0057,0.0987,10800.0,2015-11-28T00:00:00Z,SVPB
300234062322760,2015-03-07T18:00:00Z,-38.08353,-42.36722,-0.0415,0.0928,0.0,2015-11-28T00:00:00Z,SVPB
300234062322760,2015-03-07T19:00:00Z,-38.08246,-42.36991,-0.0601,0.0541,10800.0,2015-11-28T00:00:00Z,SVPB
300234062322760,2015-03-07T20:00:00Z,-38.0814,-42.37261,-0.0786,0.0154,10800.0,2015-11-28T00:00:00Z,SVPB
300234062322760,2015-03-07T21:00:00Z,-38.08033,-42.37531,-0.0972,-0.0233,0.0,2015-11-28T00:00:00Z,SVPB
300234062322760,2015-03-07T22:00:00Z,-38.08246,-42.37819,-0.0802,-0.0549,10800.0,2015-11-28T00:00:00Z,SVPB
300234062322760,2015-03-07T23:00:00Z,-38.08458,-42.38108,-0.0633,-0.0865,10800.0,2015-11-28T00:00:00Z,SVPB
300234062322760,2015-03-08T00:00:00Z,-38.08671,-42.38397,-0.0463,-0.1181,0.0,2015-11-28T00:00:00Z,SVPB
300234062322760,2015-03-08T01:00:00Z,-38.09073,-42.38459,-0.0208,-0.1228,10800.0,2015-11-28T00:00:00Z,SVPB
300234062322760,2015-03-08T02:00:00Z,-38.09474,-42.38521,0.0047,-0.1275,10800.0,2015-11-28T00:00:00Z,SVPB
300234062322760,2015-03-08T03:00:00Z,-38.09875,-42.38584,0.0302,-0.1322,0.0,2015-11-28T00:00:00Z,SVPB
300234062322760,2015-03-08T04:00:00Z,-38.10293,-42.38409,0.0507,-0.1252,7510.0,2015-11-28T00:00:00Z,SVPB
300234062322760,2015-03-08T05:00:00Z,-38.1071,-42.38233,0.0713,-0.1183,7510.0,2015-11-28T00:00:00Z,SVPB
300234062322760,2015-03-08T06:00:00Z,-38.10954,-42.37731,0.1264,-0.0761,0.0,2015-11-28T00:00:00Z,SVPB
300234062322760,2015-03-08T07:00:00Z,-38.10966,-42.37192,0.1245,-0.0404,10800.0,2015-11-28T00:00:00Z,SVPB
300234062322760,2015-03-08T08:00:00Z,-38.10978,-42.36654,0.1227,-0.0047,10800.0,2015-11-28T00:00:00Z,SVPB
300234062322760,2015-03-08T09:00:00Z,-38.1099,-42.36115,0.1209,0.0311,0.0,2015-11-28T00:00:00Z,SVPB
300234062322760,2015-03-08T10:00:00Z,-38.1082,-42.35945,0.0716,0.0455,10800.0,2015-11-28T00:00:00Z,SVPB
300234062322760,2015-03-08T11:00:00Z,-38.10649,-42.35774,0.0224,0.0599,10800.0,2015-11-28T00:00:00Z,SVPB
300234062322760,2015-03-08T12:00:00Z,-38.10479,-42.35604,-0.0268,0.0744,0.0,2015-11-28T00:00:00Z,SVPB
300234062322760,2015-03-08T13:00:00Z,-38.10367,-42.35812,-0.0472,0.0477,10800.0,2015-11-28T00:00:00Z,SVPB
300234062322760,2015-03-08T14:00:00Z,-38.10254,-42.36021,-0.0676,0.021,10800.0,2015-11-28T00:00:00Z,SVPB
300234062322760,2015-03-08T15:00:00Z,-38.10142,-42.36229,-0.088,-0.0056,0.0,2015-11-28T00:00:00Z,SVPB
300234062322760,2015-03-08T16:00:00Z,-38.10337,-42.36424,-0.0654,-0.0392,11052.0,2015-11-28T00:00:00Z,SVPB
300234062322760,2015-03-08T17:00:00Z,-38.10533,-42.3662,-0.0427,-0.0727,11052.0,2015-11-28T00:00:00Z,SVPB
300234062322760,2015-03-08T18:00:00Z,-38.10728,-42.36815,-0.02,-0.1062,11052.0,2015-11-28T00:00:00Z,SVPB
300234062322760,2015-03-08T19:00:00Z,-38.11064,-42.36664,0.0218,-0.1125,10548.0,2015-11-28T00:00:00Z,SVPB
300234062322760,2015-03-08T20:00:00Z,-38.11409,-42.36486,0.065,-0.1167,10548.0,2015-11-28T00:00:00Z,SVPB
300234062322760,2015-03-08T21:00:00Z,-38.11755,-42.36308,0.1083,-0.121,0.0,2015-11-28T00:00:00Z,SVPB
300234062322760,2015-03-08T22:00:00Z,-38.11887,-42.35858,0.1139,-0.0733,10800.0,2015-11-28T00:00:00Z,SVPB
300234062322760,2015-03-08T23:00:00Z,-38.12018,-42.35409,0.1194,-0.0256,10800.0,2015-11-28T00:00:00Z,SVPB
300234062322760,2015-03-09T00:00:00Z,-38.1215,-42.34959,0.125,0.022,0.0,2015-11-28T00:00:00Z,SVPB
300234062322760,2015-03-09T01:00:00Z,-38.11992,-42.34707,0.0815,0.0471,10800.0,2015-11-28T00:00:00Z,SVPB
300234062322760,2015-03-09T02:00:00Z,-38.11834,-42.34456,0.0379,0.0721,10800.0,2015-11-28T00:00:00Z,SVPB
300234062322760,2015-03-09T03:00:00Z,-38.11677,-42.34204,-0.0056,0.0971,0.0,2015-11-28T00:00:00Z,SVPB
300234062322760,2015-03-09T04:00:00Z,-38.11467,-42.34273,-0.018,0.0767,11221.001,2015-11-28T00:00:00Z,SVPB
300234062322760,2015-03-09T05:00:00Z,-38.11257,-42.34342,-0.0303,0.0564,11221.001,2015-11-28T00:00:00Z,SVPB
300234062322760,2015-03-09T06:00:00Z,-38.11048,-42.34411,-0.0427,0.036,11221.001,2015-11-28T00:00:00Z,SVPB
300234062322760,2015-03-09T07:00:00Z,-38.10994,-42.34476,-0.0257,0.0172,10379.0,2015-11-28T00:00:00Z,SVPB
300234062322760,2015-03-09T08:00:00Z,-38.10962,-42.34542,-0.0049,-0.0014,10379.0,2015-11-28T00:00:00Z,SVPB
300234062322760,2015-03-09T09:00:00Z,-38.10929,-42.34607,0.016,-0.02,0.0,2015-11-28T00:00:00Z,SVPB
300234062322760,2015-03-09T10:00:00Z,-38.11,-42.3455,0.0166,-0.0219,10800.0,2015-11-28T00:00:00Z,SVPB
300234062322760,2015-03-09T11:00:00Z,-38.11072,-42.34493,0.0172,-0.0238,10800.0,2015-11-28T00:00:00Z,SVPB
300234062322760,2015-03-09T12:00:00Z,-38.11143,-42.34435,0.0179,-0.0258,0.0,2015-11-28T00:00:00Z,SVPB
300234062322760,2015-03-09T13:00:00Z,-38.11185,-42.34329,0.0208,-0.0182,10800.0,2015-11-28T00:00:00Z,SVPB
300234062322760,2015-03-09T14:00:00Z,-38.11228,-42.34223,0.0238,-0.0106,10800.0,2015-11-28T00:00:00Z,SVPB
300234062322760,2015-03-09T15:00:00Z,-38.1127,-42.34117,0.0267,-0.0031,0.0,2015-11-28T00:00:00Z,SVPB
300234062322760,2015-03-09T16:00:00Z,-38.11254,-42.33973,0.034,0.0034,10800.0,2015-11-28T00:00:00Z,SVPB
300234062322760,2015-03-09T17:00:00Z,-38.11237,-42.33829,0.0413,0.01,10800.0,2015-11-28T00:00:00Z,SVPB
300234062322760,2015-03-09T18:00:00Z,-38.1122,-42.33685,0.0486,0.0165,0.0,2015-11-28T00:00:00Z,SVPB
300234062322760,2015-03-09T19:00:00Z,-38.11121,-42.33545,0.0397,0.0246,10800.0,2015-11-28T00:00:00Z,SVPB
300234062322760,2015-03-09T20:00:00Z,-38.11022,-42.33404,0.0309,0.0328,10800.0,2015-11-28T00:00:00Z,SVPB
300234062322760,2015-03-09T21:00:00Z,-38.10923,-42.33263,0.0221,0.0409,0.0,2015-11-28T00:00:00Z,SVPB
300234062322760,2015-03-09T22:00:00Z,-38.10798,-42.33318,-0.0,0.0417,10800.0,2015-11-28T00:00:00Z,SVPB
300234062322760,2015-03-09T23:00:00Z,-38.10672,-42.33374,-0.0221,0.0425,10800.0,2015-11-28T00:00:00Z,SVPB
300234062322760,2015-03-10T00:00:00Z,-38.10547,-42.33429,-0.0443,0.0434,0.0,2015-11-28T00:00:00Z,SVPB
300234062322760,2015-03-10T01:00:00Z,-38.10509,-42.33626,-0.0503,0.023,10800.0,2015-11-28T00:00:00Z,SVPB
300234062322760,2015-03-10T02:00:00Z,-38.10471,-42.33822,-0.0563,0.0026,10800.0,2015-11-28T00:00:00Z,SVPB
300234062322760,2015-03-10T03:00:00Z,-38.10432,-42.34019,-0.0622,-0.0178,0.0,2015-11-28T00:00:00Z,SVPB
300234062322760,2015-03-10T04:00:00Z,-38.10551,-42.34146,-0.0415,-0.0321,10800.0,2015-11-28T00:00:00Z,SVPB
300234062322760,2015-03-10T05:00:00Z,-38.1067,-42.34274,-0.0207,-0.0464,10800.0,2015-11-28T00:00:00Z,SVPB
300234062322760,2015-03-10T06:00:00Z,-38.10788,-42.34401,1.0E-4,-0.0607,0.0,2015-11-28T00:00:00Z,SVPB
300234062322760,2015-03-10T07:00:00Z,-38.10931,-42.34277,0.0203,-0.0515,10800.0,2015-11-28T00:00:00Z,SVPB
300234062322760,2015-03-10T08:00:00Z,-38.11073,-42.34154,0.0405,-0.0422,10800.0,2015-11-28T00:00:00Z,SVPB
300234062322760,2015-03-10T09:00:00Z,-38.11216,-42.3403,0.0607,-0.0329,0.0,2015-11-28T00:00:00Z,SVPB
300234062322760,2015-03-10T10:00:00Z,-38.1119,-42.3391,0.0455,-0.0075,10800.0,2015-11-28T00:00:00Z,SVPB
300234062322760,2015-03-10T11:00:00Z,-38.11164,-42.3379,0.0304,0.018,10800.0,2015-11-28T00:00:00Z,SVPB
300234062322760,2015-03-10T12:00:00Z,-38.11138,-42.3367,0.0152,0.0435,0.0,2015-11-28T00:00:00Z,SVPB
300234062322760,2015-03-10T13:00:00Z,-38.11001,-42.33912,-0.035,0.0463,10800.0,2015-11-28T00:00:00Z,SVPB
300234062322760,2015-03-10T14:00:00Z,-38.10865,-42.34154,-0.0852,0.0492,10800.0,2015-11-28T00:00:00Z,SVPB
300234062322760,2015-03-10T15:00:00Z,-38.10729,-42.34396,-0.1354,0.0521,0.0,2015-11-28T00:00:00Z,SVPB
300234062322760,2015-03-10T16:00:00Z,-38.10688,-42.34944,-0.1403,0.026,10800.0,2015-11-28T00:00:00Z,SVPB
300234062322760,2015-03-10T17:00:00Z,-38.10647,-42.35493,-0.1452,-1.0E-4,10800.0,2015-11-28T00:00:00Z,SVPB
300234062322760,2015-03-10T18:00:00Z,-38.10606,-42.36041,-0.1502,-0.0261,0.0,2015-11-28T00:00:00Z,SVPB
300234062322760,2015-03-10T19:00:00Z,-38.108,-42.36418,-0.111,-0.0497,10800.0,2015-11-28T00:00:00Z,SVPB
300234062322760,2015-03-10T20:00:00Z,-38.10995,-42.36794,-0.0718,-0.0734,10800.0,2015-11-28T00:00:00Z,SVPB
300234062322760,2015-03-10T21:00:00Z,-38.11189,-42.3717,-0.0327,-0.097,0.0,2015-11-28T00:00:00Z,SVPB
300234062322760,2015-03-10T22:00:00Z,-38.11444,-42.37134,-0.0031,-0.0885,10800.0,2015-11-28T00:00:00Z,SVPB
300234062322760,2015-03-10T23:00:00Z,-38.11699,-42.37097,0.0265,-0.0801,10800.0,2015-11-28T00:00:00Z,SVPB
300234062322760,2015-03-11T00:00:00Z,-38.11954,-42.3706,0.0561,-0.0717,0.0,2015-11-28T00:00:00Z,SVPB
300234062322760,2015-03-11T01:00:00Z,-38.12049,-42.3687,0.0526,-0.0425,10800.0,2015-11-28T00:00:00Z,SVPB
300234062322760,2015-03-11T02:00:00Z,-38.12144,-42.3668,0.0492,-0.0134,10800.0,2015-11-28T00:00:00Z,SVPB
300234062322760,2015-03-11T03:00:00Z,-38.12239,-42.3649,0.0458,0.0158,0.0,2015-11-28T00:00:00Z,SVPB
300234062322760,2015-03-11T04:00:00Z,-38.12148,-42.3645,0.0206,0.0259,10800.0,2015-11-28T00:00:00Z,SVPB
300234062322760,2015-03-11T05:00:00Z,-38.12058,-42.36409,-0.0045,0.0361,10800.0,2015-11-28T00:00:00Z,SVPB
300234062322760,2015-03-11T06:00:00Z,-38.11967,-42.36368,-0.0296,0.0463,0.0,2015-11-28T00:00:00Z,SVPB
300234062322760,2015-03-11T07:00:00Z,-38.11827,-42.36571,-0.0458,0.0429,10800.0,2015-11-28T00:00:00Z,SVPB
300234062322760,2015-03-11T08:00:00Z,-38.11688,-42.36775,-0.062,0.0396,10800.0,2015-11-28T00:00:00Z,SVPB
300234062322760,2015-03-11T09:00:00Z,-38.11548,-42.36979,-0.0781,0.0363,0.0,2015-11-28T00:00:00Z,SVPB
300234062322760,2015-03-11T10:00:00Z,-38.11461,-42.37323,-0.0866,0.0226,7427.0,2015-11-28T00:00:00Z,SVPB
300234062322760,2015-03-11T11:00:00Z,-38.11373,-42.37668,-0.0951,0.0089,7427.0,2015-11-28T00:00:00Z,SVPB
300234062322760,2015-03-11T12:00:00Z,-38.11537,-42.38046,-0.095,-0.0537,0.0,2015-11-28T00:00:00Z,SVPB
300234062322760,2015-03-11T13:00:00Z,-38.11788,-42.38388,-0.0879,-0.0622,10800.0,2015-11-28T00:00:00Z,SVPB
300234062322760,2015-03-11T14:00:00Z,-38.12039,-42.3873,-0.0809,-0.0707,10800.0,2015-11-28T00:00:00Z,SVPB
300234062322760,2015-03-11T15:00:00Z,-38.1229,-42.39072,-0.0738,-0.0793,0.0,2015-11-28T00:00:00Z,SVPB
300234062322760,2015-03-11T16:00:00Z,-38.12456,-42.39277,-0.0595,-0.0617,10800.0,2015-11-28T00:00:00Z,SVPB
300234062322760,2015-03-11T17:00:00Z,-38.12622,-42.39482,-0.0451,-0.0442,10800.0,2015-11-28T00:00:00Z,SVPB
300234062322760,2015-03-11T18:00:00Z,-38.12788,-42.39688,-0.0308,-0.0267,0.0,2015-11-28T00:00:00Z,SVPB
300234062322760,2015-03-11T19:00:00Z,-38.12837,-42.39732,-0.0171,-0.0185,10800.0,2015-11-28T00:00:00Z,SVPB
300234062322760,2015-03-11T20:00:00Z,-38.12886,-42.39777,-0.0034,-0.0103,10800.0,2015-11-28T00:00:00Z,SVPB
300234062322760,2015-03-11T21:00:00Z,-38.12935,-42.39822,0.0104,-0.0021,0.0,2015-11-28T00:00:00Z,SVPB
300234062322760,2015-03-11T22:00:00Z,-38.1286,-42.39839,0.0035,0.0129,10800.0,2015-11-28T00:00:00Z,SVPB
300234062322760,2015-03-11T23:00:00Z,-38.12786,-42.39856,-0.0033,0.0279,10800.0,2015-11-28T00:00:00Z,SVPB
300234062322760,2015-03-12T00:00:00Z,-38.12711,-42.39873,-0.0101,0.0429,0.0,2015-11-28T00:00:00Z,SVPB
300234062322760,2015-03-12T01:00:00Z,-38.12577,-42.4008,-0.0368,0.0453,10800.0,2015-11-28T00:00:00Z,SVPB
300234062322760,2015-03-12T02:00:00Z,-38.12442,-42.40287,-0.0635,0.0478,10800.0,2015-11-28T00:00:00Z,SVPB
300234062322760,2015-03-12T03:00:00Z,-38.12307,-42.40494,-0.0902,0.0502,0.0,2015-11-28T00:00:00Z,SVPB
300234062322760,2015-03-12T04:00:00Z,-38.12213,-42.40859,-0.0903,0.0347,10800.0,2015-11-28T00:00:00Z,SVPB
300234062322760,2015-03-12T05:00:00Z,-38.12118,-42.41224,-0.0904,0.0192,10800.0,2015-11-28T00:00:00Z,SVPB
300234062322760,2015-03-12T06:00:00Z,-38.12024,-42.41589,-0.0905,0.0037,0.0,2015-11-28T00:00:00Z,SVPB
300234062322760,2015-03-12T07:00:00Z,-38.11981,-42.41839,-0.0645,0.0157,10800.0,2015-11-28T00:00:00Z,SVPB
300234062322760,2015-03-12T08:00:00Z,-38.11939,-42.42089,-0.0385,0.0278,10800.0,2015-11-28T00:00:00Z,SVPB
300234062322760,2015-03-12T09:00:00Z,-38.11896,-42.42339,-0.0125,0.0398,0.0,2015-11-28T00:00:00Z,SVPB
300234062322760,2015-03-12T10:00:00Z,-38.11768,-42.42405,0.0273,0.0951,4050.0,2015-11-28T00:00:00Z,SVPB
300234062322760,2015-03-12T11:00:00Z,-38.11442,-42.42459,0.0059,0.1067,7088.0005,2015-11-28T00:00:00Z,SVPB
300234062322760,2015-03-12T12:00:00Z,-38.11089,-42.4251,-0.0243,0.1122,7088.0005,2015-11-28T00:00:00Z,SVPB
300234062322760,2015-03-12T13:00:00Z,-38.10753,-42.42792,-0.0524,0.1071,10462.0,2015-11-28T00:00:00Z,SVPB
300234062322760,2015-03-12T14:00:00Z,-38.1042,-42.43098,-0.0803,0.101,10462.0,2015-11-28T00:00:00Z,SVPB
300234062322760,2015-03-12T15:00:00Z,-38.10087,-42.43404,-0.1082,0.0949,0.0,2015-11-28T00:00:00Z,SVPB
300234062322760,2015-03-12T16:00:00Z,-38.09839,-42.4381,-0.1037,0.0829,10800.0,2015-11-28T00:00:00Z,SVPB
300234062322760,2015-03-12T17:00:00Z,-38.09592,-42.44215,-0.0993,0.0709,10800.0,2015-11-28T00:00:00Z,SVPB
300234062322760,2015-03-12T18:00:00Z,-38.09345,-42.44621,-0.0948,0.059,0.0,2015-11-28T00:00:00Z,SVPB
300234062322760,2015-03-12T19:00:00Z,-38.09188,-42.44773,-0.0591,0.0517,10800.0,2015-11-28T00:00:00Z,SVPB
300234062322760,2015-03-12T20:00:00Z,-38.09031,-42.44926,-0.0234,0.0445,10800.0,2015-11-28T00:00:00Z,SVPB
300234062322760,2015-03-12T21:00:00Z,-38.08875,-42.45078,0.0122,0.0372,0.0,2015-11-28T00:00:00Z,SVPB
300234062322760,2015-03-12T22:00:00Z,-38.08613,-42.4492,0.0323,0.0665,10800.0,2015-11-28T00:00:00Z,SVPB
300234062322760,2015-03-12T23:00:00Z,-38.08352,-42.44761,0.0523,0.0957,10800.0,2015-11-28T00:00:00Z,SVPB
300234062322760,2015-03-13T00:00:00Z,-38.08091,-42.44603,0.0723,0.125,0.0,2015-11-28T00:00:00Z,SVPB
300234062322760,2015-03-13T01:00:00Z,-38.07602,-42.44395,0.0476,0.1467,10800.0,2015-11-28T00:00:00Z,SVPB
300234062322760,2015-03-13T02:00:00Z,-38.07113,-42.44186,0.0229,0.1684,10800.0,2015-11-28T00:00:00Z,SVPB
300234062322760,2015-03-13T03:00:00Z,-38.06624,-42.43978,-0.0018,0.1901,0.0,2015-11-28T00:00:00Z,SVPB
300234062322760,2015-03-13T04:00:00Z,-38.06007,-42.43969,-0.063,0.1809,3880.9998,2015-11-28T00:00:00Z,SVPB
300234062322760,2015-03-13T05:00:00Z,-38.0541,-42.44192,-0.0625,0.1825,6919.0005,2015-11-28T00:00:00Z,SVPB
300234062322760,2015-03-13T06:00:00Z,-38.04814,-42.44433,-0.0568,0.1849,0.0,2015-11-28T00:00:00Z,SVPB
300234062322760,2015-03-13T07:00:00Z,-38.04294,-42.44692,-0.0607,0.1707,10800.0,2015-11-28T00:00:00Z,SVPB
300234062322760,2015-03-13T08:00:00Z,-38.03775,-42.4495,-0.0647,0.1565,10800.0,2015-11-28T00:00:00Z,SVPB
300234062322760,2015-03-13T09:00:00Z,-38.03255,-42.45209,-0.0687,0.1423,0.0,2015-11-28T00:00:00Z,SVPB
300234062322760,2015-03-13T10:00:00Z,-38.02955,-42.45434,-0.0629,0.1104,10800.0,2015-11-28T00:00:00Z,SVPB
300234062322760,2015-03-13T11:00:00Z,-38.02656,-42.45659,-0.057,0.0784,10800.0,2015-11-28T00:00:00Z,SVPB
300234062322760,2015-03-13T12:00:00Z,-38.02357,-42.45884,-0.0512,0.0464,0.0,2015-11-28T00:00:00Z,SVPB
300234062322760,2015-03-13T13:00:00Z,-38.0216,-42.45935,-0.024,0.0512,10800.0,2015-11-28T00:00:00Z,SVPB
300234062322760,2015-03-13T14:00:00Z,-38.01964,-42.45986,0.0032,0.0559,10800.0,2015-11-28T00:00:00Z,SVPB
300234062322760,2015-03-13T15:00:00Z,-38.01767,-42.46037,0.0304,0.0606,0.0,2015-11-28T00:00:00Z,SVPB
300234062322760,2015-03-13T16:00:00Z,-38.01454,-42.45876,0.0381,0.0872,10800.0,2015-11-28T00:00:00Z,SVPB
300234062322760,2015-03-13T17:00:00Z,-38.0114,-42.45715,0.0459,0.1137,10800.0,2015-11-28T00:00:00Z,SVPB
300234062322760,2015-03-13T18:00:00Z,-38.00826,-42.45553,0.0536,0.1402,0.0,2015-11-28T00:00:00Z,SVPB
300234062322760,2015-03-13T19:00:00Z,-38.0025,-42.45378,0.0469,0.1638,10800.0,2015-11-28T00:00:00Z,SVPB
300234062322760,2015-03-13T20:00:00Z,-37.99675,-42.45203,0.0402,0.1873,10800.0,2015-11-28T00:00:00Z,SVPB
300234062322760,2015-03-13T21:00:00Z,-37.99099,-42.45028,0.0335,0.2109,0.0,2015-11-28T00:00:00Z,SVPB
300234062322760,2015-03-13T22:00:00Z,-37.9847,-42.45158,-0.0021,0.2061,10800.0,2015-11-28T00:00:00Z,SVPB
300234062322760,2015-03-13T23:00:00Z,-37.97841,-42.45288,-0.0376,0.2013,10800.0,2015-11-28T00:00:00Z,SVPB
300234062322760,2015-03-14T00:00:00Z,-37.97212,-42.45418,-0.0732,0.1966,0.0,2015-11-28T00:00:00Z,SVPB
300234062322760,2015-03-14T01:00:00Z,-37.96725,-42.45794,-0.0936,0.16,10800.0,2015-11-28T00:00:00Z,SVPB
300234062322760,2015-03-14T02:00:00Z,-37.96238,-42.46169,-0.114,0.1234,10800.0,2015-11-28T00:00:00Z,SVPB
300234062322760,2015-03-14T03:00:00Z,-37.95751,-42.46545,-0.1344,0.0868,0.0,2015-11-28T00:00:00Z,SVPB
300234062322760,2015-03-14T04:00:00Z,-37.95545,-42.46863,-0.1003,0.0706,10800.0,2015-11-28T00:00:00Z,SVPB
300234062322760,2015-03-14T05:00:00Z,-37.95339,-42.47182,-0.0663,0.0544,10800.0,2015-11-28T00:00:00Z,SVPB
300234062322760,2015-03-14T06:00:00Z,-37.95133,-42.475,-0.0322,0.0382,0.0,2015-11-28T00:00:00Z,SVPB
300234062322760,2015-03-14T07:00:00Z,-37.94931,-42.47348,0.0147,0.0515,10800.0,2015-11-28T00:00:00Z,SVPB
300234062322760,2015-03-14T08:00:00Z,-37.94729,-42.47197,0.0617,0.0647,10800.0,2015-11-28T00:00:00Z,SVPB
300234062322760,2015-03-14T09:00:00Z,-37.94527,-42.47045,0.1087,0.0779,0.0,2015-11-28T00:00:00Z,SVPB
300234062322760,2015-03-14T10:00:00Z,-37.94095,-42.46704,0.0997,0.1129,10800.0,2015-11-28T00:00:00Z,SVPB
300234062322760,2015-03-14T11:00:00Z,-37.93662,-42.46363,0.0907,0.1478,10800.0,2015-11-28T00:00:00Z,SVPB
300234062322760,2015-03-14T12:00:00Z,-37.93229,-42.46022,0.0818,0.1828,0.0,2015-11-28T00:00:00Z,SVPB
300234062322760,2015-03-14T13:00:00Z,-37.92677,-42.45874,0.0434,0.1762,10800.0,2015-11-28T00:00:00Z,SVPB
300234062322760,2015-03-14T14:00:00Z,-37.92125,-42.45725,0.0051,0.1695,10800.0,2015-11-28T00:00:00Z,SVPB
300234062322760,2015-03-14T15:00:00Z,-37.91573,-42.45577,-0.0332,0.1629,0.0,2015-11-28T00:00:00Z,SVPB
300234062322760,2015-03-14T16:00:00Z,-37.91076,-42.45738,-0.0377,0.1578,10800.0,2015-11-28T00:00:00Z,SVPB
300234062322760,2015-03-14T17:00:00Z,-37.90579,-42.45898,-0.0421,0.1526,10800.0,2015-11-28T00:00:00Z,SVPB
300234062322760,2015-03-14T18:00:00Z,-37.90082,-42.46059,-0.0466,0.1475,0.0,2015-11-28T00:00:00Z,SVPB
300234062322760,2015-03-14T19:00:00Z,-37.8961,-42.4625,-0.0413,0.1819,3967.0,2015-11-28T00:00:00Z,SVPB
300234062322760,2015-03-14T20:00:00Z,-37.89132,-42.46429,-0.0422,0.1632,6833.0,2015-11-28T00:00:00Z,SVPB
300234062322760,2015-03-14T21:00:00Z,-37.88653,-42.46607,-0.0438,0.1385,0.0,2015-11-28T00:00:00Z,SVPB
300234062322760,2015-03-14T22:00:00Z,-37.8828,-42.46755,-0.0391,0.126,10800.0,2015-11-28T00:00:00Z,SVPB
300234062322760,2015-03-14T23:00:00Z,-37.87907,-42.46903,-0.0345,0.1135,10800.0,2015-11-28T00:00:00Z,SVPB
300234062322760,2015-03-15T00:00:00Z,-37.87534,-42.47051,-0.0298,0.101,0.0,2015-11-28T00:00:00Z,SVPB
300234062322760,2015-03-15T01:00:00Z,-37.87283,-42.47101,-0.0186,0.0888,10800.0,2015-11-28T00:00:00Z,SVPB
300234062322760,2015-03-15T02:00:00Z,-37.87032,-42.47151,-0.0073,0.0766,10800.0,2015-11-28T00:00:00Z,SVPB
300234062322760,2015-03-15T03:00:00Z,-37.86781,-42.47201,0.004,0.0643,0.0,2015-11-28T00:00:00Z,SVPB
300234062322760,2015-03-15T04:00:00Z,-37.86566,-42.47091,0.0185,0.061,10800.0,2015-11-28T00:00:00Z,SVPB
300234062322760,2015-03-15T05:00:00Z,-37.86351,-42.4698,0.0331,0.0576,10800.0,2015-11-28T00:00:00Z,SVPB
300234062322760,2015-03-15T06:00:00Z,-37.86136,-42.4687,0.0477,0.0543,0.0,2015-11-28T00:00:00Z,SVPB
300234062322760,2015-03-15T07:00:00Z,-37.8578,-42.46682,0.0491,0.0899,10800.0,2015-11-28T00:00:00Z,SVPB
300234062322760,2015-03-15T08:00:00Z,-37.85424,-42.46495,0.0505,0.1254,10800.0,2015-11-28T00:00:00Z,SVPB
300234062322760,2015-03-15T09:00:00Z,-37.85068,-42.46307,0.0519,0.161,0.0,2015-11-28T00:00:00Z,SVPB
300234062322760,2015-03-15T10:00:00Z,-37.84545,-42.4633,0.0173,0.1667,10800.0,2015-11-28T00:00:00Z,SVPB
300234062322760,2015-03-15T11:00:00Z,-37.84022,-42.46353,-0.0173,0.1724,10800.0,2015-11-28T00:00:00Z,SVPB
300234062322760,2015-03-15T12:00:00Z,-37.83498,-42.46377,-0.0519,0.1782,0.0,2015-11-28T00:00:00Z,SVPB
300234062322760,2015-03-15T13:00:00Z,-37.83108,-42.46772,-0.0855,0.1393,10800.0,2015-11-28T00:00:00Z,SVPB
300234062322760,2015-03-15T14:00:00Z,-37.82718,-42.47168,-0.119,0.1004,10800.0,2015-11-28T00:00:00Z,SVPB
300234062322760,2015-03-15T15:00:00Z,-37.82327,-42.47564,-0.1526,0.0616,0.0,2015-11-28T00:00:00Z,SVPB
300234062322760,2015-03-15T16:00:00Z,-37.82237,-42.48073,-0.1379,0.0362,10800.0,2015-11-28T00:00:00Z,SVPB
300234062322760,2015-03-15T17:00:00Z,-37.82147,-42.48582,-0.1232,0.0109,10800.0,2015-11-28T00:00:00Z,SVPB
300234062322760,2015-03-15T18:00:00Z,-37.82057,-42.4909,-0.1085,-0.0145,0.0,2015-11-28T00:00:00Z,SVPB
300234062322760,2015-03-15T19:00:00Z,-37.82105,-42.49398,-0.0832,-0.0155,10969.0,2015-11-28T00:00:00Z,SVPB
300234062322760,2015-03-15T20:00:00Z,-37.82153,-42.49706,-0.058,-0.0164,10969.0,2015-11-28T00:00:00Z,SVPB
300234062322760,2015-03-15T21:00:00Z,-37.822,-42.50014,-0.0328,-0.0174,10969.0,2015-11-28T00:00:00Z,SVPB
300234062322760,2015-03-15T22:00:00Z,-37.82148,-42.50199,-0.037,0.0022,10631.0,2015-11-28T00:00:00Z,SVPB
300234062322760,2015-03-15T23:00:00Z,-37.82091,-42.50377,-0.0427,0.0228,10631.0,2015-11-28T00:00:00Z,SVPB
300234062322760,2015-03-16T00:00:00Z,-37.82034,-42.50555,-0.0483,0.0434,0.0,2015-11-28T00:00:00Z,SVPB
300234062322760,2015-03-16T01:00:00Z,-37.81843,-42.5086,-0.0665,0.0574,10800.0,2015-11-28T00:00:00Z,SVPB
300234062322760,2015-03-16T02:00:00Z,-37.81653,-42.51164,-0.0847,0.0713,10800.0,2015-11-28T00:00:00Z,SVPB
300234062322760,2015-03-16T03:00:00Z,-37.81462,-42.51468,-0.1028,0.0853,0.0,2015-11-28T00:00:00Z,SVPB
300234062322760,2015-03-16T04:00:00Z,-37.81165,-42.51984,-0.1182,0.0881,10800.0,2015-11-28T00:00:00Z,SVPB
300234062322760,2015-03-16T05:00:00Z,-37.80868,-42.52499,-0.1335,0.0909,10800.0,2015-11-28T00:00:00Z,SVPB
300234062322760,2015-03-16T06:00:00Z,-37.80571,-42.53015,-0.1489,0.0937,0.0,2015-11-28T00:00:00Z,SVPB
300234062322760,2015-03-16T07:00:00Z,-37.80207,-42.53667,-0.1567,0.1063,10800.0,2015-11-28T00:00:00Z,SVPB
300234062322760,2015-03-16T08:00:00Z,-37.79844,-42.54318,-0.1646,0.1188,10800.0,2015-11-28T00:00:00Z,SVPB
300234062322760,2015-03-16T09:00:00Z,-37.7948,-42.5497,-0.1724,0.1314,0.0,2015-11-28T00:00:00Z,SVPB
300234062322760,2015-03-16T10:00:00Z,-37.78991,-42.5586,-0.1973,0.1438,10800.0,2015-11-28T00:00:00Z,SVPB
300234062322760,2015-03-16T11:00:00Z,-37.78502,-42.56749,-0.2222,0.1563,10800.0,2015-11-28T00:00:00Z,SVPB
300234062322760,2015-03-16T12:00:00Z,-37.78013,-42.57638,-0.2471,0.1687,0.0,2015-11-28T00:00:00Z,SVPB
300234062322760,2015-03-16T13:00:00Z,-37.77512,-42.58741,-0.267,0.1618,10800.0,2015-11-28T00:00:00Z,SVPB
300234062322760,2015-03-16T14:00:00Z,-37.77012,-42.59843,-0.2868,0.1548,10800.0,2015-11-28T00:00:00Z,SVPB
300234062322760,2015-03-16T15:00:00Z,-37.76512,-42.60946,-0.3067,0.1478,0.0,2015-11-28T00:00:00Z,SVPB
300234062322760,2015-03-16T16:00:00Z,-37.76147,-42.6206,-0.2858,0.1244,10800.0,2015-11-28T00:00:00Z,SVPB
300234062322760,2015-03-16T17:00:00Z,-37.75783,-42.63175,-0.2648,0.101,10800.0,2015-11-28T00:00:00Z,SVPB
300234062322760,2015-03-16T18:00:00Z,-37.75419,-42.64289,-0.2439,0.0776,0.0,2015-11-28T00:00:00Z,SVPB
300234062322760,2015-03-16T19:00:00Z,-37.75036,-42.65102,-0.2149,0.0971,10800.0,2015-11-28T00:00:00Z,SVPB
300234062322760,2015-03-16T20:00:00Z,-37.74653,-42.65916,-0.186,0.1166,10800.0,2015-11-28T00:00:00Z,SVPB
300234062322760,2015-03-16T21:00:00Z,-37.7427,-42.66729,-0.1571,0.1361,0.0,2015-11-28T00:00:00Z,SVPB
300234062322760,2015-03-16T22:00:00Z,-37.73538,-42.67371,-0.1538,0.1981,10800.0,2015-11-28T00:00:00Z,SVPB
300234062322760,2015-03-16T23:00:00Z,-37.72806,-42.68012,-0.1505,0.2601,10800.0,2015-11-28T00:00:00Z,SVPB
300234062322760,2015-03-17T00:00:00Z,-37.72074,-42.68653,-0.1472,0.3221,0.0,2015-11-28T00:00:00Z,SVPB
300234062322760,2015-03-17T01:00:00Z,-37.70955,-42.69469,-0.1804,0.3436,10800.0,2015-11-28T00:00:00Z,SVPB
300234062322760,2015-03-17T02:00:00Z,-37.69835,-42.70286,-0.2136,0.365,10800.0,2015-11-28T00:00:00Z,SVPB
300234062322760,2015-03-17T03:00:00Z,-37.68716,-42.71103,-0.2468,0.3865,0.0,2015-11-28T00:00:00Z,SVPB
300234062322760,2015-03-17T04:00:00Z,-37.67457,-42.72282,-0.2783,0.3862,10800.0,2015-11-28T00:00:00Z,SVPB
300234062322760,2015-03-17T05:00:00Z,-37.66198,-42.7346,-0.3098,0.3858,10800.0,2015-11-28T00:00:00Z,SVPB
300234062322760,2015-03-17T06:00:00Z,-37.64939,-42.74639,-0.3413,0.3855,0.0,2015-11-28T00:00:00Z,SVPB
300234062322760,2015-03-17T07:00:00Z,-37.63663,-42.76062,-0.3471,0.3922,10800.0,2015-11-28T00:00:00Z,SVPB
300234062322760,2015-03-17T08:00:00Z,-37.62386,-42.77485,-0.353,0.3989,10800.0,2015-11-28T00:00:00Z,SVPB
300234062322760,2015-03-17T09:00:00Z,-37.61109,-42.78908,-0.3588,0.4056,0.0,2015-11-28T00:00:00Z,SVPB
300234062322760,2015-03-17T10:00:00Z,-37.59891,-42.80354,-0.3557,0.3891,10800.0,2015-11-28T00:00:00Z,SVPB
300234062322760,2015-03-17T11:00:00Z,-37.58672,-42.818,-0.3526,0.3726,10800.0,2015-11-28T00:00:00Z,SVPB
300234062322760,2015-03-17T12:00:00Z,-37.57454,-42.83247,-0.3494,0.3561,0.0,2015-11-28T00:00:00Z,SVPB
300234062322760,2015-03-17T13:00:00Z,-37.56414,-42.84452,-0.3188,0.3322,10800.0,2015-11-28T00:00:00Z,SVPB
300234062322760,2015-03-17T14:00:00Z,-37.55375,-42.85656,-0.2881,0.3083,10800.0,2015-11-28T00:00:00Z,SVPB
300234062322760,2015-03-17T15:00:00Z,-37.54335,-42.86861,-0.2575,0.2844,0.0,2015-11-28T00:00:00Z,SVPB
300234062322760,2015-03-17T16:00:00Z,-37.53332,-42.87661,-0.2132,0.2981,10800.0,2015-11-28T00:00:00Z,SVPB
300234062322760,2015-03-17T17:00:00Z,-37.52329,-42.8846,-0.1688,0.3118,10800.0,2015-11-28T00:00:00Z,SVPB
300234062322760,2015-03-17T18:00:00Z,-37.51326,-42.8926,-0.1245,0.3254,0.0,2015-11-28T00:00:00Z,SVPB
300234062322760,2015-03-17T19:00:00Z,-37.49794,-42.89853,-0.1304,0.3979,10800.0,2015-11-28T00:00:00Z,SVPB
300234062322760,2015-03-17T20:00:00Z,-37.48263,-42.90446,-0.1363,0.4704,10800.0,2015-11-28T00:00:00Z,SVPB
300234062322760,2015-03-17T21:00:00Z,-37.46732,-42.91038,-0.1422,0.5429,0.0,2015-11-28T00:00:00Z,SVPB
300234062322760,2015-03-17T22:00:00Z,-37.44924,-42.91933,-0.2095,0.5695,10800.0,2015-11-28T00:00:00Z,SVPB
300234062322760,2015-03-17T23:00:00Z,-37.43115,-42.92828,-0.2768,0.5962,10800.0,2015-11-28T00:00:00Z,SVPB
300234062322760,2015-03-18T00:00:00Z,-37.41307,-42.93722,-0.3441,0.6229,0.0,2015-11-28T00:00:00Z,SVPB
300234062322760,2015-03-18T01:00:00Z,-37.39448,-42.95221,-0.3669,0.5879,10800.0,2015-11-28T00:00:00Z,SVPB
300234062322760,2015-03-18T02:00:00Z,-37.37589,-42.96719,-0.3897,0.5529,10800.0,2015-11-28T00:00:00Z,SVPB
300234062322760,2015-03-18T03:00:00Z,-37.3573,-42.98217,-0.4125,0.5179,0.0,2015-11-28T00:00:00Z,SVPB
300234062322760,2015-03-18T04:00:00Z,-37.34156,-42.998,-0.3971,0.4943,10800.0,2015-11-28T00:00:00Z,SVPB
300234062322760,2015-03-18T05:00:00Z,-37.32583,-43.01383,-0.3817,0.4707,10800.0,2015-11-28T00:00:00Z,SVPB
300234062322760,2015-03-18T06:00:00Z,-37.31009,-43.02965,-0.3663,0.447,0.0,2015-11-28T00:00:00Z,SVPB
300234062322760,2015-03-18T07:00:00Z,-37.29584,-43.04217,-0.3309,0.4418,10800.0,2015-11-28T00:00:00Z,SVPB
300234062322760,2015-03-18T08:00:00Z,-37.28159,-43.0547,-0.2955,0.4366,10800.0,2015-11-28T00:00:00Z,SVPB
300234062322760,2015-03-18T09:00:00Z,-37.26734,-43.06722,-0.2601,0.4314,0.0,2015-11-28T00:00:00Z,SVPB
300234062322760,2015-03-18T10:00:00Z,-37.25175,-43.07612,-0.2299,0.462,10800.0,2015-11-28T00:00:00Z,SVPB
300234062322760,2015-03-18T11:00:00Z,-37.23615,-43.08503,-0.1996,0.4926,10800.0,2015-11-28T00:00:00Z,SVPB
300234062322760,2015-03-18T12:00:00Z,-37.22055,-43.09393,-0.1694,0.5233,0.0,2015-11-28T00:00:00Z,SVPB
300234062322760,2015-03-18T13:00:00Z,-37.20245,-43.10145,-0.1841,0.5523,10800.0,2015-11-28T00:00:00Z,SVPB
300234062322760,2015-03-18T14:00:00Z,-37.18435,-43.10896,-0.1988,0.5813,10800.0,2015-11-28T00:00:00Z,SVPB
300234062322760,2015-03-18T15:00:00Z,-37.16625,-43.11648,-0.2135,0.6103,0.0,2015-11-28T00:00:00Z,SVPB
300234062322760,2015-03-18T16:00:00Z,-37.14662,-43.12577,-0.2408,0.6041,7592.0,2015-11-28T00:00:00Z,SVPB
300234062322760,2015-03-18T17:00:00Z,-37.127,-43.13507,-0.2682,0.598,7592.0,2015-11-28T00:00:00Z,SVPB
300234062322760,2015-03-18T18:00:00Z,-37.10885,-43.14692,-0.2993,0.5578,0.0,2015-11-28T00:00:00Z,SVPB
300234062322760,2015-03-18T19:00:00Z,-37.09211,-43.15932,-0.3004,0.538,10800.0,2015-11-28T00:00:00Z,SVPB
300234062322760,2015-03-18T20:00:00Z,-37.07536,-43.17172,-0.3014,0.5182,10800.0,2015-11-28T00:00:00Z,SVPB
300234062322760,2015-03-18T21:00:00Z,-37.05862,-43.18412,-0.3024,0.4984,0.0,2015-11-28T00:00:00Z,SVPB
300234062322760,2015-03-18T22:00:00Z,-37.04366,-43.19527,-0.2864,0.4776,11052.0,2015-11-28T00:00:00Z,SVPB
300234062322760,2015-03-18T23:00:00Z,-37.02869,-43.20642,-0.2704,0.4569,11052.0,2015-11-28T00:00:00Z,SVPB
300234062322760,2015-03-19T00:00:00Z,-37.01373,-43.21758,-0.2543,0.4361,11052.0,2015-11-28T00:00:00Z,SVPB
300234062322760,2015-03-19T01:00:00Z,-36.99978,-43.22649,-0.2306,0.428,10548.0,2015-11-28T00:00:00Z,SVPB
300234062322760,2015-03-19T02:00:00Z,-36.98592,-43.23523,-0.2063,0.4208,10548.0,2015-11-28T00:00:00Z,SVPB
300234062322760,2015-03-19T03:00:00Z,-36.97205,-43.24397,-0.182,0.4137,0.0,2015-11-28T00:00:00Z,SVPB
300234062322760,2015-03-19T04:00:00Z,-36.958,-43.2506,-0.1672,0.4272,10800.0,2015-11-28T00:00:00Z,SVPB
300234062322760,2015-03-19T05:00:00Z,-36.94395,-43.25723,-0.1524,0.4407,10800.0,2015-11-28T00:00:00Z,SVPB
300234062322760,2015-03-19T06:00:00Z,-36.9299,-43.26386,-0.1375,0.4542,0.0,2015-11-28T00:00:00Z,SVPB
300234062322760,2015-03-19T07:00:00Z,-36.91433,-43.26948,-0.1383,0.4716,10800.0,2015-11-28T00:00:00Z,SVPB
300234062322760,2015-03-19T08:00:00Z,-36.89876,-43.2751,-0.1392,0.489,10800.0,2015-11-28T00:00:00Z,SVPB
300234062322760,2015-03-19T09:00:00Z,-36.8832,-43.28072,-0.14,0.5065,0.0,2015-11-28T00:00:00Z,SVPB
300234062322760,2015-03-19T10:00:00Z,-36.86701,-43.28653,-0.1422,0.5051,10800.0,2015-11-28T00:00:00Z,SVPB
300234062322760,2015-03-19T11:00:00Z,-36.85083,-43.29234,-0.1444,0.5037,10800.0,2015-11-28T00:00:00Z,SVPB
300234062322760,2015-03-19T12:00:00Z,-36.83464,-43.29815,-0.1466,0.5024,0.0,2015-11-28T00:00:00Z,SVPB
300234062322760,2015-03-19T13:00:00Z,-36.81917,-43.30422,-0.1492,0.4853,10800.0,2015-11-28T00:00:00Z,SVPB
300234062322760,2015-03-19T14:00:00Z,-36.80369,-43.3103,-0.1517,0.4682,10800.0,2015-11-28T00:00:00Z,SVPB
300234062322760,2015-03-19T15:00:00Z,-36.78822,-43.31637,-0.1542,0.4511,0.0,2015-11-28T00:00:00Z,SVPB
300234062322760,2015-03-19T16:00:00Z,-36.77495,-43.32248,-0.1527,0.4261,10800.0,2015-11-28T00:00:00Z,SVPB
300234062322760,2015-03-19T17:00:00Z,-36.76169,-43.32858,-0.1511,0.401,10800.0,2015-11-28T00:00:00Z,SVPB
300234062322760,2015-03-19T18:00:00Z,-36.74843,-43.33469,-0.1496,0.3759,0.0,2015-11-28T00:00:00Z,SVPB
300234062322760,2015-03-19T19:00:00Z,-36.73743,-43.33901,-0.1244,0.3502,10800.0,2015-11-28T00:00:00Z,SVPB
300234062322760,2015-03-19T20:00:00Z,-36.72643,-43.34332,-0.0993,0.3245,10800.0,2015-11-28T00:00:00Z,SVPB
300234062322760,2015-03-19T21:00:00Z,-36.71544,-43.34764,-0.0741,0.2988,0.0,2015-11-28T00:00:00Z,SVPB
300234062322760,2015-03-19T22:00:00Z,-36.70486,-43.3484,-0.0363,0.3134,10800.0,2015-11-28T00:00:00Z,SVPB
300234062322760,2015-03-19T23:00:00Z,-36.69428,-43.34915,0.0016,0.328,10800.0,2015-11-28T00:00:00Z,SVPB
300234062322760,2015-03-20T00:00:00Z,-36.6837,-43.34991,0.0394,0.3425,0.0,2015-11-28T00:00:00Z,SVPB
300234062322760,2015-03-20T01:00:00Z,-36.67174,-43.34873,0.0371,0.3639,10800.0,2015-11-28T00:00:00Z,SVPB
300234062322760,2015-03-20T02:00:00Z,-36.65979,-43.34755,0.0347,0.3853,10800.0,2015-11-28T00:00:00Z,SVPB
300234062322760,2015-03-20T03:00:00Z,-36.64783,-43.34636,0.0324,0.4067,0.0,2015-11-28T00:00:00Z,SVPB
300234062322760,2015-03-20T04:00:00Z,-36.63558,-43.34641,0.0089,0.3905,10800.0,2015-11-28T00:00:00Z,SVPB
300234062322760,2015-03-20T05:00:00Z,-36.62334,-43.34646,-0.0146,0.3743,10800.0,2015-11-28T00:00:00Z,SVPB
300234062322760,2015-03-20T06:00:00Z,-36.61109,-43.3465,-0.0382,0.3581,0.0,2015-11-28T00:00:00Z,SVPB
300234062322760,2015-03-20T07:00:00Z,-36.6008,-43.34791,-0.0381,0.33,10800.0,2015-11-28T00:00:00Z,SVPB
300234062322760,2015-03-20T08:00:00Z,-36.59051,-43.34932,-0.038,0.3018,10800.0,2015-11-28T00:00:00Z,SVPB
300234062322760,2015-03-20T09:00:00Z,-36.58022,-43.35072,-0.0379,0.2737,0.0,2015-11-28T00:00:00Z,SVPB
300234062322760,2015-03-20T10:00:00Z,-36.57227,-43.35102,-0.0183,0.2545,10800.0,2015-11-28T00:00:00Z,SVPB
300234062322760,2015-03-20T11:00:00Z,-36.56433,-43.35131,0.0012,0.2354,10800.0,2015-11-28T00:00:00Z,SVPB
300234062322760,2015-03-20T12:00:00Z,-36.55638,-43.35161,0.0207,0.2162,0.0,2015-11-28T00:00:00Z,SVPB
300234062322760,2015-03-20T13:00:00Z,-36.54943,-43.34931,0.045,0.2132,10800.0,2015-11-28T00:00:00Z,SVPB
300234062322760,2015-03-20T14:00:00Z,-36.54249,-43.34702,0.0694,0.2101,10800.0,2015-11-28T00:00:00Z,SVPB
300234062322760,2015-03-20T15:00:00Z,-36.53554,-43.34472,0.0937,0.2071,0.0,2015-11-28T00:00:00Z,SVPB
300234062322760,2015-03-20T16:00:00Z,-36.52882,-43.34035,0.1055,0.2087,10800.0,2015-11-28T00:00:00Z,SVPB
300234062322760,2015-03-20T17:00:00Z,-36.52209,-43.33598,0.1173,0.2104,10800.0,2015-11-28T00:00:00Z,SVPB
300234062322760,2015-03-20T18:00:00Z,-36.51537,-43.3316,0.129,0.212,0.0,2015-11-28T00:00:00Z,SVPB
300234062322760,2015-03-20T19:00:00Z,-36.50888,-43.32638,0.1293,0.2045,10800.0,2015-11-28T00:00:00Z,SVPB
300234062322760,2015-03-20T20:00:00Z,-36.50238,-43.32116,0.1296,0.197,10800.0,2015-11-28T00:00:00Z,SVPB
300234062322760,2015-03-20T21:00:00Z,-36.49589,-43.31595,0.13,0.1895,0.0,2015-11-28T00:00:00Z,SVPB
300234062322760,2015-03-20T22:00:00Z,-36.48964,-43.31045,0.1338,0.1904,10800.0,2015-11-28T00:00:00Z,SVPB
300234062322760,2015-03-20T23:00:00Z,-36.4834,-43.30496,0.1376,0.1913,10800.0,2015-11-28T00:00:00Z,SVPB
300234062322760,2015-03-21T00:00:00Z,-36.47715,-43.29947,0.1415,0.1923,0.0,2015-11-28T00:00:00Z,SVPB
300234062322760,2015-03-21T01:00:00Z,-36.47164,-43.29281,0.1558,0.1811,10800.0,2015-11-28T00:00:00Z,SVPB
300234062322760,2015-03-21T02:00:00Z,-36.46613,-43.28616,0.1702,0.1698,10800.0,2015-11-28T00:00:00Z,SVPB
300234062322760,2015-03-21T03:00:00Z,-36.46062,-43.27951,0.1846,0.1586,0.0,2015-11-28T00:00:00Z,SVPB
300234062322760,2015-03-21T04:00:00Z,-36.45649,-43.27109,0.2021,0.1359,10800.0,2015-11-28T00:00:00Z,SVPB
300234062322760,2015-03-21T05:00:00Z,-36.45235,-43.26267,0.2196,0.1131,10800.0,2015-11-28T00:00:00Z,SVPB
300234062322760,2015-03-21T06:00:00Z,-36.44822,-43.25425,0.2371,0.0904,0.0,2015-11-28T00:00:00Z,SVPB
300234062322760,2015-03-21T07:00:00Z,-36.44577,-43.24373,0.2528,0.0802,10800.0,2015-11-28T00:00:00Z,SVPB
300234062322760,2015-03-21T08:00:00Z,-36.44333,-43.23321,0.2686,0.0701,10800.0,2015-11-28T00:00:00Z,SVPB
300234062322760,2015-03-21T09:00:00Z,-36.44088,-43.2227,0.2844,0.06,0.0,2015-11-28T00:00:00Z,SVPB
300234062322760,2015-03-21T10:00:00Z,-36.4383,-43.20939,0.3127,0.07,10800.0,2015-11-28T00:00:00Z,SVPB
300234062322760,2015-03-21T11:00:00Z,-36.43572,-43.19609,0.3409,0.08,10800.0,2015-11-28T00:00:00Z,SVPB
300234062322760,2015-03-21T12:00:00Z,-36.43314,-43.18279,0.3691,0.0901,0.0,2015-11-28T00:00:00Z,SVPB
300234062322760,2015-03-21T13:00:00Z,-36.42785,-43.167,0.3871,0.1352,10800.0,2015-11-28T00:00:00Z,SVPB
300234062322760,2015-03-21T14:00:00Z,-36.42256,-43.15122,0.405,0.1804,10800.0,2015-11-28T00:00:00Z,SVPB
300234062322760,2015-03-21T15:00:00Z,-36.41726,-43.13544,0.423,0.2256,0.0,2015-11-28T00:00:00Z,SVPB
300234062322760,2015-03-21T16:00:00Z,-36.40861,-43.12184,0.3777,0.2553,10800.0,2015-11-28T00:00:00Z,SVPB
300234062322760,2015-03-21T17:00:00Z,-36.39996,-43.10824,0.3325,0.2851,10800.0,2015-11-28T00:00:00Z,SVPB
300234062322760,2015-03-21T18:00:00Z,-36.39131,-43.09464,0.2872,0.3148,0.0,2015-11-28T00:00:00Z,SVPB
300234062322760,2015-03-21T19:00:00Z,-36.38363,-43.08702,0.2139,0.2592,10800.0,2015-11-28T00:00:00Z,SVPB
300234062322760,2015-03-21T20:00:00Z,-36.37596,-43.07941,0.1405,0.2036,10800.0,2015-11-28T00:00:00Z,SVPB
300234062322760,2015-03-21T21:00:00Z,-36.36828,-43.07179,0.0672,0.148,0.0,2015-11-28T00:00:00Z,SVPB
300234062322760,2015-03-21T22:00:00Z,-36.36511,-43.06934,0.0699,0.0823,10800.0,2015-11-28T00:00:00Z,SVPB
300234062322760,2015-03-21T23:00:00Z,-36.36194,-43.06689,0.0725,0.0166,10800.0,2015-11-28T00:00:00Z,SVPB
300234062322760,2015-03-22T00:00:00Z,-36.35877,-43.06444,0.0752,-0.0492,0.0,2015-11-28T00:00:00Z,SVPB
300234062322760,2015-03-22T01:00:00Z,-36.36037,-43.06137,0.1353,-0.1346,3797.9998,2015-11-28T00:00:00Z,SVPB
300234062322760,2015-03-22T02:00:00Z,-36.36526,-43.05346,0.1804,-0.1522,7002.0005,2015-11-28T00:00:00Z,SVPB
300234062322760,2015-03-22T03:00:00Z,-36.37034,-43.04527,0.2247,-0.166,0.0,2015-11-28T00:00:00Z,SVPB
300234062322760,2015-03-22T04:00:00Z,-36.37527,-43.03395,0.2552,-0.1566,11052.0,2015-11-28T00:00:00Z,SVPB
300234062322760,2015-03-22T05:00:00Z,-36.3802,-43.02263,0.2858,-0.1472,11052.0,2015-11-28T00:00:00Z,SVPB
300234062322760,2015-03-22T06:00:00Z,-36.38513,-43.01131,0.3164,-0.1378,11052.0,2015-11-28T00:00:00Z,SVPB
300234062322760,2015-03-22T07:00:00Z,-36.3887,-42.99886,0.3157,-0.1185,10548.0,2015-11-28T00:00:00Z,SVPB
300234062322760,2015-03-22T08:00:00Z,-36.39217,-42.98632,0.3127,-0.0985,10548.0,2015-11-28T00:00:00Z,SVPB
300234062322760,2015-03-22T09:00:00Z,-36.39564,-42.97378,0.3097,-0.0784,0.0,2015-11-28T00:00:00Z,SVPB
300234062322760,2015-03-22T10:00:00Z,-36.39789,-42.96324,0.2803,-0.0712,10800.0,2015-11-28T00:00:00Z,SVPB
300234062322760,2015-03-22T11:00:00Z,-36.40013,-42.9527,0.2509,-0.0639,10800.0,2015-11-28T00:00:00Z,SVPB
300234062322760,2015-03-22T12:00:00Z,-36.40237,-42.94216,0.2214,-0.0566,0.0,2015-11-28T00:00:00Z,SVPB
300234062322760,2015-03-22T13:00:00Z,-36.40557,-42.93455,0.1976,-0.0812,10800.0,2015-11-28T00:00:00Z,SVPB
300234062322760,2015-03-22T14:00:00Z,-36.40878,-42.92694,0.1737,-0.1058,10800.0,2015-11-28T00:00:00Z,SVPB
300234062322760,2015-03-22T15:00:00Z,-36.41198,-42.91933,0.1499,-0.1305,0.0,2015-11-28T00:00:00Z,SVPB
300234062322760,2015-03-22T16:00:00Z,-36.41773,-42.91305,0.1529,-0.1649,10800.0,2015-11-28T00:00:00Z,SVPB
300234062322760,2015-03-22T17:00:00Z,-36.42348,-42.90677,0.156,-0.1993,10800.0,2015-11-28T00:00:00Z,SVPB
300234062322760,2015-03-22T18:00:00Z,-36.42923,-42.9005,0.159,-0.2338,0.0,2015-11-28T00:00:00Z,SVPB
300234062322760,2015-03-22T19:00:00Z,-36.43739,-42.89221,0.1869,-0.2468,10800.0,2015-11-28T00:00:00Z,SVPB
300234062322760,2015-03-22T20:00:00Z,-36.44554,-42.88392,0.2148,-0.2598,10800.0,2015-11-28T00:00:00Z,SVPB
300234062322760,2015-03-22T21:00:00Z,-36.45369,-42.87563,0.2427,-0.2728,0.0,2015-11-28T00:00:00Z,SVPB
300234062322760,2015-03-22T22:00:00Z,-36.46176,-42.86366,0.2806,-0.2593,10800.0,2015-11-28T00:00:00Z,SVPB
300234062322760,2015-03-22T23:00:00Z,-36.46982,-42.85169,0.3184,-0.2459,10800.0,2015-11-28T00:00:00Z,SVPB
300234062322760,2015-03-23T00:00:00Z,-36.47788,-42.83972,0.3563,-0.2324,0.0,2015-11-28T00:00:00Z,SVPB
300234062322760,2015-03-23T01:00:00Z,-36.48382,-42.82513,0.3636,-0.1998,10800.0,2015-11-28T00:00:00Z,SVPB
300234062322760,2015-03-23T02:00:00Z,-36.48976,-42.81054,0.3709,-0.1673,10800.0,2015-11-28T00:00:00Z,SVPB
300234062322760,2015-03-23T03:00:00Z,-36.4957,-42.79595,0.3782,-0.1347,0.0,2015-11-28T00:00:00Z,SVPB
300234062322760,2015-03-23T04:00:00Z,-36.50016,-42.78197,0.3582,-0.1321,10800.0,2015-11-28T00:00:00Z,SVPB
300234062322760,2015-03-23T05:00:00Z,-36.50462,-42.76799,0.3383,-0.1295,10800.0,2015-11-28T00:00:00Z,SVPB
300234062322760,2015-03-23T06:00:00Z,-36.50909,-42.75401,0.3183,-0.127,0.0,2015-11-28T00:00:00Z,SVPB
300234062322760,2015-03-23T07:00:00Z,-36.51445,-42.74151,0.3104,-0.1537,10800.0,2015-11-28T00:00:00Z,SVPB
300234062322760,2015-03-23T08:00:00Z,-36.51982,-42.72901,0.3025,-0.1804,10800.0,2015-11-28T00:00:00Z,SVPB
300234062322760,2015-03-23T09:00:00Z,-36.52519,-42.7165,0.2946,-0.2072,0.0,2015-11-28T00:00:00Z,SVPB
300234062322760,2015-03-23T10:00:00Z,-36.53179,-42.70371,0.309,-0.2084,10800.0,2015-11-28T00:00:00Z,SVPB
300234062322760,2015-03-23T11:00:00Z,-36.5384,-42.69092,0.3233,-0.2097,10800.0,2015-11-28T00:00:00Z,SVPB
300234062322760,2015-03-23T12:00:00Z,-36.54501,-42.67813,0.3377,-0.2109,0.0,2015-11-28T00:00:00Z,SVPB
300234062322760,2015-03-23T13:00:00Z,-36.55137,-42.66413,0.3459,-0.1996,10800.0,2015-11-28T00:00:00Z,SVPB
300234062322760,2015-03-23T14:00:00Z,-36.55773,-42.65014,0.3541,-0.1884,10800.0,2015-11-28T00:00:00Z,SVPB
300234062322760,2015-03-23T15:00:00Z,-36.56409,-42.63614,0.3623,-0.1771,0.0,2015-11-28T00:00:00Z,SVPB
300234062322760,2015-03-23T16:00:00Z,-36.57051,-42.62177,0.3586,-0.189,10800.0,2015-11-28T00:00:00Z,SVPB
300234062322760,2015-03-23T17:00:00Z,-36.57692,-42.60739,0.355,-0.2009,10800.0,2015-11-28T00:00:00Z,SVPB
300234062322760,2015-03-23T18:00:00Z,-36.58333,-42.59301,0.3514,-0.2128,0.0,2015-11-28T00:00:00Z,SVPB
300234062322760,2015-03-23T19:00:00Z,-36.59099,-42.57798,0.3632,-0.2297,10800.0,2015-11-28T00:00:00Z,SVPB
300234062322760,2015-03-23T20:00:00Z,-36.59864,-42.56296,0.375,-0.2467,10800.0,2015-11-28T00:00:00Z,SVPB
300234062322760,2015-03-23T21:00:00Z,-36.60629,-42.54794,0.3868,-0.2636,0.0,2015-11-28T00:00:00Z,SVPB
300234062322760,2015-03-23T22:00:00Z,-36.61439,-42.53125,0.4061,-0.2567,10800.0,2015-11-28T00:00:00Z,SVPB
300234062322760,2015-03-23T23:00:00Z,-36.62248,-42.51456,0.4253,-0.2498,10800.0,2015-11-28T00:00:00Z,SVPB
300234062322760,2015-03-24T00:00:00Z,-36.63057,-42.49787,0.4446,-0.2428,0.0,2015-11-28T00:00:00Z,SVPB
300234062322760,2015-03-24T01:00:00Z,-36.63766,-42.4801,0.4434,-0.2261,10800.0,2015-11-28T00:00:00Z,SVPB
300234062322760,2015-03-24T02:00:00Z,-36.64475,-42.46234,0.4422,-0.2093,10800.0,2015-11-28T00:00:00Z,SVPB
300234062322760,2015-03-24T03:00:00Z,-36.65184,-42.44458,0.441,-0.1925,0.0,2015-11-28T00:00:00Z,SVPB
300234062322760,2015-03-24T04:00:00Z,-36.65773,-42.42787,0.4215,-0.1849,10800.0,2015-11-28T00:00:00Z,SVPB
300234062322760,2015-03-24T05:00:00Z,-36.66363,-42.41116,0.402,-0.1773,10800.0,2015-11-28T00:00:00Z,SVPB
300234062322760,2015-03-24T06:00:00Z,-36.66953,-42.39446,0.3825,-0.1697,0.0,2015-11-28T00:00:00Z,SVPB
300234062322760,2015-03-24T07:00:00Z,-36.67528,-42.37983,0.3639,-0.1801,10800.0,2015-11-28T00:00:00Z,SVPB
300234062322760,2015-03-24T08:00:00Z,-36.68103,-42.3652,0.3452,-0.1905,10800.0,2015-11-28T00:00:00Z,SVPB
300234062322760,2015-03-24T09:00:00Z,-36.68679,-42.35057,0.3266,-0.201,0.0,2015-11-28T00:00:00Z,SVPB
300234062322760,2015-03-24T10:00:00Z,-36.69328,-42.33734,0.302,-0.2407,3880.9998,2015-11-28T00:00:00Z,SVPB
300234062322760,2015-03-24T11:00:00Z,-36.70174,-42.32512,0.3008,-0.264,6919.0005,2015-11-28T00:00:00Z,SVPB
300234062322760,2015-03-24T12:00:00Z,-36.71037,-42.31299,0.3017,-0.286,0.0,2015-11-28T00:00:00Z,SVPB
300234062322760,2015-03-24T13:00:00Z,-36.72199,-42.29983,0.3233,-0.3128,10800.0,2015-11-28T00:00:00Z,SVPB
300234062322760,2015-03-24T14:00:00Z,-36.73362,-42.28667,0.345,-0.3397,10800.0,2015-11-28T00:00:00Z,SVPB
300234062322760,2015-03-24T15:00:00Z,-36.74524,-42.27351,0.3667,-0.3665,0.0,2015-11-28T00:00:00Z,SVPB
300234062322760,2015-03-24T16:00:00Z,-36.75678,-42.25794,0.4219,-0.3495,3967.0,2015-11-28T00:00:00Z,SVPB
300234062322760,2015-03-24T17:00:00Z,-36.76535,-42.24054,0.4323,-0.302,6833.0,2015-11-28T00:00:00Z,SVPB
300234062322760,2015-03-24T18:00:00Z,-36.77358,-42.22293,0.4376,-0.2512,0.0,2015-11-28T00:00:00Z,SVPB
300234062322760,2015-03-24T19:00:00Z,-36.78065,-42.2062,0.4275,-0.2342,10800.0,2015-11-28T00:00:00Z,SVPB
300234062322760,2015-03-24T20:00:00Z,-36.78773,-42.18947,0.4175,-0.2172,10800.0,2015-11-28T00:00:00Z,SVPB
300234062322760,2015-03-24T21:00:00Z,-36.7948,-42.17274,0.4074,-0.2003,0.0,2015-11-28T00:00:00Z,SVPB
300234062322760,2015-03-24T22:00:00Z,-36.80068,-42.16136,0.3807,-0.2035,21600.0,2015-11-28T00:00:00Z,SVPB
300234062322760,2015-03-24T23:00:00Z,-36.80657,-42.14999,0.3539,-0.2068,21600.0,2015-11-28T00:00:00Z,SVPB
300234062322760,2015-03-25T00:00:00Z,-36.81245,-42.13861,0.3272,-0.2101,21600.0,2015-11-28T00:00:00Z,SVPB
300234062322760,2015-03-25T01:00:00Z,-36.81834,-42.12723,0.3005,-0.2133,21600.0,2015-11-28T00:00:00Z,SVPB
300234062322760,2015-03-25T02:00:00Z,-36.82422,-42.11585,0.2738,-0.2166,21600.0,2015-11-28T00:00:00Z,SVPB
300234062322760,2015-03-25T03:00:00Z,-36.83011,-42.10447,0.2471,-0.2198,0.0,2015-11-28T00:00:00Z,SVPB
300234062322760,2015-03-25T04:00:00Z,-36.83755,-42.09453,0.2446,-0.231,10800.0,2015-11-28T00:00:00Z,SVPB
300234062322760,2015-03-25T05:00:00Z,-36.84499,-42.08459,0.2421,-0.2422,10800.0,2015-11-28T00:00:00Z,SVPB
300234062322760,2015-03-25T06:00:00Z,-36.85243,-42.07465,0.2395,-0.2534,0.0,2015-11-28T00:00:00Z,SVPB
300234062322760,2015-03-25T07:00:00Z,-36.86073,-42.06442,0.2509,-0.2552,11390.0,2015-11-28T00:00:00Z,SVPB
300234062322760,2015-03-25T08:00:00Z,-36.86902,-42.05419,0.2622,-0.2571,11390.0,2015-11-28T00:00:00Z,SVPB
300234062322760,2015-03-25T09:00:00Z,-36.87732,-42.04396,0.2736,-0.259,11390.0,2015-11-28T00:00:00Z,SVPB
300234062322760,2015-03-25T10:00:00Z,-36.88482,-42.03242,0.2868,-0.2442,10210.0,2015-11-28T00:00:00Z,SVPB
300234062322760,2015-03-25T11:00:00Z,-36.89218,-42.02061,0.3005,-0.226,10210.0,2015-11-28T00:00:00Z,SVPB
300234062322760,2015-03-25T12:00:00Z,-36.89953,-42.0088,0.3141,-0.2079,0.0,2015-11-28T00:00:00Z,SVPB
300234062326760,2015-02-25T08:00:00Z,-42.99008,-46.95974,0.0417,0.2503,3629.0,2015-06-02T00:00:00Z,SVPB
300234062326760,2015-02-25T09:00:00Z,-42.98184,-46.95812,0.0165,0.2715,0.0,2015-06-02T00:00:00Z,SVPB
300234062326760,2015-02-25T10:00:00Z,-42.972,-46.96066,-0.1005,0.3222,3629.0,2015-06-02T00:00:00Z,SVPB
300234062326760,2015-02-25T11:00:00Z,-42.96153,-46.96654,-0.1833,0.3255,3629.0,2015-06-02T00:00:00Z,SVPB
300234062326760,2015-02-25T12:00:00Z,-42.95106,-46.97599,-0.239,0.3221,0.0,2015-06-02T00:00:00Z,SVPB
300234062326760,2015-02-25T13:00:00Z,-42.9415,-46.98889,-0.3307,0.2795,3629.0,2015-06-02T00:00:00Z,SVPB
300234062326760,2015-02-25T14:00:00Z,-42.93366,-47.00473,-0.3984,0.1949,3629.0,2015-06-02T00:00:00Z,SVPB
300234062326760,2015-02-25T15:00:00Z,-42.92806,-47.02281,-0.4217,0.1444,0.0,2015-06-02T00:00:00Z,SVPB
300234062326760,2015-02-25T16:00:00Z,-42.92462,-47.04143,-0.4231,0.0804,3629.0,2015-06-02T00:00:00Z,SVPB
300234062326760,2015-02-25T17:00:00Z,-42.92352,-47.05894,-0.374,-0.0135,3629.0,2015-06-02T00:00:00Z,SVPB
300234062326760,2015-02-25T18:00:00Z,-42.92538,-47.07283,-0.2693,-0.0931,0.0,2015-06-02T00:00:00Z,SVPB
300234062326760,2015-02-25T19:00:00Z,-42.92921,-47.08358,-0.196,-0.1575,3629.0,2015-06-02T00:00:00Z,SVPB
300234062326760,2015-02-25T20:00:00Z,-42.93452,-47.08975,-0.1094,-0.1735,3629.0,2015-06-02T00:00:00Z,SVPB
300234062326760,2015-02-25T21:00:00Z,-42.93943,-47.09287,-0.0059,-0.1225,0.0,2015-06-02T00:00:00Z,SVPB
300234062326760,2015-02-25T22:00:00Z,-42.94223,-47.09219,0.0383,-0.0527,3629.0,2015-06-02T00:00:00Z,SVPB
300234062326760,2015-02-25T23:00:00Z,-42.94277,-47.09019,0.0545,0.0224,3629.0,2015-06-02T00:00:00Z,SVPB
300234062326760,2015-02-26T00:00:00Z,-42.94104,-47.08724,0.0758,0.085,0.0,2015-06-02T00:00:00Z,SVPB
300234062326760,2015-02-26T01:00:00Z,-42.93694,-47.08389,0.0814,0.1616,3629.0,2015-06-02T00:00:00Z,SVPB
300234062326760,2015-02-26T02:00:00Z,-42.93097,-47.08087,0.0517,0.2173,3629.0,2015-06-02T00:00:00Z,SVPB
300234062326760,2015-02-26T03:00:00Z,-42.9238,-47.07974,0.0045,0.2268,0.0,2015-06-02T00:00:00Z,SVPB
300234062326760,2015-02-26T04:00:00Z,-42.91624,-47.08043,-0.0406,0.2387,3629.0,2015-06-02T00:00:00Z,SVPB
300234062326760,2015-02-26T05:00:00Z,-42.90846,-47.08336,-0.0867,0.2449,3629.0,2015-06-02T00:00:00Z,SVPB
300234062326760,2015-02-26T06:00:00Z,-42.90066,-47.08801,-0.1301,0.236,0.0,2015-06-02T00:00:00Z,SVPB
300234062326760,2015-02-26T07:00:00Z,-42.89372,-47.09447,-0.1584,0.1996,3629.0,2015-06-02T00:00:00Z,SVPB
300234062326760,2015-02-26T08:00:00Z,-42.88842,-47.10237,-0.1995,0.1273,3629.0,2015-06-02T00:00:00Z,SVPB
300234062326760,2015-02-26T09:00:00Z,-42.8854,-47.11059,-0.1812,0.0606,0.0,2015-06-02T00:00:00Z,SVPB
300234062326760,2015-02-26T10:00:00Z,-42.88392,-47.11837,-0.162,0.0248,3629.0,2015-06-02T00:00:00Z,SVPB
300234062326760,2015-02-26T11:00:00Z,-42.88366,-47.12581,-0.1771,-0.0061,3629.0,2015-06-02T00:00:00Z,SVPB
300234062326760,2015-02-26T12:00:00Z,-42.88486,-47.13316,-0.1586,-0.0647,0.0,2015-06-02T00:00:00Z,SVPB
300234062326760,2015-02-26T13:00:00Z,-42.88792,-47.1381,-0.0807,-0.1203,3629.0,2015-06-02T00:00:00Z,SVPB
300234062326760,2015-02-26T14:00:00Z,-42.89155,-47.13952,0.0278,-0.1098,3629.0,2015-06-02T00:00:00Z,SVPB
300234062326760,2015-02-26T15:00:00Z,-42.89434,-47.13686,0.0977,-0.0604,0.0,2015-06-02T00:00:00Z,SVPB
300234062326760,2015-02-26T16:00:00Z,-42.89583,-47.13166,0.1409,-0.0281,3629.0,2015-06-02T00:00:00Z,SVPB
300234062326760,2015-02-26T17:00:00Z,-42.89607,-47.1253,0.1498,0.0095,3629.0,2015-06-02T00:00:00Z,SVPB
300234062326760,2015-02-26T18:00:00Z,-42.895,-47.11857,0.1525,0.0584,0.0,2015-06-02T00:00:00Z,SVPB
300234062326760,2015-02-26T19:00:00Z,-42.89263,-47.11127,0.1769,0.0897,3629.0,2015-06-02T00:00:00Z,SVPB
300234062326760,2015-02-26T20:00:00Z,-42.88901,-47.10314,0.1931,0.1303,3629.0,2015-06-02T00:00:00Z,SVPB
300234062326760,2015-02-26T21:00:00Z,-42.88376,-47.0946,0.1933,0.1933,0.0,2015-06-02T00:00:00Z,SVPB
300234062326760,2015-02-26T22:00:00Z,-42.87667,-47.08612,0.1911,0.2474,3629.0,2015-06-02T00:00:00Z,SVPB
300234062326760,2015-02-26T23:00:00Z,-42.86785,-47.07863,0.1544,0.2946,3629.0,2015-06-02T00:00:00Z,SVPB
300234062326760,2015-02-27T00:00:00Z,-42.858,-47.07305,0.0943,0.3188,0.0,2015-06-02T00:00:00Z,SVPB
300234062326760,2015-02-27T01:00:00Z,-42.84839,-47.06988,0.0501,0.282,3629.0,2015-06-02T00:00:00Z,SVPB
300234062326760,2015-02-27T02:00:00Z,-42.83979,-47.06794,0.034,0.2416,3629.0,2015-06-02T00:00:00Z,SVPB
300234062326760,2015-02-27T03:00:00Z,-42.83223,-47.06646,0.0336,0.2269,0.0,2015-06-02T00:00:00Z,SVPB
300234062326760,2015-02-27T04:00:00Z,-42.82467,-47.06518,0.0253,0.2349,3629.0,2015-06-02T00:00:00Z,SVPB
300234062326760,2015-02-27T05:00:00Z,-42.81649,-47.06537,-0.0255,0.2699,3629.0,2015-06-02T00:00:00Z,SVPB
300234062326760,2015-02-27T06:00:00Z,-42.80776,-47.06742,-0.0765,0.2724,0.0,2015-06-02T00:00:00Z,SVPB
300234062326760,2015-02-27T07:00:00Z,-42.79918,-47.07128,-0.0978,0.2574,3629.0,2015-06-02T00:00:00Z,SVPB
300234062326760,2015-02-27T08:00:00Z,-42.79117,-47.07574,-0.1069,0.2386,3629.0,2015-06-02T00:00:00Z,SVPB
300234062326760,2015-02-27T09:00:00Z,-42.78388,-47.08023,-0.0968,0.2115,0.0,2015-06-02T00:00:00Z,SVPB
300234062326760,2015-02-27T10:00:00Z,-42.77692,-47.0844,-0.0914,0.214,3629.0,2015-06-02T00:00:00Z,SVPB
300234062326760,2015-02-27T11:00:00Z,-42.76985,-47.08876,-0.1046,0.2262,3629.0,2015-06-02T00:00:00Z,SVPB
300234062326760,2015-02-27T12:00:00Z,-42.76271,-47.09332,-0.1058,0.2145,0.0,2015-06-02T00:00:00Z,SVPB
300234062326760,2015-02-27T13:00:00Z,-42.75592,-47.09814,-0.1091,0.2048,3629.0,2015-06-02T00:00:00Z,SVPB
300234062326760,2015-02-27T14:00:00Z,-42.74987,-47.10398,-0.152,0.1739,3629.0,2015-06-02T00:00:00Z,SVPB
300234062326760,2015-02-27T15:00:00Z,-42.74541,-47.11138,-0.1868,0.1043,0.0,2015-06-02T00:00:00Z,SVPB
300234062326760,2015-02-27T16:00:00Z,-42.74301,-47.11888,-0.1594,0.0408,3629.0,2015-06-02T00:00:00Z,SVPB
300234062326760,2015-02-27T17:00:00Z,-42.74212,-47.12406,-0.0782,0.0122,3629.0,2015-06-02T00:00:00Z,SVPB
300234062326760,2015-02-27T18:00:00Z,-42.74185,-47.1269,-0.0405,0.0032,0.0,2015-06-02T00:00:00Z,SVPB
300234062326760,2015-02-27T19:00:00Z,-42.74205,-47.12743,0.0032,-0.012,3629.0,2015-06-02T00:00:00Z,SVPB
300234062326760,2015-02-27T20:00:00Z,-42.74191,-47.1261,0.0667,0.0141,3629.0,2015-06-02T00:00:00Z,SVPB
300234062326760,2015-02-27T21:00:00Z,-42.74062,-47.1225,0.0965,0.0701,0.0,2015-06-02T00:00:00Z,SVPB
300234062326760,2015-02-27T22:00:00Z,-42.73714,-47.11755,0.1271,0.1365,3629.0,2015-06-02T00:00:00Z,SVPB
300234062326760,2015-02-27T23:00:00Z,-42.73203,-47.11185,0.1343,0.1894,3629.0,2015-06-02T00:00:00Z,SVPB
300234062326760,2015-02-28T00:00:00Z,-42.72586,-47.10628,0.1198,0.1932,0.0,2015-06-02T00:00:00Z,SVPB
300234062326760,2015-02-28T01:00:00Z,-42.71911,-47.1017,0.0903,0.2177,3629.0,2015-06-02T00:00:00Z,SVPB
300234062326760,2015-02-28T02:00:00Z,-42.71077,-47.09954,0.02,0.2884,3629.0,2015-06-02T00:00:00Z,SVPB
300234062326760,2015-02-28T03:00:00Z,-42.70143,-47.10004,-0.0556,0.2989,0.0,2015-06-02T00:00:00Z,SVPB
300234062326760,2015-02-28T04:00:00Z,-42.69263,-47.10333,-0.095,0.2461,3629.0,2015-06-02T00:00:00Z,SVPB
300234062326760,2015-02-28T05:00:00Z,-42.68611,-47.10804,-0.1185,0.164,3629.0,2015-06-02T00:00:00Z,SVPB
300234062326760,2015-02-28T06:00:00Z,-42.68202,-47.11294,-0.1076,0.0815,0.0,2015-06-02T00:00:00Z,SVPB
300234062326760,2015-02-28T07:00:00Z,-42.68015,-47.11722,-0.0842,0.031,3629.0,2015-06-02T00:00:00Z,SVPB
300234062326760,2015-02-28T08:00:00Z,-42.6794,-47.12028,-0.0568,0.0123,3629.0,2015-06-02T00:00:00Z,SVPB
300234062326760,2015-02-28T09:00:00Z,-42.67923,-47.12211,-0.0248,1.0E-4,0.0,2015-06-02T00:00:00Z,SVPB
300234062326760,2015-02-28T10:00:00Z,-42.67952,-47.1223,0.0131,-0.0184,3629.0,2015-06-02T00:00:00Z,SVPB
300234062326760,2015-02-28T11:00:00Z,-42.68002,-47.1205,0.0686,-0.0153,3629.0,2015-06-02T00:00:00Z,SVPB
300234062326760,2015-02-28T12:00:00Z,-42.68023,-47.11656,0.1129,0.0031,0.0,2015-06-02T00:00:00Z,SVPB
300234062326760,2015-02-28T13:00:00Z,-42.68,-47.11081,0.1478,0.0123,3629.0,2015-06-02T00:00:00Z,SVPB
300234062326760,2015-02-28T14:00:00Z,-42.67983,-47.10336,0.1892,1.0E-4,3629.0,2015-06-02T00:00:00Z,SVPB
300234062326760,2015-02-28T15:00:00Z,-42.6796,-47.09483,0.2028,0.0093,0.0,2015-06-02T00:00:00Z,SVPB
300234062326760,2015-02-28T16:00:00Z,-42.67877,-47.08636,0.1825,0.0431,3629.0,2015-06-02T00:00:00Z,SVPB
300234062326760,2015-02-28T17:00:00Z,-42.6766,-47.0783,0.1803,0.0871,3629.0,2015-06-02T00:00:00Z,SVPB
300234062326760,2015-02-28T18:00:00Z,-42.6734,-47.0702,0.1895,0.1165,0.0,2015-06-02T00:00:00Z,SVPB
300234062326760,2015-02-28T19:00:00Z,-42.66848,-47.06252,0.1665,0.1701,3629.0,2015-06-02T00:00:00Z,SVPB
300234062326760,2015-02-28T20:00:00Z,-42.6625,-47.0558,0.1313,0.2162,3629.0,2015-06-02T00:00:00Z,SVPB
300234062326760,2015-02-28T21:00:00Z,-42.65571,-47.05009,0.1261,0.2024,0.0,2015-06-02T00:00:00Z,SVPB
300234062326760,2015-02-28T22:00:00Z,-42.64951,-47.04542,0.0943,0.1833,3629.0,2015-06-02T00:00:00Z,SVPB
300234062326760,2015-02-28T23:00:00Z,-42.64414,-47.04251,0.0337,0.1482,3629.0,2015-06-02T00:00:00Z,SVPB
300234062326760,2015-03-01T00:00:00Z,-42.6401,-47.04123,0.0202,0.1014,0.0,2015-06-02T00:00:00Z,SVPB
300234062326760,2015-03-01T01:00:00Z,-42.63768,-47.03948,0.0551,0.0497,3629.0,2015-06-02T00:00:00Z,SVPB
300234062326760,2015-03-01T02:00:00Z,-42.63634,-47.03664,0.0798,0.0279,3629.0,2015-06-02T00:00:00Z,SVPB
300234062326760,2015-03-01T03:00:00Z,-42.63568,-47.03281,0.0918,0.0157,0.0,2015-06-02T00:00:00Z,SVPB
300234062326760,2015-03-01T04:00:00Z,-42.63576,-47.02757,0.1411,-0.0184,3629.0,2015-06-02T00:00:00Z,SVPB
300234062326760,2015-03-01T05:00:00Z,-42.63632,-47.02097,0.1665,-0.0211,3629.0,2015-06-02T00:00:00Z,SVPB
300234062326760,2015-03-01T06:00:00Z,-42.63663,-47.01363,0.1647,0.003,0.0,2015-06-02T00:00:00Z,SVPB
300234062326760,2015-03-01T07:00:00Z,-42.63592,-47.00578,0.1892,0.0369,3629.0,2015-06-02T00:00:00Z,SVPB
300234062326760,2015-03-01T08:00:00Z,-42.6344,-46.99679,0.2214,0.062,3629.0,2015-06-02T00:00:00Z,SVPB
300234062326760,2015-03-01T09:00:00Z,-42.63223,-46.98664,0.241,0.0703,0.0,2015-06-02T00:00:00Z,SVPB
300234062326760,2015-03-01T10:00:00Z,-42.62914,-46.97582,0.2509,0.1143,3629.0,2015-06-02T00:00:00Z,SVPB
300234062326760,2015-03-01T11:00:00Z,-42.62471,-46.96502,0.2417,0.1647,3629.0,2015-06-02T00:00:00Z,SVPB
300234062326760,2015-03-01T12:00:00Z,-42.61873,-46.9547,0.2262,0.2027,0.0,2015-06-02T00:00:00Z,SVPB
300234062326760,2015-03-01T13:00:00Z,-42.61126,-46.94667,0.1599,0.2508,3629.0,2015-06-02T00:00:00Z,SVPB
300234062326760,2015-03-01T14:00:00Z,-42.60325,-46.94108,0.073,0.2492,3629.0,2015-06-02T00:00:00Z,SVPB
300234062326760,2015-03-01T15:00:00Z,-42.59573,-46.93865,0.0367,0.2151,0.0,2015-06-02T00:00:00Z,SVPB
300234062326760,2015-03-01T16:00:00Z,-42.58949,-46.93849,-0.0219,0.1741,3629.0,2015-06-02T00:00:00Z,SVPB
300234062326760,2015-03-01T17:00:00Z,-42.58482,-46.94026,-0.0661,0.1136,3629.0,2015-06-02T00:00:00Z,SVPB
300234062326760,2015-03-01T18:00:00Z,-42.58223,-46.94291,-0.0564,0.0458,0.0,2015-06-02T00:00:00Z,SVPB
300234062326760,2015-03-01T19:00:00Z,-42.58171,-46.94491,-0.0344,-0.0148,3629.0,2015-06-02T00:00:00Z,SVPB
300234062326760,2015-03-01T20:00:00Z,-42.58307,-46.94531,0.0111,-0.068,3629.0,2015-06-02T00:00:00Z,SVPB
300234062326760,2015-03-01T21:00:00Z,-42.58572,-46.94311,0.0882,-0.0981,0.0,2015-06-02T00:00:00Z,SVPB
300234062326760,2015-03-01T22:00:00Z,-42.58894,-46.93756,0.1663,-0.1023,3629.0,2015-06-02T00:00:00Z,SVPB
300234062326760,2015-03-01T23:00:00Z,-42.59179,-46.92854,0.2421,-0.0773,3629.0,2015-06-02T00:00:00Z,SVPB
300234062326760,2015-03-02T00:00:00Z,-42.59331,-46.91663,0.3026,-0.0178,0.0,2015-06-02T00:00:00Z,SVPB
300234062326760,2015-03-02T01:00:00Z,-42.59289,-46.90242,0.3447,0.0463,3629.0,2015-06-02T00:00:00Z,SVPB
300234062326760,2015-03-02T02:00:00Z,-42.5903,-46.88722,0.3514,0.1116,3629.0,2015-06-02T00:00:00Z,SVPB
300234062326760,2015-03-02T03:00:00Z,-42.58549,-46.87265,0.3133,0.1845,0.0,2015-06-02T00:00:00Z,SVPB
300234062326760,2015-03-02T04:00:00Z,-42.57883,-46.85978,0.2694,0.2326,3629.0,2015-06-02T00:00:00Z,SVPB
300234062326760,2015-03-02T05:00:00Z,-42.57096,-46.84873,0.2327,0.2543,3629.0,2015-06-02T00:00:00Z,SVPB
300234062326760,2015-03-02T06:00:00Z,-42.56219,-46.83956,0.1873,0.2851,0.0,2015-06-02T00:00:00Z,SVPB
300234062326760,2015-03-02T07:00:00Z,-42.55267,-46.83226,0.1419,0.3068,3629.0,2015-06-02T00:00:00Z,SVPB
300234062326760,2015-03-02T08:00:00Z,-42.54297,-46.82735,0.0869,0.2946,3629.0,2015-06-02T00:00:00Z,SVPB
300234062326760,2015-03-02T09:00:00Z,-42.53394,-46.82492,0.0207,0.2636,0.0,2015-06-02T00:00:00Z,SVPB
300234062326760,2015-03-02T10:00:00Z,-42.52626,-46.82401,0.0138,0.2142,3629.0,2015-06-02T00:00:00Z,SVPB
300234062326760,2015-03-02T11:00:00Z,-42.52031,-46.82299,0.0363,0.1511,3629.0,2015-06-02T00:00:00Z,SVPB
300234062326760,2015-03-02T12:00:00Z,-42.51625,-46.82124,0.0427,0.0983,0.0,2015-06-02T00:00:00Z,SVPB
300234062326760,2015-03-02T13:00:00Z,-42.51415,-46.81915,0.0525,0.036,3629.0,2015-06-02T00:00:00Z,SVPB
300234062326760,2015-03-02T14:00:00Z,-42.51427,-46.81591,0.089,-0.0407,3629.0,2015-06-02T00:00:00Z,SVPB
300234062326760,2015-03-02T15:00:00Z,-42.51612,-46.80856,0.2107,-0.0735,0.0,2015-06-02T00:00:00Z,SVPB
300234062326760,2015-03-02T16:00:00Z,-42.51774,-46.7976,0.3241,-0.0159,3629.0,2015-06-02T00:00:00Z,SVPB
300234062326760,2015-03-02T17:00:00Z,-42.5171,-46.78309,0.3424,0.0573,3629.0,2015-06-02T00:00:00Z,SVPB
300234062326760,2015-03-02T18:00:00Z,-42.51486,-46.76836,0.3274,0.0888,0.0,2015-06-02T00:00:00Z,SVPB
300234062326760,2015-03-02T19:00:00Z,-42.51159,-46.75372,0.3357,0.1083,3629.0,2015-06-02T00:00:00Z,SVPB
300234062326760,2015-03-02T20:00:00Z,-42.5074,-46.7385,0.3587,0.1519,3629.0,2015-06-02T00:00:00Z,SVPB
300234062326760,2015-03-02T21:00:00Z,-42.50226,-46.72341,0.3344,0.1686,0.0,2015-06-02T00:00:00Z,SVPB
300234062326760,2015-03-02T22:00:00Z,-42.49652,-46.70916,0.309,0.1831,3629.0,2015-06-02T00:00:00Z,SVPB
300234062326760,2015-03-02T23:00:00Z,-42.49028,-46.69605,0.2924,0.2047,3629.0,2015-06-02T00:00:00Z,SVPB
300234062326760,2015-03-03T00:00:00Z,-42.48349,-46.68388,0.2596,0.2146,0.0,2015-06-02T00:00:00Z,SVPB
300234062326760,2015-03-03T01:00:00Z,-42.47663,-46.67273,0.2472,0.211,3629.0,2015-06-02T00:00:00Z,SVPB
300234062326760,2015-03-03T02:00:00Z,-42.4703,-46.66264,0.2173,0.1827,3629.0,2015-06-02T00:00:00Z,SVPB
300234062326760,2015-03-03T03:00:00Z,-42.46477,-46.65353,0.1922,0.1561,0.0,2015-06-02T00:00:00Z,SVPB
300234062326760,2015-03-03T04:00:00Z,-42.45986,-46.64495,0.1988,0.1458,3629.0,2015-06-02T00:00:00Z,SVPB
300234062326760,2015-03-03T05:00:00Z,-42.4552,-46.63529,0.2357,0.1425,3629.0,2015-06-02T00:00:00Z,SVPB
300234062326760,2015-03-03T06:00:00Z,-42.45099,-46.62423,0.2736,0.1196,0.0,2015-06-02T00:00:00Z,SVPB
300234062326760,2015-03-03T07:00:00Z,-42.44682,-46.61201,0.2834,0.1303,3629.0,2015-06-02T00:00:00Z,SVPB
300234062326760,2015-03-03T08:00:00Z,-42.44196,-46.59914,0.3022,0.174,3629.0,2015-06-02T00:00:00Z,SVPB
300234062326760,2015-03-03T09:00:00Z,-42.4357,-46.5856,0.3169,0.2107,0.0,2015-06-02T00:00:00Z,SVPB
300234062326760,2015-03-03T10:00:00Z,-42.42768,-46.57209,0.3022,0.2787,3629.0,2015-06-02T00:00:00Z,SVPB
300234062326760,2015-03-03T11:00:00Z,-42.41768,-46.55896,0.2931,0.345,3629.0,2015-06-02T00:00:00Z,SVPB
300234062326760,2015-03-03T12:00:00Z,-42.40586,-46.5465,0.2787,0.3858,0.0,2015-06-02T00:00:00Z,SVPB
300234062326760,2015-03-03T13:00:00Z,-42.39289,-46.53567,0.2205,0.4153,3629.0,2015-06-02T00:00:00Z,SVPB
300234062326760,2015-03-03T14:00:00Z,-42.37974,-46.52737,0.1551,0.4024,3629.0,2015-06-02T00:00:00Z,SVPB
300234062326760,2015-03-03T15:00:00Z,-42.36728,-46.52144,0.1133,0.3647,0.0,2015-06-02T00:00:00Z,SVPB
300234062326760,2015-03-03T16:00:00Z,-42.3562,-46.51733,0.0759,0.323,3629.0,2015-06-02T00:00:00Z,SVPB
300234062326760,2015-03-03T17:00:00Z,-42.34637,-46.51515,0.0248,0.2818,3629.0,2015-06-02T00:00:00Z,SVPB
300234062326760,2015-03-03T18:00:00Z,-42.33785,-46.51443,0.0024,0.2452,0.0,2015-06-02T00:00:00Z,SVPB
300234062326760,2015-03-03T19:00:00Z,-42.33079,-46.51373,0.0268,0.1931,3629.0,2015-06-02T00:00:00Z,SVPB
300234062326760,2015-03-03T20:00:00Z,-42.32529,-46.51125,0.0828,0.1455,3629.0,2015-06-02T00:00:00Z,SVPB
300234062326760,2015-03-03T21:00:00Z,-42.3212,-46.50619,0.1502,0.1069,0.0,2015-06-02T00:00:00Z,SVPB
300234062326760,2015-03-03T22:00:00Z,-42.31761,-46.49871,0.1946,0.1086,3629.0,2015-06-02T00:00:00Z,SVPB
300234062326760,2015-03-03T23:00:00Z,-42.31408,-46.48911,0.2404,0.1153,3629.0,2015-06-02T00:00:00Z,SVPB
300234062326760,2015-03-04T00:00:00Z,-42.30989,-46.47735,0.2969,0.1351,0.0,2015-06-02T00:00:00Z,SVPB
300234062326760,2015-03-04T01:00:00Z,-42.30461,-46.46438,0.3022,0.1954,3629.0,2015-06-02T00:00:00Z,SVPB
300234062326760,2015-03-04T02:00:00Z,-42.29764,-46.45218,0.2564,0.236,3629.0,2015-06-02T00:00:00Z,SVPB
300234062326760,2015-03-04T03:00:00Z,-42.28974,-46.44117,0.2406,0.2545,0.0,2015-06-02T00:00:00Z,SVPB
300234062326760,2015-03-04T04:00:00Z,-42.28124,-46.43057,0.2457,0.2696,3629.0,2015-06-02T00:00:00Z,SVPB
300234062326760,2015-03-04T05:00:00Z,-42.2721,-46.42033,0.2247,0.2947,3629.0,2015-06-02T00:00:00Z,SVPB
300234062326760,2015-03-04T06:00:00Z,-42.26206,-46.41119,0.1926,0.3247,0.0,2015-06-02T00:00:00Z,SVPB
300234062326760,2015-03-04T07:00:00Z,-42.25116,-46.40379,0.1488,0.3498,3629.0,2015-06-02T00:00:00Z,SVPB
300234062326760,2015-03-04T08:00:00Z,-42.24031,-46.39936,0.0658,0.3282,3629.0,2015-06-02T00:00:00Z,SVPB
300234062326760,2015-03-04T09:00:00Z,-42.23021,-46.397,0.028,0.2872,0.0,2015-06-02T00:00:00Z,SVPB
300234062326760,2015-03-04T10:00:00Z,-42.22124,-46.39544,0.0435,0.267,3629.0,2015-06-02T00:00:00Z,SVPB
300234062326760,2015-03-04T11:00:00Z,-42.21303,-46.39428,0.0168,0.2419,3629.0,2015-06-02T00:00:00Z,SVPB
300234062326760,2015-03-04T12:00:00Z,-42.20613,-46.39397,-0.0092,0.1878,0.0,2015-06-02T00:00:00Z,SVPB
300234062326760,2015-03-04T13:00:00Z,-42.20121,-46.39317,0.0391,0.1179,3629.0,2015-06-02T00:00:00Z,SVPB
300234062326760,2015-03-04T14:00:00Z,-42.19791,-46.39006,0.1093,0.0804,3629.0,2015-06-02T00:00:00Z,SVPB
300234062326760,2015-03-04T15:00:00Z,-42.19512,-46.38435,0.1544,0.0888,0.0,2015-06-02T00:00:00Z,SVPB
300234062326760,2015-03-04T16:00:00Z,-42.19206,-46.37638,0.2063,0.1022,3629.0,2015-06-02T00:00:00Z,SVPB
300234062326760,2015-03-04T17:00:00Z,-42.18823,-46.36673,0.2409,0.1304,3629.0,2015-06-02T00:00:00Z,SVPB
300234062326760,2015-03-04T18:00:00Z,-42.18343,-46.35712,0.2045,0.1685,0.0,2015-06-02T00:00:00Z,SVPB
300234062326760,2015-03-04T19:00:00Z,-42.17728,-46.34829,0.1911,0.2078,3629.0,2015-06-02T00:00:00Z,SVPB
300234062326760,2015-03-04T20:00:00Z,-42.16967,-46.33983,0.202,0.2643,3629.0,2015-06-02T00:00:00Z,SVPB
300234062326760,2015-03-04T21:00:00Z,-42.16041,-46.33126,0.1886,0.3092,0.0,2015-06-02T00:00:00Z,SVPB
300234062326760,2015-03-04T22:00:00Z,-42.14972,-46.32394,0.1531,0.3496,3629.0,2015-06-02T00:00:00Z,SVPB
300234062326760,2015-03-04T23:00:00Z,-42.13819,-46.31913,0.0699,0.3658,3629.0,2015-06-02T00:00:00Z,SVPB
300234062326760,2015-03-05T00:00:00Z,-42.12645,-46.31735,0.0038,0.3585,0.0,2015-06-02T00:00:00Z,SVPB
300234062326760,2015-03-05T01:00:00Z,-42.11527,-46.31771,-0.0226,0.3352,3629.0,2015-06-02T00:00:00Z,SVPB
300234062326760,2015-03-05T02:00:00Z,-42.10532,-46.31874,-0.0255,0.2822,3629.0,2015-06-02T00:00:00Z,SVPB
300234062326760,2015-03-05T03:00:00Z,-42.09689,-46.32054,-0.0525,0.2359,0.0,2015-06-02T00:00:00Z,SVPB
300234062326760,2015-03-05T04:00:00Z,-42.0898,-46.3229,-0.0627,0.2024,3629.0,2015-06-02T00:00:00Z,SVPB
300234062326760,2015-03-05T05:00:00Z,-42.08416,-46.32407,5.0E-4,0.1517,3629.0,2015-06-02T00:00:00Z,SVPB
300234062326760,2015-03-05T06:00:00Z,-42.07971,-46.32274,0.0693,0.1162,0.0,2015-06-02T00:00:00Z,SVPB
300234062326760,2015-03-05T07:00:00Z,-42.07572,-46.31909,0.1009,0.127,3629.0,2015-06-02T00:00:00Z,SVPB
300234062326760,2015-03-05T08:00:00Z,-42.07074,-46.31442,0.1132,0.1771,3629.0,2015-06-02T00:00:00Z,SVPB
300234062326760,2015-03-05T09:00:00Z,-42.06438,-46.30928,0.123,0.2209,0.0,2015-06-02T00:00:00Z,SVPB
300234062326760,2015-03-05T10:00:00Z,-42.05683,-46.3038,0.1289,0.2448,3629.0,2015-06-02T00:00:00Z,SVPB
300234062326760,2015-03-05T11:00:00Z,-42.0485,-46.29842,0.1197,0.2698,3629.0,2015-06-02T00:00:00Z,SVPB
300234062326760,2015-03-05T12:00:00Z,-42.03926,-46.29402,0.0845,0.3,0.0,2015-06-02T00:00:00Z,SVPB
300234062326760,2015-03-05T13:00:00Z,-42.0295,-46.2917,0.0252,0.3068,3629.0,2015-06-02T00:00:00Z,SVPB
300234062326760,2015-03-05T14:00:00Z,-42.01973,-46.29109,-0.0044,0.2947,3629.0,2015-06-02T00:00:00Z,SVPB
300234062326760,2015-03-05T15:00:00Z,-42.01003,-46.29091,0.0115,0.3034,0.0,2015-06-02T00:00:00Z,SVPB
300234062326760,2015-03-05T16:00:00Z,-42.00007,-46.29036,0.0162,0.3131,3629.0,2015-06-02T00:00:00Z,SVPB
300234062326760,2015-03-05T17:00:00Z,-41.98952,-46.28927,0.0297,0.3348,3629.0,2015-06-02T00:00:00Z,SVPB
300234062326760,2015-03-05T18:00:00Z,-41.97857,-46.28816,0.0273,0.3465,0.0,2015-06-02T00:00:00Z,SVPB
300234062326760,2015-03-05T19:00:00Z,-41.96747,-46.28837,-0.0322,0.3381,3629.0,2015-06-02T00:00:00Z,SVPB
300234062326760,2015-03-05T20:00:00Z,-41.9567,-46.29068,-0.0802,0.3285,3629.0,2015-06-02T00:00:00Z,SVPB
300234062326760,2015-03-05T21:00:00Z,-41.94727,-46.29415,-0.0821,0.2668,0.0,2015-06-02T00:00:00Z,SVPB
300234062326760,2015-03-05T22:00:00Z,-41.93905,-46.29798,-0.0906,0.2274,3629.0,2015-06-02T00:00:00Z,SVPB
300234062326760,2015-03-05T23:00:00Z,-41.93182,-46.30214,-0.1037,0.223,3629.0,2015-06-02T00:00:00Z,SVPB
300234062326760,2015-03-06T00:00:00Z,-41.92508,-46.30631,-0.0891,0.1931,0.0,2015-06-02T00:00:00Z,SVPB
300234062326760,2015-03-06T01:00:00Z,-41.91932,-46.30964,-0.0644,0.1636,3629.0,2015-06-02T00:00:00Z,SVPB
300234062326760,2015-03-06T02:00:00Z,-41.91343,-46.31034,0.0096,0.1864,3629.0,2015-06-02T00:00:00Z,SVPB
300234062326760,2015-03-06T03:00:00Z,-41.907,-46.3095,0.0488,0.2268,0.0,2015-06-02T00:00:00Z,SVPB
300234062326760,2015-03-06T04:00:00Z,-41.89937,-46.30702,0.0598,0.2418,3629.0,2015-06-02T00:00:00Z,SVPB
300234062326760,2015-03-06T05:00:00Z,-41.89117,-46.30363,0.0979,0.2665,3629.0,2015-06-02T00:00:00Z,SVPB
300234062326760,2015-03-06T06:00:00Z,-41.88157,-46.30009,0.0755,0.3157,0.0,2015-06-02T00:00:00Z,SVPB
300234062326760,2015-03-06T07:00:00Z,-41.87076,-46.29768,0.0249,0.3629,3629.0,2015-06-02T00:00:00Z,SVPB
300234062326760,2015-03-06T08:00:00Z,-41.85898,-46.29686,0.0114,0.3661,3629.0,2015-06-02T00:00:00Z,SVPB
300234062326760,2015-03-06T09:00:00Z,-41.84691,-46.29704,-0.0156,0.377,0.0,2015-06-02T00:00:00Z,SVPB
300234062326760,2015-03-06T10:00:00Z,-41.83453,-46.29848,-0.0531,0.3906,3629.0,2015-06-02T00:00:00Z,SVPB
300234062326760,2015-03-06T11:00:00Z,-41.82187,-46.301,-0.065,0.3905,3629.0,2015-06-02T00:00:00Z,SVPB
300234062326760,2015-03-06T12:00:00Z,-41.80961,-46.30426,-0.0822,0.371,0.0,2015-06-02T00:00:00Z,SVPB
300234062326760,2015-03-06T13:00:00Z,-41.79787,-46.30859,-0.1176,0.3506,3629.0,2015-06-02T00:00:00Z,SVPB
300234062326760,2015-03-06T14:00:00Z,-41.78706,-46.31418,-0.1412,0.3224,3629.0,2015-06-02T00:00:00Z,SVPB
300234062326760,2015-03-06T15:00:00Z,-41.77758,-46.32063,-0.1557,0.2631,0.0,2015-06-02T00:00:00Z,SVPB
300234062326760,2015-03-06T16:00:00Z,-41.76947,-46.32771,-0.1709,0.2328,3629.0,2015-06-02T00:00:00Z,SVPB
300234062326760,2015-03-06T17:00:00Z,-41.76269,-46.33479,-0.16,0.194,3629.0,2015-06-02T00:00:00Z,SVPB
300234062326760,2015-03-06T18:00:00Z,-41.75737,-46.34006,-0.0902,0.1344,0.0,2015-06-02T00:00:00Z,SVPB
300234062326760,2015-03-06T19:00:00Z,-41.75295,-46.34287,-0.0281,0.1336,3629.0,2015-06-02T00:00:00Z,SVPB
300234062326760,2015-03-06T20:00:00Z,-41.74778,-46.34281,0.0235,0.1799,3629.0,2015-06-02T00:00:00Z,SVPB
300234062326760,2015-03-06T21:00:00Z,-41.74155,-46.34049,0.0898,0.2116,0.0,2015-06-02T00:00:00Z,SVPB
300234062326760,2015-03-06T22:00:00Z,-41.73419,-46.33676,0.09,0.2386,3629.0,2015-06-02T00:00:00Z,SVPB
300234062326760,2015-03-06T23:00:00Z,-41.72567,-46.33375,0.0458,0.2892,3629.0,2015-06-02T00:00:00Z,SVPB
300234062326760,2015-03-07T00:00:00Z,-41.71583,-46.332,0.0321,0.3219,0.0,2015-06-02T00:00:00Z,SVPB
300234062326760,2015-03-07T01:00:00Z,-41.70527,-46.331,0.0164,0.3317,3629.0,2015-06-02T00:00:00Z,SVPB
300234062326760,2015-03-07T02:00:00Z,-41.69448,-46.33112,-0.021,0.3348,3629.0,2015-06-02T00:00:00Z,SVPB
300234062326760,2015-03-07T03:00:00Z,-41.68383,-46.33298,-0.0643,0.3248,0.0,2015-06-02T00:00:00Z,SVPB
300234062326760,2015-03-07T04:00:00Z,-41.6737,-46.33654,-0.1015,0.301,3629.0,2015-06-02T00:00:00Z,SVPB
300234062326760,2015-03-07T05:00:00Z,-41.6646,-46.34138,-0.1228,0.2635,3629.0,2015-06-02T00:00:00Z,SVPB
300234062326760,2015-03-07T06:00:00Z,-41.65685,-46.34719,-0.144,0.215,0.0,2015-06-02T00:00:00Z,SVPB
300234062326760,2015-03-07T07:00:00Z,-41.65009,-46.35272,-0.1204,0.1986,3629.0,2015-06-02T00:00:00Z,SVPB
300234062326760,2015-03-07T08:00:00Z,-41.64365,-46.35766,-0.0981,0.2014,3629.0,2015-06-02T00:00:00Z,SVPB
300234062326760,2015-03-07T09:00:00Z,-41.63715,-46.36199,-0.1056,0.1991,0.0,2015-06-02T00:00:00Z,SVPB
300234062326760,2015-03-07T10:00:00Z,-41.63066,-46.36504,-0.0474,0.2016,3629.0,2015-06-02T00:00:00Z,SVPB
300234062326760,2015-03-07T11:00:00Z,-41.62385,-46.36553,0.0334,0.2178,3629.0,2015-06-02T00:00:00Z,SVPB
300234062326760,2015-03-07T12:00:00Z,-41.61598,-46.36394,0.0462,0.2658,0.0,2015-06-02T00:00:00Z,SVPB
300234062326760,2015-03-07T13:00:00Z,-41.60674,-46.36342,-0.0145,0.3068,3629.0,2015-06-02T00:00:00Z,SVPB
300234062326760,2015-03-07T14:00:00Z,-41.59696,-46.36498,-0.0676,0.3002,3629.0,2015-06-02T00:00:00Z,SVPB
300234062326760,2015-03-07T15:00:00Z,-41.58763,-46.36847,-0.0916,0.2759,0.0,2015-06-02T00:00:00Z,SVPB
300234062326760,2015-03-07T16:00:00Z,-41.57904,-46.37303,-0.1202,0.2543,3629.0,2015-06-02T00:00:00Z,SVPB
300234062326760,2015-03-07T17:00:00Z,-41.57111,-46.37846,-0.1323,0.2355,3629.0,2015-06-02T00:00:00Z,SVPB
300234062326760,2015-03-07T18:00:00Z,-41.56394,-46.38386,-0.1196,0.2088,0.0,2015-06-02T00:00:00Z,SVPB
300234062326760,2015-03-07T19:00:00Z,-41.55794,-46.3882,-0.0833,0.1644,3629.0,2015-06-02T00:00:00Z,SVPB
300234062326760,2015-03-07T20:00:00Z,-41.55305,-46.39167,-0.072,0.1334,3629.0,2015-06-02T00:00:00Z,SVPB
300234062326760,2015-03-07T21:00:00Z,-41.5484,-46.39487,-0.078,0.1502,0.0,2015-06-02T00:00:00Z,SVPB
300234062326760,2015-03-07T22:00:00Z,-41.54332,-46.39791,-0.063,0.1674,3629.0,2015-06-02T00:00:00Z,SVPB
300234062326760,2015-03-07T23:00:00Z,-41.53745,-46.39961,-0.021,0.1894,3629.0,2015-06-02T00:00:00Z,SVPB
300234062326760,2015-03-08T00:00:00Z,-41.53062,-46.40027,-0.0024,0.2359,0.0,2015-06-02T00:00:00Z,SVPB
300234062326760,2015-03-08T01:00:00Z,-41.52284,-46.40169,-0.0554,0.2479,3629.0,2015-06-02T00:00:00Z,SVPB
300234062326760,2015-03-08T02:00:00Z,-41.51527,-46.40491,-0.1021,0.2194,3629.0,2015-06-02T00:00:00Z,SVPB
300234062326760,2015-03-08T03:00:00Z,-41.50851,-46.40917,-0.0966,0.1961,0.0,2015-06-02T00:00:00Z,SVPB
300234062326760,2015-03-08T04:00:00Z,-41.50232,-46.41336,-0.0951,0.1862,3629.0,2015-06-02T00:00:00Z,SVPB
300234062326760,2015-03-08T05:00:00Z,-41.49711,-46.41773,-0.1067,0.1433,3629.0,2015-06-02T00:00:00Z,SVPB
300234062326760,2015-03-08T06:00:00Z,-41.49377,-46.42278,-0.1253,0.0635,0.0,2015-06-02T00:00:00Z,SVPB
300234062326760,2015-03-08T07:00:00Z,-41.49247,-46.42689,-0.0811,0.0158,3629.0,2015-06-02T00:00:00Z,SVPB
300234062326760,2015-03-08T08:00:00Z,-41.49139,-46.42908,-0.0038,0.0493,3629.0,2015-06-02T00:00:00Z,SVPB
300234062326760,2015-03-08T09:00:00Z,-41.48906,-46.42873,0.0209,0.0984,0.0,2015-06-02T00:00:00Z,SVPB
300234062326760,2015-03-08T10:00:00Z,-41.48537,-46.42773,0.0279,0.13,3629.0,2015-06-02T00:00:00Z,SVPB
300234062326760,2015-03-08T11:00:00Z,-41.48129,-46.4269,0.0117,0.1269,3629.0,2015-06-02T00:00:00Z,SVPB
300234062326760,2015-03-08T12:00:00Z,-41.47751,-46.42632,0.0116,0.1041,0.0,2015-06-02T00:00:00Z,SVPB
300234062326760,2015-03-08T13:00:00Z,-41.47432,-46.42577,0.0164,0.0932,3629.0,2015-06-02T00:00:00Z,SVPB
300234062326760,2015-03-08T14:00:00Z,-41.47073,-46.42466,0.0301,0.121,3629.0,2015-06-02T00:00:00Z,SVPB
300234062326760,2015-03-08T15:00:00Z,-41.46651,-46.42339,0.034,0.147,0.0,2015-06-02T00:00:00Z,SVPB
300234062326760,2015-03-08T16:00:00Z,-41.46203,-46.42187,0.0324,0.1305,3629.0,2015-06-02T00:00:00Z,SVPB
300234062326760,2015-03-08T17:00:00Z,-41.45736,-46.42044,0.0372,0.1512,3629.0,2015-06-02T00:00:00Z,SVPB
300234062326760,2015-03-08T18:00:00Z,-41.45253,-46.41977,-0.0028,0.156,0.0,2015-06-02T00:00:00Z,SVPB
300234062326760,2015-03-08T19:00:00Z,-41.4482,-46.42013,-0.0205,0.1084,3629.0,2015-06-02T00:00:00Z,SVPB
300234062326760,2015-03-08T20:00:00Z,-41.44529,-46.42051,0.0027,0.0711,3629.0,2015-06-02T00:00:00Z,SVPB
300234062326760,2015-03-08T21:00:00Z,-41.44331,-46.41981,0.0299,0.049,0.0,2015-06-02T00:00:00Z,SVPB
300234062326760,2015-03-08T22:00:00Z,-41.44169,-46.41838,0.0393,0.0497,3629.0,2015-06-02T00:00:00Z,SVPB
300234062326760,2015-03-08T23:00:00Z,-41.44,-46.41686,0.0306,0.0556,3629.0,2015-06-02T00:00:00Z,SVPB
300234062326760,2015-03-09T00:00:00Z,-41.43866,-46.41542,0.0347,0.0308,0.0,2015-06-02T00:00:00Z,SVPB
300234062326760,2015-03-09T01:00:00Z,-41.43835,-46.41367,0.0464,-0.0121,3629.0,2015-06-02T00:00:00Z,SVPB
300234062326760,2015-03-09T02:00:00Z,-41.43899,-46.41102,0.0738,-0.0307,3629.0,2015-06-02T00:00:00Z,SVPB
300234062326760,2015-03-09T03:00:00Z,-41.43928,-46.4068,0.1195,0.0061,0.0,2015-06-02T00:00:00Z,SVPB
300234062326760,2015-03-09T04:00:00Z,-41.43826,-46.40086,0.1584,0.0622,3629.0,2015-06-02T00:00:00Z,SVPB
300234062326760,2015-03-09T05:00:00Z,-41.43605,-46.39402,0.1624,0.0777,3629.0,2015-06-02T00:00:00Z,SVPB
300234062326760,2015-03-09T06:00:00Z,-41.43309,-46.38732,0.147,0.1008,0.0,2015-06-02T00:00:00Z,SVPB
300234062326760,2015-03-09T07:00:00Z,-41.42998,-46.38125,0.1349,0.0993,3629.0,2015-06-02T00:00:00Z,SVPB
300234062326760,2015-03-09T08:00:00Z,-41.42778,-46.37566,0.1235,0.0367,3629.0,2015-06-02T00:00:00Z,SVPB
300234062326760,2015-03-09T09:00:00Z,-41.42717,-46.36995,0.1383,-0.0031,0.0,2015-06-02T00:00:00Z,SVPB
300234062326760,2015-03-09T10:00:00Z,-41.42699,-46.36395,0.1439,0.0093,3629.0,2015-06-02T00:00:00Z,SVPB
300234062326760,2015-03-09T11:00:00Z,-41.42657,-46.35816,0.1229,0.0218,3629.0,2015-06-02T00:00:00Z,SVPB
300234062326760,2015-03-09T12:00:00Z,-41.42565,-46.35358,0.0919,0.0306,0.0,2015-06-02T00:00:00Z,SVPB
300234062326760,2015-03-09T13:00:00Z,-41.42463,-46.35013,0.0651,0.037,3629.0,2015-06-02T00:00:00Z,SVPB
300234062326760,2015-03-09T14:00:00Z,-41.42383,-46.34746,0.0581,0.0123,3629.0,2015-06-02T00:00:00Z,SVPB
300234062326760,2015-03-09T15:00:00Z,-41.42413,-46.3453,0.0438,-0.0276,0.0,2015-06-02T00:00:00Z,SVPB
300234062326760,2015-03-09T16:00:00Z,-41.42551,-46.34355,0.0348,-0.0617,3629.0,2015-06-02T00:00:00Z,SVPB
300234062326760,2015-03-09T17:00:00Z,-41.42797,-46.3411,0.0721,-0.087,3629.0,2015-06-02T00:00:00Z,SVPB
300234062326760,2015-03-09T18:00:00Z,-41.43117,-46.33768,0.0941,-0.1136,0.0,2015-06-02T00:00:00Z,SVPB
300234062326760,2015-03-09T19:00:00Z,-41.43471,-46.33363,0.0909,-0.1085,3629.0,2015-06-02T00:00:00Z,SVPB
300234062326760,2015-03-09T20:00:00Z,-41.43812,-46.32959,0.0977,-0.0993,3629.0,2015-06-02T00:00:00Z,SVPB
300234062326760,2015-03-09T21:00:00Z,-41.44157,-46.32495,0.1144,-0.1133,0.0,2015-06-02T00:00:00Z,SVPB
300234062326760,2015-03-09T22:00:00Z,-41.44575,-46.31921,0.1508,-0.1424,3629.0,2015-06-02T00:00:00Z,SVPB
300234062326760,2015-03-09T23:00:00Z,-41.45037,-46.31182,0.1908,-0.1487,3629.0,2015-06-02T00:00:00Z,SVPB
300234062326760,2015-03-10T00:00:00Z,-41.45436,-46.30291,0.2229,-0.1012,0.0,2015-06-02T00:00:00Z,SVPB
300234062326760,2015-03-10T01:00:00Z,-41.45673,-46.29335,0.2228,-0.0434,3629.0,2015-06-02T00:00:00Z,SVPB
300234062326760,2015-03-10T02:00:00Z,-41.45803,-46.2841,0.2045,-0.0313,3629.0,2015-06-02T00:00:00Z,SVPB
300234062326760,2015-03-10T03:00:00Z,-41.4596,-46.27563,0.1882,-0.0643,0.0,2015-06-02T00:00:00Z,SVPB
300234062326760,2015-03-10T04:00:00Z,-41.46166,-46.2675,0.1857,-0.0683,3629.0,2015-06-02T00:00:00Z,SVPB
300234062326760,2015-03-10T05:00:00Z,-41.46313,-46.25993,0.1695,-0.0246,3629.0,2015-06-02T00:00:00Z,SVPB
300234062326760,2015-03-10T06:00:00Z,-41.46376,-46.25327,0.1357,-0.0091,0.0,2015-06-02T00:00:00Z,SVPB
300234062326760,2015-03-10T07:00:00Z,-41.46492,-46.2476,0.1256,-0.0556,3629.0,2015-06-02T00:00:00Z,SVPB
300234062326760,2015-03-10T08:00:00Z,-41.46709,-46.24191,0.1369,-0.0867,3629.0,2015-06-02T00:00:00Z,SVPB
300234062326760,2015-03-10T09:00:00Z,-41.46997,-46.23644,0.1216,-0.0888,0.0,2015-06-02T00:00:00Z,SVPB
300234062326760,2015-03-10T10:00:00Z,-41.47294,-46.23127,0.1118,-0.0961,3629.0,2015-06-02T00:00:00Z,SVPB
300234062326760,2015-03-10T11:00:00Z,-41.47589,-46.22683,0.1,-0.087,3629.0,2015-06-02T00:00:00Z,SVPB
300234062326760,2015-03-10T12:00:00Z,-41.47906,-46.22283,0.0803,-0.1043,0.0,2015-06-02T00:00:00Z,SVPB
300234062326760,2015-03-10T13:00:00Z,-41.48297,-46.21874,0.1066,-0.1393,3629.0,2015-06-02T00:00:00Z,SVPB
300234062326760,2015-03-10T14:00:00Z,-41.48783,-46.21333,0.1445,-0.1613,3629.0,2015-06-02T00:00:00Z,SVPB
300234062326760,2015-03-10T15:00:00Z,-41.49303,-46.20646,0.1743,-0.1625,0.0,2015-06-02T00:00:00Z,SVPB
300234062326760,2015-03-10T16:00:00Z,-41.49784,-46.19807,0.211,-0.1366,3629.0,2015-06-02T00:00:00Z,SVPB
300234062326760,2015-03-10T17:00:00Z,-41.50223,-46.18848,0.2369,-0.1301,3629.0,2015-06-02T00:00:00Z,SVPB
300234062326760,2015-03-10T18:00:00Z,-41.5062,-46.17872,0.2183,-0.12,0.0,2015-06-02T00:00:00Z,SVPB
300234062326760,2015-03-10T19:00:00Z,-41.51021,-46.16897,0.2254,-0.1213,3629.0,2015-06-02T00:00:00Z,SVPB
300234062326760,2015-03-10T20:00:00Z,-41.51435,-46.15874,0.2533,-0.1393,3629.0,2015-06-02T00:00:00Z,SVPB
300234062326760,2015-03-10T21:00:00Z,-41.51863,-46.14786,0.2504,-0.1256,0.0,2015-06-02T00:00:00Z,SVPB
300234062326760,2015-03-10T22:00:00Z,-41.52254,-46.13678,0.2598,-0.1148,3629.0,2015-06-02T00:00:00Z,SVPB
300234062326760,2015-03-10T23:00:00Z,-41.52579,-46.12504,0.2831,-0.0898,3629.0,2015-06-02T00:00:00Z,SVPB
300234062326760,2015-03-11T00:00:00Z,-41.5284,-46.1126,0.2937,-0.0675,0.0,2015-06-02T00:00:00Z,SVPB
300234062326760,2015-03-11T01:00:00Z,-41.52995,-46.1004,0.2748,-0.0353,3629.0,2015-06-02T00:00:00Z,SVPB
300234062326760,2015-03-11T02:00:00Z,-41.53002,-46.08962,0.2249,0.031,3629.0,2015-06-02T00:00:00Z,SVPB
300234062326760,2015-03-11T03:00:00Z,-41.52888,-46.08135,0.1586,0.0461,0.0,2015-06-02T00:00:00Z,SVPB
300234062326760,2015-03-11T04:00:00Z,-41.52837,-46.07579,0.0978,-0.0091,3629.0,2015-06-02T00:00:00Z,SVPB
300234062326760,2015-03-11T05:00:00Z,-41.52978,-46.07135,0.1008,-0.0816,3629.0,2015-06-02T00:00:00Z,SVPB
300234062326760,2015-03-11T06:00:00Z,-41.53252,-46.0667,0.1193,-0.0946,0.0,2015-06-02T00:00:00Z,SVPB
300234062326760,2015-03-11T07:00:00Z,-41.53551,-46.06182,0.1069,-0.0867,3629.0,2015-06-02T00:00:00Z,SVPB
300234062326760,2015-03-11T08:00:00Z,-41.53907,-46.05679,0.1206,-0.1272,3629.0,2015-06-02T00:00:00Z,SVPB
300234062326760,2015-03-11T09:00:00Z,-41.5436,-46.05083,0.1584,-0.1594,0.0,2015-06-02T00:00:00Z,SVPB
300234062326760,2015-03-11T10:00:00Z,-41.54874,-46.04285,0.206,-0.1582,3629.0,2015-06-02T00:00:00Z,SVPB
300234062326760,2015-03-11T11:00:00Z,-41.55322,-46.03316,0.246,-0.1236,3629.0,2015-06-02T00:00:00Z,SVPB
300234062326760,2015-03-11T12:00:00Z,-41.55628,-46.02286,0.2336,-0.064,0.0,2015-06-02T00:00:00Z,SVPB
300234062326760,2015-03-11T13:00:00Z,-41.55828,-46.01279,0.2274,-0.0529,3629.0,2015-06-02T00:00:00Z,SVPB
300234062326760,2015-03-11T14:00:00Z,-41.55985,-46.00332,0.2158,-0.0498,3629.0,2015-06-02T00:00:00Z,SVPB
300234062326760,2015-03-11T15:00:00Z,-41.56154,-45.99491,0.1719,-0.0493,0.0,2015-06-02T00:00:00Z,SVPB
300234062326760,2015-03-11T16:00:00Z,-41.56323,-45.98803,0.1439,-0.0588,3629.0,2015-06-02T00:00:00Z,SVPB
300234062326760,2015-03-11T17:00:00Z,-41.56535,-45.9821,0.1301,-0.0682,3629.0,2015-06-02T00:00:00Z,SVPB
300234062326760,2015-03-11T18:00:00Z,-41.56769,-45.97608,0.1445,-0.0797,0.0,2015-06-02T00:00:00Z,SVPB
300234062326760,2015-03-11T19:00:00Z,-41.56991,-45.96928,0.1715,-0.0591,3629.0,2015-06-02T00:00:00Z,SVPB
300234062326760,2015-03-11T20:00:00Z,-41.57189,-45.9619,0.1717,-0.0588,3629.0,2015-06-02T00:00:00Z,SVPB
300234062326760,2015-03-11T21:00:00Z,-41.57366,-45.95437,0.1741,-0.0553,0.0,2015-06-02T00:00:00Z,SVPB
300234062326760,2015-03-11T22:00:00Z,-41.57497,-45.94729,0.158,-0.0252,3629.0,2015-06-02T00:00:00Z,SVPB
300234062326760,2015-03-11T23:00:00Z,-41.57549,-45.94187,0.0951,-0.0065,3629.0,2015-06-02T00:00:00Z,SVPB
300234062326760,2015-03-12T00:00:00Z,-41.57618,-45.93789,0.0807,-0.031,0.0,2015-06-02T00:00:00Z,SVPB
300234062326760,2015-03-12T01:00:00Z,-41.57783,-45.93348,0.1234,-0.0744,3629.0,2015-06-02T00:00:00Z,SVPB
300234062326760,2015-03-12T02:00:00Z,-41.58046,-45.92756,0.1531,-0.09,3629.0,2015-06-02T00:00:00Z,SVPB
300234062326760,2015-03-12T03:00:00Z,-41.58334,-45.92052,0.1717,-0.0889,0.0,2015-06-02T00:00:00Z,SVPB
300234062326760,2015-03-12T04:00:00Z,-41.58631,-45.9123,0.2059,-0.0929,3629.0,2015-06-02T00:00:00Z,SVPB
300234062326760,2015-03-12T05:00:00Z,-41.58894,-45.90277,0.2366,-0.0744,3629.0,2015-06-02T00:00:00Z,SVPB
300234062326760,2015-03-12T06:00:00Z,-41.59029,-45.8927,0.2315,-0.012,0.0,2015-06-02T00:00:00Z,SVPB
300234062326760,2015-03-12T07:00:00Z,-41.59025,-45.88332,0.2016,0.0214,3629.0,2015-06-02T00:00:00Z,SVPB
300234062326760,2015-03-12T08:00:00Z,-41.58955,-45.87561,0.1566,0.0214,3629.0,2015-06-02T00:00:00Z,SVPB
300234062326760,2015-03-12T09:00:00Z,-41.58917,-45.87076,0.078,0.0061,0.0,2015-06-02T00:00:00Z,SVPB
300234062326760,2015-03-12T10:00:00Z,-41.58958,-45.86782,0.0449,-0.0349,3629.0,2015-06-02T00:00:00Z,SVPB
300234062326760,2015-03-12T11:00:00Z,-41.591,-45.86485,0.0901,-0.0556,3629.0,2015-06-02T00:00:00Z,SVPB
300234062326760,2015-03-12T12:00:00Z,-41.59216,-45.86058,0.1122,-0.0212,0.0,2015-06-02T00:00:00Z,SVPB
300234062326760,2015-03-12T13:00:00Z,-41.59268,-45.85616,0.0926,-0.0035,3629.0,2015-06-02T00:00:00Z,SVPB
300234062326760,2015-03-12T14:00:00Z,-41.59312,-45.85281,0.0627,-0.025,3629.0,2015-06-02T00:00:00Z,SVPB
300234062326760,2015-03-12T15:00:00Z,-41.59423,-45.85,0.0623,-0.043,0.0,2015-06-02T00:00:00Z,SVPB
300234062326760,2015-03-12T16:00:00Z,-41.59568,-45.84693,0.0813,-0.0495,3629.0,2015-06-02T00:00:00Z,SVPB
300234062326760,2015-03-12T17:00:00Z,-41.59715,-45.8431,0.0946,-0.0407,3629.0,2015-06-02T00:00:00Z,SVPB
300234062326760,2015-03-12T18:00:00Z,-41.59911,-45.83891,0.1007,-0.0734,0.0,2015-06-02T00:00:00Z,SVPB
300234062326760,2015-03-12T19:00:00Z,-41.60189,-45.83416,0.1161,-0.1052,3629.0,2015-06-02T00:00:00Z,SVPB
300234062326760,2015-03-12T20:00:00Z,-41.60473,-45.82833,0.1529,-0.0741,3629.0,2015-06-02T00:00:00Z,SVPB
300234062326760,2015-03-12T21:00:00Z,-41.60646,-45.82163,0.1604,-0.0304,0.0,2015-06-02T00:00:00Z,SVPB
300234062326760,2015-03-12T22:00:00Z,-41.60698,-45.81487,0.1508,-6.0E-4,3629.0,2015-06-02T00:00:00Z,SVPB
300234062326760,2015-03-12T23:00:00Z,-41.60637,-45.80939,0.1107,0.0343,3629.0,2015-06-02T00:00:00Z,SVPB
300234062326760,2015-03-13T00:00:00Z,-41.605,-45.80526,0.0713,0.0552,0.0,2015-06-02T00:00:00Z,SVPB
300234062326760,2015-03-13T01:00:00Z,-41.60326,-45.80271,0.0494,0.0528,3629.0,2015-06-02T00:00:00Z,SVPB
300234062326760,2015-03-13T02:00:00Z,-41.60154,-45.80193,-0.0089,0.0524,3629.0,2015-06-02T00:00:00Z,SVPB
300234062326760,2015-03-13T03:00:00Z,-41.60044,-45.80248,-0.025,0.0211,0.0,2015-06-02T00:00:00Z,SVPB
300234062326760,2015-03-13T04:00:00Z,-41.60066,-45.80291,0.0071,-0.0374,3629.0,2015-06-02T00:00:00Z,SVPB
300234062326760,2015-03-13T05:00:00Z,-41.60215,-45.80228,0.0231,-0.0589,3629.0,2015-06-02T00:00:00Z,SVPB
300234062326760,2015-03-13T06:00:00Z,-41.60417,-45.80097,0.0367,-0.0643,0.0,2015-06-02T00:00:00Z,SVPB
300234062326760,2015-03-13T07:00:00Z,-41.60657,-45.79891,0.0578,-0.0836,3629.0,2015-06-02T00:00:00Z,SVPB
300234062326760,2015-03-13T08:00:00Z,-41.609,-45.79619,0.0696,-0.0716,3629.0,2015-06-02T00:00:00Z,SVPB
300234062326760,2015-03-13T09:00:00Z,-41.61029,-45.79255,0.0938,-0.0127,0.0,2015-06-02T00:00:00Z,SVPB
300234062326760,2015-03-13T10:00:00Z,-41.61048,-45.78881,0.0874,0.0086,3629.0,2015-06-02T00:00:00Z,SVPB
300234062326760,2015-03-13T11:00:00Z,-41.61046,-45.78582,0.046,-0.0094,3629.0,2015-06-02T00:00:00Z,SVPB
300234062326760,2015-03-13T12:00:00Z,-41.61069,-45.78411,0.0318,-0.0061,0.0,2015-06-02T00:00:00Z,SVPB
300234062326760,2015-03-13T13:00:00Z,-41.61063,-45.78263,0.0346,0.0092,3629.0,2015-06-02T00:00:00Z,SVPB
300234062326760,2015-03-13T14:00:00Z,-41.61037,-45.78059,0.0582,0.0092,3629.0,2015-06-02T00:00:00Z,SVPB
300234062326760,2015-03-13T15:00:00Z,-41.61036,-45.77742,0.0887,-0.0088,0.0,2015-06-02T00:00:00Z,SVPB
300234062326760,2015-03-13T16:00:00Z,-41.60998,-45.77407,0.0744,0.0214,3629.0,2015-06-02T00:00:00Z,SVPB
300234062326760,2015-03-13T17:00:00Z,-41.60869,-45.77189,0.0197,0.0684,3629.0,2015-06-02T00:00:00Z,SVPB
300234062326760,2015-03-13T18:00:00Z,-41.60668,-45.77128,0.0046,0.0581,0.0,2015-06-02T00:00:00Z,SVPB
300234062326760,2015-03-13T19:00:00Z,-41.60489,-45.77122,1.0E-4,0.0496,3629.0,2015-06-02T00:00:00Z,SVPB
300234062326760,2015-03-13T20:00:00Z,-41.6038,-45.77139,-0.0092,0.0245,3629.0,2015-06-02T00:00:00Z,SVPB
300234062326760,2015-03-13T21:00:00Z,-41.60351,-45.7718,-0.0094,-0.0124,0.0,2015-06-02T00:00:00Z,SVPB
300234062326760,2015-03-13T22:00:00Z,-41.60389,-45.77243,-0.0186,-0.0124,3629.0,2015-06-02T00:00:00Z,SVPB
300234062326760,2015-03-13T23:00:00Z,-41.60461,-45.77294,-0.009,-0.0279,3629.0,2015-06-02T00:00:00Z,SVPB
300234062326760,2015-03-14T00:00:00Z,-41.60563,-45.77273,0.0206,-0.0399,0.0,2015-06-02T00:00:00Z,SVPB
300234062326760,2015-03-14T01:00:00Z,-41.60692,-45.77089,0.0603,-0.0372,3629.0,2015-06-02T00:00:00Z,SVPB
300234062326760,2015-03-14T02:00:00Z,-41.60814,-45.76756,0.0978,-0.0402,3629.0,2015-06-02T00:00:00Z,SVPB
300234062326760,2015-03-14T03:00:00Z,-41.60917,-45.76297,0.1143,-0.0245,0.0,2015-06-02T00:00:00Z,SVPB
300234062326760,2015-03-14T04:00:00Z,-41.60986,-45.75752,0.1363,-0.0156,3629.0,2015-06-02T00:00:00Z,SVPB
300234062326760,2015-03-14T05:00:00Z,-41.61017,-45.75088,0.1691,-0.0061,3629.0,2015-06-02T00:00:00Z,SVPB
300234062326760,2015-03-14T06:00:00Z,-41.60973,-45.74373,0.167,0.0308,0.0,2015-06-02T00:00:00Z,SVPB
300234062326760,2015-03-14T07:00:00Z,-41.60823,-45.73709,0.1372,0.0648,3629.0,2015-06-02T00:00:00Z,SVPB
300234062326760,2015-03-14T08:00:00Z,-41.60551,-45.73219,0.0949,0.0993,3629.0,2015-06-02T00:00:00Z,SVPB
300234062326760,2015-03-14T09:00:00Z,-41.60206,-45.72899,0.0475,0.1194,0.0,2015-06-02T00:00:00Z,SVPB
300234062326760,2015-03-14T10:00:00Z,-41.59815,-45.72721,0.0327,0.1209,3629.0,2015-06-02T00:00:00Z,SVPB
300234062326760,2015-03-14T11:00:00Z,-41.59443,-45.72563,0.0394,0.1115,3629.0,2015-06-02T00:00:00Z,SVPB
300234062326760,2015-03-14T12:00:00Z,-41.59111,-45.72364,0.0527,0.092,0.0,2015-06-02T00:00:00Z,SVPB
300234062326760,2015-03-14T13:00:00Z,-41.58826,-45.72196,0.0309,0.0838,3629.0,2015-06-02T00:00:00Z,SVPB
300234062326760,2015-03-14T14:00:00Z,-41.58538,-45.72057,0.0251,0.0925,3629.0,2015-06-02T00:00:00Z,SVPB
300234062326760,2015-03-14T15:00:00Z,-41.58309,-45.71888,0.0549,0.0588,0.0,2015-06-02T00:00:00Z,SVPB
300234062326760,2015-03-14T16:00:00Z,-41.58244,-45.7168,0.0436,-0.0219,3629.0,2015-06-02T00:00:00Z,SVPB
300234062326760,2015-03-14T17:00:00Z,-41.58343,-45.71444,0.0589,-0.0462,3629.0,2015-06-02T00:00:00Z,SVPB
300234062326760,2015-03-14T18:00:00Z,-41.58474,-45.7114,0.0871,-0.0337,0.0,2015-06-02T00:00:00Z,SVPB
300234062326760,2015-03-14T19:00:00Z,-41.58591,-45.70739,0.0967,-0.0369,3629.0,2015-06-02T00:00:00Z,SVPB
300234062326760,2015-03-14T20:00:00Z,-41.58622,-45.70283,0.1132,0.0055,3629.0,2015-06-02T00:00:00Z,SVPB
300234062326760,2015-03-14T21:00:00Z,-41.58494,-45.69866,0.0836,0.0807,0.0,2015-06-02T00:00:00Z,SVPB
300234062326760,2015-03-14T22:00:00Z,-41.58234,-45.69572,0.0469,0.0864,3629.0,2015-06-02T00:00:00Z,SVPB
300234062326760,2015-03-14T23:00:00Z,-41.57957,-45.69425,0.0232,0.0803,3629.0,2015-06-02T00:00:00Z,SVPB
300234062326760,2015-03-15T00:00:00Z,-41.57668,-45.6948,-0.0412,0.0981,0.0,2015-06-02T00:00:00Z,SVPB
300234062326760,2015-03-15T01:00:00Z,-41.57329,-45.69796,-0.1114,0.1118,3629.0,2015-06-02T00:00:00Z,SVPB
300234062326760,2015-03-15T02:00:00Z,-41.57,-45.70314,-0.1323,0.0957,3629.0,2015-06-02T00:00:00Z,SVPB
300234062326760,2015-03-15T03:00:00Z,-41.56743,-45.70874,-0.1263,0.0612,0.0,2015-06-02T00:00:00Z,SVPB
300234062326760,2015-03-15T04:00:00Z,-41.5656,-45.7138,-0.1094,0.0497,3629.0,2015-06-02T00:00:00Z,SVPB
300234062326760,2015-03-15T05:00:00Z,-41.56464,-45.71826,-0.0949,0.0162,3629.0,2015-06-02T00:00:00Z,SVPB
300234062326760,2015-03-15T06:00:00Z,-41.56478,-45.72134,-0.0546,-0.0277,0.0,2015-06-02T00:00:00Z,SVPB
300234062326760,2015-03-15T07:00:00Z,-41.5662,-45.72265,-0.0,-0.0593,3629.0,2015-06-02T00:00:00Z,SVPB
300234062326760,2015-03-15T08:00:00Z,-41.56863,-45.72211,0.0257,-0.0929,3629.0,2015-06-02T00:00:00Z,SVPB
300234062326760,2015-03-15T09:00:00Z,-41.57146,-45.72018,0.0615,-0.0862,0.0,2015-06-02T00:00:00Z,SVPB
300234062326760,2015-03-15T10:00:00Z,-41.57347,-45.71642,0.1109,-0.0406,3629.0,2015-06-02T00:00:00Z,SVPB
300234062326760,2015-03-15T11:00:00Z,-41.57399,-45.7116,0.1181,0.01,3629.0,2015-06-02T00:00:00Z,SVPB
300234062326760,2015-03-15T12:00:00Z,-41.57318,-45.70685,0.0987,0.0429,0.0,2015-06-02T00:00:00Z,SVPB
300234062326760,2015-03-15T13:00:00Z,-41.57108,-45.70283,0.0883,0.083,3629.0,2015-06-02T00:00:00Z,SVPB
300234062326760,2015-03-15T14:00:00Z,-41.56829,-45.69984,0.053,0.0958,3629.0,2015-06-02T00:00:00Z,SVPB
300234062326760,2015-03-15T15:00:00Z,-41.56573,-45.698,0.0273,0.0616,0.0,2015-06-02T00:00:00Z,SVPB
300234062326760,2015-03-15T16:00:00Z,-41.56334,-45.69632,0.0463,0.0776,3629.0,2015-06-02T00:00:00Z,SVPB
300234062326760,2015-03-15T17:00:00Z,-41.56045,-45.69406,0.0624,0.1083,3629.0,2015-06-02T00:00:00Z,SVPB
300234062326760,2015-03-15T18:00:00Z,-41.55734,-45.69186,0.0414,0.0859,0.0,2015-06-02T00:00:00Z,SVPB
300234062326760,2015-03-15T19:00:00Z,-41.55521,-45.69029,0.0281,0.0467,3629.0,2015-06-02T00:00:00Z,SVPB
300234062326760,2015-03-15T20:00:00Z,-41.55411,-45.68848,0.0532,0.0188,3629.0,2015-06-02T00:00:00Z,SVPB
300234062326760,2015-03-15T21:00:00Z,-41.55303,-45.68619,0.0579,0.042,0.0,2015-06-02T00:00:00Z,SVPB
300234062326760,2015-03-15T22:00:00Z,-41.55047,-45.6846,0.0184,0.1117,3629.0,2015-06-02T00:00:00Z,SVPB
300234062326760,2015-03-15T23:00:00Z,-41.54617,-45.68459,-0.0215,0.1615,3629.0,2015-06-02T00:00:00Z,SVPB
300234062326760,2015-03-16T00:00:00Z,-41.5412,-45.68585,-0.0388,0.1503,0.0,2015-06-02T00:00:00Z,SVPB
300234062326760,2015-03-16T01:00:00Z,-41.53706,-45.6877,-0.0462,0.1061,3629.0,2015-06-02T00:00:00Z,SVPB
300234062326760,2015-03-16T02:00:00Z,-41.53406,-45.69081,-0.0908,0.0773,3629.0,2015-06-02T00:00:00Z,SVPB
300234062326760,2015-03-16T03:00:00Z,-41.53199,-45.69607,-0.1561,0.0521,0.0,2015-06-02T00:00:00Z,SVPB
300234062326760,2015-03-16T04:00:00Z,-41.53125,-45.70353,-0.1905,-0.0029,3629.0,2015-06-02T00:00:00Z,SVPB
300234062326760,2015-03-16T05:00:00Z,-41.53373,-45.70998,-0.1367,-0.1114,3629.0,2015-06-02T00:00:00Z,SVPB
300234062326760,2015-03-16T06:00:00Z,-41.53766,-45.71414,-0.0105,-0.1546,0.0,2015-06-02T00:00:00Z,SVPB
300234062326760,2015-03-16T07:00:00Z,-41.54288,-45.71277,0.0738,-0.1643,3629.0,2015-06-02T00:00:00Z,SVPB
300234062326760,2015-03-16T08:00:00Z,-41.54782,-45.70786,0.1537,-0.1484,3629.0,2015-06-02T00:00:00Z,SVPB
300234062326760,2015-03-16T09:00:00Z,-41.55148,-45.69998,0.2131,-0.0772,0.0,2015-06-02T00:00:00Z,SVPB
300234062326760,2015-03-16T10:00:00Z,-41.55252,-45.6895,0.268,0.0076,3629.0,2015-06-02T00:00:00Z,SVPB
300234062326760,2015-03-16T11:00:00Z,-41.55062,-45.67802,0.2715,0.1082,3629.0,2015-06-02T00:00:00Z,SVPB
300234062326760,2015-03-16T12:00:00Z,-41.54527,-45.66746,0.2176,0.2187,0.0,2015-06-02T00:00:00Z,SVPB
300234062326760,2015-03-16T13:00:00Z,-41.53709,-45.65951,0.148,0.2965,3629.0,2015-06-02T00:00:00Z,SVPB
300234062326760,2015-03-16T14:00:00Z,-41.52759,-45.65602,0.0309,0.2972,3629.0,2015-06-02T00:00:00Z,SVPB
300234062326760,2015-03-16T15:00:00Z,-41.51848,-45.65651,-0.0744,0.258,0.0,2015-06-02T00:00:00Z,SVPB
300234062326760,2015-03-16T16:00:00Z,-41.51152,-45.66232,-0.1717,0.191,3629.0,2015-06-02T00:00:00Z,SVPB
300234062326760,2015-03-16T17:00:00Z,-41.50702,-45.6708,-0.2362,0.0743,3629.0,2015-06-02T00:00:00Z,SVPB
300234062326760,2015-03-16T18:00:00Z,-41.50694,-45.67927,-0.1783,-0.0448,0.0,2015-06-02T00:00:00Z,SVPB
300234062326760,2015-03-16T19:00:00Z,-41.50956,-45.68444,-0.0387,-0.134,3629.0,2015-06-02T00:00:00Z,SVPB
300234062326760,2015-03-16T20:00:00Z,-41.514,-45.68409,0.0691,-0.1484,3629.0,2015-06-02T00:00:00Z,SVPB
300234062326760,2015-03-16T21:00:00Z,-41.51842,-45.67861,0.1748,-0.126,0.0,2015-06-02T00:00:00Z,SVPB
300234062326760,2015-03-16T22:00:00Z,-41.52119,-45.66991,0.2364,-0.0532,3629.0,2015-06-02T00:00:00Z,SVPB
300234062326760,2015-03-16T23:00:00Z,-41.5216,-45.65999,0.2224,0.0422,3629.0,2015-06-02T00:00:00Z,SVPB
300234062326760,2015-03-17T00:00:00Z,-41.51898,-45.65031,0.2223,0.1165,0.0,2015-06-02T00:00:00Z,SVPB
300234062326760,2015-03-17T01:00:00Z,-41.51425,-45.64117,0.2059,0.1799,3629.0,2015-06-02T00:00:00Z,SVPB
300234062326760,2015-03-17T02:00:00Z,-41.50803,-45.63324,0.1582,0.2076,3629.0,2015-06-02T00:00:00Z,SVPB
300234062326760,2015-03-17T03:00:00Z,-41.50095,-45.62817,0.0876,0.2268,0.0,2015-06-02T00:00:00Z,SVPB
300234062326760,2015-03-17T04:00:00Z,-41.49368,-45.62559,0.0206,0.2257,3629.0,2015-06-02T00:00:00Z,SVPB
300234062326760,2015-03-17T05:00:00Z,-41.48683,-45.62482,0.0113,0.1983,3629.0,2015-06-02T00:00:00Z,SVPB
300234062326760,2015-03-17T06:00:00Z,-41.48106,-45.62426,0.0161,0.1595,0.0,2015-06-02T00:00:00Z,SVPB
300234062326760,2015-03-17T07:00:00Z,-41.47638,-45.62418,-0.0091,0.1273,3629.0,2015-06-02T00:00:00Z,SVPB
300234062326760,2015-03-17T08:00:00Z,-41.47274,-45.62517,-0.0394,0.0993,3629.0,2015-06-02T00:00:00Z,SVPB
300234062326760,2015-03-17T09:00:00Z,-41.47027,-45.62624,-0.0162,0.0553,0.0,2015-06-02T00:00:00Z,SVPB
300234062326760,2015-03-17T10:00:00Z,-41.46908,-45.6259,0.0346,0.0158,3629.0,2015-06-02T00:00:00Z,SVPB
300234062326760,2015-03-17T11:00:00Z,-41.46862,-45.62291,0.098,0.0095,3629.0,2015-06-02T00:00:00Z,SVPB
300234062326760,2015-03-17T12:00:00Z,-41.46793,-45.61773,0.1495,0.034,0.0,2015-06-02T00:00:00Z,SVPB
300234062326760,2015-03-17T13:00:00Z,-41.46625,-45.61042,0.1857,0.0679,3629.0,2015-06-02T00:00:00Z,SVPB
300234062326760,2015-03-17T14:00:00Z,-41.46345,-45.6025,0.1881,0.1054,3629.0,2015-06-02T00:00:00Z,SVPB
300234062326760,2015-03-17T15:00:00Z,-41.45962,-45.5958,0.1259,0.1318,0.0,2015-06-02T00:00:00Z,SVPB
300234062326760,2015-03-17T16:00:00Z,-41.45549,-45.59135,0.0741,0.1268,3629.0,2015-06-02T00:00:00Z,SVPB
300234062326760,2015-03-17T17:00:00Z,-41.45165,-45.58857,0.0534,0.1086,3629.0,2015-06-02T00:00:00Z,SVPB
300234062326760,2015-03-17T18:00:00Z,-41.44797,-45.58657,0.0394,0.1163,0.0,2015-06-02T00:00:00Z,SVPB
300234062326760,2015-03-17T19:00:00Z,-41.44453,-45.58464,0.0464,0.1024,3629.0,2015-06-02T00:00:00Z,SVPB
300234062326760,2015-03-17T20:00:00Z,-41.44131,-45.58217,0.0697,0.0902,3629.0,2015-06-02T00:00:00Z,SVPB
300234062326760,2015-03-17T21:00:00Z,-41.43831,-45.57889,0.0828,0.0981,0.0,2015-06-02T00:00:00Z,SVPB
300234062326760,2015-03-17T22:00:00Z,-41.43515,-45.57503,0.0953,0.0962,3629.0,2015-06-02T00:00:00Z,SVPB
300234062326760,2015-03-17T23:00:00Z,-41.43165,-45.5708,0.102,0.1176,3629.0,2015-06-02T00:00:00Z,SVPB
300234062326760,2015-03-18T00:00:00Z,-41.428,-45.56681,0.085,0.1136,0.0,2015-06-02T00:00:00Z,SVPB
300234062326760,2015-03-18T01:00:00Z,-41.4249,-45.56277,0.0955,0.0777,3629.0,2015-06-02T00:00:00Z,SVPB
300234062326760,2015-03-18T02:00:00Z,-41.42219,-45.55814,0.1236,0.0841,3629.0,2015-06-02T00:00:00Z,SVPB
300234062326760,2015-03-18T03:00:00Z,-41.41897,-45.55234,0.1424,0.1164,0.0,2015-06-02T00:00:00Z,SVPB
300234062326760,2015-03-18T04:00:00Z,-41.41495,-45.54638,0.1396,0.1332,3629.0,2015-06-02T00:00:00Z,SVPB
300234062326760,2015-03-18T05:00:00Z,-41.41112,-45.54091,0.1119,0.1085,3629.0,2015-06-02T00:00:00Z,SVPB
300234062326760,2015-03-18T06:00:00Z,-41.40772,-45.53574,0.1244,0.0952,0.0,2015-06-02T00:00:00Z,SVPB
300234062326760,2015-03-18T07:00:00Z,-41.40429,-45.53034,0.1301,0.1177,3629.0,2015-06-02T00:00:00Z,SVPB
300234062326760,2015-03-18T08:00:00Z,-41.40011,-45.52517,0.1093,0.1395,3629.0,2015-06-02T00:00:00Z,SVPB
300234062326760,2015-03-18T09:00:00Z,-41.39482,-45.52124,0.0763,0.1832,0.0,2015-06-02T00:00:00Z,SVPB
300234062326760,2015-03-18T10:00:00Z,-41.38917,-45.51829,0.056,0.1759,3629.0,2015-06-02T00:00:00Z,SVPB
300234062326760,2015-03-18T11:00:00Z,-41.38422,-45.51579,0.0609,0.1237,3629.0,2015-06-02T00:00:00Z,SVPB
300234062326760,2015-03-18T12:00:00Z,-41.38075,-45.51249,0.0874,0.0919,0.0,2015-06-02T00:00:00Z,SVPB
300234062326760,2015-03-18T13:00:00Z,-41.37812,-45.50809,0.1206,0.0683,3629.0,2015-06-02T00:00:00Z,SVPB
300234062326760,2015-03-18T14:00:00Z,-41.37599,-45.50269,0.1304,0.0622,3629.0,2015-06-02T00:00:00Z,SVPB
300234062326760,2015-03-18T15:00:00Z,-41.37341,-45.49671,0.1449,0.0919,0.0,2015-06-02T00:00:00Z,SVPB
300234062326760,2015-03-18T16:00:00Z,-41.36994,-45.49043,0.1491,0.1269,3629.0,2015-06-02T00:00:00Z,SVPB
300234062326760,2015-03-18T17:00:00Z,-41.36628,-45.48354,0.1652,0.1053,3629.0,2015-06-02T00:00:00Z,SVPB
300234062326760,2015-03-18T18:00:00Z,-41.36304,-45.47616,0.1818,0.0889,0.0,2015-06-02T00:00:00Z,SVPB
300234062326760,2015-03-18T19:00:00Z,-41.35947,-45.46853,0.1723,0.1269,3629.0,2015-06-02T00:00:00Z,SVPB
300234062326760,2015-03-18T20:00:00Z,-41.35505,-45.46136,0.1604,0.1517,3629.0,2015-06-02T00:00:00Z,SVPB
300234062326760,2015-03-18T21:00:00Z,-41.3506,-45.45483,0.1429,0.1257,0.0,2015-06-02T00:00:00Z,SVPB
300234062326760,2015-03-18T22:00:00Z,-41.34687,-45.44852,0.1464,0.1025,3629.0,2015-06-02T00:00:00Z,SVPB
300234062326760,2015-03-18T23:00:00Z,-41.34331,-45.44228,0.1467,0.1149,3629.0,2015-06-02T00:00:00Z,SVPB
300234062326760,2015-03-19T00:00:00Z,-41.33923,-45.43603,0.1405,0.138,0.0,2015-06-02T00:00:00Z,SVPB
300234062326760,2015-03-19T01:00:00Z,-41.33483,-45.42981,0.1488,0.1365,3629.0,2015-06-02T00:00:00Z,SVPB
300234062326760,2015-03-19T02:00:00Z,-41.33065,-45.42294,0.1675,0.1211,3629.0,2015-06-02T00:00:00Z,SVPB
300234062326760,2015-03-19T03:00:00Z,-41.32634,-45.41574,0.1705,0.1407,0.0,2015-06-02T00:00:00Z,SVPB
300234062326760,2015-03-19T04:00:00Z,-41.32164,-45.40943,0.1259,0.1549,3629.0,2015-06-02T00:00:00Z,SVPB
300234062326760,2015-03-19T05:00:00Z,-41.3168,-45.4051,0.0722,0.1424,3629.0,2015-06-02T00:00:00Z,SVPB
300234062326760,2015-03-19T06:00:00Z,-41.31297,-45.40264,0.0414,0.101,0.0,2015-06-02T00:00:00Z,SVPB
300234062326760,2015-03-19T07:00:00Z,-41.31049,-45.40083,0.04,0.0465,3629.0,2015-06-02T00:00:00Z,SVPB
300234062326760,2015-03-19T08:00:00Z,-41.30948,-45.39898,0.047,0.0161,3629.0,2015-06-02T00:00:00Z,SVPB
300234062326760,2015-03-19T09:00:00Z,-41.30914,-45.39572,0.0938,0.0031,0.0,2015-06-02T00:00:00Z,SVPB
300234062326760,2015-03-19T10:00:00Z,-41.30867,-45.39037,0.1629,0.025,3629.0,2015-06-02T00:00:00Z,SVPB
300234062326760,2015-03-19T11:00:00Z,-41.3073,-45.38191,0.2239,0.0591,3629.0,2015-06-02T00:00:00Z,SVPB
300234062326760,2015-03-19T12:00:00Z,-41.30514,-45.37205,0.2434,0.0767,0.0,2015-06-02T00:00:00Z,SVPB
300234062326760,2015-03-19T13:00:00Z,-41.30231,-45.36229,0.21,0.096,3629.0,2015-06-02T00:00:00Z,SVPB
300234062326760,2015-03-19T14:00:00Z,-41.29888,-45.354,0.1748,0.1181,3629.0,2015-06-02T00:00:00Z,SVPB
300234062326760,2015-03-19T15:00:00Z,-41.2946,-45.34664,0.1634,0.144,0.0,2015-06-02T00:00:00Z,SVPB
300234062326760,2015-03-19T16:00:00Z,-41.28938,-45.33981,0.1565,0.1791,3629.0,2015-06-02T00:00:00Z,SVPB
300234062326760,2015-03-19T17:00:00Z,-41.28364,-45.33448,0.0988,0.1798,3629.0,2015-06-02T00:00:00Z,SVPB
300234062326760,2015-03-19T18:00:00Z,-41.27875,-45.33141,0.0386,0.1247,0.0,2015-06-02T00:00:00Z,SVPB
300234062326760,2015-03-19T19:00:00Z,-41.27566,-45.32973,0.0353,0.0617,3629.0,2015-06-02T00:00:00Z,SVPB
300234062326760,2015-03-19T20:00:00Z,-41.274,-45.32777,0.0564,0.0371,3629.0,2015-06-02T00:00:00Z,SVPB
300234062326760,2015-03-19T21:00:00Z,-41.27297,-45.32485,0.0784,0.0275,0.0,2015-06-02T00:00:00Z,SVPB
300234062326760,2015-03-19T22:00:00Z,-41.27215,-45.3212,0.0931,0.0217,3629.0,2015-06-02T00:00:00Z,SVPB
300234062326760,2015-03-19T23:00:00Z,-41.27134,-45.31661,0.1165,0.0278,3629.0,2015-06-02T00:00:00Z,SVPB
300234062326760,2015-03-20T00:00:00Z,-41.27063,-45.3116,0.1219,0.0184,0.0,2015-06-02T00:00:00Z,SVPB
300234062326760,2015-03-20T01:00:00Z,-41.26991,-45.30643,0.1142,0.0217,3629.0,2015-06-02T00:00:00Z,SVPB
300234062326760,2015-03-20T02:00:00Z,-41.26928,-45.30122,0.1283,0.0219,3629.0,2015-06-02T00:00:00Z,SVPB
300234062326760,2015-03-20T03:00:00Z,-41.26828,-45.29571,0.129,0.0338,0.0,2015-06-02T00:00:00Z,SVPB
300234062326760,2015-03-20T04:00:00Z,-41.26697,-45.29031,0.1213,0.0524,3629.0,2015-06-02T00:00:00Z,SVPB
300234062326760,2015-03-20T05:00:00Z,-41.26534,-45.28491,0.1278,0.0464,3629.0,2015-06-02T00:00:00Z,SVPB
300234062326760,2015-03-20T06:00:00Z,-41.26392,-45.27978,0.1149,0.0429,0.0,2015-06-02T00:00:00Z,SVPB
300234062326760,2015-03-20T07:00:00Z,-41.26255,-45.27538,0.0866,0.0404,3629.0,2015-06-02T00:00:00Z,SVPB
300234062326760,2015-03-20T08:00:00Z,-41.26109,-45.27185,0.077,0.0494,3629.0,2015-06-02T00:00:00Z,SVPB
300234062326760,2015-03-20T09:00:00Z,-41.25974,-45.26809,0.0938,0.0371,0.0,2015-06-02T00:00:00Z,SVPB
300234062326760,2015-03-20T10:00:00Z,-41.25863,-45.2628,0.1485,0.0278,3629.0,2015-06-02T00:00:00Z,SVPB
300234062326760,2015-03-20T11:00:00Z,-41.25718,-45.25663,0.1487,0.0594,3629.0,2015-06-02T00:00:00Z,SVPB
300234062326760,2015-03-20T12:00:00Z,-41.25494,-45.2504,0.132,0.0828,0.0,2015-06-02T00:00:00Z,SVPB
300234062326760,2015-03-20T13:00:00Z,-41.2522,-45.24423,0.1555,0.0867,3629.0,2015-06-02T00:00:00Z,SVPB
300234062326760,2015-03-20T14:00:00Z,-41.24891,-45.23869,0.1155,0.1108,3629.0,2015-06-02T00:00:00Z,SVPB
300234062326760,2015-03-20T15:00:00Z,-41.24512,-45.23588,0.0111,0.1284,0.0,2015-06-02T00:00:00Z,SVPB
300234062326760,2015-03-20T16:00:00Z,-41.24139,-45.23631,-0.0417,0.1019,3629.0,2015-06-02T00:00:00Z,SVPB
300234062326760,2015-03-20T17:00:00Z,-41.23888,-45.2376,-0.0229,0.0555,3629.0,2015-06-02T00:00:00Z,SVPB
300234062326760,2015-03-20T18:00:00Z,-41.23773,-45.23808,0.0045,0.0124,0.0,2015-06-02T00:00:00Z,SVPB
300234062326760,2015-03-20T19:00:00Z,-41.23832,-45.23798,0.0022,-0.043,3629.0,2015-06-02T00:00:00Z,SVPB
300234062326760,2015-03-20T20:00:00Z,-41.24032,-45.23748,0.017,-0.0871,3629.0,2015-06-02T00:00:00Z,SVPB
300234062326760,2015-03-20T21:00:00Z,-41.24336,-45.23651,0.0324,-0.101,0.0,2015-06-02T00:00:00Z,SVPB
300234062326760,2015-03-20T22:00:00Z,-41.24686,-45.23425,0.0642,-0.1146,3629.0,2015-06-02T00:00:00Z,SVPB
300234062326760,2015-03-20T23:00:00Z,-41.25002,-45.23044,0.117,-0.0861,3629.0,2015-06-02T00:00:00Z,SVPB
300234062326760,2015-03-21T00:00:00Z,-41.25195,-45.2248,0.1453,-0.0306,0.0,2015-06-02T00:00:00Z,SVPB
300234062326760,2015-03-21T01:00:00Z,-41.25301,-45.21768,0.1838,-0.0281,3629.0,2015-06-02T00:00:00Z,SVPB
300234062326760,2015-03-21T02:00:00Z,-41.2542,-45.20882,0.2288,-0.0495,3629.0,2015-06-02T00:00:00Z,SVPB
300234062326760,2015-03-21T03:00:00Z,-41.25563,-45.19866,0.2468,-0.0398,0.0,2015-06-02T00:00:00Z,SVPB
300234062326760,2015-03-21T04:00:00Z,-41.25668,-45.18795,0.2497,-0.025,3629.0,2015-06-02T00:00:00Z,SVPB
300234062326760,2015-03-21T05:00:00Z,-41.25717,-45.17723,0.2494,-0.006,3629.0,2015-06-02T00:00:00Z,SVPB
300234062326760,2015-03-21T06:00:00Z,-41.25656,-45.16653,0.2464,0.0396,0.0,2015-06-02T00:00:00Z,SVPB
300234062326760,2015-03-21T07:00:00Z,-41.25435,-45.15586,0.2493,0.0984,3629.0,2015-06-02T00:00:00Z,SVPB
300234062326760,2015-03-21T08:00:00Z,-41.25025,-45.14604,0.2139,0.1523,3629.0,2015-06-02T00:00:00Z,SVPB
300234062326760,2015-03-21T09:00:00Z,-41.24489,-45.13767,0.1679,0.184,0.0,2015-06-02T00:00:00Z,SVPB
300234062326760,2015-03-21T10:00:00Z,-41.23819,-45.13073,0.154,0.2237,3629.0,2015-06-02T00:00:00Z,SVPB
300234062326760,2015-03-21T11:00:00Z,-41.23001,-45.12567,0.0944,0.2795,3629.0,2015-06-02T00:00:00Z,SVPB
300234062326760,2015-03-21T12:00:00Z,-41.22075,-45.12271,0.0272,0.2974,0.0,2015-06-02T00:00:00Z,SVPB
300234062326760,2015-03-21T13:00:00Z,-41.21149,-45.12265,-0.0182,0.2792,3629.0,2015-06-02T00:00:00Z,SVPB
300234062326760,2015-03-21T14:00:00Z,-41.20268,-45.12439,-0.0682,0.2606,3629.0,2015-06-02T00:00:00Z,SVPB
300234062326760,2015-03-21T15:00:00Z,-41.19414,-45.12782,-0.0921,0.2667,0.0,2015-06-02T00:00:00Z,SVPB
300234062326760,2015-03-21T16:00:00Z,-41.18593,-45.13222,-0.1118,0.2456,3629.0,2015-06-02T00:00:00Z,SVPB
300234062326760,2015-03-21T17:00:00Z,-41.17904,-45.13727,-0.1241,0.1826,3629.0,2015-06-02T00:00:00Z,SVPB
300234062326760,2015-03-21T18:00:00Z,-41.17343,-45.14305,-0.1429,0.1563,0.0,2015-06-02T00:00:00Z,SVPB
300234062326760,2015-03-21T19:00:00Z,-41.16862,-45.15032,-0.191,0.1457,3629.0,2015-06-02T00:00:00Z,SVPB
300234062326760,2015-03-21T20:00:00Z,-41.16431,-45.15934,-0.2333,0.1177,3629.0,2015-06-02T00:00:00Z,SVPB
300234062326760,2015-03-21T21:00:00Z,-41.16127,-45.16875,-0.2125,0.0769,0.0,2015-06-02T00:00:00Z,SVPB
300234062326760,2015-03-21T22:00:00Z,-41.15876,-45.17728,-0.1776,0.0692,3629.0,2015-06-02T00:00:00Z,SVPB
300234062326760,2015-03-21T23:00:00Z,-41.15574,-45.18487,-0.1751,0.1178,3629.0,2015-06-02T00:00:00Z,SVPB
300234062326760,2015-03-22T00:00:00Z,-41.15195,-45.19201,-0.159,0.1224,0.0,2015-06-02T00:00:00Z,SVPB
300234062326760,2015-03-22T01:00:00Z,-41.14832,-45.19854,-0.1423,0.0995,3629.0,2015-06-02T00:00:00Z,SVPB
300234062326760,2015-03-22T02:00:00Z,-41.1452,-45.20357,-0.1004,0.0931,3629.0,2015-06-02T00:00:00Z,SVPB
300234062326760,2015-03-22T03:00:00Z,-41.14209,-45.20664,-0.0365,0.0982,0.0,2015-06-02T00:00:00Z,SVPB
300234062326760,2015-03-22T04:00:00Z,-41.13847,-45.20751,-0.0026,0.1235,3629.0,2015-06-02T00:00:00Z,SVPB
300234062326760,2015-03-22T05:00:00Z,-41.13438,-45.20836,-0.0286,0.1332,3629.0,2015-06-02T00:00:00Z,SVPB
300234062326760,2015-03-22T06:00:00Z,-41.13014,-45.21004,-0.0576,0.1258,0.0,2015-06-02T00:00:00Z,SVPB
300234062326760,2015-03-22T07:00:00Z,-41.12618,-45.21228,-0.0468,0.121,3629.0,2015-06-02T00:00:00Z,SVPB
300234062326760,2015-03-22T08:00:00Z,-41.12263,-45.21426,-0.0441,0.0991,3629.0,2015-06-02T00:00:00Z,SVPB
300234062326760,2015-03-22T09:00:00Z,-41.11971,-45.21597,-0.037,0.0797,0.0,2015-06-02T00:00:00Z,SVPB
300234062326760,2015-03-22T10:00:00Z,-41.11732,-45.21717,-0.019,0.0683,3629.0,2015-06-02T00:00:00Z,SVPB
300234062326760,2015-03-22T11:00:00Z,-41.11497,-45.21814,-0.0229,0.0744,3629.0,2015-06-02T00:00:00Z,SVPB
300234062326760,2015-03-22T12:00:00Z,-41.11228,-45.21877,-0.0116,0.092,0.0,2015-06-02T00:00:00Z,SVPB
300234062326760,2015-03-22T13:00:00Z,-41.10891,-45.21874,0.0162,0.1148,3629.0,2015-06-02T00:00:00Z,SVPB
300234062326760,2015-03-22T14:00:00Z,-41.10494,-45.21799,0.0191,0.1335,3629.0,2015-06-02T00:00:00Z,SVPB
300234062326760,2015-03-22T15:00:00Z,-41.10018,-45.21648,0.0461,0.1563,0.0,2015-06-02T00:00:00Z,SVPB
300234062326760,2015-03-22T16:00:00Z,-41.09486,-45.21422,0.065,0.1766,3629.0,2015-06-02T00:00:00Z,SVPB
300234062326760,2015-03-22T17:00:00Z,-41.08961,-45.21195,0.042,0.1518,3629.0,2015-06-02T00:00:00Z,SVPB
300234062326760,2015-03-22T18:00:00Z,-41.085,-45.2104,0.0278,0.1287,0.0,2015-06-02T00:00:00Z,SVPB
300234062326760,2015-03-22T19:00:00Z,-41.08133,-45.2089,0.0394,0.1027,3629.0,2015-06-02T00:00:00Z,SVPB
300234062326760,2015-03-22T20:00:00Z,-41.07816,-45.20653,0.0705,0.0871,3629.0,2015-06-02T00:00:00Z,SVPB
300234062326760,2015-03-22T21:00:00Z,-41.07474,-45.20319,0.0878,0.1227,0.0,2015-06-02T00:00:00Z,SVPB
300234062326760,2015-03-22T22:00:00Z,-41.07029,-45.19957,0.0817,0.1548,3629.0,2015-06-02T00:00:00Z,SVPB
300234062326760,2015-03-22T23:00:00Z,-41.06514,-45.1966,0.0586,0.1644,3629.0,2015-06-02T00:00:00Z,SVPB
300234062326760,2015-03-23T00:00:00Z,-41.05963,-45.19395,0.0597,0.1746,0.0,2015-06-02T00:00:00Z,SVPB
300234062326760,2015-03-23T01:00:00Z,-41.05328,-45.19118,0.0723,0.2136,3629.0,2015-06-02T00:00:00Z,SVPB
300234062326760,2015-03-23T02:00:00Z,-41.04559,-45.18854,0.0515,0.2636,3629.0,2015-06-02T00:00:00Z,SVPB
300234062326760,2015-03-23T03:00:00Z,-41.03662,-45.18747,0.0023,0.2912,0.0,2015-06-02T00:00:00Z,SVPB
300234062326760,2015-03-23T04:00:00Z,-41.02728,-45.1881,-0.0369,0.289,3629.0,2015-06-02T00:00:00Z,SVPB
300234062326760,2015-03-23T05:00:00Z,-41.01921,-45.19048,-0.0672,0.2241,3629.0,2015-06-02T00:00:00Z,SVPB
300234062326760,2015-03-23T06:00:00Z,-41.01345,-45.19367,-0.0876,0.1227,0.0,2015-06-02T00:00:00Z,SVPB
300234062326760,2015-03-23T07:00:00Z,-41.01006,-45.19711,-0.0726,0.0778,3629.0,2015-06-02T00:00:00Z,SVPB
300234062326760,2015-03-23T08:00:00Z,-41.00789,-45.19977,-0.0516,0.0588,3629.0,2015-06-02T00:00:00Z,SVPB
300234062326760,2015-03-23T09:00:00Z,-41.00609,-45.20164,-0.0347,0.049,0.0,2015-06-02T00:00:00Z,SVPB
300234062326760,2015-03-23T10:00:00Z,-41.00492,-45.20271,-0.0164,0.0286,3629.0,2015-06-02T00:00:00Z,SVPB
300234062326760,2015-03-23T11:00:00Z,-41.0041,-45.20236,0.0287,0.0158,3629.0,2015-06-02T00:00:00Z,SVPB
300234062326760,2015-03-23T12:00:00Z,-41.00307,-45.2002,0.0762,0.049,0.0,2015-06-02T00:00:00Z,SVPB
300234062326760,2015-03-23T13:00:00Z,-41.00079,-45.19595,0.1189,0.0895,3629.0,2015-06-02T00:00:00Z,SVPB
300234062326760,2015-03-23T14:00:00Z,-40.99702,-45.19033,0.1474,0.1433,3629.0,2015-06-02T00:00:00Z,SVPB
300234062326760,2015-03-23T15:00:00Z,-40.99166,-45.18445,0.1294,0.1902,0.0,2015-06-02T00:00:00Z,SVPB
300234062326760,2015-03-23T16:00:00Z,-40.98549,-45.1795,0.1005,0.1952,3629.0,2015-06-02T00:00:00Z,SVPB
300234062326760,2015-03-23T17:00:00Z,-40.97916,-45.17546,0.0866,0.1924,3629.0,2015-06-02T00:00:00Z,SVPB
300234062326760,2015-03-23T18:00:00Z,-40.97245,-45.17135,0.102,0.2206,0.0,2015-06-02T00:00:00Z,SVPB
300234062326760,2015-03-23T19:00:00Z,-40.96506,-45.16705,0.1036,0.2386,3629.0,2015-06-02T00:00:00Z,SVPB
300234062326760,2015-03-23T20:00:00Z,-40.95722,-45.16403,0.0441,0.2448,3629.0,2015-06-02T00:00:00Z,SVPB
300234062326760,2015-03-23T21:00:00Z,-40.94959,-45.16308,-0.0074,0.2293,0.0,2015-06-02T00:00:00Z,SVPB
300234062326760,2015-03-23T22:00:00Z,-40.9427,-45.16327,-0.0047,0.1957,3629.0,2015-06-02T00:00:00Z,SVPB
300234062326760,2015-03-23T23:00:00Z,-40.93713,-45.16326,0.0071,0.1516,3629.0,2015-06-02T00:00:00Z,SVPB
300234062326760,2015-03-24T00:00:00Z,-40.93277,-45.16311,-1.0E-4,0.1133,0.0,2015-06-02T00:00:00Z,SVPB
300234062326760,2015-03-24T01:00:00Z,-40.92926,-45.16279,0.0117,0.1024,3629.0,2015-06-02T00:00:00Z,SVPB
300234062326760,2015-03-24T02:00:00Z,-40.92593,-45.16177,0.0375,0.1026,3629.0,2015-06-02T00:00:00Z,SVPB
300234062326760,2015-03-24T03:00:00Z,-40.92188,-45.15958,0.0622,0.1409,0.0,2015-06-02T00:00:00Z,SVPB
300234062326760,2015-03-24T04:00:00Z,-40.91669,-45.15689,0.0676,0.1859,3629.0,2015-06-02T00:00:00Z,SVPB
300234062326760,2015-03-24T05:00:00Z,-40.91083,-45.1546,0.0404,0.1798,3629.0,2015-06-02T00:00:00Z,SVPB
300234062326760,2015-03-24T06:00:00Z,-40.90573,-45.15267,0.0443,0.1377,0.0,2015-06-02T00:00:00Z,SVPB
300234062326760,2015-03-24T07:00:00Z,-40.90155,-45.15029,0.07,0.115,3629.0,2015-06-02T00:00:00Z,SVPB
300234062326760,2015-03-24T08:00:00Z,-40.89768,-45.14732,0.0701,0.124,3629.0,2015-06-02T00:00:00Z,SVPB
300234062326760,2015-03-24T09:00:00Z,-40.89377,-45.14441,0.065,0.1197,0.0,2015-06-02T00:00:00Z,SVPB
300234062326760,2015-03-24T10:00:00Z,-40.88989,-45.14083,0.0959,0.1178,3629.0,2015-06-02T00:00:00Z,SVPB
300234062326760,2015-03-24T11:00:00Z,-40.88565,-45.13642,0.1171,0.1431,3629.0,2015-06-02T00:00:00Z,SVPB
300234062326760,2015-03-24T12:00:00Z,-40.8804,-45.1316,0.1064,0.181,0.0,2015-06-02T00:00:00Z,SVPB
300234062326760,2015-03-24T13:00:00Z,-40.87426,-45.1273,0.0959,0.2013,3629.0,2015-06-02T00:00:00Z,SVPB
300234062326760,2015-03-24T14:00:00Z,-40.86739,-45.12335,0.0868,0.2202,3629.0,2015-06-02T00:00:00Z,SVPB
300234062326760,2015-03-24T15:00:00Z,-40.85972,-45.12012,0.0675,0.2542,0.0,2015-06-02T00:00:00Z,SVPB
300234062326760,2015-03-24T16:00:00Z,-40.8518,-45.11814,0.0259,0.2418,3629.0,2015-06-02T00:00:00Z,SVPB
300234062326760,2015-03-24T17:00:00Z,-40.84445,-45.11775,-0.0097,0.2077,3629.0,2015-06-02T00:00:00Z,SVPB
300234062326760,2015-03-24T18:00:00Z,-40.83769,-45.11835,-0.0209,0.2084,0.0,2015-06-02T00:00:00Z,SVPB
300234062326760,2015-03-24T19:00:00Z,-40.83097,-45.11976,-0.0408,0.2081,3629.0,2015-06-02T00:00:00Z,SVPB
300234062326760,2015-03-24T20:00:00Z,-40.82527,-45.12126,-0.0375,0.155,3629.0,2015-06-02T00:00:00Z,SVPB
300234062326760,2015-03-24T21:00:00Z,-40.82119,-45.12169,0.0223,0.0879,0.0,2015-06-02T00:00:00Z,SVPB
300234062326760,2015-03-24T22:00:00Z,-40.81849,-45.11964,0.0749,0.0745,3629.0,2015-06-02T00:00:00Z,SVPB
300234062326760,2015-03-24T23:00:00Z,-40.81537,-45.11587,0.0891,0.0965,3629.0,2015-06-02T00:00:00Z,SVPB
300234062326760,2015-03-25T00:00:00Z,-40.81197,-45.1118,0.0981,0.1108,0.0,2015-06-02T00:00:00Z,SVPB
300234062326760,2015-03-25T01:00:00Z,-40.8058,-45.10699,0.0899,0.1641,10800.0,2015-06-02T00:00:00Z,SVPB
300234062326760,2015-03-25T02:00:00Z,-40.79963,-45.10217,0.0817,0.2175,10800.0,2015-06-02T00:00:00Z,SVPB
300234062326760,2015-03-25T03:00:00Z,-40.79347,-45.09736,0.0734,0.2709,0.0,2015-06-02T00:00:00Z,SVPB
300234062326760,2015-03-25T04:00:00Z,-40.78468,-45.0945,0.0564,0.2716,3629.0,2015-06-02T00:00:00Z,SVPB
300234062326760,2015-03-25T05:00:00Z,-40.7759,-45.09208,0.0301,0.2726,3629.0,2015-06-02T00:00:00Z,SVPB
300234062326760,2015-03-25T06:00:00Z,-40.76755,-45.09135,0.0046,0.2451,0.0,2015-06-02T00:00:00Z,SVPB
300234062326760,2015-03-25T07:00:00Z,-40.76004,-45.09151,-0.0138,0.2174,3629.0,2015-06-02T00:00:00Z,SVPB
300234062326760,2015-03-25T08:00:00Z,-40.7538,-45.09202,-0.0118,0.1734,3629.0,2015-06-02T00:00:00Z,SVPB
300234062326760,2015-03-25T09:00:00Z,-40.74876,-45.09251,-0.0092,0.1318,0.0,2015-06-02T00:00:00Z,SVPB
300234062326760,2015-03-25T10:00:00Z,-40.74484,-45.09228,0.0141,0.1118,3629.0,2015-06-02T00:00:00Z,SVPB
300234062326760,2015-03-25T11:00:00Z,-40.74128,-45.09079,0.0588,0.1056,3629.0,2015-06-02T00:00:00Z,SVPB
300234062326760,2015-03-25T12:00:00Z,-40.73757,-45.08783,0.0811,0.1226,0.0,2015-06-02T00:00:00Z,SVPB
300234062326760,2015-03-25T13:00:00Z,-40.73305,-45.08415,0.0917,0.1549,3629.0,2015-06-02T00:00:00Z,SVPB
300234062326760,2015-03-25T14:00:00Z,-40.72791,-45.08043,0.0844,0.1675,3629.0,2015-06-02T00:00:00Z,SVPB
300234062326760,2015-03-25T15:00:00Z,-40.72243,-45.07746,0.0557,0.1685,0.0,2015-06-02T00:00:00Z,SVPB
300234062326760,2015-03-25T16:00:00Z,-40.71675,-45.075,0.0542,0.1828,3629.0,2015-06-02T00:00:00Z,SVPB
300234062326760,2015-03-25T17:00:00Z,-40.71103,-45.07274,0.0565,0.1734,3629.0,2015-06-02T00:00:00Z,SVPB
300234062326760,2015-03-25T18:00:00Z,-40.70577,-45.07065,0.0394,0.1503,0.0,2015-06-02T00:00:00Z,SVPB
300234062326760,2015-03-25T19:00:00Z,-40.70077,-45.06822,0.0679,0.155,3629.0,2015-06-02T00:00:00Z,SVPB
300234062326760,2015-03-25T20:00:00Z,-40.69565,-45.06507,0.0869,0.1644,3629.0,2015-06-02T00:00:00Z,SVPB
300234062326760,2015-03-25T21:00:00Z,-40.69016,-45.06247,0.0396,0.1715,0.0,2015-06-02T00:00:00Z,SVPB
300234062326760,2015-03-25T22:00:00Z,-40.68491,-45.06151,3.0E-4,0.158,3629.0,2015-06-02T00:00:00Z,SVPB
300234062326760,2015-03-25T23:00:00Z,-40.67984,-45.06095,0.0215,0.1489,3629.0,2015-06-02T00:00:00Z,SVPB
300234062326760,2015-03-26T00:00:00Z,-40.67508,-45.05954,0.0486,0.1502,0.0,2015-06-02T00:00:00Z,SVPB
300234062326760,2015-03-26T01:00:00Z,-40.67029,-45.05664,0.0817,0.1427,3629.0,2015-06-02T00:00:00Z,SVPB
300234062326760,2015-03-26T02:00:00Z,-40.66588,-45.05202,0.1369,0.1331,3629.0,2015-06-02T00:00:00Z,SVPB
300234062326760,2015-03-26T03:00:00Z,-40.66157,-45.04541,0.1746,0.1288,0.0,2015-06-02T00:00:00Z,SVPB
300234062326760,2015-03-26T04:00:00Z,-40.65698,-45.03728,0.2062,0.1543,3629.0,2015-06-02T00:00:00Z,SVPB
300234062326760,2015-03-26T05:00:00Z,-40.65094,-45.02734,0.2536,0.2106,3629.0,2015-06-02T00:00:00Z,SVPB
300234062326760,2015-03-26T06:00:00Z,-40.64284,-45.01621,0.2744,0.2938,0.0,2015-06-02T00:00:00Z,SVPB
300234062326760,2015-03-26T07:00:00Z,-40.63161,-45.00492,0.2563,0.3911,3629.0,2015-06-02T00:00:00Z,SVPB
300234062326760,2015-03-26T08:00:00Z,-40.61789,-44.99414,0.2468,0.4693,3629.0,2015-06-02T00:00:00Z,SVPB
300234062326760,2015-03-26T09:00:00Z,-40.60252,-44.98436,0.2165,0.4842,0.0,2015-06-02T00:00:00Z,SVPB
300234062326760,2015-03-26T10:00:00Z,-40.58688,-44.97599,0.1729,0.4806,3629.0,2015-06-02T00:00:00Z,SVPB
300234062326760,2015-03-26T11:00:00Z,-40.57127,-44.97027,0.107,0.4834,3629.0,2015-06-02T00:00:00Z,SVPB
300234062326760,2015-03-26T12:00:00Z,-40.55625,-44.96755,0.017,0.4492,0.0,2015-06-02T00:00:00Z,SVPB
300234062326760,2015-03-26T13:00:00Z,-40.54224,-44.96703,-0.0016,0.4094,3629.0,2015-06-02T00:00:00Z,SVPB
300234062326760,2015-03-26T14:00:00Z,-40.52943,-44.96757,-0.0164,0.3844,3629.0,2015-06-02T00:00:00Z,SVPB
300234062326760,2015-03-26T15:00:00Z,-40.51777,-44.9692,-0.0629,0.3372,0.0,2015-06-02T00:00:00Z,SVPB
300234062326760,2015-03-26T16:00:00Z,-40.50785,-44.97174,-0.0613,0.2766,3629.0,2015-06-02T00:00:00Z,SVPB
300234062326760,2015-03-26T17:00:00Z,-40.50005,-44.97435,-0.0567,0.2068,3629.0,2015-06-02T00:00:00Z,SVPB
300234062326760,2015-03-26T18:00:00Z,-40.49386,-44.97677,-0.0603,0.1685,0.0,2015-06-02T00:00:00Z,SVPB
300234062326760,2015-03-26T19:00:00Z,-40.48823,-44.97954,-0.0662,0.1767,3629.0,2015-06-02T00:00:00Z,SVPB
300234062326760,2015-03-26T20:00:00Z,-40.4821,-44.9826,-0.0801,0.2017,3629.0,2015-06-02T00:00:00Z,SVPB
300234062326760,2015-03-26T21:00:00Z,-40.47505,-44.98541,-0.0558,0.2329,0.0,2015-06-02T00:00:00Z,SVPB
300234062326760,2015-03-26T22:00:00Z,-40.46732,-44.98739,-0.0333,0.2479,3629.0,2015-06-02T00:00:00Z,SVPB
300234062326760,2015-03-26T23:00:00Z,-40.4588,-44.9891,-0.0451,0.2731,3629.0,2015-06-02T00:00:00Z,SVPB
300234062326760,2015-03-27T00:00:00Z,-40.44938,-44.99126,-0.0584,0.3128,0.0,2015-06-02T00:00:00Z,SVPB
300234062326760,2015-03-27T01:00:00Z,-40.4393,-44.99392,-0.0658,0.3132,3629.0,2015-06-02T00:00:00Z,SVPB
300234062326760,2015-03-27T02:00:00Z,-40.42933,-44.99721,-0.0873,0.3006,3629.0,2015-06-02T00:00:00Z,SVPB
300234062326760,2015-03-27T03:00:00Z,-40.41983,-45.00131,-0.1075,0.2882,0.0,2015-06-02T00:00:00Z,SVPB
300234062326760,2015-03-27T04:00:00Z,-40.41078,-45.00548,-0.0925,0.27,3629.0,2015-06-02T00:00:00Z,SVPB
300234062326760,2015-03-27T05:00:00Z,-40.4026,-45.00871,-0.0585,0.2385,3629.0,2015-06-02T00:00:00Z,SVPB
300234062326760,2015-03-27T06:00:00Z,-40.39514,-45.01094,-0.0441,0.2176,0.0,2015-06-02T00:00:00Z,SVPB
300234062326760,2015-03-27T07:00:00Z,-40.38801,-45.01238,-0.0262,0.2232,3629.0,2015-06-02T00:00:00Z,SVPB
300234062326760,2015-03-27T08:00:00Z,-40.38109,-45.01272,0.0096,0.2076,3629.0,2015-06-02T00:00:00Z,SVPB
300234062326760,2015-03-27T09:00:00Z,-40.37471,-45.01171,0.0395,0.1839,0.0,2015-06-02T00:00:00Z,SVPB
300234062326760,2015-03-27T10:00:00Z,-40.36881,-45.00915,0.0776,0.1799,3629.0,2015-06-02T00:00:00Z,SVPB
300234062326760,2015-03-27T11:00:00Z,-40.36305,-45.00505,0.1182,0.1767,3629.0,2015-06-02T00:00:00Z,SVPB
300234062326760,2015-03-27T12:00:00Z,-40.35729,-44.9997,0.1354,0.1777,0.0,2015-06-02T00:00:00Z,SVPB
300234062326760,2015-03-27T13:00:00Z,-40.35094,-44.99346,0.1557,0.2102,3629.0,2015-06-02T00:00:00Z,SVPB
300234062326760,2015-03-27T14:00:00Z,-40.34315,-44.98631,0.1819,0.27,3629.0,2015-06-02T00:00:00Z,SVPB
300234062326760,2015-03-27T15:00:00Z,-40.33377,-44.97915,0.1608,0.3128,0.0,2015-06-02T00:00:00Z,SVPB
300234062326760,2015-03-27T16:00:00Z,-40.32318,-44.97304,0.1232,0.3412,3629.0,2015-06-02T00:00:00Z,SVPB
300234062326760,2015-03-27T17:00:00Z,-40.31176,-44.96805,0.1111,0.366,3629.0,2015-06-02T00:00:00Z,SVPB
300234062326760,2015-03-27T18:00:00Z,-40.29969,-44.96323,0.1144,0.38,0.0,2015-06-02T00:00:00Z,SVPB
300234062326760,2015-03-27T19:00:00Z,-40.28739,-44.95879,0.0995,0.3814,3629.0,2015-06-02T00:00:00Z,SVPB
300234062326760,2015-03-27T20:00:00Z,-40.2753,-44.95551,0.0547,0.366,3629.0,2015-06-02T00:00:00Z,SVPB
300234062326760,2015-03-27T21:00:00Z,-40.26446,-44.95435,0.005,0.3127,0.0,2015-06-02T00:00:00Z,SVPB
300234062326760,2015-03-27T22:00:00Z,-40.25531,-44.95439,-0.0137,0.2447,3629.0,2015-06-02T00:00:00Z,SVPB
300234062326760,2015-03-27T23:00:00Z,-40.24839,-44.95444,0.0097,0.1856,3629.0,2015-06-02T00:00:00Z,SVPB
300234062326760,2015-03-28T00:00:00Z,-40.24302,-44.95336,0.0421,0.1409,0.0,2015-06-02T00:00:00Z,SVPB
300234062326760,2015-03-28T01:00:00Z,-40.23884,-44.95037,0.0941,0.1181,3629.0,2015-06-02T00:00:00Z,SVPB
300234062326760,2015-03-28T02:00:00Z,-40.23508,-44.94506,0.1587,0.1119,3629.0,2015-06-02T00:00:00Z,SVPB
300234062326760,2015-03-28T03:00:00Z,-40.23087,-44.93698,0.2198,0.1439,0.0,2015-06-02T00:00:00Z,SVPB
300234062326760,2015-03-28T04:00:00Z,-40.22523,-44.92718,0.2482,0.2048,3629.0,2015-06-02T00:00:00Z,SVPB
300234062326760,2015-03-28T05:00:00Z,-40.21767,-44.91708,0.2295,0.264,3629.0,2015-06-02T00:00:00Z,SVPB
300234062326760,2015-03-28T06:00:00Z,-40.20897,-44.90749,0.22,0.2789,0.0,2015-06-02T00:00:00Z,SVPB
300234062326760,2015-03-28T07:00:00Z,-40.20001,-44.89737,0.2528,0.2729,3629.0,2015-06-02T00:00:00Z,SVPB
300234062326760,2015-03-28T08:00:00Z,-40.19062,-44.88597,0.2888,0.3037,3629.0,2015-06-02T00:00:00Z,SVPB
300234062326760,2015-03-28T09:00:00Z,-40.18022,-44.87461,0.2547,0.3403,0.0,2015-06-02T00:00:00Z,SVPB
300234062326760,2015-03-28T10:00:00Z,-40.16923,-44.86459,0.2111,0.341,3629.0,2015-06-02T00:00:00Z,SVPB
300234062326760,2015-03-28T11:00:00Z,-40.15804,-44.85652,0.1753,0.3472,3629.0,2015-06-02T00:00:00Z,SVPB
300234062326760,2015-03-28T12:00:00Z,-40.14688,-44.85005,0.1264,0.3462,0.0,2015-06-02T00:00:00Z,SVPB
300234062326760,2015-03-28T13:00:00Z,-40.13638,-44.84518,0.1023,0.3049,3629.0,2015-06-02T00:00:00Z,SVPB
300234062326760,2015-03-28T14:00:00Z,-40.12765,-44.84035,0.1206,0.2387,3629.0,2015-06-02T00:00:00Z,SVPB
300234062326760,2015-03-28T15:00:00Z,-40.12109,-44.83509,0.1334,0.1645,0.0,2015-06-02T00:00:00Z,SVPB
300234062326760,2015-03-28T16:00:00Z,-40.11632,-44.82911,0.1444,0.1244,3629.0,2015-06-02T00:00:00Z,SVPB
300234062326760,2015-03-28T17:00:00Z,-40.11185,-44.82161,0.2042,0.1461,3629.0,2015-06-02T00:00:00Z,SVPB
300234062326760,2015-03-28T18:00:00Z,-40.10664,-44.81213,0.2511,0.1811,0.0,2015-06-02T00:00:00Z,SVPB
300234062326760,2015-03-28T19:00:00Z,-40.10049,-44.80093,0.2774,0.1983,3629.0,2015-06-02T00:00:00Z,SVPB
300234062326760,2015-03-28T20:00:00Z,-40.09411,-44.78921,0.2803,0.1986,3629.0,2015-06-02T00:00:00Z,SVPB
300234062326760,2015-03-28T21:00:00Z,-40.08757,-44.77708,0.2882,0.2022,0.0,2015-06-02T00:00:00Z,SVPB
300234062326760,2015-03-28T22:00:00Z,-40.08046,-44.76417,0.3224,0.2355,3629.0,2015-06-02T00:00:00Z,SVPB
300234062326760,2015-03-28T23:00:00Z,-40.07231,-44.75022,0.3389,0.2694,3629.0,2015-06-02T00:00:00Z,SVPB
300234062326760,2015-03-29T00:00:00Z,-40.06364,-44.73689,0.3004,0.2698,0.0,2015-06-02T00:00:00Z,SVPB
300234062326760,2015-03-29T01:00:00Z,-40.05484,-44.72522,0.2444,0.2702,3629.0,2015-06-02T00:00:00Z,SVPB
300234062326760,2015-03-29T02:00:00Z,-40.04611,-44.71525,0.2254,0.2727,3629.0,2015-06-02T00:00:00Z,SVPB
300234062326760,2015-03-29T03:00:00Z,-40.03763,-44.70546,0.2347,0.2515,0.0,2015-06-02T00:00:00Z,SVPB
300234062326760,2015-03-29T04:00:00Z,-40.03014,-44.69497,0.261,0.2141,3629.0,2015-06-02T00:00:00Z,SVPB
300234062326760,2015-03-29T05:00:00Z,-40.02365,-44.68333,0.2897,0.183,3629.0,2015-06-02T00:00:00Z,SVPB
300234062326760,2015-03-29T06:00:00Z,-40.0174,-44.67069,0.3098,0.1993,0.0,2015-06-02T00:00:00Z,SVPB
300234062326760,2015-03-29T07:00:00Z,-40.01049,-44.65754,0.3134,0.2293,3629.0,2015-06-02T00:00:00Z,SVPB
300234062326760,2015-03-29T08:00:00Z,-40.00311,-44.64468,0.297,0.2295,3629.0,2015-06-02T00:00:00Z,SVPB
300234062326760,2015-03-29T09:00:00Z,-39.99569,-44.63257,0.2748,0.2268,0.0,2015-06-02T00:00:00Z,SVPB
300234062326760,2015-03-29T10:00:00Z,-39.98838,-44.62107,0.2683,0.2264,3629.0,2015-06-02T00:00:00Z,SVPB
300234062326760,2015-03-29T11:00:00Z,-39.98131,-44.61014,0.2518,0.2108,3629.0,2015-06-02T00:00:00Z,SVPB
300234062326760,2015-03-29T12:00:00Z,-39.9746,-44.59996,0.228,0.2023,0.0,2015-06-02T00:00:00Z,SVPB
300234062326760,2015-03-29T13:00:00Z,-39.96818,-44.5897,0.2514,0.1954,3629.0,2015-06-02T00:00:00Z,SVPB
300234062326760,2015-03-29T14:00:00Z,-39.96211,-44.57892,0.2662,0.1797,3629.0,2015-06-02T00:00:00Z,SVPB
300234062326760,2015-03-29T15:00:00Z,-39.95646,-44.56737,0.2751,0.1686,0.0,2015-06-02T00:00:00Z,SVPB
300234062326760,2015-03-29T16:00:00Z,-39.95095,-44.55515,0.3063,0.1706,3629.0,2015-06-02T00:00:00Z,SVPB
300234062326760,2015-03-29T17:00:00Z,-39.94534,-44.54253,0.2952,0.1768,3629.0,2015-06-02T00:00:00Z,SVPB
300234062326760,2015-03-29T18:00:00Z,-39.93937,-44.52983,0.3006,0.1899,0.0,2015-06-02T00:00:00Z,SVPB
300234062326760,2015-03-29T19:00:00Z,-39.93271,-44.51731,0.2994,0.2201,3629.0,2015-06-02T00:00:00Z,SVPB
300234062326760,2015-03-29T20:00:00Z,-39.92556,-44.50496,0.2806,0.2261,3629.0,2015-06-02T00:00:00Z,SVPB
300234062326760,2015-03-29T21:00:00Z,-39.91829,-44.49311,0.2819,0.2207,0.0,2015-06-02T00:00:00Z,SVPB
300234062326760,2015-03-29T22:00:00Z,-39.91101,-44.48168,0.2618,0.2294,3629.0,2015-06-02T00:00:00Z,SVPB
300234062326760,2015-03-29T23:00:00Z,-39.90342,-44.47116,0.2358,0.2386,3629.0,2015-06-02T00:00:00Z,SVPB
300234062326760,2015-03-30T00:00:00Z,-39.89589,-44.46082,0.2494,0.2299,0.0,2015-06-02T00:00:00Z,SVPB
300234062326760,2015-03-30T01:00:00Z,-39.88844,-44.44975,0.2783,0.2264,3629.0,2015-06-02T00:00:00Z,SVPB
300234062326760,2015-03-30T02:00:00Z,-39.88082,-44.43844,0.2619,0.2447,3629.0,2015-06-02T00:00:00Z,SVPB
300234062326760,2015-03-30T03:00:00Z,-39.87332,-44.42779,0.2398,0.2237,0.0,2015-06-02T00:00:00Z,SVPB
300234062326760,2015-03-30T04:00:00Z,-39.86676,-44.41795,0.2284,0.18,3629.0,2015-06-02T00:00:00Z,SVPB
300234062326760,2015-03-30T05:00:00Z,-39.86142,-44.40859,0.2142,0.1488,3629.0,2015-06-02T00:00:00Z,SVPB
300234062326760,2015-03-30T06:00:00Z,-39.85663,-44.39982,0.2027,0.1438,0.0,2015-06-02T00:00:00Z,SVPB
300234062326760,2015-03-30T07:00:00Z,-39.85192,-44.39051,0.2302,0.1489,3629.0,2015-06-02T00:00:00Z,SVPB
300234062326760,2015-03-30T08:00:00Z,-39.84719,-44.37924,0.3057,0.1426,3629.0,2015-06-02T00:00:00Z,SVPB
300234062326760,2015-03-30T09:00:00Z,-39.84243,-44.36595,0.3317,0.1503,0.0,2015-06-02T00:00:00Z,SVPB
300234062326760,2015-03-30T10:00:00Z,-39.83706,-44.352,0.3284,0.1796,3629.0,2015-06-02T00:00:00Z,SVPB
300234062326760,2015-03-30T11:00:00Z,-39.83059,-44.33829,0.3237,0.2204,3629.0,2015-06-02T00:00:00Z,SVPB
300234062326760,2015-03-30T12:00:00Z,-39.82298,-44.32463,0.3224,0.2511,0.0,2015-06-02T00:00:00Z,SVPB
300234062326760,2015-03-30T13:00:00Z,-39.81395,-44.31068,0.3381,0.2998,3629.0,2015-06-02T00:00:00Z,SVPB
300234062326760,2015-03-30T14:00:00Z,-39.80384,-44.29713,0.3113,0.3318,3629.0,2015-06-02T00:00:00Z,SVPB
300234062326760,2015-03-30T15:00:00Z,-39.79291,-44.28541,0.2444,0.3403,0.0,2015-06-02T00:00:00Z,SVPB
300234062326760,2015-03-30T16:00:00Z,-39.78138,-44.27614,0.193,0.3723,3629.0,2015-06-02T00:00:00Z,SVPB
300234062326760,2015-03-30T17:00:00Z,-39.76924,-44.2684,0.1715,0.3813,3629.0,2015-06-02T00:00:00Z,SVPB
300234062326760,2015-03-30T18:00:00Z,-39.75711,-44.26159,0.1536,0.3679,0.0,2015-06-02T00:00:00Z,SVPB
300234062326760,2015-03-30T19:00:00Z,-39.74545,-44.25637,0.1004,0.3536,3629.0,2015-06-02T00:00:00Z,SVPB
300234062326760,2015-03-30T20:00:00Z,-39.7343,-44.25253,0.0738,0.3346,3629.0,2015-06-02T00:00:00Z,SVPB
300234062326760,2015-03-30T21:00:00Z,-39.72425,-44.24956,0.0708,0.2911,0.0,2015-06-02T00:00:00Z,SVPB
300234062326760,2015-03-30T22:00:00Z,-39.71516,-44.2468,0.0576,0.2639,3629.0,2015-06-02T00:00:00Z,SVPB
300234062326760,2015-03-30T23:00:00Z,-39.70682,-44.24428,0.0619,0.2541,3629.0,2015-06-02T00:00:00Z,SVPB
300234062326760,2015-03-31T00:00:00Z,-39.6992,-44.24148,0.0705,0.2175,0.0,2015-06-02T00:00:00Z,SVPB
300234062326760,2015-03-31T01:00:00Z,-39.69241,-44.23852,0.0717,0.1986,3629.0,2015-06-02T00:00:00Z,SVPB
300234062326760,2015-03-31T02:00:00Z,-39.68628,-44.23594,0.0528,0.1831,3629.0,2015-06-02T00:00:00Z,SVPB
300234062326760,2015-03-31T03:00:00Z,-39.68114,-44.23359,0.0541,0.1371,0.0,2015-06-02T00:00:00Z,SVPB
300234062326760,2015-03-31T04:00:00Z,-39.67745,-44.228,0.1624,0.0996,3629.0,2015-06-02T00:00:00Z,SVPB
300234062326760,2015-03-31T05:00:00Z,-39.67383,-44.22009,0.2607,0.1356,3629.0,2015-06-02T00:00:00Z,SVPB
300234062326760,2015-03-31T06:00:00Z,-39.66903,-44.20824,0.2995,0.1624,0.0,2015-06-02T00:00:00Z,SVPB
300234062326760,2015-03-31T07:00:00Z,-39.66326,-44.19501,0.3338,0.1922,3629.0,2015-06-02T00:00:00Z,SVPB
300234062326760,2015-03-31T08:00:00Z,-39.65634,-44.18116,0.3273,0.2352,3629.0,2015-06-02T00:00:00Z,SVPB
300234062326760,2015-03-31T09:00:00Z,-39.64756,-44.16832,0.2884,0.2993,0.0,2015-06-02T00:00:00Z,SVPB
300234062326760,2015-03-31T10:00:00Z,-39.63674,-44.15755,0.2239,0.3724,3629.0,2015-06-02T00:00:00Z,SVPB
300234062326760,2015-03-31T11:00:00Z,-39.62427,-44.14961,0.1517,0.4031,3629.0,2015-06-02T00:00:00Z,SVPB
300234062326760,2015-03-31T12:00:00Z,-39.61131,-44.14419,0.1013,0.3983,0.0,2015-06-02T00:00:00Z,SVPB
300234062326760,2015-03-31T13:00:00Z,-39.59853,-44.14015,0.0883,0.3908,3629.0,2015-06-02T00:00:00Z,SVPB
300234062326760,2015-03-31T14:00:00Z,-39.58644,-44.13635,0.0929,0.3607,3629.0,2015-06-02T00:00:00Z,SVPB
300234062326760,2015-03-31T15:00:00Z,-39.57566,-44.13349,0.052,0.3077,0.0,2015-06-02T00:00:00Z,SVPB
300234062326760,2015-03-31T16:00:00Z,-39.56712,-44.13164,0.0273,0.2281,3629.0,2015-06-02T00:00:00Z,SVPB
300234062326760,2015-03-31T17:00:00Z,-39.56066,-44.12997,0.058,0.157,3629.0,2015-06-02T00:00:00Z,SVPB
300234062326760,2015-03-31T18:00:00Z,-39.55569,-44.12694,0.0851,0.1471,0.0,2015-06-02T00:00:00Z,SVPB
300234062326760,2015-03-31T19:00:00Z,-39.55063,-44.12322,0.0959,0.1642,3629.0,2015-06-02T00:00:00Z,SVPB
300234062326760,2015-03-31T20:00:00Z,-39.54549,-44.11886,0.1074,0.1581,3629.0,2015-06-02T00:00:00Z,SVPB
300234062326760,2015-03-31T21:00:00Z,-39.54077,-44.11343,0.1514,0.1317,0.0,2015-06-02T00:00:00Z,SVPB
300234062326760,2015-03-31T22:00:00Z,-39.53661,-44.10644,0.1839,0.1241,3629.0,2015-06-02T00:00:00Z,SVPB
300234062326760,2015-03-31T23:00:00Z,-39.53254,-44.09763,0.2298,0.127,3629.0,2015-06-02T00:00:00Z,SVPB
300234062326760,2015-04-01T00:00:00Z,-39.52854,-44.08717,0.2746,0.1211,0.0,2015-06-02T00:00:00Z,SVPB
300234062326760,2015-04-01T01:00:00Z,-39.52309,-44.07459,0.3107,0.1825,3629.0,2015-06-02T00:00:00Z,SVPB
300234062326760,2015-04-01T02:00:00Z,-39.5163,-44.06128,0.3348,0.276,3629.0,2015-06-02T00:00:00Z,SVPB
300234062326760,2015-04-01T03:00:00Z,-39.50692,-44.04737,0.3288,0.3032,0.0,2015-06-02T00:00:00Z,SVPB
300234062326760,2015-04-01T04:00:00Z,-39.49622,-44.03373,0.321,0.3526,3629.0,2015-06-02T00:00:00Z,SVPB
300234062326760,2015-04-01T05:00:00Z,-39.48409,-44.02109,0.2862,0.4003,3629.0,2015-06-02T00:00:00Z,SVPB
300234062326760,2015-04-01T06:00:00Z,-39.47078,-44.00994,0.241,0.4232,0.0,2015-06-02T00:00:00Z,SVPB
300234062326760,2015-04-01T07:00:00Z,-39.45664,-44.00048,0.2111,0.4493,3629.0,2015-06-02T00:00:00Z,SVPB
300234062326760,2015-04-01T08:00:00Z,-39.44158,-43.99252,0.1697,0.4805,3629.0,2015-06-02T00:00:00Z,SVPB
300234062326760,2015-04-01T09:00:00Z,-39.4258,-43.98659,0.1143,0.4965,0.0,2015-06-02T00:00:00Z,SVPB
300234062326760,2015-04-01T10:00:00Z,-39.41036,-43.98418,0.0202,0.4668,3629.0,2015-06-02T00:00:00Z,SVPB
300234062326760,2015-04-01T11:00:00Z,-39.39685,-43.98451,-0.0475,0.368,3629.0,2015-06-02T00:00:00Z,SVPB
300234062326760,2015-04-01T12:00:00Z,-39.38754,-43.98583,-0.0235,0.2268,0.0,2015-06-02T00:00:00Z,SVPB
300234062326760,2015-04-01T13:00:00Z,-39.38201,-43.98566,0.0391,0.0951,3629.0,2015-06-02T00:00:00Z,SVPB
300234062326760,2015-04-01T14:00:00Z,-39.38075,-43.98192,0.1296,-0.0113,3629.0,2015-06-02T00:00:00Z,SVPB
300234062326760,2015-04-01T15:00:00Z,-39.38135,-43.97495,0.2219,-0.0392,0.0,2015-06-02T00:00:00Z,SVPB
300234062326760,2015-04-01T16:00:00Z,-39.38295,-43.96359,0.3099,-0.0521,3629.0,2015-06-02T00:00:00Z,SVPB
300234062326760,2015-04-01T17:00:00Z,-39.38466,-43.94847,0.4162,-0.0612,3629.0,2015-06-02T00:00:00Z,SVPB
300234062326760,2015-04-01T18:00:00Z,-39.38572,-43.9293,0.5021,-0.0061,0.0,2015-06-02T00:00:00Z,SVPB
300234062326760,2015-04-01T19:00:00Z,-39.38456,-43.90698,0.5644,0.0754,3629.0,2015-06-02T00:00:00Z,SVPB
300234062326760,2015-04-01T20:00:00Z,-39.38008,-43.88261,0.5995,0.191,3629.0,2015-06-02T00:00:00Z,SVPB
300234062326760,2015-04-01T21:00:00Z,-39.37251,-43.85772,0.5915,0.2931,0.0,2015-06-02T00:00:00Z,SVPB
300234062326760,2015-04-01T22:00:00Z,-39.36229,-43.83426,0.5345,0.3408,3629.0,2015-06-02T00:00:00Z,SVPB
300234062326760,2015-04-01T23:00:00Z,-39.35141,-43.81339,0.458,0.3347,3629.0,2015-06-02T00:00:00Z,SVPB
300234062326760,2015-04-02T00:00:00Z,-39.34145,-43.79574,0.3894,0.2856,0.0,2015-06-02T00:00:00Z,SVPB
300234062326760,2015-04-02T01:00:00Z,-39.33344,-43.78061,0.3304,0.2096,3629.0,2015-06-02T00:00:00Z,SVPB
300234062326760,2015-04-02T02:00:00Z,-39.32736,-43.76708,0.3118,0.1576,3629.0,2015-06-02T00:00:00Z,SVPB
300234062326760,2015-04-02T03:00:00Z,-39.32288,-43.75427,0.3024,0.1219,0.0,2015-06-02T00:00:00Z,SVPB
300234062326760,2015-04-02T04:00:00Z,-39.32039,-43.74299,0.2494,0.0467,3629.0,2015-06-02T00:00:00Z,SVPB
300234062326760,2015-04-02T05:00:00Z,-39.31972,-43.73303,0.2139,-0.0203,3629.0,2015-06-02T00:00:00Z,SVPB
300234062326760,2015-04-02T06:00:00Z,-39.32094,-43.72395,0.2207,-0.0553,0.0,2015-06-02T00:00:00Z,SVPB
300234062326760,2015-04-02T07:00:00Z,-39.32306,-43.71461,0.2254,-0.0774,3629.0,2015-06-02T00:00:00Z,SVPB
300234062326760,2015-04-02T08:00:00Z,-39.32555,-43.70537,0.218,-0.0775,3629.0,2015-06-02T00:00:00Z,SVPB
300234062326760,2015-04-02T09:00:00Z,-39.32817,-43.69669,0.1968,-0.0827,0.0,2015-06-02T00:00:00Z,SVPB
300234062326760,2015-04-02T10:00:00Z,-39.33128,-43.68856,0.1896,-0.1081,3629.0,2015-06-02T00:00:00Z,SVPB
300234062326760,2015-04-02T11:00:00Z,-39.33571,-43.68064,0.1899,-0.1608,3629.0,2015-06-02T00:00:00Z,SVPB
300234062326760,2015-04-02T12:00:00Z,-39.34152,-43.67186,0.2235,-0.2024,0.0,2015-06-02T00:00:00Z,SVPB
300234062326760,2015-04-02T13:00:00Z,-39.34814,-43.6616,0.2722,-0.2078,3629.0,2015-06-02T00:00:00Z,SVPB
300234062326760,2015-04-02T14:00:00Z,-39.3548,-43.64825,0.3469,-0.2044,3629.0,2015-06-02T00:00:00Z,SVPB
300234062326760,2015-04-02T15:00:00Z,-39.3608,-43.63319,0.3897,-0.1661,0.0,2015-06-02T00:00:00Z,SVPB
300234062326760,2015-04-02T16:00:00Z,-39.3655,-43.61742,0.3623,-0.1205,3629.0,2015-06-02T00:00:00Z,SVPB
300234062326760,2015-04-02T17:00:00Z,-39.36818,-43.60565,0.2554,-0.0687,3629.0,2015-06-02T00:00:00Z,SVPB
300234062326760,2015-04-02T18:00:00Z,-39.37011,-43.59701,0.0932,-0.0352,0.0,2015-06-02T00:00:00Z,SVPB
300234062326760,2015-04-02T19:00:00Z,-39.37141,-43.59445,0.0191,-0.0436,3629.0,2015-06-02T00:00:00Z,SVPB
300234062326760,2015-04-02T20:00:00Z,-39.3733,-43.59546,-0.0585,-0.0709,3629.0,2015-06-02T00:00:00Z,SVPB
300234062326760,2015-04-02T21:00:00Z,-39.37609,-43.60019,-0.1647,-0.1008,0.0,2015-06-02T00:00:00Z,SVPB
300234062326760,2015-04-02T22:00:00Z,-39.38063,-43.60882,-0.2492,-0.1716,3629.0,2015-06-02T00:00:00Z,SVPB
300234062326760,2015-04-02T23:00:00Z,-39.38764,-43.61956,-0.2702,-0.2714,3629.0,2015-06-02T00:00:00Z,SVPB
300234062326760,2015-04-03T00:00:00Z,-39.39772,-43.62996,-0.2313,-0.3502,0.0,2015-06-02T00:00:00Z,SVPB
300234062326760,2015-04-03T01:00:00Z,-39.40975,-43.63951,-0.2165,-0.4002,3629.0,2015-06-02T00:00:00Z,SVPB
300234062326760,2015-04-03T02:00:00Z,-39.42315,-43.64848,-0.2164,-0.4273,3629.0,2015-06-02T00:00:00Z,SVPB
300234062326760,2015-04-03T03:00:00Z,-39.43796,-43.65603,-0.1557,-0.4775,0.0,2015-06-02T00:00:00Z,SVPB
300234062326760,2015-04-03T04:00:00Z,-39.45388,-43.65971,-0.0332,-0.5109,3629.0,2015-06-02T00:00:00Z,SVPB
300234062326760,2015-04-03T05:00:00Z,-39.46987,-43.66033,0.026,-0.4721,3629.0,2015-06-02T00:00:00Z,SVPB
300234062326760,2015-04-03T06:00:00Z,-39.48452,-43.65829,0.0621,-0.4334,0.0,2015-06-02T00:00:00Z,SVPB
300234062326760,2015-04-03T07:00:00Z,-39.49795,-43.65294,0.1764,-0.4003,3629.0,2015-06-02T00:00:00Z,SVPB
300234062326760,2015-04-03T08:00:00Z,-39.50981,-43.64463,0.237,-0.3299,3629.0,2015-06-02T00:00:00Z,SVPB
300234062326760,2015-04-03T09:00:00Z,-39.51872,-43.63414,0.2575,-0.227,0.0,2015-06-02T00:00:00Z,SVPB
300234062326760,2015-04-03T10:00:00Z,-39.52458,-43.62351,0.2565,-0.129,3629.0,2015-06-02T00:00:00Z,SVPB
300234062326760,2015-04-03T11:00:00Z,-39.52722,-43.61484,0.1701,-0.0421,3629.0,2015-06-02T00:00:00Z,SVPB
300234062326760,2015-04-03T12:00:00Z,-39.52825,-43.6089,0.0931,-0.0094,0.0,2015-06-02T00:00:00Z,SVPB
