replicate,window_indices,available_windows,Theta_b_km
1,6 1 1 4 5 5 4 4 8,5,-65.774000
2,3 3 3 3 6 5 6 2 6,6,-41.283000
3,7 7 3 2 7 3 4 1 5,5,-41.283000
4,2 2 4 7 8 7 6 5 0,5,-21.379000
5,7 7 1 4 0 2 2 1 5,6,-19.625500
6,0 7 8 5 8 4 4 4 4,4,-72.072500
7,5 4 5 8 5 1 7 7 2,6,-65.774000
8,3 5 0 7 8 6 6 7 3,5,-41.283000
9,7 8 8 8 4 5 1 4 7,5,-78.371000
10,5 3 2 1 4 7 0 8 8,7,-41.283000
11,2 5 3 1 1 8 3 6 1,8,-31.331000
12,0 1 7 8 0 4 3 8 3,7,-41.283000
13,8 1 5 5 8 6 8 1 0,8,-65.774000
14,0 4 0 7 7 1 5 7 7,4,-17.872000
15,0 4 5 3 2 0 1 1 3,8,-19.625500
16,0 7 8 1 6 5 5 8 7,6,-65.774000
17,0 4 1 8 1 8 6 6 6,5,-17.872000
18,2 1 1 2 8 2 4 1 3,8,-21.379000
19,5 5 0 3 5 0 1 3 2,9,-41.283000
20,5 5 1 8 1 1 6 8 6,7,-65.774000
21,7 1 2 0 6 2 8 6 7,5,-21.379000
22,5 7 5 6 3 7 5 2 7,5,-65.774000
23,8 1 2 2 6 3 4 0 1,7,-21.379000
24,4 8 7 1 2 2 6 7 4,4,-21.379000
25,1 8 7 7 5 0 6 7 7,4,-41.823000
26,1 0 6 7 5 6 8 5 8,6,-65.774000
27,7 5 6 0 2 0 4 7 4,4,-19.625500
28,5 3 2 3 0 4 2 1 8,8,-31.331000
29,4 0 3 5 3 2 8 5 3,8,-41.283000
30,1 2 1 0 3 0 3 6 7,7,-17.872000
31,8 5 6 1 3 8 4 7 6,5,-65.774000
32,3 1 8 1 2 3 6 5 3,8,-41.283000
33,8 8 2 6 4 8 3 2 2,7,-41.283000
34,0 6 0 3 5 1 3 7 3,7,-41.283000
35,0 0 2 7 4 0 8 2 1,7,-17.872000
36,3 1 3 2 0 1 2 0 6,8,-19.625500
37,0 3 4 8 1 7 7 8 8,6,-59.827000
38,4 6 7 2 5 0 1 0 6,5,-17.872000
39,0 0 2 8 5 1 3 6 3,8,-31.331000
40,3 2 4 8 4 0 8 3 8,7,-41.283000
41,1 7 6 8 3 4 4 2 8,5,-41.283000
42,6 8 2 5 0 0 2 2 3,8,-21.379000
43,3 8 0 6 0 0 0 5 1,8,-17.872000
44,6 0 3 8 6 4 4 3 2,5,-41.283000
45,5 8 3 2 7 8 8 0 7,7,-65.774000
46,4 4 1 6 5 3 0 0 4,5,-17.872000
47,3 3 3 0 5 6 1 1 6,7,-41.283000
48,5 6 2 6 1 7 0 8 2,6,-21.379000
49,7 4 7 1 1 0 7 2 2,5,-17.872000
50,8 6 6 0 6 3 4 7 3,4,-41.283000
51,8 0 0 6 4 6 0 8 5,6,-41.823000
52,2 7 2 1 4 2 8 6 2,6,-21.379000
53,5 4 5 0 7 4 2 1 8,6,-43.576500
54,0 6 6 6 6 2 7 5 4,3,-21.379000
55,8 6 2 3 7 4 8 0 0,6,-31.331000
56,6 6 6 3 4 0 4 2 6,3,-21.379000
57,4 3 5 5 2 5 5 6 7,6,-65.774000
58,7 3 4 0 7 6 4 8 7,3,-41.283000
59,8 7 5 0 3 5 4 7 5,6,-65.774000
60,3 8 3 8 1 2 5 5 5,9,-65.774000
61,7 0 8 8 2 2 0 4 4,6,-21.379000
62,0 1 5 0 1 1 0 3 2,9,-17.872000
63,0 1 8 8 2 2 3 6 8,8,-31.331000
64,4 0 6 1 1 3 2 2 0,7,-17.872000
65,6 8 0 0 2 2 4 4 2,6,-21.379000
66,5 2 7 7 6 6 2 5 8,5,-65.774000
67,0 0 6 0 8 4 7 2 7,5,-17.872000
68,0 0 2 7 6 6 7 1 7,4,-17.872000
69,5 2 3 0 6 2 5 3 4,7,-41.283000
70,7 6 4 2 5 7 3 7 8,4,-53.528500
71,7 6 5 3 1 1 0 8 5,7,-41.283000
72,7 3 2 4 2 0 5 8 3,7,-41.283000
73,0 8 8 6 2 4 0 7 6,5,-21.379000
74,2 7 3 4 6 3 5 1 5,6,-41.283000
75,0 8 2 6 5 2 4 5 6,6,-43.576500
76,8 1 4 5 8 1 7 5 0,7,-65.774000
77,2 6 1 4 5 6 5 7 1,5,-21.379000
78,0 1 8 7 1 3 1 0 5,8,-17.872000
79,3 6 5 4 6 5 6 5 7,4,-65.774000
80,6 3 8 7 3 4 5 2 0,6,-41.283000
81,6 3 8 3 3 3 2 6 6,6,-41.283000
82,7 6 1 4 5 6 2 2 2,5,-21.379000
83,3 1 0 1 7 4 4 5 4,5,-17.872000
84,8 4 3 0 4 4 5 1 2,6,-31.331000
85,0 5 7 4 1 5 5 8 4,6,-65.774000
86,7 4 6 6 6 1 0 8 5,4,-41.823000
87,2 2 8 6 8 7 4 5 4,5,-65.774000
88,8 3 2 4 5 0 6 6 5,6,-53.528500
89,2 6 6 6 6 4 0 0 7,3,-17.872000
90,3 2 0 6 3 7 7 2 4,5,-21.379000
91,0 1 1 4 1 4 7 3 5,6,-11.743500
92,4 3 8 8 2 2 8 3 7,7,-41.283000
93,6 8 4 8 2 2 5 1 7,6,-43.576500
94,5 6 8 4 8 5 6 6 7,4,-72.072500
95,7 7 1 7 4 7 0 4 8,3,-17.872000
96,2 5 5 8 3 2 0 2 6,8,-31.331000
97,5 7 3 6 8 4 2 6 1,5,-41.283000
98,1 0 3 5 8 6 3 4 4,6,-41.283000
99,2 0 5 6 3 8 3 2 7,7,-41.283000
100,6 1 4 4 2 3 6 0 2,5,-21.379000
101,8 8 7 7 4 5 4 2 2,5,-65.774000
102,5 3 4 0 1 3 4 0 8,7,-41.283000
103,5 8 1 4 3 7 1 1 5,7,-41.283000
104,5 6 7 8 6 0 2 8 8,6,-72.072500
105,6 8 5 1 1 5 7 4 7,5,-65.774000
106,3 4 1 5 3 3 6 3 7,6,-41.283000
107,5 1 7 8 0 2 4 5 2,7,-21.379000
108,4 0 3 5 7 1 2 0 3,7,-21.379000
109,7 3 3 6 7 5 2 4 8,5,-41.283000
110,4 6 0 1 2 3 8 5 4,6,-31.331000
111,1 2 8 0 5 0 2 8 1,9,-21.379000
112,6 8 3 5 1 3 8 2 5,8,-53.528500
113,3 4 7 3 2 3 5 7 2,6,-41.283000
114,5 1 0 3 4 6 7 0 3,6,-29.577500
115,8 1 5 8 8 4 5 8 4,7,-78.371000
116,7 5 4 5 6 8 4 1 7,4,-65.774000
117,6 4 8 6 1 8 0 8 8,6,-78.371000
118,3 0 8 1 3 8 0 1 2,9,-21.379000
119,7 3 2 6 2 7 2 7 1,5,-21.379000
120,3 3 1 1 3 0 7 2 8,8,-31.331000
121,2 1 2 3 6 8 4 4 4,5,-21.379000
122,4 0 8 2 3 8 7 3 2,7,-41.283000
123,8 4 1 4 0 5 2 6 6,5,-21.379000
124,1 3 5 5 0 6 5 7 4,6,-53.528500
125,2 0 2 5 6 2 4 4 3,6,-21.379000
126,4 6 5 4 5 6 5 3 8,5,-65.774000
127,8 5 7 2 3 2 5 3 4,7,-41.283000
128,5 8 7 7 0 8 0 1 2,7,-21.379000
129,3 3 3 7 1 8 0 6 4,6,-41.283000
130,8 3 0 1 4 4 8 3 3,7,-41.283000
131,1 7 7 6 0 1 7 2 0,5,-17.872000
132,3 2 2 3 8 6 0 2 6,7,-21.379000
133,3 5 7 0 1 5 5 0 3,8,-41.283000
134,2 5 0 5 1 1 1 4 5,8,-19.625500
135,4 8 5 6 8 5 4 0 8,6,-72.072500
136,1 6 4 2 4 8 2 4 4,4,-21.379000
137,0 8 5 4 4 6 3 2 7,5,-41.283000
138,7 7 7 7 2 3 3 6 3,4,-41.283000
139,8 7 4 5 5 2 6 2 5,6,-65.774000
140,6 3 0 5 1 2 1 2 2,8,-21.379000
141,7 3 7 0 4 8 2 0 2,6,-21.379000
142,6 3 4 6 8 2 4 6 6,3,-41.283000
143,6 4 0 3 4 4 2 6 1,4,-19.625500
144,2 7 8 8 7 0 5 3 3,7,-41.283000
145,8 4 7 2 7 5 5 2 5,6,-65.774000
146,2 0 4 6 6 1 1 5 1,6,-11.743500
147,7 2 6 4 1 3 3 3 3,6,-41.283000
148,0 5 0 8 8 3 7 6 0,7,-41.283000
149,5 1 6 4 2 8 6 2 6,5,-21.379000
150,2 8 1 2 7 4 3 8 1,7,-21.379000
151,1 7 2 4 7 7 2 2 7,4,-21.379000
152,3 0 4 0 4 0 7 3 8,6,-29.577500
153,8 7 5 5 3 8 1 1 2,8,-53.528500
154,0 0 1 5 2 0 0 8 6,8,-17.872000
155,4 3 1 2 7 8 8 6 5,6,-53.528500
156,8 5 4 4 4 1 1 7 6,4,-35.694500
157,8 7 0 5 3 1 0 2 2,8,-21.379000
158,8 0 4 2 8 0 3 3 7,7,-41.283000
159,1 2 7 4 1 7 0 3 1,6,-11.743500
160,0 6 2 8 8 7 2 3 2,7,-21.379000
161,6 4 4 6 8 6 0 2 3,4,-31.331000
162,4 1 0 1 0 3 2 3 4,7,-17.872000
163,6 5 6 7 3 3 3 1 6,5,-41.283000
164,0 5 7 4 4 3 4 7 5,4,-53.528500
165,4 8 0 5 4 6 0 8 8,6,-72.072500
166,7 0 4 3 8 2 2 4 2,6,-21.379000
167,5 7 4 1 5 4 6 4 6,3,-65.774000
168,6 7 2 8 3 0 6 6 0,5,-21.379000
169,6 7 2 6 0 5 7 2 0,5,-21.379000
170,3 0 4 6 6 0 0 1 0,6,-17.872000
171,2 4 8 2 8 4 6 0 6,5,-21.379000
172,2 1 8 3 1 3 4 0 0,8,-19.625500
173,5 2 7 2 5 6 3 6 0,6,-31.331000
174,8 8 1 5 6 4 8 2 7,6,-72.072500
175,3 3 6 3 8 2 5 7 2,7,-41.283000
176,1 8 6 0 6 2 4 2 5,6,-21.379000
177,8 5 2 8 1 3 1 5 8,9,-65.774000
178,6 8 7 3 1 1 4 2 6,5,-21.379000
179,8 0 1 0 2 6 1 0 1,8,-17.872000
180,0 6 6 8 6 6 5 3 7,4,-53.528500
181,2 0 8 0 2 0 6 1 8,8,-19.625500
182,8 8 5 6 4 2 2 3 6,6,-53.528500
183,1 5 5 4 5 2 4 6 0,6,-43.576500
184,0 5 0 8 1 2 2 6 2,8,-21.379000
185,3 0 3 7 8 7 3 7 6,5,-41.283000
186,2 1 8 1 8 2 2 5 7,8,-21.379000
187,4 5 8 6 3 4 7 5 4,4,-65.774000
188,2 1 1 5 3 8 3 0 0,9,-21.379000
189,2 3 4 6 7 4 5 5 6,4,-53.528500
190,5 8 1 2 7 0 4 8 3,7,-41.283000
191,0 1 4 8 6 1 7 7 3,5,-17.872000
192,0 6 1 3 3 8 7 3 6,6,-41.283000
193,3 8 8 6 0 3 8 2 4,7,-41.283000
194,7 0 5 8 0 7 7 5 2,6,-43.576500
195,2 3 7 3 5 2 1 3 7,7,-41.283000
196,7 1 8 6 4 4 5 5 0,5,-65.774000
197,0 8 7 1 5 8 0 2 1,8,-19.625500
198,5 4 1 3 3 4 8 7 6,5,-41.283000
199,8 8 2 3 8 2 3 6 0,8,-41.283000
200,8 6 8 1 0 0 1 4 7,6,-17.872000
201,2 8 8 7 8 8 1 4 7,6,-78.371000
202,1 1 2 2 3 4 2 3 1,8,-21.379000
203,0 4 4 8 7 4 8 3 6,4,-59.827000
204,1 1 8 4 1 8 1 3 3,8,-23.449000
205,8 2 0 8 2 4 1 6 3,7,-21.379000
206,3 4 1 2 8 1 7 6 3,6,-31.331000
207,0 8 8 1 2 4 8 6 0,7,-21.379000
208,3 6 5 0 4 4 8 4 1,5,-41.283000
209,5 8 6 5 1 2 0 1 3,8,-31.331000
210,7 6 6 8 5 0 1 0 6,5,-17.872000
211,5 0 8 0 0 1 5 3 6,8,-29.577500
212,2 8 8 7 8 0 7 3 1,7,-41.283000
213,1 6 8 2 6 4 2 6 0,5,-21.379000
214,2 8 7 0 1 8 8 5 2,8,-43.576500
215,2 8 6 1 8 3 2 8 3,8,-41.283000
216,4 2 3 3 0 0 7 7 8,6,-31.331000
217,6 2 6 4 0 7 6 7 6,2,-19.625500
218,6 0 5 0 0 6 8 4 7,5,-17.872000
219,7 5 8 2 1 4 8 5 8,7,-65.774000
220,2 6 8 6 0 1 8 5 0,7,-21.379000
221,2 8 8 6 3 6 2 4 7,5,-41.283000
222,8 5 7 1 5 3 4 1 8,7,-65.774000
223,8 6 1 2 0 3 0 4 0,7,-17.872000
224,6 6 3 8 5 3 3 5 0,7,-41.283000
225,0 2 1 6 3 0 1 2 0,8,-17.872000
226,0 5 2 7 3 6 2 3 8,7,-41.283000
227,8 6 0 7 5 5 5 8 0,7,-65.774000
228,7 5 5 4 3 2 4 2 8,6,-53.528500
229,3 4 2 0 2 3 8 4 6,6,-31.331000
230,3 0 7 2 3 6 1 5 5,7,-41.283000
231,5 8 6 2 0 6 4 4 5,5,-65.774000
232,3 5 2 8 8 0 3 4 2,8,-41.283000
233,5 2 3 1 8 1 5 3 3,9,-41.283000
234,6 2 2 6 6 6 1 1 2,5,-21.379000
235,7 1 0 7 6 7 6 5 0,4,-17.872000
236,8 5 7 7 4 1 2 6 3,5,-41.283000
237,2 3 3 3 7 8 5 5 7,7,-41.283000
238,4 4 4 0 5 5 5 8 0,6,-65.774000
239,1 8 3 8 1 4 5 0 5,8,-53.528500
240,2 8 5 6 2 2 4 5 4,6,-43.576500
241,5 1 4 5 8 6 2 1 6,6,-43.576500
242,6 7 0 6 8 1 4 5 2,5,-21.379000
243,1 1 3 5 2 5 8 3 8,9,-41.283000
244,1 6 1 1 6 5 4 6 4,4,-5.615000
245,0 2 6 6 4 7 1 7 0,4,-17.872000
246,0 1 3 0 0 3 5 8 8,9,-41.283000
247,7 1 7 0 5 3 7 2 5,6,-31.331000
248,8 1 3 2 7 5 2 0 8,8,-31.331000
249,6 4 2 4 6 6 6 8 2,3,-21.379000
250,1 5 5 0 2 6 0 5 1,8,-19.625500
251,2 3 7 1 1 4 4 5 4,5,-21.379000
252,3 7 2 7 7 1 3 4 3,5,-41.283000
253,1 8 0 5 1 4 8 0 7,7,-17.872000
254,2 6 4 1 1 8 6 7 8,5,-21.379000
255,3 1 0 4 7 3 4 3 7,5,-41.283000
256,8 5 7 8 6 5 1 0 4,6,-65.774000
257,7 0 2 4 5 3 7 6 0,5,-21.379000
258,0 8 1 7 2 6 8 7 6,5,-21.379000
259,1 7 0 4 8 3 2 0 0,7,-17.872000
260,4 8 6 7 6 3 0 1 1,5,-17.872000
261,5 7 7 5 8 8 4 0 2,6,-65.774000
262,3 0 2 4 6 7 2 2 5,6,-21.379000
263,6 0 3 3 5 2 0 6 3,7,-41.283000
264,0 6 1 4 2 7 1 4 2,5,-17.872000
265,6 7 3 3 6 4 2 4 6,3,-41.283000
266,0 1 3 0 3 5 4 7 5,7,-41.283000
267,3 5 6 5 0 1 2 2 8,8,-31.331000
268,1 2 0 3 2 5 2 6 1,8,-21.379000
269,5 3 0 3 2 1 3 3 7,8,-41.283000
270,2 1 0 1 1 0 4 4 4,6,-11.743500
271,6 2 8 2 1 5 8 6 5,7,-65.774000
272,3 8 8 4 6 7 8 8 3,6,-78.371000
273,6 7 2 0 2 0 7 2 4,5,-21.379000
274,6 5 2 8 0 8 7 4 4,5,-65.774000
275,4 7 1 4 5 7 0 8 6,4,-41.823000
276,2 3 8 6 4 3 7 4 6,4,-41.283000
277,7 1 3 3 4 2 8 2 4,6,-31.331000
278,6 7 2 1 2 2 1 8 8,7,-21.379000
279,0 7 5 3 4 5 0 4 5,6,-53.528500
280,2 8 1 6 0 3 4 2 6,6,-21.379000
281,3 2 3 2 3 5 3 0 6,8,-41.283000
282,2 4 5 0 4 2 2 2 3,7,-21.379000
283,0 7 3 1 3 1 0 4 8,7,-17.872000
284,2 6 5 4 5 4 8 4 1,5,-65.774000
285,2 4 4 8 1 5 4 3 5,6,-53.528500
286,1 5 7 8 2 8 4 4 4,5,-65.774000
287,1 5 8 8 2 4 8 2 7,7,-65.774000
288,1 7 6 0 0 4 1 6 0,5,-17.872000
289,1 2 5 5 2 2 4 8 3,8,-31.331000
290,0 7 6 0 3 4 7 8 8,5,-41.283000
291,6 7 7 8 1 7 5 6 6,3,-65.774000
292,8 4 0 1 1 2 6 1 7,6,-11.743500
293,2 2 8 4 8 6 4 7 2,5,-21.379000
294,3 1 4 1 2 3 2 4 2,7,-21.379000
295,5 4 4 4 8 1 2 3 5,6,-53.528500
296,3 6 0 2 3 3 4 0 8,7,-41.283000
297,8 2 1 7 1 1 0 2 6,7,-17.872000
298,4 6 5 3 0 0 5 8 6,6,-53.528500
299,4 5 3 0 5 1 6 6 5,6,-53.528500
300,8 3 1 1 5 0 3 7 4,7,-41.283000
301,4 7 6 1 8 2 1 5 6,5,-21.379000
302,2 5 7 4 7 7 8 7 7,3,-65.774000
303,4 4 5 1 6 5 2 7 2,5,-21.379000
304,1 4 2 4 0 4 1 0 4,5,-17.872000
305,4 0 2 5 3 7 8 1 7,6,-31.331000
306,8 0 0 4 0 0 8 6 4,6,-17.872000
307,3 4 3 5 7 6 3 1 8,6,-41.283000
308,4 5 3 7 3 1 2 4 8,6,-41.283000
309,0 4 6 4 1 5 8 7 1,5,-17.872000
310,6 4 8 1 0 1 4 1 4,5,-5.615000
311,5 0 8 6 8 3 1 5 0,8,-53.528500
312,8 1 6 6 5 3 1 5 7,6,-53.528500
313,3 2 1 4 6 5 8 8 3,7,-41.283000
314,7 5 2 6 8 2 6 7 8,5,-65.774000
315,7 6 1 6 5 7 0 6 5,4,-41.823000
316,8 5 2 0 1 3 1 3 3,9,-41.283000
317,4 6 1 1 0 4 6 7 4,3,-5.615000
318,7 8 3 4 8 4 1 4 5,5,-65.774000
319,1 0 4 5 2 3 0 3 3,8,-31.331000
320,1 8 6 3 5 5 7 2 1,7,-41.283000
321,4 7 3 5 7 7 6 0 1,4,-29.577500
322,4 4 6 5 1 1 3 3 0,6,-29.577500
323,2 1 5 3 2 6 8 1 3,8,-31.331000
324,1 1 8 2 3 4 5 5 1,8,-31.331000
325,0 2 8 6 8 1 7 5 4,6,-43.576500
326,0 4 7 7 3 5 2 1 3,6,-31.331000
327,8 5 2 4 2 8 2 6 7,6,-43.576500
328,1 3 3 7 4 6 0 7 0,5,-17.872000
329,4 8 1 2 6 6 3 8 7,5,-41.283000
330,4 5 1 4 3 3 5 6 3,6,-41.283000
331,4 0 5 7 0 4 1 5 2,6,-19.625500
332,2 6 4 0 1 6 0 7 6,4,-17.872000
333,7 6 0 7 4 8 8 5 1,5,-65.774000
334,3 8 2 1 0 2 6 8 5,8,-31.331000
335,8 2 3 6 8 6 5 8 2,7,-65.774000
336,8 8 2 1 1 5 5 4 7,7,-65.774000
337,4 4 7 5 3 0 7 0 4,4,-29.577500
338,8 7 8 8 2 7 5 1 6,6,-72.072500
339,8 2 1 2 8 3 3 6 0,8,-31.331000
340,7 2 8 7 1 5 3 5 3,7,-41.283000
341,5 6 4 0 5 2 3 2 4,6,-31.331000
342,7 8 5 0 4 2 3 7 7,5,-41.283000
343,3 3 3 8 7 3 2 2 8,8,-41.283000
344,1 5 0 0 3 8 5 4 3,8,-41.283000
345,4 7 0 6 1 3 0 1 3,6,-17.872000
346,8 2 4 5 4 4 2 2 5,6,-43.576500
347,2 7 4 4 8 4 6 7 3,3,-41.283000
348,7 6 5 7 4 8 6 2 1,4,-43.576500
349,6 6 3 6 6 8 4 8 3,4,-59.827000
350,3 1 0 4 4 0 7 2 5,6,-19.625500
351,5 6 1 4 1 6 4 6 6,3,-5.615000
352,0 0 2 7 8 1 6 8 2,7,-21.379000
353,4 4 1 7 0 2 8 4 6,4,-19.625500
354,0 5 5 5 8 7 6 3 1,7,-65.774000
355,3 7 5 8 0 8 3 8 3,8,-53.528500
356,6 0 2 1 7 7 2 2 8,6,-21.379000
357,6 3 3 4 8 0 8 4 6,5,-41.283000
358,6 1 3 6 8 5 8 0 5,7,-65.774000
359,3 2 0 6 8 1 1 1 1,8,-11.743500
360,5 6 7 7 2 8 3 6 3,5,-41.283000
361,6 8 0 4 2 7 0 6 1,5,-17.872000
362,4 4 0 4 0 5 1 0 1,6,-17.872000
363,1 0 6 7 7 0 3 5 3,6,-29.577500
364,8 4 7 3 5 4 2 6 0,5,-41.283000
365,1 5 7 3 8 3 2 3 6,7,-41.283000
366,5 6 8 0 1 4 8 3 2,7,-41.283000
367,4 3 7 2 3 3 6 6 0,5,-41.283000
368,2 5 7 8 4 2 6 1 6,5,-21.379000
369,7 4 8 3 8 1 7 5 4,5,-65.774000
370,2 2 6 3 8 8 7 0 4,6,-31.331000
371,6 6 8 4 3 2 0 8 1,6,-31.331000
372,8 1 5 2 8 8 3 4 0,8,-53.528500
373,1 5 4 6 5 0 7 4 4,4,-41.823000
374,7 8 1 5 8 1 7 0 6,6,-41.823000
375,5 6 1 0 7 6 3 3 8,6,-41.283000
376,7 4 0 6 5 5 7 8 5,5,-65.774000
377,1 0 7 3 4 7 5 6 6,4,-29.577500
378,4 3 8 6 8 3 5 8 3,7,-65.774000
379,5 1 8 3 0 0 4 1 2,8,-19.625500
380,0 7 8 3 6 1 4 3 7,5,-41.283000
381,1 8 4 7 4 3 5 3 3,6,-41.283000
382,1 1 1 0 5 2 8 0 0,9,-17.872000
383,8 4 5 1 4 3 0 5 4,6,-53.528500
384,4 7 2 7 1 7 1 4 2,4,-13.497000
385,0 8 7 3 2 3 8 1 4,7,-41.283000
386,2 6 1 3 8 1 1 3 6,7,-21.379000
387,8 5 0 6 7 7 6 2 8,5,-65.774000
388,3 2 5 3 0 0 6 8 1,8,-31.331000
389,3 0 1 4 1 4 7 1 6,5,-5.615000
390,5 8 6 2 4 0 0 8 7,6,-43.576500
391,6 7 3 8 2 3 5 1 5,7,-41.283000
392,4 5 5 2 0 4 1 7 5,6,-43.576500
393,1 3 2 4 6 5 4 2 3,6,-31.331000
394,4 5 5 2 8 0 3 8 3,8,-53.528500
395,6 3 3 8 2 4 4 1 7,5,-41.283000
396,4 1 7 6 3 6 7 3 5,4,-41.283000
397,3 6 4 7 6 8 8 8 8,5,-78.371000
398,5 0 6 7 6 3 8 7 8,5,-65.774000
399,8 0 0 5 2 1 5 7 0,8,-19.625500
400,7 2 3 8 4 7 6 3 4,4,-41.283000
401,7 5 1 5 7 8 5 7 7,5,-65.774000
402,6 7 3 8 0 8 7 5 6,5,-65.774000
403,2 5 0 6 5 4 2 6 3,6,-31.331000
404,6 0 6 7 8 5 2 8 3,6,-53.528500
405,5 3 4 1 0 0 6 7 2,6,-19.625500
406,8 2 4 8 1 1 1 7 1,7,-5.615000
407,0 5 0 4 7 6 1 7 1,5,-17.872000
408,0 3 6 5 0 2 7 8 1,7,-21.379000
409,5 4 7 3 2 0 1 0 8,7,-21.379000
410,1 0 0 2 1 0 6 5 2,8,-17.872000
411,0 3 2 1 6 7 8 4 4,5,-21.379000
412,1 3 2 2 3 5 7 5 6,7,-41.283000
413,6 0 0 5 7 6 2 2 4,5,-21.379000
414,4 6 2 8 2 1 6 2 7,5,-21.379000
415,3 4 8 2 8 4 4 6 4,4,-59.827000
416,1 4 7 2 0 5 0 3 7,6,-19.625500
417,5 1 4 7 5 5 0 5 0,7,-65.774000
418,3 0 7 0 3 2 0 5 5,8,-31.331000
419,4 7 2 3 6 2 0 2 1,6,-21.379000
420,1 0 2 4 5 7 5 8 5,7,-65.774000
421,3 5 1 1 2 4 4 0 1,7,-17.872000
422,2 8 7 6 0 0 7 6 1,5,-17.872000
423,4 5 0 4 8 7 6 6 3,4,-53.528500
424,7 6 2 0 6 5 7 8 7,4,-43.576500
425,3 4 5 5 1 1 7 2 3,7,-41.283000
426,2 6 0 6 8 4 6 5 4,4,-43.576500
427,2 6 7 4 4 3 4 7 7,2,-31.331000
428,8 5 3 8 4 8 5 7 6,6,-72.072500
429,3 0 0 2 4 0 4 3 8,7,-21.379000
430,8 6 5 8 4 8 8 2 7,6,-78.371000
431,3 2 3 3 7 8 7 5 0,7,-41.283000
432,3 2 7 1 1 0 0 0 3,8,-17.872000
433,4 5 4 4 4 2 4 3 8,4,-53.528500
434,2 0 3 7 2 5 2 3 0,8,-21.379000
435,8 1 6 8 2 4 2 8 8,7,-78.371000
436,8 2 8 8 4 4 5 2 5,7,-65.774000
437,5 6 6 8 6 2 2 2 2,6,-21.379000
438,1 8 1 7 2 6 6 0 7,5,-17.872000
439,4 3 6 0 4 6 0 5 2,5,-21.379000
440,8 7 6 7 6 4 3 4 7,2,-59.827000
441,6 7 7 0 6 5 0 5 6,4,-41.823000
442,0 0 0 5 3 5 6 6 0,7,-17.872000
443,4 7 8 3 2 2 3 2 5,7,-41.283000
444,5 6 8 5 3 2 6 4 3,6,-53.528500
445,2 7 7 8 5 8 2 7 4,5,-65.774000
446,7 8 8 5 3 8 0 3 3,8,-53.528500
447,7 1 6 1 4 4 5 1 8,5,-5.615000
448,0 7 6 3 3 8 0 3 0,7,-41.283000
449,1 5 2 5 2 7 8 5 6,7,-65.774000
450,8 5 1 6 2 4 7 0 7,5,-21.379000
451,5 4 5 8 0 3 0 8 1,8,-53.528500
452,1 3 6 3 8 1 5 1 5,8,-41.283000
453,3 2 8 8 8 4 8 0 0,8,-59.827000
454,8 3 2 1 8 2 1 3 1,9,-21.379000
455,4 2 2 6 2 1 8 4 2,6,-21.379000
456,5 8 8 1 3 5 4 1 3,8,-53.528500
457,5 8 5 0 0 8 3 8 1,9,-65.774000
458,7 3 1 1 0 8 3 1 2,8,-19.625500
459,6 4 8 3 1 4 8 5 6,5,-65.774000
460,8 2 6 7 4 6 5 1 6,4,-43.576500
461,8 4 1 8 4 5 5 4 1,6,-65.774000
462,6 7 1 2 8 6 6 8 5,5,-65.774000
463,8 2 0 8 0 4 2 2 3,8,-21.379000
464,0 3 1 3 7 1 8 6 8,7,-41.283000
465,2 0 3 6 7 0 6 7 1,5,-17.872000
466,3 6 7 3 8 5 8 5 3,7,-65.774000
467,4 0 7 7 3 3 7 5 3,5,-41.283000
468,4 7 7 7 2 6 8 7 4,2,-49.875000
469,6 1 1 7 7 8 6 8 6,4,-41.993000
470,1 3 1 2 3 8 0 2 1,9,-21.379000
471,6 2 4 4 7 6 5 1 7,3,-21.379000
472,5 1 7 0 4 8 1 0 1,7,-17.872000
473,3 0 3 0 0 7 2 7 6,6,-19.625500
474,1 6 2 6 0 6 3 8 6,5,-21.379000
475,3 1 2 0 1 2 8 3 3,9,-21.379000
476,4 8 7 0 4 5 5 4 6,4,-65.774000
477,6 7 0 4 4 8 8 3 6,4,-59.827000
478,1 5 0 0 2 5 5 8 4,8,-43.576500
479,4 5 5 7 1 2 2 1 5,7,-21.379000
480,6 8 7 2 1 1 7 0 8,6,-19.625500
481,6 5 5 6 5 6 5 2 4,5,-65.774000
482,4 8 1 1 3 4 3 6 1,6,-23.449000
483,2 6 5 7 2 4 7 5 8,5,-65.774000
484,8 1 0 2 4 6 0 8 5,7,-21.379000
485,7 5 3 2 7 1 5 1 5,7,-41.283000
486,8 5 7 4 2 7 5 3 2,6,-53.528500
487,5 2 5 3 7 6 5 5 7,6,-65.774000
488,1 7 7 6 4 7 3 7 3,3,-41.283000
489,3 5 1 1 6 1 6 7 8,6,-23.449000
490,0 8 6 6 6 2 2 6 6,4,-21.379000
491,5 7 0 4 0 3 2 3 7,6,-31.331000
492,6 3 4 8 7 2 4 4 6,3,-41.283000
493,3 2 7 1 2 5 1 1 2,8,-21.379000
494,4 7 1 3 2 0 3 8 8,7,-41.283000
495,3 8 6 3 8 4 2 7 0,6,-41.283000
496,7 4 0 4 3 6 5 5 0,5,-41.283000
497,6 5 8 4 0 7 2 6 0,5,-21.379000
498,7 4 7 1 7 8 5 5 0,5,-65.774000
499,7 5 7 2 2 2 2 6 6,5,-21.379000
500,0 2 4 5 4 6 6 3 6,4,-31.331000
501,3 0 6 7 0 6 1 8 4,5,-17.872000
502,5 3 4 5 4 0 1 2 1,7,-21.379000
503,8 7 1 3 8 3 4 2 5,7,-41.283000
504,4 3 2 0 6 8 5 5 3,7,-41.283000
505,3 2 6 3 8 8 8 4 4,6,-59.827000
506,6 4 1 0 4 7 4 2 2,4,-19.625500
507,0 1 7 5 2 0 1 4 5,7,-17.872000
508,6 3 1 3 0 7 4 6 3,5,-41.283000
509,1 1 6 8 4 2 5 5 8,7,-65.774000
510,8 0 3 4 4 6 6 6 7,3,-41.283000
511,7 3 3 5 2 8 7 7 4,5,-41.283000
512,5 6 3 5 8 7 3 1 4,6,-53.528500
513,7 6 7 4 1 0 8 3 6,4,-29.577500
514,6 6 6 8 7 5 0 6 5,4,-65.774000
515,5 3 6 5 0 6 1 6 6,5,-41.283000
516,0 4 6 1 2 2 3 0 2,7,-21.379000
517,1 0 3 0 6 1 6 1 4,6,-11.743500
518,5 7 4 2 0 7 0 0 7,5,-17.872000
519,4 6 3 4 7 7 2 6 1,3,-21.379000
520,2 0 7 8 2 0 1 2 2,8,-21.379000
521,6 3 4 4 8 2 2 7 0,5,-21.379000
522,8 1 1 8 4 8 6 0 5,7,-65.774000
523,2 0 6 8 8 3 5 6 3,7,-41.283000
524,8 4 4 0 3 5 8 1 4,6,-53.528500
525,1 1 1 3 0 4 6 6 7,5,-5.615000
526,1 1 1 0 5 0 6 4 4,6,-11.743500
527,2 1 1 6 0 4 6 5 6,5,-17.872000
528,6 6 1 3 7 7 2 3 7,4,-31.331000
529,4 3 2 0 3 0 4 3 8,7,-41.283000
530,7 0 5 6 5 2 1 4 7,5,-21.379000
531,8 4 8 3 2 2 2 7 3,7,-41.283000
532,3 5 6 0 0 2 7 2 8,7,-21.379000
533,5 5 0 2 0 2 6 7 7,6,-21.379000
534,4 2 4 1 0 8 2 1 5,7,-21.379000
535,4 4 7 5 5 5 1 1 1,6,-35.694500
536,8 8 4 8 7 7 2 4 2,5,-78.371000
537,5 1 1 2 2 8 6 6 7,6,-21.379000
538,8 8 4 0 6 6 7 5 0,5,-65.774000
539,3 3 7 0 1 7 7 3 5,6,-41.283000
540,8 7 1 6 4 4 7 7 5,3,-65.774000
541,5 0 5 0 4 6 6 0 7,5,-17.872000
542,8 5 6 4 0 3 6 7 4,4,-53.528500
543,7 7 6 1 4 5 0 5 1,5,-17.872000
544,2 4 7 8 3 3 4 2 3,6,-41.283000
545,3 7 0 1 1 0 6 8 2,7,-17.872000
546,5 0 2 0 6 8 7 3 5,7,-41.283000
547,4 7 5 0 4 4 0 3 4,4,-29.577500
548,2 2 3 0 7 4 1 5 4,6,-21.379000
549,1 6 1 4 4 0 7 8 1,5,-5.615000
550,2 3 4 3 6 0 4 5 7,5,-41.283000
551,0 5 3 5 5 0 4 2 5,8,-53.528500
552,7 4 5 4 3 4 0 3 5,5,-41.283000
553,4 6 3 6 5 4 8 7 4,3,-65.774000
554,7 5 0 8 8 4 5 5 2,7,-65.774000
555,6 2 4 1 2 7 5 0 1,6,-19.625500
556,1 0 2 3 8 8 3 0 1,9,-21.379000
557,1 4 2 4 2 8 3 5 8,7,-41.283000
558,7 1 0 2 2 7 5 1 3,7,-21.379000
559,6 7 7 2 7 5 5 1 3,5,-41.283000
560,2 4 4 4 5 1 2 1 1,6,-13.497000
561,4 5 4 7 0 5 3 1 3,6,-41.283000
562,7 4 7 6 1 3 7 8 5,4,-53.528500
563,1 3 8 8 5 5 6 1 1,8,-53.528500
564,2 0 2 6 0 0 1 7 6,6,-17.872000
565,6 6 2 2 4 8 4 7 3,4,-31.331000
566,4 4 3 5 5 6 8 4 2,5,-65.774000
567,0 5 4 3 4 1 1 0 4,6,-17.872000
568,6 1 5 4 4 5 6 2 8,5,-65.774000
569,1 7 6 2 0 4 4 0 3,5,-17.872000
570,5 7 0 6 7 3 3 3 6,5,-41.283000
571,5 6 4 6 2 0 4 2 8,5,-21.379000
572,5 7 4 7 5 4 4 2 7,3,-65.774000
573,8 1 2 5 7 6 3 4 7,5,-41.283000
574,6 2 0 6 7 4 8 2 0,5,-21.379000
575,4 8 2 3 7 0 2 0 1,7,-21.379000
576,0 2 5 2 5 8 2 7 7,7,-21.379000
577,4 0 3 3 4 8 5 4 4,5,-41.283000
578,6 1 4 8 4 2 6 5 8,5,-65.774000
579,1 5 5 7 1 0 0 4 1,7,-17.872000
580,0 7 3 0 0 6 7 8 1,6,-17.872000
581,0 3 2 8 7 2 6 2 4,6,-21.379000
582,6 1 2 3 4 7 0 6 7,4,-19.625500
583,5 1 3 2 0 7 6 6 3,6,-31.331000
584,8 4 4 3 5 7 8 1 3,6,-53.528500
585,8 3 1 0 6 6 4 8 7,5,-41.283000
586,3 3 8 6 8 7 7 3 2,6,-41.283000
587,0 2 0 0 8 6 8 1 6,7,-17.872000
588,8 6 4 0 5 1 0 0 5,7,-17.872000
589,6 8 8 1 8 3 2 6 2,7,-41.283000
590,1 2 8 1 2 1 5 7 4,7,-21.379000
591,5 1 8 7 7 1 3 5 4,6,-53.528500
592,4 2 2 1 6 6 8 2 6,5,-21.379000
593,3 3 3 0 2 7 4 4 5,6,-41.283000
594,3 0 7 2 4 5 6 8 1,6,-31.331000
595,1 8 2 4 5 6 4 1 2,6,-21.379000
596,1 7 1 0 2 5 1 6 5,7,-17.872000
597,3 3 8 8 1 6 6 5 7,6,-53.528500
598,4 3 2 4 4 6 6 8 6,3,-41.283000
599,6 7 2 7 5 0 2 8 8,6,-43.576500
600,5 0 3 7 8 5 5 4 2,7,-65.774000
601,7 8 7 7 7 0 3 4 1,4,-29.577500
602,2 2 2 2 2 2 2 2 2,9,-21.379000
603,1 4 1 5 6 0 6 4 5,5,-17.872000
604,1 6 4 7 7 8 2 8 6,4,-49.875000
605,6 1 7 8 8 0 3 2 2,7,-21.379000
606,7 0 8 2 1 4 8 5 4,6,-43.576500
607,8 1 3 6 1 6 2 6 3,6,-31.331000
608,8 6 6 6 2 3 3 8 8,6,-59.827000
609,7 3 0 0 1 6 0 5 1,7,-17.872000
610,1 2 1 4 8 3 3 4 1,7,-21.379000
611,8 3 7 2 2 3 8 1 0,8,-31.331000
612,5 0 1 0 4 1 3 3 7,7,-17.872000
613,0 8 4 8 1 0 8 0 5,8,-41.823000
614,7 1 5 0 7 5 6 5 1,6,-41.823000
615,6 0 4 6 7 0 7 6 1,3,-17.872000
616,6 2 8 2 7 4 0 0 2,6,-21.379000
617,0 8 2 5 4 6 4 3 1,6,-31.331000
618,7 7 6 4 7 8 3 0 1,4,-29.577500
619,0 7 2 4 8 0 5 2 1,7,-21.379000
620,6 2 6 6 5 2 8 3 5,6,-53.528500
621,0 6 1 5 3 7 6 6 3,5,-41.283000
622,2 3 5 4 0 1 1 8 7,7,-21.379000
623,3 0 6 4 0 4 8 3 0,6,-29.577500
624,2 1 5 2 5 8 0 4 2,8,-21.379000
625,1 7 4 5 2 3 3 0 8,7,-41.283000
626,5 3 3 7 1 1 4 6 2,6,-31.331000
627,2 2 5 4 3 1 3 6 5,7,-41.283000
628,3 1 8 0 6 7 6 7 3,5,-41.283000
629,4 5 0 6 7 4 0 8 2,5,-21.379000
630,8 0 5 7 5 5 0 3 6,7,-65.774000
631,5 7 5 7 4 4 7 0 2,4,-43.576500
632,5 1 5 8 7 5 6 7 4,5,-65.774000
633,6 2 8 3 8 7 1 6 8,6,-59.827000
634,7 8 7 1 4 1 4 4 8,4,-41.993000
635,2 0 7 2 6 6 5 4 3,5,-21.379000
636,8 5 2 5 6 0 4 6 3,6,-53.528500
637,3 5 3 5 7 4 0 3 0,7,-41.283000
638,3 8 1 1 2 0 2 3 3,9,-21.379000
639,1 2 3 6 4 5 6 7 2,5,-21.379000
640,7 7 6 2 7 2 6 0 4,3,-21.379000
641,8 4 3 5 0 2 3 8 7,7,-41.283000
642,3 0 0 8 4 6 4 8 4,5,-41.283000
643,4 3 7 4 8 3 1 3 3,6,-41.283000
644,1 4 5 3 2 4 6 1 6,5,-21.379000
645,3 8 8 0 2 1 2 7 2,8,-21.379000
646,8 3 5 3 3 3 6 2 6,7,-41.283000
647,5 1 4 5 7 6 3 2 1,6,-31.331000
648,0 6 2 4 1 7 1 5 0,6,-17.872000
649,7 7 1 6 0 7 6 0 0,4,-17.872000
650,5 0 0 8 1 0 6 7 5,7,-17.872000
651,2 4 5 0 1 6 7 4 3,5,-21.379000
652,6 0 0 1 0 5 2 3 3,8,-19.625500
653,8 8 6 2 8 4 6 6 3,5,-78.371000
654,6 3 3 7 5 7 6 3 1,5,-41.283000
655,6 5 5 7 0 5 1 8 6,6,-65.774000
656,3 0 8 3 8 5 6 8 4,7,-65.774000
657,6 0 3 5 0 2 5 2 7,7,-21.379000
658,1 7 0 1 4 7 5 4 8,5,-17.872000
659,2 7 8 7 5 6 7 3 2,5,-41.283000
660,7 8 1 3 3 0 7 7 1,6,-29.577500
661,4 6 8 0 5 6 8 8 4,5,-78.371000
662,3 0 0 2 3 4 7 7 1,6,-19.625500
663,0 2 3 3 4 8 2 4 4,6,-31.331000
664,1 0 5 8 8 7 2 1 5,8,-43.576500
665,0 4 3 7 3 1 2 1 1,7,-17.872000
666,8 7 6 5 7 6 6 4 0,3,-65.774000
667,5 7 0 8 6 1 1 6 6,5,-17.872000
668,0 7 3 2 0 0 4 8 0,7,-17.872000
669,3 1 5 0 4 6 1 5 8,7,-41.283000
670,0 5 8 4 5 6 0 7 8,6,-65.774000
671,1 7 1 2 1 6 1 1 6,6,-5.615000
672,2 7 0 5 1 8 1 0 8,8,-19.625500
673,4 0 7 8 3 6 4 5 8,5,-65.774000
674,4 4 8 5 7 5 4 2 7,4,-65.774000
675,8 8 8 8 4 0 3 4 4,6,-78.371000
676,7 4 2 3 7 8 7 8 5,5,-65.774000
677,2 4 1 1 8 8 5 8 3,8,-53.528500
678,4 6 0 1 4 8 1 1 1,6,-5.615000
679,8 8 3 1 1 5 0 7 6,7,-41.283000
680,6 3 7 3 6 0 6 1 2,5,-21.379000
681,0 1 6 1 8 1 1 2 3,8,-11.743500
682,7 3 2 6 7 7 2 5 6,4,-31.331000
683,6 0 0 0 5 3 6 3 6,6,-29.577500
684,0 3 1 0 2 5 8 6 7,7,-21.379000
685,5 3 8 8 7 6 5 2 5,7,-65.774000
686,5 7 6 6 7 0 0 3 4,4,-29.577500
687,2 5 7 5 8 0 4 4 0,6,-43.576500
688,6 0 0 0 1 5 2 6 2,7,-17.872000
689,7 6 4 2 6 1 4 7 3,3,-21.379000
690,8 2 5 4 1 8 4 8 8,7,-78.371000
691,8 6 3 0 4 4 0 7 2,5,-21.379000
692,6 5 1 1 1 1 3 8 3,8,-23.449000
693,2 3 0 4 7 8 6 0 6,5,-21.379000
694,6 0 2 7 3 7 6 7 7,3,-21.379000
695,7 3 0 6 0 0 4 7 2,5,-17.872000
696,2 1 8 7 8 5 2 3 5,8,-53.528500
697,5 4 4 6 8 5 3 7 1,5,-65.774000
698,5 1 4 3 4 7 1 7 2,5,-21.379000
699,8 1 3 7 3 4 7 6 4,4,-41.283000
700,8 6 4 7 7 7 8 2 0,4,-49.875000
701,6 5 6 0 2 7 3 6 7,4,-31.331000
702,7 3 0 3 5 2 8 8 4,7,-41.283000
703,1 7 7 0 2 7 7 3 4,4,-19.625500
704,4 5 0 6 1 1 4 1 3,6,-11.743500
705,1 5 8 3 7 5 7 0 2,7,-41.283000
706,6 0 3 8 5 1 6 6 7,5,-41.283000
707,4 6 2 4 6 0 0 7 1,4,-17.872000
708,5 5 2 3 5 1 0 4 4,7,-41.283000
709,4 5 0 5 5 2 8 1 4,7,-65.774000
710,1 1 1 8 2 1 5 1 4,8,-5.615000
711,2 8 5 5 5 8 1 3 0,9,-65.774000
712,5 2 5 4 2 0 6 3 6,6,-31.331000
713,8 3 8 8 5 5 1 3 1,9,-65.774000
714,3 5 8 0 2 7 1 3 2,8,-31.331000
715,6 1 0 0 2 4 7 7 0,5,-17.872000
716,1 8 8 6 0 7 6 6 7,4,-48.121500
717,4 7 4 5 8 5 1 7 5,5,-65.774000
718,3 6 2 6 8 3 3 1 0,7,-41.283000
719,8 5 7 8 4 0 4 4 3,5,-65.774000
720,0 8 2 3 3 7 8 3 2,8,-41.283000
721,5 3 2 3 2 0 5 3 3,9,-41.283000
722,6 0 7 0 8 7 8 8 6,5,-78.371000
723,7 8 8 6 8 5 6 1 4,5,-78.371000
724,5 6 8 3 4 1 6 8 8,6,-72.072500
725,7 0 0 6 8 4 3 2 0,6,-19.625500
726,2 6 3 5 6 6 5 0 8,6,-53.528500
727,0 2 4 6 1 3 5 8 5,7,-41.283000
728,3 1 6 6 0 1 0 7 3,6,-17.872000
729,2 3 8 8 0 3 6 4 2,7,-41.283000
730,4 7 1 8 6 3 8 7 1,5,-41.283000
731,0 2 7 3 5 6 7 3 7,5,-41.283000
732,5 7 4 3 8 0 7 4 3,5,-41.283000
733,2 5 6 5 4 8 1 0 2,7,-21.379000
734,5 6 0 8 1 0 8 6 5,7,-65.774000
735,3 0 3 0 1 5 1 1 1,9,-17.872000
736,3 2 8 6 6 7 7 2 4,4,-31.331000
737,0 0 0 0 0 4 3 5 7,7,-17.872000
738,3 2 7 8 3 2 2 0 8,8,-31.331000
739,8 5 3 7 0 8 8 5 3,8,-65.774000
740,1 5 5 4 0 1 3 2 1,8,-19.625500
741,8 6 5 8 8 6 7 3 7,5,-78.371000
742,0 2 2 5 1 4 6 7 7,5,-21.379000
743,5 0 3 2 1 2 4 0 4,7,-21.379000
744,7 1 2 0 5 7 0 0 3,7,-17.872000
745,6 4 0 4 2 0 7 1 5,5,-17.872000
746,7 8 2 0 8 5 3 8 7,7,-65.774000
747,8 1 8 5 6 8 1 7 1,7,-65.774000
748,6 8 1 8 3 4 0 4 3,6,-41.283000
749,5 1 3 3 0 8 5 0 5,9,-41.283000
750,4 1 0 5 2 2 0 4 4,6,-19.625500
751,1 8 0 7 2 7 7 3 1,6,-19.625500
752,1 3 6 5 8 1 8 6 4,6,-53.528500
753,7 6 2 6 0 5 4 3 0,5,-21.379000
754,6 3 5 7 7 0 8 3 7,5,-41.283000
755,3 0 0 6 1 1 1 8 3,8,-17.872000
756,7 6 7 6 8 2 0 3 6,4,-31.331000
757,7 6 1 1 5 4 7 4 2,4,-13.497000
758,4 4 1 6 3 6 4 5 2,4,-31.331000
759,6 2 5 0 1 1 0 8 5,8,-19.625500
760,3 3 8 0 3 6 6 5 3,7,-41.283000
761,7 2 3 4 5 1 0 0 7,6,-19.625500
762,3 5 7 0 3 3 7 0 8,7,-41.283000
763,3 7 6 1 2 1 7 8 5,6,-31.331000
764,4 5 3 3 8 8 4 2 5,7,-65.774000
765,0 8 3 1 2 1 0 1 5,9,-17.872000
766,2 4 7 7 8 7 0 7 1,4,-19.625500
767,7 7 5 1 4 6 5 0 5,5,-65.774000
768,7 8 1 3 5 2 2 2 6,7,-21.379000
769,5 5 1 6 4 1 3 2 4,6,-31.331000
770,4 0 8 4 0 1 0 7 3,6,-17.872000
771,6 1 3 2 4 6 4 6 1,4,-13.497000
772,4 5 7 7 2 8 6 5 8,5,-65.774000
773,1 3 0 1 2 6 5 2 6,7,-21.379000
774,6 6 6 1 2 8 7 7 1,4,-13.497000
775,2 7 5 6 0 0 8 0 4,6,-19.625500
776,6 2 4 1 7 5 2 7 4,4,-21.379000
777,8 5 5 3 7 5 5 4 6,6,-65.774000
778,5 7 1 2 2 7 0 5 1,7,-21.379000
779,1 0 6 2 1 2 5 6 5,7,-21.379000
780,1 4 3 5 0 7 3 7 0,6,-29.577500
781,7 0 0 2 6 4 4 1 3,5,-17.872000
782,4 2 1 3 2 0 1 0 2,8,-19.625500
783,3 5 5 5 0 8 2 6 2,8,-53.528500
784,1 5 5 5 8 3 5 6 0,8,-65.774000
785,2 3 4 5 6 3 3 8 6,6,-41.283000
786,5 4 6 4 5 2 0 7 3,5,-41.283000
787,2 3 2 3 1 6 5 8 1,8,-31.331000
788,2 3 7 0 6 0 1 0 5,7,-17.872000
789,5 0 8 0 1 2 0 2 7,8,-19.625500
790,3 2 8 3 0 3 8 1 6,8,-41.283000
791,5 8 1 3 1 0 2 0 4,8,-19.625500
792,6 0 4 8 8 2 2 5 2,7,-21.379000
793,1 4 3 3 5 7 0 6 2,6,-31.331000
794,5 5 1 6 4 0 7 7 0,5,-17.872000
795,0 1 8 6 8 2 6 2 3,7,-21.379000
796,8 8 4 2 6 1 0 7 4,5,-21.379000
797,8 2 3 5 0 3 8 4 5,8,-53.528500
798,0 7 5 0 2 7 0 3 8,7,-21.379000
799,4 5 5 7 1 5 4 5 7,5,-65.774000
800,6 4 8 2 7 7 0 3 8,5,-41.283000
801,1 8 4 1 3 8 5 7 7,6,-53.528500
802,0 4 2 6 4 4 1 3 6,4,-19.625500
803,6 3 8 4 7 3 8 3 5,6,-53.528500
804,0 6 6 0 6 8 4 8 7,4,-48.121500
805,1 3 1 3 0 3 5 8 3,9,-41.283000
806,0 2 4 3 3 3 6 3 2,7,-41.283000
807,3 1 2 2 2 1 6 3 8,8,-21.379000
808,2 0 2 6 4 4 3 1 6,5,-21.379000
809,0 0 4 0 3 1 0 1 2,8,-17.872000
810,4 0 5 7 1 7 1 6 5,5,-17.872000
811,8 8 0 6 3 6 4 8 8,6,-78.371000
812,3 3 1 7 4 6 2 4 1,5,-21.379000
813,4 1 2 7 2 7 0 4 0,5,-17.872000
814,2 8 5 5 4 0 7 3 6,6,-53.528500
815,8 4 2 4 4 7 8 5 4,4,-72.072500
816,5 5 7 0 3 1 1 0 4,7,-17.872000
817,0 1 8 7 5 6 0 7 6,5,-17.872000
818,2 8 7 3 4 5 5 4 6,5,-65.774000
819,8 3 0 4 8 2 3 8 5,8,-53.528500
820,5 5 2 1 6 3 8 2 3,8,-41.283000
821,8 2 6 4 4 0 8 3 4,5,-41.283000
822,5 3 5 2 6 8 1 2 8,8,-53.528500
823,1 2 3 8 0 1 8 7 6,7,-21.379000
824,4 5 0 4 8 0 7 5 6,5,-65.774000
825,2 4 1 5 2 3 1 5 6,7,-21.379000
826,2 5 2 1 3 7 2 6 7,6,-21.379000
827,0 6 0 8 7 4 2 8 5,6,-43.576500
828,6 7 5 1 8 5 4 8 7,5,-65.774000
829,4 3 7 1 8 4 5 0 1,6,-29.577500
830,5 0 6 2 8 1 8 0 0,8,-19.625500
831,6 0 7 2 3 5 0 2 1,7,-21.379000
832,4 8 6 1 6 4 3 0 0,5,-17.872000
833,1 7 4 6 7 4 0 6 3,3,-17.872000
834,8 2 2 8 0 5 8 2 8,9,-65.774000
835,4 6 3 1 4 0 3 0 2,6,-19.625500
836,6 2 1 6 0 5 2 0 6,6,-19.625500
837,1 8 8 7 5 1 7 0 7,6,-41.823000
838,4 1 0 1 0 7 7 0 3,6,-17.872000
839,4 2 4 7 6 0 1 6 2,4,-19.625500
840,3 5 4 2 6 5 2 2 7,6,-31.331000
841,0 2 0 8 0 2 2 3 4,8,-21.379000
842,1 3 6 0 3 1 6 5 3,7,-41.283000
843,3 8 8 4 6 8 3 4 3,6,-59.827000
844,0 5 3 1 7 4 5 5 3,7,-41.283000
845,0 5 8 1 2 2 4 3 2,8,-21.379000
846,7 6 1 8 6 7 2 4 6,3,-21.379000
847,0 1 6 4 3 4 6 5 3,5,-41.283000
848,4 8 3 6 5 8 7 2 2,6,-53.528500
849,0 5 0 6 8 0 4 0 5,7,-17.872000
850,0 5 4 1 1 3 0 1 7,7,-17.872000
851,8 3 8 3 5 6 7 6 2,6,-53.528500
852,1 8 2 3 5 7 2 4 1,7,-21.379000
853,7 4 3 7 2 0 0 2 4,5,-21.379000
854,6 3 6 2 6 0 3 4 5,5,-41.283000
855,6 6 0 7 5 1 4 3 4,4,-29.577500
856,4 5 1 6 4 7 7 1 3,4,-23.449000
857,0 1 2 5 4 1 6 6 3,6,-19.625500
858,1 5 7 8 5 7 8 3 4,6,-65.774000
859,7 6 4 1 5 5 3 8 2,6,-53.528500
860,4 4 0 2 2 1 5 6 7,5,-21.379000
861,6 6 7 5 4 2 1 8 1,5,-21.379000
862,6 5 2 5 5 2 3 0 4,7,-41.283000
863,4 0 7 6 6 0 0 1 5,5,-17.872000
864,3 8 7 0 8 0 7 6 5,6,-53.528500
865,5 4 8 3 0 0 6 0 7,6,-29.577500
866,4 2 6 2 1 2 2 2 6,6,-21.379000
867,5 4 3 4 0 5 6 2 7,5,-41.283000
868,8 3 5 1 2 8 1 8 5,9,-65.774000
869,2 5 3 5 4 5 1 6 7,6,-53.528500
870,8 2 6 8 1 1 4 8 1,7,-21.379000
871,1 5 7 5 4 6 4 8 4,4,-65.774000
872,6 8 5 4 6 6 8 8 8,5,-78.371000
873,0 4 5 2 0 1 3 8 5,8,-31.331000
874,1 7 4 3 0 7 6 5 5,5,-41.283000
875,0 6 5 0 4 7 2 4 5,5,-21.379000
876,2 2 0 4 8 3 2 1 4,7,-21.379000
877,4 7 1 1 3 0 3 8 2,7,-21.379000
878,0 3 5 8 2 7 4 2 4,6,-31.331000
879,7 7 2 6 0 3 3 6 2,5,-21.379000
880,8 2 3 1 6 0 2 7 7,6,-21.379000
881,5 3 1 6 2 1 4 4 2,6,-21.379000
882,8 5 2 6 5 0 1 6 2,7,-21.379000
883,1 5 0 2 6 8 4 8 5,7,-65.774000
884,0 7 6 1 5 5 7 6 4,4,-41.823000
885,0 0 2 2 6 5 1 3 0,8,-19.625500
886,7 0 8 5 8 3 6 3 1,7,-41.283000
887,8 8 0 3 5 8 0 6 6,7,-65.774000
888,7 5 0 7 0 3 6 8 8,6,-53.528500
889,3 6 6 5 2 1 3 3 8,7,-41.283000
890,7 5 5 1 0 7 5 6 0,6,-41.823000
891,0 1 8 2 0 6 8 3 1,8,-19.625500
892,5 7 3 7 0 3 6 6 4,4,-41.283000
893,8 5 0 4 2 4 2 4 7,5,-21.379000
894,0 3 1 2 0 6 6 0 7,6,-17.872000
895,7 3 4 4 7 0 2 5 6,4,-31.331000
896,3 7 3 3 1 1 8 1 4,7,-41.283000
897,7 8 7 4 7 1 2 3 0,5,-21.379000
898,3 8 3 2 2 3 4 6 8,7,-41.283000
899,8 6 3 0 0 0 1 6 6,6,-17.872000
900,3 3 5 3 7 5 2 3 7,7,-41.283000
901,4 2 7 5 7 7 7 6 0,3,-21.379000
902,0 4 8 0 6 5 5 7 5,6,-65.774000
903,4 3 1 4 6 8 0 7 0,5,-17.872000
904,1 2 5 8 8 2 6 5 3,8,-53.528500
905,4 3 5 7 8 3 0 4 6,5,-41.283000
906,8 6 6 3 7 6 1 1 7,4,-23.449000
907,1 7 3 0 5 0 3 5 4,7,-41.283000
908,6 4 7 6 8 8 8 2 6,4,-78.371000
909,0 4 4 7 2 2 0 3 0,6,-19.625500
910,7 6 6 6 3 5 7 1 2,4,-31.331000
911,4 0 1 7 4 6 0 4 6,3,-17.872000
912,6 1 3 7 7 8 3 8 3,6,-41.283000
913,0 1 1 5 3 0 6 8 2,8,-19.625500
914,1 6 6 8 0 3 6 1 3,6,-29.577500
915,5 0 4 7 2 3 7 2 2,6,-21.379000
916,0 7 1 3 5 7 5 2 2,7,-21.379000
917,6 8 1 3 7 3 8 0 2,7,-41.283000
918,1 0 1 1 7 7 3 2 7,6,-11.743500
919,8 8 5 3 2 0 1 1 0,9,-21.379000
920,5 6 6 6 7 2 7 1 0,4,-19.625500
921,5 6 4 8 6 3 3 5 1,6,-53.528500
922,1 6 4 5 0 8 4 3 8,6,-53.528500
923,0 3 1 2 5 2 5 5 1,9,-21.379000
924,3 4 7 8 2 6 6 4 3,4,-41.283000
925,5 1 2 7 0 6 8 7 2,6,-21.379000
926,4 1 6 5 8 2 1 7 8,6,-43.576500
927,0 5 7 6 8 4 3 1 2,6,-31.331000
928,4 4 7 6 4 7 3 5 6,2,-53.528500
929,8 4 1 0 1 0 7 5 8,7,-17.872000
930,8 2 5 5 2 6 8 3 1,8,-53.528500
931,8 0 2 6 7 8 0 5 1,7,-21.379000
932,0 7 0 4 4 7 0 1 0,5,-17.872000
933,1 7 2 6 1 4 3 4 5,5,-21.379000
934,6 3 6 7 0 7 2 8 6,4,-31.331000
935,4 8 3 7 7 4 5 1 4,4,-53.528500
936,5 4 5 1 2 0 5 3 2,8,-31.331000
937,8 0 5 8 7 8 7 5 1,7,-65.774000
938,7 0 2 7 2 4 5 4 8,5,-21.379000
939,5 0 3 3 6 2 7 6 8,6,-41.283000
940,7 6 8 6 3 5 4 8 0,5,-65.774000
941,2 3 4 1 4 1 4 1 7,5,-5.615000
942,2 1 2 8 3 1 2 5 8,9,-21.379000
943,4 1 1 1 8 7 3 1 2,7,-5.615000
944,8 5 2 0 1 0 0 1 7,8,-17.872000
945,4 3 3 6 7 7 8 2 3,5,-41.283000
946,5 1 7 2 7 0 0 0 2,7,-17.872000
947,7 4 3 1 7 1 3 6 4,4,-23.449000
948,3 4 2 0 0 3 7 7 6,5,-21.379000
949,5 8 8 8 2 0 6 3 1,8,-53.528500
950,5 3 5 6 6 0 5 7 4,5,-65.774000
951,1 6 7 1 0 1 2 3 2,7,-17.872000
952,0 1 7 3 0 4 4 4 6,4,-17.872000
953,1 4 5 4 5 8 3 8 5,7,-65.774000
954,5 4 0 5 7 4 1 3 3,6,-41.283000
955,5 7 7 0 7 1 2 5 3,6,-31.331000
956,3 8 8 6 0 3 3 7 4,6,-41.283000
957,8 6 1 5 6 5 2 7 1,6,-43.576500
958,4 1 1 1 6 1 4 7 1,5,-5.615000
959,4 3 1 0 2 0 5 2 3,8,-21.379000
960,2 6 6 8 7 0 0 4 8,5,-21.379000
961,2 2 8 8 1 7 1 8 8,8,-49.875000
962,7 7 7 2 6 4 8 2 7,3,-21.379000
963,8 1 3 8 5 4 3 8 1,8,-53.528500
964,1 0 7 5 7 7 0 8 0,6,-17.872000
965,4 7 1 4 2 8 3 1 0,6,-19.625500
966,0 2 6 4 7 4 3 3 4,4,-31.331000
967,2 0 7 6 6 4 1 0 8,5,-17.872000
968,8 2 4 0 7 6 3 0 8,6,-31.331000
969,3 7 7 6 2 1 4 4 5,4,-31.331000
970,5 6 3 2 8 1 3 2 4,7,-41.283000
971,5 5 4 2 4 8 7 0 5,6,-65.774000
972,0 3 3 1 1 0 0 5 1,9,-17.872000
973,4 6 1 2 0 4 6 2 2,5,-21.379000
974,3 8 5 3 7 5 0 1 4,7,-41.283000
975,6 2 5 0 3 6 5 7 0,6,-31.331000
976,6 1 8 2 0 7 4 8 5,6,-43.576500
977,3 5 1 1 6 2 0 1 6,7,-17.872000
978,3 1 8 7 5 2 1 6 6,6,-31.331000
979,6 1 2 5 1 3 8 3 8,8,-41.283000
980,5 1 0 2 1 7 0 3 7,7,-17.872000
981,7 7 6 8 8 3 0 1 6,5,-41.283000
982,8 5 7 6 5 7 5 0 5,6,-65.774000
983,5 8 2 2 3 1 8 7 8,8,-53.528500
984,8 2 6 7 7 0 8 1 6,5,-21.379000
985,4 6 6 7 0 5 8 7 3,4,-53.528500
986,7 7 5 7 1 8 1 8 0,6,-41.823000
987,8 4 5 8 0 1 4 3 6,6,-53.528500
988,6 4 8 8 2 3 8 1 8,7,-78.371000
989,2 5 5 8 3 3 7 7 0,7,-41.283000
990,5 5 7 6 3 7 7 0 8,5,-65.774000
991,1 7 1 8 3 3 5 2 7,7,-41.283000
992,3 7 7 3 2 4 0 2 6,5,-21.379000
993,8 1 4 0 5 6 1 3 2,7,-21.379000
994,3 8 1 5 1 7 8 8 1,8,-53.528500
995,2 8 3 0 7 8 5 0 5,8,-53.528500
996,6 5 6 6 8 0 0 5 8,6,-65.774000
997,0 2 7 2 5 6 3 0 2,7,-21.379000
998,4 2 4 4 5 6 1 7 5,4,-43.576500
999,3 0 7 4 3 2 2 2 2,7,-21.379000
1000,4 0 0 7 1 1 6 6 7,4,-11.743500
1001,3 8 8 5 4 3 0 0 7,7,-41.283000
1002,1 6 1 0 2 1 0 2 8,8,-17.872000
1003,6 8 8 0 8 1 5 3 4,7,-65.774000
1004,7 4 7 1 2 5 7 2 8,5,-21.379000
1005,7 3 7 5 3 8 2 0 7,6,-41.283000
1006,7 3 0 4 3 2 2 1 1,7,-21.379000
1007,3 0 1 1 5 7 5 2 6,7,-21.379000
1008,3 3 4 3 5 7 2 1 3,7,-41.283000
1009,5 1 5 7 3 7 3 1 3,7,-41.283000
1010,8 4 4 8 6 5 6 2 3,5,-65.774000
1011,1 7 2 0 3 3 5 3 5,8,-41.283000
1012,6 1 4 8 5 5 3 8 8,7,-65.774000
1013,5 0 8 4 7 3 3 6 0,6,-41.283000
1014,3 1 5 0 6 5 8 5 6,7,-65.774000
1015,2 3 0 7 2 2 5 7 4,6,-21.379000
1016,1 1 4 8 5 1 1 0 1,8,-5.615000
1017,1 4 0 1 4 8 2 5 4,6,-19.625500
1018,5 0 7 1 7 4 4 1 6,4,-11.743500
1019,4 5 6 6 7 4 0 2 6,3,-21.379000
1020,3 6 5 2 3 0 1 7 7,6,-31.331000
1021,6 7 0 2 0 2 2 3 1,7,-21.379000
1022,5 1 4 0 4 3 0 5 5,7,-41.283000
1023,7 3 6 6 2 4 8 2 5,5,-41.283000
1024,4 2 2 6 6 3 4 0 4,4,-21.379000
1025,0 1 8 6 8 1 4 7 2,6,-19.625500
1026,0 8 5 6 8 5 4 0 6,6,-65.774000
1027,3 6 6 3 0 8 3 4 6,5,-41.283000
1028,0 5 4 5 2 4 3 8 5,7,-65.774000
1029,7 2 4 4 2 1 7 4 0,4,-19.625500
1030,1 6 1 3 8 2 3 1 4,7,-21.379000
1031,4 1 4 6 1 1 6 6 3,4,-5.615000
1032,8 7 7 1 1 2 6 2 5,6,-21.379000
1033,3 7 3 3 6 6 3 7 7,4,-41.283000
1034,2 4 2 0 2 5 8 8 1,8,-21.379000
1035,7 2 0 3 4 0 4 6 6,4,-19.625500
1036,3 5 6 7 4 6 7 3 4,3,-41.283000
1037,1 2 6 7 1 1 1 7 1,6,-5.615000
1038,8 8 2 0 3 5 4 7 4,6,-53.528500
1039,7 1 8 0 3 8 5 8 3,8,-53.528500
1040,7 0 8 4 1 1 7 7 6,4,-11.743500
1041,3 0 7 5 5 7 7 7 0,5,-41.283000
1042,6 4 6 1 6 4 2 3 5,4,-31.331000
1043,1 5 6 0 1 5 4 6 1,6,-11.743500
1044,7 5 2 3 8 4 6 7 6,4,-53.528500
1045,1 6 1 0 1 2 5 8 1,8,-11.743500
1046,6 1 0 4 1 3 2 6 6,5,-17.872000
1047,4 1 1 5 7 5 4 3 5,6,-53.528500
1048,2 0 4 4 8 4 2 7 4,4,-21.379000
1049,7 4 8 0 3 7 1 0 2,6,-19.625500
1050,7 7 7 5 5 0 5 2 4,5,-65.774000
1051,1 3 3 2 7 4 8 4 8,6,-41.283000
1052,2 0 4 1 0 1 2 8 0,8,-17.872000
1053,6 1 5 5 3 3 8 8 3,8,-53.528500
1054,2 7 2 5 8 0 0 8 7,7,-21.379000
1055,3 8 1 3 4 7 3 4 1,6,-41.283000
1056,2 0 1 6 4 3 0 3 2,7,-21.379000
1057,2 2 6 5 2 5 6 8 4,6,-43.576500
1058,0 5 5 7 4 8 1 1 3,7,-41.283000
1059,8 1 0 0 6 7 1 3 2,7,-17.872000
1060,4 1 4 1 2 6 6 3 2,5,-21.379000
1061,2 7 0 5 6 1 7 1 8,6,-19.625500
1062,6 4 8 0 7 0 5 1 3,6,-29.577500
1063,4 8 2 2 5 5 2 6 8,7,-65.774000
1064,5 0 6 0 5 6 2 4 0,6,-19.625500
1065,2 0 1 3 0 7 5 0 7,7,-17.872000
1066,7 7 5 2 0 2 4 0 7,5,-21.379000
1067,3 8 3 3 5 7 3 8 4,7,-41.283000
1068,5 6 2 0 4 3 0 5 3,7,-41.283000
1069,3 5 2 4 7 4 3 0 3,6,-41.283000
1070,4 8 6 5 8 6 2 1 8,6,-72.072500
1071,2 0 8 0 1 2 8 1 0,9,-17.872000
1072,6 7 1 8 1 7 3 3 0,6,-29.577500
1073,0 2 6 2 3 5 0 6 4,6,-21.379000
1074,0 6 3 3 0 7 5 7 6,5,-41.283000
1075,6 8 3 8 6 2 5 3 7,6,-53.528500
1076,3 6 3 4 5 0 1 3 7,6,-41.283000
1077,3 4 1 3 8 8 6 8 1,7,-41.283000
1078,3 6 1 6 3 1 8 7 2,6,-31.331000
1079,5 7 2 2 3 6 4 4 6,4,-31.331000
1080,1 5 7 1 6 8 4 8 4,5,-65.774000
1081,3 0 3 1 1 3 6 4 6,6,-29.577500
1082,4 3 4 1 1 6 4 5 8,5,-41.283000
1083,7 3 3 2 2 1 4 1 8,7,-21.379000
1084,6 7 4 4 6 0 2 7 6,2,-19.625500
1085,4 5 4 5 2 2 7 3 3,6,-41.283000
1086,3 8 6 6 1 1 3 5 4,6,-41.283000
1087,3 6 3 8 5 0 4 0 8,7,-41.283000
1088,0 7 7 5 3 5 0 3 8,7,-41.283000
1089,0 1 5 6 6 4 0 8 1,6,-17.872000
1090,4 3 3 1 5 5 4 0 8,7,-41.283000
1091,2 6 8 3 7 6 3 0 0,6,-31.331000
1092,1 4 2 2 1 1 2 3 2,8,-21.379000
1093,0 4 6 4 7 1 5 6 2,4,-19.625500
1094,5 2 1 7 0 4 0 2 4,6,-19.625500
1095,5 1 1 5 2 2 2 1 5,9,-21.379000
1096,1 0 1 8 7 8 0 7 0,7,-17.872000
1097,6 0 4 0 8 8 4 0 2,6,-19.625500
1098,8 2 8 0 3 0 3 7 3,8,-41.283000
1099,0 6 0 1 2 4 5 7 6,5,-17.872000
1100,4 0 7 7 0 0 5 2 7,5,-17.872000
1101,8 8 4 4 3 2 8 2 4,6,-59.827000
1102,3 3 3 7 2 0 8 7 4,6,-41.283000
1103,2 3 0 3 2 0 3 1 4,8,-21.379000
1104,7 3 8 7 2 7 5 4 3,5,-41.283000
1105,2 3 3 6 7 5 7 0 0,6,-31.331000
1106,3 7 1 1 3 3 4 5 5,7,-41.283000
1107,2 6 7 2 8 7 0 0 6,5,-21.379000
1108,2 8 4 1 2 7 3 2 4,6,-21.379000
1109,5 5 4 3 4 8 7 7 3,5,-65.774000
1110,8 4 6 8 1 5 2 7 2,6,-43.576500
1111,7 1 0 5 7 8 5 3 6,6,-53.528500
1112,5 6 4 5 8 2 8 0 0,7,-65.774000
1113,3 4 7 6 3 6 8 4 2,4,-41.283000
1114,1 3 5 7 2 3 3 0 2,8,-31.331000
1115,8 1 7 6 7 6 1 1 2,5,-5.615000
1116,0 0 1 1 4 5 2 3 8,8,-19.625500
1117,7 7 7 8 4 4 1 0 4,3,-17.872000
1118,6 4 8 4 6 0 6 3 8,4,-59.827000
1119,0 2 5 6 1 0 7 1 6,6,-17.872000
1120,4 6 3 7 5 1 5 1 6,5,-41.283000
1121,8 8 2 4 8 1 5 3 0,8,-53.528500
1122,2 3 6 6 1 8 6 6 0,5,-21.379000
1123,7 1 8 0 4 5 2 3 4,6,-31.331000
1124,1 6 2 7 1 3 1 0 5,7,-17.872000
1125,8 3 1 5 5 7 5 4 7,6,-65.774000
1126,3 6 7 5 0 7 8 1 7,5,-41.283000
1127,2 7 1 4 2 8 5 8 3,7,-41.283000
1128,8 5 2 8 0 7 0 3 7,7,-41.283000
1129,0 3 2 1 8 1 7 7 5,7,-21.379000
1130,7 5 2 3 0 0 6 4 4,5,-21.379000
1131,2 6 1 6 2 7 8 4 2,5,-21.379000
1132,1 3 7 5 5 2 0 4 1,7,-21.379000
1133,2 4 5 8 4 1 5 6 4,5,-65.774000
1134,8 0 1 0 0 2 5 2 3,9,-21.379000
1135,8 0 5 7 3 2 8 3 1,8,-41.283000
1136,0 1 1 6 4 2 5 4 2,6,-19.625500
1137,5 5 3 2 4 8 2 6 3,7,-41.283000
1138,4 6 6 6 0 1 0 7 7,3,-17.872000
1139,8 5 7 8 4 5 0 8 7,6,-72.072500
1140,6 4 0 8 3 8 4 2 5,6,-53.528500
1141,7 6 3 0 6 2 7 2 1,5,-21.379000
1142,6 5 8 6 1 4 7 6 0,4,-41.823000
1143,5 2 2 4 8 2 2 2 4,7,-21.379000
1144,0 6 4 2 8 7 0 6 1,5,-17.872000
1145,2 7 1 4 2 7 4 4 4,3,-21.379000
1146,1 3 0 0 1 6 3 1 0,8,-17.872000
1147,7 6 7 2 6 2 0 3 1,5,-21.379000
1148,0 5 3 8 5 0 7 1 4,7,-41.283000
1149,3 6 7 3 3 0 3 6 2,6,-41.283000
1150,3 7 8 0 5 8 6 3 5,7,-65.774000
1151,1 3 1 3 5 7 7 8 5,7,-41.283000
1152,8 6 2 3 1 1 5 4 4,6,-31.331000
1153,4 2 5 1 1 7 3 3 3,7,-41.283000
1154,6 6 2 3 4 2 0 8 0,6,-21.379000
1155,5 7 3 4 2 3 6 4 7,4,-41.283000
1156,2 8 5 2 8 6 4 7 4,5,-65.774000
1157,5 0 0 0 7 6 2 0 2,7,-17.872000
1158,7 1 3 1 0 2 5 5 8,8,-31.331000
1159,1 0 4 0 8 4 8 2 1,7,-17.872000
1160,0 0 5 5 7 6 5 6 3,6,-53.528500
1161,4 2 1 8 0 0 0 8 2,8,-19.625500
1162,2 8 8 7 6 7 7 7 4,3,-78.371000
1163,8 5 2 7 4 1 1 8 6,6,-43.576500
1164,2 0 3 5 1 0 1 1 1,9,-17.872000
1165,2 3 3 7 2 7 8 0 0,7,-21.379000
1166,0 0 1 4 7 6 0 8 7,5,-17.872000
1167,4 3 7 8 3 8 6 5 0,6,-53.528500
1168,0 7 2 1 8 2 1 0 2,8,-19.625500
1169,8 1 4 2 3 0 3 3 0,8,-31.331000
1170,0 2 7 2 6 0 7 6 8,5,-21.379000
1171,4 7 3 1 7 6 0 0 5,5,-17.872000
1172,3 0 8 5 5 6 4 6 5,6,-65.774000
1173,2 2 2 5 2 2 6 5 7,7,-21.379000
1174,2 0 6 2 7 4 6 6 3,4,-21.379000
1175,8 5 7 3 4 1 8 3 3,7,-41.283000
1176,5 4 3 8 2 4 6 4 2,5,-41.283000
1177,4 5 6 5 5 6 5 0 2,6,-65.774000
1178,5 1 3 4 0 8 4 6 1,6,-29.577500
1179,2 3 7 1 5 5 6 4 8,6,-53.528500
1180,4 2 5 5 7 2 4 8 2,6,-43.576500
1181,7 7 4 3 1 5 7 8 6,4,-53.528500
1182,0 2 5 5 4 3 7 0 5,7,-41.283000
1183,4 3 2 2 6 1 1 0 3,7,-21.379000
1184,3 1 6 1 5 3 6 7 3,6,-41.283000
1185,4 4 6 1 7 0 7 6 1,3,-5.615000
1186,6 6 4 3 5 7 4 1 6,3,-41.283000
1187,7 5 2 0 2 0 8 7 3,7,-21.379000
1188,2 0 4 3 5 6 4 3 8,6,-41.283000
1189,1 8 4 1 7 1 8 1 4,6,-5.615000
1190,4 6 7 8 6 7 4 6 6,1,-78.371000
1191,7 2 1 7 6 8 6 5 4,4,-43.576500
1192,4 0 2 1 2 4 0 6 3,6,-19.625500
1193,7 1 2 6 8 5 1 1 6,6,-13.497000
1194,6 1 3 0 7 4 3 1 5,6,-29.577500
1195,6 2 4 4 8 1 6 6 5,4,-43.576500
1196,0 5 2 4 7 6 0 1 1,6,-17.872000
1197,1 6 1 1 6 6 5 5 3,6,-23.449000
1198,4 0 3 0 0 8 7 1 0,7,-17.872000
1199,3 6 3 4 8 8 0 2 4,6,-41.283000
1200,6 8 2 1 7 2 3 8 4,6,-31.331000
1201,8 6 4 8 7 6 0 3 3,5,-41.283000
1202,2 3 0 5 3 8 4 4 3,7,-41.283000
1203,4 4 0 3 2 0 1 2 8,7,-21.379000
1204,6 8 6 2 8 8 8 4 8,6,-78.371000
1205,7 7 4 8 2 8 2 7 0,5,-21.379000
1206,6 2 0 8 0 5 1 8 8,8,-43.576500
1207,6 4 4 5 1 6 7 8 3,4,-53.528500
1208,8 8 6 0 1 2 4 8 8,7,-78.371000
1209,8 0 3 1 3 5 2 4 0,8,-31.331000
1210,7 1 8 1 1 3 8 4 7,6,-23.449000
1211,6 7 4 2 4 3 5 2 4,4,-31.331000
1212,6 2 6 5 6 4 2 1 5,5,-21.379000
1213,7 1 8 8 0 4 0 4 6,5,-17.872000
1214,6 8 5 8 6 3 5 7 0,6,-65.774000
1215,8 1 2 2 6 2 6 1 7,6,-21.379000
1216,1 6 0 2 3 2 3 3 7,7,-21.379000
1217,2 7 0 8 7 5 7 1 8,6,-43.576500
1218,6 4 7 5 5 7 6 3 4,3,-65.774000
1219,7 7 7 6 4 3 0 8 7,3,-41.283000
1220,7 4 7 6 7 1 4 8 5,3,-65.774000
1221,1 6 3 5 2 5 0 0 1,8,-19.625500
1222,0 4 6 6 5 1 1 1 1,6,-5.615000
1223,5 0 1 3 6 8 2 2 3,8,-31.331000
1224,5 7 0 5 8 7 7 4 2,5,-65.774000
1225,2 7 6 4 3 1 3 2 7,5,-21.379000
1226,6 3 2 1 6 1 6 0 0,6,-17.872000
1227,4 7 7 1 5 2 0 6 7,4,-19.625500
1228,7 8 0 3 6 5 4 1 0,6,-29.577500
1229,2 4 3 3 5 5 5 0 3,8,-41.283000
1230,5 5 8 2 8 8 6 5 1,8,-65.774000
1231,4 1 4 4 8 7 2 1 7,4,-13.497000
1232,2 0 4 6 5 4 4 6 8,4,-43.576500
1233,8 5 2 8 7 8 7 1 3,7,-65.774000
1234,2 0 2 5 5 5 4 8 1,8,-43.576500
1235,8 8 4 8 4 8 2 3 0,7,-78.371000
1236,7 8 4 7 3 0 2 5 6,5,-41.283000
1237,1 1 5 0 7 2 7 1 3,7,-17.872000
1238,4 4 6 5 8 2 2 2 1,6,-21.379000
1239,2 6 7 1 2 4 0 2 2,6,-21.379000
1240,7 0 6 6 6 8 1 8 5,5,-65.774000
1241,4 2 2 5 8 4 3 3 4,6,-41.283000
1242,6 8 6 2 5 7 7 2 3,5,-41.283000
1243,2 0 8 5 3 3 6 5 1,8,-41.283000
1244,4 7 0 6 3 0 2 4 1,5,-17.872000
1245,1 3 5 6 6 1 1 2 7,6,-13.497000
1246,4 7 0 6 7 0 5 7 7,3,-17.872000
1247,0 0 6 7 4 4 3 0 3,5,-17.872000
1248,3 4 8 2 0 0 6 4 1,6,-19.625500
1249,5 3 2 1 8 4 1 8 5,8,-53.528500
1250,6 3 7 5 4 2 1 2 5,6,-31.331000
1251,6 3 0 6 0 4 1 6 4,4,-17.872000
1252,8 4 6 0 5 3 6 1 7,5,-41.283000
1253,7 7 4 0 6 8 8 6 8,4,-78.371000
1254,5 2 8 5 2 1 4 0 3,8,-31.331000
1255,6 5 8 7 2 0 4 8 0,6,-43.576500
1256,8 3 0 3 8 2 2 1 1,9,-21.379000
1257,7 6 4 0 7 2 3 8 4,4,-31.331000
1258,8 0 8 1 5 1 0 1 4,8,-17.872000
1259,0 5 5 0 5 5 5 3 4,8,-65.774000
1260,8 6 7 7 1 8 0 3 0,6,-29.577500
1261,6 6 1 7 0 3 1 8 7,5,-17.872000
1262,3 8 6 7 0 6 7 3 5,5,-41.283000
1263,8 8 4 4 1 4 0 8 6,5,-78.371000
1264,5 1 6 5 1 7 4 1 3,6,-23.449000
1265,0 4 5 4 4 0 4 0 1,5,-17.872000
1266,4 5 4 8 5 5 5 7 3,6,-65.774000
1267,7 1 6 8 6 3 4 3 1,5,-41.283000
1268,7 0 3 8 4 6 6 4 6,3,-41.283000
1269,0 0 6 5 6 7 6 7 5,4,-41.823000
1270,4 1 6 1 0 7 2 5 2,6,-19.625500
1271,7 4 1 7 3 8 4 2 1,5,-21.379000
1272,0 0 5 3 2 6 8 4 0,7,-21.379000
1273,1 7 8 1 3 3 7 6 2,6,-31.331000
1274,5 1 0 4 2 2 7 3 2,7,-21.379000
1275,5 8 7 2 1 2 7 7 1,6,-21.379000
1276,3 3 1 5 5 4 5 2 3,8,-41.283000
1277,4 0 2 5 7 2 1 0 7,6,-19.625500
1278,4 4 5 3 2 7 7 2 0,5,-21.379000
1279,7 1 2 0 5 7 0 0 6,6,-17.872000
1280,7 0 6 4 0 7 0 6 5,4,-17.872000
1281,8 4 7 5 5 4 8 6 5,5,-65.774000
1282,0 3 1 8 0 7 2 3 4,7,-21.379000
1283,2 4 2 5 6 1 3 0 5,7,-21.379000
1284,2 6 2 6 4 1 1 4 4,4,-13.497000
1285,3 2 1 0 0 8 1 7 6,7,-17.872000
1286,2 0 2 1 1 7 1 1 0,8,-11.743500
1287,4 1 3 8 6 1 2 6 5,6,-31.331000
1288,8 4 1 8 5 1 0 2 7,7,-21.379000
1289,1 0 0 1 3 8 6 4 6,6,-17.872000
1290,6 2 6 7 8 4 4 2 8,4,-49.875000
1291,6 6 3 3 2 7 3 8 3,6,-41.283000
1292,3 4 6 0 5 1 8 0 4,6,-29.577500
1293,0 2 4 6 0 1 4 7 8,5,-17.872000
1294,1 4 5 0 6 2 4 3 2,6,-21.379000
1295,5 8 4 2 5 4 7 6 2,5,-65.774000
1296,7 1 3 0 2 3 8 2 2,8,-21.379000
1297,3 2 3 6 4 7 7 6 6,3,-41.283000
1298,7 1 4 5 3 0 5 8 1,7,-41.283000
1299,0 0 0 0 4 4 7 2 8,6,-17.872000
1300,7 2 5 2 2 3 7 5 7,6,-31.331000
1301,7 6 7 8 1 0 2 6 1,5,-17.872000
1302,5 6 6 0 1 2 4 1 6,5,-17.872000
1303,4 7 3 6 4 7 1 6 1,3,-5.615000
1304,7 1 6 2 3 1 7 6 6,4,-13.497000
1305,3 1 7 1 5 6 4 5 6,5,-41.283000
1306,5 4 7 8 3 6 4 3 8,5,-65.774000
1307,1 8 5 2 2 5 5 2 2,9,-21.379000
1308,4 7 1 7 5 6 4 2 7,3,-21.379000
1309,2 7 8 2 7 7 0 5 2,6,-21.379000
1310,1 8 8 1 0 5 1 4 8,8,-41.823000
1311,6 5 8 5 1 8 7 7 7,5,-65.774000
1312,3 4 8 8 6 5 5 6 6,5,-65.774000
1313,5 7 4 6 4 2 5 3 0,5,-41.283000
1314,2 5 5 6 5 3 7 1 5,7,-65.774000
1315,0 1 1 6 5 0 7 7 8,6,-17.872000
1316,3 7 7 4 0 0 1 4 1,5,-17.872000
1317,4 8 6 8 3 7 1 5 7,5,-65.774000
1318,0 8 4 6 3 6 5 3 0,6,-41.283000
1319,7 5 1 7 3 1 0 6 8,6,-29.577500
1320,4 2 3 4 8 5 6 6 3,5,-41.283000
1321,5 8 1 3 3 2 5 6 5,8,-53.528500
1322,1 3 6 0 1 6 2 8 5,7,-21.379000
1323,8 0 6 0 5 5 0 8 1,8,-41.823000
1324,8 5 0 8 7 0 6 7 7,5,-65.774000
1325,3 1 7 2 4 3 7 7 3,5,-41.283000
1326,1 6 5 2 6 6 1 5 2,6,-21.379000
1327,8 8 3 7 4 8 4 1 7,5,-78.371000
1328,7 1 7 2 2 8 6 8 2,6,-21.379000
1329,1 3 1 7 2 0 8 6 8,7,-21.379000
1330,8 2 5 5 8 8 8 3 0,9,-65.774000
1331,2 4 1 3 3 8 2 2 3,8,-31.331000
1332,1 5 8 6 4 3 1 3 2,7,-41.283000
1333,0 2 3 5 5 4 5 8 6,7,-65.774000
1334,8 4 4 5 2 6 4 7 3,4,-53.528500
1335,5 4 6 7 7 5 7 6 6,2,-65.774000
1336,4 6 1 2 3 5 0 1 2,7,-21.379000
1337,2 1 6 0 3 3 6 7 0,6,-19.625500
1338,5 5 4 1 4 6 2 5 2,6,-43.576500
1339,3 5 3 2 3 8 2 0 5,9,-41.283000
1340,1 5 8 4 4 5 7 4 1,5,-65.774000
1341,4 3 4 3 4 7 6 0 8,4,-41.283000
1342,7 7 5 8 1 8 6 5 7,5,-65.774000
1343,4 6 4 5 1 4 2 7 2,4,-21.379000
1344,7 1 2 8 5 7 5 1 3,7,-41.283000
1345,4 7 3 3 3 1 5 8 2,7,-41.283000
1346,3 8 4 0 5 7 4 5 0,6,-53.528500
1347,3 7 7 8 7 7 7 4 0,3,-41.283000
1348,6 3 7 3 0 0 2 3 2,7,-21.379000
1349,2 0 3 3 5 1 1 5 1,9,-21.379000
1350,2 2 1 4 3 2 6 5 4,6,-21.379000
1351,0 8 3 8 3 3 6 2 6,7,-41.283000
1352,1 5 1 5 8 4 2 1 1,8,-13.497000
1353,5 5 3 0 4 5 1 5 1,8,-53.528500
1354,7 2 0 8 0 2 5 1 6,7,-21.379000
1355,6 8 6 6 1 8 7 8 3,5,-78.371000
1356,2 0 4 1 8 6 1 2 7,6,-19.625500
1357,0 2 4 8 6 6 2 5 8,6,-43.576500
1358,6 7 4 5 5 8 0 0 0,6,-41.823000
1359,5 3 8 0 3 4 8 2 2,8,-41.283000
1360,1 5 5 3 3 4 7 2 0,7,-41.283000
1361,0 6 3 6 1 1 0 6 3,6,-17.872000
1362,1 3 2 4 6 1 2 4 3,6,-21.379000
1363,3 5 0 1 5 7 4 4 4,5,-41.283000
1364,3 3 0 5 3 0 5 7 2,8,-41.283000
1365,7 0 7 8 6 4 7 1 4,3,-17.872000
1366,7 1 7 4 2 8 6 7 4,3,-21.379000
1367,7 8 1 1 0 0 8 0 0,8,-17.872000
1368,7 0 8 6 1 8 4 1 3,6,-29.577500
1369,0 6 4 6 7 0 8 1 7,4,-17.872000
1370,2 5 3 8 7 1 5 1 1,8,-31.331000
1371,0 3 7 2 8 0 8 7 5,7,-41.283000
1372,0 8 0 2 7 3 6 6 8,6,-31.331000
1373,7 5 2 1 0 2 8 0 5,8,-21.379000
1374,4 6 0 5 3 2 2 5 4,6,-31.331000
1375,7 2 7 3 1 8 7 6 6,4,-31.331000
1376,6 1 1 5 1 6 1 8 4,6,-5.615000
1377,4 8 2 4 3 3 3 6 0,6,-41.283000
1378,5 7 6 3 5 1 1 5 7,6,-53.528500
1379,2 3 1 8 2 4 8 4 3,7,-41.283000
1380,0 7 4 8 4 3 4 3 6,4,-41.283000
1381,6 0 5 3 5 4 0 7 2,6,-31.331000
1382,1 6 4 3 8 6 4 2 6,4,-31.331000
1383,4 8 1 6 0 4 5 6 1,5,-17.872000
1384,7 2 0 3 3 7 2 0 5,7,-21.379000
1385,0 5 6 4 2 1 4 1 1,6,-11.743500
1386,7 4 4 1 3 6 0 8 4,4,-29.577500
1387,8 6 8 8 5 8 7 4 6,5,-78.371000
1388,6 8 7 2 7 3 6 7 6,3,-41.283000
1389,2 2 8 0 1 8 2 5 2,9,-21.379000
1390,0 4 3 2 7 7 2 6 5,5,-21.379000
1391,1 5 8 2 0 4 6 4 5,6,-43.576500
1392,4 6 0 0 3 2 5 3 0,7,-21.379000
1393,1 5 2 8 3 8 8 1 2,9,-41.283000
1394,6 2 5 2 1 5 6 6 5,6,-43.576500
1395,5 7 7 5 2 4 4 1 7,4,-43.576500
1396,3 8 6 2 8 0 1 5 6,7,-41.283000
1397,6 3 0 6 1 7 7 1 1,5,-5.615000
1398,8 3 2 4 3 1 5 5 8,8,-53.528500
1399,3 1 4 4 6 8 5 3 3,6,-41.283000
1400,4 1 0 3 3 7 0 0 5,7,-17.872000
1401,4 2 1 5 5 1 0 4 0,7,-17.872000
1402,1 5 4 1 8 0 1 1 4,7,-5.615000
1403,0 7 3 6 6 1 3 8 1,6,-29.577500
1404,4 8 5 3 0 3 1 8 1,8,-41.283000
1405,1 4 4 8 2 0 7 7 7,4,-19.625500
1406,2 6 3 8 4 1 1 2 5,7,-21.379000
1407,3 6 5 7 2 8 4 8 3,6,-53.528500
1408,3 0 3 4 3 8 7 0 3,7,-41.283000
1409,0 2 0 3 7 5 3 1 1,8,-19.625500
1410,8 8 8 4 1 2 3 7 4,6,-59.827000
1411,3 2 2 4 3 1 8 6 1,7,-21.379000
1412,8 2 5 0 1 4 8 2 1,8,-21.379000
1413,0 5 1 8 4 3 0 0 8,8,-29.577500
1414,0 1 4 7 1 8 3 2 2,7,-21.379000
1415,5 3 0 1 4 3 8 8 5,8,-53.528500
1416,6 0 1 4 2 1 2 2 0,7,-17.872000
1417,7 8 5 3 6 0 5 7 6,5,-65.774000
1418,3 2 2 8 7 0 5 8 3,8,-41.283000
1419,6 4 7 8 5 0 3 1 2,6,-31.331000
1420,0 7 3 5 7 5 7 4 6,4,-53.528500
1421,7 5 6 8 7 7 1 0 3,5,-41.283000
1422,5 0 1 0 3 7 2 6 7,6,-19.625500
1423,6 4 3 6 5 4 2 6 4,3,-41.283000
1424,5 3 7 5 7 1 7 2 1,6,-31.331000
1425,5 1 1 7 1 4 2 7 7,5,-5.615000
1426,8 0 7 7 1 7 3 2 2,6,-21.379000
1427,2 2 3 7 8 2 1 0 7,7,-21.379000
1428,5 2 0 8 0 6 3 8 2,8,-31.331000
1429,4 2 2 0 0 5 6 1 5,7,-21.379000
1430,6 8 2 5 3 4 7 2 0,6,-31.331000
1431,8 4 7 7 1 2 4 8 3,5,-41.283000
1432,4 1 4 5 7 1 0 6 8,5,-17.872000
1433,0 8 7 1 2 0 1 5 4,7,-17.872000
1434,0 1 4 2 5 0 2 4 5,7,-21.379000
1435,8 4 3 4 2 6 3 0 7,5,-41.283000
1436,0 1 6 0 5 2 5 8 6,7,-21.379000
1437,2 7 1 5 5 6 6 2 7,5,-21.379000
1438,4 0 3 1 4 0 1 7 1,6,-11.743500
1439,3 6 7 2 6 0 0 1 1,6,-17.872000
1440,8 0 8 3 3 4 1 6 2,7,-41.283000
1441,4 7 6 8 8 4 3 5 1,5,-65.774000
1442,3 6 3 0 1 5 0 1 7,7,-17.872000
1443,0 3 2 3 0 0 8 0 6,8,-19.625500
1444,5 2 6 2 0 0 0 0 2,8,-19.625500
1445,5 2 1 0 4 1 1 5 7,7,-17.872000
1446,1 2 7 4 4 7 3 3 2,5,-21.379000
1447,4 0 3 8 4 1 7 0 1,6,-17.872000
1448,8 5 6 1 5 4 3 6 8,6,-65.774000
1449,8 4 6 8 8 0 1 5 1,7,-65.774000
1450,7 4 8 2 2 8 0 8 4,6,-49.875000
1451,6 6 4 5 7 1 2 8 0,5,-21.379000
1452,7 1 7 7 7 2 5 3 1,5,-21.379000
1453,6 7 5 1 6 2 0 0 7,5,-17.872000
1454,6 4 8 5 3 2 0 2 2,7,-21.379000
1455,2 7 8 2 7 7 6 7 1,4,-21.379000
1456,8 8 4 3 4 5 0 0 7,6,-53.528500
1457,2 4 0 1 0 0 8 4 6,6,-17.872000
1458,5 2 5 8 5 3 5 0 3,9,-65.774000
1459,6 6 7 1 5 5 7 5 3,5,-65.774000
1460,2 1 0 5 4 0 2 7 4,6,-19.625500
1461,7 0 5 0 2 6 7 4 7,4,-19.625500
1462,8 5 1 1 3 0 1 0 6,8,-17.872000
1463,5 0 3 6 1 5 6 1 2,7,-21.379000
1464,2 2 1 8 5 7 8 5 2,8,-43.576500
1465,4 1 4 8 7 4 6 1 2,4,-13.497000
1466,2 6 8 8 5 1 7 8 0,7,-65.774000
1467,0 4 8 5 1 6 2 8 8,7,-65.774000
1468,4 4 3 4 6 2 0 6 7,3,-21.379000
1469,8 6 1 4 7 0 2 2 8,6,-21.379000
1470,7 5 5 5 2 4 5 2 2,7,-65.774000
1471,1 1 7 8 4 6 0 6 0,5,-17.872000
1472,6 5 2 6 0 1 3 4 5,6,-31.331000
1473,0 4 3 8 7 0 1 2 8,7,-21.379000
1474,7 8 1 6 3 7 0 2 5,6,-31.331000
1475,3 7 5 7 2 4 4 8 3,5,-41.283000
1476,6 0 7 0 6 8 8 4 0,5,-17.872000
1477,6 6 6 8 4 5 5 1 6,4,-65.774000
1478,5 7 2 3 6 4 8 2 2,6,-31.331000
1479,4 6 7 2 2 4 0 6 0,4,-19.625500
1480,5 6 3 4 4 0 5 0 6,5,-41.283000
1481,7 7 2 3 3 5 1 4 2,6,-31.331000
1482,5 6 7 1 7 6 5 1 4,4,-35.694500
1483,5 8 0 4 8 4 0 3 4,6,-53.528500
1484,8 7 4 7 7 7 6 5 6,2,-72.072500
1485,3 2 8 8 1 8 3 6 0,8,-41.283000
1486,3 7 1 3 5 1 5 7 1,7,-41.283000
1487,3 8 0 6 2 7 0 3 1,7,-21.379000
1488,5 1 8 3 2 0 1 4 4,7,-21.379000
1489,7 3 5 1 7 7 7 2 7,4,-31.331000
1490,1 1 5 6 4 8 5 3 1,7,-41.283000
1491,1 5 4 3 7 3 0 0 6,6,-29.577500
1492,6 3 6 1 8 6 5 2 1,6,-31.331000
1493,8 0 7 5 8 6 4 5 3,6,-65.774000
1494,3 7 4 5 7 5 1 2 1,6,-31.331000
1495,0 3 8 6 6 6 6 6 2,4,-31.331000
1496,3 1 8 4 3 4 6 8 2,6,-41.283000
1497,7 0 4 3 3 2 5 5 8,7,-41.283000
1498,0 7 3 3 4 5 8 2 8,7,-41.283000
1499,2 4 3 5 5 6 8 5 0,7,-65.774000
1500,7 8 0 5 5 4 5 2 2,7,-65.774000
1501,8 7 2 6 2 6 0 5 6,5,-21.379000
1502,0 2 2 3 0 7 8 4 7,6,-21.379000
1503,5 8 1 7 8 4 5 6 7,5,-65.774000
1504,7 8 5 5 3 6 0 6 0,6,-53.528500
1505,4 7 0 5 0 3 5 6 0,6,-29.577500
1506,2 2 3 2 8 2 5 3 4,8,-31.331000
1507,2 6 3 3 5 8 8 4 3,7,-41.283000
1508,3 6 6 2 4 6 3 3 8,5,-41.283000
1509,1 0 2 8 8 2 1 6 7,7,-21.379000
1510,2 4 2 4 7 0 3 0 6,5,-21.379000
1511,1 3 7 2 1 4 3 6 3,6,-31.331000
1512,5 8 4 1 0 8 5 3 7,7,-65.774000
1513,8 0 3 4 2 6 5 3 5,7,-41.283000
1514,2 0 7 5 3 8 8 3 5,8,-53.528500
1515,7 4 0 6 7 4 2 3 0,4,-19.625500
1516,3 3 4 5 2 8 5 3 7,7,-41.283000
1517,1 6 8 3 3 7 5 3 3,7,-41.283000
1518,3 5 7 7 4 5 8 0 1,6,-53.528500
1519,4 8 8 7 6 6 0 5 6,4,-72.072500
1520,4 2 4 1 7 3 2 6 7,4,-21.379000
1521,0 3 5 1 7 7 6 7 5,5,-41.283000
1522,8 0 1 1 6 6 7 8 6,5,-17.872000
1523,5 4 6 6 2 0 0 1 4,5,-17.872000
1524,2 4 6 0 7 4 4 3 4,3,-21.379000
1525,1 2 4 4 3 1 3 8 5,7,-41.283000
1526,0 1 8 3 7 0 8 2 6,7,-21.379000
1527,2 8 8 3 7 7 7 4 1,5,-41.283000
1528,0 1 5 1 7 2 3 6 6,6,-19.625500
1529,2 4 8 7 3 4 8 2 2,6,-31.331000
1530,2 2 3 6 0 8 4 3 7,6,-31.331000
1531,3 2 6 3 8 5 2 3 1,8,-41.283000
1532,5 6 0 3 0 4 3 2 2,7,-21.379000
1533,5 7 7 4 5 3 1 1 0,6,-29.577500
1534,2 3 6 2 4 6 1 1 5,6,-21.379000
1535,1 1 0 4 7 2 1 2 0,7,-17.872000
1536,1 2 4 5 3 0 7 3 0,7,-21.379000
1537,8 0 4 2 6 6 8 7 0,5,-21.379000
1538,4 5 4 6 5 8 5 7 6,4,-65.774000
1539,6 4 2 6 7 8 5 8 8,5,-78.371000
1540,0 8 1 3 7 6 4 0 1,6,-17.872000
1541,6 7 4 2 3 5 7 5 6,4,-53.528500
1542,8 6 3 1 6 0 7 4 8,5,-41.283000
1543,2 3 0 3 5 4 6 4 0,6,-31.331000
1544,1 8 1 4 5 0 6 8 0,7,-17.872000
1545,3 3 1 6 4 4 3 2 7,5,-41.283000
1546,2 8 8 1 7 8 7 4 8,6,-78.371000
1547,8 6 2 2 0 7 3 1 7,6,-21.379000
1548,7 7 4 0 8 6 2 8 8,5,-78.371000
1549,2 2 2 8 3 5 7 7 5,7,-41.283000
1550,1 7 7 0 0 4 8 0 2,6,-17.872000
1551,8 5 3 7 4 8 6 4 0,5,-65.774000
1552,0 7 5 4 2 1 5 0 1,7,-17.872000
1553,6 6 3 7 5 8 0 6 8,5,-65.774000
1554,8 0 6 7 3 1 4 4 1,5,-17.872000
1555,2 7 8 1 2 6 4 6 4,4,-21.379000
1556,2 1 0 2 5 6 5 3 3,8,-31.331000
1557,6 2 3 7 5 6 3 1 5,6,-41.283000
1558,2 4 0 7 8 7 4 6 7,3,-21.379000
1559,5 3 8 7 0 1 5 4 3,7,-41.283000
1560,7 5 3 5 8 0 5 4 5,7,-65.774000
1561,4 2 6 3 8 3 1 1 5,7,-41.283000
1562,1 6 5 2 0 2 7 3 7,6,-21.379000
1563,6 8 3 2 7 1 3 6 6,5,-41.283000
1564,5 8 2 2 0 2 2 0 2,9,-21.379000
1565,1 8 3 3 4 4 5 7 5,6,-53.528500
1566,1 1 2 7 2 1 2 1 7,7,-5.615000
1567,5 8 2 3 4 2 2 6 8,7,-41.283000
1568,1 1 5 6 4 0 3 6 8,6,-29.577500
1569,4 0 5 8 6 1 7 3 1,6,-29.577500
1570,1 4 0 0 8 2 3 2 3,8,-21.379000
1571,5 3 0 6 2 3 3 6 1,7,-41.283000
1572,0 4 3 1 8 4 2 8 1,7,-21.379000
1573,7 2 7 0 6 0 6 7 7,3,-17.872000
1574,3 4 2 7 5 5 2 1 5,7,-41.283000
1575,2 2 4 0 5 1 7 1 1,7,-17.872000
1576,5 4 8 2 6 8 0 8 0,7,-65.774000
1577,8 5 4 4 6 2 6 2 1,5,-21.379000
1578,4 0 0 1 7 0 4 3 7,5,-17.872000
1579,7 7 7 5 3 7 5 2 6,4,-53.528500
1580,4 3 1 6 1 8 3 2 5,7,-41.283000
1581,6 2 7 5 6 0 3 5 8,6,-53.528500
1582,6 3 8 0 5 5 7 5 2,7,-65.774000
1583,5 1 2 2 7 4 0 7 7,5,-21.379000
1584,1 4 5 6 3 8 6 1 4,5,-41.283000
1585,3 1 1 6 6 2 5 1 4,6,-13.497000
1586,5 3 7 6 3 7 2 6 1,5,-41.283000
1587,1 7 0 0 6 6 2 4 3,5,-17.872000
1588,8 6 0 1 5 2 1 8 3,8,-31.331000
1589,0 8 3 5 7 3 8 5 4,7,-65.774000
1590,0 2 0 7 0 2 6 3 6,6,-19.625500
1591,1 2 1 1 8 6 2 4 1,7,-5.615000
1592,7 6 4 7 1 1 3 6 1,4,-5.615000
1593,1 6 0 5 4 5 2 0 0,7,-17.872000
1594,1 4 3 4 8 4 6 2 2,5,-21.379000
1595,0 1 2 7 0 8 3 0 1,8,-17.872000
1596,4 5 3 5 7 4 4 4 1,4,-53.528500
1597,2 0 1 2 3 6 0 4 4,6,-19.625500
1598,8 0 4 6 2 3 7 7 7,4,-31.331000
1599,0 6 0 7 2 7 8 1 2,6,-19.625500
1600,3 6 4 2 1 3 5 8 0,7,-41.283000
1601,5 1 0 2 4 2 5 3 2,8,-21.379000
1602,4 7 6 1 8 2 4 5 3,5,-41.283000
1603,1 0 2 2 7 5 3 4 2,7,-21.379000
1604,1 4 7 0 4 0 1 3 1,6,-11.743500
1605,7 4 5 1 3 2 1 7 7,5,-21.379000
1606,2 2 8 6 1 5 0 8 3,8,-31.331000
1607,0 7 1 3 0 2 5 8 1,8,-19.625500
1608,8 5 6 1 7 1 5 1 7,6,-35.694500
1609,2 8 1 1 7 6 8 2 2,7,-21.379000
1610,1 5 1 2 6 5 1 4 3,7,-21.379000
1611,7 3 4 4 8 2 4 8 5,5,-65.774000
1612,0 7 1 5 5 2 4 2 8,7,-21.379000
1613,1 5 7 0 3 2 6 6 1,6,-19.625500
1614,5 2 8 7 1 1 2 6 2,7,-21.379000
1615,5 7 2 3 0 1 4 0 1,7,-17.872000
1616,0 1 1 5 3 8 4 4 6,6,-29.577500
1617,6 5 8 2 8 0 2 0 4,7,-21.379000
1618,8 6 7 8 7 5 8 1 0,6,-72.072500
1619,0 6 1 6 2 5 4 4 8,5,-21.379000
1620,2 6 3 7 8 4 0 1 7,5,-21.379000
1621,6 6 2 5 4 0 2 7 8,5,-21.379000
1622,4 0 0 4 3 8 2 0 1,7,-17.872000
1623,6 8 8 8 1 2 1 3 0,8,-31.331000
1624,8 7 8 0 3 7 1 7 0,6,-29.577500
1625,8 6 5 4 3 7 4 4 7,3,-65.774000
1626,0 4 2 3 5 5 6 6 0,6,-31.331000
1627,5 7 1 0 7 3 4 6 1,5,-17.872000
1628,0 4 5 1 3 3 7 5 8,7,-41.283000
1629,6 6 4 0 2 1 6 3 8,5,-21.379000
1630,5 6 5 2 3 5 7 1 1,7,-41.283000
1631,0 0 2 1 2 3 5 6 2,8,-21.379000
1632,8 1 6 2 2 2 5 8 1,8,-21.379000
1633,3 6 0 7 3 5 7 7 7,4,-41.283000
1634,6 7 0 8 6 4 8 4 7,3,-78.371000
1635,0 8 2 0 2 2 3 2 7,8,-21.379000
1636,4 8 1 1 4 7 0 0 2,6,-17.872000
1637,5 8 6 3 3 5 2 3 7,7,-41.283000
1638,3 2 7 5 3 4 0 3 0,7,-41.283000
1639,4 7 7 2 8 8 2 3 1,6,-31.331000
1640,5 3 3 6 8 5 6 2 6,6,-53.528500
1641,1 2 1 4 1 7 4 4 4,4,-5.615000
1642,3 8 1 3 7 4 5 6 8,6,-53.528500
1643,3 7 0 1 2 5 3 5 2,8,-31.331000
1644,7 2 1 7 4 8 3 7 7,4,-31.331000
1645,1 8 4 3 7 4 1 4 4,4,-23.449000
1646,3 0 2 2 6 5 4 2 5,7,-21.379000
1647,7 3 5 8 6 4 8 3 3,6,-53.528500
1648,5 1 6 6 5 1 7 2 7,5,-21.379000
1649,8 7 0 0 4 6 0 3 1,6,-17.872000
1650,2 1 1 7 0 3 2 8 3,8,-21.379000
1651,6 8 1 1 7 2 2 4 4,5,-21.379000
1652,7 1 8 8 5 5 5 8 1,8,-65.774000
1653,3 4 6 7 3 7 6 2 3,4,-41.283000
1654,1 5 8 3 8 2 5 2 1,9,-41.283000
1655,1 3 4 7 8 0 2 6 8,6,-31.331000
1656,3 7 5 6 8 2 1 0 8,7,-41.283000
1657,0 1 5 7 7 7 0 0 6,5,-17.872000
1658,5 8 3 1 8 2 0 7 1,8,-31.331000
1659,6 8 0 0 0 5 0 1 3,8,-17.872000
1660,1 5 7 8 8 1 6 0 3,7,-41.283000
1661,5 5 8 0 8 8 4 1 2,8,-65.774000
1662,7 6 7 6 1 6 3 4 3,3,-41.283000
1663,2 4 2 5 3 0 1 1 2,8,-21.379000
1664,5 7 2 7 3 7 5 8 1,6,-53.528500
1665,0 4 3 1 1 2 3 4 4,6,-19.625500
1666,8 8 3 8 3 6 4 1 7,6,-59.827000
1667,0 0 8 7 0 8 0 6 7,6,-17.872000
1668,7 4 6 6 2 2 6 6 4,2,-21.379000
1669,2 2 6 8 1 8 4 2 2,7,-21.379000
1670,1 2 4 7 5 4 4 1 7,4,-13.497000
1671,2 5 6 6 7 4 3 1 5,5,-41.283000
1672,6 1 8 1 2 7 4 1 1,6,-5.615000
1673,4 1 1 0 7 6 2 3 8,6,-19.625500
1674,4 5 1 3 1 1 5 4 3,7,-41.283000
1675,8 6 4 0 1 3 6 8 6,5,-41.283000
1676,1 3 2 8 6 3 3 5 7,7,-41.283000
1677,1 0 2 3 2 4 4 1 4,6,-19.625500
1678,2 0 5 4 0 1 4 1 1,7,-17.872000
1679,3 5 8 3 7 3 7 2 3,7,-41.283000
1680,1 6 7 1 8 2 6 3 3,6,-31.331000
1681,1 0 4 8 4 1 3 2 8,7,-21.379000
1682,1 7 6 5 0 6 2 3 1,6,-19.625500
1683,4 7 0 2 1 6 5 8 5,6,-43.576500
1684,7 8 6 7 5 4 3 4 5,4,-65.774000
1685,4 2 1 3 1 8 7 0 0,7,-17.872000
1686,0 8 7 0 2 8 2 4 5,7,-21.379000
1687,4 8 3 7 6 4 4 0 2,4,-31.331000
1688,4 0 4 4 7 3 6 4 1,3,-17.872000
1689,1 8 6 4 5 8 3 2 2,7,-41.283000
1690,0 1 7 3 4 6 4 0 3,5,-17.872000
1691,6 6 1 4 8 8 8 0 8,6,-78.371000
1692,5 1 2 6 1 7 7 4 3,5,-21.379000
1693,4 8 3 4 0 8 5 0 1,7,-41.283000
1694,2 8 7 4 8 8 6 3 7,5,-78.371000
1695,0 4 2 3 6 0 5 7 1,6,-19.625500
1696,4 8 6 4 6 3 4 5 1,4,-53.528500
1697,7 3 3 8 4 8 5 6 4,5,-65.774000
1698,3 1 8 8 1 5 3 1 1,9,-41.283000
1699,1 7 1 5 5 3 7 7 2,6,-31.331000
1700,5 7 0 5 4 8 6 8 5,6,-65.774000
1701,8 3 4 7 5 1 2 0 7,6,-31.331000
1702,3 4 7 0 0 8 2 2 0,7,-21.379000
1703,2 2 8 2 8 5 6 2 3,8,-31.331000
1704,4 5 0 4 5 8 2 8 6,6,-65.774000
1705,0 7 3 2 8 5 5 2 2,8,-31.331000
1706,7 0 3 1 6 3 3 0 3,7,-41.283000
1707,0 4 6 3 5 2 1 8 3,7,-41.283000
1708,6 5 7 6 2 0 5 1 1,6,-19.625500
1709,6 0 1 8 8 4 3 7 6,5,-41.283000
1710,5 4 8 1 6 5 7 5 5,6,-65.774000
1711,7 5 1 7 1 1 4 2 2,6,-13.497000
1712,8 1 3 4 2 1 0 4 7,6,-19.625500
1713,3 4 0 6 2 0 6 6 0,5,-17.872000
1714,3 3 3 6 2 8 6 0 7,6,-41.283000
1715,1 7 0 7 0 2 4 6 4,4,-17.872000
1716,5 5 3 2 3 4 5 0 7,7,-41.283000
1717,1 0 7 3 7 6 0 0 6,5,-17.872000
1718,8 1 1 5 3 1 6 2 7,7,-21.379000
1719,5 1 0 0 4 5 1 4 5,7,-17.872000
1720,5 0 3 4 4 5 8 0 6,6,-53.528500
1721,4 5 1 2 7 8 6 8 7,5,-65.774000
1722,6 2 3 6 1 5 4 8 6,5,-41.283000
1723,0 4 3 5 3 6 3 5 2,7,-41.283000
1724,1 8 6 7 1 5 0 5 2,7,-21.379000
1725,1 4 5 8 6 5 2 6 7,5,-65.774000
1726,2 7 1 2 5 8 8 3 2,8,-31.331000
1727,2 3 6 3 0 6 6 5 0,6,-31.331000
1728,6 0 1 5 2 5 3 5 4,7,-41.283000
1729,0 0 3 5 2 4 3 8 8,8,-41.283000
1730,2 0 0 8 4 1 4 2 4,6,-19.625500
1731,2 0 6 6 4 1 0 7 7,4,-17.872000
1732,8 4 6 3 6 3 8 2 8,6,-59.827000
1733,3 6 1 8 8 6 3 4 1,6,-41.283000
1734,2 2 3 1 1 2 6 2 7,7,-21.379000
1735,0 4 8 8 8 0 6 4 0,6,-48.121500
1736,5 8 1 1 0 6 0 2 6,7,-17.872000
1737,8 1 5 8 5 5 4 5 5,8,-65.774000
1738,4 3 4 8 4 2 1 5 4,5,-41.283000
1739,0 5 8 5 0 5 3 5 8,9,-65.774000
1740,6 3 7 4 5 7 3 5 4,4,-53.528500
1741,0 8 7 1 7 8 3 2 5,7,-41.283000
1742,5 8 1 8 2 1 0 6 2,8,-21.379000
1743,8 6 3 7 4 0 8 3 8,6,-59.827000
1744,2 2 2 0 1 2 7 8 6,7,-21.379000
1745,6 2 8 0 6 3 8 4 8,6,-59.827000
1746,3 3 1 8 1 6 4 0 2,7,-21.379000
1747,6 0 5 6 0 3 2 1 3,7,-21.379000
1748,4 8 0 5 7 5 7 6 3,5,-65.774000
1749,7 4 4 4 4 2 3 3 1,4,-31.331000
1750,7 0 3 8 8 7 5 4 4,5,-65.774000
1751,2 3 8 5 2 5 3 7 8,8,-53.528500
1752,1 2 4 8 6 4 5 3 3,6,-41.283000
1753,7 0 3 3 6 8 8 8 4,6,-59.827000
1754,8 1 5 5 2 4 4 1 6,6,-43.576500
1755,5 6 7 6 5 1 5 1 7,5,-65.774000
1756,8 7 4 5 1 1 3 4 8,6,-53.528500
1757,4 3 5 5 2 5 5 3 1,8,-53.528500
1758,3 0 7 0 8 6 6 4 2,5,-21.379000
1759,2 8 3 2 7 3 6 8 6,6,-41.283000
1760,3 5 7 0 7 3 0 3 4,6,-41.283000
1761,0 3 1 4 2 4 6 4 5,5,-21.379000
1762,7 0 2 7 4 8 6 8 5,5,-65.774000
1763,7 7 3 1 2 4 2 5 3,6,-31.331000
1764,6 6 6 7 2 3 5 3 7,4,-41.283000
1765,8 8 8 3 8 0 8 7 7,7,-78.371000
1766,1 3 3 3 2 1 5 8 0,9,-41.283000
1767,4 3 2 2 8 7 5 8 6,6,-53.528500
1768,6 1 6 3 7 4 1 7 4,3,-5.615000
1769,8 8 1 6 0 4 0 8 4,6,-48.121500
1770,3 2 7 7 8 0 4 5 8,6,-53.528500
1771,4 1 5 6 0 8 8 5 3,7,-65.774000
1772,2 1 4 5 5 4 6 5 5,6,-65.774000
1773,6 4 6 2 7 0 5 3 1,5,-21.379000
1774,0 4 7 2 3 1 3 0 0,7,-17.872000
1775,6 7 8 0 2 7 1 5 1,6,-19.625500
1776,8 2 8 6 1 3 1 0 1,8,-19.625500
1777,5 7 7 4 1 2 8 7 8,5,-65.774000
1778,0 0 6 1 3 2 2 2 7,7,-21.379000
1779,1 2 3 8 0 0 2 7 0,8,-19.625500
1780,7 2 3 3 2 7 0 6 5,6,-31.331000
1781,2 2 5 5 3 2 6 2 5,8,-31.331000
1782,6 7 7 7 3 0 7 5 1,4,-29.577500
1783,5 6 0 2 3 2 8 7 5,7,-41.283000
1784,1 2 0 5 1 1 4 4 5,7,-17.872000
1785,1 6 5 4 1 1 3 1 0,7,-5.615000
1786,0 3 8 4 5 4 8 2 0,7,-41.283000
1787,2 5 5 8 7 1 5 2 0,8,-43.576500
1788,6 8 3 6 8 5 5 0 1,7,-65.774000
1789,6 1 7 0 0 8 2 3 5,7,-21.379000
1790,6 7 5 6 4 3 6 3 3,4,-41.283000
1791,3 1 4 4 2 2 5 7 0,6,-21.379000
1792,8 7 1 5 6 8 5 1 5,7,-65.774000
1793,6 3 0 3 5 4 0 6 3,6,-41.283000
1794,7 2 6 8 0 3 3 5 7,6,-41.283000
1795,6 1 4 0 6 1 6 2 8,5,-17.872000
1796,5 5 4 1 1 8 3 4 5,7,-65.774000
1797,8 4 1 7 4 5 1 0 2,6,-19.625500
1798,8 7 7 4 2 4 7 0 7,3,-21.379000
1799,7 3 6 4 4 0 3 6 0,4,-29.577500
1800,5 4 4 1 5 6 5 3 0,6,-53.528500
1801,1 1 8 5 5 3 0 6 3,8,-41.283000
1802,1 0 1 0 1 2 7 5 2,8,-17.872000
1803,3 6 7 5 8 6 5 2 7,5,-65.774000
1804,5 8 5 3 3 7 6 2 3,7,-41.283000
1805,1 7 1 4 6 2 0 0 4,5,-17.872000
1806,6 8 4 3 4 4 0 5 5,5,-65.774000
1807,4 3 5 3 1 8 4 1 2,7,-41.283000
1808,1 7 3 7 2 3 1 5 0,7,-21.379000
1809,5 3 4 1 8 7 2 2 8,7,-41.283000
1810,3 8 3 0 8 6 6 3 0,7,-41.283000
1811,1 0 4 0 5 2 6 0 7,6,-17.872000
1812,6 0 8 7 4 5 8 2 6,5,-65.774000
1813,2 8 4 5 7 4 5 0 3,6,-53.528500
1814,7 4 8 8 4 8 5 2 5,6,-72.072500
1815,1 7 0 1 4 4 6 3 6,4,-11.743500
1816,4 7 6 5 4 0 5 0 7,4,-41.823000
1817,0 3 4 3 5 6 8 1 4,6,-41.283000
1818,7 4 0 6 7 4 4 0 0,3,-17.872000
1819,4 2 4 8 2 8 7 5 0,6,-43.576500
1820,5 5 6 1 2 0 7 8 8,7,-65.774000
1821,2 2 8 0 5 1 4 3 0,8,-21.379000
1822,1 5 7 4 7 1 8 0 0,6,-17.872000
1823,3 1 7 2 1 4 1 2 8,7,-21.379000
1824,2 4 6 7 6 8 5 8 7,4,-72.072500
1825,4 6 4 5 4 7 0 7 0,3,-17.872000
1826,4 0 1 6 3 5 7 1 2,6,-19.625500
1827,3 5 7 8 4 3 1 6 3,6,-41.283000
1828,5 0 0 6 8 8 8 2 1,8,-43.576500
1829,0 3 5 8 0 4 1 3 3,8,-41.283000
1830,6 4 2 7 4 8 2 0 4,4,-21.379000
1831,6 8 7 1 7 1 0 3 8,6,-29.577500
1832,3 4 2 7 5 5 0 3 6,6,-41.283000
1833,6 8 0 3 5 7 5 3 2,7,-41.283000
1834,4 1 7 6 3 6 0 2 8,5,-21.379000
1835,6 7 4 6 4 0 7 0 4,2,-17.872000
1836,0 8 3 4 0 2 1 2 5,8,-21.379000
1837,4 0 2 8 1 7 3 5 0,7,-21.379000
1838,5 7 5 4 6 1 1 2 7,5,-21.379000
1839,6 8 6 4 1 5 1 6 5,5,-65.774000
1840,5 4 4 5 0 8 5 1 2,7,-65.774000
1841,5 5 0 1 4 4 1 0 2,7,-17.872000
1842,8 6 8 7 7 0 0 6 4,4,-48.121500
1843,8 6 3 3 1 7 3 6 2,6,-41.283000
1844,0 1 5 0 7 6 0 7 4,5,-17.872000
1845,5 4 8 6 5 8 3 3 5,7,-65.774000
1846,7 4 8 2 7 7 3 6 8,4,-59.827000
1847,2 6 2 0 4 5 8 1 3,7,-21.379000
1848,7 7 3 7 3 7 7 0 4,3,-41.283000
1849,1 1 7 2 7 3 8 8 2,7,-21.379000
1850,1 8 3 2 8 4 7 2 2,7,-21.379000
1851,5 0 1 2 0 3 8 6 1,8,-19.625500
1852,1 8 2 0 7 2 5 5 2,8,-21.379000
1853,5 1 7 5 8 6 4 1 8,6,-65.774000
1854,0 2 5 7 6 0 2 8 4,6,-21.379000
1855,1 3 2 3 8 7 8 0 2,8,-31.331000
1856,2 7 7 5 5 2 1 7 0,6,-21.379000
1857,8 3 4 3 4 8 5 4 6,5,-65.774000
1858,5 5 5 1 1 2 7 6 7,6,-43.576500
1859,3 6 8 3 8 8 0 4 2,7,-41.283000
1860,4 0 2 6 4 5 6 8 6,4,-43.576500
1861,0 6 6 3 2 0 8 2 1,7,-21.379000
1862,6 2 4 8 4 8 3 8 3,6,-59.827000
1863,4 4 1 8 1 7 2 0 2,6,-19.625500
1864,6 6 7 2 3 8 3 7 2,5,-41.283000
1865,8 6 0 6 6 0 0 8 0,6,-17.872000
1866,2 0 7 8 3 7 3 6 5,6,-41.283000
1867,2 3 0 0 8 5 5 2 3,9,-41.283000
1868,3 7 7 7 4 5 7 0 8,4,-53.528500
1869,5 7 2 2 2 6 1 5 6,6,-21.379000
1870,5 0 7 5 7 6 3 6 7,4,-53.528500
1871,1 5 7 1 2 0 0 8 5,8,-19.625500
1872,8 1 6 5 5 0 1 5 1,8,-41.823000
1873,4 3 4 3 4 7 7 0 3,4,-41.283000
1874,8 7 2 5 4 1 0 1 0,7,-17.872000
1875,6 3 2 7 7 8 6 4 3,4,-41.283000
1876,6 5 6 8 2 3 7 7 8,5,-65.774000
1877,1 6 8 5 8 1 8 2 6,7,-65.774000
1878,3 2 7 3 5 5 3 0 7,7,-41.283000
1879,5 7 2 5 7 7 1 8 4,5,-65.774000
1880,4 0 8 5 1 8 6 2 7,6,-43.576500
1881,0 0 8 2 2 3 1 6 8,8,-21.379000
1882,5 0 2 6 6 0 6 7 3,5,-21.379000
1883,3 0 6 1 0 2 7 8 6,6,-19.625500
1884,6 5 1 5 7 8 7 0 2,6,-43.576500
1885,7 7 7 3 3 6 0 2 3,5,-41.283000
1886,8 2 1 0 1 2 8 2 0,9,-21.379000
1887,4 0 3 2 1 4 6 7 7,4,-19.625500
1888,5 0 3 7 7 4 3 8 4,5,-41.283000
1889,4 1 2 2 6 3 1 5 1,7,-21.379000
1890,6 0 0 3 7 5 4 5 5,6,-53.528500
1891,4 2 7 5 3 4 6 3 0,5,-41.283000
1892,8 2 1 5 2 4 8 5 7,7,-65.774000
1893,6 8 2 2 1 4 2 3 3,7,-21.379000
1894,8 5 2 8 3 1 5 8 7,8,-65.774000
1895,7 0 6 8 4 8 3 8 5,6,-72.072500
1896,1 2 2 6 8 3 2 7 8,7,-21.379000
1897,1 2 2 8 4 6 2 4 2,6,-21.379000
1898,3 4 7 1 8 8 8 6 8,6,-78.371000
1899,5 0 1 7 1 0 1 8 8,8,-17.872000
1900,4 1 1 8 5 8 2 5 6,7,-65.774000
1901,7 1 5 3 6 1 5 3 5,7,-41.283000
1902,5 0 3 3 4 5 6 2 4,6,-41.283000
1903,4 4 8 4 7 2 1 0 7,4,-19.625500
1904,5 3 8 5 0 6 0 0 5,8,-53.528500
1905,5 6 8 5 0 5 7 4 3,6,-65.774000
1906,2 0 8 0 7 1 1 7 6,6,-17.872000
1907,8 6 8 5 3 7 2 8 8,7,-78.371000
1908,0 0 7 2 2 5 4 5 4,6,-21.379000
1909,1 7 6 3 3 0 4 5 2,6,-31.331000
1910,7 6 7 5 0 5 5 1 8,6,-65.774000
1911,1 0 8 2 5 1 5 3 2,9,-21.379000
1912,4 4 2 4 1 1 5 3 7,5,-21.379000
1913,5 6 3 6 6 7 1 7 6,3,-41.283000
1914,6 4 1 5 7 3 0 8 4,5,-41.283000
1915,4 5 1 6 3 6 4 1 3,5,-41.283000
1916,1 8 3 2 5 5 6 7 7,6,-53.528500
1917,6 4 1 1 1 1 1 1 7,6,-5.615000
1918,1 8 8 5 3 2 0 0 6,8,-31.331000
1919,6 4 0 5 0 2 8 8 6,6,-43.576500
1920,3 4 2 3 2 4 0 5 2,7,-21.379000
1921,3 8 3 1 5 6 2 8 2,8,-41.283000
1922,5 7 5 7 7 7 3 3 0,5,-41.283000
1923,1 7 3 3 1 5 2 8 3,8,-41.283000
1924,7 5 5 4 0 4 6 1 4,4,-41.823000
1925,2 1 1 2 8 7 7 5 3,7,-21.379000
1926,4 0 5 6 4 6 2 5 2,5,-21.379000
1927,6 5 5 8 0 0 5 3 0,8,-53.528500
1928,1 1 2 7 1 1 8 7 6,6,-5.615000
1929,7 2 0 8 0 5 3 4 0,7,-21.379000
1930,8 4 5 8 8 4 0 8 5,7,-78.371000
1931,2 7 3 8 6 6 4 0 0,5,-21.379000
1932,6 0 2 0 3 8 5 7 6,6,-31.331000
1933,3 5 4 1 8 5 7 7 2,6,-53.528500
1934,0 4 7 5 7 6 8 6 2,4,-43.576500
1935,2 3 2 3 6 1 6 0 6,6,-21.379000
1936,5 0 8 2 5 5 4 1 6,7,-65.774000
1937,3 5 2 0 6 3 0 3 6,7,-41.283000
1938,0 8 1 8 7 4 2 7 3,6,-31.331000
1939,8 1 3 0 2 0 4 5 4,7,-21.379000
1940,3 5 0 8 3 7 8 3 8,8,-53.528500
1941,2 4 1 8 0 5 7 1 7,6,-19.625500
1942,5 0 2 7 4 5 6 5 4,5,-65.774000
1943,6 4 8 4 1 5 5 4 5,5,-65.774000
1944,6 2 3 6 5 0 5 4 4,5,-41.283000
1945,8 6 4 8 6 8 0 8 3,6,-78.371000
1946,5 5 1 8 3 5 6 3 8,8,-65.774000
1947,1 5 1 1 4 7 4 0 1,6,-5.615000
1948,4 4 7 5 0 0 6 6 0,4,-17.872000
1949,1 6 1 4 7 5 5 1 8,6,-35.694500
1950,6 6 7 8 5 8 6 3 5,5,-65.774000
1951,8 0 4 3 1 1 1 2 2,8,-19.625500
1952,3 4 4 6 2 0 1 3 1,6,-19.625500
1953,3 8 3 1 6 6 1 4 2,6,-31.331000
1954,4 3 4 3 8 7 5 0 2,6,-41.283000
1955,5 3 0 8 6 5 6 8 4,6,-65.774000
1956,3 8 6 4 4 0 0 7 6,4,-29.577500
1957,5 7 4 4 5 5 7 7 4,3,-65.774000
1958,6 6 3 6 1 1 7 0 3,5,-17.872000
1959,0 7 0 8 0 2 4 8 5,7,-21.379000
1960,1 7 3 8 4 7 2 7 4,4,-31.331000
1961,8 5 0 3 3 6 3 7 6,6,-41.283000
1962,3 0 8 5 6 4 8 7 5,6,-65.774000
1963,2 8 8 0 4 2 7 5 0,7,-21.379000
1964,2 1 2 0 1 8 3 7 0,8,-19.625500
1965,1 2 0 4 8 4 5 4 5,6,-43.576500
1966,3 2 7 8 4 1 4 4 5,5,-41.283000
1967,3 5 0 2 8 5 1 3 6,8,-41.283000
1968,7 8 8 8 2 3 4 2 5,7,-65.774000
1969,0 7 0 7 8 7 1 3 3,6,-29.577500
1970,3 4 1 1 6 5 3 1 5,7,-41.283000
1971,8 5 0 4 4 6 0 8 7,5,-65.774000
1972,4 2 5 8 7 2 3 4 4,5,-41.283000
1973,7 8 7 3 1 5 3 7 6,5,-41.283000
1974,0 2 3 7 1 6 2 5 8,7,-21.379000
1975,7 0 7 2 7 5 1 5 2,6,-21.379000
1976,5 3 8 3 6 2 5 0 2,8,-41.283000
1977,2 0 6 8 2 0 8 3 1,8,-21.379000
1978,6 4 7 3 1 1 4 3 6,4,-23.449000
1979,3 3 3 1 1 8 5 5 6,8,-41.283000
1980,4 5 0 2 8 2 3 7 1,7,-21.379000
1981,6 6 4 5 7 1 7 2 0,4,-19.625500
1982,1 2 5 6 8 7 0 3 0,7,-21.379000
1983,8 5 3 7 6 5 1 8 3,7,-65.774000
1984,4 3 3 7 6 7 8 5 4,4,-53.528500
1985,5 8 8 1 5 3 8 5 4,8,-65.774000
1986,6 2 1 0 2 7 2 4 0,6,-19.625500
1987,2 4 3 4 1 2 4 8 3,6,-31.331000
1988,7 1 3 4 3 4 1 2 8,6,-31.331000
1989,0 3 1 2 0 1 2 5 4,8,-19.625500
1990,7 0 3 1 2 4 5 7 0,6,-19.625500
1991,3 0 2 3 5 1 6 2 8,8,-31.331000
1992,1 1 1 0 1 4 1 0 4,7,-5.615000
1993,7 0 3 6 4 5 7 0 1,5,-17.872000
1994,6 4 6 7 5 2 3 8 6,4,-53.528500
1995,2 8 7 0 4 2 5 5 5,7,-65.774000
1996,3 6 3 4 6 6 2 0 7,4,-31.331000
1997,8 2 5 1 7 0 6 4 2,6,-21.379000
1998,1 1 7 0 2 3 5 6 6,6,-19.625500
1999,3 3 3 3 5 4 4 7 7,5,-41.283000
2000,6 1 3 5 2 7 5 0 6,6,-31.331000
2001,1 1 0 6 3 7 8 7 4,5,-17.872000
2002,7 4 8 6 4 5 6 2 4,3,-65.774000
2003,8 0 4 4 6 6 6 1 5,4,-41.823000
2004,0 6 8 8 7 1 1 6 7,5,-17.872000
2005,7 4 1 2 7 4 8 4 7,3,-21.379000
2006,0 8 7 3 1 1 3 5 8,8,-41.283000
2007,0 4 7 3 7 1 8 3 5,6,-41.283000
2008,2 7 4 7 2 2 5 5 3,6,-31.331000
2009,0 5 3 1 1 5 0 7 0,8,-17.872000
2010,2 7 3 2 3 8 3 6 0,7,-41.283000
2011,4 5 4 2 5 8 6 2 8,6,-65.774000
2012,7 3 3 4 0 7 5 6 4,4,-41.283000
2013,6 5 5 2 8 7 8 2 5,7,-65.774000
2014,4 1 4 3 7 4 0 5 6,4,-29.577500
2015,0 2 5 1 6 8 5 2 3,8,-31.331000
2016,1 8 5 3 2 5 6 3 3,8,-41.283000
2017,3 0 3 3 4 6 2 2 1,7,-21.379000
2018,7 5 0 3 6 5 1 1 6,6,-29.577500
2019,4 6 3 2 8 3 2 4 8,6,-41.283000
2020,8 4 4 2 5 4 4 7 2,4,-43.576500
2021,0 6 1 4 5 6 0 5 4,5,-17.872000
2022,2 8 4 7 5 7 0 5 0,6,-43.576500
2023,7 7 5 1 2 3 7 0 2,6,-21.379000
2024,8 5 6 1 7 8 7 7 8,5,-78.371000
2025,8 2 0 7 3 6 3 7 1,6,-31.331000
2026,1 7 0 4 0 3 1 2 7,6,-17.872000
2027,1 2 4 8 3 5 7 8 6,6,-53.528500
2028,0 2 3 4 0 8 7 6 4,5,-21.379000
2029,3 0 6 1 2 5 3 7 0,7,-21.379000
2030,8 7 3 8 2 1 0 2 6,7,-21.379000
2031,6 5 4 7 3 6 4 0 4,3,-41.283000
2032,8 3 7 5 7 6 7 0 8,5,-65.774000
2033,0 7 6 1 5 4 5 5 7,5,-65.774000
2034,8 6 2 2 8 1 4 4 0,6,-21.379000
2035,6 1 3 8 4 6 3 3 5,6,-41.283000
2036,8 4 4 5 7 5 5 5 8,6,-65.774000
2037,0 7 0 6 5 7 6 3 3,5,-41.283000
2038,3 0 7 6 7 0 4 2 7,4,-19.625500
2039,4 5 7 2 0 3 4 2 2,6,-21.379000
2040,5 3 5 3 8 7 2 5 8,8,-65.774000
2041,7 8 2 0 0 2 0 0 6,7,-17.872000
2042,0 6 1 1 1 1 5 6 5,7,-5.615000
2043,1 5 8 3 0 7 4 3 3,7,-41.283000
2044,7 0 4 4 6 5 1 2 7,4,-19.625500
2045,7 8 7 5 5 3 6 8 5,6,-65.774000
2046,6 5 7 1 2 4 8 3 0,6,-31.331000
2047,5 2 2 2 6 4 6 5 8,6,-43.576500
2048,0 3 4 1 0 6 8 8 2,7,-21.379000
2049,4 0 8 8 4 8 8 4 8,6,-78.371000
2050,3 2 4 8 7 4 2 1 3,6,-31.331000
2051,5 1 1 4 6 2 3 3 3,7,-41.283000
2052,3 3 7 0 3 6 2 0 1,7,-21.379000
2053,0 1 7 1 7 1 2 7 4,5,-5.615000
2054,6 7 7 7 8 2 5 1 2,5,-21.379000
2055,5 7 5 4 2 7 6 0 8,5,-65.774000
2056,6 3 0 7 1 0 7 7 0,5,-17.872000
2057,8 5 6 6 5 3 6 7 7,4,-65.774000
2058,4 1 3 8 8 7 4 5 3,6,-53.528500
2059,4 5 0 5 8 3 4 1 5,7,-65.774000
2060,2 1 7 4 2 3 5 3 4,6,-31.331000
2061,2 7 2 8 3 8 4 3 3,7,-41.283000
2062,5 6 2 8 7 2 0 6 5,6,-43.576500
2063,6 7 1 5 2 0 2 2 6,6,-21.379000
2064,4 5 0 3 5 0 8 7 2,7,-41.283000
2065,1 2 0 7 8 5 4 6 7,5,-21.379000
2066,2 6 4 3 7 0 1 7 0,5,-17.872000
2067,4 1 8 8 4 8 3 7 4,5,-78.371000
2068,4 2 4 3 8 8 4 7 4,4,-59.827000
2069,6 5 0 1 8 6 8 3 1,7,-41.283000
2070,3 6 3 4 7 3 3 5 1,6,-41.283000
2071,8 3 7 5 7 4 5 4 6,4,-65.774000
2072,6 1 5 8 8 2 0 8 6,7,-65.774000
2073,0 4 7 8 0 5 8 8 4,6,-72.072500
2074,6 4 2 0 4 1 8 0 4,5,-17.872000
2075,3 3 4 7 7 7 3 2 8,5,-41.283000
2076,2 4 5 1 7 1 7 3 7,5,-21.379000
2077,0 8 8 3 8 0 5 5 8,9,-65.774000
2078,8 3 7 1 6 8 3 4 4,5,-41.283000
2079,2 1 8 3 1 4 0 6 6,6,-19.625500
2080,1 3 5 8 7 4 3 2 2,7,-41.283000
2081,2 8 0 3 6 1 0 4 5,7,-21.379000
2082,4 0 7 5 1 8 5 8 1,7,-65.774000
2083,6 1 3 4 7 8 7 4 1,4,-23.449000
2084,4 1 8 7 7 2 6 7 7,3,-21.379000
2085,1 0 1 2 4 3 7 2 4,6,-19.625500
2086,4 2 4 8 1 7 3 4 7,4,-31.331000
2087,8 8 8 3 0 3 5 7 2,8,-53.528500
2088,2 3 0 8 0 3 3 0 8,9,-41.283000
2089,0 4 1 5 3 2 1 0 2,8,-19.625500
2090,5 6 5 6 0 8 8 3 7,6,-65.774000
2091,7 0 2 4 1 6 0 7 3,5,-17.872000
2092,8 7 6 5 2 2 6 2 0,6,-21.379000
2093,4 1 4 4 0 5 8 5 6,5,-65.774000
2094,4 0 4 3 6 1 5 2 3,6,-31.331000
2095,2 1 0 6 0 5 6 6 7,5,-17.872000
2096,1 1 3 0 0 7 3 1 6,7,-17.872000
2097,5 3 2 5 2 1 1 3 8,9,-41.283000
2098,2 3 3 6 4 1 3 5 1,7,-41.283000
2099,4 5 3 1 1 7 7 7 6,4,-23.449000
2100,3 3 6 8 5 1 3 3 1,8,-41.283000
2101,3 8 1 6 5 8 1 8 8,8,-72.072500
2102,6 6 2 2 1 5 4 8 6,5,-21.379000
2103,0 5 5 4 4 2 6 6 8,5,-65.774000
2104,6 8 6 7 7 8 5 8 0,5,-78.371000
2105,5 4 1 3 4 7 1 4 2,5,-21.379000
2106,3 2 3 3 2 8 2 3 4,8,-41.283000
2107,3 5 2 0 3 0 3 2 2,9,-21.379000
2108,5 3 7 3 7 0 5 2 7,6,-41.283000
2109,0 4 0 1 5 8 5 7 3,7,-41.283000
2110,7 3 3 3 7 0 7 7 0,5,-41.283000
2111,3 3 0 0 6 6 1 7 4,5,-17.872000
2112,4 5 0 3 1 5 4 2 1,7,-21.379000
2113,7 1 8 5 2 5 2 6 7,6,-43.576500
2114,5 1 3 0 3 2 4 5 8,8,-41.283000
2115,4 4 6 5 4 7 6 1 2,3,-21.379000
2116,4 0 1 7 6 1 6 2 8,5,-17.872000
2117,2 8 1 3 7 3 1 2 4,7,-21.379000
2118,2 0 0 8 0 1 2 1 6,8,-17.872000
2119,7 3 3 2 5 0 2 6 2,7,-21.379000
2120,3 6 5 2 3 2 6 5 7,6,-41.283000
2121,6 2 3 8 3 5 1 7 8,7,-41.283000
2122,8 4 3 3 4 6 8 8 6,5,-78.371000
2123,2 8 4 0 3 2 0 1 6,7,-21.379000
2124,1 6 4 7 4 4 7 5 8,3,-65.774000
2125,8 5 7 8 8 7 3 2 3,7,-65.774000
2126,1 0 2 0 2 2 8 0 3,9,-21.379000
2127,6 3 3 6 1 5 1 2 3,7,-41.283000
2128,2 5 8 6 0 7 3 8 1,7,-41.283000
2129,0 6 5 8 5 6 0 0 5,7,-65.774000
2130,7 3 0 7 2 3 5 4 7,5,-41.283000
2131,5 3 1 8 1 5 3 2 2,9,-41.283000
2132,5 7 1 5 4 4 2 2 1,6,-21.379000
2133,4 2 1 3 3 5 2 8 0,8,-31.331000
2134,0 0 2 5 8 2 1 2 3,9,-21.379000
2135,5 2 2 7 5 4 5 8 0,7,-65.774000
2136,6 2 0 0 8 4 3 1 7,6,-19.625500
2137,4 1 2 3 7 5 7 1 5,6,-31.331000
2138,8 6 6 8 6 3 4 4 0,4,-59.827000
2139,4 5 1 4 8 8 5 4 6,5,-65.774000
2140,5 0 2 7 6 2 6 5 3,6,-31.331000
2141,1 6 3 1 4 2 4 4 3,5,-21.379000
2142,3 4 0 0 3 2 1 8 0,8,-19.625500
2143,8 7 7 3 3 2 0 6 8,6,-41.283000
2144,5 8 3 5 4 3 7 0 4,6,-53.528500
2145,0 0 6 5 7 5 1 8 4,6,-41.823000
2146,8 0 7 4 6 5 1 5 6,5,-65.774000
2147,3 3 4 8 2 0 7 7 2,6,-31.331000
2148,7 5 6 7 4 1 1 2 2,5,-21.379000
2149,8 0 3 6 4 4 4 4 7,3,-41.283000
2150,4 7 8 1 5 7 6 2 4,4,-43.576500
2151,2 3 7 4 8 1 1 4 5,6,-31.331000
2152,4 4 8 4 4 6 5 1 0,4,-41.823000
2153,5 1 5 6 0 8 3 1 3,8,-41.283000
2154,3 1 4 2 8 5 8 3 2,8,-41.283000
2155,7 5 4 5 2 3 3 3 4,6,-41.283000
2156,8 2 8 2 6 6 7 5 4,5,-65.774000
2157,8 3 5 8 0 5 0 5 7,8,-65.774000
2158,6 7 0 2 8 5 1 8 1,7,-21.379000
2159,2 0 8 3 8 4 5 0 1,8,-31.331000
2160,5 0 2 0 4 5 7 6 7,5,-21.379000
2161,7 5 8 5 1 6 5 6 2,6,-65.774000
2162,2 7 1 2 7 6 2 4 8,5,-21.379000
2163,5 6 1 8 0 2 0 2 6,7,-21.379000
2164,8 4 2 5 4 8 1 4 3,6,-53.528500
2165,2 7 4 2 7 8 7 1 1,5,-21.379000
2166,4 4 5 6 0 5 7 3 3,5,-41.283000
2167,7 0 7 5 6 7 5 6 4,3,-65.774000
2168,6 5 4 1 3 1 4 0 5,6,-29.577500
2169,5 7 1 6 0 7 0 7 0,5,-17.872000
2170,2 5 3 4 6 1 1 0 5,7,-21.379000
2171,3 6 7 3 3 7 6 2 1,5,-41.283000
2172,8 0 8 7 4 5 1 3 1,7,-41.283000
2173,7 3 2 2 3 7 2 7 3,6,-31.331000
2174,1 0 0 1 6 0 3 8 3,8,-17.872000
2175,2 8 2 5 7 7 3 1 3,7,-41.283000
2176,1 8 8 2 6 2 2 8 6,7,-21.379000
2177,5 0 5 1 3 3 0 8 7,8,-41.283000
2178,7 5 8 2 3 0 5 8 5,8,-65.774000
2179,1 1 8 6 2 7 4 0 5,6,-19.625500
2180,8 6 7 5 5 5 3 1 0,7,-65.774000
2181,3 1 2 0 2 3 7 8 2,8,-21.379000
2182,8 5 7 7 4 4 7 2 0,4,-43.576500
2183,1 5 8 3 2 5 4 8 2,8,-53.528500
2184,6 3 4 8 4 0 3 6 3,5,-41.283000
2185,1 3 2 6 1 0 8 7 8,7,-21.379000
2186,5 8 4 2 4 2 1 7 7,5,-21.379000
2187,0 5 5 6 7 1 0 3 1,7,-17.872000
2188,1 2 8 0 3 6 2 1 0,8,-19.625500
2189,5 2 7 4 5 2 8 3 8,7,-65.774000
2190,8 3 5 8 6 3 7 5 8,7,-65.774000
2191,4 3 0 8 1 6 7 0 7,5,-17.872000
2192,5 7 2 4 0 5 4 5 7,5,-65.774000
2193,4 4 6 0 4 7 4 5 3,3,-41.283000
2194,5 6 8 6 4 4 0 7 7,3,-65.774000
2195,4 7 0 4 0 1 5 4 8,5,-17.872000
2196,0 1 0 7 3 6 5 8 1,7,-17.872000
2197,4 3 7 4 5 4 6 0 0,4,-29.577500
2198,3 0 1 1 1 4 8 8 0,8,-17.872000
2199,0 1 7 5 1 6 1 8 1,7,-5.615000
2200,2 8 2 7 3 3 3 6 8,7,-41.283000
2201,4 6 5 5 7 7 5 5 8,5,-65.774000
2202,6 1 8 4 0 7 7 8 6,4,-48.121500
2203,6 7 8 5 6 8 6 7 0,4,-72.072500
2204,7 1 2 8 4 1 5 8 3,7,-41.283000
2205,2 6 5 5 5 8 3 3 3,8,-53.528500
2206,0 6 7 8 0 1 3 5 7,6,-29.577500
2207,7 8 2 1 6 4 0 4 3,5,-21.379000
2208,6 1 6 0 7 1 5 8 3,6,-29.577500
2209,1 0 7 3 8 5 6 5 0,7,-41.283000
2210,7 0 2 2 0 0 2 0 5,8,-19.625500
2211,3 5 6 2 0 1 4 8 7,6,-31.331000
2212,1 8 1 2 5 0 2 3 2,9,-21.379000
2213,8 3 8 8 6 1 2 3 5,8,-53.528500
2214,5 6 1 4 0 0 1 8 6,6,-17.872000
2215,7 4 4 5 7 2 2 5 0,5,-21.379000
2216,6 5 8 5 6 4 2 4 4,4,-65.774000
2217,5 5 1 0 5 5 5 7 8,8,-65.774000
2218,1 5 7 5 5 3 0 2 4,7,-41.283000
2219,2 1 7 1 7 3 6 0 0,6,-17.872000
2220,7 8 4 6 2 2 2 2 8,6,-21.379000
2221,8 1 1 4 8 7 0 6 1,6,-11.743500
2222,4 3 1 6 7 3 0 0 5,6,-29.577500
2223,1 2 0 4 7 5 4 3 7,5,-21.379000
2224,3 1 7 1 5 0 5 4 2,7,-21.379000
2225,6 4 8 4 7 6 2 8 4,3,-78.371000
2226,8 6 7 8 2 1 4 3 2,6,-31.331000
2227,5 2 0 7 4 0 2 0 3,7,-21.379000
2228,1 4 4 2 5 7 8 3 3,6,-41.283000
2229,5 6 0 1 1 8 7 5 6,6,-41.823000
2230,7 4 1 1 1 1 2 3 7,6,-5.615000
2231,7 7 6 2 4 4 5 5 2,4,-43.576500
2232,6 3 5 5 4 6 3 6 0,5,-41.283000
2233,5 2 3 8 0 6 5 0 5,8,-53.528500
2234,1 5 6 4 6 6 1 7 3,4,-23.449000
2235,6 6 7 8 0 0 6 5 5,5,-65.774000
2236,0 4 5 7 0 8 6 1 1,6,-17.872000
2237,3 8 2 0 3 2 0 2 0,9,-21.379000
2238,2 4 1 5 6 2 4 6 6,4,-21.379000
2239,5 6 5 7 8 1 5 0 5,7,-65.774000
2240,8 3 3 8 5 6 4 7 4,5,-65.774000
2241,4 5 4 7 1 0 8 6 6,4,-41.823000
2242,8 2 3 2 6 1 1 7 5,7,-21.379000
2243,7 2 3 4 0 3 0 5 1,7,-21.379000
2244,8 6 2 3 1 4 1 4 2,6,-21.379000
2245,8 1 3 4 4 3 5 4 0,6,-41.283000
2246,4 8 1 6 7 2 4 0 1,5,-17.872000
2247,3 8 7 8 6 5 4 3 4,5,-65.774000
2248,8 4 7 5 5 7 1 5 3,6,-65.774000
2249,4 8 8 1 2 3 7 2 1,7,-21.379000
2250,7 3 0 7 4 8 6 1 4,4,-29.577500
2251,6 7 7 0 0 3 5 4 4,4,-29.577500
2252,0 4 6 3 1 2 4 0 6,5,-17.872000
2253,7 0 5 6 8 1 2 3 2,7,-21.379000
2254,4 2 2 1 2 1 3 2 5,8,-21.379000
2255,1 1 6 0 0 7 1 7 4,5,-5.615000
2256,8 4 7 6 4 3 5 1 7,4,-53.528500
2257,1 7 1 7 2 2 5 4 8,6,-21.379000
2258,4 3 6 2 3 2 3 6 6,5,-41.283000
2259,4 4 7 3 5 6 5 7 1,4,-53.528500
2260,8 3 4 8 6 5 5 7 7,5,-65.774000
2261,8 7 7 0 7 0 1 3 0,6,-17.872000
2262,8 1 8 3 7 4 0 7 2,6,-31.331000
2263,0 1 4 8 7 2 6 6 6,4,-19.625500
2264,2 5 7 3 3 0 1 0 5,8,-31.331000
2265,8 4 6 4 7 8 2 2 2,5,-21.379000
2266,7 3 3 1 3 0 1 7 6,6,-29.577500
2267,4 0 7 1 8 2 3 0 1,7,-17.872000
2268,4 1 0 2 2 3 3 1 5,8,-21.379000
2269,7 7 4 0 6 7 8 0 3,4,-29.577500
2270,5 8 8 2 4 0 4 0 2,7,-21.379000
2271,6 8 4 8 1 5 8 7 3,6,-72.072500
2272,1 4 3 8 8 1 6 4 7,5,-41.283000
2273,8 2 3 3 7 5 1 2 6,7,-41.283000
2274,6 0 7 0 5 0 2 2 6,6,-19.625500
2275,1 5 1 1 5 1 4 4 1,7,-5.615000
2276,8 8 5 1 1 2 5 1 6,8,-43.576500
2277,2 8 4 4 1 3 6 5 5,6,-53.528500
2278,1 6 2 0 5 4 4 1 5,6,-19.625500
2279,5 8 3 4 2 5 7 1 0,7,-41.283000
2280,5 0 0 0 0 3 6 5 7,7,-17.872000
2281,2 8 1 3 6 8 2 3 0,8,-31.331000
2282,1 1 8 8 0 4 5 7 8,7,-65.774000
2283,5 7 6 1 5 6 6 6 8,4,-65.774000
2284,4 0 2 8 2 8 8 3 1,8,-31.331000
2285,8 8 2 0 7 1 8 1 8,8,-49.875000
2286,1 8 2 4 5 8 0 3 8,8,-53.528500
2287,8 7 3 6 2 5 8 4 4,5,-65.774000
2288,8 0 2 1 4 6 0 5 0,7,-17.872000
2289,3 2 0 2 7 5 2 1 5,8,-21.379000
2290,4 7 8 7 1 3 3 4 1,5,-41.283000
2291,0 4 3 3 2 4 5 1 4,6,-31.331000
2292,4 2 1 6 3 0 6 8 8,6,-31.331000
2293,1 7 7 4 2 1 0 1 8,6,-11.743500
2294,1 7 2 5 2 7 5 6 4,5,-21.379000
2295,4 3 3 8 3 3 6 5 3,7,-41.283000
2296,5 5 7 1 6 6 0 0 2,6,-19.625500
2297,1 3 6 5 1 6 3 8 8,7,-41.283000
2298,0 5 5 3 8 2 3 2 1,9,-41.283000
2299,0 4 5 4 0 4 4 3 1,5,-17.872000
2300,5 8 4 5 4 3 2 0 3,7,-41.283000
2301,4 7 3 7 7 0 4 2 5,4,-31.331000
2302,2 2 5 1 4 6 3 3 3,7,-41.283000
2303,7 8 6 7 0 5 2 0 2,6,-21.379000
2304,1 4 1 3 3 0 6 1 1,7,-5.615000
2305,4 8 6 4 6 6 6 5 5,3,-65.774000
2306,7 6 3 3 6 7 6 5 6,3,-41.283000
2307,0 8 4 1 4 4 4 0 8,5,-17.872000
2308,7 6 6 2 7 2 4 1 8,4,-21.379000
2309,4 2 0 3 6 6 4 0 0,5,-17.872000
2310,6 0 4 6 2 7 7 0 7,3,-17.872000
2311,5 8 7 4 6 8 4 5 8,5,-78.371000
2312,0 6 7 8 6 7 3 1 1,5,-17.872000
2313,0 3 7 1 4 4 2 6 5,5,-21.379000
2314,3 7 0 5 4 7 0 6 8,5,-41.283000
2315,3 3 0 3 0 7 7 4 2,6,-31.331000
2316,0 2 6 2 4 2 0 5 8,7,-21.379000
2317,5 0 3 5 6 8 5 5 0,8,-65.774000
2318,3 7 7 7 6 3 5 2 2,5,-41.283000
2319,4 8 2 2 8 2 3 4 1,7,-21.379000
2320,5 1 4 8 7 4 7 8 3,5,-65.774000
2321,4 7 5 3 1 7 5 1 6,5,-41.283000
2322,1 1 8 6 2 8 5 7 1,7,-21.379000
2323,1 7 5 1 3 5 6 0 3,7,-41.283000
2324,8 0 5 0 0 3 8 8 2,9,-41.283000
2325,8 6 5 3 6 6 7 3 6,4,-53.528500
2326,6 8 7 7 1 3 2 4 2,5,-21.379000
2327,6 2 8 4 3 2 1 7 2,6,-21.379000
2328,3 7 1 5 8 4 6 5 1,6,-53.528500
2329,1 0 5 6 1 2 6 3 0,7,-17.872000
2330,7 1 6 6 8 3 7 1 0,5,-17.872000
2331,4 6 1 6 1 5 6 0 3,5,-17.872000
2332,5 1 2 7 2 8 2 6 2,7,-21.379000
2333,6 3 0 0 4 3 0 3 7,6,-29.577500
2334,3 1 5 0 1 6 6 3 0,7,-17.872000
2335,7 3 0 1 6 3 0 5 8,7,-41.283000
2336,0 1 6 3 2 4 8 4 1,6,-19.625500
2337,1 1 8 2 3 8 1 8 5,9,-41.283000
2338,7 0 4 4 5 2 7 2 3,5,-21.379000
2339,2 5 8 1 7 4 2 1 8,7,-21.379000
2340,7 4 4 3 1 5 8 4 5,5,-65.774000
2341,7 6 7 2 6 2 7 4 5,3,-21.379000
2342,7 5 2 2 8 8 1 4 7,6,-43.576500
2343,3 8 3 5 1 5 5 5 5,9,-65.774000
2344,5 8 7 8 4 6 6 5 2,5,-65.774000
2345,1 1 7 3 0 8 3 4 4,6,-29.577500
2346,1 6 0 0 2 4 2 5 4,6,-19.625500
2347,1 2 0 5 5 4 8 7 8,7,-65.774000
2348,0 2 6 4 5 1 8 5 5,7,-65.774000
2349,1 4 6 4 2 1 2 3 8,6,-21.379000
2350,8 3 2 7 3 5 4 5 3,7,-41.283000
2351,0 4 0 0 3 5 7 1 8,7,-17.872000
2352,1 0 7 4 8 4 4 2 2,5,-21.379000
2353,8 5 3 6 2 0 6 4 3,6,-41.283000
2354,8 7 3 2 6 2 4 3 6,5,-41.283000
2355,6 3 5 2 7 2 1 5 8,7,-41.283000
2356,0 3 1 3 5 5 6 1 7,7,-41.283000
2357,0 7 2 4 7 5 4 3 7,4,-31.331000
2358,2 6 1 1 6 0 3 0 7,6,-17.872000
2359,8 3 6 5 0 4 6 3 1,6,-41.283000
2360,8 8 7 5 5 1 5 3 8,8,-65.774000
2361,1 0 6 7 5 4 1 1 8,6,-11.743500
2362,6 8 5 0 0 0 0 6 5,7,-17.872000
2363,6 4 1 6 8 6 4 8 6,3,-78.371000
2364,4 7 2 0 7 2 3 4 4,4,-21.379000
2365,8 3 8 0 7 0 5 7 0,7,-41.283000
2366,5 3 3 2 0 5 0 8 6,8,-41.283000
2367,4 7 0 1 7 6 6 3 4,3,-17.872000
2368,3 5 2 0 3 3 6 2 3,8,-41.283000
2369,2 0 2 7 0 6 7 2 0,6,-19.625500
2370,5 1 1 0 7 6 4 0 0,6,-17.872000
2371,4 5 6 1 5 4 5 6 5,5,-65.774000
2372,2 6 8 5 8 8 3 2 8,8,-72.072500
2373,6 6 6 6 4 8 6 7 8,2,-78.371000
2374,6 1 3 6 5 4 5 1 5,6,-53.528500
2375,5 1 6 4 2 5 5 7 1,6,-43.576500
2376,3 2 4 8 8 7 0 4 4,5,-41.283000
2377,2 7 6 1 7 3 2 5 2,6,-21.379000
2378,6 7 7 7 6 3 5 0 5,4,-53.528500
2379,3 1 7 0 5 7 7 0 8,6,-29.577500
2380,1 6 6 3 0 5 6 1 3,6,-29.577500
2381,7 6 7 4 1 4 8 1 8,4,-41.993000
2382,8 8 7 8 7 6 7 1 6,4,-78.371000
2383,0 5 1 2 1 7 5 8 3,8,-31.331000
2384,1 1 4 1 5 3 3 2 1,8,-13.497000
2385,4 8 2 2 1 2 5 1 0,8,-21.379000
2386,3 6 6 6 6 6 6 1 0,3,-17.872000
2387,5 1 8 5 7 7 4 4 2,5,-65.774000
2388,1 7 6 5 6 2 6 0 1,5,-17.872000
2389,1 5 4 8 1 1 2 5 5,8,-43.576500
2390,7 2 2 5 8 8 6 4 1,6,-43.576500
2391,6 1 4 2 3 1 4 2 5,6,-21.379000
2392,4 0 1 5 3 5 6 2 7,6,-31.331000
2393,5 2 5 1 5 1 0 5 2,9,-21.379000
2394,0 1 5 5 7 5 3 0 2,8,-31.331000
2395,6 8 7 3 5 3 8 4 5,6,-65.774000
2396,7 3 1 8 7 6 0 4 7,4,-29.577500
2397,7 3 8 3 2 2 0 5 6,7,-41.283000
2398,3 0 4 4 8 3 1 2 6,6,-31.331000
2399,6 5 4 3 8 8 4 0 1,6,-53.528500
2400,0 8 4 8 1 1 0 1 2,8,-17.872000
2401,6 5 8 0 6 7 6 2 6,4,-43.576500
2402,2 0 3 7 5 4 2 3 1,7,-21.379000
2403,8 2 1 2 2 6 1 5 3,8,-21.379000
2404,4 4 1 4 2 3 3 8 8,6,-41.283000
2405,2 5 5 6 1 1 4 6 2,6,-21.379000
2406,5 4 7 2 1 3 2 8 3,7,-41.283000
2407,8 6 5 3 0 7 6 7 6,4,-53.528500
2408,2 4 5 2 4 5 7 2 8,6,-43.576500
2409,4 8 5 7 1 2 1 2 2,7,-21.379000
2410,0 5 2 5 2 3 2 2 7,8,-21.379000
2411,3 4 6 1 3 4 2 1 0,6,-19.625500
2412,1 6 7 8 8 2 8 8 3,7,-78.371000
2413,8 2 5 5 5 2 4 3 8,8,-65.774000
2414,2 5 3 2 1 1 7 5 8,8,-31.331000
2415,7 8 0 0 4 8 8 8 5,7,-78.371000
2416,2 6 0 3 1 7 3 8 5,7,-41.283000
2417,5 7 4 4 4 5 5 6 6,3,-65.774000
2418,8 4 1 6 8 3 0 8 5,7,-65.774000
2419,8 3 0 2 2 2 5 3 1,9,-21.379000
2420,8 8 8 2 8 4 8 3 5,8,-78.371000
2421,5 6 1 5 3 4 3 3 6,6,-41.283000
2422,5 6 2 6 6 1 7 5 4,4,-43.576500
2423,0 4 2 1 7 1 7 7 7,4,-11.743500
2424,3 8 7 1 1 1 3 2 8,8,-31.331000
2425,1 0 1 4 0 2 3 3 2,8,-19.625500
2426,2 3 5 3 3 5 4 1 4,7,-41.283000
2427,8 3 4 2 3 8 4 5 8,7,-65.774000
2428,3 5 7 6 3 3 5 1 0,7,-41.283000
2429,8 8 4 7 4 4 7 5 7,3,-78.371000
2430,4 3 5 6 5 6 5 5 6,5,-65.774000
2431,0 1 4 0 7 7 7 4 8,4,-17.872000
2432,6 2 2 0 4 1 0 4 3,6,-19.625500
2433,4 4 0 3 1 5 3 4 7,5,-41.283000
2434,8 7 2 6 0 7 7 7 0,4,-19.625500
2435,3 5 3 2 7 4 7 4 4,4,-41.283000
2436,4 1 6 2 4 2 2 4 6,4,-21.379000
2437,6 5 2 4 5 4 3 4 3,5,-41.283000
2438,2 5 8 0 1 2 4 0 7,7,-21.379000
2439,4 5 4 1 2 2 7 4 1,5,-21.379000
2440,3 3 5 8 7 6 7 4 3,5,-41.283000
2441,4 4 8 2 1 6 8 7 0,5,-21.379000
2442,7 5 5 2 0 2 4 5 2,7,-21.379000
2443,0 8 1 0 0 7 0 8 4,7,-17.872000
2444,4 4 4 4 8 2 8 2 1,5,-21.379000
2445,6 7 3 6 8 0 4 1 7,4,-29.577500
2446,1 4 0 5 0 4 5 5 8,7,-65.774000
2447,4 8 0 2 8 0 8 6 6,6,-49.875000
2448,7 2 3 2 1 4 5 1 2,7,-21.379000
2449,8 5 1 0 1 3 7 4 4,6,-29.577500
2450,8 3 4 2 2 4 7 7 4,4,-31.331000
2451,4 7 8 5 4 6 0 2 4,4,-43.576500
2452,1 5 7 4 6 3 3 0 7,5,-41.283000
2453,1 2 7 3 0 8 8 8 6,7,-41.283000
2454,2 5 1 6 8 1 8 1 2,8,-21.379000
2455,0 0 8 3 2 1 4 1 2,8,-19.625500
2456,7 5 2 6 5 3 3 8 3,7,-41.283000
2457,5 4 0 0 5 0 0 0 5,8,-17.872000
2458,3 7 2 3 2 2 4 7 5,6,-31.331000
2459,8 1 6 8 3 6 8 6 6,5,-78.371000
2460,2 4 7 1 7 6 5 6 5,4,-43.576500
2461,4 5 6 3 5 5 7 3 7,5,-65.774000
2462,4 6 0 2 8 4 3 0 6,5,-21.379000
2463,4 6 6 3 0 6 7 0 4,3,-17.872000
2464,5 0 1 7 5 8 3 4 2,7,-41.283000
2465,2 7 1 7 0 1 6 6 0,5,-17.872000
2466,1 2 2 6 2 8 7 5 2,7,-21.379000
2467,2 7 1 7 2 3 4 2 4,5,-21.379000
2468,7 5 6 1 1 3 3 7 4,5,-41.283000
2469,3 1 4 5 5 0 0 1 4,7,-17.872000
2470,7 4 4 1 8 4 3 6 7,3,-41.283000
2471,6 6 7 5 3 1 4 3 6,4,-41.283000
2472,2 5 7 8 3 5 6 5 6,6,-65.774000
2473,8 6 5 6 8 3 7 3 5,6,-65.774000
2474,8 5 8 3 7 0 4 1 5,7,-65.774000
2475,2 8 6 8 3 8 3 8 1,8,-59.827000
2476,3 6 2 6 1 1 2 6 5,6,-21.379000
2477,7 0 2 3 7 5 5 6 2,6,-31.331000
2478,6 5 2 5 4 4 8 2 1,6,-43.576500
2479,2 5 7 5 3 5 8 7 4,6,-65.774000
2480,6 5 8 3 5 2 3 1 3,8,-41.283000
2481,6 2 0 3 3 5 3 3 5,8,-41.283000
2482,5 4 8 6 7 4 6 3 1,4,-53.528500
2483,8 0 7 2 8 7 4 0 3,6,-31.331000
2484,7 4 5 6 8 0 7 1 5,5,-65.774000
2485,1 2 6 3 7 8 3 3 4,6,-41.283000
2486,4 7 5 2 0 8 1 4 0,6,-19.625500
2487,8 3 4 3 7 0 4 3 0,6,-41.283000
2488,5 4 7 3 7 2 2 8 4,5,-41.283000
2489,7 0 2 6 2 4 3 5 6,5,-21.379000
2490,1 6 4 3 8 3 7 2 3,6,-41.283000
2491,1 0 7 6 4 6 6 3 5,4,-29.577500
2492,3 6 1 5 1 6 2 3 4,6,-31.331000
2493,6 0 5 3 5 7 6 2 4,5,-41.283000
2494,7 2 6 4 7 1 8 6 6,3,-21.379000
2495,2 5 8 1 5 4 8 0 6,7,-65.774000
2496,0 2 4 8 3 4 6 6 2,5,-21.379000
2497,5 6 7 5 8 5 5 7 8,6,-65.774000
2498,5 3 7 4 1 4 3 6 2,5,-41.283000
2499,1 2 0 2 7 8 2 0 0,8,-19.625500
2500,2 6 0 0 5 2 0 3 0,8,-19.625500
2501,8 0 2 5 7 5 7 1 2,7,-21.379000
2502,1 2 6 5 0 7 6 0 1,6,-17.872000
2503,8 4 4 2 6 0 1 7 0,5,-17.872000
2504,3 2 7 4 3 5 2 0 5,7,-41.283000
2505,6 2 7 2 8 4 7 1 3,5,-21.379000
2506,3 8 0 8 4 5 1 5 7,7,-65.774000
2507,8 7 3 5 5 3 5 2 2,8,-53.528500
2508,8 7 3 0 3 7 3 4 0,6,-41.283000
2509,7 5 4 4 7 5 3 2 1,5,-41.283000
2510,8 4 8 7 7 6 6 2 8,4,-78.371000
2511,8 4 1 4 7 8 1 4 4,4,-41.993000
2512,4 8 2 0 0 6 6 2 2,6,-21.379000
2513,4 4 6 4 1 4 0 0 8,4,-17.872000
2514,6 1 5 7 5 2 1 2 7,6,-21.379000
2515,5 7 5 7 7 4 5 1 6,4,-65.774000
2516,5 4 1 3 1 7 7 0 1,6,-11.743500
2517,4 5 2 8 0 5 6 6 1,6,-43.576500
2518,7 8 2 4 1 6 2 0 1,6,-19.625500
2519,3 8 8 1 4 1 5 8 1,8,-53.528500
2520,0 4 5 3 5 2 8 8 3,8,-53.528500
2521,6 6 2 5 1 7 5 8 2,6,-43.576500
2522,8 2 3 6 6 5 2 7 6,5,-41.283000
2523,3 5 6 7 0 5 4 7 4,4,-53.528500
2524,6 7 8 8 7 6 0 3 6,4,-59.827000
2525,6 2 0 8 0 1 6 8 6,6,-19.625500
2526,0 2 0 4 3 6 6 7 1,5,-17.872000
2527,7 0 5 2 0 1 6 3 6,6,-19.625500
2528,3 4 8 3 1 5 5 6 4,6,-53.528500
2529,6 3 0 5 8 5 6 1 4,6,-53.528500
2530,1 3 2 5 0 1 6 6 3,7,-21.379000
2531,5 5 2 7 2 5 3 8 1,8,-53.528500
2532,6 1 5 2 2 6 6 7 5,5,-21.379000
2533,0 3 4 4 0 8 4 3 2,6,-31.331000
2534,6 1 4 7 4 6 4 2 8,3,-21.379000
2535,4 1 4 4 5 3 7 0 1,5,-17.872000
2536,6 1 1 6 3 6 2 8 0,6,-19.625500
2537,6 8 1 2 7 0 1 5 6,6,-19.625500
2538,0 7 6 6 8 2 3 0 3,6,-31.331000
2539,5 6 0 5 6 4 7 3 0,5,-41.283000
2540,5 1 3 8 4 6 7 7 0,5,-41.283000
2541,6 6 7 5 7 3 8 4 7,3,-65.774000
2542,7 5 3 2 3 4 7 1 1,6,-31.331000
2543,3 3 3 0 8 6 8 0 3,8,-41.283000
2544,8 8 7 1 8 1 3 1 8,8,-59.827000
2545,3 1 2 1 3 4 4 1 2,7,-21.379000
2546,7 4 4 1 4 6 5 8 3,4,-53.528500
2547,8 8 2 1 6 1 6 2 4,6,-21.379000
2548,6 4 1 1 6 1 7 0 2,5,-5.615000
2549,8 8 0 2 2 6 3 8 8,8,-59.827000
2550,1 2 0 0 2 1 2 8 8,9,-21.379000
2551,3 8 0 5 3 2 1 1 4,8,-31.331000
2552,7 3 8 4 5 7 7 2 7,4,-53.528500
2553,5 6 6 8 4 2 5 7 5,5,-65.774000
2554,0 1 1 1 0 8 6 7 2,7,-17.872000
2555,8 4 1 6 7 0 1 3 0,6,-17.872000
2556,2 8 2 4 2 5 3 4 0,7,-21.379000
2557,6 4 6 7 3 5 7 3 6,3,-41.283000
2558,5 8 1 8 7 4 7 3 5,6,-65.774000
2559,5 2 7 3 1 0 2 5 7,7,-21.379000
2560,4 2 5 2 7 2 7 1 2,6,-21.379000
2561,0 0 6 6 6 2 6 4 8,4,-19.625500
2562,0 5 0 2 1 3 6 3 6,7,-21.379000
2563,0 5 0 1 0 6 3 5 6,7,-17.872000
2564,4 1 3 1 6 0 8 4 2,6,-19.625500
2565,2 1 2 2 7 0 0 8 0,8,-19.625500
2566,0 6 5 4 5 8 7 5 1,6,-65.774000
2567,4 4 1 4 6 0 3 3 1,5,-17.872000
2568,2 4 7 0 8 1 8 8 6,6,-49.875000
2569,8 5 6 2 0 8 0 3 1,8,-31.331000
2570,2 7 5 3 5 6 0 4 3,6,-41.283000
2571,6 6 1 3 8 8 0 2 8,7,-41.283000
2572,0 0 3 0 6 8 1 8 8,8,-29.577500
2573,8 6 1 4 5 1 3 5 4,6,-53.528500
2574,5 2 5 0 4 6 4 5 5,6,-65.774000
2575,6 2 2 3 6 5 7 3 4,5,-41.283000
2576,6 7 0 4 8 5 4 3 4,4,-53.528500
2577,0 0 4 7 4 5 6 2 1,5,-17.872000
2578,6 0 4 0 8 2 0 1 4,6,-17.872000
2579,7 1 1 2 1 6 8 3 6,6,-13.497000
2580,0 4 0 2 5 3 2 3 0,8,-21.379000
2581,0 8 0 8 4 3 3 7 3,7,-41.283000
2582,7 4 3 6 6 0 7 8 2,4,-31.331000
2583,1 8 4 6 3 4 5 6 2,5,-41.283000
2584,5 5 5 4 5 8 7 7 7,5,-65.774000
2585,2 4 6 4 1 4 1 2 2,5,-21.379000
2586,4 1 8 3 0 6 4 4 1,5,-17.872000
2587,8 8 0 5 3 1 4 7 6,6,-53.528500
2588,8 6 4 3 2 2 4 0 0,6,-21.379000
2589,1 4 1 4 0 8 3 8 2,7,-21.379000
2590,6 6 4 0 3 8 7 7 1,4,-29.577500
2591,7 8 4 0 2 3 0 3 8,7,-41.283000
2592,4 2 3 3 3 3 4 6 1,6,-41.283000
2593,1 4 3 0 3 4 7 6 7,4,-29.577500
2594,5 2 5 5 2 3 4 0 6,7,-41.283000
2595,2 1 5 4 0 7 3 8 5,7,-41.283000
2596,5 7 5 8 5 7 5 5 1,7,-65.774000
2597,2 1 4 7 8 4 8 4 5,5,-65.774000
2598,0 3 2 2 4 5 0 5 4,7,-21.379000
2599,0 7 6 5 0 7 7 8 0,5,-17.872000
2600,1 1 5 6 6 0 4 5 7,5,-17.872000
2601,2 8 7 1 3 2 1 0 3,8,-21.379000
2602,7 7 4 0 4 7 5 0 5,4,-41.823000
2603,2 2 3 0 5 8 7 6 6,6,-31.331000
2604,3 2 3 8 6 7 2 8 4,6,-41.283000
2605,6 4 3 6 4 3 2 0 5,5,-41.283000
2606,4 3 4 1 7 6 6 2 0,4,-19.625500
2607,2 0 2 1 2 5 8 3 8,9,-21.379000
2608,7 3 7 5 4 0 3 2 7,5,-41.283000
2609,6 3 6 0 3 6 3 5 4,5,-41.283000
2610,5 8 1 6 4 2 1 3 6,6,-31.331000
2611,4 8 7 2 2 3 3 4 6,5,-41.283000
2612,7 6 2 2 3 8 7 3 8,6,-41.283000
2613,7 7 1 1 1 3 5 2 3,7,-21.379000
2614,3 8 1 1 5 0 0 1 4,8,-17.872000
2615,4 3 6 1 0 1 1 8 0,7,-17.872000
2616,4 0 5 5 4 7 1 7 5,5,-65.774000
2617,0 2 2 7 4 7 7 6 0,4,-19.625500
2618,0 0 5 8 3 0 3 6 4,7,-41.283000
2619,6 7 4 6 8 3 4 2 2,4,-31.331000
2620,4 4 4 0 3 6 1 5 7,4,-29.577500
2621,7 5 8 8 8 5 7 0 3,7,-65.774000
2622,0 4 8 8 8 2 7 0 1,7,-21.379000
2623,0 0 4 1 6 4 0 1 1,6,-11.743500
2624,5 7 6 1 3 1 8 5 8,7,-65.774000
2625,2 8 5 2 1 7 7 8 7,6,-43.576500
2626,8 7 2 1 8 3 7 7 5,6,-53.528500
2627,5 3 2 2 3 4 0 5 6,7,-41.283000
2628,1 5 7 7 4 0 4 3 0,5,-17.872000
2629,2 1 4 3 5 1 4 6 1,6,-13.497000
2630,4 5 3 6 3 4 2 4 3,5,-41.283000
2631,0 4 0 2 8 5 2 1 1,8,-19.625500
2632,2 4 3 0 6 5 6 8 5,6,-53.528500
2633,8 2 2 6 8 4 0 2 8,7,-21.379000
2634,1 1 4 4 6 1 6 4 1,4,-5.615000
2635,2 8 8 5 4 0 6 2 4,6,-43.576500
2636,6 2 2 0 4 7 5 1 7,5,-21.379000
2637,8 5 2 1 8 1 0 6 2,8,-21.379000
2638,4 1 0 3 7 1 7 2 5,6,-19.625500
2639,6 2 7 1 1 1 2 6 6,5,-5.615000
2640,5 1 5 5 3 0 3 8 1,9,-41.283000
2641,2 5 7 6 7 1 0 4 0,5,-17.872000
2642,7 7 4 3 7 2 7 6 7,2,-31.331000
2643,3 7 7 0 1 1 1 2 5,7,-17.872000
2644,8 3 1 5 4 5 3 2 2,8,-41.283000
2645,2 6 3 7 2 8 3 5 4,6,-41.283000
2646,3 6 7 1 1 7 8 2 7,5,-21.379000
2647,0 1 2 2 6 8 3 8 6,7,-21.379000
2648,7 3 3 7 4 7 1 6 2,4,-31.331000
2649,1 2 4 0 7 1 2 7 3,6,-19.625500
2650,6 2 0 3 0 1 1 6 0,7,-17.872000
2651,5 5 5 0 3 8 4 0 5,8,-65.774000
2652,0 6 5 5 4 6 5 6 2,5,-65.774000
2653,3 6 1 2 2 4 3 2 7,6,-21.379000
2654,4 7 7 5 4 8 3 7 4,3,-65.774000
2655,6 8 7 6 7 3 3 6 4,3,-41.283000
2656,2 0 2 1 4 8 6 2 7,6,-21.379000
2657,5 7 7 5 0 0 2 2 1,7,-21.379000
2658,0 7 4 2 7 7 3 5 2,5,-21.379000
2659,1 5 5 2 7 3 7 2 0,7,-21.379000
2660,2 3 7 6 2 4 8 1 1,6,-21.379000
2661,1 5 2 0 6 5 4 2 6,6,-21.379000
2662,3 8 5 8 4 6 4 0 1,6,-53.528500
2663,2 8 2 3 0 3 1 2 0,9,-21.379000
2664,8 6 5 3 4 1 8 1 6,6,-53.528500
2665,2 8 8 1 1 3 7 5 6,7,-41.283000
2666,8 1 2 6 8 6 3 4 3,6,-41.283000
2667,6 8 7 0 3 4 8 2 0,6,-31.331000
2668,0 7 7 5 1 7 7 4 4,3,-17.872000
2669,5 4 2 0 2 1 6 3 2,7,-21.379000
2670,0 4 4 5 1 7 0 3 5,6,-29.577500
2671,2 0 5 7 5 0 6 0 1,7,-17.872000
2672,6 6 7 8 1 4 1 5 5,5,-65.774000
2673,1 2 3 1 7 6 8 4 3,6,-31.331000
2674,5 6 0 2 6 5 2 8 8,7,-65.774000
2675,4 7 2 8 8 8 5 7 5,6,-72.072500
2676,6 7 6 7 1 0 2 8 0,5,-17.872000
2677,1 8 4 8 2 8 5 0 6,7,-65.774000
2678,3 0 5 8 5 2 0 0 5,9,-41.283000
2679,6 2 2 8 2 0 0 1 4,7,-21.379000
2680,0 8 2 1 5 4 6 2 6,6,-21.379000
2681,2 2 1 3 0 6 5 8 0,8,-21.379000
2682,5 5 2 1 7 7 8 8 5,7,-65.774000
2683,4 6 6 4 5 1 5 1 1,5,-5.615000
2684,5 2 7 8 8 3 5 2 6,7,-65.774000
2685,2 3 4 1 8 5 6 3 4,6,-41.283000
2686,3 6 2 2 3 4 2 4 2,6,-21.379000
2687,6 1 7 7 0 8 0 1 5,6,-17.872000
2688,8 6 6 7 8 7 6 0 8,4,-78.371000
2689,3 6 1 8 7 5 0 8 3,7,-41.283000
2690,5 3 8 0 4 4 7 3 1,6,-41.283000
2691,2 0 2 0 5 8 6 8 0,8,-21.379000
2692,1 2 1 4 6 7 2 6 7,4,-13.497000
2693,2 4 3 1 0 4 5 8 2,7,-21.379000
2694,1 7 1 2 8 5 2 5 0,8,-21.379000
2695,1 3 5 5 4 5 8 2 1,8,-53.528500
2696,1 8 1 5 0 8 7 5 2,8,-43.576500
2697,8 7 0 5 8 6 4 4 3,5,-65.774000
2698,6 7 5 1 4 4 4 4 1,3,-5.615000
2699,1 3 4 6 1 8 0 0 8,7,-17.872000
2700,3 3 7 6 2 5 6 5 1,6,-41.283000
2701,4 3 7 6 2 3 1 8 8,6,-41.283000
2702,3 1 7 1 2 6 8 6 4,5,-21.379000
2703,0 4 0 3 1 8 5 7 8,7,-41.283000
2704,7 7 1 7 4 0 2 0 1,5,-17.872000
2705,5 0 0 5 8 5 6 1 0,8,-41.823000
2706,1 6 2 4 0 0 8 2 3,7,-21.379000
2707,4 1 2 2 2 3 3 8 0,8,-21.379000
2708,2 1 1 2 7 6 8 2 2,7,-21.379000
2709,7 5 7 4 7 7 6 2 5,3,-65.774000
2710,5 8 3 5 4 7 1 8 6,6,-65.774000
2711,6 4 3 6 7 5 5 4 1,4,-53.528500
2712,5 0 1 1 7 5 7 1 1,7,-5.615000
2713,7 5 2 5 2 5 5 0 1,8,-43.576500
2714,6 1 7 1 8 0 0 1 3,7,-17.872000
2715,3 7 1 1 4 2 8 7 7,5,-21.379000
2716,3 8 0 0 5 6 1 4 2,7,-21.379000
2717,0 8 0 2 3 2 6 0 6,7,-21.379000
2718,2 1 1 4 5 7 6 8 5,6,-43.576500
2719,3 2 6 3 3 8 8 3 1,8,-41.283000
2720,2 2 6 7 0 2 4 1 2,6,-21.379000
2721,0 7 2 1 8 5 2 6 0,7,-21.379000
2722,4 2 5 5 0 6 7 3 0,6,-31.331000
2723,8 8 2 7 4 0 8 8 2,7,-78.371000
2724,4 4 3 2 8 4 8 4 0,5,-41.283000
2725,5 6 3 0 4 6 2 8 1,6,-31.331000
2726,6 1 0 1 7 3 6 5 2,6,-19.625500
2727,6 1 0 7 0 6 1 7 4,4,-11.743500
2728,3 3 7 5 4 5 3 4 1,6,-41.283000
2729,6 7 3 5 6 8 1 8 0,6,-53.528500
2730,8 3 5 6 5 2 1 8 8,8,-65.774000
2731,5 6 6 2 2 7 2 6 3,5,-21.379000
2732,5 2 6 8 8 2 4 6 5,6,-65.774000
2733,0 1 0 4 0 2 5 8 0,8,-17.872000
2734,5 8 4 7 8 6 2 3 5,6,-65.774000
2735,8 8 4 4 5 2 5 4 2,6,-65.774000
2736,8 3 3 3 2 8 4 6 2,7,-41.283000
2737,0 2 2 5 5 2 4 2 6,7,-21.379000
2738,5 1 1 1 4 4 4 1 1,6,-5.615000
2739,8 3 8 5 0 5 1 0 1,9,-41.283000
2740,2 5 1 6 0 6 1 2 1,7,-17.872000
2741,8 6 2 0 3 1 2 8 0,8,-21.379000
2742,8 2 4 4 0 2 0 6 1,6,-19.625500
2743,2 4 7 6 3 6 8 4 7,3,-41.283000
2744,7 1 7 5 0 4 7 4 8,4,-41.823000
2745,6 1 5 8 3 1 7 6 6,5,-41.283000
2746,4 8 5 6 7 7 6 2 5,4,-65.774000
2747,7 0 2 2 6 0 6 0 0,6,-17.872000
2748,7 0 6 5 1 2 1 1 1,7,-5.615000
2749,5 6 5 5 3 2 3 0 7,7,-41.283000
2750,6 4 0 0 6 3 3 7 4,4,-29.577500
2751,1 4 7 1 5 4 6 6 6,3,-5.615000
2752,7 4 0 5 4 2 2 0 4,5,-21.379000
2753,4 6 4 6 8 7 8 2 1,4,-49.875000
2754,7 0 8 5 3 0 3 7 0,7,-41.283000
2755,6 1 5 3 1 7 7 5 7,5,-41.283000
2756,0 1 2 1 8 2 3 5 4,8,-21.379000
2757,4 7 7 6 7 4 1 7 6,1,-5.615000
2758,3 1 3 3 6 1 4 2 5,7,-41.283000
2759,1 3 2 5 6 2 8 0 8,8,-31.331000
2760,2 5 1 8 1 1 2 1 7,8,-13.497000
2761,8 2 5 4 6 4 8 2 8,6,-72.072500
2762,5 5 1 3 3 2 7 7 1,7,-41.283000
2763,4 0 3 6 8 8 0 1 0,7,-17.872000
2764,1 8 7 2 8 0 5 0 2,8,-21.379000
2765,1 2 2 8 8 7 7 5 1,7,-21.379000
2766,3 6 8 8 1 6 6 1 1,6,-23.449000
2767,6 0 3 8 5 2 4 8 7,6,-53.528500
2768,7 5 1 4 5 4 1 0 7,5,-17.872000
2769,6 0 4 0 8 0 6 6 4,4,-17.872000
2770,4 7 7 0 8 4 8 6 1,4,-48.121500
2771,2 6 7 0 3 6 3 5 6,5,-41.283000
2772,2 6 1 8 1 8 2 7 5,7,-21.379000
2773,4 6 6 0 1 2 1 8 5,6,-19.625500
2774,7 7 0 1 8 8 1 3 2,7,-21.379000
2775,1 1 0 7 3 3 7 4 8,6,-29.577500
2776,7 5 8 0 5 6 2 0 3,7,-41.283000
2777,3 7 2 7 8 8 1 8 2,7,-41.283000
2778,7 3 3 2 7 4 1 6 3,5,-41.283000
2779,5 1 3 5 3 0 0 2 5,9,-41.283000
2780,8 7 7 2 4 1 3 4 3,5,-41.283000
2781,2 6 0 3 5 3 7 1 8,7,-41.283000
2782,7 5 6 2 4 6 0 1 3,5,-21.379000
2783,4 1 7 2 8 1 7 8 4,5,-21.379000
2784,3 4 1 6 1 5 1 4 2,6,-13.497000
2785,7 8 4 1 3 3 1 6 4,5,-41.283000
2786,7 8 3 1 7 6 5 5 2,6,-53.528500
2787,5 6 0 1 7 7 0 6 4,4,-17.872000
2788,8 1 3 8 2 4 8 7 1,7,-41.283000
2789,3 2 4 3 3 1 1 4 8,7,-41.283000
2790,4 7 7 6 7 8 7 3 4,2,-59.827000
2791,0 0 3 3 8 0 5 1 1,9,-17.872000
2792,8 0 0 5 3 4 0 0 1,8,-17.872000
2793,3 8 1 0 2 6 8 5 8,8,-53.528500
2794,5 1 8 6 3 1 1 2 6,7,-21.379000
2795,8 2 0 8 8 3 2 2 6,8,-31.331000
2796,7 5 6 2 0 3 1 0 4,6,-19.625500
2797,4 1 5 7 1 6 5 3 7,5,-41.283000
2798,0 7 3 6 3 7 8 3 6,5,-41.283000
2799,2 0 0 2 2 3 0 0 1,9,-17.872000
2800,8 1 8 2 2 0 1 4 5,8,-21.379000
2801,8 1 7 6 0 1 2 6 0,6,-17.872000
2802,5 3 4 2 4 8 5 1 4,6,-53.528500
2803,0 0 8 3 4 4 8 1 1,7,-17.872000
2804,7 4 8 5 5 4 1 4 7,4,-65.774000
2805,5 3 2 3 0 0 0 6 7,7,-21.379000
2806,0 5 1 5 3 1 8 2 5,9,-41.283000
2807,1 2 5 7 2 7 8 2 6,6,-21.379000
2808,2 5 2 2 5 0 4 4 1,7,-21.379000
2809,6 5 2 5 7 0 5 5 6,6,-65.774000
2810,4 4 7 6 8 0 7 6 0,3,-17.872000
2811,4 2 4 5 0 6 3 3 0,6,-31.331000
2812,0 6 5 0 6 6 7 2 2,5,-21.379000
2813,0 3 4 6 5 8 6 7 4,4,-53.528500
2814,1 7 2 4 5 6 8 6 6,4,-43.576500
2815,1 5 1 6 7 4 3 1 7,5,-5.615000
2816,4 6 8 3 3 7 2 1 4,5,-41.283000
2817,2 7 3 5 6 2 6 0 3,6,-31.331000
2818,5 1 7 2 4 1 0 3 5,7,-21.379000
2819,7 4 4 8 8 4 6 3 1,4,-59.827000
2820,1 4 1 8 0 1 2 8 5,8,-19.625500
2821,0 4 3 6 5 1 1 2 3,7,-21.379000
2822,8 5 1 6 4 0 1 0 8,7,-17.872000
2823,6 3 0 4 7 8 3 6 4,4,-41.283000
2824,6 2 0 3 2 0 5 3 7,7,-21.379000
2825,6 7 2 6 3 6 1 1 6,4,-13.497000
2826,4 0 0 4 7 7 6 7 1,3,-17.872000
2827,1 5 4 8 4 6 8 0 6,5,-65.774000
2828,1 4 8 5 6 1 2 4 7,5,-21.379000
2829,7 5 4 2 2 5 4 5 4,5,-65.774000
2830,4 0 2 8 4 8 2 5 7,6,-43.576500
2831,8 7 5 8 1 5 4 5 6,6,-65.774000
2832,4 4 7 5 8 8 6 0 0,5,-65.774000
2833,0 3 1 5 6 8 6 8 8,7,-65.774000
2834,0 6 3 2 7 1 3 1 7,6,-19.625500
2835,6 4 1 2 1 4 0 0 7,5,-17.872000
2836,2 4 4 3 2 6 7 5 3,5,-41.283000
2837,6 0 3 3 6 1 4 2 6,5,-21.379000
2838,1 8 7 6 8 5 3 5 1,7,-65.774000
2839,2 3 3 2 4 7 0 1 3,7,-21.379000
2840,2 5 6 5 3 3 4 2 2,7,-41.283000
2841,4 6 8 5 0 0 5 0 4,6,-41.823000
2842,2 0 0 5 6 6 2 6 5,6,-21.379000
2843,0 2 2 8 0 5 2 4 6,7,-21.379000
2844,4 3 0 5 2 4 8 1 3,7,-41.283000
2845,3 1 1 0 0 1 8 3 2,9,-17.872000
2846,1 8 0 6 2 8 4 5 6,6,-43.576500
2847,4 8 5 3 7 0 2 0 0,7,-21.379000
2848,6 0 3 0 1 5 0 1 3,8,-17.872000
2849,2 6 3 7 0 2 7 7 1,5,-21.379000
2850,1 0 0 5 1 6 1 2 1,8,-11.743500
2851,2 7 3 5 0 0 7 6 6,5,-21.379000
2852,6 1 7 1 0 4 8 8 1,6,-11.743500
2853,2 4 0 4 0 6 7 6 1,4,-17.872000
2854,0 7 4 6 0 6 1 4 2,4,-17.872000
2855,2 7 8 5 0 7 7 5 5,6,-65.774000
2856,2 2 6 2 3 4 2 6 2,6,-21.379000
2857,6 0 8 0 5 4 7 2 7,5,-21.379000
2858,8 1 4 7 0 1 3 2 3,7,-21.379000
2859,7 4 0 1 6 6 3 5 5,5,-41.283000
2860,6 0 4 8 3 3 2 1 5,7,-41.283000
2861,6 6 3 8 8 4 5 0 2,6,-53.528500
2862,7 6 3 4 7 3 1 1 0,5,-17.872000
2863,6 4 0 0 7 3 4 0 3,5,-17.872000
2864,1 8 5 4 5 6 8 8 6,6,-72.072500
2865,2 3 8 5 2 5 4 7 0,7,-41.283000
2866,5 2 5 1 5 3 8 7 7,7,-65.774000
2867,4 7 0 7 2 4 8 0 0,5,-17.872000
2868,4 7 6 0 8 7 1 2 4,4,-19.625500
2869,5 3 4 2 8 7 5 3 5,7,-65.774000
2870,4 6 2 7 0 6 0 6 1,4,-17.872000
2871,8 3 3 5 2 6 0 4 5,7,-41.283000
2872,5 3 4 8 3 8 4 7 2,6,-53.528500
2873,2 7 8 3 8 4 4 2 4,5,-41.283000
2874,4 3 7 3 1 2 5 1 2,7,-21.379000
2875,4 1 8 5 4 0 5 6 1,6,-41.823000
2876,7 7 1 7 7 8 6 2 8,4,-49.875000
2877,1 2 2 7 5 6 6 1 3,6,-21.379000
2878,0 1 2 4 6 7 7 1 3,5,-17.872000
2879,6 7 1 7 0 6 3 4 1,4,-11.743500
2880,7 5 6 7 7 6 7 2 2,3,-21.379000
2881,1 8 5 7 0 3 0 0 0,8,-17.872000
2882,0 5 2 3 7 2 5 3 7,7,-41.283000
2883,2 7 2 1 0 6 0 8 0,7,-17.872000
2884,5 7 8 6 0 2 7 7 5,5,-65.774000
2885,7 4 6 2 5 0 6 8 5,5,-65.774000
2886,0 2 7 6 0 4 7 5 8,5,-21.379000
2887,8 8 0 5 0 7 4 2 5,7,-65.774000
2888,5 2 6 8 3 1 2 8 5,8,-53.528500
2889,1 5 0 4 0 5 0 8 5,8,-41.823000
2890,0 1 2 3 0 3 1 4 6,7,-17.872000
2891,2 4 8 6 4 8 4 4 1,4,-49.875000
2892,7 0 5 5 5 7 0 1 1,7,-17.872000
2893,4 2 2 8 7 3 0 0 7,6,-21.379000
2894,7 6 0 3 7 0 3 6 6,4,-29.577500
2895,1 7 2 0 8 8 2 2 0,8,-21.379000
2896,3 3 3 1 7 8 1 3 8,8,-41.283000
2897,4 2 5 4 7 5 7 3 5,5,-65.774000
2898,3 1 0 7 1 6 5 2 0,7,-17.872000
2899,1 6 0 3 2 0 2 3 3,8,-21.379000
2900,0 7 3 7 4 5 5 1 8,6,-53.528500
2901,8 1 4 4 1 2 2 0 8,7,-21.379000
2902,5 5 5 2 7 3 6 6 5,6,-65.774000
2903,0 0 1 2 8 0 3 2 1,9,-17.872000
2904,1 0 5 0 2 7 0 0 2,8,-17.872000
2905,2 3 4 3 1 4 6 5 8,6,-41.283000
2906,8 4 5 4 3 0 6 3 8,6,-53.528500
2907,1 3 3 6 8 0 6 6 5,6,-41.283000
2908,0 7 2 0 3 4 0 0 7,6,-17.872000
2909,0 5 8 4 6 0 3 7 7,5,-41.283000
2910,1 8 3 3 1 2 6 4 2,7,-21.379000
2911,0 2 3 0 2 4 8 0 2,8,-21.379000
2912,3 1 5 4 2 3 0 4 4,6,-31.331000
2913,5 8 6 3 7 2 6 8 1,6,-53.528500
2914,2 7 4 8 5 6 6 4 8,4,-72.072500
2915,0 5 6 4 1 3 6 6 0,5,-17.872000
2916,1 3 1 6 6 4 3 4 7,4,-23.449000
2917,8 1 4 2 0 1 7 1 4,6,-11.743500
2918,4 1 2 5 7 4 8 3 3,6,-41.283000
2919,6 1 0 3 0 0 6 1 8,7,-17.872000
2920,6 3 8 4 4 5 0 2 5,6,-53.528500
2921,6 7 2 3 5 6 3 3 1,6,-41.283000
2922,0 5 0 8 7 6 4 5 2,6,-43.576500
2923,0 3 1 2 3 8 6 6 1,7,-21.379000
2924,2 4 6 4 8 8 0 5 4,5,-65.774000
2925,5 4 4 3 2 4 4 3 5,5,-41.283000
2926,1 8 0 5 0 1 1 8 1,9,-17.872000
2927,2 7 1 5 5 0 7 4 0,6,-19.625500
2928,2 3 8 5 2 5 1 6 6,7,-41.283000
2929,3 0 2 5 7 2 2 8 3,8,-31.331000
2930,1 0 7 2 5 7 4 7 8,5,-21.379000
2931,0 1 6 2 7 4 1 7 6,4,-11.743500
2932,0 4 7 3 6 3 1 4 3,5,-41.283000
2933,3 1 5 3 6 3 7 1 1,7,-41.283000
2934,2 8 8 0 1 4 3 2 2,8,-21.379000
2935,4 0 7 7 4 0 7 0 6,3,-17.872000
2936,1 6 4 0 3 3 4 5 8,6,-41.283000
2937,5 1 7 0 6 8 8 3 7,6,-53.528500
2938,2 8 4 5 0 2 4 7 6,5,-21.379000
2939,4 5 7 6 7 2 2 4 2,4,-21.379000
2940,7 0 5 8 1 4 0 2 5,7,-21.379000
2941,4 8 4 4 3 4 0 3 7,4,-41.283000
2942,6 0 4 6 3 7 6 3 3,4,-41.283000
2943,4 2 1 3 8 7 8 7 4,5,-41.283000
2944,4 3 1 2 5 6 3 7 6,5,-41.283000
2945,0 4 1 5 3 1 3 4 7,6,-29.577500
2946,5 8 0 2 8 2 5 0 6,8,-43.576500
2947,2 4 7 8 3 3 7 8 6,5,-41.283000
2948,8 4 0 6 8 0 1 1 0,7,-17.872000
2949,4 0 1 3 8 3 7 4 8,6,-41.283000
2950,4 6 8 6 5 2 5 7 2,5,-65.774000
2951,1 6 2 0 3 0 4 6 2,6,-19.625500
2952,8 0 4 6 6 0 2 1 4,5,-17.872000
2953,1 5 3 4 5 5 3 1 0,8,-41.283000
2954,0 0 0 6 4 7 5 5 8,6,-41.823000
2955,6 5 3 5 7 1 5 3 3,7,-41.283000
2956,7 5 8 0 5 1 4 2 3,7,-41.283000
2957,1 6 4 3 1 0 2 4 8,6,-19.625500
2958,2 1 0 3 2 2 1 2 3,9,-21.379000
2959,7 4 3 5 8 3 6 2 8,6,-53.528500
2960,7 8 7 8 0 3 1 4 1,6,-29.577500
2961,2 6 1 2 1 7 2 4 3,6,-21.379000
2962,8 2 4 5 1 8 5 8 6,7,-65.774000
2963,0 0 7 8 0 7 6 8 6,5,-17.872000
2964,6 2 8 7 8 3 4 7 0,5,-41.283000
2965,3 7 6 6 1 7 4 8 0,4,-29.577500
2966,6 0 0 4 8 2 5 1 0,7,-17.872000
2967,2 1 4 0 0 0 6 4 1,6,-17.872000
2968,2 8 1 4 8 8 6 3 5,7,-65.774000
2969,1 8 0 0 3 7 8 0 0,8,-17.872000
2970,8 4 5 2 3 5 3 5 3,8,-53.528500
2971,7 8 4 6 6 3 6 3 0,4,-41.283000
2972,1 7 1 1 8 4 5 1 2,7,-5.615000
2973,5 3 0 1 3 5 8 8 6,8,-53.528500
2974,5 5 3 2 7 6 0 2 0,7,-21.379000
2975,2 4 6 1 1 6 2 5 0,6,-19.625500
2976,3 5 0 7 5 0 4 4 8,6,-53.528500
2977,7 6 8 7 1 8 7 8 2,5,-78.371000
2978,5 2 4 0 4 8 0 6 1,6,-19.625500
2979,8 1 0 5 2 1 7 5 0,8,-19.625500
2980,2 2 7 4 4 7 6 7 2,3,-21.379000
2981,0 3 8 5 3 2 0 6 8,8,-41.283000
2982,1 2 3 8 1 8 8 0 8,9,-41.283000
2983,7 2 1 1 2 5 8 4 4,6,-21.379000
2984,5 0 5 0 2 5 1 7 7,7,-21.379000
2985,2 6 5 2 4 3 4 5 8,6,-53.528500
2986,2 6 2 4 5 3 5 2 5,7,-41.283000
2987,1 3 4 0 8 3 6 0 1,7,-17.872000
2988,0 2 7 3 5 7 1 6 3,6,-31.331000
2989,7 3 0 8 7 0 7 2 1,6,-19.625500
2990,3 7 1 5 4 2 8 3 1,7,-41.283000
2991,1 6 4 1 5 1 6 1 2,6,-5.615000
2992,3 4 1 1 7 7 6 7 3,4,-23.449000
2993,2 8 6 8 0 4 7 8 3,6,-59.827000
2994,6 3 8 0 7 5 4 8 0,6,-53.528500
2995,0 7 6 2 1 0 4 1 2,6,-17.872000
2996,5 3 8 7 4 6 2 7 1,5,-41.283000
2997,8 0 8 4 6 4 5 1 3,6,-53.528500
2998,1 1 8 3 2 3 4 4 3,7,-41.283000
2999,4 4 6 6 6 6 7 6 5,1,-65.774000
3000,5 8 8 1 3 4 4 1 2,7,-41.283000
3001,4 3 8 2 0 3 3 1 5,8,-41.283000
3002,2 7 1 7 0 1 5 1 6,6,-11.743500
3003,4 8 1 4 0 7 6 1 8,5,-17.872000
3004,5 8 1 7 3 8 6 3 1,7,-41.283000
3005,0 4 4 8 4 1 5 3 6,5,-41.283000
3006,1 6 4 5 4 0 3 4 6,4,-29.577500
3007,2 3 1 7 5 0 5 8 8,8,-53.528500
3008,5 4 3 1 2 1 7 2 0,7,-21.379000
3009,5 2 2 5 0 5 3 7 5,8,-53.528500
3010,7 7 5 6 5 7 4 4 8,3,-65.774000
3011,0 5 7 6 1 7 7 8 4,4,-41.823000
3012,7 2 7 0 6 4 4 8 5,4,-43.576500
3013,4 4 8 5 5 7 7 0 6,4,-65.774000
3014,1 8 6 1 0 8 2 7 7,6,-19.625500
3015,0 7 5 7 7 4 6 1 1,4,-11.743500
3016,0 0 8 0 0 4 1 3 8,8,-17.872000
3017,1 3 5 1 5 5 2 7 2,8,-31.331000
3018,1 6 7 3 8 2 1 6 4,5,-21.379000
3019,4 1 6 2 0 2 3 6 7,5,-21.379000
3020,0 6 0 7 0 7 2 3 2,6,-19.625500
3021,6 2 6 4 0 1 4 5 3,5,-21.379000
3022,7 6 3 5 0 6 3 1 1,6,-29.577500
3023,8 4 1 3 4 6 3 1 6,5,-41.283000
3024,4 3 7 3 5 1 8 2 0,7,-41.283000
3025,7 8 3 5 2 1 4 0 6,6,-31.331000
3026,2 4 6 3 1 7 7 8 1,5,-21.379000
3027,1 6 2 0 8 8 7 3 6,6,-31.331000
3028,3 7 3 0 1 8 6 2 3,7,-41.283000
3029,0 0 6 1 7 2 6 3 6,5,-17.872000
3030,8 2 3 5 7 0 2 2 7,7,-21.379000
3031,8 4 4 7 0 8 4 2 7,4,-49.875000
3032,7 5 5 5 4 3 2 7 7,5,-65.774000
3033,4 3 0 8 5 5 4 5 5,7,-65.774000
3034,6 0 7 0 7 4 5 5 8,5,-65.774000
3035,5 3 5 6 6 4 7 1 0,5,-41.283000
3036,5 5 7 8 8 8 7 5 6,6,-72.072500
3037,3 7 4 3 0 8 7 5 0,6,-41.283000
3038,4 7 6 7 1 6 2 0 2,4,-19.625500
3039,0 4 6 6 2 2 4 1 4,4,-19.625500
3040,0 3 6 0 4 7 2 5 8,6,-31.331000
3041,0 6 8 7 4 0 2 2 1,6,-19.625500
3042,0 8 0 4 5 6 4 1 8,6,-41.823000
3043,3 6 1 8 2 1 6 3 7,6,-31.331000
3044,0 1 7 4 3 7 8 8 7,5,-41.283000
3045,5 8 8 6 3 3 8 4 6,6,-72.072500
3046,4 8 3 3 1 8 5 6 6,6,-53.528500
3047,7 7 7 2 5 8 1 2 4,5,-21.379000
3048,5 0 0 5 6 0 4 7 7,5,-17.872000
3049,5 8 4 7 3 7 5 6 5,5,-65.774000
3050,3 6 5 4 1 1 0 3 4,6,-29.577500
3051,6 1 6 6 1 0 0 7 3,5,-17.872000
3052,8 1 4 6 3 1 0 3 2,7,-21.379000
3053,1 3 0 2 0 4 0 7 3,7,-17.872000
3054,6 5 2 6 8 7 6 7 5,4,-65.774000
3055,8 8 5 8 7 1 6 7 0,6,-72.072500
3056,6 8 5 6 0 8 6 3 8,6,-72.072500
3057,6 1 0 3 6 7 1 6 5,5,-17.872000
3058,4 6 8 8 2 5 1 6 6,5,-65.774000
3059,2 3 6 5 2 5 6 3 3,7,-41.283000
3060,3 7 6 8 8 4 4 0 2,5,-41.283000
3061,1 5 6 7 0 4 7 0 8,5,-17.872000
3062,0 5 6 8 2 5 1 1 7,7,-21.379000
3063,4 8 7 4 0 3 0 2 4,5,-21.379000
3064,5 2 8 8 7 6 2 3 7,6,-53.528500
3065,3 7 2 7 8 6 1 1 2,6,-21.379000
3066,3 6 5 4 3 5 8 1 7,6,-53.528500
3067,1 4 1 7 8 0 0 5 1,7,-17.872000
3068,5 0 4 8 4 2 1 5 7,6,-43.576500
3069,6 8 4 1 1 7 3 2 8,6,-31.331000
3070,3 1 7 1 4 5 0 8 7,6,-29.577500
3071,7 7 2 3 2 0 4 3 2,6,-21.379000
3072,4 3 4 3 0 3 1 0 2,7,-21.379000
3073,6 4 2 8 4 7 1 2 5,5,-21.379000
3074,5 7 5 3 4 2 0 7 6,5,-41.283000
3075,1 1 2 0 6 5 2 4 4,6,-19.625500
3076,1 6 2 2 3 4 0 6 4,5,-21.379000
3077,2 2 0 7 7 5 0 1 7,6,-19.625500
3078,5 2 7 5 3 8 3 3 4,7,-41.283000
3079,4 8 4 6 2 3 1 3 4,5,-41.283000
3080,7 7 0 4 4 0 7 3 0,4,-17.872000
3081,2 3 2 8 2 1 6 2 3,8,-21.379000
3082,1 6 7 1 4 5 5 6 7,4,-35.694500
3083,4 5 6 2 1 4 4 2 0,5,-21.379000
3084,2 7 0 1 5 0 3 5 5,8,-31.331000
3085,3 5 2 2 4 0 3 8 8,8,-41.283000
3086,3 6 5 4 8 0 8 5 3,7,-65.774000
3087,8 1 5 5 8 7 6 0 0,7,-65.774000
3088,1 1 5 5 4 7 3 5 8,7,-65.774000
3089,5 2 7 8 0 1 7 2 5,7,-21.379000
3090,0 1 6 2 4 6 3 5 7,5,-21.379000
3091,4 4 4 2 5 1 0 8 4,5,-21.379000
3092,7 5 0 2 5 1 6 3 0,7,-21.379000
3093,5 2 2 4 0 3 3 2 8,8,-31.331000
3094,7 4 7 3 0 0 0 8 0,6,-17.872000
3095,5 7 7 7 2 5 1 0 5,6,-43.576500
3096,2 6 1 7 3 3 4 5 0,6,-31.331000
3097,0 7 0 8 4 4 7 5 0,5,-17.872000
3098,0 7 5 6 2 4 0 0 2,6,-19.625500
3099,0 5 6 1 0 7 8 8 8,7,-65.774000
3100,7 4 5 1 3 7 0 8 4,5,-41.283000
3101,8 7 1 2 8 8 8 8 4,7,-78.371000
3102,8 4 5 8 8 3 5 8 6,7,-78.371000
3103,3 3 2 0 2 4 1 3 8,8,-31.331000
3104,2 7 0 8 0 7 8 0 1,7,-17.872000
3105,5 3 8 2 4 4 6 0 4,5,-41.283000
3106,4 1 0 2 8 0 6 1 1,7,-17.872000
3107,1 0 7 3 5 8 6 3 0,7,-41.283000
3108,8 2 6 2 1 0 4 1 8,7,-21.379000
3109,1 6 3 8 6 2 0 7 4,5,-21.379000
3110,1 2 0 7 5 1 1 3 6,7,-17.872000
3111,0 2 3 2 3 2 6 0 8,8,-21.379000
3112,6 3 2 0 4 8 6 5 0,6,-31.331000
3113,3 0 3 8 3 4 5 6 3,7,-41.283000
3114,7 4 7 8 7 0 2 7 4,3,-21.379000
3115,6 5 0 6 4 2 7 4 5,4,-43.576500
3116,6 4 5 1 1 3 8 2 0,7,-21.379000
3117,5 5 1 4 7 2 8 6 6,5,-65.774000
3118,8 3 0 1 2 8 7 1 1,8,-19.625500
3119,1 4 4 6 7 1 0 4 6,3,-5.615000
3120,2 6 1 0 0 1 7 0 4,6,-17.872000
3121,8 6 0 0 2 0 6 1 0,7,-17.872000
3122,5 2 4 5 7 6 6 3 5,5,-65.774000
3123,6 5 4 1 4 0 8 8 4,5,-65.774000
3124,0 3 1 1 8 6 1 5 4,7,-17.872000
3125,5 4 3 2 8 8 5 2 1,8,-53.528500
3126,2 5 3 2 7 6 8 3 1,7,-41.283000
3127,5 4 5 4 3 3 2 3 4,6,-41.283000
3128,8 6 2 4 0 0 1 6 6,5,-17.872000
3129,8 1 0 5 8 1 0 8 0,9,-17.872000
3130,2 8 1 3 4 1 3 5 5,8,-41.283000
3131,8 2 1 4 6 6 2 4 4,4,-21.379000
3132,8 8 0 2 1 7 5 7 6,6,-43.576500
3133,6 5 8 3 6 8 0 4 1,6,-53.528500
3134,8 3 6 0 7 6 0 7 5,5,-41.283000
3135,0 8 0 0 6 0 3 3 3,8,-29.577500
3136,4 2 0 6 7 7 3 8 7,4,-31.331000
3137,7 7 8 4 8 8 4 1 0,5,-78.371000
3138,0 2 7 8 3 6 0 7 0,6,-19.625500
3139,2 3 6 2 7 3 4 7 5,5,-41.283000
3140,8 4 2 6 3 0 7 4 5,5,-41.283000
3141,0 7 8 8 4 5 3 8 2,7,-65.774000
3142,1 8 3 3 3 8 2 8 2,9,-41.283000
3143,7 2 5 7 8 3 2 7 7,5,-41.283000
3144,3 3 2 8 7 3 6 5 5,7,-41.283000
3145,2 5 1 6 3 5 5 3 7,7,-41.283000
3146,1 2 7 7 7 7 6 1 8,4,-13.497000
3147,1 2 6 4 8 1 8 6 8,6,-49.875000
3148,1 5 2 3 7 1 4 4 8,6,-31.331000
3149,7 6 5 1 6 0 1 0 0,6,-17.872000
3150,2 5 6 1 1 0 6 1 5,7,-17.872000
3151,1 0 6 3 3 8 4 0 1,7,-17.872000
3152,4 0 4 0 0 5 0 8 7,6,-17.872000
3153,3 8 1 7 8 7 4 7 3,5,-41.283000
3154,5 8 5 6 6 1 2 8 1,7,-65.774000
3155,0 7 1 5 5 8 0 3 8,8,-53.528500
3156,0 1 7 2 8 3 4 1 8,7,-21.379000
3157,3 3 3 1 2 7 6 2 5,7,-41.283000
3158,3 7 8 4 5 0 6 7 4,4,-53.528500
3159,2 5 4 4 2 7 2 4 8,5,-21.379000
3160,0 8 5 1 1 7 2 3 5,8,-31.331000
3161,1 3 2 6 6 4 4 0 3,5,-21.379000
3162,0 8 3 0 4 5 2 7 3,7,-41.283000
3163,3 8 5 2 4 1 2 3 8,8,-41.283000
3164,3 1 5 7 5 2 5 1 2,8,-31.331000
3165,1 6 2 4 3 3 2 0 6,6,-21.379000
3166,1 4 8 3 8 4 4 6 4,4,-59.827000
3167,0 4 0 2 1 1 4 7 8,6,-17.872000
3168,1 8 5 4 8 8 5 2 1,8,-65.774000
3169,4 8 0 3 4 7 0 4 2,5,-21.379000
3170,8 2 2 1 7 4 7 8 2,6,-21.379000
3171,2 4 5 5 0 3 3 8 7,7,-41.283000
3172,3 4 2 1 6 2 1 0 8,7,-21.379000
3173,0 0 7 8 1 0 1 7 1,7,-17.872000
3174,0 8 1 5 6 0 6 1 1,7,-17.872000
3175,8 0 3 4 5 3 6 7 4,5,-41.283000
3176,4 8 8 0 0 3 4 6 8,6,-59.827000
3177,8 2 2 2 7 7 4 3 3,6,-31.331000
3178,0 8 0 5 0 4 7 3 3,7,-41.283000
3179,7 8 4 6 5 4 6 2 8,4,-72.072500
3180,4 5 7 2 0 6 0 0 6,5,-17.872000
3181,7 7 5 7 8 2 6 0 8,5,-65.774000
3182,0 6 8 0 5 2 4 6 1,6,-19.625500
3183,8 1 3 1 4 3 1 3 6,7,-41.283000
3184,5 0 4 2 3 1 1 4 4,6,-19.625500
3185,6 2 2 4 0 8 3 3 7,6,-31.331000
3186,7 2 2 4 1 4 2 0 6,5,-21.379000
3187,4 0 6 5 1 7 8 7 0,5,-17.872000
3188,3 4 1 5 3 0 0 3 3,8,-41.283000
3189,5 4 8 0 4 0 7 2 6,5,-21.379000
3190,7 2 4 1 4 1 0 1 2,6,-11.743500
3191,0 7 0 6 6 2 0 2 4,5,-17.872000
3192,0 2 4 6 7 4 6 2 7,3,-21.379000
3193,3 0 2 5 5 3 0 6 1,8,-31.331000
3194,2 6 6 7 1 6 7 2 5,4,-21.379000
3195,7 5 3 1 8 1 0 3 4,7,-41.283000
3196,6 8 6 0 1 7 1 6 3,5,-17.872000
3197,7 6 2 8 2 6 0 5 5,6,-43.576500
3198,3 2 5 0 1 8 1 0 0,9,-17.872000
3199,2 7 2 2 8 6 0 8 5,7,-21.379000
3200,0 7 3 8 3 3 5 8 8,8,-53.528500
3201,7 6 7 8 6 0 4 4 3,3,-41.283000
3202,2 4 3 1 4 2 3 4 8,6,-31.331000
3203,7 8 2 0 5 8 0 4 6,6,-43.576500
3204,7 7 2 0 8 1 8 3 0,7,-21.379000
3205,8 1 8 8 4 3 7 5 0,7,-65.774000
3206,4 4 3 7 5 4 1 2 3,5,-41.283000
3207,2 8 1 3 3 3 4 3 7,7,-41.283000
3208,4 4 1 3 2 5 8 0 5,7,-41.283000
3209,2 3 2 8 5 2 5 7 4,7,-41.283000
3210,2 6 5 6 8 5 1 2 7,6,-43.576500
3211,5 8 1 3 2 2 5 1 3,9,-41.283000
3212,3 2 8 5 6 0 3 6 8,7,-41.283000
3213,0 6 3 5 6 5 7 8 3,6,-53.528500
3214,6 6 6 5 0 1 0 8 3,6,-29.577500
3215,8 6 0 4 8 1 5 6 0,6,-41.823000
3216,6 3 8 0 6 3 5 2 1,7,-41.283000
3217,7 6 5 8 7 0 6 3 6,4,-53.528500
3218,8 7 4 8 8 8 5 5 4,6,-78.371000
3219,1 6 8 6 8 3 8 5 5,7,-65.774000
3220,4 7 7 3 5 1 3 1 0,6,-29.577500
3221,3 6 5 5 4 8 2 4 3,6,-53.528500
3222,0 6 2 1 0 3 6 6 5,6,-19.625500
3223,5 7 4 5 6 5 6 1 1,5,-65.774000
3224,4 2 6 5 2 7 2 1 1,6,-21.379000
3225,5 7 8 7 6 8 4 0 3,5,-65.774000
3226,5 8 5 5 2 5 8 0 6,8,-65.774000
3227,4 0 0 8 2 6 5 3 7,6,-31.331000
3228,3 1 2 4 0 1 8 0 5,8,-19.625500
3229,7 0 1 7 0 2 3 6 8,6,-19.625500
3230,4 7 0 5 0 2 5 8 1,7,-21.379000
3231,0 4 2 2 1 3 4 2 7,6,-21.379000
3232,4 2 7 2 4 5 2 6 7,4,-21.379000
3233,6 5 0 1 4 6 5 4 7,4,-41.823000
3234,5 5 0 8 0 3 6 1 0,8,-29.577500
3235,8 5 1 2 2 1 4 7 6,6,-21.379000
3236,0 7 3 4 5 3 0 5 4,6,-41.283000
3237,2 5 2 1 8 7 8 8 2,8,-43.576500
3238,7 4 0 7 3 7 8 5 7,4,-53.528500
3239,7 5 6 6 0 4 2 5 4,4,-43.576500
3240,7 6 4 5 1 0 3 2 1,6,-19.625500
3241,8 6 2 4 8 1 2 7 1,6,-21.379000
3242,5 3 0 8 8 2 3 5 2,9,-41.283000
3243,4 8 0 4 4 4 8 4 1,4,-48.121500
3244,1 8 6 4 0 3 5 0 0,7,-17.872000
3245,8 7 7 1 8 7 7 1 0,5,-17.872000
3246,2 4 1 7 6 4 7 0 3,4,-19.625500
3247,3 8 4 4 0 0 6 0 1,6,-17.872000
3248,2 7 7 1 0 6 7 6 6,3,-17.872000
3249,1 6 1 3 1 2 8 6 5,7,-21.379000
3250,6 4 6 5 2 3 0 6 1,5,-21.379000
3251,1 5 0 6 7 5 4 2 7,5,-21.379000
3252,0 4 5 3 8 6 1 6 1,6,-29.577500
3253,7 6 7 3 6 1 1 3 0,5,-17.872000
3254,8 6 3 5 3 4 8 4 1,6,-53.528500
3255,8 6 7 7 7 1 5 2 3,5,-41.283000
3256,8 2 7 7 2 3 5 5 0,7,-41.283000
3257,1 1 3 7 3 4 2 8 1,7,-21.379000
3258,2 4 3 7 8 0 0 3 0,7,-21.379000
3259,2 7 5 8 0 1 7 6 1,6,-19.625500
3260,8 7 3 0 8 5 4 7 0,6,-53.528500
3261,2 8 1 7 7 6 1 6 7,4,-13.497000
3262,3 6 4 5 2 3 5 4 2,6,-41.283000
3263,5 4 2 5 1 3 2 6 8,7,-41.283000
3264,0 5 0 4 8 7 1 7 1,6,-17.872000
3265,0 6 3 6 7 1 7 2 7,4,-19.625500
3266,1 1 5 5 2 7 0 2 1,8,-19.625500
3267,5 1 6 3 6 6 1 3 8,6,-41.283000
3268,7 4 8 8 7 3 1 5 7,5,-65.774000
3269,4 6 7 4 1 0 2 5 1,5,-17.872000
3270,2 5 1 8 1 5 3 1 1,9,-21.379000
3271,8 5 0 3 3 0 0 1 7,8,-29.577500
3272,3 2 2 7 5 3 6 3 7,6,-41.283000
3273,8 2 8 8 5 3 4 1 6,7,-65.774000
3274,4 3 3 8 4 7 3 0 3,6,-41.283000
3275,2 7 7 2 6 2 1 4 7,4,-21.379000
3276,1 5 3 0 3 4 0 4 1,7,-17.872000
3277,7 5 2 7 6 4 7 6 7,2,-43.576500
3278,7 8 6 0 0 8 7 2 2,6,-21.379000
3279,8 1 4 8 0 6 7 3 6,5,-41.283000
3280,1 3 3 6 7 6 4 0 4,4,-29.577500
3281,7 5 0 5 4 1 0 4 3,6,-29.577500
3282,1 8 1 4 0 5 2 8 3,8,-31.331000
3283,2 2 2 5 2 8 0 5 3,9,-21.379000
3284,2 3 1 0 5 8 1 1 4,8,-19.625500
3285,1 8 0 4 4 5 2 6 2,6,-21.379000
3286,6 3 1 7 5 0 8 2 6,6,-31.331000
3287,1 0 8 6 7 1 6 8 7,5,-17.872000
3288,7 7 4 1 3 5 2 2 8,6,-31.331000
3289,2 8 5 4 2 7 3 5 5,7,-65.774000
3290,0 1 1 5 0 2 2 1 3,9,-17.872000
3291,6 2 7 6 2 5 7 1 5,5,-21.379000
3292,0 8 0 3 0 2 6 7 2,7,-21.379000
3293,0 1 7 5 4 0 7 5 5,6,-41.823000
3294,6 3 6 5 2 4 2 8 8,6,-53.528500
3295,0 8 6 0 2 0 2 4 2,7,-21.379000
3296,1 4 1 3 8 0 6 5 3,7,-41.283000
3297,3 8 7 6 1 5 1 1 4,6,-23.449000
3298,0 0 5 0 7 0 4 1 3,7,-17.872000
3299,6 3 5 2 6 6 6 2 2,5,-21.379000
3300,2 4 1 7 4 4 1 4 3,4,-13.497000
3301,1 3 7 6 5 7 2 0 5,6,-31.331000
3302,4 7 2 6 1 3 5 8 2,6,-31.331000
3303,5 5 4 2 6 1 6 4 6,4,-43.576500
3304,2 3 8 0 0 5 6 3 6,7,-41.283000
3305,1 1 5 1 3 8 5 6 7,7,-41.283000
3306,4 6 6 3 5 0 1 6 3,5,-41.283000
3307,7 4 8 4 4 6 3 5 8,4,-72.072500
3308,1 2 4 8 5 2 5 8 1,8,-43.576500
3309,1 6 4 0 4 1 0 3 2,6,-17.872000
3310,5 7 4 7 1 3 5 1 0,6,-29.577500
3311,6 6 1 0 1 8 5 5 7,6,-41.823000
3312,0 0 2 1 7 8 8 2 2,8,-21.379000
3313,3 4 6 6 3 8 3 6 0,5,-41.283000
3314,7 0 0 5 6 5 5 7 6,5,-65.774000
3315,4 8 3 7 2 3 3 2 2,7,-41.283000
3316,5 5 2 1 5 1 8 3 5,9,-65.774000
3317,6 6 4 3 3 5 6 3 8,5,-41.283000
3318,8 7 5 5 4 0 8 4 6,5,-65.774000
3319,2 0 2 1 8 5 1 3 8,9,-21.379000
3320,8 1 2 3 8 5 3 7 3,8,-41.283000
3321,4 0 5 1 4 7 7 2 2,5,-21.379000
3322,4 0 1 5 7 3 0 4 5,6,-29.577500
3323,3 0 1 1 3 2 0 6 4,7,-17.872000
3324,1 6 0 7 0 8 0 7 4,5,-17.872000
3325,0 7 2 3 4 5 7 1 4,5,-21.379000
3326,7 2 0 4 7 0 2 2 8,6,-21.379000
3327,0 6 8 4 2 4 4 3 2,5,-21.379000
3328,5 0 1 0 7 6 8 7 0,6,-17.872000
3329,8 1 5 8 4 7 4 3 0,6,-53.528500
3330,2 1 7 0 6 7 7 4 8,4,-19.625500
3331,8 1 2 4 8 4 2 8 7,6,-49.875000
3332,0 8 5 0 8 1 2 5 5,9,-65.774000
3333,2 7 0 4 2 1 2 2 5,7,-21.379000
3334,5 3 7 3 8 5 0 6 4,6,-53.528500
3335,5 0 5 8 6 5 6 4 4,5,-65.774000
3336,0 3 5 3 6 8 1 3 1,8,-41.283000
3337,2 1 3 1 4 2 1 2 6,7,-21.379000
3338,1 0 8 6 7 7 1 5 8,6,-41.823000
3339,0 2 8 2 6 3 5 5 4,7,-41.283000
3340,0 3 3 2 0 2 2 0 3,9,-21.379000
3341,8 1 0 6 6 7 8 7 4,4,-48.121500
3342,8 5 7 7 2 8 4 2 0,6,-43.576500
3343,4 1 8 4 5 7 1 2 2,6,-21.379000
3344,1 4 0 2 6 8 3 8 6,6,-31.331000
3345,5 7 7 8 3 5 5 1 3,7,-65.774000
3346,4 5 1 8 7 8 1 2 5,7,-65.774000
3347,1 3 0 1 7 0 3 3 0,8,-17.872000
3348,5 8 1 0 3 2 2 6 7,7,-21.379000
3349,8 0 1 5 0 6 1 2 0,8,-17.872000
3350,8 5 1 5 6 0 8 7 0,7,-65.774000
3351,2 3 1 8 4 7 5 0 8,7,-41.283000
3352,1 0 7 3 8 3 5 0 2,8,-31.331000
3353,0 5 0 7 8 4 0 4 7,5,-17.872000
3354,7 7 8 5 8 6 0 6 0,5,-65.774000
3355,6 7 6 7 3 2 1 5 4,4,-31.331000
3356,1 6 2 4 3 0 7 4 4,4,-19.625500
3357,5 3 1 5 5 3 6 0 5,8,-53.528500
3358,4 8 0 8 8 0 1 8 5,8,-72.072500
3359,8 7 8 0 6 0 1 3 5,7,-41.283000
3360,3 5 5 4 8 7 4 2 1,6,-53.528500
3361,6 3 4 6 4 6 2 2 7,3,-21.379000
3362,5 3 5 8 6 1 1 4 8,7,-65.774000
3363,1 6 0 5 3 7 3 5 7,6,-41.283000
3364,7 3 3 3 2 6 2 5 4,6,-41.283000
3365,2 3 1 4 8 7 4 8 2,6,-31.331000
3366,7 7 3 3 2 0 0 0 0,7,-17.872000
3367,3 8 8 2 7 0 2 2 7,7,-21.379000
3368,7 7 3 1 1 6 2 0 3,6,-19.625500
3369,0 4 3 2 0 8 0 4 5,7,-21.379000
3370,0 3 5 7 8 5 6 1 5,7,-65.774000
3371,7 0 4 7 0 4 2 3 1,5,-17.872000
3372,8 2 4 4 6 8 3 1 4,5,-41.283000
3373,3 4 4 8 3 5 3 0 4,6,-41.283000
3374,0 7 7 0 6 0 7 5 1,5,-17.872000
3375,7 8 8 3 8 1 2 5 8,8,-72.072500
3376,1 2 6 6 5 1 4 2 2,6,-21.379000
3377,6 7 5 2 0 7 2 1 5,6,-21.379000
3378,2 7 0 3 6 1 7 1 5,6,-19.625500
3379,3 6 1 0 2 4 8 1 3,7,-21.379000
3380,3 3 3 6 2 7 1 3 7,6,-41.283000
3381,5 1 4 0 3 8 3 3 3,8,-41.283000
3382,5 2 5 7 1 4 5 8 1,7,-65.774000
3383,1 1 3 7 5 8 5 0 2,8,-31.331000
3384,4 6 3 7 7 5 1 1 2,5,-21.379000
3385,7 8 0 7 6 5 7 0 0,5,-17.872000
3386,1 2 6 8 8 8 8 4 1,7,-78.371000
3387,1 3 4 4 5 0 5 4 0,6,-29.577500
3388,7 1 6 4 1 7 0 0 4,4,-11.743500
3389,6 3 1 5 5 8 8 7 7,6,-65.774000
3390,7 4 5 3 0 8 5 5 5,7,-65.774000
3391,3 4 3 1 7 0 4 2 3,6,-31.331000
3392,0 7 4 0 2 3 7 5 7,5,-21.379000
3393,6 2 4 4 4 4 4 1 4,2,-13.497000
3394,2 0 4 3 5 5 3 2 8,8,-41.283000
3395,4 2 1 4 2 0 6 2 7,5,-21.379000
3396,7 2 6 2 3 3 4 0 8,6,-31.331000
3397,1 0 4 2 3 6 1 6 7,5,-17.872000
3398,5 7 3 6 2 0 6 0 2,6,-21.379000
3399,3 2 8 4 2 4 1 1 4,6,-21.379000
3400,7 3 2 6 3 3 7 8 8,6,-41.283000
3401,4 6 0 4 0 0 5 6 4,4,-17.872000
3402,5 6 6 2 4 4 6 2 0,4,-21.379000
3403,7 6 4 2 3 4 7 6 8,3,-41.283000
3404,0 1 8 6 2 3 1 2 2,8,-21.379000
3405,4 4 6 4 0 7 4 3 8,3,-41.283000
3406,5 2 7 3 5 2 4 4 0,6,-31.331000
3407,1 3 6 3 8 0 7 1 2,7,-21.379000
3408,1 8 4 6 2 1 2 1 7,6,-13.497000
3409,8 1 7 1 8 3 1 7 0,7,-17.872000
3410,3 5 1 7 8 7 2 4 4,5,-41.283000
3411,4 2 0 6 5 0 6 7 2,5,-21.379000
3412,5 5 6 0 7 8 2 6 7,5,-65.774000
3413,6 1 8 3 1 5 0 5 4,7,-41.283000
3414,6 6 7 4 8 1 5 6 7,3,-65.774000
3415,0 6 0 6 6 2 2 1 6,5,-17.872000
3416,0 0 1 2 7 4 6 4 5,5,-17.872000
3417,2 5 1 6 8 5 1 2 8,8,-43.576500
3418,0 2 5 2 8 3 6 8 6,7,-41.283000
3419,5 2 4 2 0 4 3 1 5,7,-21.379000
3420,7 5 4 2 8 0 0 2 3,7,-21.379000
3421,8 2 8 0 0 7 8 0 2,8,-21.379000
3422,5 6 2 4 3 6 7 8 5,5,-65.774000
3423,6 0 0 7 5 6 4 6 8,4,-41.823000
3424,0 2 1 2 7 2 4 5 1,7,-21.379000
3425,4 4 3 0 8 3 6 3 2,6,-41.283000
3426,4 3 2 1 2 7 4 0 1,6,-19.625500
3427,5 5 8 4 0 7 4 4 3,5,-65.774000
3428,5 0 6 8 1 6 3 0 4,6,-29.577500
3429,0 1 3 5 0 1 5 7 6,7,-17.872000
3430,0 4 7 4 8 3 5 8 7,5,-65.774000
3431,4 7 2 2 1 5 6 1 6,5,-21.379000
3432,5 6 1 5 0 3 4 5 4,6,-53.528500
3433,0 7 8 7 2 4 0 7 2,5,-21.379000
3434,2 5 7 4 5 3 7 1 3,6,-41.283000
3435,6 8 2 8 3 2 3 5 7,7,-41.283000
3436,5 3 4 3 0 7 4 6 4,4,-41.283000
3437,5 8 2 0 6 1 6 7 8,6,-43.576500
3438,1 0 4 6 6 3 4 5 0,5,-17.872000
3439,1 7 2 2 4 1 5 8 4,6,-21.379000
3440,8 2 7 1 3 3 8 6 1,7,-41.283000
3441,0 6 2 5 2 2 5 3 6,7,-21.379000
3442,3 3 8 1 2 5 8 5 8,9,-65.774000
3443,5 6 3 2 0 2 6 3 2,7,-21.379000
3444,4 1 4 4 6 3 7 5 1,4,-23.449000
3445,5 1 4 5 6 7 0 4 6,4,-41.823000
3446,3 4 0 4 4 7 4 8 1,4,-29.577500
3447,2 2 4 0 1 0 6 0 2,7,-17.872000
3448,2 7 0 6 4 3 1 0 1,6,-17.872000
3449,6 7 1 8 4 1 3 0 3,6,-29.577500
3450,5 2 7 5 4 8 5 6 2,6,-65.774000
3451,3 4 8 5 8 4 3 8 4,6,-72.072500
3452,5 5 0 7 0 3 5 7 0,7,-41.283000
3453,1 7 6 5 3 0 0 7 6,5,-17.872000
3454,8 0 2 3 3 5 7 0 4,7,-41.283000
3455,1 7 4 5 0 5 5 7 0,6,-41.823000
3456,7 5 2 5 4 2 4 7 6,4,-43.576500
3457,5 0 0 7 0 5 3 1 4,7,-17.872000
3458,5 4 5 8 7 7 0 2 8,6,-65.774000
3459,7 7 3 6 7 4 1 0 6,3,-17.872000
3460,0 2 2 2 0 3 8 8 7,8,-21.379000
3461,3 2 3 1 6 5 5 1 5,8,-41.283000
3462,0 5 6 6 0 6 1 0 8,6,-17.872000
3463,3 5 3 6 2 2 4 2 1,7,-21.379000
3464,7 4 1 6 4 6 5 6 2,3,-21.379000
3465,1 2 2 3 8 6 2 4 5,7,-21.379000
3466,4 0 1 5 5 3 2 1 6,7,-21.379000
3467,7 4 8 5 3 8 5 8 4,6,-72.072500
3468,4 4 0 3 7 5 8 6 8,5,-65.774000
3469,5 7 2 1 6 2 2 7 2,6,-21.379000
3470,6 1 8 3 7 2 5 4 3,6,-41.283000
3471,4 7 8 3 6 0 7 1 4,4,-29.577500
3472,8 0 7 7 6 8 3 0 7,5,-41.283000
3473,7 7 5 6 2 6 8 0 4,4,-43.576500
3474,6 3 5 7 1 1 4 3 7,5,-41.283000
3475,8 4 7 1 5 2 4 7 7,4,-43.576500
3476,4 5 6 4 0 3 0 1 3,6,-29.577500
3477,2 6 0 1 7 6 2 3 7,5,-21.379000
3478,0 6 2 5 1 2 4 2 0,7,-21.379000
3479,6 0 5 4 5 0 7 4 5,5,-65.774000
3480,2 1 8 4 5 0 4 1 0,7,-17.872000
3481,2 4 8 5 0 3 3 4 3,7,-41.283000
3482,3 0 5 8 1 1 0 6 8,8,-29.577500
3483,3 0 5 5 1 3 5 5 4,8,-53.528500
3484,6 7 6 7 2 1 5 4 5,4,-43.576500
3485,4 1 5 6 1 7 3 5 1,6,-23.449000
3486,7 3 6 4 0 8 7 3 5,5,-41.283000
3487,0 8 1 3 4 0 4 0 2,7,-17.872000
3488,4 0 1 2 8 8 5 6 3,7,-41.283000
3489,7 6 3 7 0 6 5 0 5,5,-41.283000
3490,7 1 4 0 2 6 5 0 2,6,-19.625500
3491,5 7 7 5 0 5 1 0 7,6,-41.823000
3492,1 0 2 3 6 4 7 8 2,6,-21.379000
3493,3 8 1 8 1 0 6 0 2,8,-19.625500
3494,7 8 0 6 5 8 1 8 4,6,-72.072500
3495,6 5 5 6 8 4 1 6 8,5,-65.774000
3496,7 8 2 2 1 6 4 2 5,6,-21.379000
3497,6 7 2 6 2 6 3 0 3,5,-21.379000
3498,1 2 1 0 6 2 5 6 8,7,-21.379000
3499,5 4 2 6 8 2 6 0 1,6,-21.379000
3500,3 4 5 2 6 5 8 2 2,7,-41.283000
3501,1 6 0 5 6 3 7 5 3,6,-41.283000
3502,4 5 4 1 4 1 4 4 0,4,-11.743500
3503,4 1 3 2 3 2 3 4 1,7,-21.379000
3504,4 5 5 0 5 2 5 1 8,8,-65.774000
3505,5 0 2 6 7 8 0 5 6,6,-43.576500
3506,3 0 4 2 4 3 8 2 0,7,-21.379000
3507,0 2 6 8 4 6 8 2 7,5,-21.379000
3508,4 4 3 8 1 2 5 7 1,6,-31.331000
3509,5 4 5 2 6 0 8 0 6,6,-43.576500
3510,1 4 4 8 8 8 3 6 1,6,-59.827000
3511,5 7 3 2 2 1 0 3 8,8,-31.331000
3512,2 1 1 5 3 7 7 4 5,6,-31.331000
3513,8 5 5 7 6 7 6 0 5,5,-65.774000
3514,5 0 5 0 8 8 2 0 6,8,-43.576500
3515,4 0 8 0 1 3 8 5 2,8,-31.331000
3516,2 7 7 3 8 2 5 8 4,6,-53.528500
3517,5 7 8 2 0 6 7 5 1,6,-43.576500
3518,6 8 0 6 8 1 1 4 6,5,-17.872000
3519,4 1 6 6 4 7 8 0 6,3,-17.872000
3520,3 7 4 2 7 8 4 4 2,4,-31.331000
3521,4 4 3 3 6 5 1 1 7,5,-41.283000
3522,7 7 1 6 2 4 4 3 4,3,-21.379000
3523,6 0 8 3 6 8 7 4 0,5,-41.283000
3524,1 6 8 1 6 4 4 2 3,5,-21.379000
3525,3 1 0 2 7 6 3 1 5,7,-21.379000
3526,3 1 1 8 0 4 5 8 2,8,-31.331000
3527,8 8 6 2 6 7 8 2 6,5,-78.371000
3528,8 1 6 0 2 3 5 0 7,7,-21.379000
3529,8 7 4 2 7 0 0 0 4,5,-17.872000
3530,0 7 7 8 6 2 1 0 1,6,-17.872000
3531,6 7 5 6 1 7 1 3 6,4,-23.449000
3532,5 4 3 5 3 4 5 1 7,6,-53.528500
3533,8 6 3 5 2 5 7 1 0,7,-41.283000
3534,0 7 4 6 2 5 4 2 7,4,-21.379000
3535,2 6 2 2 6 6 4 1 0,5,-21.379000
3536,4 2 8 6 0 7 0 8 5,6,-43.576500
3537,4 1 8 0 5 6 0 3 5,7,-41.283000
3538,5 5 0 6 5 2 7 2 4,6,-43.576500
3539,0 7 4 1 0 8 8 6 8,6,-48.121500
3540,1 5 5 3 3 2 2 6 1,8,-31.331000
3541,6 0 3 1 8 3 1 1 8,8,-29.577500
3542,6 8 6 4 1 5 2 1 7,5,-21.379000
3543,2 0 3 5 1 1 1 2 4,8,-19.625500
3544,7 0 5 5 5 4 7 6 0,5,-65.774000
3545,0 7 8 8 3 8 4 0 8,7,-78.371000
3546,8 3 5 7 6 4 1 1 4,5,-41.283000
3547,8 6 4 5 5 6 8 6 4,4,-72.072500
3548,6 8 4 5 0 0 0 3 8,7,-41.283000
3549,2 3 4 7 6 5 0 1 7,5,-21.379000
3550,3 2 2 7 0 3 4 1 7,6,-21.379000
3551,3 0 6 2 5 7 3 0 8,7,-41.283000
3552,0 8 8 1 7 0 7 7 0,6,-17.872000
3553,3 6 0 4 7 3 2 2 1,6,-21.379000
3554,8 5 8 2 5 4 5 5 5,8,-65.774000
3555,7 0 1 4 1 1 2 2 1,7,-5.615000
3556,7 1 0 0 2 3 7 0 7,6,-17.872000
3557,2 3 4 7 7 6 0 1 3,5,-21.379000
3558,2 1 6 3 0 8 5 6 8,7,-41.283000
3559,0 5 2 0 7 5 7 8 8,7,-65.774000
3560,1 7 7 2 8 4 3 8 6,5,-41.283000
3561,3 3 6 1 1 1 0 3 7,7,-17.872000
3562,0 5 3 6 7 8 0 6 5,6,-53.528500
3563,4 0 3 4 2 0 5 7 0,6,-19.625500
3564,8 7 1 4 1 7 5 0 3,6,-29.577500
3565,0 0 8 1 7 2 1 3 2,8,-19.625500
3566,8 4 6 2 7 3 2 8 5,6,-53.528500
3567,5 1 8 5 4 8 0 5 0,8,-65.774000
3568,3 1 0 5 5 1 8 1 7,8,-29.577500
3569,8 8 2 5 6 6 3 1 6,6,-53.528500
3570,8 6 7 8 5 2 8 6 7,5,-78.371000
3571,0 2 8 7 7 4 7 0 2,5,-21.379000
3572,1 0 7 0 8 5 1 7 6,6,-17.872000
3573,6 5 6 8 0 5 1 5 7,6,-65.774000
3574,3 7 8 8 1 8 2 2 7,7,-41.283000
3575,0 8 5 4 2 2 6 4 6,5,-21.379000
3576,5 7 2 8 0 4 4 7 8,5,-65.774000
3577,0 3 8 5 5 8 5 4 1,8,-65.774000
3578,8 7 6 7 3 2 2 6 1,5,-21.379000
3579,5 6 6 1 0 8 8 8 7,6,-72.072500
3580,6 0 5 3 6 7 6 4 3,4,-41.283000
3581,4 6 8 2 1 8 1 5 2,7,-21.379000
3582,1 6 0 4 1 5 8 6 3,6,-29.577500
3583,4 6 0 4 3 1 8 5 7,5,-41.283000
3584,5 5 3 2 7 4 5 7 3,6,-53.528500
3585,5 2 8 6 0 2 5 4 3,7,-41.283000
3586,1 5 8 7 5 8 0 3 8,8,-65.774000
3587,8 5 1 2 3 3 2 1 0,9,-21.379000
3588,1 6 6 2 2 6 8 3 5,6,-31.331000
3589,7 8 1 0 0 0 2 0 1,8,-17.872000
3590,3 1 3 7 3 1 6 2 2,7,-21.379000
3591,1 2 1 8 2 5 3 1 8,9,-21.379000
3592,5 7 5 6 6 8 3 0 3,6,-53.528500
3593,2 8 0 5 0 3 5 0 8,9,-41.283000
3594,3 7 1 2 0 8 1 1 8,8,-19.625500
3595,8 1 6 5 6 3 3 5 2,7,-41.283000
3596,4 1 5 7 2 7 7 7 2,4,-21.379000
3597,5 7 8 5 2 0 5 8 7,7,-65.774000
3598,7 6 1 2 8 4 3 3 0,6,-31.331000
3599,2 3 3 8 6 2 3 6 2,7,-41.283000
3600,6 2 5 4 0 2 5 4 3,6,-31.331000
3601,5 2 4 6 5 3 4 8 2,6,-53.528500
3602,6 5 7 3 3 7 6 4 6,3,-41.283000
3603,7 4 4 5 8 8 3 3 6,5,-65.774000
3604,5 4 8 7 7 3 4 5 5,5,-65.774000
3605,8 8 0 3 4 3 7 8 3,7,-41.283000
3606,4 3 5 6 5 5 8 7 7,5,-65.774000
3607,8 6 5 0 5 8 1 6 4,6,-65.774000
3608,4 1 7 5 7 6 3 3 3,5,-41.283000
3609,7 3 1 1 6 6 3 3 5,6,-41.283000
3610,1 2 3 7 4 6 2 8 6,5,-21.379000
3611,0 4 7 4 0 4 0 5 5,5,-17.872000
3612,0 7 2 0 4 4 1 3 3,6,-19.625500
3613,8 0 2 5 6 7 2 8 0,7,-21.379000
3614,5 4 8 5 1 6 8 3 7,6,-65.774000
3615,5 4 0 7 5 0 3 2 8,7,-41.283000
3616,3 4 0 1 2 0 0 8 8,8,-19.625500
3617,1 3 6 0 6 1 8 4 7,5,-17.872000
3618,4 7 1 5 2 1 2 1 3,7,-21.379000
3619,0 1 3 3 0 7 0 3 4,7,-17.872000
3620,6 0 7 3 5 8 3 3 8,7,-41.283000
3621,2 6 3 0 0 1 4 4 3,6,-19.625500
3622,2 8 7 8 1 4 2 7 3,6,-31.331000
3623,0 3 6 7 5 8 3 2 0,7,-41.283000
3624,0 3 7 3 8 2 3 8 5,8,-41.283000
3625,6 1 4 8 3 4 2 3 6,5,-41.283000
3626,1 2 7 5 2 6 2 0 4,6,-21.379000
3627,2 6 6 1 3 5 1 8 4,6,-31.331000
3628,2 4 6 4 3 2 8 0 3,6,-31.331000
3629,3 2 8 0 3 3 6 0 1,8,-31.331000
3630,2 0 8 2 8 5 7 3 2,8,-31.331000
3631,4 5 8 6 7 2 8 5 7,5,-65.774000
3632,1 4 2 1 0 4 7 5 3,6,-19.625500
3633,8 0 8 2 2 2 8 1 6,8,-21.379000
3634,4 1 5 6 8 4 5 8 7,5,-65.774000
3635,1 3 6 0 1 1 2 2 6,7,-17.872000
3636,3 7 8 3 7 0 1 6 6,5,-41.283000
3637,4 7 8 3 8 1 6 8 2,6,-59.827000
3638,4 1 5 0 1 0 7 1 5,7,-17.872000
3639,7 6 8 0 8 2 5 7 3,6,-53.528500
3640,0 6 2 2 7 1 0 2 8,7,-21.379000
3641,7 0 2 8 3 4 3 6 5,6,-41.283000
3642,4 4 6 6 3 2 0 7 6,3,-21.379000
3643,2 3 7 7 6 3 1 1 2,6,-21.379000
3644,5 8 1 2 6 8 0 3 3,8,-41.283000
3645,5 4 8 7 3 3 0 6 0,6,-41.283000
3646,8 6 0 1 5 4 2 7 7,5,-21.379000
3647,8 8 7 5 4 6 6 6 2,4,-72.072500
3648,7 0 2 0 4 5 7 1 0,6,-17.872000
3649,4 7 3 5 5 5 1 1 1,7,-41.283000
3650,0 2 5 8 4 5 3 3 4,7,-41.283000
3651,3 1 8 0 6 8 5 5 4,7,-65.774000
3652,4 4 7 6 7 8 1 7 4,2,-41.993000
3653,7 4 2 0 2 2 5 8 8,7,-21.379000
3654,6 0 3 3 4 7 6 2 5,5,-41.283000
3655,4 3 3 2 8 8 7 5 7,6,-53.528500
3656,7 5 3 4 6 5 5 7 3,5,-65.774000
3657,5 0 7 5 7 6 3 5 8,6,-65.774000
3658,3 2 2 0 5 2 2 4 5,8,-21.379000
3659,0 0 4 1 7 7 8 0 5,6,-17.872000
3660,0 8 1 2 3 5 4 2 0,8,-21.379000
3661,6 2 6 6 2 6 5 6 0,4,-21.379000
3662,8 1 1 3 6 4 0 5 7,6,-29.577500
3663,1 2 4 8 8 2 5 2 6,7,-21.379000
3664,3 3 8 7 8 5 6 6 2,6,-53.528500
3665,7 6 6 8 5 0 7 1 1,5,-17.872000
3666,2 0 3 0 5 6 8 5 8,8,-53.528500
3667,2 4 6 1 1 1 2 7 2,6,-13.497000
3668,0 8 1 3 4 5 1 1 5,8,-29.577500
3669,4 1 6 7 7 4 3 4 7,2,-23.449000
3670,0 2 8 1 0 5 0 8 1,9,-17.872000
3671,5 7 2 0 2 0 5 7 8,7,-21.379000
3672,7 8 7 8 8 6 2 7 8,5,-78.371000
3673,5 1 4 8 4 3 5 8 4,6,-65.774000
3674,3 2 7 2 7 1 3 8 2,7,-21.379000
3675,4 2 4 5 8 8 2 5 0,7,-65.774000
3676,3 4 5 7 1 3 8 5 5,7,-65.774000
3677,0 7 6 3 4 0 1 0 7,5,-17.872000
3678,1 2 5 5 1 0 0 3 2,9,-21.379000
3679,6 1 8 7 6 6 3 4 1,4,-23.449000
3680,3 2 3 8 1 7 4 8 2,7,-41.283000
3681,7 5 6 4 1 0 5 1 4,5,-17.872000
3682,7 7 8 5 1 0 4 8 7,5,-65.774000
3683,6 7 8 8 2 0 7 8 6,5,-78.371000
3684,3 5 7 7 7 5 6 2 5,5,-65.774000
3685,2 8 8 4 3 6 5 8 6,6,-72.072500
3686,5 3 2 7 0 2 2 0 5,8,-21.379000
3687,6 2 2 5 7 8 4 8 2,6,-43.576500
3688,2 8 4 4 6 7 2 4 7,3,-21.379000
3689,4 3 7 2 3 6 5 0 3,6,-41.283000
3690,6 5 5 7 4 8 6 3 6,4,-65.774000
3691,1 1 0 4 4 3 8 6 4,5,-17.872000
3692,3 7 1 3 3 8 1 5 4,7,-41.283000
3693,7 2 7 8 7 7 1 7 6,3,-21.379000
3694,7 3 3 6 6 0 3 3 7,5,-41.283000
3695,2 6 2 7 1 6 6 1 2,5,-21.379000
3696,1 3 7 4 2 3 7 3 1,6,-31.331000
3697,8 4 3 1 0 6 8 8 2,7,-41.283000
3698,7 7 6 6 4 0 8 3 7,3,-41.283000
3699,5 1 5 1 8 3 7 4 5,7,-65.774000
3700,1 6 5 0 4 6 3 8 2,6,-31.331000
3701,3 6 2 6 4 8 6 1 8,5,-41.283000
3702,8 3 2 5 1 3 6 1 1,8,-31.331000
3703,2 7 7 0 1 1 6 7 8,5,-17.872000
3704,7 8 2 4 1 8 0 6 2,6,-21.379000
3705,5 4 6 8 3 4 4 6 2,4,-53.528500
3706,0 1 0 4 1 7 7 1 4,5,-5.615000
3707,8 5 3 1 6 8 0 0 2,8,-31.331000
3708,4 6 5 5 0 3 6 2 8,6,-53.528500
3709,3 6 6 7 3 8 0 3 6,5,-41.283000
3710,6 8 2 3 3 7 4 7 5,5,-41.283000
3711,1 4 0 4 4 6 1 7 1,4,-5.615000
3712,1 5 6 1 4 0 6 4 1,5,-5.615000
3713,1 3 4 7 7 7 7 6 0,3,-17.872000
3714,6 2 1 1 1 5 6 6 6,5,-5.615000
3715,2 0 3 1 7 1 5 0 6,7,-17.872000
3716,3 0 7 1 3 6 1 0 4,6,-17.872000
3717,8 6 1 4 3 5 2 8 8,7,-65.774000
3718,0 4 5 6 3 2 0 6 4,5,-21.379000
3719,7 4 7 0 8 0 5 4 5,5,-65.774000
3720,7 7 1 5 1 4 1 6 1,5,-5.615000
3721,3 7 4 8 8 4 0 8 6,5,-78.371000
3722,6 4 1 3 0 1 8 3 7,6,-29.577500
3723,7 3 1 8 4 8 5 2 0,7,-41.283000
3724,2 1 7 6 6 0 2 2 8,6,-21.379000
3725,8 3 2 6 1 5 0 6 3,7,-41.283000
3726,8 7 4 6 2 7 0 5 0,5,-21.379000
3727,7 4 5 5 0 1 3 4 4,5,-41.283000
3728,8 0 0 1 0 1 8 8 7,8,-17.872000
3729,5 4 5 7 8 4 1 4 8,5,-65.774000
3730,7 4 3 7 6 0 8 0 6,4,-29.577500
3731,2 7 8 2 3 5 3 4 0,7,-41.283000
3732,7 0 3 8 4 1 4 4 1,5,-17.872000
3733,7 2 5 8 0 1 2 8 7,7,-21.379000
3734,0 3 4 5 5 3 6 0 8,7,-41.283000
3735,1 5 6 7 2 2 1 0 2,7,-21.379000
3736,6 8 0 0 6 2 2 7 4,5,-21.379000
3737,2 6 8 6 5 4 0 0 7,5,-21.379000
3738,3 2 2 0 2 3 6 8 1,8,-21.379000
3739,7 8 8 0 8 3 8 2 5,8,-72.072500
3740,2 2 6 3 6 0 4 0 1,6,-19.625500
3741,5 8 3 1 2 6 7 8 6,6,-53.528500
3742,0 1 6 2 6 1 5 3 7,6,-19.625500
3743,8 0 1 6 2 1 8 3 7,7,-21.379000
3744,7 8 8 0 5 4 5 5 2,7,-65.774000
3745,1 1 4 3 7 4 6 5 2,5,-21.379000
3746,2 1 3 8 3 4 6 8 5,7,-41.283000
3747,7 0 3 8 8 5 4 7 2,6,-53.528500
3748,0 1 1 0 1 4 3 8 1,8,-11.743500
3749,0 2 5 6 8 0 2 0 8,8,-21.379000
3750,8 1 4 4 4 4 0 2 6,4,-19.625500
3751,7 5 5 8 2 6 6 3 8,6,-65.774000
3752,3 4 6 6 3 0 6 0 5,5,-41.283000
3753,3 3 8 6 7 2 8 3 6,6,-41.283000
3754,7 8 3 5 5 5 6 2 1,7,-65.774000
3755,4 0 8 6 0 1 6 4 4,4,-17.872000
3756,0 6 6 4 7 4 4 3 1,3,-17.872000
3757,1 2 7 3 2 1 0 0 1,8,-17.872000
3758,5 8 5 6 5 0 3 0 2,8,-53.528500
3759,4 5 4 5 3 6 4 0 1,5,-41.283000
3760,3 4 0 3 6 7 6 6 1,4,-29.577500
3761,4 4 5 7 3 8 2 0 0,6,-31.331000
3762,1 2 0 3 6 1 7 7 3,6,-19.625500
3763,3 2 8 7 4 4 4 2 6,4,-31.331000
3764,3 3 2 2 6 8 4 8 6,6,-41.283000
3765,8 1 8 2 0 0 7 7 1,7,-17.872000
3766,2 1 8 3 6 2 1 2 6,7,-21.379000
3767,2 5 8 7 3 8 8 0 0,8,-53.528500
3768,2 5 7 2 7 5 3 7 4,5,-41.283000
3769,0 8 1 5 4 5 7 0 8,7,-65.774000
3770,1 0 3 4 4 4 5 7 5,5,-41.283000
3771,0 3 3 8 5 2 7 6 1,7,-41.283000
3772,1 2 7 1 1 1 2 3 2,8,-13.497000
3773,3 6 7 1 6 8 2 8 2,6,-31.331000
3774,1 1 7 6 4 1 7 8 3,5,-5.615000
3775,7 4 4 1 0 0 8 8 0,6,-17.872000
3776,1 6 1 4 7 7 7 5 0,4,-11.743500
3777,6 7 2 8 1 5 3 7 1,6,-31.331000
3778,8 5 4 3 6 3 6 7 3,5,-41.283000
3779,3 7 8 1 5 6 4 5 1,6,-53.528500
3780,8 4 3 8 1 6 0 7 7,5,-41.283000
3781,5 0 6 3 7 3 4 4 5,5,-41.283000
3782,5 1 0 8 3 0 5 3 3,9,-41.283000
3783,8 4 0 1 6 6 4 7 2,4,-19.625500
3784,4 8 3 6 8 5 3 7 8,6,-72.072500
3785,6 2 6 1 8 0 3 7 6,5,-21.379000
3786,4 2 4 5 1 5 1 2 3,7,-21.379000
3787,2 0 7 1 1 6 8 3 0,7,-17.872000
3788,2 7 6 4 7 2 0 8 8,5,-21.379000
3789,0 2 8 3 0 2 1 8 2,9,-21.379000
3790,0 7 3 4 2 3 7 6 4,4,-31.331000
3791,7 7 0 8 5 1 2 0 0,7,-17.872000
3792,7 6 1 2 3 3 6 1 6,5,-21.379000
3793,3 8 7 8 7 1 0 3 1,7,-41.283000
3794,4 6 7 6 8 6 8 6 7,2,-78.371000
3795,7 8 4 5 2 4 8 4 6,4,-72.072500
3796,8 3 7 2 0 0 6 4 4,5,-21.379000
3797,7 6 4 0 5 1 5 0 1,6,-17.872000
3798,7 7 5 7 8 6 2 0 5,5,-65.774000
3799,3 3 2 8 4 4 2 7 8,6,-41.283000
3800,0 2 2 1 0 1 1 5 4,8,-17.872000
3801,8 5 7 4 6 7 2 6 5,4,-65.774000
3802,1 3 3 0 2 8 6 0 0,8,-19.625500
3803,0 2 0 5 6 7 4 2 5,6,-21.379000
3804,5 6 0 2 0 8 6 6 2,6,-21.379000
3805,2 7 2 5 3 8 1 0 0,8,-21.379000
3806,4 7 0 2 4 8 1 8 7,5,-21.379000
3807,0 3 3 4 0 5 0 1 8,8,-29.577500
3808,3 2 4 3 2 6 1 2 5,7,-21.379000
3809,3 1 3 7 2 2 4 7 0,6,-21.379000
3810,4 1 0 7 2 8 5 2 1,7,-21.379000
3811,3 5 0 2 8 7 4 2 4,6,-31.331000
3812,8 1 7 8 8 8 4 6 6,5,-78.371000
3813,8 3 6 1 0 3 1 5 6,7,-41.283000
3814,1 1 3 7 2 1 7 5 5,7,-21.379000
3815,0 6 1 5 1 3 0 5 3,8,-29.577500
3816,8 6 0 8 5 2 3 1 1,8,-31.331000
3817,8 4 1 8 0 6 6 6 3,5,-41.283000
3818,5 7 2 3 7 1 1 4 4,5,-21.379000
3819,4 7 3 8 1 8 3 5 3,7,-41.283000
3820,6 0 7 1 6 8 2 1 2,6,-19.625500
3821,5 7 6 5 1 4 5 0 2,6,-43.576500
3822,7 0 2 8 4 7 2 2 8,6,-21.379000
3823,4 3 5 5 8 5 4 8 1,7,-65.774000
3824,4 6 8 0 8 5 1 6 0,6,-41.823000
3825,4 5 0 3 2 6 5 7 3,6,-41.283000
3826,3 3 2 6 0 0 6 7 7,5,-21.379000
3827,0 3 4 6 2 8 7 0 6,5,-21.379000
3828,7 6 5 4 4 4 8 6 8,3,-78.371000
3829,1 1 3 0 1 3 0 1 0,9,-17.872000
3830,5 7 5 0 8 8 6 2 3,7,-65.774000
3831,7 0 0 5 3 1 1 8 4,7,-17.872000
3832,2 8 5 0 3 1 1 8 7,8,-31.331000
3833,5 4 8 0 4 2 3 2 6,6,-31.331000
3834,8 7 8 8 3 3 4 1 4,6,-59.827000
3835,2 0 1 5 3 0 7 6 7,6,-19.625500
3836,6 7 8 4 7 5 7 2 1,4,-43.576500
3837,5 1 5 0 6 4 3 8 8,7,-65.774000
3838,8 7 2 5 7 3 0 0 6,6,-31.331000
3839,1 8 5 8 8 0 3 3 7,8,-53.528500
3840,8 7 7 3 6 0 6 4 3,4,-41.283000
3841,1 2 6 6 0 8 5 3 5,7,-41.283000
3842,2 6 2 6 4 6 2 3 2,5,-21.379000
3843,6 4 3 0 6 8 8 1 8,6,-59.827000
3844,8 0 5 0 6 1 4 0 8,7,-17.872000
3845,8 0 1 2 3 3 7 2 2,8,-21.379000
3846,5 5 3 5 3 1 6 0 3,8,-41.283000
3847,3 3 4 0 6 2 6 7 3,5,-41.283000
3848,6 6 1 7 6 1 8 7 3,4,-23.449000
3849,2 0 2 6 1 8 8 3 0,8,-21.379000
3850,2 0 6 1 6 5 7 1 6,5,-17.872000
3851,8 6 7 1 8 3 2 1 3,7,-41.283000
3852,2 5 3 3 8 0 3 0 2,9,-41.283000
3853,5 1 4 8 7 7 7 1 2,5,-21.379000
3854,5 1 7 4 6 3 8 2 5,6,-53.528500
3855,6 7 2 6 7 3 0 6 1,4,-19.625500
3856,3 0 6 5 6 0 4 8 3,6,-41.283000
3857,7 5 6 0 8 4 6 8 2,5,-65.774000
3858,7 2 4 4 7 5 5 7 8,4,-65.774000
3859,1 3 5 3 7 5 3 7 2,7,-41.283000
3860,3 3 3 1 2 4 3 5 2,8,-41.283000
3861,2 8 4 6 4 2 5 7 1,5,-21.379000
3862,3 7 3 1 6 2 7 3 7,5,-41.283000
3863,3 3 7 1 3 5 1 1 5,8,-41.283000
3864,0 6 0 4 6 2 7 2 7,4,-19.625500
3865,8 1 4 8 8 8 6 4 7,5,-78.371000
3866,6 5 2 8 1 8 6 4 4,5,-65.774000
3867,2 2 3 1 8 8 6 3 6,7,-41.283000
3868,2 3 5 5 7 0 2 6 6,6,-31.331000
3869,6 6 6 0 0 0 5 3 6,5,-17.872000
3870,6 6 2 8 5 3 1 0 6,6,-31.331000
3871,1 1 1 1 2 4 8 1 8,8,-5.615000
3872,8 6 0 8 4 6 6 7 2,4,-49.875000
3873,4 6 2 2 6 1 5 5 8,6,-43.576500
3874,8 8 0 1 4 1 2 5 6,7,-21.379000
3875,2 6 4 8 8 5 5 5 3,7,-65.774000
3876,3 8 7 7 2 8 2 2 4,6,-31.331000
3877,3 6 3 8 8 1 4 7 5,6,-53.528500
3878,7 0 4 4 8 4 7 6 0,3,-17.872000
3879,0 2 4 0 2 0 3 0 4,7,-17.872000
3880,0 0 8 6 0 7 7 4 1,5,-17.872000
3881,4 0 7 5 4 0 0 4 4,4,-17.872000
3882,0 8 0 4 3 5 2 1 7,7,-21.379000
3883,8 2 6 7 8 0 0 2 0,7,-21.379000
3884,7 3 8 4 7 1 8 3 7,5,-41.283000
3885,8 6 6 2 3 3 1 3 1,7,-41.283000
3886,5 5 4 0 5 2 3 0 1,8,-31.331000
3887,6 2 0 1 5 6 2 1 7,6,-19.625500
3888,5 1 4 2 6 1 5 0 7,6,-19.625500
3889,6 1 5 6 3 3 5 4 3,6,-41.283000
3890,6 0 4 3 0 3 6 7 3,5,-41.283000
3891,4 2 3 7 8 8 8 3 2,7,-41.283000
3892,7 5 2 2 2 1 4 2 1,7,-21.379000
3893,4 0 7 7 4 0 6 3 7,3,-17.872000
3894,1 3 2 7 0 5 6 6 4,5,-21.379000
3895,6 4 0 4 2 8 5 3 1,6,-31.331000
3896,3 8 1 5 2 4 3 5 2,8,-41.283000
3897,8 2 5 1 6 3 8 5 3,8,-53.528500
3898,5 0 6 7 5 1 7 4 1,5,-17.872000
3899,0 6 4 8 4 0 2 2 3,6,-21.379000
3900,7 7 7 1 2 1 1 2 4,5,-5.615000
3901,7 1 5 5 5 5 7 4 1,6,-65.774000
3902,3 2 7 2 7 0 8 1 7,6,-21.379000
3903,0 6 4 1 8 8 4 6 8,5,-78.371000
3904,7 3 6 5 0 8 2 7 2,6,-31.331000
3905,7 0 7 0 7 8 4 8 7,4,-48.121500
3906,1 6 6 5 7 1 1 2 1,6,-5.615000
3907,6 0 0 2 8 3 3 7 4,6,-31.331000
3908,2 1 1 8 1 4 3 8 0,8,-19.625500
3909,0 3 6 3 8 6 7 4 8,5,-41.283000
3910,1 2 0 3 1 2 1 6 8,8,-19.625500
3911,3 6 0 2 3 2 1 6 5,7,-21.379000
3912,4 7 0 0 1 5 8 7 7,5,-17.872000
3913,2 4 1 2 4 5 1 7 7,5,-21.379000
3914,5 8 1 0 7 4 4 7 2,5,-21.379000
3915,7 1 0 7 6 2 4 5 5,5,-21.379000
3916,1 5 3 4 4 5 5 0 3,7,-41.283000
3917,2 8 7 3 8 8 6 6 4,5,-78.371000
3918,7 0 8 5 5 4 5 6 8,6,-65.774000
3919,2 5 8 0 7 7 6 7 1,5,-21.379000
3920,1 3 1 1 8 8 8 6 2,8,-31.331000
3921,2 8 0 4 1 4 4 5 0,6,-19.625500
3922,4 8 0 6 3 5 6 2 6,5,-41.283000
3923,3 7 4 2 3 6 6 7 5,4,-41.283000
3924,6 1 6 3 1 0 3 4 3,6,-29.577500
3925,3 2 6 5 0 8 6 8 5,7,-65.774000
3926,8 1 3 2 2 4 4 0 6,6,-21.379000
3927,8 8 1 5 1 1 5 7 1,8,-35.694500
3928,4 5 4 0 6 3 3 6 3,5,-41.283000
3929,2 5 6 8 1 0 6 4 8,6,-43.576500
3930,2 2 5 6 8 6 4 2 6,5,-21.379000
3931,1 8 7 0 8 1 8 8 7,7,-78.371000
3932,7 0 4 3 8 3 2 4 7,5,-41.283000
3933,4 3 4 6 1 7 1 6 6,3,-5.615000
3934,4 5 4 4 5 2 5 3 3,6,-53.528500
3935,2 4 8 8 7 8 6 5 2,6,-72.072500
3936,7 6 4 0 4 3 6 6 5,3,-41.283000
3937,2 4 0 7 3 0 6 3 7,5,-21.379000
3938,3 3 4 7 3 6 4 7 7,3,-41.283000
3939,7 4 1 8 5 8 4 3 2,6,-53.528500
3940,7 1 7 1 6 6 2 5 4,4,-13.497000
3941,7 3 7 5 1 4 1 3 7,5,-41.283000
3942,6 1 7 6 8 5 7 5 6,4,-65.774000
3943,3 2 7 3 4 4 4 8 4,4,-41.283000
3944,0 0 3 7 5 1 7 4 2,6,-19.625500
3945,1 3 2 2 5 1 8 7 2,8,-21.379000
3946,2 7 8 4 3 8 2 7 3,6,-41.283000
3947,2 5 5 8 4 4 4 3 6,5,-65.774000
3948,4 7 1 6 0 5 1 7 8,5,-17.872000
3949,3 8 2 3 4 4 8 8 1,7,-41.283000
3950,4 2 5 8 8 6 0 7 4,5,-65.774000
3951,7 7 3 4 2 4 6 4 7,2,-31.331000
3952,2 1 8 3 0 4 8 6 2,7,-21.379000
3953,7 2 6 6 8 8 2 2 4,5,-21.379000
3954,5 2 4 6 0 4 0 5 2,6,-21.379000
3955,6 1 0 0 6 4 3 5 1,6,-17.872000
3956,0 3 5 7 2 1 4 7 8,6,-31.331000
3957,7 6 2 3 2 5 3 7 2,6,-31.331000
3958,2 4 1 5 4 4 0 6 7,4,-19.625500
3959,6 1 1 5 4 1 1 4 3,6,-5.615000
3960,0 6 1 4 0 7 8 3 8,6,-29.577500
3961,2 7 1 1 5 6 7 0 2,6,-19.625500
3962,3 6 1 6 2 5 5 5 3,7,-41.283000
3963,6 5 2 0 4 7 2 6 2,5,-21.379000
3964,4 0 6 4 4 5 8 6 8,4,-72.072500
3965,8 8 3 4 1 3 2 4 6,6,-41.283000
3966,2 0 5 1 8 2 4 3 0,8,-21.379000
3967,5 2 0 6 3 0 6 1 4,6,-19.625500
3968,1 6 0 4 3 0 1 7 6,5,-17.872000
3969,5 7 4 8 3 1 8 7 8,6,-72.072500
3970,0 4 6 4 7 6 8 6 6,2,-48.121500
3971,7 1 8 7 2 5 8 8 5,7,-65.774000
3972,6 8 6 0 2 1 3 8 7,6,-31.331000
3973,6 7 3 1 4 6 1 1 0,5,-5.615000
3974,8 5 4 4 3 1 6 5 5,6,-65.774000
3975,4 2 2 2 3 5 3 0 1,8,-21.379000
3976,6 5 1 0 2 3 3 3 7,7,-41.283000
3977,1 2 1 8 5 8 1 0 0,9,-17.872000
3978,7 1 0 4 0 7 5 3 1,6,-17.872000
3979,4 1 4 5 6 3 2 6 3,5,-41.283000
3980,6 5 5 2 8 6 2 5 0,7,-65.774000
3981,2 2 8 8 5 1 5 6 8,8,-65.774000
3982,8 5 8 5 3 0 0 0 8,9,-65.774000
3983,8 0 5 4 6 6 6 7 3,4,-53.528500
3984,5 0 5 7 2 8 1 5 2,8,-43.576500
3985,6 8 1 8 7 3 7 5 6,5,-65.774000
3986,3 0 6 5 5 7 5 7 4,5,-65.774000
3987,2 4 8 0 4 1 6 7 8,5,-21.379000
3988,4 2 5 1 8 2 1 7 7,6,-21.379000
3989,6 7 2 0 6 3 7 8 8,5,-41.283000
3990,5 1 8 1 0 6 0 0 3,8,-17.872000
3991,5 4 0 3 4 7 5 7 1,5,-41.283000
3992,2 6 1 7 4 1 4 7 2,4,-13.497000
3993,7 6 8 7 6 7 3 5 8,4,-72.072500
3994,5 4 6 0 2 4 7 3 3,5,-41.283000
3995,0 5 2 4 6 1 7 6 0,5,-17.872000
3996,1 2 6 6 1 7 3 1 2,6,-13.497000
3997,2 3 0 0 2 3 8 2 3,9,-21.379000
3998,4 1 0 3 4 2 5 1 3,7,-21.379000
3999,2 1 8 7 1 5 6 6 8,6,-43.576500
4000,1 8 5 8 2 2 4 5 4,7,-65.774000
4001,3 8 3 3 4 7 2 7 5,6,-41.283000
4002,6 5 0 1 8 2 0 7 0,7,-17.872000
4003,7 5 6 5 3 7 2 3 7,5,-41.283000
4004,7 0 1 4 3 3 8 8 0,7,-41.283000
4005,1 6 2 6 5 4 0 5 2,6,-21.379000
4006,0 4 8 2 8 1 4 2 8,7,-21.379000
4007,5 7 6 6 4 6 6 8 0,3,-65.774000
4008,4 2 5 1 6 8 8 8 5,7,-65.774000
4009,2 5 6 4 6 6 7 8 7,3,-65.774000
4010,2 5 2 8 0 8 5 1 7,8,-43.576500
4011,6 5 8 6 1 5 8 0 4,6,-65.774000
4012,6 1 7 4 7 4 4 7 0,2,-11.743500
4013,2 5 1 8 5 7 6 4 1,6,-43.576500
4014,0 7 4 5 2 6 3 6 7,4,-31.331000
4015,2 1 1 7 2 7 4 4 1,5,-5.615000
4016,7 0 1 0 4 2 7 6 5,5,-17.872000
4017,7 5 8 1 8 7 0 5 5,7,-65.774000
4018,0 0 3 7 7 1 3 3 1,7,-17.872000
4019,2 4 6 4 8 2 4 1 6,4,-21.379000
4020,7 8 8 6 7 3 5 6 8,5,-78.371000
4021,0 2 7 2 3 6 5 5 0,7,-21.379000
4022,0 0 3 7 5 3 5 1 6,7,-41.283000
4023,6 6 1 8 4 0 7 8 4,4,-48.121500
4024,2 8 2 8 8 4 2 3 7,7,-41.283000
4025,0 0 6 8 4 8 8 6 0,6,-48.121500
4026,6 6 8 4 2 6 6 1 4,3,-21.379000
4027,8 8 6 8 2 2 3 3 4,7,-41.283000
4028,1 6 8 8 2 8 3 6 3,7,-41.283000
4029,6 6 6 0 6 0 5 3 4,4,-29.577500
4030,8 6 1 2 5 1 0 6 3,7,-21.379000
4031,2 3 3 8 3 5 8 3 6,8,-41.283000
4032,0 6 6 8 4 6 3 3 3,5,-41.283000
4033,2 4 3 8 1 7 4 7 8,5,-41.283000
4034,7 1 0 4 3 2 6 8 0,6,-19.625500
4035,8 4 7 2 0 2 8 0 2,7,-21.379000
4036,4 5 0 3 2 4 7 2 4,5,-21.379000
4037,2 4 5 6 6 8 5 8 2,6,-65.774000
4038,8 4 2 8 3 0 8 6 1,7,-41.283000
4039,0 2 2 1 4 1 5 3 4,7,-21.379000
4040,0 2 0 1 5 5 0 8 7,8,-19.625500
4041,3 7 7 4 1 3 8 0 2,6,-31.331000
4042,0 5 6 6 0 0 5 8 8,7,-65.774000
4043,1 0 3 0 3 2 7 2 1,8,-19.625500
4044,1 3 3 8 6 3 3 5 1,8,-41.283000
4045,0 8 1 6 7 1 5 5 8,7,-65.774000
4046,7 8 8 7 2 5 4 2 7,5,-65.774000
4047,6 1 0 4 6 6 3 3 3,5,-41.283000
4048,0 1 3 6 0 3 8 1 2,8,-19.625500
4049,3 3 3 1 1 1 1 8 1,9,-5.615000
4050,5 6 4 5 6 6 6 5 1,4,-65.774000
4051,0 6 2 8 4 0 1 4 1,6,-17.872000
4052,2 8 0 3 0 1 0 3 6,8,-19.625500
4053,5 7 7 6 5 0 6 1 6,4,-41.823000
4054,7 8 1 3 5 8 0 0 1,8,-29.577500
4055,5 1 0 5 7 1 8 6 0,7,-17.872000
4056,6 2 7 6 2 7 5 4 4,3,-21.379000
4057,4 2 4 7 3 7 7 6 5,3,-41.283000
4058,3 0 1 8 1 1 8 3 6,8,-29.577500
4059,6 4 7 4 7 4 8 3 5,3,-65.774000
4060,4 5 4 8 8 5 0 3 4,6,-65.774000
4061,1 4 3 1 5 8 4 2 8,7,-41.283000
4062,3 0 7 5 4 3 6 3 3,6,-41.283000
4063,2 3 5 4 2 2 2 3 2,8,-21.379000
4064,4 3 7 5 5 6 1 7 8,5,-65.774000
4065,5 5 4 2 5 5 5 3 7,7,-65.774000
4066,1 3 8 5 8 2 2 3 7,8,-41.283000
4067,5 5 2 8 7 1 0 5 0,8,-43.576500
4068,6 6 7 7 2 3 8 6 8,4,-59.827000
4069,3 0 2 5 2 1 2 4 5,8,-21.379000
4070,1 1 0 3 8 4 6 5 0,7,-17.872000
4071,0 5 6 6 0 2 2 2 6,6,-21.379000
4072,1 2 3 6 1 6 1 2 8,7,-21.379000
4073,0 6 4 8 4 7 4 1 8,4,-48.121500
4074,5 4 8 8 2 5 8 4 2,7,-65.774000
4075,5 1 7 7 4 5 5 4 8,5,-65.774000
4076,6 2 2 8 8 2 4 8 5,7,-65.774000
4077,4 1 3 8 8 3 2 8 5,8,-53.528500
4078,4 4 7 8 2 6 8 7 0,4,-49.875000
4079,3 4 0 4 7 8 4 0 5,5,-41.283000
4080,5 0 3 5 2 4 1 4 4,6,-31.331000
4081,4 3 3 5 5 1 3 8 1,8,-41.283000
4082,7 4 6 3 3 7 5 0 4,4,-41.283000
4083,6 7 5 3 5 8 2 8 7,6,-65.774000
4084,8 2 3 0 0 4 3 1 5,8,-31.331000
4085,6 3 6 1 3 7 0 8 0,6,-29.577500
4086,6 8 1 6 3 6 3 3 2,6,-41.283000
4087,0 0 7 6 2 2 0 3 0,7,-17.872000
4088,8 7 5 8 2 6 3 7 8,6,-72.072500
4089,6 8 2 6 3 4 1 4 3,5,-41.283000
4090,7 4 3 4 1 7 5 0 4,4,-29.577500
4091,2 5 2 3 3 2 8 0 0,9,-21.379000
4092,5 5 0 3 2 2 3 2 6,8,-31.331000
4093,2 6 0 5 4 3 7 3 5,6,-41.283000
4094,8 8 0 7 0 1 8 8 7,7,-78.371000
4095,5 1 1 2 3 4 2 2 8,8,-21.379000
4096,8 2 2 6 2 3 8 3 5,8,-41.283000
4097,2 5 8 4 4 3 8 3 4,6,-53.528500
4098,0 3 1 2 0 6 4 1 7,6,-17.872000
4099,7 7 2 5 8 4 4 6 8,4,-72.072500
4100,3 1 1 8 7 0 2 2 6,7,-21.379000
4101,6 0 8 6 7 4 6 6 8,3,-78.371000
4102,3 2 5 2 0 3 8 4 7,7,-41.283000
4103,4 0 5 8 3 8 8 7 3,7,-65.774000
4104,7 3 0 2 1 3 1 7 5,7,-21.379000
4105,2 3 7 4 1 4 5 4 6,4,-31.331000
4106,0 1 6 1 8 8 3 6 7,6,-29.577500
4107,0 5 2 5 6 8 6 2 5,7,-65.774000
4108,2 6 7 8 0 7 4 8 1,5,-21.379000
4109,7 1 8 8 5 0 5 2 8,8,-65.774000
4110,1 2 0 7 6 3 0 2 1,7,-17.872000
4111,3 6 3 8 1 6 4 6 3,5,-41.283000
4112,8 7 6 3 0 5 2 8 3,7,-41.283000
4113,6 5 5 6 3 6 8 5 1,6,-65.774000
4114,4 1 7 7 7 5 8 1 3,5,-41.283000
4115,5 4 3 8 1 7 5 4 3,6,-53.528500
4116,1 4 0 0 7 5 7 0 0,6,-17.872000
4117,8 7 0 7 1 4 3 5 6,5,-41.283000
4118,8 1 5 6 1 7 7 5 3,6,-53.528500
4119,4 8 8 3 4 5 1 3 1,7,-41.283000
4120,0 1 6 3 8 7 5 6 0,6,-29.577500
4121,3 3 2 4 8 5 6 5 1,7,-41.283000
4122,7 2 3 8 7 5 3 1 3,7,-41.283000
4123,3 0 3 6 8 0 8 7 8,7,-41.283000
4124,0 1 2 8 6 8 8 5 1,8,-43.576500
4125,7 7 5 4 0 3 3 0 3,6,-41.283000
4126,0 8 0 6 0 6 2 3 1,7,-17.872000
4127,0 4 1 3 1 3 6 5 4,6,-29.577500
4128,0 0 3 6 3 8 5 1 6,7,-41.283000
4129,6 4 6 6 7 7 0 3 7,2,-29.577500
4130,1 4 6 4 3 1 4 2 5,5,-21.379000
4131,1 6 4 7 3 3 7 0 0,5,-17.872000
4132,6 6 4 8 7 0 1 1 7,4,-11.743500
4133,2 7 7 0 7 1 7 6 2,4,-19.625500
4134,4 7 3 3 3 7 4 4 1,4,-41.283000
4135,3 7 6 6 1 8 6 2 8,5,-41.283000
4136,4 5 0 0 4 6 4 1 5,5,-17.872000
4137,0 1 7 3 8 4 6 4 4,4,-29.577500
4138,5 8 6 5 8 7 7 7 3,5,-65.774000
4139,3 2 6 4 4 6 0 6 2,4,-21.379000
4140,4 0 8 5 5 8 2 8 1,8,-65.774000
4141,6 8 6 0 3 7 1 0 5,6,-29.577500
4142,5 7 3 3 3 4 5 1 1,7,-41.283000
4143,0 8 7 4 5 6 3 0 2,6,-31.331000
4144,5 8 4 4 6 4 1 4 4,3,-65.774000
4145,5 3 8 5 0 6 8 1 6,7,-65.774000
4146,4 2 4 8 1 7 7 4 5,4,-43.576500
4147,6 4 3 2 4 6 3 0 6,4,-31.331000
4148,6 5 5 3 5 3 1 8 1,8,-53.528500
4149,1 1 7 2 8 3 6 4 7,5,-21.379000
4150,0 8 7 0 4 0 6 4 8,5,-17.872000
4151,1 4 8 2 7 6 1 3 3,6,-31.331000
4152,7 3 6 5 8 1 1 5 7,6,-53.528500
4153,8 1 4 3 0 7 0 1 6,6,-17.872000
4154,6 3 3 2 3 4 5 4 1,6,-41.283000
4155,1 3 4 8 6 3 8 5 1,7,-41.283000
4156,7 4 8 1 1 2 1 6 4,5,-5.615000
4157,0 0 3 2 0 4 1 6 6,6,-17.872000
4158,1 6 5 3 6 6 1 0 4,5,-17.872000
4159,3 5 2 5 8 1 1 7 0,8,-31.331000
4160,6 4 0 8 4 5 4 6 6,3,-65.774000
4161,1 0 4 1 2 1 5 2 0,8,-17.872000
4162,5 2 4 6 1 2 2 7 8,6,-21.379000
4163,2 7 0 6 4 1 0 3 7,5,-17.872000
4164,1 4 8 3 7 5 0 0 4,6,-29.577500
4165,8 5 8 3 7 6 2 2 6,6,-53.528500
4166,6 5 7 4 6 5 4 3 5,4,-65.774000
4167,1 4 8 8 8 8 5 2 3,8,-72.072500
4168,5 4 2 0 7 8 3 8 3,7,-41.283000
4169,0 4 6 0 7 8 1 2 7,5,-17.872000
4170,2 1 8 2 2 6 5 6 7,6,-21.379000
4171,8 7 2 4 0 0 6 5 8,6,-43.576500
4172,8 3 1 1 8 4 2 7 8,7,-41.283000
4173,6 6 5 2 7 3 5 3 6,5,-41.283000
4174,1 7 4 0 6 0 3 7 7,4,-17.872000
4175,1 6 1 7 3 4 5 3 0,6,-29.577500
4176,3 5 2 1 6 4 8 4 5,6,-53.528500
4177,8 4 0 7 7 8 2 1 0,6,-19.625500
4178,5 7 0 7 5 3 6 6 6,4,-53.528500
4179,0 3 2 3 4 0 0 4 5,7,-21.379000
4180,6 5 5 2 6 8 5 7 7,5,-65.774000
4181,3 1 2 6 0 4 7 2 5,6,-21.379000
4182,3 7 5 5 8 7 4 3 2,6,-53.528500
4183,4 3 3 3 0 2 0 7 0,7,-21.379000
4184,0 2 7 7 1 1 1 4 1,6,-5.615000
4185,0 6 3 6 7 5 4 8 1,5,-41.283000
4186,0 5 5 8 4 7 6 5 2,6,-65.774000
4187,6 0 1 6 4 4 3 4 3,4,-29.577500
4188,4 6 0 6 1 0 5 2 2,6,-19.625500
4189,7 7 8 4 0 4 8 3 7,4,-59.827000
4190,3 3 1 5 0 1 1 0 5,9,-17.872000
4191,8 3 2 0 7 6 4 3 5,6,-41.283000
4192,1 0 0 6 4 2 1 8 7,6,-17.872000
4193,6 8 6 4 3 8 1 6 7,4,-59.827000
4194,0 3 2 3 0 2 2 2 4,8,-21.379000
4195,4 8 4 7 0 4 1 5 7,4,-41.823000
4196,3 2 1 2 7 8 7 6 7,5,-21.379000
4197,3 3 6 5 5 4 3 3 2,7,-41.283000
4198,6 2 6 5 8 4 1 2 8,6,-43.576500
4199,0 4 7 4 1 6 5 2 3,5,-21.379000
4200,1 6 1 6 8 0 6 2 8,6,-19.625500
4201,6 7 3 1 3 7 3 8 8,6,-41.283000
4202,7 7 1 6 5 2 4 7 6,3,-21.379000
4203,2 1 1 4 2 2 1 8 1,8,-13.497000
4204,5 6 5 2 6 2 7 5 5,6,-65.774000
4205,6 1 1 2 2 3 6 7 1,6,-13.497000
4206,5 8 5 2 5 1 4 0 6,7,-65.774000
4207,3 8 5 1 7 7 8 0 0,7,-41.283000
4208,3 3 2 8 2 6 6 2 3,7,-41.283000
4209,3 4 6 4 3 5 6 0 2,5,-41.283000
4210,1 0 0 0 7 5 1 2 3,8,-17.872000
4211,2 3 1 1 7 2 0 0 3,8,-19.625500
4212,7 6 3 6 5 7 5 6 4,3,-65.774000
4213,5 8 0 5 8 4 7 0 8,7,-65.774000
4214,6 0 2 7 5 2 5 6 2,6,-21.379000
4215,1 2 0 4 8 8 1 5 8,8,-43.576500
4216,8 3 5 3 1 6 8 8 7,7,-65.774000
4217,3 4 0 5 0 4 2 4 2,6,-21.379000
4218,8 7 4 2 5 3 6 5 7,5,-65.774000
4219,4 1 6 2 8 6 8 0 5,6,-43.576500
4220,5 3 3 3 4 2 6 2 5,7,-41.283000
4221,2 1 6 4 5 2 5 1 3,7,-21.379000
4222,4 0 4 2 0 4 6 7 2,4,-19.625500
4223,1 3 0 2 5 3 5 6 1,8,-31.331000
4224,5 7 0 2 1 7 2 0 5,7,-21.379000
4225,2 2 5 2 3 8 8 4 3,8,-41.283000
4226,4 3 6 2 8 6 2 2 4,5,-21.379000
4227,0 4 0 5 3 1 5 6 7,6,-29.577500
4228,0 8 6 1 0 8 4 0 7,6,-17.872000
4229,2 2 5 4 0 7 4 7 6,4,-21.379000
4230,5 7 6 4 8 4 8 8 8,5,-78.371000
4231,6 7 8 0 3 5 6 4 1,5,-41.283000
4232,1 6 3 1 1 4 2 8 7,6,-13.497000
4233,3 4 4 8 7 6 2 0 2,5,-21.379000
4234,8 4 1 1 5 0 8 3 5,8,-53.528500
4235,6 0 7 4 4 2 5 8 4,4,-43.576500
4236,0 0 2 7 8 0 1 8 5,8,-19.625500
4237,7 3 7 5 8 3 7 5 3,6,-53.528500
4238,7 7 4 2 2 3 6 7 4,3,-21.379000
4239,4 7 7 0 1 8 0 6 1,5,-17.872000
4240,6 8 7 3 6 0 4 3 4,4,-41.283000
4241,7 1 1 0 5 2 8 8 1,8,-19.625500
4242,3 7 7 5 5 4 3 8 5,6,-65.774000
4243,5 7 3 0 2 3 5 8 1,8,-41.283000
4244,4 2 0 8 5 1 6 5 0,7,-21.379000
4245,0 6 5 2 1 7 7 1 6,5,-17.872000
4246,6 8 8 0 7 4 1 3 2,6,-31.331000
4247,1 2 1 4 6 8 4 5 0,6,-19.625500
4248,0 1 5 6 4 0 8 6 2,6,-19.625500
4249,8 3 6 4 6 8 1 5 0,6,-53.528500
4250,0 2 0 4 6 0 3 2 5,7,-21.379000
4251,3 1 5 3 8 2 4 8 4,7,-41.283000
4252,8 8 1 4 8 1 8 7 5,7,-78.371000
4253,8 1 3 4 0 5 8 8 5,8,-65.774000
4254,5 5 7 3 6 0 8 1 1,7,-41.283000
4255,4 8 7 4 3 3 3 3 2,6,-41.283000
4256,7 6 0 3 6 8 7 6 5,4,-53.528500
4257,2 4 7 2 5 6 0 4 7,4,-21.379000
4258,2 1 8 0 1 6 0 0 2,8,-17.872000
4259,2 3 8 4 3 7 4 2 3,6,-41.283000
4260,3 4 1 0 5 0 2 1 7,7,-17.872000
4261,4 4 5 1 8 1 7 1 0,6,-11.743500
4262,1 8 3 8 5 0 6 7 0,7,-41.283000
4263,4 1 8 7 7 5 4 5 3,5,-65.774000
4264,3 8 7 1 6 3 1 7 6,5,-41.283000
4265,3 5 4 5 2 8 2 4 0,7,-41.283000
4266,4 4 8 6 6 5 0 3 1,5,-41.283000
4267,4 5 1 0 7 5 4 6 4,4,-41.823000
4268,1 6 0 3 8 1 5 2 8,8,-31.331000
4269,6 1 7 2 3 0 2 1 6,6,-19.625500
4270,4 7 3 4 7 0 4 7 0,3,-17.872000
4271,6 0 3 4 0 8 7 5 2,6,-31.331000
4272,4 1 2 3 7 2 8 7 1,6,-21.379000
4273,1 5 3 2 5 0 5 4 7,7,-41.283000
4274,4 4 4 5 5 5 8 3 1,6,-65.774000
4275,2 6 1 8 3 2 5 1 2,8,-21.379000
4276,3 8 7 1 8 4 2 7 2,6,-31.331000
4277,8 1 0 2 1 1 0 5 5,9,-17.872000
4278,8 5 3 6 6 0 1 4 6,5,-41.283000
4279,2 8 8 6 3 7 4 3 1,6,-41.283000
4280,4 1 2 2 3 2 4 3 4,6,-21.379000
4281,6 4 8 0 4 4 4 2 3,4,-31.331000
4282,2 1 3 5 8 6 7 8 3,7,-41.283000
4283,4 4 6 2 0 3 1 7 2,5,-21.379000
4284,1 0 6 1 0 0 4 5 7,6,-17.872000
4285,1 6 1 0 2 2 4 2 8,7,-21.379000
4286,8 2 2 6 7 5 2 1 5,7,-21.379000
4287,2 5 7 0 2 8 4 5 5,7,-65.774000
4288,0 2 1 2 8 1 0 2 6,8,-19.625500
4289,1 5 8 8 5 2 6 1 1,8,-43.576500
4290,0 8 0 7 6 3 0 1 2,7,-17.872000
4291,5 1 7 1 3 4 3 8 8,7,-41.283000
4292,0 1 6 5 1 3 8 7 3,7,-41.283000
4293,5 3 5 6 5 7 3 6 7,5,-65.774000
4294,5 2 6 3 0 3 4 2 2,7,-21.379000
4295,6 3 5 4 6 4 2 0 0,5,-21.379000
4296,0 3 8 6 7 5 4 0 0,6,-29.577500
4297,6 4 8 5 7 0 2 7 1,5,-21.379000
4298,3 3 1 7 3 5 5 3 0,8,-41.283000
4299,5 8 2 8 4 4 6 6 7,4,-72.072500
4300,6 6 7 7 4 2 2 4 8,3,-21.379000
4301,7 6 8 2 4 8 4 0 2,5,-21.379000
4302,7 3 4 1 7 1 3 1 4,5,-5.615000
4303,5 2 0 2 5 2 6 8 0,8,-21.379000
4304,7 4 1 4 4 8 7 0 1,4,-11.743500
4305,5 0 5 7 0 6 1 6 8,6,-41.823000
4306,5 5 0 8 2 3 6 6 6,6,-53.528500
4307,4 8 0 4 1 8 5 2 0,7,-21.379000
4308,8 4 5 0 0 5 0 8 5,8,-65.774000
4309,5 8 4 7 8 8 2 2 5,7,-65.774000
4310,8 6 8 6 8 6 0 0 3,6,-59.827000
4311,1 2 6 6 4 2 6 1 5,5,-21.379000
4312,8 0 1 7 2 0 6 0 1,7,-17.872000
4313,0 3 2 5 8 6 6 2 2,7,-21.379000
4314,6 6 2 5 0 0 2 4 7,5,-21.379000
4315,3 7 6 3 3 1 8 4 8,6,-41.283000
4316,3 8 6 5 6 2 4 8 5,6,-65.774000
4317,7 3 1 2 5 7 8 6 0,6,-31.331000
4318,8 1 4 0 1 7 4 2 6,5,-17.872000
4319,1 1 8 2 3 0 2 4 5,8,-21.379000
4320,6 7 1 1 1 8 0 6 5,6,-11.743500
4321,4 8 2 4 1 8 8 5 3,7,-65.774000
4322,7 1 6 0 5 6 2 5 0,6,-19.625500
4323,6 1 6 3 6 2 0 7 7,4,-19.625500
4324,2 6 1 5 8 0 3 1 1,8,-19.625500
4325,2 1 0 7 6 0 4 5 8,6,-19.625500
4326,3 2 2 6 8 4 1 5 5,7,-41.283000
4327,3 8 3 0 0 7 2 7 6,6,-31.331000
4328,2 2 1 3 8 4 4 2 2,7,-21.379000
4329,4 5 5 1 4 7 5 1 8,6,-65.774000
4330,4 3 8 0 2 6 3 3 3,7,-41.283000
4331,7 3 2 7 0 3 3 8 5,7,-41.283000
4332,5 6 7 6 6 3 8 2 6,4,-53.528500
4333,6 7 4 6 8 8 3 4 7,3,-78.371000
4334,8 8 8 4 2 4 3 2 8,7,-78.371000
4335,5 7 4 3 7 3 0 7 3,5,-41.283000
4336,2 6 3 5 0 7 2 6 4,5,-21.379000
4337,1 5 8 7 5 0 1 7 5,7,-65.774000
4338,2 2 3 5 8 0 7 2 8,8,-31.331000
4339,7 6 6 8 5 1 2 6 7,4,-43.576500
4340,3 6 5 2 0 8 1 8 1,8,-31.331000
4341,5 8 0 8 6 1 0 7 5,7,-65.774000
4342,3 7 3 2 0 6 7 4 8,5,-41.283000
4343,6 7 7 2 8 3 3 2 3,6,-41.283000
4344,2 4 0 8 1 4 4 5 8,6,-43.576500
4345,3 4 0 7 6 8 6 3 5,5,-41.283000
4346,3 2 5 0 0 5 3 0 6,8,-31.331000
4347,1 6 2 5 7 2 0 2 0,7,-21.379000
4348,7 3 8 8 7 4 2 5 4,5,-65.774000
4349,1 7 4 4 3 3 5 7 7,4,-41.283000
4350,2 2 8 1 5 5 8 2 5,9,-65.774000
4351,2 6 3 4 1 5 2 1 3,7,-21.379000
4352,6 5 2 8 3 5 5 5 0,8,-65.774000
4353,3 0 5 6 0 2 3 1 2,8,-21.379000
4354,7 5 7 8 8 3 8 6 3,6,-72.072500
4355,8 5 4 2 4 2 6 5 2,6,-43.576500
4356,0 7 1 8 4 5 1 3 4,6,-29.577500
4357,8 3 5 0 3 6 8 8 7,7,-65.774000
4358,6 4 7 6 0 5 5 1 1,5,-17.872000
4359,1 6 3 7 4 1 6 1 2,5,-5.615000
4360,5 7 0 8 0 7 6 4 8,5,-65.774000
4361,2 3 6 3 6 5 7 6 3,5,-41.283000
4362,2 0 8 4 3 3 6 4 1,6,-31.331000
4363,1 0 3 0 3 4 3 4 5,7,-41.283000
4364,0 2 4 3 8 2 5 6 8,7,-41.283000
4365,7 5 1 7 1 7 3 8 0,6,-29.577500
4366,7 1 2 7 8 1 5 8 0,7,-21.379000
4367,3 7 8 3 6 3 2 3 3,7,-41.283000
4368,3 3 0 0 7 7 3 4 6,5,-41.283000
4369,2 1 0 4 3 6 8 1 8,7,-21.379000
4370,8 4 6 3 4 0 8 0 3,6,-41.283000
4371,2 0 5 0 8 5 3 4 4,7,-41.283000
4372,3 0 6 3 5 8 4 7 7,5,-41.283000
4373,4 8 5 1 2 4 7 3 7,5,-41.283000
4374,4 1 7 2 8 2 4 1 0,6,-19.625500
4375,2 7 0 8 8 8 2 8 8,8,-78.371000
4376,6 7 5 1 2 5 0 0 1,7,-17.872000
4377,3 2 4 6 2 6 1 7 8,5,-21.379000
4378,5 8 1 1 2 8 8 3 3,9,-41.283000
4379,5 3 2 5 6 2 7 2 2,7,-21.379000
4380,5 0 5 4 1 1 1 1 6,7,-5.615000
4381,4 5 7 1 1 2 0 5 6,6,-19.625500
4382,6 7 1 2 3 4 4 1 1,5,-5.615000
4383,6 3 1 8 8 3 3 2 0,8,-41.283000
4384,0 8 3 7 1 2 2 3 4,7,-21.379000
4385,1 6 6 3 2 7 0 2 7,5,-21.379000
4386,1 0 8 2 7 2 1 2 4,7,-21.379000
4387,8 3 7 1 6 7 8 3 1,6,-41.283000
4388,4 7 6 5 0 1 0 2 5,6,-19.625500
4389,3 5 8 7 4 5 2 5 7,6,-65.774000
4390,7 3 8 4 6 6 7 7 3,3,-41.283000
4391,2 2 0 2 5 1 4 0 7,7,-21.379000
4392,5 4 2 5 3 2 5 5 3,8,-53.528500
4393,4 6 0 8 5 7 6 5 2,5,-65.774000
4394,5 2 2 3 6 3 2 0 2,8,-21.379000
4395,3 4 3 1 2 5 3 1 7,7,-41.283000
4396,7 7 6 8 3 1 3 6 1,5,-41.283000
4397,5 2 0 5 5 7 7 6 5,6,-65.774000
4398,6 8 8 0 6 5 2 8 5,7,-65.774000
4399,7 6 8 0 0 2 6 6 2,5,-21.379000
4400,2 3 5 3 0 3 7 6 4,6,-41.283000
4401,5 5 0 1 8 6 0 6 5,7,-65.774000
4402,3 6 4 5 3 8 8 5 7,6,-65.774000
4403,8 1 1 8 8 3 0 3 6,8,-41.283000
4404,5 7 6 3 0 6 8 1 5,6,-53.528500
4405,1 5 4 8 0 3 7 7 8,6,-53.528500
4406,1 6 2 4 2 3 7 6 6,4,-21.379000
4407,1 7 4 5 6 2 6 4 1,4,-13.497000
4408,4 5 6 7 0 7 7 3 1,4,-29.577500
4409,5 5 0 8 6 6 1 2 8,7,-65.774000
4410,0 5 8 1 8 0 1 5 6,8,-41.823000
4411,6 8 4 0 8 1 0 8 1,7,-17.872000
4412,7 2 2 0 4 6 8 4 8,5,-21.379000
4413,4 8 5 5 8 6 6 2 1,6,-65.774000
4414,2 4 5 5 3 1 0 6 0,7,-21.379000
4415,8 4 1 1 4 8 7 6 8,5,-78.371000
4416,4 8 3 0 1 0 2 8 8,8,-31.331000
4417,5 5 7 6 7 0 8 5 0,6,-65.774000
4418,2 1 1 3 5 1 3 6 6,7,-21.379000
4419,2 5 8 6 5 3 4 3 3,7,-41.283000
4420,1 0 2 6 8 8 8 7 5,7,-65.774000
4421,7 5 2 5 5 4 3 5 2,7,-65.774000
4422,0 3 2 4 0 2 5 7 0,7,-21.379000
4423,3 2 7 5 5 8 1 7 0,7,-41.283000
4424,0 3 5 1 5 1 4 1 2,8,-19.625500
4425,1 1 2 5 3 6 1 7 5,7,-21.379000
4426,4 3 6 6 0 2 6 0 5,5,-21.379000
4427,4 6 3 8 8 3 7 3 6,5,-41.283000
4428,7 2 1 3 1 0 1 6 1,7,-5.615000
4429,1 7 1 6 8 8 4 6 6,4,-41.993000
4430,2 7 4 2 0 2 4 4 3,5,-21.379000
4431,1 4 5 5 2 2 1 3 1,8,-21.379000
4432,5 4 5 3 6 3 1 5 0,7,-41.283000
4433,5 3 2 6 1 8 3 0 0,8,-31.331000
4434,7 7 4 5 6 5 5 1 4,4,-65.774000
4435,4 8 6 2 8 7 2 8 1,6,-49.875000
4436,3 8 1 6 8 3 3 8 1,8,-41.283000
4437,1 3 0 3 7 2 8 5 4,7,-41.283000
4438,1 7 6 7 1 5 7 0 0,5,-17.872000
4439,5 7 0 4 1 2 6 1 1,6,-11.743500
4440,0 8 5 0 6 3 8 1 0,8,-29.577500
4441,8 7 8 7 8 0 8 7 2,6,-78.371000
4442,3 5 2 0 8 3 6 6 2,7,-41.283000
4443,4 2 0 5 3 6 0 2 8,7,-21.379000
4444,4 0 7 3 1 6 1 6 7,4,-11.743500
4445,8 5 2 8 0 5 5 1 3,9,-65.774000
4446,7 7 6 0 0 3 5 4 4,4,-29.577500
4447,1 0 8 2 5 3 8 6 7,7,-41.283000
4448,3 4 5 7 2 2 3 1 7,6,-31.331000
4449,4 1 3 5 4 0 7 4 8,5,-41.283000
4450,0 8 7 3 8 1 3 3 8,8,-41.283000
4451,7 6 4 6 8 7 5 0 6,3,-65.774000
4452,6 8 1 5 8 7 0 7 1,6,-41.823000
4453,3 3 0 2 5 4 5 3 7,7,-41.283000
4454,8 1 7 5 4 4 7 4 5,4,-65.774000
4455,4 6 5 6 4 2 2 0 0,5,-21.379000
4456,7 1 1 4 7 7 7 8 3,4,-23.449000
4457,4 6 2 3 5 2 4 5 0,6,-31.331000
4458,2 3 5 5 6 7 4 6 3,5,-41.283000
4459,5 6 3 3 6 0 6 1 4,5,-41.283000
4460,6 5 0 1 4 3 3 6 1,6,-29.577500
4461,8 0 3 6 3 6 1 4 1,6,-29.577500
4462,6 7 4 5 2 0 2 0 6,5,-21.379000
4463,3 7 0 3 8 2 8 7 3,7,-41.283000
4464,5 0 8 7 6 1 5 2 8,7,-65.774000
4465,8 5 0 0 3 1 3 6 1,8,-29.577500
4466,0 8 1 4 1 2 6 3 8,7,-21.379000
4467,6 4 3 7 0 8 7 6 4,3,-41.283000
4468,4 8 7 4 0 4 8 2 6,4,-49.875000
4469,6 7 0 0 4 4 5 3 7,4,-29.577500
4470,7 0 0 2 0 1 5 6 7,6,-17.872000
4471,6 5 7 5 4 1 5 5 3,6,-65.774000
4472,8 8 6 4 1 5 6 2 1,6,-43.576500
4473,1 0 3 0 4 0 5 8 6,7,-17.872000
4474,4 2 1 3 4 8 0 1 2,7,-21.379000
4475,6 0 1 7 8 0 5 7 6,5,-17.872000
4476,8 8 7 1 3 3 3 5 1,8,-41.283000
4477,5 3 7 5 5 6 6 2 1,6,-53.528500
4478,6 4 6 4 5 6 5 0 1,4,-41.823000
4479,8 4 8 6 1 0 8 6 8,6,-78.371000
4480,1 8 6 5 1 5 8 6 8,7,-65.774000
4481,7 1 2 3 2 4 8 3 5,7,-41.283000
4482,0 8 4 5 7 0 1 6 4,5,-17.872000
4483,4 7 2 2 7 2 3 4 2,5,-21.379000
4484,8 8 5 0 0 6 4 2 1,7,-21.379000
4485,7 6 4 1 2 4 6 3 7,3,-21.379000
4486,1 2 0 2 5 8 0 0 1,9,-17.872000
4487,1 3 6 5 4 0 5 4 3,6,-41.283000
4488,2 6 7 4 4 2 8 1 4,4,-21.379000
4489,7 7 5 7 8 3 8 2 3,6,-53.528500
4490,5 1 6 1 4 1 1 0 2,7,-5.615000
4491,5 0 2 4 4 4 3 3 7,5,-41.283000
4492,8 0 2 8 0 6 1 7 8,7,-21.379000
4493,1 0 4 1 3 7 7 2 4,5,-17.872000
4494,5 3 4 1 7 8 7 0 6,5,-41.283000
4495,3 2 5 4 6 3 0 5 8,7,-41.283000
4496,1 4 4 3 1 6 5 4 5,5,-41.283000
4497,1 4 4 7 7 7 1 4 0,3,-5.615000
4498,2 2 6 0 7 0 8 8 2,7,-21.379000
4499,2 2 7 2 5 6 2 5 0,7,-21.379000
4500,5 6 8 4 2 7 6 8 4,4,-72.072500
4501,2 8 4 0 6 8 5 7 5,6,-65.774000
4502,8 2 6 2 8 2 1 6 1,7,-21.379000
4503,4 8 8 3 4 3 4 6 4,4,-59.827000
4504,8 6 1 1 0 3 4 8 1,7,-17.872000
4505,5 2 5 4 3 2 3 6 3,7,-41.283000
4506,0 0 7 8 4 0 1 3 7,6,-17.872000
4507,0 2 5 0 7 7 2 6 7,5,-21.379000
4508,0 5 7 8 8 8 8 2 6,7,-78.371000
4509,8 5 2 6 2 1 1 5 6,7,-21.379000
4510,3 6 3 8 5 5 6 0 7,6,-53.528500
4511,4 0 6 6 7 7 0 7 4,2,-17.872000
4512,7 7 1 3 3 7 1 6 3,5,-41.283000
4513,5 5 5 2 2 7 6 8 3,7,-65.774000
4514,2 3 5 6 7 4 4 2 5,5,-41.283000
4515,5 1 7 3 5 3 8 5 2,8,-53.528500
4516,0 2 6 7 0 8 6 4 8,5,-21.379000
4517,7 8 6 6 6 4 1 3 5,4,-53.528500
4518,0 3 0 6 2 8 5 4 2,7,-21.379000
4519,3 0 5 3 4 4 4 6 7,4,-41.283000
4520,3 1 6 2 5 6 3 8 7,6,-41.283000
4521,1 7 1 1 7 4 6 4 7,3,-5.615000
4522,7 2 5 4 0 8 7 1 2,6,-21.379000
4523,4 7 5 0 4 1 2 8 0,6,-19.625500
4524,3 2 6 3 8 3 7 1 1,7,-41.283000
4525,4 6 2 4 6 6 2 8 8,4,-49.875000
4526,6 7 8 4 2 4 7 0 5,4,-43.576500
4527,3 0 0 6 6 8 0 0 5,7,-17.872000
4528,5 6 0 6 6 7 3 2 2,5,-21.379000
4529,1 7 4 0 2 4 2 1 3,6,-19.625500
4530,2 3 1 1 7 6 1 2 1,7,-5.615000
4531,7 1 0 3 6 0 6 7 8,5,-17.872000
4532,3 6 6 6 2 0 1 4 7,4,-19.625500
4533,2 5 4 5 6 2 0 0 6,6,-21.379000
4534,3 8 3 6 8 7 4 7 6,4,-59.827000
4535,2 4 3 2 2 0 0 7 0,7,-21.379000
4536,8 7 5 1 2 6 5 4 2,6,-43.576500
4537,3 5 3 6 1 2 5 1 3,8,-41.283000
4538,8 2 6 0 6 6 2 6 7,4,-21.379000
4539,0 0 3 1 2 4 8 4 3,7,-21.379000
4540,3 6 2 2 2 4 4 1 0,6,-21.379000
4541,4 3 8 0 7 1 5 3 1,7,-41.283000
4542,0 1 1 6 5 7 1 0 2,7,-17.872000
4543,2 5 4 5 8 2 0 2 6,7,-21.379000
4544,1 2 2 1 2 0 0 6 6,7,-17.872000
4545,3 2 4 6 4 7 8 6 7,3,-41.283000
4546,7 1 3 0 3 6 6 3 1,6,-29.577500
4547,8 8 1 8 2 2 2 1 2,9,-21.379000
4548,6 0 6 8 3 4 8 3 7,5,-41.283000
4549,5 4 4 2 3 4 7 2 2,5,-21.379000
4550,4 7 1 1 2 2 5 2 7,6,-21.379000
4551,0 7 5 8 1 8 6 6 5,6,-65.774000
4552,8 6 1 1 7 0 1 5 6,6,-11.743500
4553,1 4 2 7 8 7 6 5 2,5,-21.379000
4554,8 7 1 0 0 4 2 6 7,5,-17.872000
4555,5 8 7 4 8 8 8 6 4,5,-78.371000
4556,6 0 6 5 5 4 7 1 0,5,-17.872000
4557,3 5 5 5 2 7 3 6 8,7,-65.774000
4558,6 4 7 8 1 5 2 6 0,5,-21.379000
4559,6 7 2 4 3 7 4 1 0,4,-19.625500
4560,8 7 2 3 7 7 2 5 7,5,-41.283000
4561,5 1 6 0 3 0 3 8 1,8,-29.577500
4562,0 8 8 5 4 1 2 1 4,7,-21.379000
4563,1 2 7 6 2 7 1 2 1,6,-13.497000
4564,1 7 2 2 1 5 3 2 5,8,-21.379000
4565,8 3 8 6 0 5 6 8 3,7,-65.774000
4566,7 8 8 8 8 6 3 2 5,7,-78.371000
4567,3 3 0 6 7 8 5 8 0,7,-41.283000
4568,0 6 1 4 2 3 4 2 6,5,-21.379000
4569,6 7 1 3 1 7 0 3 0,6,-17.872000
4570,3 2 6 4 8 0 1 6 3,6,-31.331000
4571,0 8 1 2 7 7 7 8 5,6,-43.576500
4572,2 6 6 7 1 1 3 3 4,5,-21.379000
4573,6 8 2 6 8 3 5 6 3,6,-53.528500
4574,7 1 5 0 2 4 1 8 5,7,-21.379000
4575,8 1 8 6 8 0 8 5 6,7,-78.371000
4576,5 1 4 8 4 2 1 7 7,5,-21.379000
4577,1 1 7 0 7 1 6 2 7,5,-5.615000
4578,8 2 6 8 3 5 3 4 0,7,-41.283000
4579,5 2 8 4 2 1 4 3 8,7,-41.283000
4580,5 8 7 4 7 2 4 7 0,4,-43.576500
4581,6 5 1 0 4 1 4 1 8,6,-11.743500
4582,8 6 6 2 8 1 6 8 0,6,-49.875000
4583,6 6 8 8 7 2 8 1 4,5,-78.371000
4584,5 0 4 0 0 5 0 8 7,7,-17.872000
4585,5 1 0 5 7 2 3 6 7,6,-31.331000
4586,0 8 8 2 5 4 1 0 1,8,-19.625500
4587,7 4 1 6 8 6 5 4 5,4,-65.774000
4588,0 8 8 2 5 0 7 5 3,8,-53.528500
4589,7 4 8 0 3 3 0 4 3,6,-41.283000
4590,5 8 3 6 5 2 6 1 5,7,-65.774000
4591,5 4 6 1 0 8 4 4 0,5,-17.872000
4592,8 1 3 8 7 3 2 5 8,8,-53.528500
4593,0 4 8 0 5 4 5 4 8,6,-65.774000
4594,8 8 3 3 5 6 6 2 1,7,-41.283000
4595,2 6 0 5 2 7 3 7 8,6,-31.331000
4596,2 4 7 5 0 4 8 3 5,6,-53.528500
4597,2 8 4 8 4 2 0 8 4,6,-49.875000
4598,3 3 2 3 3 6 5 5 7,7,-41.283000
4599,8 2 8 0 4 8 4 4 6,5,-78.371000
4600,1 3 5 8 4 3 8 7 1,7,-41.283000
4601,4 1 1 6 8 6 2 8 2,6,-21.379000
4602,6 3 6 2 3 4 5 6 7,4,-41.283000
4603,0 1 2 4 8 8 4 4 1,6,-19.625500
4604,2 4 8 1 5 7 5 4 4,5,-65.774000
4605,4 6 6 5 8 5 4 1 3,5,-65.774000
4606,4 1 0 4 6 7 3 1 5,5,-17.872000
4607,0 3 8 6 5 8 4 1 0,7,-41.283000
4608,2 5 5 2 7 1 0 2 4,7,-21.379000
4609,8 4 1 4 0 5 8 5 8,7,-65.774000
4610,1 5 8 8 5 3 3 7 8,8,-65.774000
4611,3 8 0 1 4 7 6 7 6,4,-29.577500
4612,6 2 5 3 8 6 5 4 5,6,-65.774000
4613,8 4 0 2 7 7 8 1 7,5,-21.379000
4614,6 6 8 1 8 0 7 7 3,5,-41.283000
4615,4 1 3 8 4 2 4 0 7,5,-21.379000
4616,3 1 6 6 0 0 1 5 4,6,-17.872000
4617,3 7 7 7 5 0 3 3 6,5,-41.283000
4618,6 0 4 7 6 6 2 7 1,3,-17.872000
4619,1 6 0 4 7 4 1 1 0,5,-5.615000
4620,3 3 2 0 7 2 8 3 3,8,-41.283000
4621,8 8 3 5 8 5 8 1 4,8,-72.072500
4622,2 5 6 4 4 8 3 8 4,5,-65.774000
4623,6 2 6 2 8 3 3 5 4,6,-41.283000
4624,4 6 2 5 6 8 6 3 0,5,-41.283000
4625,7 0 5 8 7 7 0 1 7,5,-17.872000
4626,6 8 7 4 5 0 5 5 4,5,-65.774000
4627,2 1 6 6 8 0 5 6 0,6,-19.625500
4628,2 7 2 0 5 5 6 7 6,5,-21.379000
4629,2 8 8 3 4 5 3 1 1,8,-41.283000
4630,1 6 4 1 4 8 4 7 1,4,-5.615000
4631,4 6 0 2 5 0 8 0 6,6,-19.625500
4632,5 5 2 0 2 0 1 6 5,8,-21.379000
4633,5 6 4 8 3 2 8 4 8,6,-72.072500
4634,2 0 1 4 0 1 0 3 3,8,-17.872000
4635,6 7 6 1 5 8 2 1 4,5,-21.379000
4636,4 7 8 1 1 5 6 1 1,6,-5.615000
4637,4 6 6 0 4 1 0 8 6,4,-17.872000
4638,5 0 5 8 2 7 4 1 8,7,-65.774000
4639,0 8 3 6 3 5 8 3 3,8,-41.283000
4640,7 0 1 5 0 2 1 2 1,8,-17.872000
4641,6 5 0 0 0 0 7 6 8,6,-17.872000
4642,6 4 2 3 3 1 0 3 5,7,-41.283000
4643,8 0 6 6 8 0 3 4 8,6,-59.827000
4644,4 4 8 5 2 2 6 1 8,6,-43.576500
4645,0 5 3 1 1 2 8 2 2,9,-21.379000
4646,2 0 2 1 3 2 2 3 8,9,-21.379000
4647,2 7 5 6 5 7 6 8 3,5,-65.774000
4648,2 1 0 6 1 3 4 0 0,7,-17.872000
4649,2 7 6 0 1 6 0 3 2,6,-19.625500
4650,8 2 2 2 5 8 0 5 3,9,-41.283000
4651,1 4 3 4 4 1 0 4 1,5,-5.615000
4652,4 6 1 5 6 7 8 7 5,4,-65.774000
4653,1 5 0 5 4 2 6 6 4,5,-21.379000
4654,1 2 5 7 2 6 3 0 8,7,-21.379000
4655,3 1 6 2 2 2 8 4 5,7,-21.379000
4656,6 7 3 4 3 3 5 0 5,6,-41.283000
4657,7 0 4 3 6 2 8 5 6,5,-41.283000
4658,8 2 8 1 6 0 6 5 0,7,-21.379000
4659,4 3 3 8 1 8 2 7 3,7,-41.283000
4660,0 1 0 3 1 8 8 0 7,8,-17.872000
4661,3 3 1 6 1 7 6 5 6,5,-41.283000
4662,2 0 4 1 2 3 6 6 8,6,-21.379000
4663,1 5 0 2 7 5 3 4 5,7,-41.283000
4664,0 6 3 6 2 4 3 2 0,6,-21.379000
4665,3 5 6 4 4 2 4 2 0,5,-21.379000
4666,6 2 8 6 2 6 2 3 1,6,-21.379000
4667,4 5 3 6 8 1 6 8 4,5,-65.774000
4668,4 7 3 3 8 5 0 4 8,6,-53.528500
4669,2 1 4 5 3 1 1 0 6,7,-17.872000
4670,6 7 6 4 6 1 8 4 4,2,-41.993000
4671,3 7 3 4 4 7 8 8 6,4,-59.827000
4672,0 2 3 4 3 8 2 6 1,7,-21.379000
4673,3 2 3 4 3 6 1 2 8,7,-41.283000
4674,3 2 7 0 2 8 2 6 4,6,-21.379000
4675,2 2 1 4 3 7 1 2 8,7,-21.379000
4676,6 0 5 3 3 5 0 8 4,7,-41.283000
4677,6 0 6 4 8 7 1 3 6,4,-29.577500
4678,3 6 3 2 3 6 0 1 2,7,-21.379000
4679,2 6 4 3 0 2 1 2 0,7,-21.379000
4680,2 8 8 0 8 4 2 7 7,6,-49.875000
4681,4 7 2 7 1 8 3 5 2,6,-31.331000
4682,7 6 2 1 4 3 4 4 7,3,-21.379000
4683,0 0 4 4 0 6 6 7 4,3,-17.872000
4684,2 0 8 6 0 3 1 2 3,8,-21.379000
4685,8 3 5 2 2 3 6 0 7,7,-41.283000
4686,2 0 1 0 8 7 6 2 3,7,-21.379000
4687,0 3 7 3 6 7 7 7 8,4,-41.283000
4688,6 7 0 8 1 6 3 2 6,5,-21.379000
4689,5 1 5 3 0 1 5 4 6,7,-41.283000
4690,6 0 6 0 0 7 6 7 4,3,-17.872000
4691,7 0 5 4 7 2 0 8 2,6,-21.379000
4692,8 5 1 1 7 8 3 5 1,8,-53.528500
4693,7 0 7 0 8 0 4 8 6,5,-17.872000
4694,2 0 5 7 2 8 8 7 0,7,-21.379000
4695,1 2 1 8 0 5 2 8 3,9,-21.379000
4696,7 7 3 2 1 8 1 4 0,6,-19.625500
4697,5 8 7 8 8 1 0 3 7,7,-65.774000
4698,5 0 5 3 2 6 2 3 7,7,-41.283000
4699,0 4 5 1 1 1 3 3 5,8,-29.577500
4700,5 1 5 7 3 7 4 1 0,6,-29.577500
4701,8 7 5 4 5 8 6 7 5,5,-65.774000
4702,8 3 8 8 6 3 3 0 1,8,-41.283000
4703,0 3 3 0 5 1 7 4 0,7,-17.872000
4704,3 5 0 4 1 4 6 1 0,6,-17.872000
4705,3 3 5 6 2 8 2 7 6,6,-41.283000
4706,4 4 4 5 0 7 6 5 1,4,-41.823000
4707,3 3 6 7 1 1 1 1 1,7,-5.615000
4708,4 4 1 4 1 4 4 0 0,4,-11.743500
4709,4 6 0 8 6 8 6 7 8,4,-78.371000
4710,3 3 5 6 5 5 1 2 0,8,-41.283000
4711,6 7 4 5 2 3 8 0 0,6,-31.331000
4712,4 5 8 6 0 5 1 4 4,5,-65.774000
4713,7 5 2 1 2 7 4 0 4,5,-21.379000
4714,1 1 6 6 3 8 8 0 2,7,-21.379000
4715,3 7 6 7 3 4 2 8 0,5,-41.283000
4716,4 8 5 6 2 4 1 8 4,5,-65.774000
4717,3 5 3 0 1 6 8 2 0,8,-31.331000
4718,6 7 1 7 2 7 5 3 5,5,-41.283000
4719,0 7 5 5 5 0 8 6 4,6,-65.774000
4720,7 3 2 8 0 6 5 2 7,6,-31.331000
4721,2 1 7 1 7 3 3 8 0,7,-21.379000
4722,1 7 6 1 1 1 6 2 6,5,-5.615000
4723,3 0 4 1 4 3 2 7 6,5,-21.379000
4724,6 4 8 5 8 6 7 2 6,4,-72.072500
4725,1 4 6 8 7 3 5 4 6,4,-53.528500
4726,6 0 0 8 3 6 0 3 0,7,-17.872000
4727,4 4 8 0 1 7 3 4 7,4,-29.577500
4728,1 8 8 8 0 4 2 3 2,8,-31.331000
4729,8 5 6 7 4 5 0 7 0,5,-65.774000
4730,1 1 8 1 3 4 8 7 2,7,-21.379000
4731,5 4 6 8 0 8 8 7 6,5,-78.371000
4732,4 6 3 5 1 4 1 0 1,6,-11.743500
4733,8 1 5 8 5 8 1 6 0,8,-65.774000
4734,6 8 8 1 0 7 6 4 3,5,-41.283000
4735,2 8 5 3 6 4 8 0 0,7,-41.283000
4736,8 8 2 3 4 1 4 5 5,7,-65.774000
4737,7 4 7 2 6 4 2 8 1,4,-21.379000
4738,5 5 2 5 8 5 0 2 7,8,-65.774000
4739,7 6 5 5 0 8 2 6 0,6,-43.576500
4740,0 6 5 1 0 7 3 3 5,7,-41.283000
4741,7 0 2 0 0 5 2 1 4,7,-17.872000
4742,3 6 8 6 8 4 5 3 2,6,-53.528500
4743,8 5 3 1 6 1 2 5 8,8,-53.528500
4744,7 5 2 5 7 4 2 3 1,6,-31.331000
4745,1 8 5 7 5 5 8 7 0,7,-65.774000
4746,1 7 0 0 4 2 5 3 3,7,-21.379000
4747,1 5 3 3 1 5 1 1 6,8,-23.449000
4748,4 0 1 0 1 8 2 8 0,8,-17.872000
4749,5 1 4 2 0 5 0 3 4,7,-21.379000
4750,5 4 6 3 1 4 0 4 8,5,-41.283000
4751,8 4 1 7 3 7 0 0 8,6,-29.577500
4752,6 3 3 4 0 4 6 0 5,5,-41.283000
4753,5 0 2 2 7 8 5 8 7,7,-65.774000
4754,3 2 6 3 7 0 5 5 6,6,-41.283000
4755,0 7 1 4 0 5 3 8 0,7,-17.872000
4756,0 1 0 6 6 1 3 3 6,6,-17.872000
4757,3 3 7 6 4 7 5 3 8,5,-41.283000
4758,8 0 8 5 0 8 2 0 7,8,-43.576500
4759,0 6 3 3 6 3 1 8 8,7,-41.283000
4760,8 0 1 0 1 8 0 6 6,7,-17.872000
4761,4 3 4 7 2 0 7 7 2,4,-21.379000
4762,2 3 7 8 2 5 0 2 1,8,-21.379000
4763,8 2 3 6 7 7 7 0 4,4,-31.331000
4764,7 1 5 5 0 7 4 6 1,5,-17.872000
4765,2 2 6 7 0 8 5 0 2,7,-21.379000
4766,2 2 2 1 2 2 3 3 4,8,-21.379000
4767,4 3 6 4 8 3 2 7 2,5,-41.283000
4768,2 7 2 8 1 8 4 1 6,6,-21.379000
4769,1 6 1 4 6 6 8 4 3,4,-23.449000
4770,7 3 0 3 5 4 3 1 3,7,-41.283000
4771,6 7 1 1 1 1 6 1 0,6,-5.615000
4772,5 8 6 5 6 0 4 6 2,5,-65.774000
4773,2 3 5 8 7 0 7 4 8,6,-53.528500
4774,3 6 4 8 5 2 1 2 0,7,-21.379000
4775,7 7 6 1 5 5 3 5 7,5,-65.774000
4776,0 5 0 5 4 3 5 8 2,8,-53.528500
4777,1 1 1 6 6 4 1 1 8,6,-5.615000
4778,2 0 8 6 5 2 2 3 6,7,-21.379000
4779,5 1 1 1 3 3 0 6 1,8,-11.743500
4780,0 5 4 5 8 7 7 5 8,6,-65.774000
4781,0 4 7 7 7 3 6 3 4,3,-41.283000
4782,7 2 5 6 6 5 0 2 6,5,-21.379000
4783,0 7 5 8 6 6 1 4 0,5,-17.872000
4784,3 0 7 8 4 3 7 2 3,6,-41.283000
4785,8 2 1 3 4 6 0 8 7,6,-31.331000
4786,2 6 3 5 4 6 3 6 8,5,-41.283000
4787,4 8 8 3 0 2 1 7 8,7,-41.283000
4788,0 0 0 3 6 4 5 0 3,7,-17.872000
4789,8 3 4 2 3 6 8 3 4,6,-41.283000
4790,6 5 3 4 5 8 6 8 3,6,-65.774000
4791,2 7 3 8 7 7 1 5 0,6,-31.331000
4792,6 8 0 7 4 2 5 2 6,5,-21.379000
4793,3 6 6 3 1 7 7 3 6,4,-41.283000
4794,4 0 4 6 5 4 3 2 8,5,-41.283000
4795,2 6 4 4 2 7 6 2 4,3,-21.379000
4796,1 4 4 4 8 0 0 7 3,5,-17.872000
4797,8 8 5 8 8 0 2 6 8,8,-78.371000
4798,3 5 4 6 4 2 1 8 2,6,-31.331000
4799,3 7 6 5 0 4 1 2 4,5,-21.379000
4800,8 3 7 4 5 3 8 0 2,7,-41.283000
4801,8 3 0 2 6 4 6 3 5,6,-41.283000
4802,5 8 0 2 6 8 1 7 0,7,-21.379000
4803,3 6 8 6 1 5 1 8 2,7,-41.283000
4804,8 3 2 4 2 6 5 1 3,7,-41.283000
4805,0 1 4 0 6 7 1 1 0,6,-11.743500
4806,7 0 8 5 5 2 5 2 5,8,-65.774000
4807,8 6 0 0 1 6 6 2 7,5,-17.872000
4808,6 2 6 8 1 1 4 8 5,6,-43.576500
4809,6 1 2 8 1 6 4 8 1,6,-13.497000
4810,4 1 8 8 3 7 5 5 6,6,-65.774000
4811,3 6 4 3 5 6 2 5 4,5,-41.283000
4812,3 7 5 7 8 0 0 6 5,6,-53.528500
4813,8 1 3 4 2 3 7 6 5,6,-41.283000
4814,3 7 5 8 1 3 0 7 5,7,-41.283000
4815,4 8 3 0 5 0 0 7 2,7,-21.379000
4816,4 3 5 7 1 1 4 7 3,5,-41.283000
4817,8 8 5 5 1 3 8 1 0,9,-65.774000
4818,5 2 5 3 6 7 1 5 5,7,-65.774000
4819,1 2 5 4 8 8 6 4 4,5,-65.774000
4820,1 6 5 8 1 7 0 3 7,6,-29.577500
4821,7 0 3 8 2 6 0 5 4,6,-31.331000
4822,3 4 2 7 7 3 6 7 2,4,-31.331000
4823,8 4 8 2 2 3 8 0 4,7,-41.283000
4824,1 3 8 0 3 4 2 5 1,8,-31.331000
4825,0 5 1 3 3 7 7 4 1,6,-29.577500
4826,7 6 3 4 8 1 0 5 7,5,-41.283000
4827,2 4 8 1 5 4 7 3 1,6,-31.331000
4828,6 2 1 5 8 0 3 8 3,8,-41.283000
4829,4 5 2 6 4 0 3 2 1,6,-21.379000
4830,3 8 1 5 6 3 2 2 1,8,-31.331000
4831,7 4 0 8 8 0 4 0 1,6,-17.872000
4832,5 4 2 4 4 1 4 6 5,4,-43.576500
4833,0 3 7 3 8 4 1 3 6,6,-41.283000
4834,0 2 5 8 6 0 3 3 6,7,-41.283000
4835,8 8 6 2 1 2 4 4 2,6,-21.379000
4836,1 8 1 4 4 6 1 4 3,5,-5.615000
4837,3 1 4 4 2 6 2 2 4,5,-21.379000
4838,5 8 0 8 6 5 4 5 3,7,-65.774000
4839,8 7 2 4 6 6 3 1 3,5,-41.283000
4840,0 7 1 4 6 8 3 8 2,6,-31.331000
4841,4 6 5 4 7 2 5 7 5,4,-65.774000
4842,0 7 2 7 2 2 5 3 0,7,-21.379000
4843,2 3 1 5 6 0 6 4 5,6,-31.331000
4844,0 6 0 2 7 0 1 5 6,6,-17.872000
4845,7 3 1 2 0 8 6 6 6,5,-21.379000
4846,1 4 1 8 4 1 7 3 4,5,-5.615000
4847,4 0 1 3 0 1 2 2 4,7,-17.872000
4848,0 7 1 4 8 7 8 0 4,5,-17.872000
4849,3 8 3 3 6 5 5 8 3,8,-53.528500
4850,7 8 4 6 3 2 5 7 4,4,-53.528500
4851,2 2 3 0 3 6 0 2 4,7,-21.379000
4852,2 1 6 5 0 2 6 8 5,7,-21.379000
4853,2 0 1 1 0 6 1 1 0,8,-11.743500
4854,5 4 4 5 1 8 6 3 0,6,-53.528500
4855,0 0 2 4 4 2 2 7 0,6,-19.625500
4856,5 1 7 1 8 5 8 3 4,7,-65.774000
4857,7 7 2 7 7 8 3 2 3,5,-41.283000
4858,7 5 5 1 6 5 6 0 8,6,-65.774000
4859,0 7 6 5 3 6 8 4 7,4,-53.528500
4860,2 7 2 4 8 4 3 6 2,5,-21.379000
4861,4 5 2 7 1 5 4 1 2,6,-21.379000
4862,4 0 6 1 0 4 3 3 8,6,-29.577500
4863,2 1 1 5 5 6 2 4 3,7,-21.379000
4864,8 2 5 1 4 5 3 7 8,7,-65.774000
4865,0 0 7 5 7 0 2 3 5,7,-21.379000
4866,3 5 0 5 8 0 3 4 8,8,-53.528500
4867,6 4 7 0 1 2 3 4 4,4,-19.625500
4868,0 4 3 7 0 5 0 3 8,7,-41.283000
4869,0 1 3 2 7 6 7 0 6,5,-17.872000
4870,7 0 7 1 4 8 2 8 8,6,-49.875000
4871,1 5 2 4 6 2 6 7 0,5,-21.379000
4872,6 5 7 1 5 8 6 5 7,5,-65.774000
4873,8 5 1 1 1 6 0 2 6,7,-17.872000
4874,8 2 5 2 4 4 5 1 1,7,-21.379000
4875,0 4 8 2 6 4 2 0 3,6,-21.379000
4876,8 4 3 2 3 4 1 0 0,7,-21.379000
4877,0 4 4 5 1 8 2 8 4,6,-43.576500
4878,3 1 6 2 5 4 6 5 3,6,-41.283000
4879,7 4 1 6 6 3 8 0 5,5,-41.283000
4880,2 2 8 3 6 7 7 8 8,6,-59.827000
4881,0 1 2 3 5 3 1 4 3,8,-31.331000
4882,7 0 1 2 4 6 3 4 1,5,-17.872000
4883,8 1 3 7 5 1 8 6 7,6,-53.528500
4884,7 4 1 4 8 8 0 2 7,5,-21.379000
4885,3 5 4 3 2 8 6 8 4,6,-53.528500
4886,4 1 1 8 4 3 0 4 0,6,-17.872000
4887,2 4 1 6 7 5 5 4 0,5,-21.379000
4888,1 0 4 3 7 3 3 7 1,6,-29.577500
4889,4 8 2 0 0 7 7 5 2,6,-21.379000
4890,8 7 2 0 2 8 4 1 3,7,-21.379000
4891,5 5 0 1 3 3 4 3 1,8,-41.283000
4892,5 2 1 3 3 2 8 1 4,8,-31.331000
4893,0 5 3 6 4 1 6 8 8,6,-53.528500
4894,1 7 0 5 5 7 8 8 7,6,-65.774000
4895,6 7 6 7 5 1 3 2 5,5,-41.283000
4896,3 4 8 2 8 2 2 3 5,8,-41.283000
4897,6 3 0 1 4 5 8 6 6,5,-41.283000
4898,5 5 8 2 2 0 0 1 8,9,-21.379000
4899,5 8 5 6 7 5 8 6 7,5,-65.774000
4900,2 8 0 4 1 7 7 3 7,5,-21.379000
4901,0 2 7 4 6 2 6 1 6,4,-19.625500
4902,8 4 7 4 7 0 8 7 0,4,-48.121500
4903,2 5 6 7 4 5 7 6 3,4,-53.528500
4904,4 6 6 4 1 2 2 0 0,5,-17.872000
4905,3 7 7 5 2 2 1 3 0,7,-21.379000
4906,4 2 7 4 1 2 3 8 7,5,-21.379000
4907,5 0 8 0 8 4 1 5 4,7,-65.774000
4908,0 1 7 3 1 8 7 7 0,6,-17.872000
4909,4 3 0 7 6 6 3 1 8,5,-41.283000
4910,2 0 7 4 0 3 3 8 1,7,-21.379000
4911,7 2 1 3 2 0 5 3 7,7,-21.379000
4912,7 1 6 5 8 2 8 5 2,7,-65.774000
4913,8 6 0 7 3 3 1 1 6,6,-29.577500
4914,5 7 2 0 7 3 7 8 3,6,-41.283000
4915,8 4 4 1 4 0 6 2 4,4,-19.625500
4916,6 1 3 0 8 2 5 5 7,7,-41.283000
4917,8 6 5 5 2 7 1 5 2,7,-65.774000
4918,1 2 2 8 1 5 3 3 1,9,-21.379000
4919,5 2 3 8 1 3 8 3 5,9,-41.283000
4920,2 2 1 7 1 7 2 8 2,7,-21.379000
4921,7 0 2 3 8 0 3 8 5,8,-41.283000
4922,0 2 6 8 3 8 3 6 1,7,-41.283000
4923,1 5 1 7 5 8 4 2 7,6,-43.576500
4924,4 5 5 7 7 2 5 3 0,6,-53.528500
4925,1 0 4 2 8 6 0 8 7,6,-19.625500
4926,4 7 7 2 2 2 4 5 8,5,-21.379000
4927,5 5 3 5 1 2 7 8 4,7,-65.774000
4928,5 7 5 3 0 7 5 8 5,7,-65.774000
4929,5 4 6 8 0 6 4 1 6,4,-41.823000
4930,0 3 2 3 0 0 1 0 7,8,-17.872000
4931,7 6 7 6 6 0 1 5 6,3,-17.872000
4932,2 8 2 3 6 7 3 3 0,7,-41.283000
4933,3 6 3 3 3 8 0 7 2,7,-41.283000
4934,6 1 4 8 2 6 3 0 8,6,-31.331000
4935,2 2 0 6 3 8 3 0 5,8,-31.331000
4936,6 8 3 5 1 7 5 4 6,5,-65.774000
4937,8 2 7 1 5 7 5 0 5,7,-65.774000
4938,7 0 3 2 4 4 5 6 7,4,-31.331000
4939,1 6 6 0 2 6 0 5 3,6,-19.625500
4940,7 0 0 5 3 8 7 0 5,7,-41.283000
4941,5 2 5 7 1 3 4 6 6,5,-41.283000
4942,0 0 5 4 0 6 0 0 4,6,-17.872000
4943,8 7 0 4 7 2 4 2 6,4,-21.379000
4944,6 3 0 4 1 5 4 8 0,6,-29.577500
4945,8 7 6 6 8 0 1 0 0,6,-17.872000
4946,6 3 8 2 3 6 4 5 1,6,-41.283000
4947,2 1 6 3 7 5 7 3 1,6,-31.331000
4948,6 3 0 4 0 4 4 1 6,4,-17.872000
4949,0 2 4 2 7 7 7 3 7,4,-21.379000
4950,7 1 2 5 0 1 0 1 4,7,-17.872000
4951,0 1 3 5 0 7 2 1 1,8,-17.872000
4952,4 0 3 3 0 7 5 0 6,6,-29.577500
4953,0 1 1 3 4 4 5 2 5,7,-21.379000
4954,4 6 5 5 1 7 8 6 6,4,-65.774000
4955,7 3 6 7 7 5 3 5 4,4,-53.528500
4956,6 7 6 3 3 3 3 7 4,4,-41.283000
4957,0 5 2 2 5 3 8 6 6,7,-41.283000
4958,0 6 5 4 7 2 2 1 7,5,-21.379000
4959,4 7 0 7 0 8 2 1 4,5,-17.872000
4960,8 4 0 1 8 6 2 2 8,7,-21.379000
4961,0 4 4 4 7 6 5 7 3,3,-41.283000
4962,8 8 4 5 8 1 3 4 6,6,-72.072500
4963,4 1 2 1 8 8 6 5 5,7,-65.774000
4964,4 5 2 2 3 6 5 5 8,7,-65.774000
4965,8 3 1 1 5 2 3 8 1,9,-41.283000
4966,0 3 7 3 8 6 8 1 5,7,-41.283000
4967,8 6 2 6 3 2 8 3 7,6,-41.283000
4968,5 8 7 4 4 1 1 6 1,5,-5.615000
4969,2 4 5 2 5 6 1 3 3,7,-41.283000
4970,3 6 5 0 6 6 5 7 0,5,-41.283000
4971,5 8 4 0 6 3 8 4 4,5,-65.774000
4972,5 1 1 3 2 3 0 1 0,9,-17.872000
4973,6 7 0 5 5 3 2 8 5,7,-65.774000
4974,2 1 6 6 5 5 0 5 1,7,-21.379000
4975,3 6 7 4 6 4 8 3 8,4,-59.827000
4976,1 8 2 4 3 2 8 4 7,6,-31.331000
4977,2 3 7 8 7 3 4 5 6,5,-41.283000
4978,1 3 3 7 7 6 2 0 3,6,-31.331000
4979,4 2 2 8 5 3 5 6 8,7,-65.774000
4980,6 6 2 5 5 0 0 8 6,6,-43.576500
4981,8 6 0 5 1 6 7 7 0,5,-17.872000
4982,3 4 4 7 3 6 1 4 6,3,-41.283000
4983,2 6 6 7 3 2 2 5 5,6,-31.331000
4984,3 0 0 0 8 0 7 5 1,8,-17.872000
4985,7 2 0 2 4 5 6 4 6,4,-21.379000
4986,6 4 1 8 6 0 5 5 1,6,-41.823000
4987,6 6 5 7 7 5 2 1 1,5,-21.379000
4988,1 6 1 1 3 4 7 3 1,6,-5.615000
4989,8 8 1 8 4 2 2 4 0,7,-21.379000
4990,7 4 4 2 3 7 1 6 2,4,-21.379000
4991,3 2 3 6 1 7 3 3 1,7,-41.283000
4992,1 2 7 7 0 7 4 0 1,5,-17.872000
4993,0 7 6 1 8 6 4 3 8,5,-41.283000
4994,1 7 1 0 1 5 5 2 3,8,-19.625500
4995,4 0 6 1 1 5 0 6 5,6,-17.872000
4996,8 7 2 7 4 0 7 1 7,4,-19.625500
4997,7 5 0 6 5 3 5 8 3,7,-65.774000
4998,2 4 5 0 6 8 4 4 5,5,-65.774000
4999,3 4 0 7 7 0 8 2 8,6,-31.331000
5000,4 1 1 6 7 3 8 0 8,6,-29.577500
5001,6 4 1 5 2 2 1 2 3,7,-21.379000
5002,6 0 2 8 1 6 8 4 0,6,-19.625500
5003,0 4 6 1 5 4 2 2 2,6,-21.379000
5004,6 7 8 0 7 3 0 5 8,6,-53.528500
5005,3 1 6 7 2 7 7 4 4,3,-21.379000
5006,4 6 3 4 0 5 3 7 5,5,-41.283000
5007,7 8 4 0 6 1 5 5 6,5,-65.774000
5008,3 4 6 3 2 2 6 8 2,6,-31.331000
5009,8 1 0 0 4 8 8 0 1,8,-17.872000
5010,4 8 3 6 0 4 5 6 3,5,-41.283000
5011,3 2 4 4 8 7 2 7 8,5,-41.283000
5012,2 2 5 3 8 7 0 1 8,8,-31.331000
5013,6 0 4 8 3 5 2 6 8,6,-53.528500
5014,2 5 2 6 0 7 1 0 4,6,-19.625500
5015,0 8 5 7 3 2 6 2 3,7,-41.283000
5016,5 8 2 3 5 4 4 2 7,6,-53.528500
5017,1 1 4 0 2 4 3 5 5,7,-21.379000
5018,4 8 3 5 1 2 4 2 2,7,-21.379000
5019,3 7 8 4 2 0 7 2 3,6,-31.331000
5020,0 6 0 2 3 6 0 0 7,6,-17.872000
5021,2 0 3 4 1 6 5 6 8,6,-31.331000
5022,8 6 3 6 4 0 6 8 4,4,-59.827000
5023,2 6 0 5 7 6 1 8 4,5,-21.379000
5024,6 7 7 8 5 5 5 2 3,6,-65.774000
5025,2 2 3 7 3 2 5 8 7,7,-41.283000
5026,4 1 0 0 2 5 5 5 2,8,-21.379000
5027,1 7 1 7 1 4 0 4 1,5,-5.615000
5028,8 8 3 8 2 5 7 3 3,8,-53.528500
5029,7 2 5 6 7 3 2 3 8,6,-41.283000
5030,2 1 5 2 0 2 1 4 0,8,-19.625500
5031,6 4 7 7 5 6 1 0 2,4,-19.625500
5032,8 8 6 0 1 2 7 5 8,7,-65.774000
5033,0 4 6 8 1 1 2 3 3,7,-21.379000
5034,2 1 1 3 2 6 3 1 2,8,-21.379000
5035,6 4 2 4 1 8 6 8 3,5,-41.283000
5036,8 4 2 6 8 7 7 2 3,5,-41.283000
5037,1 8 1 2 6 2 6 6 8,6,-21.379000
5038,6 5 5 5 7 8 2 0 7,6,-65.774000
5039,4 0 5 0 7 4 4 1 2,5,-17.872000
5040,6 3 4 6 0 2 5 6 7,4,-31.331000
5041,2 4 3 8 1 5 2 2 2,8,-21.379000
5042,5 0 1 4 1 2 2 5 4,7,-21.379000
5043,6 1 4 7 1 6 7 5 2,4,-13.497000
5044,2 8 5 7 1 4 4 4 2,5,-21.379000
5045,6 7 3 5 2 7 7 3 2,5,-41.283000
5046,8 4 8 1 5 8 0 8 3,8,-72.072500
5047,6 5 7 3 4 7 2 1 1,5,-21.379000
5048,0 7 2 2 2 8 6 8 4,6,-21.379000
5049,2 6 8 6 1 2 6 6 8,5,-21.379000
5050,6 2 3 7 8 8 5 8 1,7,-65.774000
5051,2 6 1 3 5 2 2 4 1,7,-21.379000
5052,0 7 3 1 5 7 7 0 8,6,-29.577500
5053,7 2 6 3 6 8 6 6 3,4,-41.283000
5054,3 3 4 6 2 5 1 1 2,7,-21.379000
5055,8 4 3 3 3 3 6 5 1,7,-41.283000
5056,4 5 6 4 3 2 6 7 1,4,-31.331000
5057,0 4 8 7 1 7 7 6 7,3,-17.872000
5058,4 0 2 3 4 3 0 0 5,7,-21.379000
5059,7 1 3 6 0 2 4 4 0,5,-17.872000
5060,8 8 1 7 1 8 8 0 0,8,-48.121500
5061,8 6 0 6 0 4 7 3 4,4,-29.577500
5062,4 7 7 5 3 7 5 5 6,4,-65.774000
5063,7 2 2 3 6 8 0 8 7,6,-31.331000
5064,1 8 6 1 7 8 0 3 2,7,-21.379000
5065,0 4 2 5 8 2 1 7 1,7,-21.379000
5066,2 5 1 3 4 5 5 1 7,7,-41.283000
5067,0 7 2 2 8 7 0 0 6,6,-19.625500
5068,4 2 4 5 4 6 6 3 1,4,-31.331000
5069,7 5 2 6 3 8 8 5 6,6,-65.774000
5070,4 3 5 6 8 1 0 2 7,6,-31.331000
5071,8 2 6 1 0 7 4 8 7,5,-21.379000
5072,1 4 8 7 0 5 7 7 4,4,-41.823000
5073,0 1 3 8 1 3 5 6 8,8,-41.283000
5074,2 8 0 6 3 5 5 3 5,8,-53.528500
5075,4 6 4 3 6 5 1 6 1,4,-23.449000
5076,1 4 7 4 7 6 0 0 7,3,-17.872000
5077,4 0 7 8 8 3 2 3 5,7,-41.283000
5078,3 0 0 5 1 4 3 5 4,7,-41.283000
5079,5 3 0 4 2 0 7 5 8,7,-41.283000
5080,1 7 4 8 3 3 2 6 8,6,-41.283000
5081,4 3 4 6 1 2 3 1 4,5,-21.379000
5082,8 7 5 0 2 1 6 6 0,6,-19.625500
5083,0 0 3 4 1 4 1 2 0,7,-17.872000
5084,0 5 5 4 1 5 0 8 7,7,-65.774000
5085,6 0 8 3 4 2 3 5 7,6,-41.283000
5086,5 8 0 1 4 3 1 2 3,8,-31.331000
5087,1 3 8 3 8 2 5 1 4,8,-41.283000
5088,2 4 7 7 8 0 5 4 6,4,-43.576500
5089,7 6 4 6 3 2 3 0 0,5,-21.379000
5090,2 4 7 4 0 7 7 2 6,3,-21.379000
5091,0 7 3 5 5 2 8 4 7,6,-53.528500
5092,0 7 4 3 6 1 8 3 6,5,-41.283000
5093,3 4 8 3 3 1 6 5 6,6,-41.283000
5094,5 5 5 7 2 6 6 4 7,4,-65.774000
5095,4 3 2 1 6 3 2 6 1,6,-21.379000
5096,7 6 5 0 4 6 5 3 0,5,-41.283000
5097,2 5 4 7 4 7 5 3 6,4,-53.528500
5098,8 4 6 6 8 4 4 6 2,3,-78.371000
5099,4 5 4 8 7 5 0 8 7,5,-65.774000
5100,6 8 8 1 3 2 2 4 8,7,-41.283000
5101,6 4 0 3 3 0 5 0 6,6,-29.577500
5102,7 1 7 5 7 0 3 4 1,5,-17.872000
5103,2 5 3 7 0 7 6 0 5,6,-31.331000
5104,1 4 6 2 6 1 0 4 4,4,-11.743500
5105,2 7 6 5 6 5 6 5 5,5,-65.774000
5106,2 3 6 3 5 8 6 6 6,5,-41.283000
5107,5 2 6 6 0 8 0 0 5,7,-21.379000
5108,7 3 7 3 2 1 5 6 2,6,-31.331000
5109,6 0 6 6 1 2 8 0 3,6,-19.625500
5110,4 6 2 8 0 6 6 0 6,4,-19.625500
5111,4 1 0 4 1 7 2 5 4,5,-17.872000
5112,1 5 3 6 5 0 1 7 6,6,-29.577500
5113,1 3 7 2 1 5 0 3 7,7,-21.379000
5114,3 2 7 0 4 7 7 1 7,4,-19.625500
5115,1 6 4 8 2 0 8 5 5,7,-65.774000
5116,3 8 8 5 4 4 8 5 2,7,-65.774000
5117,2 7 6 0 1 1 7 2 6,5,-17.872000
5118,4 5 1 4 6 8 1 4 7,4,-35.694500
5119,1 6 8 5 5 8 5 2 4,7,-65.774000
5120,8 4 0 3 3 1 3 1 5,8,-41.283000
5121,0 3 5 0 2 6 5 8 4,7,-41.283000
5122,5 1 2 4 2 7 7 0 0,6,-19.625500
5123,5 0 8 1 1 5 4 3 5,8,-53.528500
5124,0 4 8 8 0 5 3 2 2,8,-31.331000
5125,2 4 3 7 2 6 3 7 8,5,-41.283000
5126,0 4 3 6 5 8 3 4 0,6,-41.283000
5127,5 0 0 0 4 7 3 6 6,5,-17.872000
5128,1 0 3 6 6 0 5 2 3,7,-21.379000
5129,1 5 6 7 8 7 0 7 3,5,-41.283000
5130,8 6 4 0 4 0 2 7 7,4,-19.625500
5131,8 4 1 5 7 3 4 0 8,6,-53.528500
5132,3 6 8 6 1 2 0 3 5,7,-41.283000
5133,8 8 8 5 1 0 4 0 6,7,-65.774000
5134,6 7 5 7 7 5 7 0 2,4,-43.576500
5135,1 6 0 2 6 6 1 8 5,6,-19.625500
5136,1 4 4 8 1 0 1 7 7,5,-5.615000
5137,4 0 2 8 7 2 4 3 7,5,-21.379000
5138,4 6 2 4 0 8 2 0 5,6,-21.379000
5139,4 3 6 8 6 8 5 0 8,6,-72.072500
5140,8 7 0 8 5 7 7 2 3,6,-53.528500
5141,0 4 8 4 1 7 8 5 5,6,-65.774000
5142,7 2 5 2 5 0 0 8 0,8,-21.379000
5143,5 2 2 5 5 6 0 0 4,7,-21.379000
5144,8 0 0 0 0 4 2 1 0,8,-17.872000
5145,4 5 1 2 7 3 6 2 5,6,-31.331000
5146,3 4 3 0 7 1 8 8 3,7,-41.283000
5147,6 0 7 4 0 0 4 4 8,4,-17.872000
5148,0 5 1 0 6 0 6 6 5,6,-17.872000
5149,2 0 2 4 4 8 0 4 2,6,-21.379000
5150,8 1 7 3 1 0 2 8 8,8,-31.331000
5151,7 3 5 4 3 1 2 4 0,6,-31.331000
5152,1 4 4 6 8 5 0 8 8,6,-72.072500
5153,2 6 4 2 7 1 4 0 7,4,-19.625500
5154,5 3 1 4 3 4 8 6 8,6,-53.528500
5155,3 0 2 1 2 5 4 6 8,7,-21.379000
5156,4 1 4 1 2 2 1 2 0,7,-17.872000
5157,2 5 4 5 1 4 6 5 0,6,-43.576500
5158,6 3 5 1 3 0 5 8 7,7,-41.283000
5159,4 6 4 4 4 2 3 2 2,4,-21.379000
5160,1 1 5 1 3 8 0 3 5,9,-41.283000
5161,4 7 4 2 5 4 2 0 2,5,-21.379000
5162,4 6 8 3 6 8 5 7 0,5,-65.774000
5163,1 5 1 0 6 6 5 3 6,6,-29.577500
5164,2 2 7 0 5 1 7 6 2,6,-21.379000
5165,5 4 6 3 1 8 8 3 3,7,-41.283000
5166,8 3 5 2 8 8 7 6 7,6,-72.072500
5167,5 2 5 7 1 1 5 6 3,7,-41.283000
5168,2 6 1 4 0 6 6 0 7,4,-17.872000
5169,6 8 5 7 6 3 1 4 4,4,-53.528500
5170,4 2 3 3 2 2 6 1 3,7,-21.379000
5171,4 3 0 3 7 7 6 2 2,5,-21.379000
5172,2 0 6 6 5 8 1 0 1,7,-17.872000
5173,3 6 4 3 3 8 0 4 2,6,-41.283000
5174,5 5 3 0 8 8 6 6 6,6,-65.774000
5175,4 1 7 7 6 0 7 3 3,4,-29.577500
5176,0 4 8 1 4 3 6 4 8,5,-41.283000
5177,2 4 7 2 7 1 4 6 4,3,-21.379000
5178,2 2 5 2 7 7 2 1 2,7,-21.379000
5179,7 5 1 0 4 5 1 3 5,7,-41.283000
5180,5 5 5 1 0 1 1 1 5,9,-17.872000
5181,0 0 5 1 7 8 5 8 1,8,-41.823000
5182,0 2 7 6 5 2 4 4 3,5,-21.379000
5183,7 1 2 0 3 0 4 7 1,6,-17.872000
5184,5 4 3 7 4 5 2 8 4,5,-65.774000
5185,2 4 6 3 5 7 3 4 4,4,-41.283000
5186,7 4 4 7 4 2 3 0 4,3,-21.379000
5187,6 0 6 6 0 5 3 3 7,5,-41.283000
5188,4 4 5 7 2 1 7 8 4,4,-43.576500
5189,0 2 8 8 0 4 2 5 1,8,-21.379000
5190,0 1 1 6 6 4 0 2 5,6,-17.872000
5191,3 5 6 2 3 2 4 5 7,6,-41.283000
5192,8 7 6 4 6 4 2 4 7,2,-49.875000
5193,2 3 1 8 1 2 6 4 1,7,-21.379000
5194,1 1 5 4 4 1 8 3 1,7,-5.615000
5195,5 4 1 5 5 7 2 4 3,6,-53.528500
5196,2 0 6 3 1 0 4 3 8,7,-21.379000
5197,5 4 7 2 5 8 1 6 3,6,-53.528500
5198,0 8 8 6 8 2 0 0 3,8,-31.331000
5199,6 2 6 6 4 0 0 0 7,4,-17.872000
5200,0 3 1 2 3 2 3 8 1,9,-21.379000
5201,5 4 8 3 2 2 8 0 0,8,-31.331000
5202,1 8 7 7 2 0 7 2 0,6,-19.625500
5203,0 4 0 3 8 1 6 7 4,5,-17.872000
5204,5 5 5 4 6 5 7 5 7,5,-65.774000
5205,5 6 0 6 0 7 5 7 0,5,-17.872000
5206,1 0 6 7 3 1 1 4 1,6,-5.615000
5207,7 8 8 3 4 1 5 4 1,6,-53.528500
5208,3 2 3 1 3 4 0 2 0,8,-21.379000
5209,1 2 2 4 0 5 7 0 1,7,-17.872000
5210,4 6 6 4 8 2 2 3 7,4,-31.331000
5211,4 2 2 4 5 2 0 0 8,7,-21.379000
5212,4 5 8 1 7 2 6 1 4,5,-21.379000
5213,7 0 8 1 6 1 5 8 6,6,-41.823000
5214,8 3 1 7 2 0 2 0 3,8,-21.379000
5215,4 6 3 4 7 1 2 5 3,5,-41.283000
5216,0 4 7 3 7 8 1 8 0,6,-29.577500
5217,5 7 7 6 5 7 7 2 6,3,-65.774000
5218,3 3 8 1 3 7 6 6 7,5,-41.283000
5219,8 6 2 4 1 1 7 7 5,5,-21.379000
5220,7 7 5 6 4 2 6 1 2,4,-21.379000
5221,7 4 2 0 6 7 3 5 2,5,-21.379000
5222,8 4 2 7 6 2 2 2 3,6,-21.379000
5223,2 6 2 2 6 0 2 5 4,6,-21.379000
5224,7 1 3 2 2 0 0 8 3,8,-21.379000
5225,0 0 7 2 0 3 6 5 4,6,-19.625500
5226,2 0 0 0 2 8 0 7 2,8,-19.625500
5227,7 8 7 6 6 4 0 7 4,2,-48.121500
5228,2 3 6 2 2 0 5 4 4,6,-21.379000
5229,8 2 4 1 4 6 4 3 7,4,-31.331000
5230,8 7 7 0 5 5 6 2 3,6,-53.528500
5231,3 6 4 7 6 3 6 0 7,3,-41.283000
5232,7 5 0 8 3 3 4 1 1,7,-41.283000
5233,0 3 1 1 6 3 1 4 6,6,-11.743500
5234,8 6 7 4 8 2 4 3 3,5,-41.283000
5235,1 5 1 5 5 1 6 7 0,7,-17.872000
5236,6 6 5 4 8 0 8 8 1,6,-72.072500
5237,2 3 0 2 2 5 5 1 0,9,-21.379000
5238,0 7 0 2 7 7 7 0 6,4,-17.872000
5239,1 4 1 0 4 4 8 3 1,6,-11.743500
5240,4 5 6 1 0 0 5 1 8,7,-17.872000
5241,8 1 7 6 3 1 7 7 6,4,-23.449000
5242,1 6 6 0 6 6 8 3 0,5,-17.872000
5243,4 2 8 3 2 6 5 4 4,5,-41.283000
5244,8 3 8 7 2 4 0 0 3,7,-41.283000
5245,4 7 5 2 8 5 0 5 1,7,-65.774000
5246,0 6 1 0 7 3 4 6 1,5,-17.872000
5247,0 5 1 8 1 3 1 6 2,8,-19.625500
5248,0 8 0 6 4 0 4 0 0,6,-17.872000
5249,8 7 7 1 0 8 2 4 4,5,-21.379000
5250,1 7 5 4 2 1 2 6 7,5,-21.379000
5251,0 4 1 8 6 6 4 1 4,4,-11.743500
5252,2 1 5 3 0 2 8 7 1,8,-21.379000
5253,1 2 5 0 5 3 6 8 7,7,-41.283000
5254,0 3 0 0 7 6 6 2 2,6,-19.625500
5255,7 0 1 0 3 1 6 0 5,7,-17.872000
5256,2 0 3 0 2 7 3 1 4,7,-21.379000
5257,1 5 2 4 3 6 5 2 1,7,-21.379000
5258,1 7 3 7 6 0 5 4 4,4,-29.577500
5259,3 5 2 3 0 3 0 0 2,9,-21.379000
5260,8 4 6 0 2 7 1 8 8,6,-49.875000
5261,1 2 5 3 8 5 5 5 0,9,-65.774000
5262,5 2 2 1 2 2 2 2 6,8,-21.379000
5263,8 3 3 2 4 7 7 0 5,6,-41.283000
5264,4 6 3 0 5 7 4 0 1,5,-17.872000
5265,0 8 6 2 3 1 5 3 4,7,-41.283000
5266,2 4 0 4 8 0 2 6 3,6,-21.379000
5267,0 7 2 4 0 2 0 7 5,6,-19.625500
5268,4 5 6 5 3 6 2 7 5,5,-65.774000
5269,0 7 6 8 4 4 4 5 6,3,-65.774000
5270,0 1 0 1 0 8 5 4 3,8,-17.872000
5271,7 4 2 6 8 8 3 1 0,6,-31.331000
5272,5 3 5 6 2 8 2 2 4,7,-41.283000
5273,6 4 7 5 6 2 4 1 1,4,-13.497000
5274,5 3 5 8 8 7 4 0 7,6,-65.774000
5275,2 2 5 4 3 4 0 3 0,7,-21.379000
5276,1 1 6 5 7 7 2 3 0,6,-19.625500
5277,8 4 3 4 2 4 0 1 1,6,-19.625500
5278,6 8 4 6 3 6 5 6 1,4,-53.528500
5279,1 2 7 2 0 7 1 1 6,6,-11.743500
5280,2 5 6 7 6 6 1 4 7,3,-21.379000
5281,7 6 5 0 0 3 6 1 8,6,-29.577500
5282,5 0 1 1 4 6 5 6 0,6,-17.872000
5283,8 0 1 6 6 1 7 1 1,6,-5.615000
5284,2 8 2 1 8 6 0 2 0,8,-21.379000
5285,4 4 8 3 8 4 0 6 1,5,-41.283000
5286,3 6 3 2 7 2 1 6 8,6,-31.331000
5287,7 3 1 7 2 1 7 0 3,6,-19.625500
5288,5 7 0 8 5 7 8 8 2,7,-65.774000
5289,6 8 0 4 4 5 2 8 8,6,-72.072500
5290,3 2 8 8 4 4 3 0 4,6,-41.283000
5291,3 7 2 1 2 3 6 6 6,5,-21.379000
5292,5 0 3 1 7 6 2 0 3,7,-21.379000
5293,0 8 8 7 1 7 6 7 2,5,-21.379000
5294,2 1 4 2 3 6 6 5 6,5,-21.379000
5295,2 1 3 6 4 6 0 4 1,5,-17.872000
5296,1 5 3 3 7 2 2 0 4,7,-21.379000
5297,4 3 3 4 0 3 4 8 8,6,-41.283000
5298,0 0 6 2 0 1 2 6 7,6,-17.872000
5299,1 1 8 8 6 2 5 0 1,8,-19.625500
5300,3 7 1 7 1 3 7 7 1,5,-5.615000
5301,0 1 3 3 6 3 8 1 5,8,-41.283000
5302,1 0 1 7 6 1 0 7 0,6,-11.743500
5303,3 1 1 6 5 3 2 7 7,6,-31.331000
5304,6 2 7 0 8 2 0 0 2,7,-21.379000
5305,6 8 0 4 5 3 5 1 7,6,-53.528500
5306,0 0 6 3 6 7 6 6 5,4,-29.577500
5307,3 3 8 2 6 8 8 5 1,8,-53.528500
5308,0 0 1 2 2 1 6 0 0,8,-17.872000
5309,8 8 1 1 2 1 4 5 6,7,-21.379000
5310,7 5 3 8 4 5 4 1 3,6,-53.528500
5311,7 7 6 5 2 4 2 8 1,5,-21.379000
5312,3 6 5 1 2 7 0 4 0,6,-19.625500
5313,7 3 8 7 3 1 7 1 4,5,-41.283000
5314,4 7 8 7 6 1 3 1 5,5,-41.283000
5315,2 1 7 7 0 8 3 3 0,7,-21.379000
5316,3 3 2 0 4 2 4 5 6,6,-31.331000
5317,6 4 2 3 1 4 3 1 0,6,-19.625500
5318,4 2 7 2 1 2 8 7 0,6,-21.379000
5319,2 8 8 8 4 1 3 3 0,8,-41.283000
5320,4 8 3 6 5 6 6 7 0,4,-53.528500
5321,4 0 0 5 4 4 3 8 8,6,-53.528500
5322,1 8 3 8 1 5 0 8 5,9,-65.774000
5323,7 0 2 8 4 5 3 6 2,6,-31.331000
5324,2 7 2 0 1 0 2 0 7,7,-17.872000
5325,0 5 3 0 4 5 6 8 6,6,-53.528500
5326,8 2 2 6 8 8 0 0 1,8,-21.379000
5327,0 4 2 3 4 6 0 2 1,6,-19.625500
5328,5 3 5 2 3 8 8 7 4,7,-65.774000
5329,4 8 4 7 2 3 1 2 6,5,-21.379000
5330,5 7 2 2 1 1 5 5 4,7,-21.379000
5331,5 7 8 4 0 1 8 5 0,7,-65.774000
5332,7 8 7 0 1 8 3 1 7,6,-29.577500
5333,8 2 7 4 4 8 0 1 2,6,-21.379000
5334,2 8 7 0 7 7 3 5 5,6,-53.528500
5335,3 0 5 1 4 1 5 3 6,7,-41.283000
5336,4 5 4 0 2 7 8 5 0,6,-43.576500
5337,7 0 4 1 3 2 8 5 4,6,-31.331000
5338,7 3 5 7 3 6 2 5 2,6,-41.283000
5339,8 4 2 4 7 5 7 0 2,5,-21.379000
5340,6 0 7 5 0 5 4 3 1,6,-29.577500
5341,5 6 3 7 7 0 8 7 2,5,-41.283000
5342,5 0 4 2 3 3 4 8 5,7,-41.283000
5343,0 6 8 5 6 4 8 0 3,6,-53.528500
5344,6 7 4 8 7 3 8 8 4,4,-78.371000
5345,3 4 3 1 2 6 6 1 0,6,-19.625500
5346,8 3 7 6 7 0 3 6 5,5,-41.283000
5347,0 5 6 7 6 4 5 6 7,3,-65.774000
5348,0 3 7 3 6 3 2 5 6,6,-41.283000
5349,3 6 5 1 8 1 4 1 5,7,-41.283000
5350,1 3 4 3 4 4 6 8 1,5,-41.283000
5351,3 5 8 0 1 0 6 1 3,8,-29.577500
5352,5 3 5 2 6 5 7 7 3,6,-53.528500
5353,1 0 4 2 3 3 7 7 1,6,-19.625500
5354,1 0 4 0 0 3 1 3 7,7,-17.872000
5355,0 5 0 6 0 4 8 1 2,7,-17.872000
5356,8 8 3 0 1 3 7 2 2,8,-31.331000
5357,1 3 3 3 3 5 7 7 4,6,-41.283000
5358,8 8 4 7 4 7 0 1 0,5,-17.872000
5359,5 8 7 3 3 1 5 0 3,8,-41.283000
5360,6 4 0 4 2 6 1 3 5,5,-21.379000
5361,6 8 4 0 3 3 5 7 4,5,-41.283000
5362,6 4 2 2 6 7 2 4 1,4,-21.379000
5363,1 1 6 8 6 6 4 4 7,3,-5.615000
5364,4 8 6 6 0 2 5 5 7,5,-65.774000
5365,4 2 5 0 0 1 2 7 6,6,-19.625500
5366,3 3 4 7 1 2 5 0 4,6,-31.331000
5367,5 8 6 0 4 3 0 1 7,6,-29.577500
5368,0 0 1 3 4 2 5 4 2,7,-21.379000
5369,8 1 5 0 7 8 7 7 0,6,-41.823000
5370,3 1 2 7 5 3 5 7 3,7,-41.283000
5371,7 8 2 3 2 1 6 7 6,5,-21.379000
5372,5 5 1 3 5 4 0 2 8,8,-53.528500
5373,6 3 7 8 5 8 3 7 6,5,-65.774000
5374,3 0 3 4 4 2 7 3 5,6,-41.283000
5375,3 7 1 0 1 3 7 1 3,7,-17.872000
5376,5 3 8 2 4 1 1 0 6,7,-21.379000
5377,5 7 8 3 0 3 8 1 7,7,-41.283000
5378,4 8 4 5 2 2 3 1 1,7,-21.379000
5379,8 8 8 1 1 3 8 7 3,8,-59.827000
5380,4 4 1 6 8 7 6 1 7,3,-5.615000
5381,0 6 3 5 3 5 2 5 6,7,-41.283000
5382,5 0 3 7 3 1 7 7 3,6,-41.283000
5383,1 0 8 1 6 6 6 0 3,6,-17.872000
5384,1 8 8 3 7 8 6 5 2,7,-65.774000
5385,2 6 5 0 7 3 7 1 6,5,-21.379000
5386,0 7 5 4 2 4 4 7 3,4,-31.331000
5387,6 1 0 7 8 7 4 3 1,5,-17.872000
5388,6 2 7 7 0 6 4 5 1,4,-19.625500
5389,8 8 8 1 6 7 4 3 6,5,-78.371000
5390,2 6 6 4 4 2 3 2 1,5,-21.379000
5391,6 3 4 3 8 4 6 0 1,5,-41.283000
5392,8 1 6 6 1 3 2 1 2,7,-21.379000
5393,8 7 4 4 2 3 3 8 8,6,-59.827000
5394,2 2 1 6 3 1 6 1 7,6,-13.497000
5395,5 2 5 6 7 6 5 2 8,6,-65.774000
5396,1 1 7 0 5 3 4 7 3,6,-29.577500
5397,8 4 7 6 4 2 7 3 5,4,-53.528500
5398,0 0 6 4 6 4 8 1 1,5,-17.872000
5399,3 5 3 4 4 1 5 3 1,7,-41.283000
5400,0 8 1 8 7 2 3 7 7,6,-31.331000
5401,5 0 0 5 3 1 8 2 7,8,-31.331000
5402,6 6 6 0 2 1 2 6 1,5,-17.872000
5403,2 8 3 0 7 6 4 2 7,5,-21.379000
5404,5 6 5 1 1 2 0 8 8,8,-43.576500
5405,8 1 4 4 7 2 2 1 2,6,-21.379000
5406,3 8 8 8 3 4 2 1 7,7,-41.283000
5407,3 5 6 1 4 6 5 7 5,5,-65.774000
5408,0 2 5 0 4 6 2 6 1,6,-19.625500
5409,1 3 5 0 8 3 3 5 2,9,-41.283000
5410,0 1 8 2 6 7 3 3 0,7,-21.379000
5411,0 4 4 4 1 8 3 3 8,6,-41.283000
5412,2 8 4 1 1 6 8 6 5,6,-43.576500
5413,4 6 5 8 2 8 0 0 6,6,-43.576500
5414,6 6 3 3 0 0 4 4 3,5,-41.283000
5415,1 6 0 8 0 1 3 3 5,8,-29.577500
5416,6 5 6 7 8 7 1 5 6,4,-65.774000
5417,6 7 7 0 7 6 5 6 0,3,-17.872000
5418,7 4 8 4 4 3 6 2 3,4,-41.283000
5419,2 7 1 8 1 7 6 6 8,5,-21.379000
5420,8 1 2 3 3 5 0 3 0,9,-41.283000
5421,2 6 2 1 1 8 1 7 1,7,-5.615000
5422,6 3 2 7 1 3 1 3 7,6,-31.331000
5423,0 5 1 2 7 3 1 6 8,7,-21.379000
5424,4 7 0 2 7 8 7 6 8,4,-49.875000
5425,0 2 3 7 2 1 0 5 5,8,-21.379000
5426,0 0 8 0 1 3 2 2 3,9,-21.379000
5427,8 5 7 8 0 3 3 4 6,6,-53.528500
5428,0 6 5 2 0 5 0 8 6,7,-21.379000
5429,2 2 4 8 4 4 7 8 7,4,-49.875000
5430,6 3 0 4 5 0 5 8 3,7,-41.283000
5431,7 5 3 3 2 2 2 5 3,8,-41.283000
5432,3 1 7 4 1 8 6 4 6,4,-23.449000
5433,2 0 7 3 3 2 6 0 2,7,-21.379000
5434,1 1 0 3 6 5 0 3 2,8,-19.625500
5435,6 2 5 0 2 8 6 8 4,6,-43.576500
5436,4 5 1 8 4 6 2 3 2,6,-31.331000
5437,3 5 8 7 4 1 7 2 4,5,-41.283000
5438,1 4 4 5 3 4 7 4 0,4,-29.577500
5439,0 2 0 4 7 8 8 1 3,7,-21.379000
5440,2 6 0 2 5 1 0 8 8,8,-21.379000
5441,0 1 8 4 8 7 2 7 5,6,-43.576500
5442,2 7 8 2 5 2 7 1 0,7,-21.379000
5443,0 6 5 6 6 2 1 5 0,6,-19.625500
5444,3 2 8 8 3 1 7 1 6,7,-41.283000
5445,5 6 8 6 5 7 8 7 7,4,-72.072500
5446,6 2 1 3 6 5 4 7 8,5,-41.283000
5447,3 2 4 3 8 1 7 1 2,7,-21.379000
5448,5 3 1 1 7 4 5 4 8,6,-53.528500
5449,6 5 1 8 1 6 1 7 6,5,-5.615000
5450,3 3 4 7 3 1 7 3 3,6,-41.283000
5451,7 5 3 7 4 1 4 1 0,5,-17.872000
5452,6 1 2 7 1 4 6 6 4,3,-5.615000
5453,4 7 6 2 7 3 8 2 4,4,-31.331000
5454,0 1 4 2 1 8 2 3 3,8,-21.379000
5455,6 6 2 5 7 0 5 3 3,6,-41.283000
5456,0 5 3 2 2 7 2 5 2,8,-21.379000
5457,0 7 1 4 3 7 1 1 7,5,-5.615000
5458,2 4 7 7 3 4 8 1 4,4,-31.331000
5459,2 3 8 3 1 3 3 1 7,8,-41.283000
5460,5 0 8 7 0 2 5 4 2,7,-21.379000
5461,8 7 2 6 7 2 7 7 8,4,-49.875000
5462,8 3 7 4 7 7 6 1 2,4,-31.331000
5463,8 4 4 6 6 2 4 8 3,4,-59.827000
5464,1 6 0 2 5 5 2 1 0,8,-19.625500
5465,4 5 8 2 4 6 5 1 4,5,-65.774000
5466,4 8 4 5 6 2 0 1 0,6,-19.625500
5467,8 7 7 6 4 1 2 8 6,4,-49.875000
5468,1 3 5 1 2 6 7 5 6,6,-31.331000
5469,3 5 5 2 7 0 6 2 2,7,-21.379000
5470,5 5 8 3 1 4 4 3 8,7,-65.774000
5471,0 5 0 2 8 8 8 3 1,9,-41.283000
5472,6 1 5 0 3 6 8 2 6,6,-31.331000
5473,2 0 6 8 0 3 8 4 0,7,-21.379000
5474,4 0 8 8 2 0 6 7 7,5,-21.379000
5475,4 8 0 2 6 6 8 1 7,5,-21.379000
5476,1 2 6 3 1 1 5 0 5,8,-19.625500
5477,5 5 2 1 8 6 6 5 4,6,-65.774000
5478,0 8 1 1 8 5 0 2 5,9,-21.379000
5479,4 2 7 4 3 2 4 6 5,4,-31.331000
5480,3 6 8 2 2 0 5 5 5,8,-53.528500
5481,7 0 2 3 2 0 2 4 5,7,-21.379000
5482,4 1 4 7 2 5 1 6 6,4,-13.497000
5483,4 4 7 7 6 4 0 6 0,2,-17.872000
5484,4 0 3 3 5 2 5 7 8,7,-41.283000
5485,7 3 7 0 5 5 3 4 1,6,-41.283000
5486,2 1 0 7 4 5 1 6 3,6,-19.625500
5487,6 6 4 6 0 8 4 1 5,4,-41.823000
5488,0 0 5 7 2 2 1 4 5,7,-21.379000
5489,8 7 2 2 2 1 4 5 1,7,-21.379000
5490,5 1 0 7 3 4 1 1 5,7,-17.872000
5491,0 0 2 4 7 7 4 1 3,5,-17.872000
5492,0 8 5 6 3 4 0 0 6,6,-29.577500
5493,5 0 6 4 7 3 8 8 5,6,-65.774000
5494,4 0 5 6 3 5 4 0 4,5,-41.283000
5495,0 6 7 5 6 4 8 1 5,5,-65.774000
5496,5 8 8 6 4 5 1 4 5,6,-65.774000
5497,4 6 0 3 4 6 0 6 0,4,-17.872000
5498,1 7 3 1 7 8 1 4 8,6,-23.449000
5499,5 3 6 3 2 5 2 6 1,7,-41.283000
5500,0 3 1 7 1 6 3 0 7,6,-17.872000
5501,7 0 3 6 8 5 0 4 1,6,-29.577500
5502,4 2 8 7 0 2 5 1 2,7,-21.379000
5503,1 8 7 0 4 2 4 5 4,5,-21.379000
5504,5 3 6 8 5 1 7 3 7,6,-53.528500
5505,4 6 5 5 4 7 2 6 2,4,-43.576500
5506,1 3 1 3 7 4 5 3 2,7,-41.283000
5507,4 0 4 4 4 1 5 1 5,5,-17.872000
5508,5 1 6 1 5 0 2 3 5,8,-31.331000
5509,7 0 4 8 3 2 2 2 6,6,-21.379000
5510,2 6 8 7 4 1 8 7 5,5,-65.774000
5511,6 0 5 7 1 8 6 6 2,5,-21.379000
5512,3 3 5 6 2 0 4 8 7,6,-41.283000
5513,6 4 1 7 2 3 0 5 5,6,-31.331000
5514,8 4 0 6 7 6 0 4 7,3,-17.872000
5515,8 0 5 3 8 1 6 3 3,8,-41.283000
5516,4 0 3 1 5 0 0 3 4,7,-17.872000
5517,8 1 4 0 4 0 3 8 3,7,-41.283000
5518,4 3 6 2 5 0 0 7 5,6,-31.331000
5519,7 6 7 8 4 3 5 5 4,4,-65.774000
5520,5 4 1 2 2 1 5 4 2,7,-21.379000
5521,3 8 2 2 8 4 8 2 2,8,-31.331000
5522,5 0 2 1 1 2 5 7 3,8,-21.379000
5523,2 1 7 1 8 3 8 6 0,7,-21.379000
5524,0 5 1 1 1 1 1 8 5,9,-5.615000
5525,2 8 4 0 1 2 3 8 4,7,-21.379000
5526,0 2 8 0 8 5 8 3 6,8,-53.528500
5527,7 4 6 3 4 0 8 0 7,4,-29.577500
5528,3 3 3 7 1 0 8 2 8,8,-41.283000
5529,4 3 2 8 2 0 3 6 3,7,-41.283000
5530,6 7 5 8 5 7 5 6 6,4,-65.774000
5531,0 0 2 2 6 3 5 8 0,8,-21.379000
5532,1 1 1 6 0 2 0 4 6,6,-11.743500
5533,5 4 3 8 6 3 6 8 1,6,-53.528500
5534,3 7 3 4 5 4 5 1 6,5,-41.283000
5535,8 0 4 2 1 4 4 5 7,5,-21.379000
5536,6 3 6 0 4 1 8 3 7,5,-41.283000
5537,8 0 5 5 4 4 6 7 7,4,-65.774000
5538,5 8 1 6 4 5 2 6 8,6,-65.774000
5539,0 7 7 3 2 0 6 2 8,6,-21.379000
5540,6 7 2 4 1 3 6 0 5,5,-21.379000
5541,4 4 5 6 5 8 6 8 1,5,-65.774000
5542,7 5 7 2 0 5 4 7 8,5,-65.774000
5543,8 3 0 0 6 0 6 6 3,6,-29.577500
5544,8 3 2 5 3 3 2 4 6,7,-41.283000
5545,3 1 7 2 4 1 4 2 5,6,-21.379000
5546,0 5 4 4 7 3 2 0 4,5,-21.379000
5547,6 2 3 1 8 0 7 1 5,7,-21.379000
5548,8 8 7 5 5 2 5 6 3,7,-65.774000
5549,7 6 0 0 0 5 0 6 5,6,-17.872000
5550,0 6 0 4 4 7 3 6 3,4,-29.577500
5551,7 1 2 8 0 5 7 2 4,6,-21.379000
5552,1 7 3 2 8 6 3 4 7,5,-41.283000
5553,2 0 5 8 1 8 7 5 5,8,-65.774000
5554,7 8 4 4 3 0 2 3 6,5,-41.283000
5555,8 2 8 8 5 3 7 1 7,7,-65.774000
5556,3 1 0 6 4 3 4 6 5,5,-41.283000
5557,0 2 7 0 6 4 4 8 8,5,-21.379000
5558,7 1 8 2 0 5 0 7 8,7,-21.379000
5559,0 1 1 8 0 6 4 8 5,7,-17.872000
5560,8 4 2 0 4 3 1 8 6,6,-31.331000
5561,5 1 0 7 8 1 7 1 7,6,-11.743500
5562,5 4 6 7 7 0 1 7 6,3,-17.872000
5563,7 6 0 3 0 8 2 1 8,7,-21.379000
5564,1 2 8 1 0 1 2 1 4,8,-11.743500
5565,5 4 4 3 1 8 1 6 5,6,-53.528500
5566,8 0 3 6 2 0 2 1 6,7,-21.379000
5567,5 7 2 4 3 7 2 4 0,5,-21.379000
5568,4 3 5 7 8 7 7 6 5,4,-65.774000
5569,4 1 1 7 2 7 8 0 7,5,-17.872000
5570,5 1 3 4 4 0 8 4 4,5,-41.283000
5571,5 6 2 3 6 3 6 4 5,5,-41.283000
5572,8 8 7 8 8 1 2 1 5,8,-72.072500
5573,6 0 2 6 4 2 3 5 3,6,-31.331000
5574,4 0 8 8 0 0 1 2 4,7,-17.872000
5575,6 3 3 7 5 2 0 6 6,5,-41.283000
5576,0 1 3 5 6 5 0 3 2,8,-31.331000
5577,0 2 0 6 3 6 0 4 4,5,-17.872000
5578,4 5 3 5 8 0 3 7 8,7,-65.774000
5579,6 0 4 6 7 2 4 2 4,3,-21.379000
5580,8 1 2 3 4 7 2 6 0,6,-21.379000
5581,7 6 1 1 4 3 0 3 2,6,-19.625500
5582,4 0 2 0 0 1 4 4 5,6,-17.872000
5583,6 5 6 5 6 4 1 2 8,5,-65.774000
5584,3 7 8 1 3 5 3 8 2,8,-41.283000
5585,3 2 7 7 3 5 2 8 0,7,-41.283000
5586,3 1 5 7 6 1 1 6 4,5,-5.615000
5587,2 5 8 5 7 2 5 1 4,7,-65.774000
5588,3 1 6 2 1 8 7 3 8,7,-41.283000
5589,0 3 6 0 4 8 7 1 2,6,-19.625500
5590,8 7 0 7 2 2 5 1 8,7,-21.379000
5591,2 0 7 0 3 5 1 4 0,7,-17.872000
5592,2 3 4 4 1 3 8 6 7,5,-41.283000
5593,6 5 7 8 0 2 0 4 5,6,-43.576500
5594,0 2 7 0 4 0 7 2 2,6,-19.625500
5595,1 0 3 3 2 4 7 2 7,6,-21.379000
5596,1 3 2 0 3 7 5 7 2,7,-21.379000
5597,6 0 0 5 1 0 5 5 7,7,-17.872000
5598,8 5 4 8 2 5 4 7 3,6,-65.774000
5599,4 6 1 6 2 6 6 2 7,3,-21.379000
5600,4 7 0 6 5 5 7 6 7,3,-65.774000
5601,2 0 4 6 5 1 0 7 5,6,-19.625500
5602,6 6 7 7 7 1 6 0 5,3,-17.872000
5603,3 1 5 8 5 4 8 8 2,8,-65.774000
5604,7 1 3 0 8 1 5 4 7,6,-29.577500
5605,2 5 1 4 0 8 4 2 1,7,-21.379000
5606,5 1 6 2 4 8 0 2 6,6,-21.379000
5607,7 6 7 4 7 6 3 0 3,3,-41.283000
5608,6 4 5 5 6 6 3 5 4,4,-65.774000
5609,6 4 2 6 5 5 1 7 3,5,-41.283000
5610,8 6 8 8 8 6 2 0 6,6,-78.371000
5611,1 3 4 5 8 5 7 0 2,7,-41.283000
5612,7 6 0 8 1 4 8 1 1,6,-11.743500
5613,8 4 3 8 2 2 8 0 1,8,-31.331000
5614,1 8 1 5 4 7 3 5 3,7,-41.283000
5615,8 5 2 4 7 1 5 2 1,7,-21.379000
5616,5 5 4 6 0 4 1 2 6,5,-21.379000
5617,7 7 5 4 4 1 2 8 3,5,-41.283000
5618,2 2 2 5 5 8 3 2 8,9,-41.283000
5619,2 4 8 8 8 7 3 1 3,7,-41.283000
5620,3 1 6 4 4 1 0 3 4,5,-17.872000
5621,6 8 2 2 0 5 4 2 6,6,-21.379000
5622,4 5 3 3 2 4 1 5 2,7,-41.283000
5623,6 4 1 0 4 4 1 0 5,5,-17.872000
5624,3 1 7 2 7 1 1 5 3,7,-21.379000
5625,8 5 3 7 5 4 0 3 5,7,-65.774000
5626,6 7 4 2 0 8 0 6 2,5,-21.379000
5627,4 5 2 3 5 7 6 3 7,5,-41.283000
5628,0 1 4 2 7 5 7 1 3,6,-19.625500
5629,7 1 0 3 6 6 3 2 2,6,-21.379000
5630,1 4 3 1 0 5 5 3 1,8,-29.577500
5631,8 5 6 3 2 8 4 5 0,7,-65.774000
5632,3 7 5 4 2 6 3 4 4,4,-41.283000
5633,4 0 7 7 8 6 6 7 3,3,-41.283000
5634,3 2 1 7 0 2 4 7 2,6,-21.379000
5635,6 6 4 5 2 1 4 4 4,3,-21.379000
5636,0 3 4 2 7 8 6 2 7,5,-21.379000
5637,6 3 3 8 6 3 7 2 2,6,-41.283000
5638,6 3 3 8 8 3 2 8 5,8,-53.528500
5639,8 3 3 2 1 3 0 7 2,8,-31.331000
5640,4 3 8 3 5 6 3 4 1,6,-41.283000
5641,0 4 0 8 6 5 6 7 3,5,-41.283000
5642,6 5 5 8 2 6 4 1 8,6,-65.774000
5643,6 0 4 5 2 8 0 1 8,7,-21.379000
5644,0 2 3 2 2 6 2 2 7,7,-21.379000
5645,3 6 4 1 6 0 8 8 0,6,-29.577500
5646,5 7 2 5 7 1 3 6 1,6,-31.331000
5647,5 6 8 6 1 1 6 3 6,5,-41.283000
5648,8 6 2 5 1 3 1 1 5,8,-31.331000
5649,5 1 3 8 0 4 5 4 0,7,-41.283000
5650,2 4 3 1 2 3 3 5 4,7,-41.283000
5651,3 2 1 8 3 3 7 7 1,7,-41.283000
5652,6 7 0 7 3 0 3 3 6,5,-41.283000
5653,8 4 1 1 8 7 0 5 8,7,-65.774000
5654,5 0 1 2 3 8 2 5 2,9,-21.379000
5655,4 2 5 7 8 3 8 3 6,6,-53.528500
5656,4 4 8 6 2 0 6 4 5,4,-43.576500
5657,2 5 8 8 1 3 0 8 1,9,-41.283000
5658,4 4 1 2 6 2 7 8 1,5,-21.379000
5659,6 8 1 8 0 7 1 1 2,7,-17.872000
5660,2 7 6 6 5 7 3 4 5,4,-53.528500
5661,2 5 3 5 3 2 4 8 1,8,-41.283000
5662,5 4 3 7 7 2 6 1 1,5,-21.379000
5663,1 1 4 8 8 1 2 3 6,7,-21.379000
5664,4 3 2 3 1 1 1 4 4,6,-13.497000
5665,4 6 6 6 5 7 7 4 7,1,-65.774000
5666,8 2 8 3 2 6 6 0 4,6,-31.331000
5667,0 3 1 0 7 2 8 0 8,8,-19.625500
5668,2 0 7 3 3 0 7 5 0,7,-21.379000
5669,4 0 7 1 6 5 4 6 4,3,-17.872000
5670,8 1 0 7 4 7 6 4 6,3,-17.872000
5671,5 4 3 0 6 2 6 0 8,6,-31.331000
5672,3 5 2 5 1 6 1 4 0,7,-21.379000
5673,2 8 1 7 6 7 5 3 1,6,-31.331000
5674,2 5 0 6 4 7 4 5 3,5,-41.283000
5675,1 3 6 0 1 3 0 6 1,7,-17.872000
5676,3 2 0 3 2 4 1 5 4,7,-21.379000
5677,6 8 6 6 1 1 3 3 0,6,-29.577500
5678,2 5 6 6 0 5 8 4 3,6,-53.528500
5679,4 0 8 0 5 2 4 6 8,6,-43.576500
5680,6 4 2 1 0 4 5 4 1,5,-17.872000
5681,7 8 2 5 2 4 5 3 1,7,-41.283000
5682,0 7 1 7 4 0 2 0 7,5,-17.872000
5683,4 2 4 1 2 2 3 0 4,6,-21.379000
5684,3 5 3 0 5 3 7 3 8,8,-41.283000
5685,2 3 2 7 1 3 6 6 5,6,-31.331000
5686,1 2 4 3 4 6 0 2 1,6,-19.625500
5687,3 4 5 7 7 5 0 8 5,6,-65.774000
5688,0 8 6 1 0 5 2 5 4,7,-21.379000
5689,1 7 7 4 8 3 0 0 6,5,-17.872000
5690,6 5 2 1 0 1 7 2 1,7,-17.872000
5691,2 1 0 3 6 7 0 0 7,6,-17.872000
5692,1 3 3 2 5 0 7 4 1,7,-21.379000
5693,3 3 4 7 1 4 3 4 6,4,-41.283000
5694,6 6 6 7 5 1 4 2 1,4,-13.497000
5695,6 4 5 8 7 4 1 4 2,4,-43.576500
5696,8 4 4 6 2 3 7 1 1,5,-21.379000
5697,7 2 8 4 3 5 5 4 3,6,-53.528500
5698,2 2 2 5 8 3 0 5 4,8,-31.331000
5699,4 4 5 2 5 4 8 7 2,5,-65.774000
5700,4 3 3 8 3 0 5 0 5,8,-41.283000
5701,6 7 6 3 5 2 7 4 0,4,-31.331000
5702,5 7 8 7 5 7 6 3 7,4,-65.774000
5703,7 1 0 1 2 8 5 1 7,7,-17.872000
5704,7 5 2 6 5 1 5 3 8,7,-65.774000
5705,0 7 8 6 2 6 8 0 2,6,-21.379000
5706,0 7 2 0 1 4 6 8 2,6,-19.625500
5707,6 8 3 2 6 1 3 6 2,6,-31.331000
5708,4 3 5 0 3 4 5 5 2,7,-41.283000
5709,4 1 0 1 8 2 1 4 4,6,-11.743500
5710,7 1 6 3 0 3 3 0 7,6,-29.577500
5711,1 0 1 6 4 7 3 6 1,5,-5.615000
5712,5 1 8 1 7 3 0 2 2,8,-21.379000
5713,3 5 2 0 2 5 0 6 0,8,-21.379000
5714,6 6 0 4 2 4 5 2 8,5,-21.379000
5715,4 6 2 0 6 1 3 7 0,5,-17.872000
5716,2 3 5 5 1 6 4 0 5,7,-41.283000
5717,8 6 3 3 7 5 4 2 2,6,-41.283000
5718,2 1 8 2 1 0 0 3 3,9,-21.379000
5719,4 1 4 8 8 2 4 6 6,4,-49.875000
5720,1 3 2 0 3 1 0 5 5,9,-21.379000
5721,2 1 8 5 1 2 2 7 2,8,-21.379000
5722,4 4 6 5 6 5 0 1 0,5,-17.872000
5723,2 5 7 7 8 8 8 7 0,6,-72.072500
5724,3 3 1 2 7 7 0 7 2,6,-21.379000
5725,1 5 3 5 8 2 7 4 2,7,-41.283000
5726,8 3 6 5 3 0 1 6 4,6,-41.283000
5727,2 6 1 0 8 2 1 1 2,8,-19.625500
5728,3 8 0 4 7 1 0 2 5,7,-21.379000
5729,0 7 7 8 4 8 2 7 1,5,-21.379000
5730,1 7 2 6 0 5 2 6 0,6,-19.625500
5731,6 8 0 1 2 2 5 8 6,7,-21.379000
5732,8 4 8 1 1 4 5 3 7,6,-53.528500
5733,8 5 6 2 7 4 4 8 3,5,-65.774000
5734,0 4 1 7 3 1 5 3 0,7,-17.872000
5735,4 1 4 0 0 7 2 4 8,5,-17.872000
5736,3 0 1 5 3 0 6 1 6,7,-17.872000
5737,8 4 3 1 7 8 6 6 8,5,-78.371000
5738,4 3 6 1 3 6 0 7 3,5,-41.283000
5739,5 4 7 5 4 6 2 4 4,3,-65.774000
5740,8 3 7 6 1 7 4 3 0,5,-41.283000
5741,5 5 7 4 4 1 1 1 5,6,-35.694500
5742,8 4 5 6 7 0 1 7 2,5,-21.379000
5743,2 8 3 2 2 3 7 1 4,7,-21.379000
5744,4 2 4 2 6 6 1 3 8,5,-21.379000
5745,1 7 3 6 3 2 8 7 2,6,-31.331000
5746,3 1 6 4 0 1 3 8 5,7,-41.283000
5747,0 5 0 3 3 8 1 0 6,8,-29.577500
5748,3 6 1 1 8 4 5 8 7,6,-53.528500
5749,8 4 7 5 5 7 7 5 0,5,-65.774000
5750,1 2 2 7 8 1 4 6 5,6,-21.379000
5751,5 8 8 6 0 0 1 3 3,8,-41.283000
5752,2 7 4 3 3 4 7 2 3,5,-41.283000
5753,2 7 4 8 6 3 7 3 5,5,-41.283000
5754,3 8 2 4 6 2 3 0 6,6,-31.331000
5755,4 0 3 3 2 2 6 1 2,7,-21.379000
5756,4 6 2 2 7 1 7 3 5,5,-21.379000
5757,8 3 6 0 0 6 4 1 1,6,-17.872000
5758,2 4 0 5 3 2 4 6 4,5,-21.379000
5759,0 8 5 5 5 5 4 4 7,6,-65.774000
5760,2 5 0 2 7 6 7 5 6,5,-21.379000
5761,0 3 4 5 1 8 1 8 7,7,-41.283000
5762,3 8 2 0 0 6 7 5 5,7,-41.283000
5763,5 5 7 7 2 0 0 5 4,6,-43.576500
5764,7 0 0 2 7 3 8 3 8,7,-41.283000
5765,6 1 6 5 2 8 0 8 5,7,-65.774000
5766,6 8 7 8 1 4 4 1 8,5,-78.371000
5767,2 0 8 8 3 2 6 7 7,6,-31.331000
5768,7 5 3 6 3 5 2 5 0,7,-41.283000
5769,8 0 6 3 7 2 1 1 6,6,-19.625500
5770,7 1 2 2 5 2 0 4 2,7,-21.379000
5771,8 4 4 8 6 7 2 0 4,4,-49.875000
5772,6 6 0 4 0 3 4 8 1,5,-17.872000
5773,8 2 0 0 0 3 0 1 3,9,-17.872000
5774,3 7 1 5 4 7 3 2 5,6,-41.283000
5775,2 0 8 8 1 0 1 3 8,9,-21.379000
5776,3 8 6 7 7 1 6 5 1,5,-41.283000
5777,5 6 0 2 1 1 5 7 3,7,-21.379000
5778,6 2 8 1 0 1 0 1 0,8,-17.872000
5779,4 6 7 0 2 0 1 8 0,6,-17.872000
5780,2 1 4 1 6 2 8 1 0,7,-17.872000
5781,2 8 3 2 5 1 4 2 8,8,-31.331000
5782,1 4 5 8 5 8 6 4 2,6,-65.774000
5783,6 6 1 3 2 7 4 6 4,3,-21.379000
5784,2 5 5 5 3 7 8 4 5,7,-65.774000
5785,0 4 4 4 7 6 7 5 0,3,-17.872000
5786,8 6 8 6 8 0 2 4 2,6,-49.875000
5787,5 7 5 3 2 8 3 7 1,7,-41.283000
5788,4 8 8 3 2 0 7 3 6,6,-41.283000
5789,1 0 1 4 8 3 3 0 0,8,-17.872000
5790,8 7 2 5 6 8 2 6 1,6,-43.576500
5791,3 0 3 2 2 8 0 8 7,8,-31.331000
5792,2 5 0 6 5 8 1 7 1,7,-21.379000
5793,4 7 1 0 2 0 8 8 5,7,-21.379000
5794,7 6 6 3 0 5 1 4 4,4,-29.577500
5795,0 6 8 5 3 1 5 1 6,7,-41.283000
5796,0 5 8 6 4 1 1 1 1,7,-5.615000
5797,2 4 1 8 2 3 0 5 2,8,-21.379000
5798,7 1 5 1 0 8 6 3 7,6,-29.577500
5799,7 0 0 3 3 1 8 6 8,7,-41.283000
5800,4 2 7 2 5 6 5 4 4,4,-43.576500
5801,8 4 2 4 7 4 4 0 8,4,-49.875000
5802,8 0 6 7 7 3 2 7 8,5,-41.283000
5803,0 6 5 8 7 0 3 8 3,7,-41.283000
5804,8 3 1 6 0 5 8 4 1,7,-41.283000
5805,2 5 8 6 6 0 8 3 3,7,-41.283000
5806,7 0 5 2 8 3 4 0 0,7,-21.379000
5807,5 7 5 2 7 2 8 3 1,7,-41.283000
5808,0 0 8 1 7 4 6 6 4,4,-17.872000
5809,7 6 5 0 4 6 8 4 2,4,-43.576500
5810,1 3 6 3 4 4 4 3 6,4,-41.283000
5811,3 8 8 6 5 5 6 7 8,6,-72.072500
5812,4 3 5 7 5 4 3 2 6,5,-41.283000
5813,5 8 7 3 2 5 4 6 1,6,-53.528500
5814,6 3 2 4 2 5 8 0 1,7,-21.379000
5815,2 4 4 0 6 2 6 5 8,5,-21.379000
5816,7 4 4 1 6 5 2 0 2,5,-21.379000
5817,3 5 1 0 1 7 1 6 8,7,-17.872000
5818,8 6 7 1 5 3 4 3 2,6,-41.283000
5819,6 0 3 5 0 1 4 6 7,5,-17.872000
5820,4 3 2 7 6 8 8 7 3,5,-41.283000
5821,1 7 0 2 0 2 6 7 0,6,-17.872000
5822,4 8 5 2 0 1 8 0 3,8,-31.331000
5823,3 2 6 7 0 5 8 4 5,6,-53.528500
5824,6 8 6 6 6 4 2 8 5,4,-72.072500
5825,8 2 0 5 1 7 4 2 5,7,-21.379000
5826,6 8 7 6 7 5 5 0 0,5,-65.774000
5827,1 2 0 8 1 4 8 2 5,8,-21.379000
5828,7 4 1 3 0 7 0 5 6,5,-17.872000
5829,0 0 8 7 0 0 4 1 7,6,-17.872000
5830,3 4 4 3 1 3 0 6 0,6,-29.577500
5831,5 8 3 6 4 8 5 5 5,7,-65.774000
5832,4 0 5 7 4 4 1 2 3,5,-21.379000
5833,6 8 5 7 3 8 2 8 5,7,-65.774000
5834,3 6 3 0 5 7 0 6 8,6,-41.283000
5835,4 8 1 6 7 2 8 5 3,6,-53.528500
5836,6 8 7 1 8 8 5 5 5,7,-65.774000
5837,2 8 3 1 1 2 5 4 2,8,-21.379000
5838,6 6 4 1 1 3 4 2 8,5,-21.379000
5839,6 7 6 2 4 5 2 2 1,5,-21.379000
5840,0 4 5 2 3 1 8 4 7,6,-31.331000
5841,4 3 0 1 6 5 7 7 0,5,-17.872000
5842,1 5 4 5 8 5 3 0 3,8,-53.528500
5843,0 3 6 1 7 3 7 3 2,6,-31.331000
5844,4 8 2 0 1 3 8 4 8,7,-41.283000
5845,0 5 2 6 5 7 8 2 4,6,-43.576500
5846,2 7 5 3 0 2 3 3 2,8,-31.331000
5847,2 4 6 2 2 6 7 1 5,5,-21.379000
5848,3 5 3 4 8 3 3 5 4,7,-41.283000
5849,3 5 6 5 2 1 8 4 8,7,-65.774000
5850,0 5 2 7 4 2 8 1 1,7,-21.379000
5851,1 1 3 7 7 8 5 3 8,7,-41.283000
5852,8 8 0 7 4 4 5 3 7,5,-65.774000
5853,7 1 8 2 3 4 2 3 7,6,-31.331000
5854,5 2 6 4 6 7 0 8 3,5,-41.283000
5855,8 3 7 5 2 5 8 7 5,7,-65.774000
5856,3 0 4 5 8 7 5 1 6,6,-53.528500
5857,7 8 4 3 0 0 7 5 8,6,-53.528500
5858,7 2 3 0 7 7 4 0 5,5,-21.379000
5859,7 3 8 6 8 2 5 4 7,5,-65.774000
5860,2 7 5 0 7 8 2 8 7,6,-43.576500
5861,7 7 2 0 3 7 4 0 5,5,-21.379000
5862,7 0 3 7 8 7 4 5 5,5,-65.774000
5863,3 5 6 0 8 1 4 3 5,7,-41.283000
5864,7 2 7 4 1 2 7 0 6,4,-19.625500
5865,7 6 6 7 8 2 6 0 3,4,-31.331000
5866,4 5 7 7 7 5 2 6 7,3,-65.774000
5867,3 3 6 7 6 6 7 7 3,3,-41.283000
5868,2 1 4 4 4 6 7 3 4,3,-21.379000
5869,1 7 6 5 1 3 0 8 3,7,-41.283000
5870,2 1 6 1 0 3 3 8 7,7,-21.379000
5871,7 4 6 7 5 1 3 6 1,4,-23.449000
5872,2 4 8 7 4 8 4 6 8,4,-78.371000
5873,7 6 2 3 5 3 8 0 2,7,-41.283000
5874,7 8 6 0 2 8 4 4 1,5,-21.379000
5875,4 0 4 2 1 3 7 1 5,6,-19.625500
5876,0 0 3 6 3 5 2 4 0,7,-21.379000
5877,1 0 2 5 7 2 4 6 8,6,-21.379000
5878,2 5 2 1 6 7 3 8 1,7,-21.379000
5879,4 8 0 2 3 3 5 4 2,7,-41.283000
5880,6 4 5 8 5 7 5 0 2,6,-65.774000
5881,7 4 8 2 7 4 4 0 6,3,-21.379000
5882,5 6 7 3 7 0 8 5 5,6,-65.774000
5883,1 2 0 7 8 5 3 0 7,7,-21.379000
5884,4 4 2 1 6 3 4 2 2,5,-21.379000
5885,7 7 0 6 5 1 0 3 5,6,-29.577500
5886,6 1 0 4 7 6 0 2 2,5,-17.872000
5887,8 7 6 2 0 4 2 2 5,6,-21.379000
5888,4 3 0 5 2 4 6 4 5,5,-41.283000
5889,6 4 4 7 5 7 5 6 8,3,-65.774000
5890,2 5 0 4 0 6 6 7 2,5,-21.379000
5891,8 1 7 1 3 2 6 4 2,6,-21.379000
5892,3 1 2 2 2 0 4 8 7,7,-21.379000
5893,5 7 6 7 0 2 6 4 1,4,-19.625500
5894,8 3 4 8 2 4 2 0 8,7,-41.283000
5895,3 3 5 8 6 2 8 6 8,7,-65.774000
5896,5 6 2 4 2 3 4 4 5,5,-41.283000
5897,4 1 2 4 7 8 1 3 6,5,-21.379000
5898,3 5 1 7 6 1 5 1 4,6,-23.449000
5899,6 6 5 3 8 5 4 0 5,6,-65.774000
5900,3 2 8 2 7 1 0 4 0,7,-21.379000
5901,6 7 6 8 0 3 7 2 2,5,-21.379000
5902,5 2 3 5 4 2 3 7 1,7,-41.283000
5903,4 1 7 1 7 6 6 4 2,3,-5.615000
5904,1 1 6 2 6 5 5 5 2,7,-21.379000
5905,7 2 4 0 1 3 0 3 4,6,-19.625500
5906,4 2 0 4 1 3 3 1 0,7,-17.872000
5907,8 6 6 3 8 2 6 4 8,5,-78.371000
5908,8 6 7 5 0 0 0 0 1,7,-17.872000
5909,6 1 3 2 2 6 0 8 8,7,-21.379000
5910,4 5 0 8 8 1 3 3 2,8,-41.283000
5911,7 7 6 0 3 3 5 3 8,6,-41.283000
5912,2 5 4 6 3 8 7 2 6,5,-41.283000
5913,2 8 3 0 7 8 4 5 1,7,-41.283000
5914,1 0 2 4 7 1 2 6 8,6,-19.625500
5915,5 8 5 2 3 5 0 8 2,9,-65.774000
5916,7 4 1 3 5 3 0 7 6,5,-41.283000
5917,4 7 2 0 6 4 3 7 5,4,-31.331000
5918,7 6 4 4 5 3 1 5 2,5,-41.283000
5919,4 1 1 3 1 6 8 3 1,7,-5.615000
5920,8 1 3 6 7 5 5 8 7,6,-65.774000
5921,4 0 7 3 8 1 3 3 1,7,-41.283000
5922,6 6 2 7 3 2 1 5 1,6,-21.379000
5923,6 1 6 3 3 6 6 8 1,5,-41.283000
5924,1 6 6 2 1 6 0 7 6,4,-11.743500
5925,0 8 6 4 3 7 4 6 7,3,-41.283000
5926,1 4 2 5 7 1 3 6 5,6,-31.331000
5927,6 6 4 0 3 3 6 5 4,4,-41.283000
5928,8 0 6 0 0 0 5 1 8,8,-17.872000
5929,8 2 1 3 4 5 5 0 5,8,-53.528500
5930,7 6 2 4 3 6 2 7 5,4,-31.331000
5931,1 6 1 6 7 5 4 4 6,3,-5.615000
5932,1 4 2 1 5 7 4 3 8,6,-31.331000
5933,4 4 5 1 5 6 5 8 8,6,-65.774000
5934,4 2 7 1 7 3 2 4 3,5,-21.379000
5935,7 0 6 1 2 7 1 0 2,6,-17.872000
5936,3 4 4 0 6 6 3 2 5,5,-41.283000
5937,6 8 8 3 4 4 7 3 7,4,-59.827000
5938,0 5 3 3 7 4 1 3 3,7,-41.283000
5939,4 0 3 0 5 3 4 2 3,7,-41.283000
5940,6 8 3 1 1 1 0 8 2,8,-19.625500
5941,7 8 4 4 8 8 1 6 0,5,-78.371000
5942,0 3 7 4 6 5 7 6 8,4,-53.528500
5943,7 1 5 2 3 0 7 5 0,7,-21.379000
5944,5 6 6 6 0 4 7 3 1,4,-29.577500
5945,6 2 3 6 7 4 1 3 1,5,-21.379000
5946,3 1 1 1 2 3 1 2 8,9,-21.379000
5947,7 1 5 3 2 6 8 4 2,6,-31.331000
5948,4 4 4 6 5 3 1 2 2,5,-21.379000
5949,8 4 7 5 0 3 3 0 0,7,-41.283000
5950,1 5 2 7 7 1 2 6 6,5,-21.379000
5951,0 6 8 2 5 6 5 3 0,7,-41.283000
5952,2 7 2 7 1 1 7 0 1,6,-11.743500
5953,4 8 6 0 8 1 1 0 4,6,-17.872000
5954,3 1 6 7 5 3 7 4 6,4,-41.283000
5955,7 8 1 5 8 7 1 1 7,6,-35.694500
5956,3 0 8 8 5 4 4 1 5,7,-65.774000
5957,8 4 1 6 4 3 2 3 5,6,-41.283000
5958,8 3 6 0 5 5 2 0 8,8,-53.528500
5959,3 3 7 3 6 2 8 0 7,6,-41.283000
5960,6 0 5 4 3 8 4 8 7,5,-65.774000
5961,2 2 0 4 2 6 2 6 8,6,-21.379000
5962,8 0 7 5 8 2 6 5 5,7,-65.774000
5963,7 3 6 7 4 5 7 8 1,4,-53.528500
5964,5 7 5 8 4 6 5 1 3,6,-65.774000
5965,4 5 3 2 5 7 6 2 0,6,-31.331000
5966,5 2 1 8 6 0 6 7 1,6,-19.625500
5967,1 0 2 2 0 8 0 1 3,9,-17.872000
5968,2 6 5 7 1 0 5 3 2,7,-21.379000
5969,3 6 7 7 4 1 3 5 4,4,-41.283000
5970,7 5 7 6 4 8 2 0 4,4,-43.576500
5971,4 4 3 2 5 5 6 3 0,6,-41.283000
5972,8 4 6 1 3 7 8 4 2,5,-41.283000
5973,8 6 3 3 0 3 2 1 5,8,-41.283000
5974,0 4 0 5 7 3 4 5 8,6,-53.528500
5975,7 6 5 3 2 8 8 0 0,7,-41.283000
5976,2 2 0 4 4 2 4 1 5,6,-21.379000
5977,8 5 6 4 3 2 5 8 3,7,-65.774000
5978,8 0 6 2 8 8 7 2 3,7,-41.283000
5979,0 5 7 0 1 6 3 3 1,7,-17.872000
5980,7 7 4 6 2 3 6 7 7,2,-31.331000
5981,7 5 1 3 5 4 7 1 8,6,-53.528500
5982,2 1 2 5 8 4 2 5 4,7,-21.379000
5983,5 6 6 0 4 7 2 8 4,4,-43.576500
5984,4 6 2 5 5 3 3 4 8,6,-53.528500
5985,4 6 8 6 1 2 0 3 0,6,-19.625500
5986,4 4 4 3 4 6 5 2 6,3,-41.283000
5987,5 8 8 7 2 0 7 1 5,7,-65.774000
5988,0 8 6 7 7 0 2 4 5,5,-21.379000
5989,5 4 6 1 8 3 7 3 4,5,-41.283000
5990,2 2 1 4 2 2 5 8 6,7,-21.379000
5991,8 1 1 5 3 6 1 0 5,8,-29.577500
5992,1 2 2 2 1 5 1 7 6,7,-21.379000
5993,8 7 7 6 7 1 4 3 6,3,-41.283000
5994,1 0 8 0 7 6 6 8 2,6,-19.625500
5995,3 1 3 8 3 2 4 4 0,7,-41.283000
5996,8 6 0 6 8 2 0 8 5,7,-65.774000
5997,0 2 2 6 6 1 1 4 7,5,-17.872000
5998,1 5 0 2 5 3 8 8 7,8,-53.528500
5999,2 2 2 7 8 6 1 6 7,5,-21.379000
6000,3 0 0 7 3 7 6 7 5,5,-41.283000
6001,4 0 0 1 6 1 2 8 0,7,-17.872000
6002,5 3 7 2 8 6 6 0 1,6,-31.331000
6003,5 5 0 1 8 2 8 1 8,9,-65.774000
6004,1 5 3 6 0 1 2 4 7,6,-19.625500
6005,1 6 3 4 7 7 4 8 3,4,-41.283000
6006,3 4 0 8 6 6 6 1 5,5,-41.283000
6007,3 1 1 5 1 5 3 7 2,8,-31.331000
6008,3 8 5 6 5 3 3 2 3,8,-41.283000
6009,3 1 0 8 4 7 4 1 4,5,-17.872000
6010,7 0 0 1 1 4 6 2 8,6,-17.872000
6011,1 0 3 3 6 0 7 1 0,7,-17.872000
6012,2 6 2 8 6 7 2 4 2,5,-21.379000
6013,6 6 4 1 8 8 0 8 7,5,-78.371000
6014,1 2 7 2 2 8 5 8 8,8,-43.576500
6015,0 1 6 6 1 2 7 0 2,6,-17.872000
6016,3 3 4 0 4 2 4 7 5,5,-41.283000
6017,1 6 1 0 7 1 1 4 0,6,-5.615000
6018,2 5 5 8 7 4 3 7 3,6,-53.528500
6019,2 3 2 2 3 8 8 5 8,9,-41.283000
6020,3 8 0 7 1 8 5 3 6,7,-41.283000
6021,3 3 8 8 3 6 4 3 7,6,-41.283000
6022,2 4 5 6 3 8 8 2 1,7,-41.283000
6023,8 5 5 4 8 1 7 6 0,6,-65.774000
6024,2 5 2 4 8 1 2 5 5,8,-43.576500
6025,3 5 6 6 1 0 3 7 3,6,-41.283000
6026,8 3 5 4 7 2 0 1 0,7,-21.379000
6027,0 7 8 2 0 1 8 1 5,8,-19.625500
6028,6 1 7 0 5 8 6 4 0,5,-17.872000
6029,2 2 5 2 3 6 4 8 3,7,-41.283000
6030,3 6 3 2 6 0 6 3 4,5,-41.283000
6031,1 8 7 1 7 7 7 4 5,4,-35.694500
6032,4 2 1 2 8 1 0 5 3,8,-21.379000
6033,2 1 6 3 2 7 1 3 7,6,-21.379000
6034,4 7 0 3 2 1 8 6 5,6,-31.331000
6035,8 2 5 2 0 7 8 5 1,8,-43.576500
6036,3 6 2 0 7 1 0 5 2,7,-21.379000
6037,7 2 4 0 4 4 4 4 4,2,-19.625500
6038,5 5 5 4 4 0 5 7 6,5,-65.774000
6039,5 7 4 8 5 0 4 6 7,4,-65.774000
6040,1 1 0 6 7 5 0 3 1,7,-17.872000
6041,7 6 7 2 7 1 3 8 8,5,-41.283000
6042,8 4 5 8 7 8 5 4 0,6,-72.072500
6043,0 5 3 5 8 7 2 4 3,7,-41.283000
6044,7 0 5 2 3 3 7 2 4,6,-31.331000
6045,8 3 4 8 8 1 0 8 6,7,-78.371000
6046,1 0 1 1 7 7 5 2 5,7,-17.872000
6047,1 7 5 6 8 2 4 5 0,6,-43.576500
6048,5 4 1 8 4 5 5 5 8,7,-65.774000
6049,6 3 2 1 8 8 3 3 4,7,-41.283000
6050,4 7 4 8 8 3 4 0 2,5,-41.283000
6051,8 4 4 0 4 2 3 5 0,6,-31.331000
6052,3 7 2 7 1 1 2 8 2,7,-21.379000
6053,0 3 6 6 3 6 2 4 7,4,-31.331000
6054,5 5 1 5 7 0 5 8 2,8,-65.774000
6055,6 7 8 1 6 6 4 4 8,3,-78.371000
6056,2 3 5 1 5 5 4 7 6,6,-53.528500
6057,1 5 1 0 3 8 2 4 4,7,-21.379000
6058,3 7 8 8 7 7 1 4 0,5,-41.283000
6059,0 4 6 4 4 3 1 4 0,4,-17.872000
6060,7 7 3 0 2 3 8 7 3,6,-41.283000
6061,0 4 5 1 0 1 1 8 7,7,-17.872000
6062,8 3 8 4 5 5 3 5 7,7,-65.774000
6063,5 8 1 2 0 4 8 1 5,8,-43.576500
6064,1 5 0 1 6 4 2 2 3,7,-21.379000
6065,3 2 1 0 4 3 4 1 6,6,-19.625500
6066,1 0 1 2 4 2 2 2 3,8,-21.379000
6067,0 7 0 4 7 3 1 0 2,6,-17.872000
6068,5 6 2 6 7 5 2 3 7,5,-41.283000
6069,5 6 4 0 2 2 3 1 5,7,-21.379000
6070,6 6 5 0 3 1 4 7 4,4,-29.577500
6071,7 8 5 3 6 6 0 3 8,6,-53.528500
6072,2 5 6 6 4 0 1 7 6,4,-19.625500
6073,7 7 2 0 2 0 5 5 4,6,-21.379000
6074,8 8 6 0 7 8 0 5 6,6,-72.072500
6075,0 7 3 1 0 1 4 6 0,6,-17.872000
6076,0 4 5 4 4 5 6 7 6,3,-65.774000
6077,7 5 0 5 8 4 1 1 6,6,-41.823000
6078,6 0 0 2 0 7 2 0 2,7,-17.872000
6079,3 1 3 8 7 5 8 3 6,7,-41.283000
6080,2 1 6 5 0 6 6 2 7,5,-21.379000
6081,2 4 1 6 1 3 8 4 0,6,-19.625500
6082,2 8 3 1 2 2 2 7 6,7,-21.379000
6083,6 6 4 3 5 8 2 8 5,6,-65.774000
6084,1 0 2 4 3 7 7 7 0,5,-17.872000
6085,1 8 4 0 2 0 6 4 7,5,-17.872000
6086,3 2 4 4 0 7 6 8 6,4,-31.331000
6087,6 5 5 5 1 7 3 2 2,7,-41.283000
6088,8 7 6 2 7 4 0 5 4,4,-43.576500
6089,6 4 7 1 6 7 1 1 0,4,-5.615000
6090,6 6 0 8 2 6 0 1 1,6,-17.872000
6091,6 6 7 5 1 0 8 2 2,6,-21.379000
6092,2 2 1 8 3 0 7 7 2,7,-21.379000
6093,1 7 1 8 4 8 0 8 0,7,-17.872000
6094,1 7 2 7 4 6 2 7 6,3,-21.379000
6095,5 2 0 7 5 8 5 7 5,7,-65.774000
6096,4 0 6 4 2 3 8 8 2,6,-31.331000
6097,0 1 5 7 6 8 0 0 1,7,-17.872000
6098,2 3 7 5 1 1 0 8 4,7,-21.379000
6099,7 5 8 8 4 1 3 6 0,6,-53.528500
6100,4 8 0 8 3 7 7 2 8,6,-59.827000
6101,3 5 0 5 8 7 5 2 5,8,-65.774000
6102,4 8 8 2 7 0 5 2 8,7,-65.774000
6103,2 4 7 7 0 3 2 5 0,6,-21.379000
6104,7 6 7 3 8 3 5 2 0,6,-41.283000
6105,1 3 6 0 7 6 0 2 3,6,-19.625500
6106,7 7 0 5 3 1 0 0 3,7,-17.872000
6107,8 7 5 0 0 5 2 5 0,8,-43.576500
6108,0 8 4 3 8 1 2 1 2,8,-21.379000
6109,4 1 2 8 1 8 8 4 0,7,-21.379000
6110,0 3 5 4 5 3 5 2 8,8,-53.528500
6111,3 4 3 1 2 4 6 6 2,5,-21.379000
6112,5 4 6 3 3 6 6 7 4,3,-41.283000
6113,4 5 6 4 2 8 4 4 2,4,-43.576500
6114,4 6 7 4 5 6 6 2 1,3,-21.379000
6115,0 1 8 2 5 5 7 5 8,8,-65.774000
6116,8 7 4 4 3 1 5 0 3,6,-41.283000
6117,3 4 7 7 4 7 7 3 0,3,-41.283000
6118,1 8 5 8 5 0 8 3 4,8,-65.774000
6119,3 0 1 3 0 4 5 0 2,8,-19.625500
6120,3 5 5 1 2 1 6 8 1,8,-31.331000
6121,6 7 6 3 6 1 8 7 7,3,-41.283000
6122,6 8 5 8 0 8 4 4 7,5,-78.371000
6123,8 8 6 8 3 8 4 4 8,6,-78.371000
6124,5 2 0 6 1 8 8 2 2,8,-21.379000
6125,8 3 6 6 4 4 4 4 8,3,-78.371000
6126,7 3 0 3 8 7 6 4 3,5,-41.283000
6127,5 6 8 4 5 0 7 3 0,6,-53.528500
6128,6 8 1 4 4 5 8 7 7,4,-72.072500
6129,3 4 2 4 3 0 5 0 3,7,-41.283000
6130,3 7 0 1 7 0 3 1 8,7,-17.872000
6131,7 5 7 2 4 5 4 0 7,4,-43.576500
6132,8 3 0 2 5 3 6 8 0,8,-41.283000
6133,5 8 2 3 4 8 2 0 6,7,-41.283000
6134,2 2 4 8 7 7 1 1 3,6,-21.379000
6135,1 8 0 5 1 8 4 1 1,8,-11.743500
6136,7 5 5 7 7 4 1 7 4,3,-65.774000
6137,7 7 7 4 4 8 2 3 8,4,-59.827000
6138,7 4 5 1 5 6 4 7 3,4,-53.528500
6139,8 1 0 0 7 6 2 0 3,7,-17.872000
6140,2 4 4 7 7 0 7 5 2,4,-21.379000
6141,7 1 6 0 4 6 6 8 3,4,-29.577500
6142,3 5 6 6 7 6 8 1 2,5,-41.283000
6143,6 6 6 5 1 2 7 7 6,3,-21.379000
6144,4 7 5 4 8 6 5 3 7,4,-65.774000
6145,2 8 4 2 8 8 1 3 5,8,-53.528500
6146,2 3 0 6 8 0 0 1 1,8,-17.872000
6147,1 4 8 2 0 4 3 0 3,7,-21.379000
6148,2 4 3 0 8 3 3 3 8,8,-41.283000
6149,8 0 8 4 1 4 5 4 7,5,-65.774000
6150,0 6 5 2 6 1 1 7 0,6,-17.872000
6151,8 8 4 8 2 8 2 1 7,7,-78.371000
6152,2 1 7 4 7 2 0 0 5,6,-19.625500
6153,7 0 1 8 0 1 0 2 3,8,-17.872000
6154,0 0 7 0 7 2 5 7 0,6,-17.872000
6155,5 7 5 1 3 1 6 5 8,7,-65.774000
6156,3 5 7 3 2 8 0 5 1,8,-41.283000
6157,8 7 2 3 4 6 6 6 4,3,-41.283000
6158,8 2 1 3 6 1 4 7 0,6,-19.625500
6159,2 7 3 3 8 7 5 4 5,6,-53.528500
6160,3 3 0 5 8 1 2 0 2,9,-21.379000
6161,4 8 4 0 0 1 8 0 2,7,-17.872000
6162,3 0 5 1 4 5 5 6 0,7,-41.283000
6163,5 8 0 3 2 5 1 6 1,8,-31.331000
6164,4 5 4 8 3 8 5 6 6,5,-65.774000
6165,2 5 4 2 5 4 0 1 7,6,-21.379000
6166,2 6 7 3 6 3 3 1 4,5,-41.283000
6167,6 2 1 4 0 1 0 6 5,6,-17.872000
6168,5 3 3 6 7 4 6 7 2,4,-41.283000
6169,7 5 0 0 5 5 1 1 8,8,-41.823000
6170,8 2 8 6 3 7 8 3 6,6,-59.827000
6171,4 7 5 5 0 7 1 7 6,4,-41.823000
6172,4 8 6 2 1 6 6 0 2,5,-21.379000
6173,4 5 8 0 5 6 4 6 5,5,-65.774000
6174,3 7 8 7 8 3 3 2 3,7,-41.283000
6175,6 5 8 4 4 8 2 2 5,6,-65.774000
6176,0 7 3 2 4 3 8 2 5,7,-41.283000
6177,8 2 7 8 3 3 7 7 6,5,-41.283000
6178,0 3 0 4 4 7 0 1 8,6,-17.872000
6179,8 5 4 8 1 5 1 2 8,8,-65.774000
6180,4 5 2 6 1 7 2 1 8,6,-21.379000
6181,0 5 8 4 6 0 8 7 5,6,-65.774000
6182,5 4 5 8 4 0 2 2 1,7,-21.379000
6183,7 0 8 0 1 7 6 4 3,5,-17.872000
6184,6 3 1 1 7 5 1 2 2,7,-21.379000
6185,0 4 1 4 0 6 8 0 1,6,-17.872000
6186,3 8 4 0 2 1 0 3 7,7,-21.379000
6187,5 3 3 5 7 4 8 2 7,6,-53.528500
6188,5 5 2 5 0 6 8 5 4,7,-65.774000
6189,7 3 4 3 7 7 5 5 7,4,-53.528500
6190,8 8 3 8 1 3 5 8 1,9,-65.774000
6191,7 1 1 7 0 8 7 7 0,5,-17.872000
6192,0 5 2 1 8 2 1 7 1,8,-19.625500
6193,3 5 4 7 2 5 1 3 4,6,-41.283000
6194,4 6 3 6 4 3 8 0 4,4,-41.283000
6195,4 3 5 1 7 8 1 2 6,6,-31.331000
6196,8 5 2 7 8 1 1 4 6,6,-43.576500
6197,8 2 2 8 8 8 8 7 8,8,-78.371000
6198,8 6 3 1 0 0 4 0 8,7,-17.872000
6199,8 6 5 4 6 1 5 1 4,5,-65.774000
6200,1 7 7 5 2 0 8 2 4,6,-21.379000
6201,3 5 8 6 3 3 3 0 5,8,-41.283000
6202,5 4 3 7 0 6 8 8 3,6,-53.528500
6203,0 6 2 6 5 1 2 4 0,6,-19.625500
6204,0 7 4 8 8 7 3 4 7,4,-59.827000
6205,2 1 3 7 7 3 0 4 2,6,-21.379000
6206,1 3 4 0 3 6 4 1 8,6,-29.577500
6207,5 0 4 0 7 7 1 4 8,5,-17.872000
6208,1 2 1 8 7 7 5 0 3,7,-21.379000
6209,6 2 3 2 7 7 2 5 0,6,-21.379000
6210,2 3 6 2 3 3 4 4 2,6,-31.331000
6211,7 7 1 4 2 6 7 5 8,4,-43.576500
6212,3 3 1 2 1 5 6 5 3,8,-41.283000
6213,3 1 2 8 4 8 8 6 8,7,-78.371000
6214,3 7 6 1 0 1 3 7 0,6,-17.872000
6215,6 7 1 6 7 0 7 5 7,3,-17.872000
6216,1 8 2 3 8 1 3 4 4,7,-41.283000
6217,4 8 3 2 4 5 6 2 6,5,-41.283000
6218,0 5 5 7 1 0 7 7 0,6,-17.872000
6219,1 6 8 6 2 0 0 2 4,6,-19.625500
6220,4 4 8 4 0 6 2 5 1,5,-21.379000
6221,1 4 2 5 1 7 3 4 5,6,-31.331000
6222,8 6 0 2 6 3 8 2 4,6,-31.331000
6223,6 8 6 5 1 3 6 4 6,4,-53.528500
6224,0 0 7 1 7 1 1 8 8,7,-17.872000
6225,3 1 0 6 3 7 0 6 1,6,-17.872000
6226,7 2 7 6 4 5 5 2 6,4,-43.576500
6227,3 7 0 6 6 6 3 0 8,5,-41.283000
6228,8 4 0 7 2 2 0 6 6,5,-21.379000
6229,4 7 4 7 6 1 0 0 5,4,-17.872000
6230,8 1 2 4 1 8 2 7 4,6,-21.379000
6231,3 0 2 0 4 7 5 5 1,7,-21.379000
6232,7 1 0 7 5 7 6 6 5,4,-41.823000
6233,6 4 1 7 7 6 7 2 0,3,-17.872000
6234,4 0 7 1 7 6 5 1 5,5,-17.872000
6235,1 8 1 8 3 6 0 1 8,8,-29.577500
6236,3 3 8 0 3 0 8 1 0,9,-41.283000
6237,5 8 8 5 3 5 4 4 0,7,-65.774000
6238,6 1 1 8 2 8 4 2 2,7,-21.379000
6239,7 6 2 8 4 4 2 6 0,4,-21.379000
6240,6 7 5 2 3 8 2 0 4,6,-31.331000
6241,8 4 5 1 1 7 4 4 3,5,-41.283000
6242,0 7 0 1 2 6 4 7 0,5,-17.872000
6243,1 5 0 8 4 6 0 6 8,6,-41.823000
6244,6 4 0 7 0 2 2 0 6,5,-17.872000
6245,2 3 0 1 8 1 0 2 3,9,-21.379000
6246,7 3 8 3 6 5 4 2 2,6,-41.283000
6247,5 8 7 2 1 5 3 2 7,7,-41.283000
6248,6 7 7 5 3 6 7 4 7,2,-53.528500
6249,3 4 1 6 6 8 2 0 8,6,-31.331000
6250,0 6 3 1 4 2 7 2 6,5,-21.379000
6251,0 6 6 1 8 7 3 1 8,6,-29.577500
6252,2 0 3 1 1 5 3 4 3,8,-31.331000
6253,5 4 7 5 8 8 4 0 3,6,-65.774000
6254,5 8 1 6 3 1 4 8 8,7,-65.774000
6255,3 0 4 4 2 5 6 4 2,5,-21.379000
6256,0 4 8 1 7 2 8 4 8,6,-49.875000
6257,7 1 1 3 8 7 1 8 6,6,-23.449000
6258,3 5 2 5 5 0 3 6 2,8,-41.283000
6259,8 3 8 5 0 4 3 3 7,7,-41.283000
6260,7 8 5 2 7 0 1 8 6,6,-43.576500
6261,4 1 0 5 7 3 3 0 4,6,-29.577500
6262,0 4 6 0 6 1 1 1 5,6,-11.743500
6263,6 3 7 1 8 3 5 1 7,6,-41.283000
6264,5 0 5 6 8 0 5 3 2,8,-53.528500
6265,0 1 4 5 5 0 7 8 8,7,-65.774000
6266,2 8 6 2 2 2 1 2 0,8,-21.379000
6267,5 6 3 3 5 5 5 4 2,7,-65.774000
6268,0 0 8 3 1 3 8 6 6,7,-41.283000
6269,8 2 1 7 5 5 0 2 3,8,-31.331000
6270,2 2 4 7 6 7 6 1 7,3,-21.379000
6271,7 0 2 7 2 8 8 1 4,6,-21.379000
6272,0 5 0 5 4 0 7 6 2,6,-19.625500
6273,6 4 3 3 4 3 8 3 4,5,-41.283000
6274,5 3 5 7 5 7 7 1 2,6,-53.528500
6275,1 4 0 0 1 4 6 7 8,5,-17.872000
6276,5 5 8 3 1 4 6 8 2,7,-65.774000
6277,5 1 3 4 4 3 7 4 7,4,-41.283000
6278,1 6 5 1 4 7 0 8 6,5,-17.872000
6279,5 4 4 3 4 0 2 5 3,6,-41.283000
6280,7 4 3 2 7 5 7 8 8,5,-65.774000
6281,4 4 5 1 4 1 2 3 2,6,-21.379000
6282,4 1 1 5 0 7 1 3 2,7,-17.872000
6283,6 2 6 1 8 0 6 6 3,5,-21.379000
6284,2 3 6 2 5 2 8 4 7,6,-31.331000
6285,4 4 2 7 7 1 6 4 7,2,-13.497000
6286,5 1 5 4 7 0 1 3 8,7,-41.283000
6287,4 8 7 8 8 4 7 6 3,4,-78.371000
6288,1 8 5 6 4 3 8 4 5,6,-65.774000
6289,3 5 1 8 5 7 6 5 1,7,-65.774000
6290,1 8 2 4 1 5 6 5 3,7,-41.283000
6291,4 4 4 7 5 1 3 4 1,4,-23.449000
6292,3 4 2 8 3 8 8 1 7,7,-41.283000
6293,0 4 7 2 3 3 7 6 4,4,-31.331000
6294,3 6 3 6 6 1 2 3 6,5,-41.283000
6295,1 5 0 6 7 6 0 8 0,6,-17.872000
6296,0 1 1 6 1 3 2 0 1,8,-11.743500
6297,5 4 6 4 5 0 8 1 3,6,-53.528500
6298,1 4 0 1 4 2 5 3 3,7,-21.379000
6299,7 4 8 8 5 4 4 6 7,3,-78.371000
6300,2 0 4 4 1 0 7 8 2,6,-19.625500
6301,1 5 7 7 3 2 6 5 5,6,-53.528500
6302,2 4 8 4 2 0 8 2 3,7,-21.379000
6303,2 4 2 6 8 0 6 5 8,6,-43.576500
6304,5 8 8 4 1 3 7 2 8,7,-65.774000
6305,8 8 7 4 2 0 8 5 5,7,-65.774000
6306,8 5 5 7 2 0 6 2 4,6,-43.576500
6307,6 1 7 1 2 1 8 5 4,6,-13.497000
6308,5 7 1 7 5 2 4 7 3,5,-41.283000
6309,4 0 1 7 6 6 4 7 5,3,-17.872000
6310,8 1 4 6 8 1 7 3 6,5,-41.283000
6311,2 0 1 4 2 6 5 7 1,6,-19.625500
6312,2 2 7 0 1 7 7 7 8,5,-21.379000
6313,1 2 1 6 4 3 1 3 4,6,-13.497000
6314,4 8 7 5 1 7 7 5 1,5,-65.774000
6315,5 3 5 4 3 6 4 3 7,5,-41.283000
6316,7 0 5 6 0 3 7 2 1,6,-19.625500
6317,8 6 8 4 6 7 6 1 3,4,-59.827000
6318,4 8 5 0 8 2 0 3 3,8,-41.283000
6319,4 7 6 6 7 4 7 7 6,0,NOT_AVAILABLE
6320,0 6 8 0 6 6 3 4 1,5,-17.872000
6321,4 1 2 0 3 3 2 0 7,7,-21.379000
6322,2 8 1 1 0 3 5 0 7,8,-19.625500
6323,2 2 5 1 0 6 4 1 0,7,-17.872000
6324,2 8 8 1 8 3 1 0 3,9,-41.283000
6325,8 0 7 5 5 8 5 5 0,8,-65.774000
6326,5 2 2 6 2 2 0 8 4,7,-21.379000
6327,2 0 2 8 3 2 3 0 8,9,-21.379000
6328,3 8 1 5 1 4 4 2 0,7,-21.379000
6329,3 7 8 0 0 1 7 6 6,5,-17.872000
6330,2 2 0 0 8 3 7 1 6,7,-21.379000
6331,4 8 6 2 2 1 7 0 3,6,-21.379000
6332,8 0 4 7 4 2 2 6 6,4,-21.379000
6333,2 4 8 3 1 6 8 8 4,6,-59.827000
6334,0 1 4 2 8 6 8 8 0,7,-21.379000
6335,8 7 2 6 6 0 3 6 7,4,-31.331000
6336,5 7 5 1 8 0 4 8 4,6,-65.774000
6337,4 5 7 7 6 8 3 2 8,5,-65.774000
6338,1 3 6 6 2 2 2 7 8,6,-21.379000
6339,6 6 8 6 0 8 3 4 3,5,-41.283000
6340,6 3 7 8 7 0 4 8 8,5,-78.371000
6341,2 0 5 4 4 6 0 5 8,6,-43.576500
6342,3 5 5 0 3 7 6 3 5,7,-41.283000
6343,5 7 6 5 2 7 2 1 4,5,-21.379000
6344,7 4 4 1 2 1 3 2 4,5,-21.379000
6345,2 6 7 8 6 0 0 7 7,4,-19.625500
6346,7 5 5 6 8 0 7 2 6,5,-65.774000
6347,1 8 3 3 8 6 1 4 8,7,-41.283000
6348,4 7 5 4 7 2 2 2 0,5,-21.379000
6349,4 6 8 2 0 5 5 5 0,7,-65.774000
6350,1 3 4 7 7 8 1 4 4,4,-23.449000
6351,6 6 4 7 2 8 3 8 4,4,-59.827000
6352,4 1 7 6 6 3 4 5 8,4,-53.528500
6353,3 0 5 2 2 4 3 7 3,7,-41.283000
6354,0 6 0 3 5 3 1 7 7,6,-29.577500
6355,8 2 5 3 0 5 6 3 8,8,-53.528500
6356,6 8 1 0 8 1 5 2 0,8,-19.625500
6357,8 6 7 5 5 1 3 8 1,7,-65.774000
6358,7 6 4 1 3 5 8 7 0,5,-41.283000
6359,6 5 5 4 8 3 2 3 6,6,-53.528500
6360,1 8 6 8 7 2 0 3 4,6,-31.331000
6361,6 3 5 6 6 2 0 5 5,6,-53.528500
6362,4 0 7 5 0 6 2 5 1,6,-19.625500
6363,0 7 1 2 7 0 4 3 8,6,-19.625500
6364,4 0 7 1 1 6 6 6 2,4,-11.743500
6365,0 6 7 3 4 8 2 1 4,5,-21.379000
6366,0 6 3 7 2 7 2 0 5,6,-21.379000
6367,6 3 3 4 6 2 3 2 3,6,-41.283000
6368,4 5 5 6 6 5 8 4 3,5,-65.774000
6369,7 4 0 8 6 2 2 2 3,6,-21.379000
6370,2 0 7 8 7 2 8 7 0,6,-21.379000
6371,3 2 6 1 3 0 7 7 2,6,-21.379000
6372,6 8 4 3 2 5 2 8 1,7,-41.283000
6373,4 6 1 2 7 6 7 7 4,2,-13.497000
6374,8 5 2 8 7 2 2 1 3,8,-31.331000
6375,3 8 1 7 0 2 7 2 6,6,-21.379000
6376,8 0 0 3 8 1 8 4 3,8,-41.283000
6377,6 3 1 6 2 8 0 2 5,7,-21.379000
6378,6 7 3 5 2 2 8 4 6,5,-41.283000
6379,2 1 7 5 6 3 3 5 7,6,-41.283000
6380,3 5 0 1 6 0 5 8 4,7,-41.283000
6381,4 8 4 0 7 2 4 1 6,4,-19.625500
6382,4 3 3 6 1 5 1 2 7,6,-31.331000
6383,2 0 1 8 2 3 5 8 7,8,-31.331000
6384,7 4 6 5 2 4 8 4 2,4,-43.576500
6385,4 8 4 0 3 3 8 0 6,6,-41.283000
6386,1 1 1 8 0 3 4 0 7,7,-17.872000
6387,0 2 0 3 3 8 0 3 0,9,-21.379000
6388,5 4 6 1 3 4 3 8 1,6,-41.283000
6389,1 4 2 7 1 8 1 1 0,7,-5.615000
6390,0 0 2 3 0 7 4 0 7,6,-17.872000
6391,2 6 2 2 4 6 8 8 4,5,-21.379000
6392,2 3 3 2 5 1 8 7 4,7,-41.283000
6393,1 1 4 5 0 6 6 5 1,6,-11.743500
6394,4 0 6 2 1 1 1 7 3,6,-11.743500
6395,4 3 8 7 7 7 5 6 3,4,-53.528500
6396,3 8 7 7 2 1 7 5 4,5,-41.283000
6397,0 1 1 1 6 0 1 2 3,8,-11.743500
6398,8 8 5 5 3 7 5 6 5,7,-65.774000
6399,8 3 7 5 5 7 0 4 6,5,-65.774000
6400,3 4 8 5 1 4 8 2 0,7,-41.283000
6401,7 8 4 0 8 5 7 7 0,5,-65.774000
6402,7 3 0 8 5 4 4 8 0,6,-53.528500
6403,7 3 5 2 8 5 2 2 8,8,-53.528500
6404,7 0 3 7 4 0 0 0 7,5,-17.872000
6405,7 6 0 3 6 5 4 0 2,5,-21.379000
6406,6 3 1 6 6 8 5 8 0,6,-53.528500
6407,3 8 2 0 4 1 4 5 5,7,-41.283000
6408,8 4 2 8 0 2 4 3 0,7,-21.379000
6409,6 8 6 8 2 3 4 2 8,6,-59.827000
6410,0 1 5 3 2 3 3 3 7,8,-41.283000
6411,3 0 5 0 1 3 7 6 4,6,-29.577500
6412,1 7 0 5 5 3 7 0 6,6,-29.577500
6413,6 0 0 8 4 0 0 5 4,6,-17.872000
6414,5 2 5 5 2 6 7 3 4,6,-53.528500
6415,5 4 0 3 6 5 3 1 8,7,-41.283000
6416,6 8 6 6 7 6 2 0 0,4,-19.625500
6417,8 8 5 0 3 4 7 0 6,6,-53.528500
6418,0 0 2 8 2 2 6 7 0,7,-21.379000
6419,8 8 2 2 0 6 2 5 8,8,-43.576500
6420,7 2 3 8 0 0 6 4 4,5,-21.379000
6421,0 3 0 0 1 7 2 3 1,8,-17.872000
6422,7 4 1 1 0 2 6 2 2,6,-19.625500
6423,8 0 2 0 4 2 0 0 1,8,-17.872000
6424,8 6 3 4 8 5 4 2 6,5,-65.774000
6425,1 5 7 4 2 0 6 8 7,5,-21.379000
6426,7 7 4 3 3 8 2 6 4,4,-41.283000
6427,3 0 7 7 0 5 4 4 1,5,-17.872000
6428,5 4 8 7 6 8 5 0 8,6,-72.072500
6429,5 1 0 0 4 2 0 1 0,8,-17.872000
6430,0 4 0 2 8 7 8 6 8,6,-49.875000
6431,7 4 4 6 8 1 1 5 0,5,-17.872000
6432,1 5 4 3 3 1 8 7 2,7,-41.283000
6433,0 2 5 6 7 3 0 1 5,7,-21.379000
6434,6 2 7 5 6 4 6 6 4,2,-43.576500
6435,2 7 8 8 6 0 4 8 4,5,-78.371000
6436,3 4 2 7 3 8 6 8 6,5,-41.283000
6437,7 5 6 8 4 8 3 8 6,5,-78.371000
6438,1 6 6 1 0 0 2 1 3,7,-17.872000
6439,5 1 7 0 3 1 6 2 4,6,-19.625500
6440,2 7 5 1 3 8 1 7 5,7,-41.283000
6441,2 3 8 6 0 3 0 8 5,8,-41.283000
6442,7 1 7 0 2 6 5 1 7,5,-17.872000
6443,1 6 5 7 0 6 0 2 0,6,-17.872000
6444,2 4 2 4 3 3 5 8 1,7,-41.283000
6445,6 1 8 0 4 2 1 8 8,7,-21.379000
6446,8 2 6 1 5 7 3 0 1,7,-21.379000
6447,8 0 7 8 4 2 4 8 6,5,-78.371000
6448,7 0 2 3 2 0 1 1 6,7,-17.872000
6449,6 1 6 4 1 5 5 8 2,6,-43.576500
6450,0 0 1 3 4 2 6 6 5,6,-19.625500
6451,3 4 2 1 4 1 0 6 5,6,-19.625500
6452,3 1 8 7 2 5 2 1 2,8,-21.379000
6453,4 8 4 8 0 2 7 6 6,4,-49.875000
6454,3 6 4 6 4 6 8 8 6,3,-78.371000
6455,5 0 7 3 1 6 0 2 4,6,-19.625500
6456,1 6 0 4 3 3 4 3 8,6,-41.283000
6457,2 8 2 0 8 6 0 7 5,7,-21.379000
6458,1 0 2 0 3 2 1 5 8,9,-21.379000
6459,4 5 3 2 6 7 3 2 3,6,-41.283000
6460,1 6 8 3 2 0 3 1 7,7,-21.379000
6461,0 4 0 7 5 4 4 2 2,5,-21.379000
6462,6 0 3 4 0 8 0 0 1,7,-17.872000
6463,8 8 8 5 2 1 3 3 7,8,-53.528500
6464,5 3 2 8 5 0 3 5 7,8,-53.528500
6465,7 8 3 3 3 5 3 6 8,7,-41.283000
6466,1 6 3 7 7 6 6 8 5,4,-53.528500
6467,7 7 1 2 6 0 8 1 6,5,-17.872000
6468,3 3 2 6 8 3 3 2 4,7,-41.283000
6469,6 7 2 7 1 2 1 6 1,5,-5.615000
6470,7 2 3 1 4 2 4 8 5,6,-31.331000
6471,7 0 1 0 5 5 4 8 6,6,-41.823000
6472,2 4 0 6 0 0 8 7 2,6,-19.625500
6473,4 8 2 3 2 0 3 0 8,8,-31.331000
6474,2 2 5 3 0 4 8 5 4,7,-41.283000
6475,8 8 8 8 7 6 1 0 4,6,-78.371000
6476,5 5 0 4 8 7 0 0 8,7,-65.774000
6477,6 5 4 5 2 2 0 8 2,7,-21.379000
6478,8 6 0 7 6 3 5 4 2,5,-41.283000
6479,5 6 7 4 5 2 5 3 4,5,-65.774000
6480,0 3 7 3 6 6 1 4 2,5,-21.379000
6481,5 0 3 8 0 3 2 8 1,9,-41.283000
6482,8 3 0 0 1 3 5 2 1,9,-21.379000
6483,3 0 5 2 5 2 2 6 6,7,-21.379000
6484,0 3 3 0 0 4 6 6 6,5,-17.872000
6485,7 1 2 0 1 0 8 2 4,7,-17.872000
6486,8 2 4 2 0 7 7 6 0,5,-21.379000
6487,2 8 4 2 2 6 0 8 1,7,-21.379000
6488,7 6 2 4 4 7 0 5 8,4,-43.576500
6489,6 0 5 1 6 6 1 7 6,4,-11.743500
6490,0 8 8 4 4 4 4 4 4,3,-78.371000
6491,3 7 7 6 4 3 6 7 6,2,-41.283000
6492,2 2 0 5 3 3 8 3 4,8,-41.283000
6493,1 5 4 0 7 5 6 8 7,5,-65.774000
6494,0 4 7 5 7 5 2 1 5,6,-43.576500
6495,2 1 3 5 7 3 2 6 0,7,-21.379000
6496,4 1 4 8 3 7 2 2 3,6,-31.331000
6497,2 2 7 0 6 7 8 5 7,5,-21.379000
6498,5 4 8 2 3 0 1 1 4,7,-21.379000
6499,2 2 0 2 7 7 5 5 2,7,-21.379000
6500,4 4 7 0 6 3 2 5 0,5,-21.379000
6501,4 8 8 4 4 8 6 2 5,5,-78.371000
6502,5 0 6 1 3 1 4 6 0,6,-17.872000
6503,8 8 2 5 7 1 3 2 2,8,-31.331000
6504,1 4 1 8 0 5 3 3 5,8,-41.283000
6505,3 8 1 7 2 3 8 5 2,8,-41.283000
6506,6 2 2 4 3 7 3 1 4,5,-21.379000
6507,4 1 4 1 6 5 8 2 8,6,-43.576500
6508,0 4 5 6 6 6 4 4 8,3,-65.774000
6509,7 8 1 0 1 7 2 1 7,6,-11.743500
6510,4 2 1 5 7 5 6 6 5,5,-65.774000
6511,6 0 6 1 7 0 6 6 8,4,-17.872000
6512,5 4 5 6 0 6 0 2 7,5,-21.379000
6513,6 4 5 1 8 6 3 2 4,5,-41.283000
6514,0 3 6 6 1 1 4 5 0,6,-17.872000
6515,5 0 2 2 7 7 5 0 7,6,-21.379000
6516,2 5 6 8 4 7 6 4 8,4,-72.072500
6517,6 1 1 5 7 4 4 7 4,3,-5.615000
6518,3 0 0 2 0 7 1 5 5,8,-19.625500
6519,2 8 3 8 6 1 2 8 8,8,-59.827000
6520,2 4 1 2 0 5 7 4 3,6,-21.379000
6521,0 7 7 7 5 1 3 1 3,6,-29.577500
6522,1 2 1 2 0 8 2 6 1,8,-19.625500
6523,7 4 0 4 0 6 7 3 0,4,-17.872000
6524,0 2 1 8 0 6 4 0 3,7,-17.872000
6525,8 0 6 0 6 1 6 7 2,5,-17.872000
6526,0 4 8 2 0 8 7 7 4,5,-21.379000
6527,2 7 4 3 5 5 8 3 6,6,-53.528500
6528,8 2 2 1 6 7 3 1 7,6,-21.379000
6529,4 6 1 2 4 1 4 8 1,5,-5.615000
6530,8 4 2 3 4 0 5 5 5,7,-65.774000
6531,4 5 6 1 4 1 7 2 5,5,-21.379000
6532,4 3 8 3 1 0 3 3 5,8,-41.283000
6533,8 1 2 1 6 1 0 2 5,8,-19.625500
6534,7 8 2 5 0 5 6 5 6,6,-65.774000
6535,4 3 2 8 7 7 7 5 8,5,-65.774000
6536,5 0 8 4 8 1 7 4 2,6,-43.576500
6537,8 6 0 4 5 4 2 8 8,6,-72.072500
6538,7 0 6 2 8 0 2 2 1,7,-21.379000
6539,1 4 8 0 0 4 2 1 1,7,-17.872000
6540,1 5 7 8 1 4 6 6 7,4,-35.694500
6541,5 2 5 2 6 5 6 5 3,7,-65.774000
6542,2 4 8 3 6 3 5 3 4,6,-41.283000
6543,4 4 1 2 6 4 5 8 2,5,-21.379000
6544,5 5 5 4 7 6 3 5 5,6,-65.774000
6545,1 4 7 0 2 8 1 7 7,5,-17.872000
6546,8 1 3 3 0 3 1 5 4,8,-41.283000
6547,1 2 1 7 4 4 5 4 0,5,-17.872000
6548,4 8 5 2 0 4 4 0 6,5,-21.379000
6549,5 8 6 0 2 0 1 1 6,7,-17.872000
6550,7 1 1 4 0 6 3 7 8,5,-17.872000
6551,7 2 2 0 3 2 5 5 4,7,-21.379000
6552,2 4 4 5 4 2 0 0 0,6,-19.625500
6553,7 2 5 8 2 5 0 4 1,7,-21.379000
6554,7 1 3 2 6 8 7 4 3,5,-41.283000
6555,7 7 4 7 1 0 1 6 1,4,-5.615000
6556,3 7 7 3 5 7 6 8 7,4,-53.528500
6557,1 2 5 1 4 0 2 5 5,8,-21.379000
6558,8 5 0 4 5 2 5 8 2,8,-65.774000
6559,7 7 2 7 0 4 7 6 1,3,-17.872000
6560,4 0 6 8 0 8 8 6 4,5,-78.371000
6561,1 3 1 1 7 0 7 4 2,6,-11.743500
6562,2 3 7 4 5 3 3 8 0,7,-41.283000
6563,5 2 4 5 1 8 6 3 2,7,-41.283000
6564,1 3 0 1 4 3 0 2 1,8,-17.872000
6565,5 2 1 4 2 3 8 8 1,8,-31.331000
6566,7 4 8 3 1 3 4 7 5,5,-41.283000
6567,0 5 3 3 8 2 2 4 3,8,-41.283000
6568,0 5 2 8 3 0 8 3 3,9,-41.283000
6569,4 5 4 6 8 7 0 2 6,4,-43.576500
6570,8 4 2 8 7 8 4 0 8,6,-78.371000
6571,6 5 1 5 5 3 8 7 5,7,-65.774000
6572,4 4 3 1 7 3 5 5 6,5,-41.283000
6573,6 3 3 5 5 8 7 0 6,6,-53.528500
6574,7 7 0 7 7 1 0 8 0,5,-17.872000
6575,6 7 3 2 7 5 6 8 8,5,-65.774000
6576,2 2 5 3 3 8 7 5 3,8,-41.283000
6577,2 5 5 5 2 7 5 5 2,8,-65.774000
6578,2 7 6 2 6 5 6 1 6,4,-21.379000
6579,7 7 8 0 5 2 7 2 3,6,-31.331000
6580,0 8 1 8 6 0 7 0 0,7,-17.872000
6581,0 6 5 7 5 7 2 5 0,6,-43.576500
6582,1 1 5 2 0 3 0 0 1,9,-17.872000
6583,0 7 7 6 7 5 5 0 3,5,-41.283000
6584,8 3 3 4 5 1 1 7 6,6,-41.283000
6585,1 7 1 1 3 6 8 6 8,6,-23.449000
6586,1 2 0 2 1 1 0 6 8,8,-17.872000
6587,4 8 2 2 1 7 8 4 5,6,-43.576500
6588,5 6 1 2 5 0 8 0 6,7,-21.379000
6589,0 4 3 1 0 6 6 7 1,5,-17.872000
6590,3 7 5 3 7 8 2 4 5,6,-53.528500
6591,8 8 2 5 7 6 7 5 0,6,-65.774000
6592,6 2 4 6 7 5 3 5 7,4,-53.528500
6593,6 2 6 5 4 6 5 5 8,5,-65.774000
6594,6 8 2 6 4 5 4 7 5,4,-65.774000
6595,2 8 7 1 6 6 1 0 7,5,-17.872000
6596,5 7 3 1 7 0 6 3 8,6,-41.283000
6597,0 8 6 6 1 0 8 1 2,7,-17.872000
6598,7 0 2 2 3 5 1 3 5,8,-31.331000
6599,2 6 0 6 8 5 2 4 0,6,-21.379000
6600,0 8 0 6 5 1 2 0 1,8,-17.872000
6601,3 0 8 4 7 8 3 5 4,6,-53.528500
6602,5 5 1 5 8 1 4 7 6,6,-65.774000
6603,6 2 5 6 1 8 8 7 3,6,-53.528500
6604,2 0 3 2 5 0 4 1 8,8,-21.379000
6605,7 3 2 3 8 5 0 8 1,8,-41.283000
6606,2 7 5 6 0 7 8 5 7,5,-65.774000
6607,8 7 6 6 1 2 3 2 6,5,-21.379000
6608,1 5 5 7 2 2 6 3 6,6,-31.331000
6609,0 8 7 2 3 0 7 1 7,6,-19.625500
6610,3 0 6 0 5 3 2 7 7,6,-31.331000
6611,7 2 4 4 8 8 2 5 7,5,-65.774000
6612,2 0 8 1 3 7 2 2 4,7,-21.379000
6613,7 5 5 3 8 7 7 4 8,5,-65.774000
6614,8 0 1 1 2 2 4 1 7,7,-17.872000
6615,1 1 0 6 0 8 4 6 0,6,-17.872000
6616,8 7 5 0 8 2 6 0 2,7,-21.379000
6617,7 4 5 6 5 8 1 4 3,5,-65.774000
6618,6 6 4 8 5 4 5 6 7,3,-65.774000
6619,3 1 6 6 5 7 8 5 4,5,-65.774000
6620,6 8 6 6 8 2 6 8 1,5,-78.371000
6621,7 8 5 0 2 3 7 7 1,6,-31.331000
6622,5 1 7 1 4 0 6 1 1,6,-5.615000
6623,3 4 4 0 0 0 1 4 7,5,-17.872000
6624,4 6 0 4 5 2 7 7 1,4,-19.625500
6625,6 3 2 0 4 2 1 0 8,7,-21.379000
6626,7 2 1 0 8 6 4 7 1,5,-17.872000
6627,2 5 4 5 0 8 7 5 5,7,-65.774000
6628,5 2 3 8 2 8 7 2 4,7,-41.283000
6629,7 5 3 8 7 1 0 7 3,6,-41.283000
6630,8 3 8 7 8 6 3 0 1,7,-41.283000
6631,5 4 6 1 7 6 3 7 1,4,-23.449000
6632,2 1 4 8 1 1 5 8 8,8,-43.576500
6633,2 5 7 8 7 8 4 3 6,5,-65.774000
6634,2 7 3 1 6 0 3 6 5,6,-31.331000
6635,4 0 7 8 7 0 1 2 1,6,-17.872000
6636,5 4 8 6 4 3 6 2 4,4,-53.528500
6637,7 4 1 7 2 0 2 2 2,6,-21.379000
6638,3 1 8 5 2 2 7 2 6,7,-21.379000
6639,0 4 4 2 7 1 5 6 2,5,-21.379000
6640,2 1 3 8 0 6 5 4 4,6,-31.331000
6641,1 8 0 3 8 2 4 1 3,8,-31.331000
6642,4 7 3 2 4 4 5 4 1,4,-31.331000
6643,7 3 5 2 1 7 7 4 8,5,-41.283000
6644,0 8 5 6 8 4 5 0 8,7,-65.774000
6645,3 7 0 6 0 3 7 5 0,6,-29.577500
6646,8 4 7 5 7 8 5 8 5,6,-72.072500
6647,7 4 4 1 8 6 8 6 1,4,-41.993000
6648,4 3 7 0 6 6 6 6 4,2,-29.577500
6649,5 4 5 4 7 7 0 5 3,5,-65.774000
6650,7 8 0 5 2 7 3 0 1,7,-21.379000
6651,2 0 1 5 7 7 2 0 4,6,-19.625500
6652,5 0 8 3 0 8 6 5 5,8,-65.774000
6653,4 4 2 5 0 3 6 2 1,6,-21.379000
6654,0 8 0 5 8 0 4 2 1,8,-19.625500
6655,7 8 2 5 0 4 4 4 3,5,-41.283000
6656,5 3 7 7 1 4 2 6 8,5,-41.283000
6657,7 7 3 5 2 3 3 7 6,5,-41.283000
6658,2 0 8 0 3 5 2 1 4,8,-21.379000
6659,1 1 1 6 0 3 7 2 4,6,-11.743500
6660,5 0 4 3 2 0 5 7 0,7,-21.379000
6661,3 3 4 3 4 5 0 2 4,6,-41.283000
6662,7 5 8 8 4 2 7 5 5,6,-65.774000
6663,2 4 7 2 7 1 5 3 8,6,-31.331000
6664,0 2 4 7 4 8 0 2 2,6,-21.379000
6665,0 6 3 1 8 6 5 4 6,5,-41.283000
6666,0 7 3 6 8 0 1 6 2,6,-19.625500
6667,2 8 8 4 1 8 1 6 3,7,-41.283000
6668,8 7 8 5 3 4 8 7 1,6,-72.072500
6669,3 6 3 8 6 0 8 3 1,7,-41.283000
6670,0 7 8 7 3 5 3 1 2,7,-41.283000
6671,3 2 0 5 2 8 4 0 3,8,-31.331000
6672,4 4 1 6 7 0 0 0 7,4,-17.872000
6673,7 6 1 1 1 7 0 5 0,6,-11.743500
6674,5 4 7 2 4 8 0 6 0,5,-21.379000
6675,2 7 7 2 0 4 6 7 2,4,-21.379000
6676,8 6 4 1 2 4 4 7 5,4,-43.576500
6677,0 7 3 8 3 6 8 6 4,5,-41.283000
6678,4 7 4 5 5 3 4 3 1,5,-41.283000
6679,4 7 5 3 8 8 6 4 6,4,-72.072500
6680,0 1 1 2 4 1 2 3 3,8,-19.625500
6681,8 8 1 4 2 1 0 1 5,8,-19.625500
6682,0 4 0 0 4 7 1 1 3,6,-17.872000
6683,5 1 3 6 2 1 0 7 6,6,-19.625500
6684,4 6 4 6 3 4 6 0 4,2,-29.577500
6685,7 2 4 1 5 2 4 5 3,6,-31.331000
6686,5 3 1 5 6 5 1 7 3,7,-41.283000
6687,8 5 2 4 2 2 4 7 2,6,-21.379000
6688,6 6 5 2 5 7 7 2 6,4,-43.576500
6689,0 4 4 2 7 3 4 4 7,3,-21.379000
6690,0 6 3 4 6 5 4 6 6,3,-41.283000
6691,1 1 7 4 5 5 6 2 4,5,-21.379000
6692,1 6 2 5 4 5 5 2 4,6,-43.576500
6693,1 7 2 8 8 0 0 1 7,7,-17.872000
6694,3 7 3 7 7 2 1 6 4,4,-31.331000
6695,8 1 0 3 2 5 8 6 4,7,-41.283000
6696,6 5 3 6 1 1 5 6 4,5,-41.283000
6697,1 1 1 1 2 6 8 6 0,7,-5.615000
6698,7 5 2 8 6 5 5 2 0,7,-65.774000
6699,2 7 0 8 1 5 2 1 6,7,-21.379000
6700,8 3 5 0 2 7 4 3 4,6,-41.283000
6701,7 1 7 4 1 4 8 8 8,5,-78.371000
6702,5 3 0 2 0 1 5 6 6,7,-21.379000
6703,4 4 2 2 6 3 0 2 1,6,-21.379000
6704,5 7 6 2 2 4 4 2 7,4,-21.379000
6705,4 4 8 1 7 3 5 5 0,6,-53.528500
6706,0 1 6 4 3 4 2 1 6,5,-17.872000
6707,1 5 5 7 7 6 3 8 6,5,-65.774000
6708,0 3 4 3 8 3 2 2 6,7,-41.283000
6709,8 5 8 0 5 2 8 0 4,8,-65.774000
6710,4 7 5 4 4 8 1 4 0,4,-41.823000
6711,7 8 8 3 8 0 0 5 0,8,-53.528500
6712,2 4 0 1 1 1 4 3 2,7,-17.872000
6713,3 7 7 5 7 1 0 3 7,5,-41.283000
6714,1 1 7 8 7 6 6 3 1,5,-5.615000
6715,1 7 6 2 1 5 2 4 2,6,-21.379000
6716,4 5 3 7 1 8 3 0 0,7,-41.283000
6717,3 1 2 6 1 7 0 1 5,7,-17.872000
6718,3 4 7 7 3 4 6 7 5,3,-41.283000
6719,8 8 6 4 7 1 7 1 6,4,-41.993000
6720,1 8 6 1 0 2 4 4 2,6,-19.625500
6721,0 8 8 7 7 4 2 1 1,6,-19.625500
6722,3 0 7 5 1 3 3 7 8,7,-41.283000
6723,2 5 2 0 2 2 5 1 5,9,-21.379000
6724,1 4 1 0 1 3 4 3 1,7,-5.615000
6725,2 0 4 2 3 5 0 2 5,8,-21.379000
6726,5 5 4 1 0 7 1 4 5,6,-41.823000
6727,4 7 5 2 5 0 5 2 1,7,-21.379000
6728,5 3 8 6 1 6 5 3 7,6,-53.528500
6729,0 4 4 0 4 4 6 5 7,3,-17.872000
6730,2 4 6 4 6 1 0 8 6,4,-19.625500
6731,6 5 0 4 7 8 0 8 6,5,-65.774000
6732,3 3 3 5 6 6 4 4 5,5,-41.283000
6733,8 4 6 7 5 5 5 8 8,6,-72.072500
6734,2 5 8 8 8 6 2 0 4,7,-65.774000
6735,2 6 4 1 3 6 3 1 3,6,-31.331000
6736,5 0 5 1 3 4 3 7 0,7,-41.283000
6737,6 5 5 6 6 2 4 4 1,4,-43.576500
6738,4 5 6 3 2 3 2 3 4,6,-41.283000
6739,1 4 1 1 8 1 8 5 3,8,-23.449000
6740,6 4 4 8 2 5 6 4 6,3,-65.774000
6741,2 8 7 0 4 5 1 7 0,6,-19.625500
6742,4 2 6 0 7 2 1 8 3,6,-21.379000
6743,4 4 0 0 6 1 1 2 6,5,-17.872000
6744,1 6 8 8 5 1 2 2 4,7,-21.379000
6745,6 5 3 7 4 4 4 4 5,3,-65.774000
6746,7 3 6 3 1 6 4 0 6,4,-29.577500
6747,5 4 8 3 8 5 6 8 0,7,-65.774000
6748,0 1 0 8 3 6 0 4 2,7,-17.872000
6749,6 7 6 8 7 2 1 8 5,5,-65.774000
6750,8 0 3 5 2 0 8 6 4,7,-41.283000
6751,1 6 0 5 4 1 2 4 5,6,-19.625500
6752,7 1 8 5 1 6 1 2 4,6,-13.497000
6753,6 6 7 3 3 2 6 1 0,5,-21.379000
6754,4 4 0 1 0 0 6 2 6,5,-17.872000
6755,6 4 7 0 6 5 6 7 1,3,-17.872000
6756,8 8 4 8 7 8 3 5 1,7,-78.371000
6757,6 5 1 3 7 1 8 8 7,6,-53.528500
6758,5 2 5 8 8 4 2 7 5,7,-65.774000
6759,4 4 1 3 1 3 8 2 5,7,-41.283000
6760,4 3 4 6 5 3 7 3 0,5,-41.283000
6761,5 7 0 7 0 8 5 3 7,6,-53.528500
6762,5 7 2 1 7 2 6 0 3,6,-21.379000
6763,7 1 4 1 3 2 2 7 8,6,-21.379000
6764,4 5 7 4 3 3 0 1 4,5,-41.283000
6765,5 7 7 3 7 1 3 8 8,6,-53.528500
6766,1 4 6 6 8 2 6 6 8,4,-49.875000
6767,1 1 8 4 5 0 4 2 4,6,-19.625500
6768,1 1 1 6 8 1 4 4 8,6,-5.615000
6769,4 8 3 8 3 3 8 2 8,8,-59.827000
6770,8 0 7 8 6 5 3 4 1,6,-53.528500
6771,4 2 8 1 8 0 3 7 7,6,-31.331000
6772,4 5 4 7 7 7 5 5 1,4,-65.774000
6773,6 3 7 4 5 0 5 7 8,5,-65.774000
6774,7 2 1 7 2 6 0 2 0,6,-19.625500
6775,8 0 0 6 3 0 5 0 1,8,-17.872000
6776,6 1 7 3 2 1 0 7 4,5,-17.872000
6777,1 4 6 6 4 3 6 5 4,3,-41.283000
6778,6 7 2 7 0 5 2 2 1,6,-21.379000
6779,2 7 7 1 7 2 7 7 0,4,-19.625500
6780,1 4 6 6 8 1 5 2 6,5,-21.379000
6781,7 2 1 3 0 4 0 5 6,6,-19.625500
6782,6 6 0 6 1 6 0 6 6,3,-17.872000
6783,7 4 5 7 5 5 1 8 5,6,-65.774000
6784,6 2 2 8 8 3 7 7 6,5,-41.283000
6785,8 4 8 5 8 8 4 1 0,7,-78.371000
6786,0 6 1 0 6 8 3 0 4,6,-17.872000
6787,6 0 4 8 0 1 2 7 2,6,-19.625500
6788,0 0 5 5 5 6 1 5 1,8,-41.823000
6789,7 0 1 8 6 1 8 4 4,5,-17.872000
6790,6 3 7 3 0 0 7 8 2,6,-31.331000
6791,4 7 1 1 4 6 4 8 4,3,-5.615000
6792,8 3 8 8 4 0 1 2 5,8,-53.528500
6793,1 0 2 8 6 3 2 4 7,6,-21.379000
6794,6 7 6 4 0 2 5 0 2,5,-21.379000
6795,8 6 4 0 6 8 0 0 4,5,-17.872000
6796,5 0 2 3 8 3 5 7 0,8,-41.283000
6797,2 8 1 4 7 2 8 7 8,6,-49.875000
6798,7 4 4 7 1 1 1 3 5,5,-5.615000
6799,7 8 1 7 7 7 3 8 6,4,-59.827000
6800,3 3 8 1 8 0 6 1 6,7,-41.283000
6801,8 8 3 5 5 4 8 1 6,7,-65.774000
6802,4 6 4 3 5 2 2 6 1,5,-21.379000
6803,4 6 2 4 1 1 5 6 4,4,-13.497000
6804,6 2 8 2 4 1 1 2 6,6,-21.379000
6805,5 2 3 1 7 4 8 3 8,7,-41.283000
6806,8 5 6 4 4 5 1 2 6,5,-65.774000
6807,3 6 3 1 2 3 5 2 4,7,-41.283000
6808,0 5 4 5 5 8 2 8 8,8,-65.774000
6809,6 1 3 2 2 5 0 1 3,8,-21.379000
6810,4 7 0 2 1 5 3 3 5,7,-41.283000
6811,5 0 4 5 8 7 7 7 3,5,-65.774000
6812,0 8 7 8 2 3 0 7 1,7,-21.379000
6813,3 5 3 5 0 8 7 2 4,7,-41.283000
6814,8 8 4 6 4 0 8 8 0,6,-78.371000
6815,5 2 8 6 8 6 6 8 8,6,-78.371000
6816,5 2 6 2 7 2 5 1 4,6,-21.379000
6817,7 1 2 0 2 4 8 5 8,7,-21.379000
6818,0 0 1 1 4 5 4 0 8,7,-17.872000
6819,7 8 2 8 3 3 8 0 5,8,-53.528500
6820,8 1 5 7 4 1 0 6 2,6,-19.625500
6821,7 0 5 0 5 8 6 2 7,6,-43.576500
6822,2 5 8 2 4 7 1 3 5,7,-41.283000
6823,1 3 3 1 0 5 7 5 7,7,-41.283000
6824,1 5 4 6 3 4 5 4 4,4,-53.528500
6825,5 2 0 1 7 1 3 0 7,7,-17.872000
6826,5 0 5 6 3 6 2 5 4,6,-53.528500
6827,0 1 1 4 0 0 8 0 4,7,-17.872000
6828,8 2 8 5 0 3 5 8 7,8,-65.774000
6829,7 0 8 1 7 5 7 7 6,4,-41.823000
6830,1 4 0 5 6 7 0 0 4,5,-17.872000
6831,0 2 3 3 1 8 0 0 3,9,-21.379000
6832,4 5 5 1 6 2 5 8 5,7,-65.774000
6833,4 4 2 1 2 3 7 5 2,6,-21.379000
6834,3 6 5 8 4 3 3 3 1,7,-41.283000
6835,6 1 5 1 1 0 5 8 2,8,-19.625500
6836,5 5 6 7 3 3 4 7 1,5,-41.283000
6837,1 0 0 6 4 1 1 2 4,6,-11.743500
6838,0 6 1 3 5 4 2 8 1,7,-21.379000
6839,3 0 8 7 7 2 4 0 7,5,-21.379000
6840,1 4 7 5 0 0 8 8 6,6,-41.823000
6841,0 4 7 5 3 2 0 8 3,7,-41.283000
6842,3 1 6 8 4 4 7 5 3,5,-41.283000
6843,4 6 1 5 8 1 0 7 6,5,-17.872000
6844,4 1 4 0 8 4 6 3 4,4,-29.577500
6845,5 4 2 8 6 6 2 4 8,5,-65.774000
6846,3 3 6 4 8 0 6 3 2,6,-41.283000
6847,3 3 7 2 0 5 2 7 7,6,-31.331000
6848,4 2 2 3 0 3 5 7 3,7,-41.283000
6849,5 0 8 5 8 7 2 8 0,8,-65.774000
6850,0 3 5 2 5 1 2 3 6,8,-31.331000
6851,7 2 3 8 6 3 2 1 5,7,-41.283000
6852,6 4 7 4 1 1 0 1 0,5,-5.615000
6853,2 6 6 7 4 5 4 8 6,3,-65.774000
6854,0 4 4 4 8 7 6 5 8,4,-72.072500
6855,5 0 1 5 6 5 3 0 0,8,-29.577500
6856,1 2 4 2 0 3 2 4 8,7,-21.379000
6857,0 7 6 8 5 1 2 1 2,7,-21.379000
6858,5 1 1 8 0 7 6 4 8,6,-41.823000
6859,4 8 8 5 1 5 1 7 2,7,-65.774000
6860,2 8 7 3 7 4 4 8 3,5,-41.283000
6861,0 4 3 3 6 6 2 7 0,5,-21.379000
6862,3 0 8 3 0 1 7 1 7,7,-17.872000
6863,2 0 8 2 0 6 7 2 0,7,-21.379000
6864,8 8 6 5 7 3 2 3 8,7,-65.774000
6865,6 0 4 1 4 7 4 1 5,4,-11.743500
6866,3 2 3 6 7 7 4 7 4,3,-41.283000
6867,6 2 1 4 2 3 8 3 7,6,-31.331000
6868,1 4 3 2 3 0 4 0 8,7,-21.379000
6869,1 8 0 2 7 0 8 7 4,6,-19.625500
6870,0 8 3 4 3 4 4 1 4,5,-41.283000
6871,8 4 5 4 8 5 3 1 2,7,-65.774000
6872,2 2 6 2 2 6 8 2 0,7,-21.379000
6873,7 8 4 1 0 0 1 3 1,7,-17.872000
6874,0 0 3 6 2 5 7 3 0,7,-21.379000
6875,0 8 4 6 6 8 6 7 8,4,-78.371000
6876,2 4 2 2 0 0 3 1 4,7,-21.379000
6877,5 5 5 7 5 5 1 1 0,8,-65.774000
6878,2 6 7 8 1 5 3 1 7,6,-31.331000
6879,7 8 1 1 6 8 6 3 4,5,-41.283000
6880,7 2 6 0 6 4 2 2 3,5,-21.379000
6881,5 4 1 8 1 6 6 1 6,5,-5.615000
6882,7 6 0 2 2 3 4 1 7,5,-21.379000
6883,7 0 0 2 7 3 1 8 3,7,-21.379000
6884,0 1 0 6 1 1 8 2 8,8,-17.872000
6885,1 0 8 8 1 7 7 7 3,6,-29.577500
6886,0 2 1 3 5 8 0 2 7,8,-21.379000
6887,2 6 7 8 3 6 7 7 6,3,-41.283000
6888,8 1 2 6 5 4 2 1 0,7,-21.379000
6889,7 4 8 7 1 0 6 1 5,5,-17.872000
6890,7 4 7 4 5 4 7 6 5,2,-65.774000
6891,3 0 0 6 4 3 8 7 5,6,-41.283000
6892,0 5 3 8 4 5 7 8 6,6,-65.774000
6893,1 2 5 0 3 7 8 4 7,6,-31.331000
6894,8 2 1 1 4 4 4 3 2,6,-21.379000
6895,3 1 1 5 4 7 2 1 2,7,-21.379000
6896,2 0 3 2 7 8 8 5 5,8,-53.528500
6897,5 3 2 7 0 8 4 6 8,6,-53.528500
6898,8 1 7 7 5 5 8 5 8,7,-65.774000
6899,1 6 2 3 2 8 2 4 0,7,-21.379000
6900,1 3 5 7 6 3 8 3 2,7,-41.283000
6901,4 2 6 0 2 2 3 4 8,6,-21.379000
6902,2 4 5 2 5 7 5 6 2,6,-43.576500
6903,7 4 3 4 6 1 6 8 0,4,-29.577500
6904,8 1 5 5 8 2 3 2 7,8,-53.528500
6905,0 3 8 7 8 5 8 5 6,7,-65.774000
6906,1 1 1 0 8 3 2 5 2,9,-21.379000
6907,8 6 7 2 8 7 8 1 4,5,-78.371000
6908,6 1 3 3 0 3 4 0 5,7,-41.283000
6909,1 6 6 8 3 8 3 4 1,6,-41.283000
6910,6 6 6 1 7 5 1 4 3,4,-23.449000
6911,4 7 4 0 1 0 2 8 0,6,-17.872000
6912,7 6 2 6 2 4 3 1 4,4,-21.379000
6913,1 8 7 4 4 6 5 0 2,5,-21.379000
6914,2 6 3 8 2 1 0 5 5,8,-31.331000
6915,8 3 4 6 3 7 8 5 2,6,-53.528500
6916,0 6 7 5 7 1 8 1 0,6,-17.872000
6917,3 2 1 7 6 2 4 1 1,6,-13.497000
6918,4 7 1 8 1 0 0 8 6,6,-17.872000
6919,6 5 5 7 6 5 0 2 0,6,-43.576500
6920,2 7 7 0 2 0 6 7 7,4,-19.625500
6921,7 6 0 1 5 2 1 8 6,6,-19.625500
6922,1 6 0 5 6 6 8 6 0,5,-17.872000
6923,8 6 0 3 3 1 1 8 0,8,-29.577500
6924,1 1 4 5 4 1 4 0 8,6,-11.743500
6925,3 7 1 7 8 0 3 1 2,7,-21.379000
6926,5 8 7 3 6 1 6 2 0,6,-31.331000
6927,3 5 4 7 3 3 4 0 6,5,-41.283000
6928,3 7 1 7 5 5 3 8 1,7,-41.283000
6929,8 8 5 2 2 1 8 6 5,8,-65.774000
6930,5 8 8 1 1 5 3 7 0,8,-53.528500
6931,4 4 7 1 4 3 0 6 6,3,-17.872000
6932,4 4 6 2 0 2 3 7 0,5,-21.379000
6933,3 3 3 5 5 5 2 3 8,9,-41.283000
6934,8 7 3 4 1 8 2 5 8,7,-65.774000
6935,7 1 7 3 2 7 3 5 7,5,-41.283000
6936,2 5 3 0 5 7 6 1 1,7,-21.379000
6937,5 2 2 3 2 2 2 7 7,7,-21.379000
6938,1 8 5 6 2 5 7 3 7,6,-53.528500
6939,7 5 7 1 8 3 5 8 7,6,-65.774000
6940,8 8 3 5 6 0 2 4 4,6,-53.528500
6941,1 2 6 0 7 4 3 1 4,5,-17.872000
6942,7 6 0 3 4 4 1 8 8,5,-41.283000
6943,5 0 4 7 4 1 5 2 5,6,-43.576500
6944,8 1 5 0 1 7 0 1 4,7,-17.872000
6945,7 1 1 0 6 4 0 4 8,5,-17.872000
6946,7 5 2 3 8 4 2 4 1,6,-31.331000
6947,6 0 0 0 3 1 4 4 0,6,-17.872000
6948,6 8 2 0 4 8 2 0 8,7,-21.379000
6949,4 3 1 4 7 8 7 4 1,4,-23.449000
6950,7 0 8 1 5 3 3 4 7,6,-41.283000
6951,7 4 8 7 0 5 1 1 1,6,-11.743500
6952,1 2 6 2 7 5 1 7 8,6,-21.379000
6953,7 5 1 7 8 5 8 1 6,6,-65.774000
6954,0 5 0 1 1 1 3 1 3,9,-17.872000
6955,7 0 2 8 4 8 1 3 2,7,-21.379000
6956,4 4 5 4 7 6 0 3 4,3,-41.283000
6957,5 3 3 2 2 5 7 8 6,7,-41.283000
6958,6 4 5 4 6 7 8 5 6,3,-65.774000
6959,3 5 5 0 7 2 7 5 8,7,-65.774000
6960,5 7 2 0 7 2 2 8 3,7,-21.379000
6961,3 6 7 6 3 5 0 3 8,6,-41.283000
6962,5 4 3 5 3 1 7 2 6,6,-41.283000
6963,4 6 7 6 2 1 2 6 5,4,-21.379000
6964,7 8 5 3 8 1 8 3 3,8,-53.528500
6965,4 0 8 7 0 8 1 6 2,6,-19.625500
6966,5 4 2 7 6 6 6 8 5,4,-65.774000
6967,4 6 8 4 0 7 8 3 5,5,-65.774000
6968,2 3 4 7 4 8 4 5 7,4,-53.528500
6969,1 6 0 4 3 5 3 6 0,6,-29.577500
6970,7 6 6 0 2 5 0 6 7,4,-19.625500
6971,2 7 1 1 8 6 3 0 5,7,-21.379000
6972,5 6 8 4 7 4 5 3 5,5,-65.774000
6973,3 0 1 8 8 8 2 3 2,9,-41.283000
6974,7 2 5 8 5 0 5 0 1,8,-43.576500
6975,5 2 6 4 3 0 8 1 2,7,-21.379000
6976,2 4 3 6 4 8 2 4 2,5,-21.379000
6977,4 7 5 6 8 6 3 0 8,5,-65.774000
6978,4 0 3 4 6 2 2 3 3,6,-31.331000
6979,1 0 1 7 8 2 6 2 8,7,-21.379000
6980,3 4 1 7 1 3 2 7 2,6,-21.379000
6981,6 7 5 1 6 2 5 8 1,6,-43.576500
6982,1 7 6 6 3 4 1 6 4,3,-5.615000
6983,5 4 1 8 8 1 3 3 4,7,-41.283000
6984,1 2 2 3 8 4 6 1 1,7,-21.379000
6985,8 5 7 7 8 3 1 6 0,6,-53.528500
6986,5 1 3 8 8 4 3 1 2,8,-41.283000
6987,3 4 6 7 2 7 0 4 4,3,-21.379000
6988,1 0 1 7 3 1 7 2 8,7,-17.872000
6989,6 2 7 2 2 7 0 0 8,6,-21.379000
6990,2 6 1 8 3 4 4 8 3,6,-41.283000
6991,0 3 2 0 3 0 5 4 6,7,-21.379000
6992,5 3 5 0 2 3 6 0 8,8,-41.283000
6993,0 3 8 6 5 6 3 8 4,6,-53.528500
6994,1 1 2 6 0 8 6 6 5,6,-19.625500
6995,0 2 0 5 5 0 2 4 8,8,-21.379000
6996,8 7 7 4 7 8 8 5 0,5,-78.371000
6997,6 2 8 0 8 4 4 2 0,6,-21.379000
6998,6 1 6 4 1 8 6 8 2,5,-21.379000
6999,4 4 5 4 3 3 0 1 7,5,-41.283000
7000,4 0 2 1 4 0 0 5 5,7,-17.872000
7001,3 6 6 0 8 6 0 1 8,6,-29.577500
7002,0 8 3 2 4 2 8 0 3,8,-31.331000
7003,8 4 4 3 3 8 5 2 1,7,-41.283000
7004,6 8 3 6 1 7 1 4 2,5,-21.379000
7005,2 5 7 6 4 4 8 6 5,4,-65.774000
7006,3 3 2 0 0 4 8 1 5,8,-31.331000
7007,2 8 5 3 0 1 7 4 1,7,-21.379000
7008,4 1 0 2 8 5 7 2 7,6,-21.379000
7009,2 2 3 1 5 6 1 5 5,8,-31.331000
7010,1 3 6 1 4 3 8 4 7,5,-41.283000
7011,8 8 7 3 8 8 5 1 7,7,-78.371000
7012,1 6 6 1 2 0 8 0 1,7,-17.872000
7013,4 8 7 4 5 5 2 4 7,4,-65.774000
7014,2 3 3 3 1 5 3 2 2,9,-41.283000
7015,1 0 6 4 3 6 1 0 8,6,-17.872000
7016,6 2 7 0 2 6 0 2 6,5,-21.379000
7017,8 1 5 6 6 8 5 3 8,7,-65.774000
7018,8 2 0 0 8 7 5 4 4,6,-43.576500
7019,8 6 8 5 0 0 0 5 1,8,-41.823000
7020,6 2 7 2 7 8 6 5 1,5,-21.379000
7021,7 2 0 8 8 2 2 3 4,7,-21.379000
7022,1 2 8 1 4 6 7 7 4,4,-13.497000
7023,0 8 2 6 1 4 8 0 5,7,-21.379000
7024,1 2 6 1 7 2 4 6 4,4,-13.497000
7025,5 4 3 4 7 3 2 2 7,5,-41.283000
7026,1 5 5 7 8 3 4 8 2,7,-65.774000
7027,5 4 6 1 4 3 1 8 5,6,-53.528500
7028,6 1 1 4 2 3 1 0 1,7,-5.615000
7029,5 1 4 4 0 3 1 1 6,6,-11.743500
7030,0 0 4 1 2 3 5 8 4,7,-21.379000
7031,2 3 5 0 4 2 2 4 6,6,-21.379000
7032,3 3 8 5 7 8 0 3 8,8,-53.528500
7033,2 6 5 5 8 5 1 3 3,8,-53.528500
7034,5 2 6 8 5 5 0 6 4,6,-65.774000
7035,6 6 2 5 4 4 4 5 1,4,-43.576500
7036,2 8 6 2 2 7 5 1 3,7,-21.379000
7037,8 6 3 8 2 2 3 6 0,7,-41.283000
7038,5 7 0 5 5 5 6 6 5,6,-65.774000
7039,1 6 3 3 4 0 8 1 8,7,-41.283000
7040,6 7 7 5 8 2 7 4 6,3,-65.774000
7041,6 1 2 0 3 6 8 1 8,7,-21.379000
7042,3 8 4 4 4 8 3 5 2,6,-53.528500
7043,4 8 4 0 2 1 1 3 3,7,-21.379000
7044,5 2 4 1 1 6 0 7 3,6,-19.625500
7045,1 7 0 4 3 1 0 1 4,6,-11.743500
7046,2 0 5 2 2 5 7 3 5,8,-31.331000
7047,7 6 0 5 6 4 3 2 6,4,-31.331000
7048,0 8 8 1 5 0 2 0 7,8,-19.625500
7049,0 2 5 1 7 6 6 6 1,5,-17.872000
7050,8 5 0 2 5 6 4 5 3,7,-65.774000
7051,6 0 1 5 7 4 2 4 2,5,-21.379000
7052,7 1 3 4 7 2 3 6 8,5,-41.283000
7053,4 5 6 5 1 4 5 1 1,6,-35.694500
7054,2 7 8 3 4 8 8 0 3,7,-41.283000
7055,2 3 5 6 0 1 8 5 3,8,-41.283000
7056,5 0 7 5 0 8 0 0 8,8,-41.823000
7057,5 7 1 5 0 4 6 5 6,5,-65.774000
7058,2 6 4 5 3 6 5 6 8,5,-65.774000
7059,2 1 1 5 0 6 3 3 5,8,-31.331000
7060,1 8 8 6 1 6 3 8 2,7,-41.283000
7061,1 0 2 3 1 1 6 1 6,7,-5.615000
7062,8 8 6 7 3 7 2 8 5,6,-72.072500
7063,5 4 7 3 5 5 4 0 8,6,-65.774000
7064,2 3 5 7 6 2 7 5 5,6,-53.528500
7065,7 5 6 0 8 2 5 3 7,6,-53.528500
7066,2 4 5 3 7 6 4 5 6,4,-53.528500
7067,0 2 1 5 2 0 1 2 4,8,-19.625500
7068,4 7 2 8 3 2 8 4 1,6,-31.331000
7069,3 6 7 3 3 8 3 3 7,6,-41.283000
7070,1 0 4 1 6 0 4 7 8,5,-17.872000
7071,2 1 5 7 0 8 6 1 6,6,-19.625500
7072,7 0 7 2 0 6 7 3 3,5,-21.379000
7073,8 1 6 1 5 0 7 2 5,7,-21.379000
7074,0 8 2 1 4 3 5 6 5,7,-41.283000
7075,6 1 2 3 3 2 1 6 0,7,-21.379000
7076,4 4 0 5 3 6 1 5 5,6,-53.528500
7077,8 4 6 3 3 5 0 5 2,7,-41.283000
7078,6 0 8 4 6 3 4 5 6,4,-53.528500
7079,8 7 6 1 5 2 8 0 8,7,-65.774000
7080,0 7 2 7 0 8 7 0 3,6,-19.625500
7081,3 6 2 1 1 2 0 1 2,8,-19.625500
7082,0 2 6 2 1 5 6 4 8,6,-21.379000
7083,3 6 6 7 0 5 6 4 6,3,-41.283000
7084,1 7 8 8 6 6 6 1 5,5,-65.774000
7085,3 6 3 6 0 3 8 3 5,7,-41.283000
7086,1 4 6 4 7 2 2 4 6,3,-21.379000
7087,2 7 7 8 1 2 4 8 6,5,-21.379000
7088,7 0 5 0 3 6 8 7 7,5,-41.283000
7089,1 7 4 1 0 8 1 7 5,6,-11.743500
7090,2 0 1 6 8 8 0 1 6,7,-17.872000
7091,4 3 2 6 6 1 1 0 8,6,-19.625500
7092,8 2 5 8 0 0 4 5 6,7,-65.774000
7093,7 3 0 3 7 4 4 0 4,4,-29.577500
7094,8 2 2 1 8 8 6 7 5,7,-65.774000
7095,0 4 5 1 4 8 7 7 4,4,-41.823000
7096,2 1 3 8 7 4 2 7 6,5,-21.379000
7097,6 0 7 5 1 4 1 1 4,5,-5.615000
7098,0 0 1 0 3 4 6 7 0,6,-17.872000
7099,5 3 8 8 0 5 5 8 8,9,-65.774000
7100,2 5 0 2 5 3 4 1 3,8,-31.331000
7101,1 3 8 4 6 7 8 5 8,6,-72.072500
7102,7 2 6 7 2 6 5 0 1,5,-21.379000
7103,1 1 4 1 1 3 0 6 2,7,-5.615000
7104,5 8 2 5 5 1 8 2 4,8,-65.774000
7105,4 5 5 8 6 5 0 4 5,6,-65.774000
7106,3 6 3 1 6 0 1 1 5,7,-17.872000
7107,8 0 6 7 8 5 4 4 7,4,-72.072500
7108,5 7 0 4 1 3 6 0 4,5,-17.872000
7109,6 3 8 1 0 3 4 7 3,6,-41.283000
7110,7 6 2 3 4 4 1 5 1,5,-21.379000
7111,8 6 6 3 1 4 3 4 8,5,-41.283000
7112,8 1 4 7 7 1 4 7 8,4,-41.993000
7113,5 8 6 0 1 3 4 3 0,7,-41.283000
7114,8 0 5 3 8 0 1 7 0,8,-29.577500
7115,6 2 3 5 5 7 5 6 7,5,-65.774000
7116,7 3 4 8 3 7 2 7 8,5,-41.283000
7117,5 4 6 8 2 6 7 1 8,5,-65.774000
7118,6 0 3 3 1 8 1 0 6,7,-17.872000
7119,5 0 6 7 5 7 3 5 0,6,-53.528500
7120,7 1 1 0 4 3 0 7 2,6,-17.872000
7121,6 8 8 7 2 1 6 1 5,6,-43.576500
7122,7 0 5 0 8 7 5 2 7,6,-43.576500
7123,6 1 0 5 3 8 4 1 6,6,-29.577500
7124,5 0 2 4 8 5 2 2 4,7,-21.379000
7125,1 8 0 7 2 0 7 6 0,6,-17.872000
7126,5 0 7 3 8 3 0 3 4,7,-41.283000
7127,2 6 8 2 0 0 0 0 0,8,-17.872000
7128,1 1 2 2 0 1 0 2 2,9,-17.872000
7129,2 2 7 2 4 0 3 5 0,7,-21.379000
7130,1 5 0 3 7 7 4 3 1,6,-29.577500
7131,7 4 3 1 5 3 8 2 4,6,-41.283000
7132,7 8 2 5 1 5 6 7 7,5,-65.774000
7133,4 0 6 7 4 7 4 3 1,3,-17.872000
7134,7 6 6 1 8 4 4 8 3,4,-59.827000
7135,5 0 3 2 4 6 2 3 5,7,-41.283000
7136,7 6 5 3 6 5 3 3 6,5,-41.283000
7137,1 0 2 4 1 6 3 6 5,6,-19.625500
7138,2 0 8 3 1 1 2 7 4,7,-21.379000
7139,1 7 5 6 5 5 2 3 8,7,-65.774000
7140,2 5 2 6 1 2 4 7 6,5,-21.379000
7141,7 6 1 5 1 8 2 7 2,6,-21.379000
7142,3 6 3 5 4 2 0 0 8,7,-41.283000
7143,6 3 0 8 6 0 7 8 2,6,-31.331000
7144,1 4 2 1 8 4 7 6 0,5,-17.872000
7145,5 8 6 7 3 4 2 6 3,5,-41.283000
7146,5 7 0 1 2 1 7 7 1,6,-11.743500
7147,7 3 2 0 0 8 3 1 0,8,-19.625500
7148,5 3 4 8 2 4 0 2 3,7,-41.283000
7149,3 7 1 3 1 2 1 5 7,7,-21.379000
7150,1 6 7 4 2 1 7 8 3,5,-21.379000
7151,2 6 0 5 2 8 2 4 3,7,-21.379000
7152,2 0 8 5 5 8 0 4 6,7,-65.774000
7153,1 6 3 8 0 4 7 0 5,6,-29.577500
7154,7 3 2 0 6 5 4 8 4,5,-41.283000
7155,2 8 0 6 0 4 3 8 4,6,-31.331000
7156,1 6 4 7 1 6 2 4 7,3,-5.615000
7157,3 0 8 7 8 3 8 2 0,8,-41.283000
7158,5 3 5 0 5 8 4 4 1,7,-65.774000
7159,6 3 3 6 5 7 2 1 6,5,-41.283000
7160,4 4 5 1 6 3 6 6 8,4,-53.528500
7161,5 6 6 4 4 2 2 0 7,4,-21.379000
7162,4 3 8 4 4 8 4 5 1,5,-65.774000
7163,7 3 7 4 2 1 1 1 8,6,-13.497000
7164,5 7 4 4 5 3 1 0 3,6,-41.283000
7165,6 1 5 1 2 6 4 6 4,4,-13.497000
7166,2 1 3 1 4 0 8 1 6,7,-17.872000
7167,8 2 3 3 4 1 5 2 8,8,-41.283000
7168,4 2 1 2 7 6 8 8 1,6,-21.379000
7169,2 4 7 1 3 6 7 2 5,5,-21.379000
7170,0 0 4 6 3 7 5 1 8,6,-29.577500
7171,0 3 1 8 1 2 2 3 3,9,-21.379000
7172,0 7 3 1 2 4 1 6 4,5,-17.872000
7173,8 0 7 3 1 3 1 1 7,7,-17.872000
7174,6 5 6 8 4 4 3 4 1,4,-53.528500
7175,7 6 4 5 1 1 0 7 3,5,-17.872000
7176,6 3 1 6 3 0 3 4 0,6,-29.577500
7177,6 6 5 1 8 0 7 4 6,4,-41.823000
7178,6 1 4 0 8 5 4 1 7,5,-17.872000
7179,0 7 2 0 0 8 1 6 0,7,-17.872000
7180,3 8 6 3 5 4 6 0 2,6,-41.283000
7181,0 2 0 8 5 8 0 5 7,8,-43.576500
7182,7 2 8 6 3 0 6 5 8,6,-53.528500
7183,0 5 3 5 3 8 5 1 5,9,-65.774000
7184,8 8 7 7 7 5 0 1 4,5,-65.774000
7185,5 4 1 4 7 7 2 8 3,5,-41.283000
7186,4 8 0 6 4 8 2 1 8,6,-49.875000
7187,4 4 3 2 1 7 8 1 2,6,-21.379000
7188,1 0 8 3 0 8 2 4 6,7,-21.379000
7189,3 0 7 7 4 1 7 7 7,3,-17.872000
7190,3 6 4 7 4 4 7 7 0,2,-29.577500
7191,7 8 7 0 4 1 3 5 0,6,-29.577500
7192,1 4 7 4 0 7 3 4 4,3,-17.872000
7193,4 1 4 1 3 2 3 1 1,7,-5.615000
7194,4 6 1 1 0 3 3 1 8,7,-17.872000
7195,6 4 3 5 2 8 5 2 2,7,-41.283000
7196,6 0 7 7 1 2 5 4 3,5,-21.379000
7197,1 4 0 2 5 8 4 0 5,7,-21.379000
7198,7 1 7 6 2 2 8 0 3,6,-21.379000
7199,7 8 6 2 0 4 1 1 2,6,-19.625500
7200,5 4 2 5 5 6 0 7 2,6,-43.576500
7201,5 1 8 1 5 2 3 3 7,8,-41.283000
7202,6 3 3 4 8 5 7 4 7,4,-53.528500
7203,6 5 5 7 6 6 5 4 6,3,-65.774000
7204,7 8 6 2 5 4 1 5 0,6,-43.576500
7205,3 1 1 4 6 6 6 5 1,5,-5.615000
7206,3 2 6 8 0 3 8 1 5,8,-41.283000
7207,3 4 6 4 5 0 2 4 3,5,-41.283000
7208,0 8 2 3 7 7 5 0 8,7,-41.283000
7209,4 0 8 4 4 8 6 0 6,4,-48.121500
7210,4 7 5 6 5 5 6 8 4,4,-65.774000
7211,6 4 0 2 5 6 6 1 6,4,-19.625500
7212,7 8 0 8 4 4 4 5 1,5,-65.774000
7213,1 2 6 0 3 4 2 8 4,6,-21.379000
7214,4 2 6 2 4 2 7 7 2,4,-21.379000
7215,0 2 1 5 5 8 4 7 5,7,-65.774000
7216,6 5 8 1 5 3 8 5 6,7,-65.774000
7217,7 5 6 1 0 8 7 6 7,4,-41.823000
7218,7 6 7 7 6 8 3 1 8,4,-59.827000
7219,7 2 5 6 0 0 8 8 0,7,-21.379000
7220,3 6 6 8 4 8 0 8 0,6,-59.827000
7221,7 3 6 0 6 1 8 8 4,5,-41.283000
7222,2 2 2 3 3 7 6 4 6,5,-21.379000
7223,1 0 5 2 6 4 5 8 3,7,-41.283000
7224,3 4 2 8 8 8 1 0 5,8,-53.528500
7225,4 5 7 6 3 5 7 3 6,4,-53.528500
7226,7 7 8 6 8 2 5 7 8,5,-78.371000
7227,8 4 3 2 7 8 5 4 8,6,-72.072500
7228,3 0 7 2 8 6 3 6 7,5,-41.283000
7229,0 0 3 4 5 5 0 1 4,7,-17.872000
7230,8 3 5 1 3 4 6 2 7,6,-41.283000
7231,7 8 3 2 7 1 7 3 6,5,-41.283000
7232,6 0 3 5 2 5 5 5 2,8,-53.528500
7233,4 0 4 6 7 2 0 8 7,4,-19.625500
7234,7 0 5 8 4 5 3 4 0,6,-53.528500
7235,0 4 2 4 8 0 2 5 1,7,-21.379000
7236,4 3 2 2 0 6 1 8 8,7,-21.379000
7237,3 0 7 7 5 0 8 7 8,6,-53.528500
7238,8 4 6 3 1 6 1 2 0,6,-19.625500
7239,0 1 1 5 3 8 3 1 1,9,-17.872000
7240,5 2 0 3 3 2 2 8 0,9,-21.379000
7241,2 6 2 5 3 7 4 2 4,5,-21.379000
7242,7 1 3 5 6 1 7 0 8,6,-29.577500
7243,1 3 0 1 2 1 0 2 2,9,-17.872000
7244,0 1 1 0 6 0 7 0 6,6,-17.872000
7245,0 6 6 3 6 2 1 3 2,6,-21.379000
7246,3 7 3 1 8 5 8 7 2,7,-41.283000
7247,6 5 3 1 4 1 1 1 8,7,-5.615000
7248,3 4 7 0 0 5 2 2 0,7,-21.379000
7249,2 3 1 7 3 5 6 6 5,6,-41.283000
7250,0 3 7 4 7 3 1 2 6,5,-21.379000
7251,2 5 8 2 7 1 5 7 0,7,-21.379000
7252,5 1 7 6 5 0 0 3 7,6,-29.577500
7253,6 4 6 3 6 7 2 2 8,4,-31.331000
7254,7 6 7 2 0 3 7 0 2,5,-21.379000
7255,8 3 7 7 8 6 0 7 6,4,-59.827000
7256,7 5 7 5 5 1 1 6 0,6,-41.823000
7257,8 4 4 3 0 3 1 6 8,6,-41.283000
7258,2 1 3 4 6 8 7 2 4,5,-21.379000
7259,0 1 2 1 4 2 6 7 8,6,-19.625500
7260,1 6 0 5 6 1 0 4 5,6,-17.872000
7261,1 7 8 0 6 0 3 1 2,7,-17.872000
7262,6 0 2 1 3 4 3 7 7,5,-21.379000
7263,7 0 0 7 7 5 7 3 2,5,-21.379000
7264,8 1 8 4 3 1 6 8 3,7,-41.283000
7265,8 2 7 4 4 3 5 3 8,6,-53.528500
7266,5 6 8 8 0 5 0 2 5,8,-65.774000
7267,7 6 6 2 2 1 3 4 6,4,-21.379000
7268,3 7 4 6 0 0 7 0 6,4,-17.872000
7269,7 1 6 5 8 0 0 6 8,6,-41.823000
7270,6 2 2 3 5 5 6 4 4,5,-41.283000
7271,1 3 5 5 2 0 0 2 1,9,-21.379000
7272,7 3 7 1 7 0 1 8 3,6,-29.577500
7273,3 0 8 3 2 5 7 5 6,7,-41.283000
7274,7 6 6 1 4 5 5 5 6,4,-65.774000
7275,7 0 1 3 3 8 0 6 4,6,-29.577500
7276,5 3 3 8 1 7 2 1 7,7,-41.283000
7277,3 3 2 6 6 4 6 1 8,5,-41.283000
7278,6 8 2 1 5 1 2 2 4,7,-21.379000
7279,7 2 8 1 4 8 2 8 2,7,-21.379000
7280,4 2 1 5 7 2 6 8 5,6,-43.576500
7281,7 8 7 8 2 8 4 8 1,6,-78.371000
7282,2 7 2 2 4 1 1 6 8,6,-21.379000
7283,0 5 0 3 1 7 1 8 4,7,-17.872000
7284,5 8 7 1 8 6 8 4 5,6,-72.072500
7285,7 8 0 0 7 0 3 8 5,7,-41.283000
7286,4 3 5 1 4 2 0 4 5,6,-31.331000
7287,5 5 1 7 3 2 7 2 0,7,-21.379000
7288,0 3 5 5 1 3 7 3 6,7,-41.283000
7289,2 7 5 8 8 7 3 2 0,7,-41.283000
7290,3 2 8 3 2 2 8 1 3,9,-41.283000
7291,2 4 5 7 1 7 8 0 6,5,-21.379000
7292,8 3 7 1 5 5 3 7 0,7,-41.283000
7293,7 4 2 3 6 0 3 1 8,6,-31.331000
7294,1 1 4 5 0 0 0 6 4,6,-17.872000
7295,0 7 5 4 7 3 6 5 4,4,-53.528500
7296,8 4 8 6 1 8 1 5 8,7,-78.371000
7297,0 4 1 6 0 6 6 8 7,4,-17.872000
7298,3 6 5 2 4 4 8 5 2,6,-53.528500
7299,0 6 4 5 6 0 1 0 2,6,-17.872000
7300,3 6 1 8 1 3 5 6 4,6,-41.283000
7301,4 1 3 7 8 8 7 0 5,6,-53.528500
7302,8 8 6 5 7 6 7 3 2,5,-65.774000
7303,7 6 5 0 0 6 7 3 5,5,-41.283000
7304,5 3 6 1 5 2 8 4 1,7,-41.283000
7305,3 2 0 2 3 3 5 1 3,9,-41.283000
7306,2 4 0 8 5 2 1 0 2,8,-21.379000
7307,5 4 3 1 6 6 0 4 4,4,-29.577500
7308,7 3 0 0 0 2 0 1 2,8,-17.872000
7309,6 1 2 3 7 5 3 4 2,6,-31.331000
7310,5 5 3 2 5 8 1 4 5,8,-65.774000
7311,1 8 3 5 3 8 7 4 7,6,-53.528500
7312,5 2 3 2 5 4 7 6 0,6,-31.331000
7313,7 8 5 7 8 1 6 7 8,5,-78.371000
7314,4 5 5 1 0 8 2 4 3,7,-41.283000
7315,6 2 3 6 7 3 1 5 1,6,-31.331000
7316,6 1 1 3 1 6 1 3 0,7,-5.615000
7317,4 5 3 1 7 3 3 5 5,7,-41.283000
7318,0 0 1 0 1 5 2 5 4,8,-17.872000
7319,6 5 4 2 8 1 3 2 4,6,-31.331000
7320,2 1 2 5 0 2 3 4 4,7,-21.379000
7321,2 4 2 7 6 4 5 1 8,5,-21.379000
7322,1 8 3 4 7 0 4 3 0,6,-29.577500
7323,1 2 3 4 1 4 4 3 3,6,-31.331000
7324,2 2 3 5 3 2 1 1 7,8,-21.379000
7325,7 8 6 3 1 6 6 0 1,5,-17.872000
7326,7 0 5 3 6 6 7 5 3,5,-41.283000
7327,0 2 2 8 1 3 4 2 1,8,-21.379000
7328,3 2 2 5 1 3 4 8 5,8,-41.283000
7329,8 3 0 4 5 3 6 3 2,7,-41.283000
7330,0 2 0 6 3 5 5 0 5,8,-31.331000
7331,2 8 5 5 2 2 0 2 6,8,-21.379000
7332,0 7 8 1 0 1 8 5 5,8,-41.823000
7333,0 1 8 1 2 1 3 4 4,7,-17.872000
7334,5 2 4 0 2 4 4 2 4,5,-21.379000
7335,5 4 7 7 1 8 5 5 8,6,-65.774000
7336,6 0 0 6 6 2 2 4 1,5,-17.872000
7337,5 8 0 5 4 5 3 6 1,7,-65.774000
7338,1 5 8 3 2 5 1 6 5,8,-53.528500
7339,2 0 5 0 7 6 3 4 6,5,-21.379000
7340,3 8 4 6 2 2 1 4 5,6,-31.331000
7341,6 1 6 5 8 2 2 8 0,7,-21.379000
7342,0 0 0 4 5 8 2 5 4,7,-21.379000
7343,7 2 5 0 5 8 7 1 0,7,-21.379000
7344,3 8 4 6 1 6 8 7 3,5,-41.283000
7345,8 7 2 0 0 6 6 0 5,6,-19.625500
7346,3 5 8 3 4 7 5 4 5,6,-65.774000
7347,8 3 8 1 2 3 4 2 6,7,-41.283000
7348,5 7 3 1 3 7 2 6 6,5,-41.283000
7349,3 4 0 8 5 4 7 3 4,5,-41.283000
7350,7 2 8 1 1 6 4 6 7,4,-13.497000
7351,3 3 8 5 3 4 3 5 5,8,-53.528500
7352,6 1 0 8 4 8 4 0 7,5,-17.872000
7353,7 4 3 7 6 2 7 1 4,3,-21.379000
7354,5 6 5 2 0 4 3 4 1,6,-31.331000
7355,1 0 6 8 3 2 4 7 8,6,-31.331000
7356,8 1 2 7 5 2 1 7 2,7,-21.379000
7357,3 0 3 1 5 0 3 4 1,8,-29.577500
7358,5 7 4 4 5 2 4 7 2,4,-43.576500
7359,3 5 6 4 7 3 8 0 1,6,-41.283000
7360,8 3 7 4 1 5 2 8 7,6,-53.528500
7361,7 7 1 0 3 1 0 5 7,6,-17.872000
7362,3 1 7 8 7 4 8 7 6,4,-59.827000
7363,2 7 1 4 6 8 4 5 4,4,-43.576500
7364,2 1 8 5 0 7 5 5 3,8,-53.528500
7365,4 7 7 4 1 3 3 6 8,4,-41.283000
7366,5 8 2 7 1 0 5 2 7,7,-21.379000
7367,2 7 2 5 7 8 0 8 4,6,-43.576500
7368,4 3 4 7 0 2 8 5 8,6,-53.528500
7369,4 0 6 6 1 7 0 8 1,5,-17.872000
7370,6 3 4 2 6 6 3 5 7,4,-41.283000
7371,1 0 7 3 3 5 5 6 5,7,-41.283000
7372,2 6 1 2 4 0 6 2 5,6,-21.379000
7373,2 5 6 0 7 8 4 7 4,4,-43.576500
7374,2 8 7 0 2 7 0 7 1,6,-19.625500
7375,6 4 2 3 4 2 8 5 2,6,-31.331000
7376,8 3 1 3 7 4 4 6 7,4,-41.283000
7377,4 5 8 5 8 2 1 8 1,8,-65.774000
7378,5 8 6 0 6 6 2 7 0,5,-21.379000
7379,8 7 2 2 5 6 3 2 8,7,-41.283000
7380,4 6 1 1 5 1 3 0 1,7,-5.615000
7381,0 6 2 6 7 3 8 3 2,6,-31.331000
7382,2 7 4 4 0 4 6 4 4,2,-19.625500
7383,4 7 3 7 1 3 3 7 3,5,-41.283000
7384,2 0 8 6 6 2 4 1 8,6,-21.379000
7385,7 6 0 1 7 5 3 8 4,5,-41.283000
7386,2 3 6 7 5 3 5 8 0,7,-41.283000
7387,4 6 6 6 0 0 1 6 4,3,-17.872000
7388,7 5 7 1 0 0 1 3 8,7,-17.872000
7389,6 5 0 1 3 2 4 3 8,7,-41.283000
7390,3 6 1 2 6 8 0 2 1,7,-21.379000
7391,5 6 2 7 4 6 5 5 7,4,-65.774000
7392,3 4 5 7 3 7 6 0 3,5,-41.283000
7393,5 5 3 7 4 8 0 2 5,7,-65.774000
7394,7 5 5 0 7 2 5 7 5,6,-65.774000
7395,1 5 5 6 6 5 7 5 1,6,-65.774000
7396,7 5 0 2 3 1 7 3 6,6,-31.331000
7397,8 5 6 0 2 6 0 8 2,7,-21.379000
7398,3 7 0 2 4 3 6 4 3,5,-41.283000
7399,2 3 3 2 0 5 3 6 7,7,-41.283000
7400,5 3 7 5 0 2 4 3 2,7,-41.283000
7401,5 4 8 1 4 6 1 4 7,4,-35.694500
7402,5 0 4 1 8 0 3 5 2,8,-31.331000
7403,3 4 8 6 7 7 7 5 8,4,-72.072500
7404,0 8 5 4 6 2 0 0 6,6,-19.625500
7405,2 3 5 1 6 8 7 7 7,5,-41.283000
7406,8 8 3 8 5 4 2 0 0,8,-53.528500
7407,3 7 8 7 2 7 1 2 7,5,-21.379000
7408,1 8 1 8 6 5 5 2 2,8,-43.576500
7409,2 4 5 1 8 4 7 7 8,5,-65.774000
7410,7 6 3 2 0 1 2 5 0,7,-21.379000
7411,5 0 1 6 0 1 8 8 7,7,-17.872000
7412,6 8 2 3 5 2 1 6 0,7,-21.379000
7413,1 4 6 8 3 6 7 5 3,5,-41.283000
7414,3 4 3 7 1 5 5 1 1,7,-41.283000
7415,5 5 3 2 8 8 3 8 8,9,-65.774000
7416,6 4 1 0 2 2 0 1 2,7,-17.872000
7417,5 3 1 6 7 5 2 5 1,7,-41.283000
7418,2 7 1 4 6 6 1 1 5,5,-5.615000
7419,1 3 2 5 4 8 7 2 2,7,-21.379000
7420,7 8 1 6 4 4 0 3 3,5,-41.283000
7421,1 2 2 6 2 0 2 3 2,8,-21.379000
7422,4 4 0 1 1 2 3 5 2,7,-21.379000
7423,0 1 2 5 8 6 2 6 6,6,-21.379000
7424,6 4 0 6 6 8 0 2 1,5,-17.872000
7425,3 8 3 2 8 5 3 8 0,9,-41.283000
7426,7 8 5 1 2 0 7 6 1,6,-19.625500
7427,1 2 8 3 3 5 6 8 0,8,-41.283000
7428,4 1 3 1 3 4 2 3 7,6,-31.331000
7429,6 8 3 3 1 3 8 6 2,7,-41.283000
7430,7 2 6 7 8 2 2 2 5,6,-21.379000
7431,3 3 3 6 0 4 7 8 8,6,-41.283000
7432,7 5 0 8 8 5 0 7 1,7,-65.774000
7433,6 4 1 5 3 1 5 8 5,7,-65.774000
7434,2 1 2 6 3 6 0 0 7,6,-19.625500
7435,6 8 0 4 1 0 1 4 3,6,-17.872000
7436,8 8 7 3 7 0 6 0 3,6,-41.283000
7437,1 7 5 2 8 6 6 4 4,4,-43.576500
7438,0 4 3 0 2 8 8 5 7,7,-41.283000
7439,4 6 2 5 6 5 4 0 2,5,-21.379000
7440,5 4 0 0 4 2 4 3 8,6,-31.331000
7441,6 7 1 1 6 6 5 5 4,4,-35.694500
7442,3 3 4 0 5 4 8 0 3,7,-41.283000
7443,7 4 6 5 7 4 8 5 7,3,-65.774000
7444,2 2 8 2 6 0 1 2 4,7,-21.379000
7445,4 7 2 8 5 6 7 6 0,4,-43.576500
7446,8 4 1 7 5 5 4 7 5,5,-65.774000
7447,2 6 2 3 4 1 6 0 8,6,-21.379000
7448,4 7 2 6 6 2 6 1 3,4,-21.379000
7449,3 5 0 6 5 5 5 3 3,8,-53.528500
7450,0 7 8 0 5 0 4 0 5,7,-17.872000
7451,8 7 1 1 5 8 6 4 4,5,-65.774000
7452,4 7 3 1 3 4 8 2 1,6,-31.331000
7453,7 6 0 1 5 5 1 7 4,5,-17.872000
7454,7 8 1 7 3 1 7 6 8,5,-41.283000
7455,7 6 7 8 0 0 5 6 2,5,-21.379000
7456,1 2 1 8 3 4 6 0 2,7,-21.379000
7457,5 6 0 2 5 0 5 3 7,7,-41.283000
7458,4 8 5 5 2 0 6 0 6,6,-43.576500
7459,1 4 5 8 8 2 5 4 2,7,-65.774000
7460,1 8 0 4 6 6 6 5 1,5,-17.872000
7461,7 8 8 6 0 1 5 5 1,7,-65.774000
7462,7 5 8 6 3 1 8 3 4,6,-53.528500
7463,0 6 7 3 4 2 5 2 4,5,-21.379000
7464,8 4 5 0 2 1 6 1 7,6,-19.625500
7465,8 3 1 3 6 3 2 8 7,7,-41.283000
7466,4 8 5 6 2 5 5 8 2,7,-65.774000
7467,7 6 8 3 7 7 4 7 2,3,-41.283000
7468,0 1 5 7 5 5 0 3 5,8,-53.528500
7469,7 8 6 6 3 0 6 3 1,5,-41.283000
7470,1 8 6 4 6 4 6 2 0,4,-19.625500
7471,6 1 6 7 6 5 2 6 4,3,-21.379000
7472,5 2 8 8 0 7 6 8 2,7,-65.774000
7473,8 8 4 0 1 2 4 5 3,7,-41.283000
7474,1 5 0 1 0 7 8 8 1,8,-17.872000
7475,4 3 5 1 3 1 6 0 1,7,-17.872000
7476,4 7 1 8 4 4 8 8 3,5,-78.371000
7477,5 5 1 2 6 4 2 8 5,7,-65.774000
7478,4 6 0 2 3 7 3 5 0,6,-31.331000
7479,8 3 5 4 6 5 7 0 3,6,-53.528500
7480,0 4 8 3 2 1 8 7 6,6,-31.331000
7481,6 4 4 4 8 2 8 4 2,4,-49.875000
7482,3 8 4 7 6 4 2 0 1,5,-21.379000
7483,7 1 4 8 7 7 3 6 5,4,-53.528500
7484,4 2 0 6 0 4 3 0 0,6,-17.872000
7485,0 6 7 5 5 5 3 4 5,6,-65.774000
7486,6 3 7 5 0 0 7 2 5,6,-31.331000
7487,8 2 3 4 5 5 5 4 4,6,-65.774000
7488,4 2 1 5 8 1 1 6 5,7,-21.379000
7489,0 7 6 1 7 2 5 7 5,5,-21.379000
7490,7 7 6 2 4 0 1 6 1,4,-11.743500
7491,6 3 2 0 5 8 8 0 2,8,-31.331000
7492,4 8 2 4 8 7 1 7 3,5,-41.283000
7493,6 6 4 0 6 4 8 2 8,4,-49.875000
7494,5 4 1 2 6 3 6 8 4,5,-41.283000
7495,2 4 3 5 4 8 6 8 8,6,-72.072500
7496,2 0 1 0 6 6 4 8 6,5,-17.872000
7497,4 1 4 4 4 4 7 2 3,3,-21.379000
7498,7 1 5 0 3 6 8 4 6,5,-41.283000
7499,1 0 8 6 1 4 1 6 7,5,-5.615000
7500,2 2 4 6 2 5 0 2 1,7,-21.379000
7501,6 4 2 7 2 7 3 0 2,5,-21.379000
7502,7 8 4 8 5 8 3 7 8,6,-78.371000
7503,7 3 3 3 3 1 6 2 6,6,-41.283000
7504,2 7 6 7 5 3 3 0 7,5,-41.283000
7505,0 2 7 3 4 0 3 6 7,5,-21.379000
7506,0 5 3 4 5 7 1 3 1,7,-41.283000
7507,7 6 4 8 5 0 5 6 8,5,-65.774000
7508,3 0 8 7 3 0 1 5 1,8,-29.577500
7509,8 7 3 5 1 3 3 5 2,8,-41.283000
7510,2 0 2 6 7 0 4 1 3,6,-19.625500
7511,4 4 3 3 7 2 8 4 7,4,-41.283000
7512,3 4 7 5 0 1 0 5 1,7,-17.872000
7513,8 2 1 3 2 4 8 6 6,6,-31.331000
7514,4 4 0 7 3 8 4 8 7,4,-59.827000
7515,1 7 4 3 8 8 7 2 3,6,-41.283000
7516,6 6 0 0 0 0 1 3 4,6,-17.872000
7517,4 3 7 2 2 5 2 7 1,6,-21.379000
7518,5 0 5 7 5 6 5 1 8,7,-65.774000
7519,1 3 2 2 0 8 0 1 6,8,-19.625500
7520,2 2 5 4 7 4 2 1 1,6,-21.379000
7521,0 4 4 3 4 4 6 2 2,4,-21.379000
7522,2 8 8 7 1 4 4 4 2,5,-21.379000
7523,0 6 7 0 0 7 3 8 5,6,-29.577500
7524,1 8 2 4 8 5 7 6 8,6,-72.072500
7525,6 8 2 8 2 7 8 2 5,7,-65.774000
7526,4 7 5 6 5 5 1 6 6,4,-65.774000
7527,5 2 0 5 1 3 8 5 7,8,-53.528500
7528,5 6 0 7 0 8 6 5 6,5,-65.774000
7529,6 7 8 2 1 7 0 6 2,5,-21.379000
7530,2 1 2 6 5 2 5 0 2,8,-21.379000
7531,4 4 0 1 3 5 2 1 4,6,-19.625500
7532,0 6 8 3 2 5 0 5 1,8,-31.331000
7533,7 4 6 6 8 6 7 7 2,2,-49.875000
7534,8 3 1 8 2 5 8 7 1,8,-53.528500
7535,4 3 6 0 5 0 1 3 6,6,-29.577500
7536,0 1 8 2 4 1 6 1 0,7,-17.872000
7537,4 4 4 7 1 0 0 4 5,4,-17.872000
7538,7 5 0 2 3 4 4 6 0,5,-21.379000
7539,3 6 3 8 0 2 0 4 6,6,-31.331000
7540,2 8 8 6 0 8 1 5 1,8,-43.576500
7541,7 7 1 8 0 1 2 6 7,5,-17.872000
7542,2 4 1 3 0 7 7 8 5,6,-31.331000
7543,5 7 2 1 2 8 3 7 7,6,-31.331000
7544,7 2 7 1 3 3 2 0 6,6,-21.379000
7545,4 2 5 2 4 1 4 3 5,6,-31.331000
7546,1 4 8 1 7 5 5 5 7,6,-65.774000
7547,0 3 6 6 4 8 1 4 8,5,-41.283000
7548,7 2 8 3 3 2 6 3 8,7,-41.283000
7549,7 4 3 0 6 1 2 8 6,5,-21.379000
7550,7 4 6 8 4 0 7 2 5,4,-43.576500
7551,5 1 0 2 2 3 8 2 8,9,-21.379000
7552,2 8 0 5 4 6 3 3 7,6,-41.283000
7553,6 7 6 1 3 3 3 0 2,6,-31.331000
7554,4 1 2 0 4 3 4 6 2,5,-21.379000
7555,0 1 0 0 3 2 3 5 6,8,-19.625500
7556,5 5 1 0 1 5 4 5 4,7,-65.774000
7557,8 3 0 5 0 6 4 1 2,7,-21.379000
7558,2 7 3 7 2 4 3 0 0,6,-21.379000
7559,2 4 0 8 1 3 5 1 2,8,-21.379000
7560,6 1 3 7 6 1 2 2 1,6,-13.497000
7561,2 2 0 6 7 2 2 4 7,5,-21.379000
7562,3 1 8 8 7 6 8 2 8,7,-78.371000
7563,7 0 4 3 5 0 7 0 7,5,-17.872000
7564,8 5 8 2 8 2 2 4 7,7,-65.774000
7565,7 8 2 4 4 5 6 6 1,4,-43.576500
7566,4 8 3 1 1 0 2 7 8,7,-21.379000
7567,7 2 0 1 7 2 4 8 8,6,-21.379000
7568,1 4 8 2 0 2 4 1 4,6,-19.625500
7569,0 5 3 4 4 2 7 2 1,6,-21.379000
7570,8 0 7 3 8 7 8 6 5,6,-72.072500
7571,5 4 3 3 5 1 2 5 2,8,-41.283000
7572,5 4 8 5 5 4 2 3 3,7,-65.774000
7573,3 3 6 5 0 3 5 5 8,8,-53.528500
7574,2 6 5 6 3 6 8 2 7,5,-41.283000
7575,4 0 3 7 1 2 2 6 5,6,-21.379000
7576,8 7 1 4 7 7 6 1 5,4,-35.694500
7577,4 7 0 6 2 5 7 7 2,4,-21.379000
7578,2 5 5 5 3 4 6 5 8,7,-65.774000
7579,8 5 0 2 8 7 2 1 7,7,-21.379000
7580,7 5 3 1 3 5 2 4 6,6,-41.283000
7581,7 8 6 6 6 8 5 2 4,4,-72.072500
7582,8 8 5 4 3 7 6 0 6,5,-65.774000
7583,8 6 6 5 4 7 7 7 7,2,-72.072500
7584,3 3 1 4 0 3 7 6 3,6,-41.283000
7585,8 8 3 1 3 0 2 1 8,9,-41.283000
7586,1 6 1 2 8 7 0 1 6,6,-11.743500
7587,6 7 7 7 8 7 2 7 8,3,-78.371000
7588,0 0 3 1 5 5 5 5 1,9,-41.283000
7589,1 5 0 1 3 2 8 0 3,9,-21.379000
7590,4 4 1 2 8 1 1 2 0,7,-17.872000
7591,3 5 1 7 6 7 1 2 1,6,-13.497000
7592,8 8 7 5 8 5 2 6 8,7,-78.371000
7593,0 2 5 2 1 4 8 4 7,6,-21.379000
7594,7 0 8 6 3 6 2 2 5,6,-31.331000
7595,7 4 2 4 2 5 0 1 6,5,-21.379000
7596,4 8 2 6 4 1 6 5 0,5,-21.379000
7597,7 3 2 2 8 3 5 4 5,7,-41.283000
7598,6 8 3 1 4 3 2 4 8,6,-41.283000
7599,2 4 1 0 6 1 2 6 0,6,-17.872000
7600,2 4 7 1 4 8 6 2 1,5,-21.379000
7601,7 3 2 0 1 7 6 1 5,6,-19.625500
7602,3 1 8 3 4 7 0 5 4,6,-41.283000
7603,6 3 3 7 7 6 2 1 6,4,-31.331000
7604,5 3 3 2 3 6 8 2 6,7,-41.283000
7605,8 6 7 5 6 2 3 8 7,5,-65.774000
7606,5 4 2 7 6 5 2 0 1,6,-21.379000
7607,0 7 4 7 1 2 8 0 4,5,-17.872000
7608,3 6 2 0 3 2 6 0 4,6,-21.379000
7609,2 5 1 2 6 4 3 8 8,7,-41.283000
7610,4 8 6 4 4 4 4 4 6,1,-78.371000
7611,8 7 3 1 6 0 5 2 3,7,-41.283000
7612,2 3 6 6 3 8 8 1 0,7,-41.283000
7613,3 5 3 7 3 2 2 4 8,7,-41.283000
7614,5 7 4 0 5 8 4 6 4,4,-65.774000
7615,6 7 5 8 8 7 5 2 7,5,-65.774000
7616,0 3 2 1 4 4 6 6 1,5,-17.872000
7617,2 4 1 6 5 2 8 1 3,7,-21.379000
7618,8 8 3 3 8 7 2 8 0,8,-59.827000
7619,2 4 8 8 7 4 1 5 1,6,-43.576500
7620,6 2 6 6 4 8 0 5 8,5,-65.774000
7621,2 1 8 4 1 8 3 1 0,8,-19.625500
7622,3 1 5 7 0 8 5 6 3,7,-41.283000
7623,4 0 4 6 0 8 3 8 2,6,-31.331000
7624,5 8 5 2 2 1 6 7 0,7,-21.379000
7625,0 5 5 8 6 7 1 7 6,5,-65.774000
7626,1 8 8 0 8 7 5 2 5,8,-65.774000
7627,7 7 1 2 5 0 0 8 8,7,-21.379000
7628,5 4 4 8 4 0 1 1 5,6,-41.823000
7629,1 0 5 2 2 6 0 0 6,7,-17.872000
7630,8 5 4 5 1 5 3 5 3,8,-65.774000
7631,0 2 3 7 5 6 7 4 4,4,-31.331000
7632,7 3 8 1 8 3 8 6 2,7,-41.283000
7633,7 3 8 8 3 5 5 6 7,6,-65.774000
7634,3 0 4 7 6 8 7 4 7,3,-41.283000
7635,2 2 3 0 7 5 2 2 6,7,-21.379000
7636,2 7 3 1 1 7 6 4 7,4,-13.497000
7637,7 8 6 4 0 6 6 8 4,3,-78.371000
7638,0 4 5 6 0 1 0 0 0,7,-17.872000
7639,1 2 0 3 5 5 5 5 1,9,-41.283000
7640,5 8 2 0 2 6 0 1 7,7,-21.379000
7641,1 2 0 6 3 8 1 6 1,7,-17.872000
7642,0 4 4 6 3 4 8 8 6,4,-59.827000
7643,3 8 7 5 6 8 5 3 7,6,-65.774000
7644,4 6 0 3 1 7 6 5 1,5,-17.872000
7645,2 5 0 0 3 3 7 2 5,8,-31.331000
7646,8 2 1 7 6 3 0 2 1,7,-21.379000
7647,5 5 5 6 8 3 2 2 5,8,-65.774000
7648,8 7 0 3 4 7 3 7 8,5,-41.283000
7649,2 7 5 8 5 8 8 0 2,8,-65.774000
7650,5 1 8 7 8 4 2 0 3,7,-41.283000
7651,6 5 4 7 4 2 1 5 1,5,-21.379000
7652,5 6 4 8 0 1 1 6 2,6,-19.625500
7653,0 2 7 8 8 7 6 4 3,5,-41.283000
7654,3 7 6 6 4 0 1 5 1,5,-17.872000
7655,2 4 6 2 4 8 8 2 7,5,-21.379000
7656,7 3 7 2 8 4 4 7 0,4,-31.331000
7657,1 7 6 0 7 3 7 1 1,5,-5.615000
7658,0 0 0 0 5 8 5 4 6,7,-17.872000
7659,8 6 1 6 6 7 7 8 1,4,-41.993000
7660,1 2 3 7 2 0 6 0 7,6,-19.625500
7661,5 4 8 3 3 3 4 5 0,7,-41.283000
7662,3 8 5 7 6 0 2 6 3,6,-41.283000
7663,0 5 8 4 3 1 7 0 3,7,-41.283000
7664,6 2 8 4 2 7 6 4 4,3,-21.379000
7665,2 8 8 2 7 7 3 5 7,6,-53.528500
7666,5 3 1 6 5 6 0 3 7,6,-41.283000
7667,2 2 6 2 0 2 7 7 7,5,-21.379000
7668,1 2 5 4 1 8 1 5 3,8,-31.331000
7669,2 8 2 4 2 8 4 3 1,7,-21.379000
7670,7 3 7 7 6 4 1 3 7,3,-41.283000
7671,0 1 1 0 4 5 7 8 8,7,-17.872000
7672,1 6 6 1 5 4 7 7 5,4,-35.694500
7673,3 8 4 4 8 8 8 7 6,5,-78.371000
7674,4 0 4 4 4 7 2 8 1,4,-19.625500
7675,1 3 7 2 1 3 1 1 8,8,-13.497000
7676,5 1 2 5 4 0 6 6 4,5,-21.379000
7677,7 2 1 4 7 5 6 8 8,5,-65.774000
7678,6 1 0 6 6 3 0 1 6,5,-17.872000
7679,7 0 4 0 8 2 6 8 6,5,-21.379000
7680,2 7 8 4 4 7 5 1 5,5,-65.774000
7681,1 2 6 5 0 8 6 3 6,6,-31.331000
7682,2 3 6 0 4 0 7 7 5,5,-21.379000
7683,4 5 3 6 4 4 8 8 0,5,-65.774000
7684,6 1 7 1 1 1 2 2 5,7,-5.615000
7685,6 3 5 4 7 6 3 2 3,5,-41.283000
7686,3 0 5 3 5 6 7 7 2,6,-41.283000
7687,5 1 8 6 1 8 1 1 3,8,-23.449000
7688,0 2 5 7 0 2 7 3 4,6,-21.379000
7689,5 7 0 0 0 1 8 1 0,8,-17.872000
7690,5 8 8 3 6 6 2 4 6,5,-65.774000
7691,7 0 2 2 8 0 4 6 0,6,-19.625500
7692,1 7 0 6 2 0 4 3 6,5,-17.872000
7693,1 7 1 2 6 6 0 5 5,6,-19.625500
7694,4 2 6 0 8 1 3 1 0,7,-17.872000
7695,8 8 2 1 3 1 3 8 7,8,-41.283000
7696,1 2 1 4 5 3 1 6 3,7,-21.379000
7697,5 0 2 2 8 4 0 8 7,7,-21.379000
7698,3 1 0 0 2 0 3 2 0,9,-17.872000
7699,3 8 3 4 8 8 2 0 7,7,-41.283000
7700,2 5 8 1 7 7 3 2 4,6,-31.331000
7701,7 0 3 5 5 1 2 2 7,7,-21.379000
7702,1 5 1 0 7 6 8 4 2,6,-19.625500
7703,2 5 3 5 2 5 7 1 4,7,-41.283000
7704,6 5 0 3 6 1 1 4 4,5,-17.872000
7705,1 0 4 1 2 0 2 7 5,7,-17.872000
7706,8 8 3 0 6 5 3 2 3,8,-41.283000
7707,8 2 1 7 5 6 3 1 6,6,-31.331000
7708,0 0 8 4 6 7 0 3 3,6,-29.577500
7709,3 1 8 8 7 6 1 0 1,7,-17.872000
7710,8 4 8 4 2 7 1 3 0,6,-31.331000
7711,2 1 4 4 2 6 2 7 7,4,-21.379000
7712,4 2 5 2 3 0 6 6 5,6,-31.331000
7713,7 8 2 0 8 7 8 3 4,6,-59.827000
7714,0 6 3 6 8 3 1 1 8,7,-41.283000
7715,6 8 6 3 1 6 0 7 0,5,-17.872000
7716,4 5 1 4 8 0 6 4 0,5,-17.872000
7717,7 2 4 0 2 6 3 2 6,5,-21.379000
7718,5 8 7 7 4 0 7 3 1,5,-41.283000
7719,1 0 7 2 8 2 2 4 1,7,-21.379000
7720,4 7 0 8 0 3 1 5 2,7,-21.379000
7721,0 3 2 7 0 5 5 2 5,8,-31.331000
7722,7 7 3 7 4 0 0 7 4,3,-17.872000
7723,4 2 1 5 1 5 5 4 7,6,-43.576500
7724,0 7 5 5 0 2 0 0 2,8,-19.625500
7725,4 8 4 2 0 0 6 7 6,4,-19.625500
7726,2 5 3 7 5 5 5 0 3,8,-53.528500
7727,2 2 6 7 6 4 6 5 8,4,-43.576500
7728,6 3 1 0 1 4 5 4 8,6,-29.577500
7729,1 6 1 8 8 7 2 4 8,6,-49.875000
7730,5 7 3 5 4 6 2 3 2,6,-41.283000
7731,6 0 8 7 0 3 2 5 3,7,-41.283000
7732,0 4 5 7 4 0 0 1 0,6,-17.872000
7733,2 1 4 4 1 5 7 1 2,6,-13.497000
7734,7 6 5 6 8 1 4 5 5,5,-65.774000
7735,8 3 1 7 0 4 4 5 6,5,-41.283000
7736,3 8 4 7 2 0 7 1 5,6,-31.331000
7737,7 1 0 7 4 8 5 1 6,5,-17.872000
7738,6 5 1 8 4 8 7 7 1,5,-65.774000
7739,3 4 3 4 3 2 2 1 1,7,-21.379000
7740,8 5 5 0 4 4 3 7 6,5,-65.774000
7741,2 0 6 7 6 6 0 4 6,3,-17.872000
7742,4 8 7 2 8 1 7 4 4,4,-49.875000
7743,0 3 0 4 0 1 0 6 1,7,-17.872000
7744,5 8 7 4 1 3 2 1 5,7,-41.283000
7745,0 7 3 0 5 3 2 8 5,8,-41.283000
7746,1 6 6 6 3 2 2 2 7,5,-21.379000
7747,3 8 2 2 3 6 0 4 5,7,-41.283000
7748,5 2 6 3 4 3 8 4 1,6,-41.283000
7749,4 6 8 2 8 8 7 2 3,6,-59.827000
7750,6 3 3 0 4 8 4 6 4,4,-41.283000
7751,8 6 5 7 0 2 6 3 3,6,-41.283000
7752,0 4 6 6 0 0 0 6 0,5,-17.872000
7753,3 6 2 0 2 6 1 2 8,7,-21.379000
7754,5 0 2 6 7 5 5 4 7,5,-65.774000
7755,5 7 3 6 4 8 0 8 4,5,-65.774000
7756,2 6 3 7 3 7 5 8 2,6,-41.283000
7757,0 5 5 6 6 2 3 6 0,6,-31.331000
7758,1 2 1 2 8 7 5 3 7,7,-21.379000
7759,7 2 2 0 8 1 5 6 5,7,-21.379000
7760,4 2 8 2 2 0 0 6 0,7,-21.379000
7761,6 6 4 2 7 4 2 2 8,4,-21.379000
7762,0 6 8 1 0 0 8 0 3,8,-17.872000
7763,3 4 7 3 2 8 5 3 2,7,-41.283000
7764,2 1 7 6 8 4 2 6 8,5,-21.379000
7765,5 6 4 3 5 1 2 5 1,7,-41.283000
7766,3 5 7 4 1 7 5 7 8,5,-65.774000
7767,7 3 1 7 3 6 0 1 6,5,-17.872000
7768,5 2 3 7 3 5 0 3 2,8,-41.283000
7769,0 1 6 0 2 1 4 8 5,7,-17.872000
7770,0 2 8 4 4 8 4 7 6,4,-49.875000
7771,4 4 3 4 0 0 6 7 8,4,-29.577500
7772,6 0 8 5 3 4 4 2 6,5,-41.283000
7773,5 5 0 8 2 8 0 5 5,9,-65.774000
7774,6 7 8 1 6 1 8 6 5,5,-65.774000
7775,1 0 8 0 4 4 3 8 8,7,-41.283000
7776,1 1 4 7 7 6 6 6 0,3,-5.615000
7777,3 0 6 4 1 7 5 0 0,6,-17.872000
7778,7 4 1 8 2 6 6 1 8,5,-21.379000
7779,1 8 4 1 4 7 8 5 8,6,-72.072500
7780,8 0 4 7 0 2 8 2 5,7,-21.379000
7781,7 5 6 0 7 0 0 2 5,6,-19.625500
7782,0 2 0 6 4 5 6 3 6,5,-21.379000
7783,2 2 6 5 5 5 7 3 3,7,-41.283000
7784,1 6 0 1 6 7 1 6 8,5,-5.615000
7785,8 4 7 7 7 0 6 8 8,4,-78.371000
7786,7 1 0 0 5 6 6 6 5,5,-17.872000
7787,4 2 5 5 7 0 3 2 4,6,-31.331000
7788,0 3 2 6 7 7 5 6 1,5,-21.379000
7789,0 5 5 3 8 4 8 4 3,7,-65.774000
7790,0 2 1 0 3 8 7 8 7,7,-21.379000
7791,6 2 1 6 2 1 4 8 0,6,-19.625500
7792,0 7 2 4 8 4 6 1 7,4,-19.625500
7793,2 5 1 8 2 2 4 7 5,7,-21.379000
7794,4 8 6 0 2 6 1 0 5,6,-19.625500
7795,7 2 3 0 8 3 8 4 4,6,-41.283000
7796,8 0 1 8 4 6 6 2 1,6,-19.625500
7797,6 3 7 0 4 0 7 0 0,5,-17.872000
7798,0 3 2 8 5 1 7 2 5,8,-31.331000
7799,6 6 7 1 4 6 5 4 3,3,-41.283000
7800,8 6 6 7 1 4 6 1 2,4,-13.497000
7801,7 2 2 3 6 6 6 5 1,5,-21.379000
7802,6 1 3 5 5 7 8 6 5,6,-65.774000
7803,7 0 4 1 8 3 7 4 6,4,-29.577500
7804,5 8 2 4 1 4 1 8 2,7,-21.379000
7805,7 0 1 7 8 6 3 6 0,5,-17.872000
7806,0 7 5 2 2 6 0 0 6,6,-19.625500
7807,0 8 0 7 3 0 7 6 7,5,-17.872000
7808,0 2 0 3 4 2 8 1 4,7,-21.379000
7809,7 6 0 5 4 6 1 3 3,5,-41.283000
7810,7 1 3 7 2 2 1 6 3,6,-21.379000
7811,8 0 6 6 3 8 3 3 6,6,-41.283000
7812,8 4 6 6 0 8 7 0 1,5,-17.872000
7813,7 6 5 0 0 6 6 5 5,5,-65.774000
7814,4 6 4 4 1 5 7 3 2,4,-31.331000
7815,3 7 2 4 5 5 0 2 8,7,-41.283000
7816,7 4 4 2 3 4 1 4 3,4,-31.331000
7817,5 1 5 4 2 3 5 7 4,6,-53.528500
7818,1 4 1 5 5 2 6 7 0,6,-19.625500
7819,0 2 8 2 7 0 3 6 7,6,-21.379000
7820,4 4 8 2 8 8 2 4 0,6,-49.875000
7821,5 3 4 6 0 0 2 4 7,5,-21.379000
7822,0 5 1 6 0 1 1 6 3,7,-17.872000
7823,4 7 2 0 6 2 4 3 4,4,-21.379000
7824,7 7 4 8 5 8 8 6 4,4,-78.371000
7825,7 7 2 7 4 7 4 8 1,3,-21.379000
7826,5 7 7 4 1 8 8 5 2,6,-65.774000
7827,2 0 7 3 0 3 0 8 4,7,-21.379000
7828,6 5 5 7 0 3 1 5 6,6,-53.528500
7829,5 7 4 7 5 6 7 8 4,3,-65.774000
7830,1 0 1 0 4 5 3 6 6,6,-17.872000
7831,8 6 3 7 4 6 3 8 5,5,-65.774000
7832,4 7 4 7 6 2 1 3 6,3,-21.379000
7833,6 3 6 0 3 1 8 5 3,7,-41.283000
7834,3 1 8 7 3 2 0 4 6,6,-31.331000
7835,3 8 1 5 4 6 8 4 1,6,-53.528500
7836,3 2 1 8 4 3 7 5 7,6,-41.283000
7837,4 3 7 3 3 4 5 7 1,5,-41.283000
7838,3 1 5 6 6 5 4 1 0,6,-29.577500
7839,1 0 6 6 2 7 3 0 4,5,-17.872000
7840,0 2 6 7 6 3 2 5 6,5,-21.379000
7841,5 8 3 8 1 8 8 8 1,9,-78.371000
7842,2 0 2 8 4 6 4 1 7,5,-21.379000
7843,0 4 3 2 1 7 4 5 6,5,-21.379000
7844,2 1 0 2 8 4 6 4 1,6,-19.625500
7845,0 2 4 6 8 5 5 8 4,6,-65.774000
7846,6 1 0 3 7 0 0 0 5,7,-17.872000
7847,1 6 4 5 4 2 5 0 2,6,-21.379000
7848,0 2 6 5 0 3 3 6 4,6,-31.331000
7849,1 5 2 5 6 1 7 8 0,7,-21.379000
7850,3 2 5 1 5 8 4 1 4,7,-41.283000
7851,3 0 5 5 1 0 4 3 5,8,-41.283000
7852,0 6 2 0 8 5 6 4 8,6,-43.576500
7853,1 7 6 3 6 0 6 2 5,5,-21.379000
7854,7 4 2 6 1 6 7 8 3,4,-31.331000
7855,7 0 3 2 7 6 1 2 0,6,-19.625500
7856,3 2 2 5 5 0 5 7 3,8,-41.283000
7857,0 4 2 8 7 2 8 7 5,6,-43.576500
7858,0 8 5 5 6 7 1 7 0,6,-41.823000
7859,5 0 3 5 8 3 3 6 1,8,-41.283000
7860,3 6 8 8 6 5 5 1 0,7,-65.774000
7861,5 4 4 7 8 5 4 8 5,5,-65.774000
7862,0 2 6 1 3 3 5 3 3,8,-41.283000
7863,3 8 1 4 1 7 0 0 1,7,-17.872000
7864,3 6 8 2 4 5 7 6 8,5,-65.774000
7865,1 2 3 7 0 4 7 8 8,6,-31.331000
7866,8 0 3 8 6 6 7 5 2,6,-53.528500
7867,5 2 3 7 5 1 5 6 8,7,-65.774000
7868,5 0 1 8 0 1 3 3 1,9,-17.872000
7869,5 8 6 1 4 4 6 8 7,4,-72.072500
7870,7 3 0 0 4 4 0 7 7,4,-17.872000
7871,1 0 7 2 4 3 8 8 5,7,-41.283000
7872,4 2 2 0 4 4 3 5 2,6,-21.379000
7873,3 1 6 3 5 4 7 3 2,6,-41.283000
7874,0 4 1 0 2 8 7 0 2,7,-17.872000
7875,0 6 1 4 8 8 2 5 7,6,-43.576500
7876,0 4 2 7 0 8 3 2 6,6,-21.379000
7877,1 8 6 4 8 8 3 2 5,7,-65.774000
7878,6 7 8 4 5 0 1 7 8,5,-65.774000
7879,6 2 8 3 8 5 4 5 1,7,-65.774000
7880,8 6 0 3 1 0 0 7 1,7,-17.872000
7881,6 3 5 4 7 4 7 6 5,3,-65.774000
7882,8 1 7 5 1 8 4 1 2,7,-21.379000
7883,7 7 4 8 6 6 3 8 5,4,-72.072500
7884,1 7 6 4 7 8 0 6 1,4,-11.743500
7885,5 6 7 1 8 3 5 5 1,7,-65.774000
7886,4 2 7 1 5 5 8 6 4,5,-65.774000
7887,0 6 6 6 5 7 2 1 8,5,-21.379000
7888,5 2 6 3 5 4 0 4 1,6,-31.331000
7889,1 0 7 2 4 3 3 2 6,6,-21.379000
7890,8 5 6 7 4 2 8 0 3,6,-53.528500
7891,4 0 8 0 2 3 2 6 3,7,-21.379000
7892,7 1 6 8 0 6 4 3 0,5,-17.872000
7893,1 3 2 8 1 3 4 2 3,8,-31.331000
7894,0 3 2 5 8 1 6 8 8,8,-53.528500
7895,6 0 4 7 0 6 8 5 6,4,-41.823000
7896,3 1 2 2 3 2 0 2 8,9,-21.379000
7897,5 2 1 0 6 4 3 7 0,6,-19.625500
7898,7 4 1 3 0 4 3 7 2,5,-21.379000
7899,6 6 2 8 6 3 7 5 4,4,-53.528500
7900,4 7 6 1 5 6 4 3 4,3,-41.283000
7901,0 3 4 6 7 1 6 6 4,3,-17.872000
7902,4 3 3 4 4 5 0 2 4,5,-41.283000
7903,5 7 2 6 5 5 7 4 3,5,-65.774000
7904,8 6 6 6 1 2 8 3 0,6,-31.331000
7905,0 4 2 2 2 8 7 2 4,6,-21.379000
7906,4 2 0 0 0 1 2 3 7,7,-17.872000
7907,5 4 2 2 6 0 4 5 0,6,-21.379000
7908,1 5 2 5 2 0 7 5 4,7,-21.379000
7909,1 4 5 5 5 4 5 2 3,7,-65.774000
7910,0 0 8 5 7 5 2 8 1,8,-43.576500
7911,2 3 7 8 1 1 2 7 0,7,-21.379000
7912,7 7 6 3 4 0 8 7 6,3,-41.283000
7913,7 1 3 1 6 6 3 6 6,4,-23.449000
7914,6 5 2 2 5 5 4 0 3,7,-41.283000
7915,1 7 1 8 3 4 5 1 0,7,-17.872000
7916,8 8 0 3 7 5 8 2 6,7,-65.774000
7917,1 3 4 6 7 3 2 3 2,6,-31.331000
7918,2 2 1 5 3 7 0 7 3,7,-21.379000
7919,2 2 4 6 5 2 1 7 8,6,-21.379000
7920,8 7 1 8 1 7 4 1 3,6,-23.449000
7921,6 4 2 5 8 4 3 6 1,5,-41.283000
7922,6 6 8 6 4 7 3 7 4,2,-59.827000
7923,7 1 0 3 6 3 2 5 6,6,-31.331000
7924,4 1 1 7 5 3 7 7 0,5,-17.872000
7925,3 6 1 8 1 1 3 0 8,8,-29.577500
7926,7 6 7 3 7 6 1 6 6,2,-23.449000
7927,2 3 2 4 6 5 0 4 3,6,-31.331000
7928,2 4 4 7 7 3 0 1 2,5,-21.379000
7929,8 5 0 3 5 5 1 7 2,8,-53.528500
7930,7 3 5 0 7 6 3 3 8,6,-41.283000
7931,0 6 3 3 4 2 3 8 6,6,-41.283000
7932,8 4 8 7 5 2 1 0 2,7,-21.379000
7933,0 8 0 5 3 0 6 1 0,8,-17.872000
7934,6 8 8 4 0 1 1 3 3,7,-41.283000
7935,1 4 8 0 3 2 4 6 2,6,-21.379000
7936,4 6 6 6 6 4 1 3 4,2,-23.449000
7937,4 5 6 3 2 0 1 4 3,6,-31.331000
7938,1 2 0 6 8 8 7 7 0,6,-19.625500
7939,8 0 0 5 5 7 8 5 5,8,-65.774000
7940,0 1 7 2 0 1 4 0 1,7,-17.872000
7941,4 0 3 1 0 6 6 0 3,6,-17.872000
7942,0 3 2 8 2 5 2 2 6,8,-21.379000
7943,4 3 6 3 8 0 4 8 5,6,-53.528500
7944,6 6 3 1 7 1 7 7 5,4,-23.449000
7945,4 1 6 8 8 3 7 2 7,5,-41.283000
7946,3 3 6 5 6 1 3 5 0,7,-41.283000
7947,5 0 5 4 5 0 7 7 7,5,-65.774000
7948,7 0 6 1 1 4 2 8 8,6,-19.625500
7949,8 3 8 5 4 4 8 8 1,7,-78.371000
7950,6 5 3 8 3 7 0 1 0,7,-41.283000
7951,3 2 6 1 0 2 1 8 5,8,-21.379000
7952,1 3 5 8 7 7 4 4 2,5,-41.283000
7953,2 0 4 2 6 0 6 3 1,6,-19.625500
7954,0 6 3 0 4 3 7 5 8,6,-41.283000
7955,7 1 4 3 2 6 8 3 0,6,-31.331000
7956,8 4 2 1 3 7 1 2 8,7,-21.379000
7957,2 8 0 3 6 8 1 3 4,7,-41.283000
7958,1 4 4 8 0 4 3 8 4,5,-41.283000
7959,4 0 4 3 4 0 6 4 2,4,-19.625500
7960,8 5 0 0 6 5 4 7 4,5,-65.774000
7961,7 2 5 4 0 5 7 7 4,4,-43.576500
7962,0 4 0 0 6 6 3 7 8,5,-17.872000
7963,4 5 3 2 1 5 5 5 4,7,-65.774000
7964,8 8 8 5 5 4 0 8 7,7,-78.371000
7965,1 3 3 3 0 3 0 0 5,9,-41.283000
7966,4 4 1 0 4 5 2 2 2,6,-21.379000
7967,1 1 1 0 6 8 2 0 6,7,-17.872000
7968,8 7 5 3 5 4 5 2 8,7,-65.774000
7969,0 6 2 3 4 7 0 1 0,6,-17.872000
7970,6 0 5 1 7 0 5 6 2,6,-19.625500
7971,4 3 5 4 0 4 2 2 4,5,-21.379000
7972,3 8 3 8 0 2 4 7 2,7,-41.283000
7973,1 4 3 4 1 8 8 8 6,6,-59.827000
7974,6 7 5 4 5 0 6 4 0,4,-41.823000
7975,0 5 2 1 3 8 2 1 1,9,-21.379000
7976,6 6 1 4 5 5 5 1 7,5,-65.774000
7977,5 4 0 5 2 2 6 2 1,7,-21.379000
7978,3 5 8 3 2 5 7 0 6,7,-41.283000
7979,0 1 7 1 5 3 3 6 8,7,-41.283000
7980,1 0 5 7 5 0 2 8 3,8,-31.331000
7981,2 3 0 7 0 3 5 6 2,7,-21.379000
7982,1 1 0 2 5 3 2 2 0,9,-21.379000
7983,4 6 7 0 3 5 0 3 6,5,-41.283000
7984,2 7 3 3 0 2 6 1 8,7,-21.379000
7985,0 7 5 8 1 1 3 5 6,7,-41.283000
7986,7 5 8 1 1 5 6 2 5,7,-65.774000
7987,2 5 1 4 7 7 1 6 7,4,-13.497000
7988,8 0 6 6 0 5 0 8 6,6,-41.823000
7989,0 0 8 0 4 0 0 5 4,7,-17.872000
7990,2 7 4 5 0 1 5 1 5,7,-21.379000
7991,5 2 8 1 3 2 3 0 0,9,-21.379000
7992,8 7 6 5 6 0 6 0 2,5,-21.379000
7993,8 6 1 0 2 8 2 5 5,8,-43.576500
7994,0 4 2 3 5 3 8 7 3,7,-41.283000
7995,7 5 8 5 1 7 4 6 4,4,-65.774000
7996,4 8 2 7 4 0 5 0 3,6,-31.331000
7997,8 0 8 6 1 4 3 4 7,5,-41.283000
7998,6 4 1 4 3 3 7 5 8,5,-41.283000
7999,5 0 4 6 6 0 3 7 0,5,-17.872000
8000,1 3 6 7 8 6 6 6 5,4,-53.528500
8001,3 3 4 5 8 0 2 1 3,8,-41.283000
8002,2 2 4 4 4 0 3 8 6,5,-21.379000
8003,3 0 8 3 5 2 5 3 1,9,-41.283000
8004,5 8 7 4 6 2 7 4 8,4,-72.072500
8005,2 6 6 6 2 3 0 8 2,6,-21.379000
8006,6 4 0 7 5 6 0 6 0,4,-17.872000
8007,6 8 8 6 7 6 7 8 4,3,-78.371000
8008,3 8 3 7 0 4 1 6 3,6,-41.283000
8009,6 4 1 6 2 5 0 6 2,5,-21.379000
8010,4 2 3 4 4 4 7 7 2,3,-21.379000
8011,5 7 0 7 5 4 1 1 6,5,-17.872000
8012,6 1 4 2 7 4 8 8 1,5,-21.379000
8013,1 8 2 4 4 5 6 6 3,5,-41.283000
8014,8 7 8 1 0 3 3 8 8,8,-59.827000
8015,3 1 7 0 6 1 6 7 1,5,-5.615000
8016,8 7 7 3 1 4 2 3 3,6,-41.283000
8017,4 5 1 7 2 8 2 8 0,7,-21.379000
8018,7 4 0 4 0 7 1 6 3,4,-17.872000
8019,5 3 7 4 8 0 3 3 6,6,-41.283000
8020,3 4 6 8 3 6 1 2 7,5,-41.283000
8021,7 8 3 3 5 2 1 5 6,7,-41.283000
8022,2 2 8 8 2 3 3 6 2,8,-31.331000
8023,2 2 2 8 1 8 3 0 3,9,-21.379000
8024,8 5 7 1 5 0 3 7 2,7,-41.283000
8025,2 6 4 7 0 7 7 4 8,3,-21.379000
8026,7 5 1 5 6 5 4 3 4,5,-65.774000
8027,8 4 0 2 1 5 0 2 2,8,-21.379000
8028,3 2 2 8 2 7 5 6 4,6,-31.331000
8029,8 7 3 0 4 0 8 1 4,6,-29.577500
8030,8 3 4 1 2 5 1 2 8,8,-31.331000
8031,5 5 3 3 6 4 5 2 0,7,-41.283000
8032,4 0 0 5 8 5 1 7 3,7,-41.283000
8033,5 6 5 5 8 8 7 2 6,6,-65.774000
8034,1 2 2 0 5 5 4 3 5,8,-31.331000
8035,6 1 1 7 0 1 1 4 5,6,-5.615000
8036,1 6 4 8 7 7 7 7 3,3,-41.283000
8037,3 5 0 8 7 3 8 0 4,7,-41.283000
8038,7 0 6 7 2 8 0 7 0,5,-17.872000
8039,3 5 4 2 5 2 3 7 4,6,-41.283000
8040,3 4 0 5 5 4 3 6 7,5,-41.283000
8041,1 1 1 5 1 7 6 5 5,7,-5.615000
8042,5 5 0 7 8 3 3 3 8,8,-53.528500
8043,2 4 5 2 2 4 0 5 4,6,-21.379000
8044,1 0 4 6 4 2 1 7 0,5,-17.872000
8045,8 2 6 4 6 8 3 2 6,5,-41.283000
8046,0 5 8 2 3 6 5 8 3,8,-53.528500
8047,8 5 3 7 5 2 2 3 1,8,-41.283000
8048,2 4 6 7 6 0 0 2 8,5,-21.379000
8049,0 0 7 3 1 8 7 0 6,6,-17.872000
8050,0 6 7 0 4 6 6 6 6,2,-17.872000
8051,7 0 8 5 8 7 6 2 2,6,-43.576500
8052,2 0 3 2 2 4 3 8 8,8,-31.331000
8053,6 7 4 3 0 3 1 4 8,5,-41.283000
8054,3 2 3 1 8 1 0 0 3,9,-21.379000
8055,7 2 1 4 4 1 0 1 7,5,-5.615000
8056,8 0 2 6 8 0 7 8 4,6,-49.875000
8057,2 5 1 8 6 5 1 6 3,7,-41.283000
8058,5 3 0 3 4 0 7 3 6,6,-41.283000
8059,3 1 0 5 1 1 0 8 0,9,-17.872000
8060,5 3 4 6 3 2 3 8 7,6,-41.283000
8061,7 2 7 5 5 6 4 2 8,5,-65.774000
8062,0 1 7 2 7 7 2 7 5,5,-21.379000
8063,7 1 8 6 3 1 3 0 7,6,-29.577500
8064,0 7 7 3 0 8 3 1 0,7,-17.872000
8065,1 3 2 5 1 4 1 0 2,8,-19.625500
8066,2 8 1 0 6 3 7 3 8,7,-41.283000
8067,3 6 0 7 8 2 5 7 3,6,-41.283000
8068,1 5 3 2 0 5 2 7 4,7,-21.379000
8069,4 5 6 3 1 2 6 7 3,5,-41.283000
8070,6 0 7 8 3 7 8 5 6,5,-65.774000
8071,0 3 8 8 2 7 1 8 1,8,-31.331000
8072,3 0 2 1 3 5 2 5 3,9,-41.283000
8073,7 8 6 3 5 4 4 1 8,5,-65.774000
8074,0 3 2 0 1 2 7 3 1,8,-19.625500
8075,2 6 0 6 3 2 3 8 5,7,-41.283000
8076,4 5 5 0 0 1 7 0 8,7,-17.872000
8077,4 4 4 8 4 7 7 7 0,2,-48.121500
8078,6 7 1 0 0 8 1 4 4,5,-17.872000
8079,7 7 6 8 3 6 1 5 7,4,-53.528500
8080,4 5 4 6 0 2 6 8 5,5,-65.774000
8081,2 2 1 5 0 6 7 1 7,6,-19.625500
8082,0 4 7 3 8 2 8 2 2,7,-21.379000
8083,4 7 7 7 2 3 6 1 6,3,-21.379000
8084,3 6 0 8 3 7 6 5 2,6,-41.283000
8085,6 6 3 8 8 3 4 0 4,5,-41.283000
8086,6 8 6 4 0 5 1 3 2,6,-31.331000
8087,6 8 7 7 0 5 3 8 8,6,-72.072500
8088,4 5 8 0 1 3 8 6 0,7,-41.283000
8089,0 2 3 3 2 6 1 3 5,8,-31.331000
8090,1 8 7 2 4 3 4 4 0,5,-21.379000
8091,7 8 2 6 8 0 6 1 7,5,-21.379000
8092,2 8 1 3 7 7 4 0 5,6,-31.331000
8093,2 0 8 2 5 6 0 0 0,8,-19.625500
8094,3 2 1 0 8 4 1 3 1,8,-19.625500
8095,5 4 6 7 1 0 1 4 8,5,-17.872000
8096,5 5 1 5 8 3 8 2 2,9,-65.774000
8097,7 7 3 0 3 2 1 6 7,5,-21.379000
8098,5 1 2 2 6 1 0 6 2,7,-21.379000
8099,8 1 5 4 7 2 6 6 0,5,-21.379000
8100,0 5 2 6 8 5 4 6 3,6,-53.528500
8101,5 3 5 8 6 0 8 7 5,7,-65.774000
8102,2 3 8 7 6 5 5 0 5,7,-65.774000
8103,8 6 3 2 2 3 4 2 4,6,-31.331000
8104,2 5 8 3 8 0 5 6 5,8,-65.774000
8105,3 0 6 4 3 8 6 8 7,5,-41.283000
8106,4 1 5 2 7 8 1 5 1,7,-21.379000
8107,8 3 1 1 1 2 1 8 2,9,-21.379000
8108,6 0 1 1 3 0 6 5 1,7,-17.872000
8109,6 8 3 3 1 3 5 1 7,7,-41.283000
8110,4 2 4 0 7 1 2 7 5,5,-21.379000
8111,4 8 8 5 3 3 1 3 4,7,-41.283000
8112,7 3 7 6 4 1 4 5 0,4,-29.577500
8113,0 5 5 4 7 0 1 0 4,6,-17.872000
8114,3 1 0 0 4 7 3 5 3,7,-41.283000
8115,8 6 2 0 4 4 8 2 0,6,-21.379000
8116,0 4 1 5 6 3 5 1 5,7,-41.283000
8117,7 8 1 1 8 0 4 8 1,7,-17.872000
8118,6 8 3 7 0 4 7 0 3,5,-41.283000
8119,1 8 8 4 0 8 0 7 7,6,-48.121500
8120,2 7 3 0 3 5 2 4 1,7,-21.379000
8121,3 7 1 7 6 4 2 6 3,4,-31.331000
8122,3 1 1 8 7 0 8 0 7,7,-17.872000
8123,5 8 2 2 1 6 7 8 8,7,-65.774000
8124,1 7 2 5 5 2 4 5 5,7,-65.774000
8125,8 8 4 2 3 5 8 8 0,8,-72.072500
8126,1 6 4 3 2 3 1 5 4,6,-31.331000
8127,6 8 7 4 6 0 0 2 1,5,-17.872000
8128,5 6 4 3 2 4 4 1 5,5,-41.283000
8129,5 2 3 5 2 5 5 8 7,8,-65.774000
8130,3 5 6 3 4 8 2 2 4,6,-41.283000
8131,6 6 7 5 3 6 5 7 2,4,-53.528500
8132,5 8 2 0 3 6 0 0 1,8,-19.625500
8133,2 0 6 5 6 3 1 0 4,6,-19.625500
8134,6 7 2 0 8 4 1 1 4,5,-17.872000
8135,2 5 8 1 5 8 2 5 3,9,-65.774000
8136,6 2 7 5 2 6 7 1 3,5,-21.379000
8137,8 5 5 3 3 1 4 2 6,7,-41.283000
8138,0 8 7 5 6 0 6 6 1,5,-17.872000
8139,3 5 5 7 4 6 5 5 5,6,-65.774000
8140,5 2 4 4 4 4 5 4 6,3,-65.774000
8141,2 4 2 8 4 5 1 1 4,6,-21.379000
8142,5 4 0 0 8 5 4 4 8,6,-65.774000
8143,6 6 7 5 6 3 1 8 8,5,-65.774000
8144,0 8 1 5 8 3 5 7 4,7,-65.774000
8145,1 6 1 4 1 1 7 2 8,6,-5.615000
8146,1 7 5 5 1 6 7 4 7,4,-35.694500
8147,6 7 8 2 5 6 3 1 2,6,-31.331000
8148,3 7 8 4 4 5 8 1 6,5,-65.774000
8149,2 1 0 5 5 8 5 8 8,9,-65.774000
8150,3 5 1 0 4 6 6 7 5,5,-41.283000
8151,1 7 0 2 6 7 6 2 5,5,-21.379000
8152,8 4 6 4 6 4 8 6 1,3,-78.371000
8153,3 6 2 4 3 2 4 0 0,6,-21.379000
8154,4 0 2 6 5 2 1 2 1,7,-21.379000
8155,7 5 3 4 5 8 2 5 3,7,-65.774000
8156,5 1 1 4 3 7 2 3 4,6,-31.331000
8157,1 1 8 4 0 2 7 7 2,6,-19.625500
8158,3 6 3 1 0 2 0 4 5,7,-21.379000
8159,2 6 4 2 3 2 3 2 8,7,-21.379000
8160,4 4 7 3 1 3 2 5 4,5,-41.283000
8161,0 5 3 6 8 3 1 2 0,8,-31.331000
8162,1 5 5 8 7 2 2 4 5,7,-65.774000
8163,3 1 5 6 1 2 6 5 3,7,-41.283000
8164,7 2 3 8 8 6 0 4 3,6,-41.283000
8165,8 1 2 2 0 5 7 2 3,8,-21.379000
8166,2 1 0 6 3 2 1 3 0,8,-19.625500
8167,0 4 4 8 5 6 5 4 7,4,-65.774000
8168,5 6 7 7 0 5 8 1 8,6,-65.774000
8169,7 6 1 0 4 0 1 5 2,6,-17.872000
8170,8 7 8 8 2 7 5 7 6,5,-78.371000
8171,3 4 4 2 8 1 3 8 2,7,-41.283000
8172,0 4 2 4 3 4 4 8 7,4,-31.331000
8173,6 7 4 5 0 6 7 6 2,3,-21.379000
8174,7 4 1 5 5 8 5 6 0,6,-65.774000
8175,1 5 2 6 7 6 6 2 0,5,-21.379000
8176,5 5 3 1 1 8 8 6 8,8,-65.774000
8177,8 5 7 2 8 7 7 7 2,5,-65.774000
8178,4 0 7 0 0 7 0 6 7,4,-17.872000
8179,4 1 7 7 8 1 6 3 5,5,-41.283000
8180,5 4 7 2 8 3 7 6 7,4,-53.528500
8181,1 7 7 5 5 3 1 1 4,6,-23.449000
8182,2 7 8 5 3 2 2 0 0,8,-21.379000
8183,2 1 3 5 4 4 3 4 6,5,-41.283000
8184,2 5 1 1 5 0 3 6 0,8,-19.625500
8185,4 6 3 2 5 7 1 3 7,5,-41.283000
8186,3 2 5 1 8 2 2 1 0,9,-21.379000
8187,4 4 0 8 3 3 4 0 4,5,-41.283000
8188,6 1 1 7 1 8 6 0 3,6,-11.743500
8189,0 1 7 0 7 8 1 2 3,7,-17.872000
8190,1 7 0 5 6 1 6 6 2,5,-17.872000
8191,3 7 6 7 2 5 7 7 3,4,-41.283000
8192,3 1 5 0 3 6 1 6 5,7,-41.283000
8193,7 1 1 1 3 2 3 1 7,7,-5.615000
8194,3 4 0 4 3 2 3 6 3,6,-41.283000
8195,2 7 7 5 0 7 5 5 4,5,-65.774000
8196,2 7 0 5 5 0 8 7 6,6,-43.576500
8197,8 4 1 3 6 5 2 3 4,6,-41.283000
8198,2 4 1 1 2 5 6 3 5,7,-21.379000
8199,1 4 6 4 3 1 8 0 2,6,-19.625500
8200,0 7 5 4 1 5 0 4 1,6,-17.872000
8201,1 4 3 5 7 3 3 6 2,6,-41.283000
8202,8 4 4 6 2 3 2 2 5,6,-31.331000
8203,4 5 6 8 6 8 6 8 7,4,-78.371000
8204,3 1 6 4 4 2 4 0 5,5,-21.379000
8205,1 2 0 1 5 6 4 0 7,6,-17.872000
8206,4 8 7 8 0 2 7 7 2,5,-21.379000
8207,7 3 0 8 8 2 3 2 8,8,-41.283000
8208,2 6 3 8 3 8 0 8 4,7,-41.283000
8209,7 5 1 6 5 0 4 0 3,6,-29.577500
8210,8 5 7 3 2 5 3 4 2,7,-41.283000
8211,2 8 4 0 8 5 5 0 3,8,-53.528500
8212,6 7 8 2 3 0 0 7 6,5,-21.379000
8213,0 8 5 4 2 6 1 4 1,6,-19.625500
8214,4 6 4 8 3 7 2 3 5,5,-41.283000
8215,0 1 8 1 2 1 2 0 0,9,-17.872000
8216,5 4 7 3 4 5 2 0 1,6,-31.331000
8217,7 7 2 4 3 5 5 7 4,4,-53.528500
8218,6 6 2 1 3 2 0 6 7,5,-21.379000
8219,5 6 4 8 1 3 2 3 4,6,-41.283000
8220,4 5 8 2 5 8 8 3 1,8,-65.774000
8221,5 8 4 5 2 0 8 6 1,7,-65.774000
8222,5 1 7 3 4 5 3 7 0,6,-41.283000
8223,8 5 6 0 3 5 3 4 5,7,-65.774000
8224,4 1 7 6 7 1 3 8 6,4,-23.449000
8225,8 3 3 3 3 8 4 2 6,7,-41.283000
8226,7 6 2 4 4 1 2 7 8,4,-21.379000
8227,4 2 6 8 7 5 0 2 5,6,-43.576500
8228,7 7 1 4 7 5 4 0 8,4,-41.823000
8229,3 2 7 8 4 8 3 4 5,6,-53.528500
8230,3 0 6 0 4 8 8 6 1,6,-29.577500
8231,4 7 8 2 1 0 6 0 7,5,-17.872000
8232,4 0 3 3 6 6 8 3 7,5,-41.283000
8233,6 2 4 6 8 4 0 8 7,4,-49.875000
8234,5 0 0 3 1 1 3 8 8,9,-41.283000
8235,7 8 6 2 8 5 7 4 4,4,-72.072500
8236,4 3 7 0 0 5 7 2 6,5,-21.379000
8237,2 1 5 3 3 1 1 7 3,8,-31.331000
8238,6 5 2 8 7 5 5 6 0,6,-65.774000
8239,2 1 1 4 4 6 3 5 7,5,-21.379000
8240,3 6 4 3 5 7 1 6 1,5,-41.283000
8241,4 4 4 8 0 8 7 6 5,4,-72.072500
8242,0 5 2 5 3 7 6 2 8,7,-41.283000
8243,2 1 1 3 0 4 1 4 3,7,-17.872000
8244,6 4 0 4 3 0 3 6 2,5,-21.379000
8245,0 5 3 4 3 3 1 7 4,6,-41.283000
8246,8 7 8 3 7 2 8 5 2,7,-65.774000
8247,4 4 3 5 2 1 4 0 5,6,-31.331000
8248,7 0 8 4 5 4 6 8 8,5,-78.371000
8249,8 6 3 5 4 8 8 7 2,6,-72.072500
8250,0 5 3 8 3 3 2 1 4,8,-41.283000
8251,3 4 0 7 8 4 3 3 8,6,-41.283000
8252,0 5 2 3 0 1 7 1 8,8,-19.625500
8253,1 0 2 2 7 0 3 3 4,7,-21.379000
8254,4 0 3 2 0 2 6 3 6,6,-21.379000
8255,1 4 7 3 8 6 7 1 5,5,-41.283000
8256,3 7 6 6 2 5 6 4 7,3,-41.283000
8257,6 7 5 4 8 4 0 3 4,4,-53.528500
8258,4 2 1 8 6 5 5 2 2,7,-21.379000
8259,8 3 0 8 5 1 8 1 3,9,-41.283000
8260,4 5 1 3 8 5 1 2 4,7,-41.283000
8261,8 4 0 0 3 8 6 3 7,6,-41.283000
8262,1 2 0 4 2 1 8 8 3,8,-21.379000
8263,8 8 8 8 1 1 2 2 5,9,-65.774000
8264,0 6 8 2 3 0 8 6 2,7,-21.379000
8265,1 0 8 0 3 8 2 2 8,9,-21.379000
8266,3 8 0 1 5 1 3 7 8,8,-41.283000
8267,1 2 0 3 4 5 3 3 3,8,-41.283000
8268,8 2 4 0 2 7 8 7 8,6,-49.875000
8269,8 0 1 6 6 5 5 1 4,6,-41.823000
8270,5 7 5 8 5 2 3 1 0,8,-53.528500
8271,4 1 1 0 0 7 6 1 3,6,-11.743500
8272,0 5 6 4 5 1 0 1 8,7,-17.872000
8273,5 4 6 3 6 4 2 3 6,4,-41.283000
8274,2 6 3 4 7 6 5 0 8,5,-41.283000
8275,8 1 1 3 0 2 4 3 0,8,-19.625500
8276,1 2 6 4 8 7 6 2 6,4,-21.379000
8277,7 7 0 2 8 3 2 1 4,6,-21.379000
8278,4 1 2 5 0 0 7 5 4,6,-19.625500
8279,0 5 3 4 1 0 6 1 6,6,-17.872000
8280,8 4 3 4 0 8 1 4 8,6,-59.827000
8281,2 2 5 4 3 8 0 7 3,7,-41.283000
8282,7 2 4 1 4 7 5 5 5,5,-65.774000
8283,5 5 1 2 2 3 6 6 6,6,-31.331000
8284,0 5 4 8 8 1 4 6 4,5,-65.774000
8285,5 0 5 2 4 7 2 7 6,5,-21.379000
8286,4 8 3 1 4 4 3 5 7,5,-41.283000
8287,6 5 5 1 0 8 0 1 5,8,-41.823000
8288,5 0 5 6 4 4 1 5 6,5,-65.774000
8289,3 1 6 5 5 5 3 3 0,8,-41.283000
8290,4 6 7 8 4 2 0 4 1,4,-19.625500
8291,7 8 0 1 2 4 8 2 0,7,-21.379000
8292,0 3 5 7 7 1 0 0 7,6,-17.872000
8293,2 3 4 7 0 3 3 6 5,6,-41.283000
8294,3 8 0 7 3 7 0 4 5,6,-41.283000
8295,7 2 4 4 0 6 5 1 0,5,-17.872000
8296,5 2 2 2 2 6 8 1 1,8,-21.379000
8297,1 4 2 6 4 0 7 6 5,4,-19.625500
8298,2 6 1 0 4 2 5 1 2,7,-21.379000
8299,1 0 8 4 0 2 2 2 8,8,-21.379000
8300,1 2 3 5 1 0 3 1 0,9,-17.872000
8301,3 3 5 8 5 7 8 2 4,7,-65.774000
8302,4 5 4 7 3 7 2 7 4,3,-41.283000
8303,0 4 6 5 8 6 5 2 1,6,-43.576500
8304,6 4 0 0 5 4 8 4 5,5,-65.774000
8305,8 3 4 3 4 0 6 2 1,6,-31.331000
8306,2 7 0 8 7 5 8 1 6,6,-43.576500
8307,2 4 3 8 7 5 3 6 4,5,-41.283000
8308,5 3 4 4 2 1 0 8 8,7,-41.283000
8309,5 3 1 4 6 0 3 7 5,6,-41.283000
8310,4 3 8 3 8 2 5 0 2,8,-41.283000
8311,7 2 7 8 8 5 1 6 4,5,-65.774000
8312,0 3 7 8 6 3 7 2 4,5,-41.283000
8313,5 0 6 3 4 6 2 0 3,6,-31.331000
8314,7 2 0 3 2 8 7 6 4,5,-21.379000
8315,8 4 4 0 8 2 2 3 0,7,-21.379000
8316,3 0 2 0 6 3 0 6 6,6,-19.625500
8317,6 5 2 7 0 5 2 8 2,7,-21.379000
8318,3 6 6 3 8 3 7 1 6,5,-41.283000
8319,0 8 2 5 3 0 4 8 2,8,-31.331000
8320,5 6 7 2 5 2 8 4 7,5,-65.774000
8321,7 5 1 3 1 7 8 1 4,6,-23.449000
8322,0 2 6 1 0 6 8 7 8,6,-19.625500
8323,6 2 3 0 6 4 2 5 5,6,-31.331000
8324,7 6 1 7 1 4 1 7 7,3,-5.615000
8325,2 5 4 4 5 0 2 2 8,7,-21.379000
8326,3 0 0 7 7 8 0 0 5,7,-17.872000
8327,0 0 0 3 1 2 0 1 4,8,-17.872000
8328,2 7 8 0 5 6 4 6 1,5,-21.379000
8329,3 2 4 5 4 4 7 1 0,5,-21.379000
8330,5 4 7 6 3 8 0 8 4,5,-65.774000
8331,2 7 1 5 6 1 2 5 1,7,-21.379000
8332,2 0 1 2 5 7 2 5 2,8,-21.379000
8333,8 7 6 5 3 6 2 6 0,5,-41.283000
8334,4 2 2 8 8 7 4 2 8,6,-49.875000
8335,0 6 0 0 3 6 5 5 8,7,-41.283000
8336,8 8 1 2 3 5 7 8 3,8,-53.528500
8337,4 4 5 3 4 5 6 2 6,4,-53.528500
8338,0 3 1 7 0 0 3 3 3,8,-29.577500
8339,0 8 4 8 8 6 5 2 8,7,-78.371000
8340,0 0 4 6 8 5 7 4 4,4,-41.823000
8341,6 8 6 1 6 7 0 8 6,4,-48.121500
8342,4 3 5 6 3 8 5 4 5,6,-65.774000
8343,5 4 3 8 0 8 0 7 0,7,-41.283000
8344,3 3 8 4 5 0 4 1 7,6,-41.283000
8345,4 4 3 0 6 5 0 6 8,5,-41.283000
8346,2 2 4 4 4 4 5 6 0,4,-21.379000
8347,3 8 5 7 1 3 7 2 4,6,-41.283000
8348,5 1 4 0 8 7 0 5 2,7,-21.379000
8349,5 5 6 6 1 1 4 7 3,5,-41.283000
8350,8 7 3 6 8 8 6 4 2,5,-78.371000
8351,6 2 3 7 3 6 0 2 7,5,-21.379000
8352,7 2 4 3 8 8 1 8 2,7,-41.283000
8353,7 2 6 8 7 3 4 2 3,5,-41.283000
8354,4 8 1 2 8 0 7 7 7,5,-21.379000
8355,1 2 8 3 0 3 2 6 4,7,-21.379000
8356,4 1 3 5 4 6 8 3 2,6,-41.283000
8357,3 0 0 3 8 8 5 2 5,9,-41.283000
8358,2 6 0 6 8 6 2 6 0,5,-21.379000
8359,5 7 3 3 7 7 8 6 1,5,-41.283000
8360,5 8 4 7 5 3 2 6 8,6,-65.774000
8361,7 8 8 8 8 6 7 8 4,5,-78.371000
8362,1 2 8 0 8 5 3 0 4,8,-31.331000
8363,4 3 6 3 8 5 6 0 6,5,-41.283000
8364,4 5 5 8 0 0 7 5 4,6,-65.774000
8365,5 7 6 1 1 4 8 1 7,5,-5.615000
8366,3 3 0 2 0 6 2 8 0,8,-21.379000
8367,3 0 5 0 6 0 2 4 1,7,-17.872000
8368,6 5 5 7 7 3 1 3 7,5,-41.283000
8369,6 6 3 8 7 0 4 4 2,4,-31.331000
8370,8 2 2 0 6 4 8 0 5,7,-21.379000
8371,5 6 2 1 5 2 8 3 4,7,-41.283000
8372,5 5 7 7 7 4 2 4 3,4,-53.528500
8373,5 8 3 4 1 2 1 2 4,7,-21.379000
8374,4 0 7 2 5 4 4 4 8,4,-43.576500
8375,1 8 4 7 3 2 6 5 0,6,-31.331000
8376,1 5 2 5 1 3 7 2 5,8,-31.331000
8377,5 2 1 5 0 8 6 8 0,8,-43.576500
8378,6 7 4 1 4 0 1 7 0,4,-11.743500
8379,0 7 6 5 7 6 6 4 3,3,-41.283000
8380,1 0 4 3 3 2 3 2 1,8,-21.379000
8381,0 2 0 2 8 7 8 3 1,8,-21.379000
8382,0 8 0 7 6 1 7 3 6,5,-17.872000
8383,1 6 4 8 4 2 4 3 7,4,-31.331000
8384,4 6 4 7 3 2 0 6 7,3,-21.379000
8385,2 1 0 4 6 3 8 1 4,6,-19.625500
8386,5 2 6 1 2 2 4 7 6,5,-21.379000
8387,5 2 6 8 4 4 6 0 4,4,-43.576500
8388,5 8 6 2 4 1 2 3 4,6,-31.331000
8389,5 2 8 5 6 2 3 5 5,8,-65.774000
8390,6 3 2 2 4 1 4 0 1,6,-19.625500
8391,0 0 8 1 6 3 7 8 7,6,-29.577500
8392,1 7 7 1 5 3 3 4 0,6,-29.577500
8393,1 0 5 4 4 8 0 5 2,7,-21.379000
8394,7 1 5 8 7 1 2 4 8,6,-43.576500
8395,3 6 5 8 5 5 0 1 4,7,-65.774000
8396,4 2 4 2 5 7 7 1 7,4,-21.379000
8397,5 6 3 5 7 7 1 6 1,5,-41.283000
8398,4 0 6 7 3 5 6 4 6,3,-41.283000
8399,4 7 0 0 5 4 3 3 7,5,-41.283000
8400,4 0 8 7 0 4 7 0 4,4,-17.872000
8401,3 7 1 8 7 2 2 4 4,5,-21.379000
8402,3 6 0 8 6 5 2 8 4,6,-53.528500
8403,3 7 6 0 3 0 7 3 5,6,-41.283000
8404,1 1 8 5 8 8 2 5 3,9,-65.774000
8405,2 6 5 7 3 2 7 0 3,6,-31.331000
8406,1 7 6 0 4 4 5 3 1,5,-17.872000
8407,1 5 3 8 6 2 4 2 6,6,-31.331000
8408,1 2 2 3 1 5 4 0 6,7,-21.379000
8409,7 8 5 6 7 6 4 5 4,3,-65.774000
8410,4 5 1 4 5 3 2 1 0,7,-21.379000
8411,2 8 7 4 5 4 4 4 8,4,-72.072500
8412,5 2 0 8 1 3 6 2 8,8,-31.331000
8413,8 8 0 6 1 3 1 4 4,6,-29.577500
8414,2 3 4 0 0 3 2 4 5,7,-21.379000
8415,6 3 5 3 2 5 8 3 0,8,-41.283000
8416,1 8 1 6 2 2 5 6 2,7,-21.379000
8417,6 1 8 6 4 1 1 3 6,5,-5.615000
8418,6 5 7 8 7 8 2 7 3,5,-65.774000
8419,5 4 5 1 8 3 3 2 0,8,-41.283000
8420,5 8 2 0 6 3 3 8 1,8,-41.283000
8421,6 7 0 5 0 0 2 7 5,6,-19.625500
8422,6 7 0 6 1 6 7 7 2,3,-17.872000
8423,5 6 1 3 6 8 4 4 6,4,-53.528500
8424,2 3 1 2 2 6 3 5 5,8,-31.331000
8425,4 8 8 8 0 8 2 8 1,8,-78.371000
8426,7 2 0 4 0 0 5 8 2,7,-21.379000
8427,2 3 7 8 0 8 2 4 5,7,-41.283000
8428,8 7 0 1 6 0 4 6 7,4,-17.872000
8429,1 0 5 5 5 8 8 6 4,7,-65.774000
8430,5 4 8 7 8 7 2 8 4,5,-78.371000
8431,8 1 4 4 3 8 5 2 8,7,-65.774000
8432,3 2 1 2 7 1 0 5 4,7,-21.379000
8433,5 0 8 4 0 7 4 4 6,4,-41.823000
8434,5 2 3 3 5 1 5 8 0,9,-41.283000
8435,6 5 2 0 4 4 7 7 4,3,-21.379000
8436,2 8 8 1 1 0 5 2 1,9,-21.379000
8437,6 0 2 4 4 0 3 2 3,6,-21.379000
8438,7 0 1 3 6 4 0 1 7,5,-17.872000
8439,7 8 1 6 5 2 6 7 3,5,-41.283000
8440,2 1 0 3 6 1 6 5 1,7,-17.872000
8441,2 7 3 2 4 8 3 6 7,5,-41.283000
8442,8 8 6 8 1 7 2 3 7,6,-59.827000
8443,4 4 5 8 4 8 7 6 5,4,-72.072500
8444,4 0 1 8 6 6 8 5 2,6,-43.576500
8445,7 5 3 8 8 1 7 5 4,6,-65.774000
8446,5 5 8 5 4 6 1 6 8,6,-65.774000
8447,8 2 4 8 3 7 5 7 6,5,-65.774000
8448,2 3 0 0 5 4 0 5 4,7,-21.379000
8449,5 3 7 7 6 1 2 4 1,5,-21.379000
8450,2 4 0 4 5 0 6 4 0,5,-17.872000
8451,1 1 6 8 8 1 5 5 6,7,-65.774000
8452,0 5 1 8 1 0 1 5 7,8,-17.872000
8453,5 0 8 5 2 4 4 3 8,7,-65.774000
8454,0 5 7 7 1 4 1 5 5,6,-41.823000
8455,2 7 4 2 1 1 1 5 8,7,-21.379000
8456,2 4 3 6 4 3 7 6 8,4,-41.283000
8457,0 5 3 6 0 1 5 8 6,7,-41.283000
8458,1 5 8 3 0 2 8 6 8,8,-53.528500
8459,4 7 0 1 6 3 5 4 6,4,-29.577500
8460,3 5 8 1 2 4 5 2 1,8,-31.331000
8461,3 3 4 6 8 6 7 0 5,5,-41.283000
8462,8 7 0 1 0 7 2 5 5,7,-21.379000
8463,5 7 7 7 3 7 2 7 3,4,-41.283000
8464,3 5 1 4 3 8 8 5 5,8,-65.774000
8465,2 8 6 0 5 8 2 1 3,8,-31.331000
8466,8 8 6 6 2 2 5 4 0,6,-43.576500
8467,7 3 5 6 6 4 3 2 1,5,-41.283000
8468,0 6 6 8 0 1 7 7 8,5,-17.872000
8469,0 8 4 3 1 3 3 4 4,6,-41.283000
8470,1 2 0 3 5 7 7 2 7,6,-21.379000
8471,1 1 5 7 6 2 6 2 8,6,-21.379000
8472,4 4 4 0 2 5 6 3 0,5,-21.379000
8473,7 0 2 5 2 1 5 2 0,8,-21.379000
8474,4 8 7 7 8 5 7 0 3,5,-65.774000
8475,8 6 2 8 1 1 4 5 4,6,-43.576500
8476,6 6 1 7 1 8 1 3 7,5,-5.615000
8477,4 6 4 1 7 1 8 4 1,4,-5.615000
8478,6 3 5 2 7 7 6 3 3,5,-41.283000
8479,8 1 4 2 5 3 1 1 0,8,-19.625500
8480,4 7 2 3 2 2 6 2 7,5,-21.379000
8481,3 4 4 1 1 3 3 0 8,7,-41.283000
8482,3 0 0 8 8 3 4 3 1,8,-41.283000
8483,3 2 6 6 8 7 6 8 2,5,-41.283000
8484,6 6 8 2 1 5 1 6 6,5,-21.379000
8485,7 0 3 8 0 4 5 6 0,6,-29.577500
8486,1 1 3 2 2 7 3 4 8,7,-21.379000
8487,1 5 2 3 2 1 3 6 4,7,-21.379000
8488,8 6 7 2 4 8 8 3 2,6,-59.827000
8489,4 3 2 6 0 8 0 6 2,6,-21.379000
8490,2 2 8 1 6 8 8 1 2,8,-21.379000
8491,2 2 7 8 6 8 6 1 4,5,-21.379000
8492,7 6 1 7 0 1 3 5 6,5,-17.872000
8493,5 3 6 4 5 0 8 4 0,6,-53.528500
8494,5 2 1 7 2 4 1 3 2,7,-21.379000
8495,8 4 8 5 0 3 4 3 3,7,-41.283000
8496,8 4 2 7 8 4 5 0 7,5,-65.774000
8497,2 0 2 0 3 7 2 0 2,8,-21.379000
8498,8 6 3 2 0 4 4 8 2,6,-31.331000
8499,1 1 3 5 7 8 4 5 5,7,-65.774000
8500,1 1 4 4 1 4 3 8 5,6,-23.449000
8501,0 0 8 4 7 0 1 0 1,7,-17.872000
8502,1 3 1 3 5 7 5 0 2,8,-31.331000
8503,5 6 8 3 6 1 2 2 5,7,-41.283000
8504,0 2 3 7 1 6 2 1 4,6,-19.625500
8505,6 4 5 1 2 3 2 7 6,5,-21.379000
8506,1 0 6 7 7 3 1 3 8,6,-29.577500
8507,2 0 7 1 6 0 4 2 0,6,-17.872000
8508,7 0 3 7 3 1 3 8 8,7,-41.283000
8509,1 1 2 2 6 5 4 6 4,5,-21.379000
8510,7 6 7 7 4 5 6 4 1,2,-35.694500
8511,8 2 8 8 6 6 0 6 0,6,-49.875000
8512,4 8 3 0 3 0 1 3 3,8,-41.283000
8513,6 0 1 8 6 4 3 6 6,4,-29.577500
8514,3 4 6 7 6 6 7 5 7,2,-53.528500
8515,0 8 1 6 8 8 0 0 3,8,-29.577500
8516,0 6 5 0 0 1 0 8 0,8,-17.872000
8517,3 5 1 7 7 0 3 5 1,7,-41.283000
8518,2 6 2 4 5 0 5 6 0,6,-21.379000
8519,8 2 0 5 5 6 1 2 7,7,-21.379000
8520,1 1 6 4 8 3 0 8 7,6,-29.577500
8521,5 3 4 5 3 0 8 8 8,8,-65.774000
8522,0 0 5 2 0 0 7 0 3,8,-17.872000
8523,2 8 1 0 4 2 0 7 3,7,-21.379000
8524,2 1 1 0 4 0 5 4 0,7,-17.872000
8525,5 0 8 7 8 5 7 0 3,7,-65.774000
8526,1 5 2 7 1 4 1 3 0,7,-17.872000
8527,5 8 3 6 3 4 7 0 2,6,-41.283000
8528,5 0 4 3 0 2 7 3 1,7,-21.379000
8529,2 0 8 1 0 7 3 5 3,8,-31.331000
8530,8 8 5 6 4 2 7 4 1,5,-65.774000
8531,0 2 7 8 8 1 2 7 6,6,-21.379000
8532,0 4 6 1 1 7 6 7 0,4,-11.743500
8533,4 5 7 2 3 2 8 0 7,6,-31.331000
8534,2 6 1 7 1 4 5 7 5,5,-21.379000
8535,0 6 0 1 1 8 5 4 8,7,-17.872000
8536,6 4 2 0 1 8 8 7 0,6,-19.625500
8537,3 6 5 2 3 7 4 2 8,6,-41.283000
8538,6 6 6 2 5 0 5 5 3,6,-53.528500
8539,6 0 7 5 4 6 1 6 6,3,-17.872000
8540,1 8 5 0 0 7 6 5 4,6,-41.823000
8541,4 5 4 0 5 0 5 2 3,7,-41.283000
8542,5 8 5 3 0 5 2 4 4,7,-65.774000
8543,8 3 2 6 0 1 1 5 5,8,-31.331000
8544,6 6 6 4 7 8 3 5 3,4,-53.528500
8545,6 7 5 5 1 2 8 5 4,6,-65.774000
8546,1 2 8 6 1 6 6 8 2,6,-21.379000
8547,2 7 6 4 7 4 0 3 5,4,-31.331000
8548,8 6 0 1 6 0 4 3 6,5,-17.872000
8549,4 4 2 8 0 3 5 8 5,7,-65.774000
8550,8 4 3 3 2 4 5 4 2,6,-41.283000
8551,6 2 4 1 1 7 0 8 5,6,-19.625500
8552,6 0 8 3 1 0 3 3 3,8,-41.283000
8553,7 1 6 3 6 2 8 5 3,6,-41.283000
8554,4 1 1 8 7 5 6 0 8,6,-41.823000
8555,4 4 6 5 5 5 8 4 4,4,-65.774000
8556,5 5 4 5 3 2 8 0 6,7,-65.774000
8557,5 6 7 4 8 8 5 8 7,5,-78.371000
8558,7 0 4 6 7 2 6 4 2,3,-21.379000
8559,7 6 3 2 6 6 1 7 3,4,-31.331000
8560,3 4 2 8 2 5 0 0 1,8,-21.379000
8561,3 0 4 8 3 8 4 1 4,6,-41.283000
8562,3 4 5 4 4 7 1 1 5,5,-41.283000
8563,0 6 4 4 4 4 6 1 7,2,-11.743500
8564,0 5 8 4 1 8 4 0 4,6,-41.823000
8565,1 0 6 5 0 1 2 4 0,7,-17.872000
8566,8 5 5 7 6 2 3 7 8,6,-65.774000
8567,4 3 4 1 8 4 7 4 1,4,-23.449000
8568,3 7 6 8 5 5 2 0 3,7,-41.283000
8569,8 8 2 2 0 6 7 5 8,7,-65.774000
8570,0 4 5 8 0 7 2 8 6,6,-43.576500
8571,4 5 8 0 8 1 1 3 4,7,-41.283000
8572,3 2 5 8 2 4 8 7 8,7,-65.774000
8573,4 5 7 6 1 0 4 1 7,4,-11.743500
8574,8 6 0 0 1 2 2 3 4,7,-21.379000
8575,0 0 7 7 7 3 5 3 6,5,-41.283000
8576,5 8 1 1 3 6 5 0 3,8,-41.283000
8577,7 2 0 2 5 3 2 0 5,8,-21.379000
8578,1 6 1 2 4 1 0 3 2,7,-17.872000
8579,6 2 6 1 7 4 6 5 8,4,-43.576500
8580,6 0 2 1 2 4 1 5 3,7,-21.379000
8581,2 2 8 3 5 8 7 6 0,7,-41.283000
8582,0 6 0 0 0 2 4 4 1,6,-17.872000
8583,0 2 5 0 8 6 6 1 5,7,-21.379000
8584,8 7 6 1 1 5 2 5 0,7,-21.379000
8585,6 5 7 3 8 8 0 8 1,7,-65.774000
8586,2 5 3 2 3 5 3 0 7,8,-41.283000
8587,5 3 7 8 0 7 8 8 2,7,-65.774000
8588,4 4 7 6 8 8 5 3 5,5,-65.774000
8589,1 1 8 7 5 6 0 0 8,7,-17.872000
8590,0 1 6 8 8 8 5 4 7,6,-72.072500
8591,1 1 5 4 6 0 4 5 6,5,-17.872000
8592,5 4 1 2 2 3 5 7 3,7,-41.283000
8593,4 6 7 6 8 3 3 4 1,4,-41.283000
8594,7 7 3 6 3 3 0 8 2,6,-41.283000
8595,2 4 7 7 4 8 3 7 1,4,-31.331000
8596,6 7 1 4 2 8 3 6 8,5,-41.283000
8597,5 2 5 3 7 4 1 7 0,6,-31.331000
8598,6 0 3 8 3 7 4 0 4,5,-41.283000
8599,8 5 3 7 5 7 4 3 0,6,-53.528500
8600,6 2 6 2 2 1 7 1 6,5,-21.379000
8601,3 8 2 0 8 5 8 5 2,9,-65.774000
8602,6 5 1 1 5 0 6 6 5,6,-41.823000
8603,5 7 7 5 1 5 8 3 5,7,-65.774000
8604,8 3 8 3 2 4 2 0 6,7,-41.283000
8605,1 1 7 3 2 8 8 8 3,8,-41.283000
8606,2 3 5 4 5 6 4 4 3,5,-41.283000
8607,8 4 0 4 6 4 4 3 4,3,-41.283000
8608,2 8 6 8 2 1 4 2 3,7,-21.379000
8609,7 8 3 8 1 7 6 4 2,5,-41.283000
8610,4 1 8 1 7 3 4 4 8,5,-41.283000
8611,6 3 8 1 3 3 4 7 5,6,-41.283000
8612,0 1 4 7 0 4 1 4 8,5,-17.872000
8613,1 1 2 8 4 8 1 5 8,8,-43.576500
8614,3 7 5 6 3 0 0 0 0,7,-17.872000
8615,7 6 0 8 6 4 1 3 4,4,-29.577500
8616,3 7 8 4 0 4 3 5 4,5,-41.283000
8617,8 1 6 6 0 0 7 4 5,5,-17.872000
8618,8 6 5 7 4 8 5 1 0,6,-65.774000
8619,3 1 8 1 7 3 8 1 8,8,-41.283000
8620,1 8 2 5 2 5 4 0 1,8,-21.379000
8621,5 1 6 5 3 5 0 6 1,7,-41.283000
8622,6 2 0 0 6 1 8 4 8,6,-19.625500
8623,3 2 3 5 4 7 6 1 2,6,-31.331000
8624,6 2 2 4 0 5 4 7 2,5,-21.379000
8625,2 5 0 0 0 6 5 0 0,8,-17.872000
8626,4 0 2 4 5 1 3 0 4,6,-19.625500
8627,3 3 7 6 8 1 2 1 2,7,-21.379000
8628,6 1 2 8 0 4 7 5 0,6,-19.625500
8629,1 3 4 0 0 5 0 1 8,8,-17.872000
8630,2 6 5 5 3 4 6 6 2,5,-41.283000
8631,5 1 1 0 2 6 3 0 6,7,-17.872000
8632,4 3 7 2 6 3 0 2 6,5,-21.379000
8633,5 6 3 3 3 7 0 3 5,7,-41.283000
8634,0 1 7 3 2 2 8 6 4,6,-21.379000
8635,4 5 6 7 8 4 7 5 6,3,-65.774000
8636,1 4 6 1 8 2 0 8 7,6,-19.625500
8637,1 5 2 1 7 8 7 6 4,5,-21.379000
8638,2 7 1 5 5 3 4 0 0,7,-21.379000
8639,2 8 5 7 3 8 6 5 4,6,-65.774000
8640,6 4 1 8 2 1 1 7 5,6,-13.497000
8641,6 1 1 0 5 0 5 1 0,8,-17.872000
8642,4 1 7 5 2 0 0 5 8,7,-21.379000
8643,2 2 0 5 8 7 6 4 6,5,-21.379000
8644,1 7 8 7 1 7 7 7 3,4,-23.449000
8645,7 4 0 0 1 5 4 6 0,5,-17.872000
8646,5 1 7 7 7 3 8 3 4,5,-41.283000
8647,8 6 8 2 8 7 2 7 0,6,-49.875000
8648,3 8 6 1 0 3 1 1 8,8,-29.577500
8649,5 2 1 2 3 5 0 7 6,7,-21.379000
8650,7 3 7 1 3 3 6 0 1,6,-29.577500
8651,6 7 6 7 1 0 1 7 0,4,-11.743500
8652,0 0 2 5 5 3 3 1 5,9,-41.283000
8653,2 8 4 5 1 2 3 4 3,7,-41.283000
8654,4 8 7 8 4 0 4 6 0,4,-48.121500
8655,8 7 1 4 6 0 2 3 5,6,-31.331000
8656,8 2 0 2 4 1 5 7 2,7,-21.379000
8657,1 8 8 1 4 2 2 6 2,7,-21.379000
8658,0 1 7 6 6 4 2 2 2,5,-21.379000
8659,4 7 3 1 8 1 2 6 3,6,-31.331000
8660,7 1 5 5 1 4 5 0 5,7,-65.774000
8661,7 7 6 0 3 7 2 4 7,3,-21.379000
8662,7 4 0 2 5 2 6 8 8,6,-43.576500
8663,0 8 0 5 3 5 8 5 6,8,-65.774000
8664,1 6 8 6 4 5 5 2 8,6,-65.774000
8665,6 3 5 1 1 4 6 6 2,5,-21.379000
8666,2 7 2 5 2 8 1 4 1,7,-21.379000
8667,3 7 1 5 7 0 3 5 6,6,-41.283000
8668,8 7 0 4 8 8 0 3 5,7,-65.774000
8669,7 6 8 6 2 8 6 4 3,4,-59.827000
8670,1 5 2 7 5 5 2 5 3,8,-53.528500
8671,7 4 7 4 4 5 4 7 8,2,-72.072500
8672,0 3 7 3 5 1 4 5 4,6,-41.283000
8673,1 1 2 7 8 6 1 1 7,6,-5.615000
8674,3 0 5 5 8 8 2 6 3,8,-53.528500
8675,8 7 8 0 0 6 6 0 8,6,-48.121500
8676,4 0 5 5 0 0 1 3 8,8,-29.577500
8677,0 8 4 7 6 5 0 8 3,6,-53.528500
8678,3 0 2 1 1 2 4 0 8,8,-19.625500
8679,1 5 6 0 6 8 0 2 0,7,-17.872000
8680,4 7 6 2 4 6 7 8 6,2,-49.875000
8681,1 2 6 8 2 2 2 8 1,8,-21.379000
8682,1 2 5 7 1 5 4 4 1,6,-13.497000
8683,1 0 1 0 5 6 8 7 0,7,-17.872000
8684,7 1 8 4 3 5 4 0 5,6,-53.528500
8685,5 2 8 3 0 4 7 2 3,7,-41.283000
8686,0 1 1 0 3 6 3 6 4,6,-17.872000
8687,0 3 0 7 2 5 1 6 8,7,-21.379000
8688,5 1 4 5 4 4 7 4 2,4,-43.576500
8689,5 5 1 3 8 2 0 7 7,7,-41.283000
8690,4 8 6 7 2 6 1 2 0,5,-21.379000
8691,0 4 1 0 7 3 2 6 1,6,-17.872000
8692,7 3 2 7 6 1 1 1 6,5,-5.615000
8693,0 8 5 6 2 3 7 3 2,7,-41.283000
8694,7 0 8 2 7 0 4 8 8,6,-49.875000
8695,2 4 5 5 1 3 7 5 1,7,-41.283000
8696,6 1 2 3 5 5 6 2 5,7,-41.283000
8697,2 4 1 3 3 3 1 1 5,8,-31.331000
8698,8 0 5 5 0 3 5 0 6,8,-53.528500
8699,0 6 5 7 5 4 6 8 4,4,-65.774000
8700,8 5 1 4 4 0 2 0 2,7,-21.379000
8701,0 4 1 8 4 5 7 3 1,6,-29.577500
8702,6 5 7 8 1 1 6 8 7,5,-65.774000
8703,2 1 3 8 6 1 2 8 8,8,-31.331000
8704,3 4 2 2 6 3 7 3 3,6,-41.283000
8705,7 2 8 4 8 3 7 6 4,4,-59.827000
8706,4 1 7 7 3 0 7 7 7,3,-17.872000
8707,3 0 5 5 1 8 5 1 0,9,-41.283000
8708,4 7 5 5 5 5 2 2 6,6,-65.774000
8709,8 3 1 5 6 5 6 7 2,6,-53.528500
8710,7 0 6 1 1 8 7 0 7,5,-17.872000
8711,0 6 2 1 8 8 2 5 2,8,-21.379000
8712,8 6 4 7 2 4 6 8 5,4,-72.072500
8713,7 6 4 8 1 2 3 5 7,5,-41.283000
8714,2 6 0 0 0 5 8 3 7,7,-21.379000
8715,3 6 2 3 3 0 8 4 7,6,-41.283000
8716,7 3 8 2 0 1 7 2 5,7,-21.379000
8717,1 1 1 8 4 1 8 8 1,8,-5.615000
8718,3 1 0 5 0 4 4 8 3,7,-41.283000
8719,0 4 7 3 8 2 2 5 7,6,-31.331000
8720,7 8 2 0 5 3 2 8 4,7,-41.283000
8721,3 0 5 6 3 3 6 5 8,7,-41.283000
8722,8 0 0 5 1 7 4 8 2,7,-21.379000
8723,1 2 4 5 2 0 8 8 8,8,-43.576500
8724,4 5 8 8 1 5 4 2 4,6,-65.774000
8725,7 8 3 1 6 8 1 8 2,7,-41.283000
8726,4 4 2 8 4 4 4 6 5,3,-65.774000
8727,6 2 8 1 0 8 2 0 7,7,-21.379000
8728,7 3 3 2 6 8 4 1 5,6,-41.283000
8729,2 3 5 2 6 1 8 7 6,6,-31.331000
8730,2 2 4 3 3 8 5 0 4,7,-41.283000
8731,3 7 0 4 1 2 8 6 0,6,-19.625500
8732,7 0 7 1 3 1 8 3 7,6,-29.577500
8733,2 3 7 5 8 5 0 4 0,7,-41.283000
8734,0 8 1 1 0 6 2 0 3,8,-17.872000
8735,3 2 1 7 8 6 5 7 5,6,-53.528500
8736,7 0 6 3 4 2 2 2 1,6,-21.379000
8737,7 6 2 7 4 5 6 3 4,3,-41.283000
8738,4 2 8 5 3 2 4 0 5,7,-41.283000
8739,5 4 8 1 6 7 3 4 0,5,-41.283000
8740,6 5 8 6 4 4 7 6 6,2,-72.072500
8741,4 0 0 4 2 1 6 2 4,5,-17.872000
8742,8 6 8 3 1 1 5 8 4,7,-65.774000
8743,3 4 7 7 1 8 6 5 6,4,-53.528500
8744,8 7 7 3 0 2 8 5 5,7,-65.774000
8745,1 1 0 0 5 3 2 2 2,9,-21.379000
8746,1 2 3 8 0 2 6 6 4,6,-21.379000
8747,8 0 2 6 0 6 5 6 5,6,-43.576500
8748,0 7 6 1 6 2 5 2 0,6,-19.625500
8749,7 8 3 2 2 3 7 0 7,6,-31.331000
8750,6 4 4 0 5 0 4 4 7,3,-17.872000
8751,7 1 3 6 6 3 2 7 5,5,-41.283000
8752,7 7 4 8 4 3 1 7 6,3,-41.283000
8753,6 4 3 8 1 3 3 1 7,6,-41.283000
8754,3 4 8 7 7 4 6 0 7,3,-41.283000
8755,4 5 2 6 6 2 7 5 3,5,-41.283000
8756,0 3 7 3 0 8 7 8 5,7,-41.283000
8757,5 3 6 4 5 4 5 6 8,5,-65.774000
8758,8 5 2 5 8 3 1 2 6,8,-53.528500
8759,6 4 5 4 1 1 3 6 5,5,-41.283000
8760,3 0 8 7 4 7 6 1 1,5,-17.872000
8761,2 2 6 2 7 7 5 4 3,5,-21.379000
8762,2 8 5 7 5 3 3 8 2,8,-53.528500
8763,0 1 2 8 5 0 2 6 2,8,-21.379000
8764,0 1 6 8 6 6 1 1 1,6,-5.615000
8765,6 3 6 5 1 6 5 3 1,6,-41.283000
8766,8 5 7 5 4 0 0 2 7,6,-43.576500
8767,6 1 3 7 4 6 5 6 8,4,-53.528500
8768,3 6 4 7 5 4 5 7 1,4,-53.528500
8769,7 6 4 8 3 5 1 5 5,6,-65.774000
8770,4 1 3 6 0 6 3 3 6,5,-41.283000
8771,5 6 6 0 3 6 5 4 7,4,-53.528500
8772,6 5 6 1 0 8 4 6 6,4,-41.823000
8773,1 6 6 2 1 6 8 5 6,5,-21.379000
8774,7 3 5 3 2 7 8 3 5,7,-41.283000
8775,4 3 7 3 0 5 2 6 6,5,-41.283000
8776,8 4 6 4 2 0 3 6 8,5,-41.283000
8777,3 4 7 7 4 8 8 4 5,4,-72.072500
8778,4 2 3 6 1 6 7 7 0,4,-19.625500
8779,8 6 8 6 6 4 2 5 1,5,-65.774000
8780,4 0 3 7 2 5 7 8 8,6,-53.528500
8781,1 0 1 3 8 5 1 3 4,8,-29.577500
8782,4 3 8 3 0 5 4 5 7,6,-53.528500
8783,4 0 5 2 2 4 4 3 0,6,-21.379000
8784,3 3 6 6 2 6 3 1 7,5,-41.283000
8785,2 8 8 0 7 3 7 3 0,7,-41.283000
8786,8 7 8 4 3 1 2 5 5,7,-65.774000
8787,7 5 4 7 1 7 4 0 0,4,-17.872000
8788,7 4 4 6 8 8 4 1 8,4,-78.371000
8789,3 7 4 0 2 2 2 7 1,6,-21.379000
8790,4 6 2 1 8 7 8 3 2,6,-31.331000
8791,2 7 7 1 7 5 6 2 3,5,-21.379000
8792,4 6 4 3 7 7 6 4 5,2,-53.528500
8793,8 8 0 5 5 3 5 4 8,8,-65.774000
8794,4 3 7 5 6 6 7 6 0,3,-41.283000
8795,2 4 2 3 3 3 8 2 4,7,-41.283000
8796,0 4 5 5 1 5 6 7 6,5,-65.774000
8797,2 3 7 8 7 0 7 7 1,5,-21.379000
8798,5 4 6 7 8 0 7 5 7,4,-65.774000
8799,2 2 1 6 4 7 2 7 4,4,-21.379000
8800,2 4 7 5 0 6 4 1 7,4,-19.625500
8801,7 0 4 0 7 7 3 7 6,3,-17.872000
8802,0 1 2 6 8 8 5 7 4,6,-43.576500
8803,1 2 1 1 7 6 5 1 5,7,-5.615000
8804,3 8 5 3 4 7 8 7 2,6,-53.528500
8805,3 1 4 6 1 5 4 4 3,5,-41.283000
8806,5 5 5 7 4 4 1 6 1,5,-65.774000
8807,6 5 5 5 0 5 7 3 7,6,-65.774000
8808,6 1 7 5 0 3 0 8 5,7,-41.283000
8809,8 7 2 8 3 4 0 4 6,5,-41.283000
8810,8 2 8 8 8 7 6 6 2,6,-78.371000
8811,3 8 6 1 1 3 6 8 5,7,-41.283000
8812,2 0 4 6 2 5 0 3 8,7,-21.379000
8813,2 4 1 3 7 8 5 8 4,6,-53.528500
8814,5 3 3 0 4 5 8 4 2,7,-41.283000
8815,6 8 1 0 6 7 2 6 4,4,-19.625500
8816,4 3 5 2 0 8 6 4 1,6,-31.331000
8817,3 0 5 4 3 7 5 4 0,6,-41.283000
8818,6 3 7 4 1 8 5 1 6,5,-41.283000
8819,7 6 5 0 3 2 0 1 2,7,-21.379000
8820,4 8 0 8 8 8 2 7 0,7,-78.371000
8821,6 6 7 3 5 6 0 3 2,5,-41.283000
8822,0 6 1 2 2 1 5 5 3,8,-21.379000
8823,6 1 6 4 4 8 1 6 5,4,-35.694500
8824,4 3 2 2 5 4 6 0 4,5,-21.379000
8825,5 6 7 4 4 5 6 5 4,3,-65.774000
8826,5 1 3 8 6 7 4 2 6,5,-41.283000
8827,2 3 7 3 5 7 0 7 6,5,-41.283000
8828,7 3 8 3 7 2 8 5 3,7,-41.283000
8829,7 5 0 7 4 0 0 6 8,5,-17.872000
8830,2 6 0 7 2 2 1 6 8,6,-21.379000
8831,3 2 2 7 2 2 5 2 7,7,-21.379000
8832,6 1 3 3 1 6 3 0 1,7,-17.872000
8833,4 7 3 6 0 3 8 2 6,5,-41.283000
8834,7 6 4 1 4 8 4 2 3,4,-31.331000
8835,5 3 4 4 5 0 4 7 6,4,-53.528500
8836,7 3 2 5 7 5 4 3 7,5,-41.283000
8837,4 4 4 4 5 4 1 4 2,3,-21.379000
8838,8 7 7 6 4 7 5 8 6,3,-78.371000
8839,5 4 7 4 2 4 1 7 2,4,-21.379000
8840,0 4 4 5 5 3 2 0 2,7,-21.379000
8841,3 7 3 4 2 8 4 5 1,6,-41.283000
8842,8 8 5 5 2 6 4 4 6,5,-65.774000
8843,6 0 8 7 6 3 5 7 4,4,-53.528500
8844,5 8 1 2 0 3 2 7 2,8,-21.379000
8845,4 3 3 6 0 2 6 8 5,6,-41.283000
8846,3 6 7 8 2 6 3 1 1,6,-31.331000
8847,1 4 5 8 5 2 5 5 4,7,-65.774000
8848,2 2 0 8 2 3 6 8 3,8,-31.331000
8849,7 3 7 0 1 2 7 8 2,6,-21.379000
8850,5 5 4 6 0 3 4 1 7,5,-41.283000
8851,2 0 6 8 7 7 8 6 6,4,-49.875000
8852,3 8 1 4 1 1 5 7 6,6,-23.449000
8853,3 3 5 5 1 5 5 1 1,9,-41.283000
8854,4 1 4 6 5 6 0 2 2,5,-21.379000
8855,1 7 1 8 8 8 1 6 2,7,-21.379000
8856,8 2 0 8 5 5 7 3 4,7,-65.774000
8857,3 0 0 7 7 4 2 2 1,6,-19.625500
8858,4 7 3 5 3 6 4 6 3,4,-41.283000
8859,8 0 4 2 5 1 0 4 7,6,-19.625500
8860,6 2 5 7 7 6 2 6 7,3,-21.379000
8861,0 8 0 6 8 8 8 2 5,8,-72.072500
8862,0 8 2 2 7 2 1 3 5,8,-21.379000
8863,0 8 7 5 1 6 1 1 1,7,-5.615000
8864,2 6 4 6 5 1 7 0 7,4,-19.625500
8865,0 3 6 4 2 1 7 5 7,5,-21.379000
8866,7 1 2 1 3 6 8 6 3,6,-31.331000
8867,7 8 2 4 0 3 3 3 8,7,-41.283000
8868,0 2 3 3 8 8 2 5 6,8,-41.283000
8869,3 7 2 6 4 0 3 0 3,6,-31.331000
8870,0 6 5 3 6 0 6 8 1,6,-29.577500
8871,6 2 5 8 1 1 2 5 3,8,-31.331000
8872,3 1 3 4 2 5 5 4 7,6,-41.283000
8873,8 6 8 8 8 4 7 5 5,6,-78.371000
8874,2 0 2 5 0 8 5 5 1,9,-21.379000
8875,4 1 0 4 3 0 5 3 0,7,-17.872000
8876,8 0 4 6 6 3 1 3 2,6,-31.331000
8877,6 0 0 6 3 6 5 6 5,5,-41.283000
8878,0 3 4 6 5 1 8 5 8,7,-65.774000
8879,7 1 4 6 1 3 2 2 5,6,-21.379000
8880,3 4 2 4 7 8 7 3 5,5,-41.283000
8881,2 4 3 8 5 0 1 7 0,7,-21.379000
8882,8 5 5 3 4 0 6 5 8,7,-65.774000
8883,1 6 3 8 6 2 0 7 3,6,-31.331000
8884,6 7 7 8 6 4 0 4 3,3,-41.283000
8885,3 5 6 8 6 8 7 1 2,6,-53.528500
8886,4 2 7 3 8 4 5 5 8,6,-65.774000
8887,2 4 4 2 0 1 8 4 6,5,-21.379000
8888,0 2 6 0 2 4 4 3 2,6,-21.379000
8889,5 5 5 6 2 3 8 5 8,8,-65.774000
8890,7 6 2 7 5 8 6 0 8,5,-65.774000
8891,6 8 5 3 3 2 1 2 7,7,-41.283000
8892,4 4 3 6 5 5 4 1 8,5,-65.774000
8893,0 3 3 8 8 5 3 5 8,9,-65.774000
8894,5 1 8 5 4 2 7 6 6,5,-65.774000
8895,0 2 7 3 3 4 4 2 0,6,-21.379000
8896,8 4 6 7 0 8 8 8 4,5,-78.371000
8897,4 3 8 7 3 3 4 4 8,5,-41.283000
8898,5 1 4 6 5 5 1 1 3,7,-41.283000
8899,6 3 8 4 6 2 4 6 4,3,-41.283000
8900,6 7 0 2 4 5 5 2 7,5,-21.379000
8901,4 8 2 4 1 6 3 8 3,6,-41.283000
8902,6 2 1 0 1 4 3 0 8,7,-17.872000
8903,0 5 4 1 2 8 1 4 8,7,-21.379000
8904,0 7 4 7 6 3 8 7 1,4,-29.577500
8905,6 1 6 7 7 3 5 2 0,5,-21.379000
8906,3 5 2 1 8 6 8 8 2,8,-53.528500
8907,1 5 4 7 1 0 3 3 2,7,-21.379000
8908,6 3 8 5 2 3 3 5 5,8,-53.528500
8909,6 3 2 1 3 8 2 1 2,8,-21.379000
8910,3 1 4 4 0 4 3 1 1,6,-11.743500
8911,7 0 0 7 4 8 4 1 4,4,-17.872000
8912,0 3 7 5 4 2 0 5 0,7,-21.379000
8913,1 1 7 4 0 3 6 0 1,6,-11.743500
8914,6 8 8 8 6 0 3 3 7,6,-59.827000
8915,4 7 1 3 2 2 4 2 6,5,-21.379000
8916,8 8 2 1 6 0 0 3 6,7,-21.379000
8917,8 7 8 1 8 1 0 6 4,6,-48.121500
8918,6 8 6 2 6 7 0 0 5,5,-21.379000
8919,2 4 7 7 4 5 4 4 3,3,-41.283000
8920,3 3 7 4 0 8 4 4 4,4,-41.283000
8921,6 3 6 4 0 2 6 4 5,4,-31.331000
8922,5 4 3 4 1 0 2 0 8,7,-21.379000
8923,7 8 7 3 3 2 7 4 5,5,-41.283000
8924,4 5 3 5 5 0 1 3 2,8,-41.283000
8925,5 0 5 5 4 1 2 6 0,7,-21.379000
8926,5 0 5 2 4 8 5 6 6,6,-65.774000
8927,4 0 5 7 6 0 0 3 5,6,-29.577500
8928,8 4 3 5 4 5 5 1 4,6,-65.774000
8929,1 7 1 2 5 4 2 3 5,7,-21.379000
8930,8 6 7 6 6 2 4 2 0,4,-21.379000
8931,3 5 4 3 8 7 1 1 7,6,-41.283000
8932,2 3 8 0 8 0 8 7 3,8,-41.283000
8933,2 5 6 7 0 5 6 0 0,6,-19.625500
8934,5 6 4 6 0 1 1 6 1,5,-5.615000
8935,1 8 3 0 7 0 6 7 3,6,-29.577500
8936,4 5 5 3 3 8 0 0 1,8,-41.283000
8937,0 8 7 2 8 8 6 1 7,6,-49.875000
8938,0 5 8 8 8 4 5 0 6,7,-65.774000
8939,8 0 0 8 6 2 6 2 3,7,-21.379000
8940,5 2 4 7 0 4 7 6 2,4,-21.379000
8941,8 4 2 5 1 0 8 0 2,8,-21.379000
8942,3 5 0 7 6 5 3 7 2,6,-41.283000
8943,0 5 6 2 3 1 8 6 4,6,-31.331000
8944,5 0 2 1 1 4 2 3 3,8,-21.379000
8945,1 2 6 5 3 8 8 3 6,7,-41.283000
8946,7 1 1 6 8 2 1 4 1,6,-5.615000
8947,2 0 5 6 3 7 3 6 3,6,-41.283000
8948,8 4 5 1 6 1 4 1 4,5,-5.615000
8949,8 8 8 2 7 8 2 1 6,7,-78.371000
8950,3 1 0 7 8 3 2 1 1,8,-19.625500
8951,5 3 0 2 0 8 1 4 0,8,-19.625500
8952,0 3 0 2 1 7 2 1 0,8,-17.872000
8953,2 8 1 8 8 1 4 0 5,8,-43.576500
8954,8 2 7 1 3 8 0 5 0,8,-31.331000
8955,8 1 1 4 6 6 7 1 5,5,-5.615000
8956,4 2 7 8 4 0 5 0 8,6,-43.576500
8957,4 5 3 4 1 7 4 4 1,4,-23.449000
8958,1 6 2 6 4 5 2 1 7,5,-21.379000
8959,3 3 8 1 1 4 6 3 0,7,-41.283000
8960,5 7 8 2 2 4 8 2 8,7,-65.774000
8961,0 7 6 2 8 1 6 8 4,5,-21.379000
8962,2 3 6 1 5 2 4 0 1,7,-21.379000
8963,3 0 5 7 7 1 5 4 6,5,-41.283000
8964,7 7 8 4 1 1 8 2 4,5,-21.379000
8965,2 7 0 6 5 2 2 4 5,6,-21.379000
8966,2 8 7 5 6 6 2 6 0,5,-21.379000
8967,6 5 3 7 3 5 6 3 1,6,-41.283000
8968,0 3 2 3 5 5 6 5 6,7,-41.283000
8969,8 6 1 3 8 8 1 4 3,7,-41.283000
8970,1 3 1 6 7 2 5 6 2,6,-21.379000
8971,8 4 1 6 4 8 5 5 3,6,-65.774000
8972,8 6 6 1 1 4 0 5 6,5,-17.872000
8973,8 1 4 0 6 8 8 6 6,5,-78.371000
8974,5 4 7 6 2 2 3 7 6,4,-31.331000
8975,7 3 0 7 7 1 0 2 3,6,-19.625500
8976,5 6 1 0 2 5 0 8 7,7,-21.379000
8977,5 0 8 7 4 0 7 4 6,4,-41.823000
8978,8 2 2 4 1 7 0 1 5,7,-21.379000
8979,7 2 1 5 3 5 2 8 6,7,-41.283000
8980,5 5 7 8 0 1 3 7 4,6,-53.528500
8981,2 1 0 2 0 6 8 4 3,7,-21.379000
8982,1 3 4 8 7 4 5 6 2,5,-41.283000
8983,2 5 3 8 1 0 6 4 5,7,-41.283000
8984,6 2 1 4 7 6 6 3 8,4,-31.331000
8985,4 3 6 8 4 0 4 2 1,5,-21.379000
8986,1 8 2 5 5 4 6 0 4,6,-43.576500
8987,8 0 4 6 1 3 7 5 2,6,-31.331000
8988,6 6 3 3 4 7 8 0 0,5,-41.283000
8989,8 5 3 0 7 1 6 7 2,6,-31.331000
8990,0 8 0 7 4 8 0 3 8,7,-41.283000
8991,8 6 8 7 1 6 4 5 6,4,-72.072500
8992,0 2 2 2 5 1 0 0 3,9,-21.379000
8993,6 6 7 0 4 3 3 6 7,3,-41.283000
8994,6 5 0 2 0 0 3 6 6,6,-19.625500
8995,2 7 5 8 3 7 3 4 4,5,-41.283000
8996,5 7 1 6 8 0 5 6 0,6,-41.823000
8997,4 7 0 3 1 6 7 2 8,5,-21.379000
8998,7 2 6 0 5 1 5 7 3,6,-31.331000
8999,3 4 7 8 3 5 6 5 8,6,-65.774000
9000,7 0 5 0 7 1 4 6 4,4,-17.872000
9001,7 1 1 6 4 6 7 8 7,3,-5.615000
9002,5 3 6 8 3 5 4 7 5,6,-65.774000
9003,6 5 8 2 1 7 3 8 4,6,-53.528500
9004,6 1 5 3 1 7 1 6 5,6,-23.449000
9005,7 7 2 8 0 0 0 4 4,5,-17.872000
9006,2 1 4 8 5 2 4 0 4,6,-21.379000
9007,5 8 8 7 6 6 7 1 0,5,-65.774000
9008,4 5 6 1 8 0 3 8 6,6,-53.528500
9009,0 7 4 8 4 0 3 5 4,5,-41.283000
9010,0 1 6 3 0 8 2 4 6,6,-19.625500
9011,0 2 1 0 4 2 3 7 3,7,-21.379000
9012,4 3 0 6 6 8 7 4 2,4,-31.331000
9013,2 4 1 2 4 7 1 1 3,6,-13.497000
9014,7 1 4 2 1 7 7 4 4,3,-5.615000
9015,3 1 4 1 8 8 6 6 3,6,-41.283000
9016,2 3 1 0 1 3 6 6 2,7,-21.379000
9017,5 8 7 2 6 7 4 6 6,3,-65.774000
9018,1 5 6 3 8 0 1 8 3,8,-41.283000
9019,0 0 7 0 1 0 1 7 7,6,-17.872000
9020,5 3 5 1 5 0 7 8 5,8,-65.774000
9021,4 3 4 2 4 4 8 3 3,5,-41.283000
9022,6 5 0 2 8 6 4 0 4,5,-21.379000
9023,8 0 1 3 5 0 7 4 4,6,-29.577500
9024,2 0 0 7 1 1 5 0 3,8,-17.872000
9025,0 5 7 7 5 8 8 7 4,5,-65.774000
9026,2 7 0 8 0 4 3 8 1,7,-21.379000
9027,0 8 6 7 5 6 3 8 0,6,-53.528500
9028,2 1 4 7 7 7 4 5 5,4,-43.576500
9029,0 6 8 2 6 4 8 7 7,4,-49.875000
9030,5 4 3 0 8 7 4 8 6,5,-65.774000
9031,1 7 1 3 7 1 1 6 3,6,-5.615000
9032,4 0 3 7 8 7 4 1 5,5,-41.283000
9033,8 8 1 0 7 8 7 3 2,7,-41.283000
9034,7 6 3 3 0 0 5 6 6,5,-41.283000
9035,4 6 2 2 7 8 0 4 3,5,-21.379000
9036,2 0 4 6 1 0 3 8 0,7,-17.872000
9037,7 8 3 1 8 0 5 3 1,8,-41.283000
9038,7 2 8 1 3 1 5 1 3,8,-31.331000
9039,5 0 3 1 3 8 6 7 7,6,-41.283000
9040,4 5 7 5 1 0 7 2 6,5,-21.379000
9041,8 5 1 8 1 1 7 4 0,7,-17.872000
9042,1 8 3 4 6 5 5 5 7,6,-65.774000
9043,5 1 2 5 4 7 3 5 8,7,-65.774000
9044,4 7 0 3 0 5 6 1 0,6,-17.872000
9045,3 4 8 2 5 2 7 6 0,6,-31.331000
9046,8 1 3 7 0 2 2 3 4,7,-21.379000
9047,8 4 5 7 0 8 8 1 0,7,-65.774000
9048,3 0 3 8 6 7 2 2 5,7,-41.283000
9049,4 2 6 4 8 3 7 1 1,5,-21.379000
9050,2 8 4 4 5 8 6 1 2,6,-43.576500
9051,0 2 1 3 0 4 8 0 7,7,-17.872000
9052,6 0 2 7 7 7 2 4 7,3,-21.379000
9053,3 4 3 3 3 7 1 2 2,7,-41.283000
9054,8 8 2 1 1 0 6 8 1,8,-19.625500
9055,4 2 3 8 2 2 3 3 7,7,-41.283000
9056,6 7 5 3 3 3 1 8 0,7,-41.283000
9057,0 5 2 2 4 8 0 3 4,7,-21.379000
9058,5 0 6 4 4 4 3 2 6,4,-31.331000
9059,1 5 2 3 6 3 8 5 2,8,-41.283000
9060,4 2 3 7 5 1 5 6 5,6,-53.528500
9061,8 6 6 6 7 2 6 2 4,3,-21.379000
9062,5 5 8 4 1 2 1 5 8,8,-65.774000
9063,5 0 2 4 0 7 5 3 3,7,-41.283000
9064,5 7 4 4 6 4 7 2 4,2,-43.576500
9065,4 2 1 4 0 3 4 0 4,5,-17.872000
9066,5 7 8 6 4 5 5 4 2,5,-65.774000
9067,2 5 4 1 4 7 1 4 0,5,-17.872000
9068,2 8 5 4 6 3 8 4 3,6,-53.528500
9069,3 4 8 3 1 3 4 6 0,6,-41.283000
9070,0 1 8 4 8 6 5 4 2,6,-43.576500
9071,4 3 1 5 8 7 3 3 4,6,-41.283000
9072,6 4 2 8 7 2 0 1 0,6,-19.625500
9073,8 7 6 8 5 1 4 0 3,6,-53.528500
9074,7 4 6 7 8 1 5 8 7,4,-72.072500
9075,0 4 6 4 0 5 2 8 5,6,-43.576500
9076,7 8 1 5 0 0 3 7 6,6,-29.577500
9077,5 2 3 2 6 0 8 3 4,7,-41.283000
9078,4 3 4 5 5 7 8 8 1,6,-65.774000
9079,7 0 3 6 3 3 0 7 1,6,-29.577500
9080,4 2 4 2 6 5 1 1 5,6,-21.379000
9081,2 6 8 8 0 5 8 7 6,6,-72.072500
9082,6 6 8 2 5 3 1 1 2,7,-21.379000
9083,7 0 1 3 5 7 3 2 4,6,-31.331000
9084,7 5 6 1 8 7 3 0 8,6,-53.528500
9085,6 0 1 7 8 5 2 1 7,6,-19.625500
9086,3 5 6 1 3 2 2 3 0,8,-31.331000
9087,1 2 1 6 3 8 8 0 6,7,-21.379000
9088,5 2 3 1 4 4 6 5 5,6,-53.528500
9089,3 5 8 0 3 0 7 1 0,8,-29.577500
9090,8 0 3 1 4 2 6 7 6,5,-21.379000
9091,4 7 5 1 8 4 1 7 6,4,-35.694500
9092,6 1 6 6 0 6 3 4 8,4,-29.577500
9093,0 3 4 2 2 6 3 6 3,6,-31.331000
9094,6 4 7 4 3 4 5 6 6,2,-53.528500
9095,1 2 0 3 2 4 7 0 4,6,-19.625500
9096,6 4 2 0 5 6 5 0 6,5,-21.379000
9097,7 7 2 5 6 5 1 7 4,4,-43.576500
9098,2 0 3 1 3 7 3 0 2,8,-21.379000
9099,3 6 5 8 0 1 1 8 6,7,-41.283000
9100,7 0 5 8 6 4 6 8 7,4,-72.072500
9101,5 4 1 0 1 2 8 6 7,6,-19.625500
9102,1 5 7 5 7 7 5 1 2,6,-43.576500
9103,3 0 0 2 3 6 6 4 4,5,-21.379000
9104,1 8 4 8 2 1 6 7 8,6,-49.875000
9105,3 4 5 6 1 5 6 3 8,6,-53.528500
9106,7 6 0 3 1 5 2 8 2,7,-21.379000
9107,4 3 1 7 5 4 5 2 6,5,-41.283000
9108,3 6 3 7 6 5 3 1 1,6,-41.283000
9109,8 8 1 1 0 1 5 3 6,8,-29.577500
9110,5 5 2 0 1 5 1 3 3,9,-41.283000
9111,3 8 7 2 5 1 2 1 2,8,-21.379000
9112,7 3 6 6 5 5 3 8 6,5,-65.774000
9113,2 7 5 5 1 7 7 5 2,6,-43.576500
9114,5 8 7 3 4 2 3 0 0,7,-41.283000
9115,3 5 8 0 6 3 1 3 1,8,-41.283000
9116,2 3 3 6 6 2 7 0 1,6,-21.379000
9117,8 8 7 1 7 1 5 2 7,6,-43.576500
9118,6 7 4 3 8 2 4 7 5,4,-53.528500
9119,6 8 3 4 2 7 3 3 5,6,-41.283000
9120,6 3 1 2 2 2 3 0 7,7,-21.379000
9121,5 3 6 2 0 7 7 0 0,6,-19.625500
9122,8 2 7 8 8 8 0 3 7,7,-78.371000
9123,2 2 0 8 4 6 1 1 1,7,-17.872000
9124,5 5 8 3 7 5 0 2 0,8,-53.528500
9125,0 7 1 1 0 3 4 0 7,6,-17.872000
9126,8 4 8 7 7 3 4 7 6,3,-78.371000
9127,0 3 2 6 2 6 0 3 3,7,-21.379000
9128,8 5 2 2 3 8 6 0 8,8,-53.528500
9129,8 6 1 8 0 3 2 5 0,8,-31.331000
9130,4 4 6 7 3 0 1 5 3,5,-41.283000
9131,3 3 4 4 0 5 6 0 5,6,-41.283000
9132,4 1 3 5 6 5 5 6 6,5,-65.774000
9133,7 2 4 4 7 5 5 6 8,4,-65.774000
9134,8 6 8 3 6 0 7 8 1,6,-59.827000
9135,4 5 4 4 3 0 6 1 5,5,-41.283000
9136,0 1 2 8 5 8 4 0 3,8,-31.331000
9137,6 7 3 8 2 3 8 0 7,6,-41.283000
9138,0 7 1 8 4 2 6 0 2,6,-19.625500
9139,6 2 7 3 5 6 2 2 4,5,-21.379000
9140,4 3 4 5 4 7 3 3 6,4,-41.283000
9141,6 5 6 4 2 8 7 1 3,5,-41.283000
9142,8 3 6 0 8 3 7 0 5,7,-41.283000
9143,8 7 1 6 8 5 5 0 5,7,-65.774000
9144,2 6 8 7 5 8 1 6 1,6,-43.576500
9145,1 4 6 2 2 0 8 4 8,6,-21.379000
9146,2 1 1 5 5 1 4 4 1,7,-5.615000
9147,1 0 1 4 8 2 6 6 5,6,-19.625500
9148,3 5 2 0 7 6 7 3 2,6,-31.331000
9149,6 7 6 6 6 2 6 6 4,1,-21.379000
9150,2 7 1 2 2 0 5 8 7,7,-21.379000
9151,1 8 3 3 8 7 2 3 4,7,-41.283000
9152,3 8 0 5 1 2 1 2 0,9,-21.379000
9153,8 5 7 8 8 6 3 6 1,6,-72.072500
9154,5 0 7 8 0 2 0 6 4,6,-19.625500
9155,0 5 7 3 1 5 3 4 5,7,-41.283000
9156,2 7 2 5 1 0 3 3 4,7,-21.379000
9157,1 2 3 8 8 5 4 1 0,8,-31.331000
9158,4 4 5 6 6 0 7 0 2,4,-19.625500
9159,8 7 0 3 0 4 1 4 1,6,-17.872000
9160,2 4 0 2 2 5 1 2 8,8,-21.379000
9161,1 1 8 6 7 8 0 6 8,6,-48.121500
9162,6 8 3 1 4 0 5 4 4,5,-41.283000
9163,7 8 2 6 6 8 6 1 4,4,-49.875000
9164,6 6 8 7 2 8 7 4 4,3,-78.371000
9165,5 0 0 3 7 4 4 3 3,6,-41.283000
9166,2 8 4 1 6 2 2 0 0,7,-21.379000
9167,6 0 3 0 8 5 8 5 6,7,-65.774000
9168,1 1 4 8 8 3 3 7 0,7,-41.283000
9169,6 4 2 4 1 2 3 1 2,6,-21.379000
9170,7 7 4 6 8 5 2 8 4,4,-72.072500
9171,5 0 6 1 0 5 3 6 4,6,-29.577500
9172,1 1 1 5 5 4 4 3 4,6,-23.449000
9173,0 1 0 5 6 6 2 4 3,6,-19.625500
9174,5 8 4 4 2 3 5 0 4,6,-53.528500
9175,1 2 0 0 1 2 0 0 7,8,-17.872000
9176,7 3 1 5 4 6 1 8 5,6,-53.528500
9177,1 8 8 8 5 2 1 7 7,7,-65.774000
9178,0 5 1 7 1 1 6 4 1,6,-5.615000
9179,8 0 1 2 6 1 5 3 1,8,-19.625500
9180,7 1 1 1 3 5 6 5 8,7,-41.283000
9181,0 0 8 4 6 6 4 2 6,4,-19.625500
9182,0 5 7 8 5 8 1 7 0,7,-65.774000
9183,8 7 5 4 8 6 1 2 1,6,-43.576500
9184,5 0 6 8 3 5 0 5 3,8,-53.528500
9185,4 1 5 7 1 2 1 5 4,6,-13.497000
9186,8 7 4 8 8 8 8 1 2,7,-78.371000
9187,5 5 8 0 7 4 8 4 3,6,-65.774000
9188,5 1 1 1 1 0 6 5 6,7,-5.615000
9189,7 8 4 4 0 8 6 5 6,4,-72.072500
9190,1 7 5 8 4 1 6 8 7,5,-65.774000
9191,8 4 4 4 6 2 3 7 8,4,-59.827000
9192,5 0 5 1 2 2 8 5 6,8,-43.576500
9193,0 8 0 1 1 6 0 1 6,7,-17.872000
9194,7 2 2 8 2 8 3 8 1,8,-31.331000
9195,8 5 5 5 3 4 2 3 0,8,-53.528500
9196,4 3 6 5 8 5 5 3 5,7,-65.774000
9197,6 5 0 3 1 8 6 1 4,6,-29.577500
9198,4 5 3 8 0 0 3 8 0,8,-41.283000
9199,3 1 6 3 0 8 4 0 5,7,-41.283000
9200,8 6 1 3 6 0 4 2 1,6,-19.625500
9201,8 8 8 5 1 7 0 1 1,8,-41.823000
9202,3 3 8 5 4 4 0 7 4,5,-41.283000
9203,1 4 0 0 1 0 1 3 6,7,-17.872000
9204,7 3 7 7 1 1 6 7 5,4,-23.449000
9205,4 8 8 1 4 5 1 0 1,7,-17.872000
9206,0 8 1 3 8 4 6 7 0,6,-29.577500
9207,3 2 1 3 1 1 3 7 0,8,-19.625500
9208,8 2 3 0 0 8 3 5 7,8,-41.283000
9209,0 7 0 6 5 8 5 4 0,6,-41.823000
9210,7 4 8 1 3 3 7 1 3,6,-41.283000
9211,4 4 4 3 3 2 6 7 2,4,-31.331000
9212,6 8 8 1 0 3 3 7 8,7,-41.283000
9213,4 8 0 8 0 1 8 7 5,7,-65.774000
9214,6 8 4 5 2 8 3 7 0,6,-53.528500
9215,0 5 0 6 4 7 2 5 8,6,-43.576500
9216,2 0 2 8 5 2 4 4 4,6,-21.379000
9217,6 3 5 6 2 5 0 3 5,7,-41.283000
9218,2 4 6 7 6 2 8 4 2,4,-21.379000
9219,0 1 2 1 1 5 4 6 4,6,-11.743500
9220,4 1 1 6 2 6 5 0 6,5,-17.872000
9221,1 8 7 7 0 2 0 2 7,6,-19.625500
9222,0 5 7 1 5 2 4 3 7,6,-31.331000
9223,7 3 4 2 2 7 7 2 5,5,-21.379000
9224,8 6 1 3 2 2 5 2 3,8,-31.331000
9225,7 5 6 0 6 3 2 8 7,5,-41.283000
9226,6 2 3 6 0 0 0 1 7,6,-17.872000
9227,7 7 3 5 4 0 0 3 1,6,-29.577500
9228,3 4 2 2 7 2 5 1 3,7,-21.379000
9229,2 2 6 4 3 5 0 7 7,5,-21.379000
9230,8 6 0 4 3 4 3 7 6,4,-41.283000
9231,3 0 6 5 2 8 2 4 7,6,-31.331000
9232,0 4 4 5 6 0 3 8 4,5,-41.283000
9233,4 2 0 3 0 7 3 1 2,7,-21.379000
9234,8 0 5 5 4 8 5 2 0,8,-65.774000
9235,3 4 7 5 8 5 5 5 4,6,-65.774000
9236,4 1 0 6 4 4 5 6 3,4,-29.577500
9237,7 7 7 8 1 2 3 6 1,5,-21.379000
9238,6 2 0 0 6 8 1 5 5,7,-21.379000
9239,7 6 3 4 2 3 5 8 8,6,-53.528500
9240,4 6 2 0 3 0 8 3 6,6,-31.331000
9241,2 5 7 1 3 0 6 3 5,7,-41.283000
9242,8 0 3 3 6 3 7 2 3,7,-41.283000
9243,0 1 3 0 3 4 5 3 6,7,-41.283000
9244,8 5 5 4 3 2 6 8 4,6,-65.774000
9245,6 1 5 0 6 2 2 3 3,7,-21.379000
9246,3 2 5 2 0 0 1 6 0,8,-19.625500
9247,7 6 0 2 4 0 3 8 4,5,-21.379000
9248,3 5 8 3 7 7 6 7 2,5,-41.283000
9249,0 6 0 4 8 2 0 5 8,7,-21.379000
9250,6 1 0 0 0 7 3 6 7,5,-17.872000
9251,3 8 5 0 6 2 6 4 7,5,-41.283000
9252,3 8 8 5 7 8 4 7 8,6,-78.371000
9253,6 8 4 3 0 5 3 2 7,6,-41.283000
9254,4 2 0 3 4 5 5 6 8,6,-53.528500
9255,7 3 3 3 4 0 1 1 6,6,-29.577500
9256,4 0 2 3 3 7 5 3 5,7,-41.283000
9257,7 0 1 2 0 7 8 2 0,7,-17.872000
9258,2 6 3 1 2 5 1 1 7,7,-21.379000
9259,2 4 5 5 3 1 7 4 8,6,-53.528500
9260,6 8 0 5 2 5 8 6 5,7,-65.774000
9261,5 3 2 4 7 2 2 6 7,5,-21.379000
9262,0 8 5 4 2 5 2 4 6,6,-43.576500
9263,7 4 8 8 6 8 6 1 3,5,-78.371000
9264,3 2 1 3 1 5 7 1 7,7,-21.379000
9265,0 5 7 2 5 5 0 4 6,6,-43.576500
9266,1 6 5 8 7 0 8 3 8,7,-65.774000
9267,7 5 8 7 5 1 8 7 5,6,-65.774000
9268,3 2 6 3 2 5 6 6 6,5,-41.283000
9269,3 0 4 1 5 7 1 8 2,7,-21.379000
9270,0 4 5 0 7 7 8 3 7,5,-41.283000
9271,1 4 8 6 7 5 6 0 1,5,-17.872000
9272,3 6 2 3 1 5 2 2 4,7,-21.379000
9273,7 1 1 7 3 4 0 0 6,5,-17.872000
9274,0 7 6 4 8 0 8 5 6,5,-65.774000
9275,0 0 2 0 8 0 6 1 0,8,-17.872000
9276,4 5 7 6 5 3 4 2 2,5,-41.283000
9277,6 1 8 2 5 6 2 1 5,7,-21.379000
9278,8 4 5 2 1 0 7 1 2,7,-21.379000
9279,0 6 4 3 4 5 6 8 5,5,-65.774000
9280,1 2 6 6 8 0 4 7 1,5,-17.872000
9281,4 3 0 6 8 1 8 3 0,7,-41.283000
9282,6 3 2 6 2 4 8 2 6,5,-21.379000
9283,5 3 2 5 4 6 1 1 5,7,-41.283000
9284,7 5 0 5 5 7 2 6 7,5,-65.774000
9285,0 4 0 2 5 3 3 5 2,8,-31.331000
9286,1 4 4 8 5 8 2 3 0,7,-41.283000
9287,6 1 2 5 0 5 5 8 4,7,-65.774000
9288,1 4 7 1 7 8 1 5 1,6,-5.615000
9289,0 5 8 7 7 1 1 0 5,7,-17.872000
9290,2 3 4 3 0 8 8 2 8,8,-41.283000
9291,3 3 7 1 3 4 2 4 0,6,-31.331000
9292,7 0 8 6 2 0 2 1 5,7,-21.379000
9293,2 8 4 3 1 5 7 6 6,5,-41.283000
9294,0 3 2 3 0 2 3 3 0,9,-21.379000
9295,4 6 4 6 5 1 5 1 2,5,-21.379000
9296,8 3 0 3 3 8 6 0 7,7,-41.283000
9297,6 0 7 6 7 4 4 6 8,2,-48.121500
9298,5 2 4 5 5 7 4 2 2,6,-43.576500
9299,3 6 2 5 6 6 5 7 4,4,-53.528500
9300,7 2 7 1 1 4 0 5 3,6,-19.625500
9301,1 0 7 6 5 8 8 7 5,6,-65.774000
9302,4 0 1 0 8 0 3 5 8,8,-29.577500
9303,3 3 1 0 8 4 3 6 5,7,-41.283000
9304,5 2 3 5 7 0 8 7 5,7,-65.774000
9305,4 0 2 6 2 4 2 8 0,6,-21.379000
9306,4 7 8 3 5 2 5 3 8,7,-65.774000
9307,1 4 4 1 7 5 2 8 5,6,-43.576500
9308,8 7 1 3 6 2 1 2 5,7,-21.379000
9309,4 3 3 6 8 7 0 1 7,5,-41.283000
9310,7 7 6 7 4 2 7 3 7,2,-31.331000
9311,6 1 8 1 6 4 3 7 2,5,-21.379000
9312,1 5 3 1 0 5 4 1 3,8,-29.577500
9313,0 8 5 7 6 1 2 6 8,6,-43.576500
9314,8 5 3 1 3 2 8 6 7,7,-41.283000
9315,7 0 6 6 8 0 2 6 0,5,-17.872000
9316,0 0 3 0 8 7 2 7 0,7,-17.872000
9317,4 1 2 4 2 0 7 3 2,6,-21.379000
9318,5 0 3 1 1 3 1 2 1,9,-17.872000
9319,3 0 8 7 4 1 4 4 4,4,-29.577500
9320,0 6 0 4 3 0 7 7 2,5,-17.872000
9321,0 6 7 5 3 2 7 3 1,6,-31.331000
9322,2 7 4 7 8 3 8 8 3,6,-59.827000
9323,2 3 4 2 8 8 8 7 4,6,-59.827000
9324,8 2 0 3 5 6 0 7 2,7,-21.379000
9325,6 4 0 0 4 6 2 2 0,5,-17.872000
9326,5 5 6 0 2 2 7 8 8,7,-65.774000
9327,7 0 2 2 2 8 3 6 6,6,-21.379000
9328,1 1 3 5 6 7 0 0 3,7,-17.872000
9329,5 2 3 3 1 8 0 7 6,7,-41.283000
9330,4 3 7 7 8 5 1 5 0,6,-53.528500
9331,2 4 3 0 1 1 8 8 8,8,-31.331000
9332,2 1 1 6 5 3 3 7 3,7,-41.283000
9333,5 4 1 1 8 3 0 4 1,7,-17.872000
9334,3 8 3 3 5 7 1 6 0,7,-41.283000
9335,8 1 4 5 0 6 4 4 2,5,-21.379000
9336,7 3 8 6 0 0 7 2 7,5,-21.379000
9337,8 2 0 5 7 1 6 0 6,6,-19.625500
9338,3 1 0 0 3 3 3 3 4,8,-41.283000
9339,0 8 5 7 0 8 1 6 4,6,-41.823000
9340,5 8 7 4 5 8 3 4 3,6,-65.774000
9341,6 1 4 0 7 6 4 3 5,4,-29.577500
9342,6 5 5 6 4 4 1 6 2,4,-43.576500
9343,5 0 7 7 0 8 8 1 8,7,-65.774000
9344,1 7 1 8 6 8 3 3 7,6,-41.283000
9345,6 0 6 6 6 0 6 2 8,4,-19.625500
9346,6 6 0 3 1 8 0 8 8,7,-41.283000
9347,5 3 3 3 8 4 0 5 5,8,-53.528500
9348,2 2 6 5 4 7 7 3 6,4,-31.331000
9349,7 6 7 1 6 7 4 3 1,3,-5.615000
9350,3 1 7 4 6 1 2 2 8,6,-21.379000
9351,1 3 8 1 7 2 4 3 7,6,-31.331000
9352,5 2 1 1 5 5 0 7 5,8,-43.576500
9353,3 8 2 4 1 5 5 6 1,7,-41.283000
9354,6 2 4 8 2 7 1 2 6,5,-21.379000
9355,3 4 7 7 8 6 2 5 1,5,-41.283000
9356,5 1 0 0 2 1 0 2 8,9,-17.872000
9357,2 7 6 2 8 3 4 5 5,6,-53.528500
9358,1 8 2 8 3 1 2 2 8,9,-21.379000
9359,2 2 6 0 1 0 5 1 4,7,-17.872000
9360,1 6 7 0 3 1 8 3 8,7,-41.283000
9361,4 5 1 4 6 3 4 8 3,5,-41.283000
9362,3 8 3 8 3 3 8 2 1,9,-41.283000
9363,4 0 8 5 8 4 6 7 0,5,-65.774000
9364,4 0 0 6 4 3 2 4 5,5,-21.379000
9365,5 4 6 5 2 7 7 4 3,4,-53.528500
9366,7 3 5 2 4 6 6 7 7,3,-41.283000
9367,8 5 8 0 4 8 4 2 2,7,-65.774000
9368,2 1 0 7 2 8 0 3 2,8,-21.379000
9369,5 3 7 4 8 8 1 3 5,7,-65.774000
9370,3 6 8 0 7 7 3 7 8,5,-41.283000
9371,6 5 4 3 6 4 7 2 7,3,-41.283000
9372,0 8 8 4 4 1 6 3 1,6,-29.577500
9373,3 1 4 5 8 4 4 4 4,4,-53.528500
9374,0 5 3 5 1 4 7 2 7,6,-31.331000
9375,0 4 3 5 6 7 6 8 8,5,-65.774000
9376,2 3 5 6 3 1 7 3 0,7,-41.283000
9377,2 6 7 8 0 2 4 1 0,6,-19.625500
9378,0 3 1 5 3 1 5 6 3,8,-41.283000
9379,0 3 0 7 0 1 5 3 3,8,-29.577500
9380,8 2 4 6 8 2 3 7 1,6,-31.331000
9381,1 7 0 2 7 8 6 1 2,6,-19.625500
9382,5 2 5 0 5 5 3 7 8,8,-65.774000
9383,2 7 5 3 4 5 6 0 2,6,-31.331000
9384,4 7 4 8 5 2 0 3 4,5,-41.283000
9385,7 1 1 3 8 2 0 2 8,8,-21.379000
9386,2 5 4 0 1 0 8 1 7,7,-17.872000
9387,0 0 8 4 0 1 2 7 8,7,-17.872000
9388,4 5 6 2 4 2 7 3 2,5,-21.379000
9389,0 5 6 1 8 0 5 0 1,8,-17.872000
9390,0 7 7 2 6 4 2 3 6,4,-21.379000
9391,2 5 4 0 5 5 6 4 7,5,-65.774000
9392,8 0 3 5 8 8 2 0 6,8,-53.528500
9393,6 4 4 1 5 0 5 3 2,6,-31.331000
9394,1 7 4 3 7 8 5 4 6,4,-53.528500
9395,5 6 7 1 3 0 0 5 3,7,-41.283000
9396,4 8 6 1 3 3 6 4 5,5,-41.283000
9397,7 8 6 5 5 0 2 6 8,6,-65.774000
9398,3 1 1 3 5 6 1 0 2,8,-19.625500
9399,2 8 3 8 5 8 4 4 8,7,-78.371000
9400,2 0 4 8 8 1 1 4 5,7,-21.379000
9401,7 2 7 5 3 5 8 8 8,7,-65.774000
9402,0 7 4 8 7 2 6 8 4,4,-49.875000
9403,1 6 4 1 1 4 3 8 8,6,-23.449000
9404,1 6 2 7 3 8 7 6 2,5,-21.379000
9405,3 3 6 3 0 8 2 0 5,8,-41.283000
9406,6 3 0 6 1 4 3 2 4,5,-21.379000
9407,5 1 8 5 6 8 1 1 0,8,-41.823000
9408,0 6 6 8 3 1 6 4 6,4,-29.577500
9409,0 5 4 7 7 0 8 4 4,4,-41.823000
9410,3 1 2 8 1 4 3 4 7,6,-31.331000
9411,3 5 5 6 0 8 7 1 8,7,-65.774000
9412,3 6 3 4 3 6 2 0 1,6,-31.331000
9413,8 0 4 6 3 0 0 8 5,7,-41.283000
9414,6 4 4 1 6 6 7 4 2,2,-13.497000
9415,5 7 2 1 6 8 1 0 1,7,-17.872000
9416,6 7 7 8 8 2 0 8 7,5,-78.371000
9417,5 5 6 7 3 6 7 3 0,5,-41.283000
9418,4 8 0 0 6 3 5 7 4,5,-41.283000
9419,3 2 6 4 5 0 7 3 6,5,-41.283000
9420,6 0 8 2 4 5 7 3 8,6,-53.528500
9421,0 6 4 0 2 0 8 2 4,6,-19.625500
9422,5 3 0 0 7 1 7 3 8,7,-41.283000
9423,5 6 8 8 6 8 0 6 7,5,-78.371000
9424,1 0 0 3 0 7 4 2 5,7,-17.872000
9425,5 0 4 5 5 6 1 3 8,7,-65.774000
9426,7 4 8 1 2 3 8 7 3,6,-41.283000
9427,1 8 6 6 6 1 4 2 3,5,-21.379000
9428,0 0 5 4 7 7 1 3 0,6,-17.872000
9429,0 7 6 6 5 7 4 8 5,4,-65.774000
9430,4 7 7 0 6 1 1 7 1,4,-5.615000
9431,2 0 2 4 7 0 7 7 8,5,-21.379000
9432,1 1 4 4 0 1 4 3 6,5,-5.615000
9433,8 7 3 2 5 1 1 4 2,7,-21.379000
9434,4 8 7 2 7 8 5 5 2,6,-65.774000
9435,3 4 2 6 8 8 2 6 5,6,-53.528500
9436,8 6 8 8 2 8 6 0 6,6,-78.371000
9437,2 7 6 8 6 3 5 1 7,5,-41.283000
9438,5 8 3 1 1 2 2 5 0,9,-21.379000
9439,4 6 0 3 0 2 4 4 4,4,-19.625500
9440,6 2 5 8 5 7 3 0 4,6,-53.528500
9441,7 7 8 4 4 5 8 4 8,4,-78.371000
9442,3 0 2 0 1 6 5 0 1,8,-17.872000
9443,1 8 8 1 1 4 0 6 7,6,-11.743500
9444,7 2 7 3 8 2 6 8 1,6,-31.331000
9445,3 3 5 6 2 3 4 1 6,6,-41.283000
9446,3 8 8 2 0 2 4 8 2,8,-31.331000
9447,8 5 5 0 8 4 2 3 5,8,-65.774000
9448,6 0 8 6 7 1 3 3 4,5,-41.283000
9449,0 8 8 1 7 6 4 1 3,6,-29.577500
9450,0 5 0 2 6 1 3 8 5,8,-31.331000
9451,8 5 2 2 7 4 6 1 7,5,-21.379000
9452,2 2 4 3 3 6 4 6 2,5,-21.379000
9453,8 3 8 4 8 3 7 3 7,6,-59.827000
9454,5 1 0 4 8 4 5 4 5,6,-65.774000
9455,0 7 2 5 3 1 2 2 4,7,-21.379000
9456,2 8 4 4 1 1 6 3 1,6,-13.497000
9457,3 7 5 5 2 0 8 4 6,6,-53.528500
9458,5 0 7 1 1 5 6 3 0,7,-17.872000
9459,8 7 0 6 3 3 7 8 5,6,-53.528500
9460,2 1 4 8 8 8 4 3 3,7,-41.283000
9461,0 7 1 0 3 3 4 7 4,5,-17.872000
9462,6 2 2 7 4 8 8 0 0,6,-21.379000
9463,5 6 0 5 0 8 3 1 4,7,-41.283000
9464,2 7 3 4 1 1 3 0 5,7,-21.379000
9465,2 6 5 6 4 6 7 6 3,3,-41.283000
9466,2 4 6 4 4 2 1 8 7,4,-21.379000
9467,5 5 2 7 2 1 1 1 8,8,-21.379000
9468,1 7 7 7 0 2 8 8 5,6,-43.576500
9469,4 7 0 1 6 3 3 1 7,5,-17.872000
9470,8 7 8 0 4 2 8 8 4,6,-78.371000
9471,5 2 3 2 6 6 0 0 0,7,-21.379000
9472,5 2 7 1 5 8 6 1 8,7,-65.774000
9473,1 5 4 2 2 8 0 8 1,8,-21.379000
9474,5 6 0 0 5 6 3 4 7,5,-41.283000
9475,5 7 5 7 1 2 4 6 0,5,-21.379000
9476,4 8 4 3 4 7 4 0 8,4,-59.827000
9477,4 4 6 7 1 8 8 4 7,3,-78.371000
9478,5 6 6 1 5 1 4 2 6,5,-21.379000
9479,6 8 8 4 7 5 7 2 6,4,-72.072500
9480,2 4 0 2 5 7 2 1 4,6,-21.379000
9481,1 8 2 6 8 5 0 8 2,8,-43.576500
9482,3 4 0 2 6 7 4 5 6,4,-31.331000
9483,2 1 6 8 1 1 1 5 7,7,-5.615000
9484,7 7 5 1 3 2 8 7 0,6,-31.331000
9485,5 4 6 2 4 4 2 1 6,4,-21.379000
9486,3 1 4 6 0 6 8 2 6,5,-21.379000
9487,4 1 6 7 6 1 5 0 1,5,-5.615000
9488,5 7 2 5 2 5 1 4 1,7,-21.379000
9489,7 5 2 0 4 1 1 4 2,6,-19.625500
9490,7 7 8 6 1 5 0 8 3,6,-53.528500
9491,7 7 2 8 6 8 6 8 6,4,-78.371000
9492,2 5 2 5 8 1 2 5 4,8,-43.576500
9493,8 0 3 6 3 8 0 4 4,6,-41.283000
9494,3 4 3 2 1 7 3 1 1,7,-21.379000
9495,5 7 7 2 2 0 0 6 6,5,-21.379000
9496,2 0 1 4 7 3 0 8 0,7,-17.872000
9497,4 3 0 3 1 5 1 7 6,6,-29.577500
9498,8 3 2 4 5 6 8 3 3,7,-41.283000
9499,5 1 5 8 8 5 5 7 7,7,-65.774000
9500,8 1 3 4 1 6 7 5 1,6,-23.449000
9501,4 2 2 1 2 5 8 2 2,8,-21.379000
9502,8 3 7 6 4 8 8 7 5,5,-78.371000
9503,6 7 8 5 8 8 5 2 0,7,-65.774000
9504,4 8 6 1 4 7 4 7 1,3,-5.615000
9505,5 8 5 7 6 0 1 4 7,5,-65.774000
9506,2 3 4 6 2 3 4 3 7,5,-41.283000
9507,4 2 8 5 0 7 7 8 2,6,-43.576500
9508,1 2 6 3 5 4 5 8 5,7,-65.774000
9509,5 6 6 1 6 3 7 2 6,4,-31.331000
9510,4 1 0 0 4 5 4 7 8,5,-17.872000
9511,6 8 6 6 2 2 5 7 7,4,-43.576500
9512,2 0 1 3 2 8 1 1 2,9,-21.379000
9513,4 2 7 5 8 5 8 0 5,7,-65.774000
9514,2 2 0 1 7 8 0 0 4,7,-17.872000
9515,2 1 4 1 0 6 5 4 1,6,-11.743500
9516,0 3 2 8 0 6 8 5 7,7,-41.283000
9517,6 6 0 3 5 2 2 1 6,6,-21.379000
9518,1 2 5 1 5 7 6 8 6,6,-43.576500
9519,4 2 2 3 3 6 2 1 3,7,-21.379000
9520,6 0 2 6 8 6 4 3 1,5,-21.379000
9521,2 3 8 2 2 0 0 7 5,8,-21.379000
9522,4 8 4 3 1 2 6 4 6,4,-31.331000
9523,6 7 0 8 6 5 0 2 4,5,-21.379000
9524,1 2 6 2 8 2 7 3 7,6,-21.379000
9525,5 1 6 4 6 7 5 7 6,3,-65.774000
9526,6 7 3 1 6 3 1 8 0,6,-29.577500
9527,7 6 5 2 7 5 4 3 7,4,-53.528500
9528,7 1 7 3 3 8 1 3 3,7,-41.283000
9529,4 5 6 1 6 2 6 7 0,4,-19.625500
9530,0 1 4 7 7 7 7 6 3,3,-17.872000
9531,5 0 3 4 4 1 3 4 2,6,-31.331000
9532,1 3 3 6 5 2 8 7 7,6,-41.283000
9533,0 3 6 4 5 7 7 6 5,4,-53.528500
9534,6 7 8 0 7 8 6 0 8,5,-78.371000
9535,8 5 8 2 7 7 0 1 3,7,-41.283000
9536,2 4 6 1 1 7 3 4 6,4,-13.497000
9537,4 2 3 2 3 6 1 1 6,6,-21.379000
9538,7 4 3 0 5 1 0 4 3,6,-29.577500
9539,0 4 7 3 7 3 6 6 0,4,-29.577500
9540,1 8 0 7 2 1 5 1 2,8,-19.625500
9541,2 8 1 2 1 6 7 0 0,7,-17.872000
9542,2 3 1 5 6 8 1 5 8,8,-53.528500
9543,1 7 7 3 7 6 8 3 5,5,-41.283000
9544,6 0 1 4 5 0 1 8 0,7,-17.872000
9545,6 1 8 3 8 6 1 1 1,7,-5.615000
9546,7 0 0 1 8 5 6 8 6,6,-41.823000
9547,2 0 2 6 7 5 0 4 1,6,-19.625500
9548,6 0 4 0 1 6 0 5 3,6,-17.872000
9549,3 5 5 1 6 8 7 7 4,5,-65.774000
9550,2 4 7 8 5 6 0 1 6,5,-21.379000
9551,0 2 3 0 7 2 6 3 1,7,-21.379000
9552,8 0 4 3 3 5 5 7 0,7,-41.283000
9553,6 4 7 0 1 3 8 7 1,5,-17.872000
9554,0 8 5 2 6 2 5 7 4,6,-43.576500
9555,0 1 2 6 4 3 8 2 2,7,-21.379000
9556,2 2 4 5 0 2 6 0 7,6,-21.379000
9557,1 3 2 3 5 1 0 0 1,9,-17.872000
9558,3 7 5 5 8 4 7 1 0,6,-53.528500
9559,1 2 6 8 7 2 2 4 5,6,-21.379000
9560,4 4 4 0 2 8 6 2 4,4,-21.379000
9561,4 4 8 6 2 7 7 8 3,4,-59.827000
9562,4 8 2 4 7 1 5 0 5,6,-43.576500
9563,8 2 2 7 6 1 6 7 8,5,-21.379000
9564,5 1 6 5 2 5 6 2 4,6,-43.576500
9565,8 7 7 4 1 5 2 3 6,5,-41.283000
9566,8 8 3 1 3 4 1 1 5,8,-41.283000
9567,5 1 3 5 0 7 2 2 6,7,-21.379000
9568,7 3 3 1 7 2 5 4 0,6,-31.331000
9569,6 5 2 4 1 0 4 6 2,5,-21.379000
9570,2 5 1 8 7 5 3 8 7,7,-65.774000
9571,8 0 1 4 1 8 4 0 0,7,-17.872000
9572,7 8 2 3 7 4 0 2 7,5,-21.379000
9573,8 1 6 8 6 2 0 2 5,7,-21.379000
9574,0 1 2 5 4 8 6 5 8,7,-65.774000
9575,8 1 6 2 4 4 5 6 4,4,-43.576500
9576,1 1 5 2 8 6 1 5 7,7,-21.379000
9577,4 4 4 0 2 0 4 3 3,5,-21.379000
9578,7 5 3 2 0 6 7 2 7,5,-21.379000
9579,1 5 5 5 6 4 2 4 0,6,-43.576500
9580,4 0 3 4 1 2 0 7 0,6,-17.872000
9581,8 1 4 0 3 4 1 7 8,6,-29.577500
9582,0 4 0 0 2 2 0 5 4,7,-17.872000
9583,2 0 1 3 3 1 5 2 2,9,-21.379000
9584,7 3 8 2 7 4 5 0 3,6,-41.283000
9585,7 7 3 6 2 4 1 4 2,4,-21.379000
9586,5 4 3 6 0 6 8 1 0,6,-29.577500
9587,5 1 5 2 7 0 1 6 3,7,-21.379000
9588,1 7 6 5 2 7 3 2 4,5,-21.379000
9589,1 2 1 7 3 8 5 0 1,8,-19.625500
9590,0 3 7 4 5 0 4 2 2,6,-21.379000
9591,7 3 5 6 1 4 2 0 3,6,-31.331000
9592,7 1 4 1 7 1 5 2 8,6,-13.497000
9593,0 6 6 3 3 8 7 2 5,6,-41.283000
9594,5 6 1 8 0 5 3 1 2,8,-31.331000
9595,2 7 8 1 1 6 4 0 0,6,-17.872000
9596,5 1 8 2 6 5 4 1 6,6,-43.576500
9597,2 0 6 6 0 4 3 4 0,5,-17.872000
9598,0 2 2 6 4 7 0 2 5,6,-21.379000
9599,4 1 4 5 5 5 2 2 0,7,-21.379000
9600,4 1 3 2 0 0 0 6 8,7,-17.872000
9601,0 0 6 0 0 5 3 3 5,8,-29.577500
9602,1 7 5 2 2 3 2 1 1,8,-21.379000
9603,7 1 5 1 3 2 4 0 1,7,-17.872000
9604,7 7 2 7 1 7 8 2 4,4,-21.379000
9605,1 8 6 1 2 0 7 2 7,6,-19.625500
9606,0 0 3 6 0 5 8 6 3,7,-41.283000
9607,6 0 8 7 7 0 4 8 3,5,-41.283000
9608,6 5 0 6 5 0 6 8 8,6,-65.774000
9609,7 0 4 5 3 7 6 4 8,4,-53.528500
9610,2 4 7 3 3 7 3 2 8,6,-41.283000
9611,1 7 4 2 7 3 6 3 6,4,-31.331000
9612,2 8 3 4 5 6 7 1 6,5,-41.283000
9613,7 7 0 1 7 5 3 5 3,6,-41.283000
9614,6 8 8 2 5 2 8 5 5,8,-65.774000
9615,8 1 6 6 7 7 7 0 2,4,-19.625500
9616,7 0 8 6 2 3 0 7 2,6,-21.379000
9617,0 8 8 1 5 6 8 8 1,8,-72.072500
9618,6 4 7 1 4 0 3 2 6,4,-19.625500
9619,1 5 1 7 2 8 8 7 8,7,-65.774000
9620,6 5 5 7 8 6 3 7 6,4,-65.774000
9621,4 2 4 6 3 4 7 5 4,3,-41.283000
9622,0 1 1 1 0 6 3 0 3,8,-17.872000
9623,3 4 3 7 3 4 3 4 6,4,-41.283000
9624,2 6 3 1 5 3 2 3 2,8,-31.331000
9625,3 4 2 4 1 2 7 6 7,4,-21.379000
9626,4 6 4 3 6 0 7 7 3,3,-41.283000
9627,0 4 1 0 4 0 2 6 8,6,-17.872000
9628,4 2 5 0 2 3 8 4 6,6,-31.331000
9629,5 7 4 3 6 6 5 1 1,5,-41.283000
9630,1 0 6 7 4 2 6 8 0,5,-17.872000
9631,5 0 2 7 5 7 0 1 4,6,-19.625500
9632,2 4 5 3 8 2 1 7 2,7,-21.379000
9633,6 8 2 4 4 1 4 2 1,5,-21.379000
9634,1 7 7 1 4 6 1 6 8,4,-5.615000
9635,6 6 6 2 3 1 2 5 7,5,-21.379000
9636,8 4 6 0 8 4 8 4 5,5,-78.371000
9637,4 1 7 6 3 4 5 4 5,4,-53.528500
9638,8 2 3 5 6 7 7 0 4,5,-41.283000
9639,6 4 7 1 8 5 4 3 3,5,-41.283000
9640,5 3 7 3 1 3 4 8 1,7,-41.283000
9641,6 0 1 8 2 0 0 0 0,8,-17.872000
9642,8 6 4 0 4 7 5 0 8,5,-65.774000
9643,8 7 5 3 4 4 3 4 0,5,-41.283000
9644,3 8 0 1 6 6 7 4 4,4,-29.577500
9645,2 3 0 4 7 1 4 3 5,6,-31.331000
9646,3 7 3 5 3 3 1 4 4,6,-41.283000
9647,5 2 6 8 3 1 8 5 8,8,-65.774000
9648,5 5 1 0 6 7 7 1 1,6,-11.743500
9649,3 4 4 6 4 7 0 6 3,3,-41.283000
9650,5 0 8 8 8 4 2 7 7,6,-72.072500
9651,6 3 3 2 6 7 3 2 2,6,-31.331000
9652,6 8 3 1 7 5 6 8 1,6,-53.528500
9653,2 4 8 7 4 8 3 8 0,6,-59.827000
9654,7 8 2 2 5 7 1 3 3,7,-41.283000
9655,0 6 0 7 8 6 3 1 2,6,-19.625500
9656,6 1 1 8 5 2 5 2 6,7,-21.379000
9657,3 3 8 6 8 6 4 4 7,4,-59.827000
9658,2 8 4 8 4 7 3 1 8,6,-59.827000
9659,0 3 2 0 8 5 4 3 5,8,-41.283000
9660,3 6 6 7 7 2 8 3 8,5,-41.283000
9661,5 4 2 4 4 0 5 6 7,4,-43.576500
9662,2 8 1 5 0 8 6 8 5,8,-65.774000
9663,6 3 7 7 1 7 7 0 6,3,-17.872000
9664,6 8 6 8 2 7 1 1 6,5,-21.379000
9665,5 4 2 4 3 8 1 3 3,7,-41.283000
9666,0 8 8 4 1 6 5 5 7,6,-65.774000
9667,1 1 3 0 5 2 5 8 7,8,-31.331000
9668,4 2 3 6 5 3 7 4 4,4,-41.283000
9669,3 1 4 2 2 2 0 0 5,8,-21.379000
9670,6 2 5 4 3 6 5 4 7,4,-53.528500
9671,6 3 4 4 1 8 5 0 2,6,-31.331000
9672,5 3 2 3 4 3 7 4 4,5,-41.283000
9673,1 7 5 4 5 0 4 4 5,5,-65.774000
9674,1 3 8 2 4 5 3 1 7,7,-41.283000
9675,2 3 7 3 2 8 4 8 7,6,-41.283000
9676,5 6 2 0 6 0 5 5 4,6,-43.576500
9677,7 3 8 7 1 7 7 5 0,5,-41.283000
9678,4 5 2 6 6 0 3 5 4,5,-41.283000
9679,7 7 7 3 1 5 5 1 4,5,-41.283000
9680,5 7 1 4 1 6 8 3 7,5,-41.283000
9681,0 8 2 2 3 3 2 4 1,8,-21.379000
9682,5 8 2 2 1 4 4 7 6,5,-21.379000
9683,2 7 3 6 4 3 5 5 1,6,-41.283000
9684,8 3 4 2 5 5 2 4 0,7,-41.283000
9685,2 2 1 1 7 7 6 3 4,5,-21.379000
9686,4 1 5 8 5 2 2 0 7,7,-21.379000
9687,0 0 7 7 2 0 5 7 0,6,-17.872000
9688,8 8 8 6 8 5 1 0 7,7,-78.371000
9689,8 2 2 2 3 1 3 2 1,9,-21.379000
9690,0 8 6 6 5 8 0 6 1,6,-41.823000
9691,5 5 4 5 2 2 5 4 3,7,-65.774000
9692,0 0 6 7 0 8 4 5 0,6,-17.872000
9693,2 7 7 1 3 5 8 2 6,6,-31.331000
9694,8 5 6 1 3 5 4 3 4,6,-53.528500
9695,6 7 5 2 5 8 6 7 0,5,-65.774000
9696,0 5 1 4 4 5 7 1 0,6,-17.872000
9697,1 6 8 8 7 6 5 2 0,6,-43.576500
9698,4 5 2 5 7 8 7 1 6,5,-65.774000
9699,0 2 7 1 7 8 7 3 0,6,-19.625500
9700,5 2 5 8 3 5 7 0 4,7,-65.774000
9701,0 4 2 6 0 0 1 8 5,7,-17.872000
9702,8 4 0 2 4 7 6 2 6,4,-21.379000
9703,1 1 4 1 5 6 7 3 7,5,-5.615000
9704,7 4 3 7 3 8 6 8 8,5,-78.371000
9705,8 5 1 7 3 3 5 5 5,8,-65.774000
9706,3 2 2 2 8 1 0 2 5,9,-21.379000
9707,7 7 0 6 7 3 1 6 0,4,-17.872000
9708,0 0 5 0 2 7 8 2 1,8,-19.625500
9709,1 7 0 5 6 8 0 1 0,7,-17.872000
9710,2 1 4 6 6 6 1 8 1,5,-5.615000
9711,1 6 2 3 2 8 4 3 4,6,-31.331000
9712,0 0 2 7 1 6 0 2 0,7,-17.872000
9713,1 0 1 6 5 2 2 5 0,8,-19.625500
9714,0 6 4 8 3 8 4 5 4,5,-65.774000
9715,8 4 6 3 5 0 7 6 4,4,-53.528500
9716,8 2 7 2 4 4 0 4 3,5,-21.379000
9717,5 3 6 0 3 1 6 3 5,7,-41.283000
9718,0 1 6 8 2 6 7 0 1,6,-17.872000
9719,7 6 7 1 1 3 7 5 5,5,-41.283000
9720,3 0 3 8 4 3 2 1 8,8,-41.283000
9721,7 1 7 6 1 2 8 6 0,5,-17.872000
9722,7 0 6 0 3 7 3 5 1,6,-29.577500
9723,3 7 5 3 7 1 7 6 0,5,-41.283000
9724,8 7 0 5 0 3 5 5 7,7,-65.774000
9725,4 5 0 8 8 3 3 7 7,6,-53.528500
9726,8 1 4 5 2 4 3 3 5,7,-41.283000
9727,2 7 7 0 5 7 3 5 6,5,-41.283000
9728,8 0 3 4 3 3 2 7 2,7,-41.283000
9729,6 7 1 2 7 6 4 2 4,3,-21.379000
9730,4 5 4 6 0 0 1 7 5,5,-17.872000
9731,1 4 1 1 1 7 2 7 2,6,-5.615000
9732,0 2 0 4 7 3 6 7 2,5,-21.379000
9733,0 1 4 4 6 8 2 5 8,6,-43.576500
9734,2 2 1 2 3 8 1 6 8,8,-21.379000
9735,0 7 1 1 8 4 7 3 2,6,-19.625500
9736,5 3 2 1 8 7 0 6 4,6,-31.331000
9737,3 4 2 5 8 2 6 5 1,7,-41.283000
9738,5 0 5 4 2 2 0 6 8,7,-21.379000
9739,8 7 3 6 7 5 1 8 2,6,-53.528500
9740,3 7 7 4 3 4 5 4 2,4,-41.283000
9741,7 8 7 2 2 3 1 3 4,6,-31.331000
9742,0 8 0 5 4 6 8 3 5,7,-65.774000
9743,4 0 2 4 3 6 3 3 4,5,-41.283000
9744,1 6 0 0 5 4 3 3 7,6,-29.577500
9745,4 6 7 2 2 0 4 3 1,5,-21.379000
9746,5 5 7 0 6 2 7 2 3,6,-31.331000
9747,4 2 7 8 3 3 4 5 3,6,-41.283000
9748,7 7 1 8 2 2 3 1 5,7,-21.379000
9749,1 7 3 2 3 8 5 0 5,8,-41.283000
9750,4 4 1 3 4 3 6 6 4,3,-41.283000
9751,6 1 6 1 8 4 2 5 4,5,-21.379000
9752,1 4 8 2 8 1 8 1 4,7,-21.379000
9753,1 4 6 7 7 4 4 7 0,2,-11.743500
9754,7 7 5 1 4 4 1 6 3,4,-23.449000
9755,1 7 8 6 4 3 0 3 4,5,-41.283000
9756,0 5 1 1 5 5 2 0 4,8,-19.625500
9757,1 6 2 4 5 1 5 1 1,7,-5.615000
9758,4 0 0 4 3 0 7 0 4,5,-17.872000
9759,8 3 0 7 0 1 6 8 3,7,-41.283000
9760,4 4 2 7 0 6 4 0 3,4,-19.625500
9761,0 4 2 5 8 1 2 7 0,7,-21.379000
9762,1 0 3 7 0 8 6 6 8,6,-29.577500
9763,2 2 6 1 5 8 8 6 7,6,-43.576500
9764,2 4 8 1 3 7 1 8 1,7,-21.379000
9765,3 5 1 6 7 6 7 8 8,5,-65.774000
9766,1 3 1 4 7 8 6 6 2,5,-21.379000
9767,6 5 7 8 5 5 8 7 1,6,-65.774000
9768,6 3 5 0 1 5 7 5 4,6,-53.528500
9769,2 3 8 6 5 7 2 4 8,6,-53.528500
9770,7 5 5 4 0 5 7 0 4,5,-65.774000
9771,3 6 5 0 6 3 1 7 0,6,-29.577500
9772,8 8 3 3 3 5 4 0 0,8,-41.283000
9773,6 0 5 5 0 3 4 0 0,7,-17.872000
9774,6 5 0 7 3 4 5 8 1,6,-53.528500
9775,4 7 5 4 1 7 2 1 4,4,-13.497000
9776,0 8 6 6 8 7 2 7 4,4,-49.875000
9777,4 8 8 3 8 2 3 0 7,7,-41.283000
9778,6 8 6 3 8 2 0 2 4,6,-31.331000
9779,8 4 1 5 3 5 8 3 7,7,-65.774000
9780,0 2 1 1 1 4 2 2 4,7,-17.872000
9781,7 4 2 8 0 2 2 6 6,5,-21.379000
9782,2 1 8 0 0 6 0 2 0,8,-17.872000
9783,8 7 4 6 2 5 7 3 7,4,-53.528500
9784,4 1 5 7 6 4 8 2 0,5,-21.379000
9785,0 4 7 2 8 5 7 4 5,5,-65.774000
9786,8 7 5 7 7 6 8 4 3,4,-72.072500
9787,3 5 3 0 4 7 7 8 6,5,-41.283000
9788,4 5 3 3 8 6 6 7 5,5,-65.774000
9789,5 8 8 6 2 3 1 3 7,7,-41.283000
9790,5 0 4 0 5 8 0 4 5,7,-65.774000
9791,3 4 1 4 7 4 2 0 7,4,-19.625500
9792,3 2 2 8 8 6 3 5 8,8,-53.528500
9793,5 5 3 3 2 6 6 3 5,7,-41.283000
9794,3 5 7 4 6 1 7 2 5,5,-41.283000
9795,5 2 4 4 2 8 4 3 6,5,-41.283000
9796,5 7 7 1 2 2 5 7 8,6,-43.576500
9797,3 8 4 1 4 8 8 3 8,7,-78.371000
9798,2 1 4 0 8 0 6 4 7,5,-17.872000
9799,6 6 5 8 2 7 8 6 3,5,-65.774000
9800,0 6 3 3 8 0 1 0 5,8,-29.577500
9801,3 6 8 2 5 2 5 2 4,7,-41.283000
9802,1 2 8 5 7 3 5 0 1,8,-31.331000
9803,8 0 5 2 7 4 5 3 0,7,-41.283000
9804,6 1 1 0 2 3 6 8 4,6,-19.625500
9805,7 7 4 3 2 0 4 5 3,5,-41.283000
9806,5 6 4 8 7 8 3 4 1,5,-65.774000
9807,6 3 4 4 4 3 5 2 0,5,-41.283000
9808,8 2 2 4 4 0 3 7 7,5,-21.379000
9809,7 1 8 0 7 5 8 0 3,7,-41.283000
9810,6 6 7 2 1 7 1 4 1,4,-5.615000
9811,7 0 1 8 5 3 2 8 6,7,-41.283000
9812,0 7 1 0 7 1 6 3 0,6,-17.872000
9813,7 0 5 2 1 6 6 3 3,6,-31.331000
9814,8 4 8 6 7 0 6 8 0,5,-78.371000
9815,7 5 8 6 3 4 0 3 7,5,-41.283000
9816,7 8 4 3 5 4 8 8 2,6,-72.072500
9817,8 6 0 6 8 5 7 3 1,6,-53.528500
9818,6 1 6 5 0 1 4 0 1,6,-11.743500
9819,8 4 1 5 3 5 2 3 3,8,-41.283000
9820,5 5 1 4 4 3 7 6 8,5,-65.774000
9821,6 3 2 5 6 1 5 5 2,7,-41.283000
9822,0 0 5 6 1 4 5 1 4,6,-17.872000
9823,8 1 0 7 0 6 2 6 5,6,-19.625500
9824,4 4 4 4 7 0 1 8 3,4,-29.577500
9825,4 6 8 4 1 6 2 8 1,5,-21.379000
9826,2 2 6 8 8 2 4 5 4,6,-43.576500
9827,1 4 5 3 3 4 0 6 3,6,-41.283000
9828,4 8 8 6 5 6 6 4 3,4,-72.072500
9829,4 4 3 3 2 2 0 7 5,6,-31.331000
9830,5 7 8 7 3 3 4 3 7,5,-41.283000
9831,7 2 1 2 2 8 0 1 4,7,-21.379000
9832,4 4 1 6 8 5 5 0 6,5,-65.774000
9833,5 7 2 4 5 7 3 5 1,6,-53.528500
9834,8 2 6 2 3 0 2 2 5,8,-21.379000
9835,8 1 8 5 7 8 8 0 0,8,-72.072500
9836,2 4 6 2 3 7 4 6 0,4,-21.379000
9837,4 5 7 7 4 0 2 1 3,5,-21.379000
9838,0 0 2 0 3 8 5 3 5,9,-41.283000
9839,7 8 6 5 0 6 5 3 2,6,-53.528500
9840,6 5 6 5 5 5 2 1 8,7,-65.774000
9841,2 4 1 1 6 8 4 2 3,6,-21.379000
9842,6 2 5 4 6 0 2 2 4,5,-21.379000
9843,7 2 8 1 8 1 3 3 1,8,-31.331000
9844,5 8 3 0 4 4 1 8 5,7,-65.774000
9845,7 1 4 8 8 0 8 7 4,5,-78.371000
9846,7 8 1 5 0 8 1 1 1,8,-11.743500
9847,0 3 2 1 5 8 4 2 0,8,-21.379000
9848,8 3 4 4 6 1 0 5 4,5,-41.283000
9849,7 0 4 5 3 6 7 2 7,4,-31.331000
9850,6 7 5 6 1 5 7 3 0,5,-41.283000
9851,8 5 2 5 7 4 2 8 8,7,-65.774000
9852,0 1 1 2 5 8 0 2 2,9,-21.379000
9853,5 2 4 4 6 6 1 8 4,4,-43.576500
9854,1 7 7 1 1 7 5 3 2,6,-13.497000
9855,7 7 5 3 3 5 4 5 1,6,-53.528500
9856,4 5 2 7 6 3 6 1 7,4,-31.331000
9857,7 3 8 6 4 8 8 8 0,6,-78.371000
9858,8 0 4 4 7 4 6 6 2,3,-21.379000
9859,7 0 6 2 6 8 3 0 1,6,-19.625500
9860,7 7 5 2 3 5 4 2 0,6,-31.331000
9861,3 5 3 3 6 8 7 3 4,6,-41.283000
9862,2 3 4 4 5 3 0 6 5,6,-41.283000
9863,3 2 7 7 5 0 6 6 5,5,-41.283000
9864,0 7 2 8 8 6 7 6 1,5,-21.379000
9865,8 2 4 3 5 8 6 3 6,6,-53.528500
9866,0 4 2 2 3 2 4 0 5,7,-21.379000
9867,5 4 4 0 1 2 7 6 2,5,-21.379000
9868,1 7 2 8 2 7 0 6 6,5,-21.379000
9869,4 8 6 0 7 2 2 4 1,5,-21.379000
9870,1 2 7 7 3 2 1 8 0,7,-21.379000
9871,5 0 5 6 4 8 7 2 3,6,-53.528500
9872,3 0 3 5 2 5 4 2 6,7,-41.283000
9873,2 7 7 4 3 0 1 0 3,6,-19.625500
9874,5 2 5 6 4 5 5 8 8,7,-65.774000
9875,6 3 6 5 5 2 2 2 6,6,-31.331000
9876,2 2 4 7 2 8 6 8 0,6,-21.379000
9877,7 1 6 6 8 7 1 6 3,4,-23.449000
9878,7 6 5 0 5 4 5 5 2,6,-65.774000
9879,5 0 5 1 6 6 8 4 6,5,-65.774000
9880,6 2 1 7 6 3 2 4 6,4,-21.379000
9881,2 4 0 8 1 2 7 5 5,7,-21.379000
9882,3 2 7 0 4 1 2 2 0,7,-21.379000
9883,7 4 2 3 3 7 3 2 5,6,-41.283000
9884,0 0 4 6 3 4 2 6 1,5,-17.872000
9885,4 2 2 0 6 3 1 4 0,6,-19.625500
9886,8 3 1 0 6 8 1 2 0,8,-19.625500
9887,0 6 0 6 7 6 2 2 3,5,-21.379000
9888,3 8 1 8 7 5 7 4 2,6,-53.528500
9889,4 4 1 2 2 3 2 5 1,7,-21.379000
9890,7 1 2 2 4 7 7 7 6,3,-21.379000
9891,7 2 8 1 3 2 0 3 7,7,-21.379000
9892,2 4 6 4 2 8 6 8 1,5,-21.379000
9893,4 7 2 1 0 7 6 0 2,5,-17.872000
9894,8 7 3 8 6 2 3 1 2,7,-41.283000
9895,6 0 2 4 0 5 7 1 3,6,-19.625500
9896,3 5 1 3 6 0 8 5 4,7,-41.283000
9897,8 2 8 3 8 5 5 6 8,8,-72.072500
9898,7 1 2 2 2 5 8 6 1,7,-21.379000
9899,0 1 5 2 6 6 4 8 1,6,-19.625500
9900,6 6 0 5 2 3 1 3 4,6,-31.331000
9901,1 3 7 3 7 0 2 5 2,7,-21.379000
9902,2 4 7 6 6 0 4 2 7,3,-21.379000
9903,3 0 8 8 5 8 3 1 5,9,-65.774000
9904,6 0 1 6 0 7 0 1 5,6,-17.872000
9905,3 1 0 4 3 6 3 7 5,6,-41.283000
9906,5 3 2 4 4 7 3 0 7,5,-41.283000
9907,1 4 4 3 6 5 1 0 0,6,-17.872000
9908,3 5 6 4 4 4 7 8 1,4,-53.528500
9909,5 7 5 6 4 7 2 6 8,4,-65.774000
9910,5 7 4 5 2 8 4 7 1,5,-65.774000
9911,6 2 6 3 7 3 1 4 0,5,-21.379000
9912,2 8 7 0 2 6 5 2 4,6,-21.379000
9913,1 4 6 2 3 4 2 8 2,6,-21.379000
9914,0 0 8 4 0 6 4 5 2,6,-19.625500
9915,4 2 5 8 3 8 4 1 2,7,-41.283000
9916,0 4 1 0 2 7 3 2 8,7,-21.379000
9917,2 1 8 4 3 6 4 4 8,5,-41.283000
9918,7 3 2 8 0 3 1 5 5,8,-41.283000
9919,1 8 4 4 0 1 1 4 4,5,-5.615000
9920,5 3 4 7 2 5 1 6 8,6,-53.528500
9921,7 8 1 2 5 3 0 2 2,8,-21.379000
9922,1 4 0 5 1 4 6 3 0,6,-17.872000
9923,5 4 3 7 5 4 0 1 0,6,-29.577500
9924,5 7 8 7 2 8 7 6 1,5,-65.774000
9925,6 1 3 7 8 4 4 2 7,4,-31.331000
9926,1 2 3 8 1 1 4 1 8,8,-13.497000
9927,6 0 8 6 3 6 3 3 1,6,-41.283000
9928,1 0 2 8 3 8 7 1 3,8,-31.331000
9929,5 2 1 0 0 8 7 3 1,8,-19.625500
9930,4 8 8 7 2 2 2 1 3,7,-21.379000
9931,2 6 0 3 3 8 4 7 7,5,-41.283000
9932,0 6 5 1 7 0 2 4 0,6,-17.872000
9933,0 6 5 6 5 2 2 1 1,7,-21.379000
9934,3 5 4 7 1 0 4 0 7,5,-17.872000
9935,3 1 6 3 0 0 1 6 5,7,-17.872000
9936,6 2 0 5 0 6 1 5 6,6,-19.625500
9937,5 0 0 1 5 1 8 0 2,9,-17.872000
9938,1 7 7 4 4 8 8 1 1,5,-5.615000
9939,0 5 7 7 0 6 0 3 4,5,-17.872000
9940,8 3 8 8 7 5 3 3 2,8,-53.528500
9941,7 4 3 4 0 7 5 7 8,4,-53.528500
9942,0 1 6 8 1 3 4 0 7,6,-17.872000
9943,7 5 0 8 5 1 4 0 3,7,-41.283000
9944,1 8 0 6 2 7 8 6 6,5,-21.379000
9945,4 4 4 0 0 8 8 3 3,6,-41.283000
9946,3 6 1 4 3 8 7 0 5,6,-41.283000
9947,5 7 1 4 0 5 8 8 7,6,-65.774000
9948,3 3 1 1 7 2 6 5 0,7,-21.379000
9949,3 6 7 0 0 2 8 3 8,7,-41.283000
9950,2 4 7 0 8 7 3 0 6,5,-21.379000
9951,7 0 4 3 7 4 1 2 3,5,-21.379000
9952,6 1 0 6 3 4 7 6 4,3,-17.872000
9953,1 3 7 2 5 8 7 3 2,7,-41.283000
9954,2 3 6 3 2 2 7 2 5,7,-21.379000
9955,1 8 0 5 2 6 8 7 2,7,-21.379000
9956,5 6 1 4 8 7 7 4 0,4,-41.823000
9957,8 6 4 1 8 4 2 8 5,6,-72.072500
9958,5 1 4 1 5 3 1 2 5,8,-31.331000
9959,5 0 4 4 4 8 1 7 3,5,-41.283000
9960,2 8 8 5 7 6 4 6 2,5,-65.774000
9961,4 1 2 1 8 6 0 7 7,5,-17.872000
9962,8 0 0 5 6 3 2 5 3,8,-41.283000
9963,4 1 0 2 5 6 6 4 7,4,-19.625500
9964,4 4 4 4 1 0 7 6 4,2,-11.743500
9965,3 4 7 0 7 0 5 7 0,5,-17.872000
9966,6 6 1 0 1 6 8 7 4,4,-11.743500
9967,8 6 7 3 2 7 8 0 3,6,-41.283000
9968,0 1 3 8 4 0 1 2 7,7,-17.872000
9969,3 2 5 1 4 3 0 4 2,7,-21.379000
9970,8 4 3 1 4 7 3 4 1,5,-41.283000
9971,1 8 8 3 2 1 5 6 5,8,-53.528500
9972,2 4 1 7 3 4 4 7 2,4,-21.379000
9973,8 6 6 4 6 3 3 4 2,4,-41.283000
9974,0 6 7 0 1 4 2 0 3,6,-17.872000
9975,4 8 1 2 0 6 5 1 0,7,-17.872000
9976,2 1 4 4 5 5 5 3 0,7,-41.283000
9977,2 8 3 8 3 6 8 5 1,8,-53.528500
9978,4 1 3 6 4 8 1 5 1,6,-23.449000
9979,7 7 2 6 0 8 3 3 7,5,-41.283000
9980,0 1 0 3 3 3 7 4 7,6,-29.577500
9981,6 5 1 1 8 5 3 3 5,8,-53.528500
9982,0 0 8 3 1 8 6 5 8,8,-53.528500
9983,8 8 1 3 2 3 6 6 5,7,-41.283000
9984,7 1 1 3 4 2 0 0 2,7,-17.872000
9985,7 4 6 7 1 8 1 8 2,5,-21.379000
9986,4 3 4 2 6 7 7 5 4,3,-41.283000
9987,2 5 4 0 8 2 6 0 3,7,-21.379000
9988,1 6 3 7 3 1 0 0 5,7,-17.872000
9989,5 4 5 7 8 2 3 5 4,6,-65.774000
9990,0 7 0 5 4 8 7 2 2,6,-21.379000
9991,6 3 1 4 5 6 8 7 0,5,-41.283000
9992,6 7 8 6 7 4 8 3 7,3,-78.371000
9993,4 2 1 2 6 2 0 7 6,5,-21.379000
9994,4 5 4 8 3 8 0 4 7,5,-65.774000
9995,2 1 7 5 7 6 3 6 6,4,-31.331000
9996,1 4 4 5 3 7 8 8 0,6,-53.528500
9997,4 8 0 0 5 8 6 0 2,7,-21.379000
9998,3 6 8 3 7 3 7 3 6,5,-41.283000
9999,8 4 6 0 3 5 4 0 5,6,-53.528500
10000,2 1 3 4 8 4 3 4 6,5,-41.283000
